app,id,cluster_id,issue_key
Slife,10010000010111,Slife__C0,notification.page_view.other
Slife,10010000010144,Slife__C0,run_walk.step.other
Slife,10010000010155,Slife__C0,run_walk.step.other
Slife,10010000010311,Slife__C0,step_count.step.cannot_or_fail
Slife,10010000010452,Slife__C0,register.page_view.other
Slife,10010000010491,Slife__C0,step_count.other.other
Slife,10010000010557,Slife__C0,run_walk.list_item.other
Slife,10010000010605,Slife__C0,run_walk.step.other
Slife,10010000010629,Slife__C0,share.image_banner.other
Slife,10010000010676,Slife__C0,other.step.wrong_value
Slife,10010000010698,Slife__C0,step_count.page_view.other
Slife,10010000010722,Slife__C0,run_walk.page_view.cannot_or_fail
Slife,10010000010768,Slife__C0,run_walk.step.cannot_or_fail
Slife,10010000010771,Slife__C0,run_walk.step.cannot_or_fail
Slife,10010000010796,Slife__C0,step_count.step.cannot_or_fail
Slife,10010000010834,Slife__C0,run_walk.step.other
Slife,10010000010867,Slife__C0,login.page_view.other
Slife,10010000010877,Slife__C0,step_count.step.cannot_or_fail
Slife,10010000010878,Slife__C0,step_count.list_item.cannot_or_fail
Slife,10010000010897,Slife__C0,step_count.step.cannot_or_fail
Slife,10010000010900,Slife__C0,run_walk.page_view.cannot_or_fail
Slife,10010000010923,Slife__C0,step_count.step.freeze
Slife,10010000010941,Slife__C0,run_walk.list_item.freeze
Slife,10010000010985,Slife__C0,other.step.cannot_or_fail
Slife,10010000010997,Slife__C0,step_count.page_view.other
Slife,10010000011029,Slife__C0,run_walk.step.wrong_value
Slife,10010000011073,Slife__C0,run_walk.other.cannot_or_fail
Slife,10010000011077,Slife__C0,run_walk.other.cannot_or_fail
Slife,10010000011094,Slife__C0,run_walk.step.other
Slife,10010000011198,Slife__C0,run_walk.page_view.wrong_value
Slife,10010000011236,Slife__C0,other.page_view.cannot_or_fail
Slife,10010000011248,Slife__C0,run_walk.step.cannot_or_fail
Slife,10010000011255,Slife__C0,other.step.cannot_or_fail
Slife,10010000011275,Slife__C0,share.page_view.layout_issue
Slife,10010000011322,Slife__C0,other.list_item.other
Slife,10010000011333,Slife__C0,step_count.step.freeze
Slife,10010000011360,Slife__C0,run_walk.step.other
Slife,10010000011370,Slife__C0,login.page_view.other
Slife,10010000011381,Slife__C0,login.button_icon.other
Slife,10010000011441,Slife__C0,run_walk.list_item.other
Slife,10010000011483,Slife__C0,run_walk.list_item.other
Slife,10010000011495,Slife__C0,step_count.list_item.cannot_or_fail
Slife,10010000011553,Slife__C0,run_walk.step.other
Slife,10010000011555,Slife__C0,run_walk.step.other
Slife,10010000011610,Slife__C0,other.page_view.cannot_or_fail
Slife,10010000011611,Slife__C0,step_count.other.other
Slife,10010000011617,Slife__C0,step_count.step.freeze
Slife,10010000011651,Slife__C0,step_count.step.cannot_or_fail
Slife,10010000011701,Slife__C0,login.button_icon.other
Slife,10010000011723,Slife__C0,run_walk.other.cannot_or_fail
Slife,10010000011728,Slife__C0,step_count.step.freeze
Slife,10010000011768,Slife__C0,run_walk.other.wrong_value
Slife,10010000011794,Slife__C0,other.button_icon.cannot_or_fail
Slife,10010000007682,Slife__C1,settings.slider.other
Slife,10010000007683,Slife__C1,settings.button_icon.other
Slife,10010000009911,Slife__C1,step_count.step.cannot_or_fail
Slife,10010000009927,Slife__C1,login.page_view.other
Slife,10010000009940,Slife__C1,step_count.page_view.other
Slife,10010000009983,Slife__C1,run_walk.other.cannot_or_fail
Slife,10010000010091,Slife__C1,settings.other.cannot_or_fail
Slife,10010000010106,Slife__C1,run_walk.page_view.cannot_or_fail
Slife,10010000010135,Slife__C1,step_count.page_view.cannot_or_fail
Slife,10010000010139,Slife__C1,step_count.step.cannot_or_fail
Slife,10010000010151,Slife__C1,step_count.page_view.other
Slife,10010000010162,Slife__C1,run_walk.other.cannot_or_fail
Slife,10010000010163,Slife__C1,settings.page_view.cannot_or_fail
Slife,10010000010182,Slife__C1,share.page_view.cannot_send
Slife,10010000010187,Slife__C1,settings.button_icon.other
Slife,10010000010197,Slife__C1,settings.other.cannot_or_fail
Slife,10010000010203,Slife__C1,settings.other.cannot_or_fail
Slife,10010000010228,Slife__C1,settings.button_icon.cannot_or_fail
Slife,10010000010248,Slife__C1,run_walk.other.cannot_or_fail
Slife,10010000010254,Slife__C1,step_count.page_view.other
Slife,10010000010258,Slife__C1,step_count.page_view.other
Slife,10010000010259,Slife__C1,settings.button_icon.other
Slife,10010000010261,Slife__C1,share.page_view.cannot_or_fail
Slife,10010000010265,Slife__C1,run_walk.page_view.cannot_or_fail
Slife,10010000010274,Slife__C1,run_walk.page_view.cannot_or_fail
Slife,10010000010289,Slife__C1,settings.input_box.other
Slife,10010000010333,Slife__C1,step_count.page_view.other
Slife,10010000010335,Slife__C1,other.step.cannot_or_fail
Slife,10010000010346,Slife__C1,run_walk.page_view.cannot_or_fail
Slife,10010000010375,Slife__C1,settings.button_icon.other
Slife,10010000010488,Slife__C1,share.page_view.cannot_or_fail
Slife,10010000010521,Slife__C1,step_count.page_view.other
Slife,10010000010556,Slife__C1,step_count.page_view.other
Slife,10010000010577,Slife__C1,share.share_panel.no_prompt
Slife,10010000010609,Slife__C1,settings.page_view.cannot_or_fail
Slife,10010000010630,Slife__C1,settings.page_view.cannot_or_fail
Slife,10010000010640,Slife__C1,run_walk.page_view.cannot_or_fail
Slife,10010000010643,Slife__C1,settings.page_view.cannot_or_fail
Slife,10010000010672,Slife__C1,settings.other.cannot_or_fail
Slife,10010000010686,Slife__C1,step_count.page_view.other
Slife,10010000010693,Slife__C1,step_count.page_view.other
Slife,10010000010750,Slife__C1,run_walk.page_view.wrong_value
Slife,10010000010838,Slife__C1,share.share_panel.wrong_value
Slife,10010000010898,Slife__C1,run_walk.page_view.wrong_value
Slife,10010000010970,Slife__C1,settings.page_view.cannot_or_fail
Slife,10010000011005,Slife__C1,run_walk.step.other
Slife,10010000011007,Slife__C1,run_walk.other.cannot_or_fail
Slife,10010000011013,Slife__C1,other.other.cannot_or_fail
Slife,10010000011098,Slife__C1,settings.slider.other
Slife,10010000011122,Slife__C1,run_walk.other.cannot_or_fail
Slife,10010000011129,Slife__C1,other.page_view.layout_issue
Slife,10010000011146,Slife__C1,run_walk.other.cannot_or_fail
Slife,10010000011235,Slife__C1,gps_track.gps.other
Slife,10010000011249,Slife__C1,step_count.page_view.cannot_or_fail
Slife,10010000011263,Slife__C1,step_count.step.wrong_value
Slife,10010000011295,Slife__C1,run_walk.other.wrong_value
Slife,10010000011330,Slife__C1,settings.step.cannot_or_fail
Slife,10010000011353,Slife__C1,step_count.page_view.wrong_value
Slife,10010000011444,Slife__C1,run_walk.other.cannot_or_fail
Slife,10010000011507,Slife__C1,login.other.cannot_or_fail
Slife,10010000011512,Slife__C1,share.image_banner.other
Slife,10010000011524,Slife__C1,step_count.step.cannot_or_fail
Slife,10010000011542,Slife__C1,settings.button_icon.cannot_or_fail
Slife,10010000011562,Slife__C1,step_count.other.other
Slife,10010000011591,Slife__C1,run_walk.page_view.cannot_or_fail
Slife,10010000011600,Slife__C1,settings.button_icon.other
Slife,10010000011612,Slife__C1,settings.page_view.cannot_or_fail
Slife,10010000011659,Slife__C1,other.page_view.layout_issue
Slife,10010000011660,Slife__C1,settings.other.cannot_or_fail
Slife,10010000011706,Slife__C1,settings.button_icon.other
Slife,10010000011714,Slife__C1,login.page_view.other
Slife,10010000011748,Slife__C1,share.page_view.cannot_share
Slife,10010000011755,Slife__C1,settings.page_view.no_prompt
Slife,10010000011763,Slife__C1,step_count.page_view.other
Slife,10010000011773,Slife__C1,run_walk.page_view.cannot_or_fail
Slife,10010000010598,Slife__C10,step_count.step.wrong_value
Slife,10010000010817,Slife__C10,step_count.other.other
Slife,10010000011136,Slife__C10,step_count.other.other
Slife,10010000011783,Slife__C10,step_count.page_view.other
Slife,10010000010406,Slife__C11,other.other.wrong_value
Slife,10010000011504,Slife__C12,step_count.page_view.cannot_or_fail
Slife,10010000011581,Slife__C12,other.other.cannot_or_fail
Slife,10010000011799,Slife__C13,run_walk.step.other
Slife,10010000010612,Slife__C14,step_count.step.freeze
Slife,10010000007566,Slife__C15,register.page_view.other
Slife,10010000011038,Slife__C15,step_count.page_view.other
Slife,10010000011376,Slife__C15,other.page_view.cannot_or_fail
Slife,10010000010884,Slife__C16,run_walk.step.other
Slife,10010000011551,Slife__C16,run_walk.other.cannot_or_fail
Slife,10010000010042,Slife__C17,other.other.cannot_or_fail
Slife,10010000010337,Slife__C17,share.page_view.cannot_share
Slife,10010000010481,Slife__C17,run_walk.list_item.other
Slife,10010000010542,Slife__C17,other.other.cannot_or_fail
Slife,10010000010711,Slife__C17,other.step.cannot_or_fail
Slife,10010000011540,Slife__C17,step_count.list_item.wrong_value
Slife,10010000011678,Slife__C17,settings.page_view.cannot_or_fail
Slife,10010000010550,Slife__C18,share.button_icon.other
Slife,10010000010995,Slife__C18,share.share_panel.cannot_or_fail
Slife,10010000010455,Slife__C19,run_walk.page_view.cannot_or_fail
Slife,10010000010538,Slife__C19,gps_track.gps.other
Slife,10010000011268,Slife__C19,other.other.cannot_or_fail
Slife,10010000011409,Slife__C19,run_walk.page_view.wrong_value
Slife,10010000011449,Slife__C19,step_count.page_view.wrong_value
Slife,10010000011559,Slife__C19,other.step.wrong_value
Slife,10010000007417,Slife__C2,share.button_icon.other
Slife,10010000007539,Slife__C2,share.share_panel.cannot_send
Slife,10010000007541,Slife__C2,share.button_icon.cannot_send
Slife,10010000010057,Slife__C2,share.share_panel.crash
Slife,10010000010121,Slife__C2,share.button_icon.other
Slife,10010000010154,Slife__C2,share.page_view.cannot_or_fail
Slife,10010000010212,Slife__C2,share.list_item.other
Slife,10010000010223,Slife__C2,register.page_view.cannot_or_fail
Slife,10010000010237,Slife__C2,share.share_panel.cannot_or_fail
Slife,10010000010240,Slife__C2,share.button_icon.other
Slife,10010000010271,Slife__C2,share.share_panel.wrong_value
Slife,10010000010288,Slife__C2,share.button_icon.other
Slife,10010000010312,Slife__C2,share.share_panel.cannot_send
Slife,10010000010340,Slife__C2,share.share_panel.crash
Slife,10010000010352,Slife__C2,share.button_icon.cannot_share
Slife,10010000010353,Slife__C2,share.share_panel.cannot_send
Slife,10010000010373,Slife__C2,step_count.page_view.other
Slife,10010000010380,Slife__C2,share.share_panel.wrong_value
Slife,10010000010392,Slife__C2,share.button_icon.other
Slife,10010000010417,Slife__C2,share.share_panel.wrong_value
Slife,10010000010426,Slife__C2,share.chat.cannot_or_fail
Slife,10010000010434,Slife__C2,share.button_icon.load_fail
Slife,10010000010435,Slife__C2,share.image_banner.other
Slife,10010000010437,Slife__C2,share.button_icon.load_fail
Slife,10010000010477,Slife__C2,share.share_panel.wrong_value
Slife,10010000010506,Slife__C2,share.page_view.wrong_value
Slife,10010000010512,Slife__C2,share.share_panel.cannot_or_fail
Slife,10010000010544,Slife__C2,share.chat.other
Slife,10010000010554,Slife__C2,share.page_view.wrong_value
Slife,10010000010560,Slife__C2,share.image_banner.other
Slife,10010000010582,Slife__C2,share.share_panel.cannot_send
Slife,10010000010607,Slife__C2,share.share_panel.cannot_send
Slife,10010000010619,Slife__C2,login.button_icon.other
Slife,10010000010622,Slife__C2,share.page_view.cannot_share
Slife,10010000010655,Slife__C2,share.share_panel.cannot_send
Slife,10010000010680,Slife__C2,other.other.cannot_or_fail
Slife,10010000010683,Slife__C2,share.button_icon.cannot_share
Slife,10010000010755,Slife__C2,share.image_banner.other
Slife,10010000010769,Slife__C2,share.share_panel.cannot_or_fail
Slife,10010000010791,Slife__C2,share.page_view.cannot_or_fail
Slife,10010000010801,Slife__C2,share.share_panel.cannot_send
Slife,10010000010837,Slife__C2,share.share_panel.cannot_or_fail
Slife,10010000010848,Slife__C2,share.chat.cannot_or_fail
Slife,10010000010849,Slife__C2,share.image_banner.other
Slife,10010000010851,Slife__C2,share.image_banner.other
Slife,10010000010857,Slife__C2,share.page_view.wrong_value
Slife,10010000010861,Slife__C2,share.share_panel.wrong_value
Slife,10010000010869,Slife__C2,share.image_banner.other
Slife,10010000010888,Slife__C2,share.page_view.cannot_share
Slife,10010000010918,Slife__C2,share.share_panel.cannot_or_fail
Slife,10010000010942,Slife__C2,step_count.step.cannot_or_fail
Slife,10010000010949,Slife__C2,share.chat.wrong_value
Slife,10010000010962,Slife__C2,share.page_view.no_prompt
Slife,10010000010971,Slife__C2,share.share_panel.cannot_or_fail
Slife,10010000010975,Slife__C2,share.share_panel.wrong_value
Slife,10010000010999,Slife__C2,share.image_banner.other
Slife,10010000011012,Slife__C2,share.page_view.wrong_value
Slife,10010000011016,Slife__C2,login.share_panel.other
Slife,10010000011026,Slife__C2,share.share_panel.load_fail
Slife,10010000011033,Slife__C2,share.share_panel.crash
Slife,10010000011035,Slife__C2,other.page_view.cannot_or_fail
Slife,10010000011053,Slife__C2,share.button_icon.other
Slife,10010000011075,Slife__C2,share.page_view.cannot_share
Slife,10010000011076,Slife__C2,share.share_panel.cannot_or_fail
Slife,10010000011092,Slife__C2,share.page_view.wrong_value
Slife,10010000011103,Slife__C2,share.button_icon.other
Slife,10010000011105,Slife__C2,share.chat.other
Slife,10010000011113,Slife__C2,share.page_view.layout_issue
Slife,10010000011114,Slife__C2,share.chat.other
Slife,10010000011128,Slife__C2,share.share_panel.cannot_send
Slife,10010000011138,Slife__C2,share.share_panel.crash
Slife,10010000011152,Slife__C2,step_count.page_view.other
Slife,10010000011153,Slife__C2,share.share_panel.load_fail
Slife,10010000011177,Slife__C2,share.page_view.cannot_share
Slife,10010000011180,Slife__C2,share.button_icon.other
Slife,10010000011187,Slife__C2,share.button_icon.other
Slife,10010000011209,Slife__C2,share.page_view.wrong_value
Slife,10010000011222,Slife__C2,step_count.page_view.other
Slife,10010000011223,Slife__C2,share.chat.wrong_value
Slife,10010000011229,Slife__C2,login.share_panel.other
Slife,10010000011245,Slife__C2,share.button_icon.other
Slife,10010000011250,Slife__C2,share.button_icon.cannot_send
Slife,10010000011251,Slife__C2,share.button_icon.cannot_send
Slife,10010000011253,Slife__C2,share.button_icon.other
Slife,10010000011274,Slife__C2,share.share_panel.cannot_send
Slife,10010000011279,Slife__C2,share.button_icon.other
Slife,10010000011280,Slife__C2,share.share_panel.load_fail
Slife,10010000011281,Slife__C2,share.share_panel.cannot_or_fail
Slife,10010000011285,Slife__C2,share.button_icon.other
Slife,10010000011302,Slife__C2,share.page_view.wrong_value
Slife,10010000011303,Slife__C2,share.image_banner.other
Slife,10010000011312,Slife__C2,share.share_panel.cannot_send
Slife,10010000011318,Slife__C2,share.share_panel.cannot_send
Slife,10010000011346,Slife__C2,share.share_panel.cannot_send
Slife,10010000011366,Slife__C2,share.share_panel.cannot_send
Slife,10010000011371,Slife__C2,share.button_icon.cannot_share
Slife,10010000011378,Slife__C2,share.button_icon.other
Slife,10010000011400,Slife__C2,share.share_panel.crash
Slife,10010000011405,Slife__C2,share.share_panel.no_prompt
Slife,10010000011408,Slife__C2,share.chat.cannot_or_fail
Slife,10010000011423,Slife__C2,share.image_banner.other
Slife,10010000011426,Slife__C2,share.button_icon.cannot_send
Slife,10010000011427,Slife__C2,share.button_icon.other
Slife,10010000011428,Slife__C2,share.share_panel.load_fail
Slife,10010000011432,Slife__C2,share.page_view.cannot_send
Slife,10010000011434,Slife__C2,share.button_icon.other
Slife,10010000011440,Slife__C2,share.page_view.wrong_value
Slife,10010000011456,Slife__C2,share.share_panel.cannot_or_fail
Slife,10010000011457,Slife__C2,share.share_panel.cannot_or_fail
Slife,10010000011470,Slife__C2,share.share_panel.cannot_or_fail
Slife,10010000011471,Slife__C2,share.share_panel.wrong_value
Slife,10010000011488,Slife__C2,share.list_item.cannot_share
Slife,10010000011513,Slife__C2,share.button_icon.other
Slife,10010000011523,Slife__C2,share.share_panel.wrong_value
Slife,10010000011531,Slife__C2,share.share_panel.cannot_send
Slife,10010000011539,Slife__C2,run_walk.other.cannot_or_fail
Slife,10010000011550,Slife__C2,share.chat.other
Slife,10010000011561,Slife__C2,share.share_panel.cannot_or_fail
Slife,10010000011572,Slife__C2,share.page_view.cannot_share
Slife,10010000011575,Slife__C2,share.list_item.other
Slife,10010000011593,Slife__C2,share.page_view.cannot_share
Slife,10010000011596,Slife__C2,notification.page_view.other
Slife,10010000011620,Slife__C2,share.share_panel.cannot_send
Slife,10010000011630,Slife__C2,share.page_view.cannot_or_fail
Slife,10010000011634,Slife__C2,share.button_icon.cannot_share
Slife,10010000011680,Slife__C2,share.share_panel.wrong_value
Slife,10010000011703,Slife__C2,gps_track.gps.other
Slife,10010000011709,Slife__C2,share.button_icon.cannot_share
Slife,10010000011724,Slife__C2,share.button_icon.other
Slife,10010000011725,Slife__C2,share.button_icon.other
Slife,10010000011733,Slife__C2,share.share_panel.wrong_value
Slife,10010000011759,Slife__C2,share.list_item.cannot_share
Slife,10010000011761,Slife__C2,share.share_panel.wrong_value
Slife,10010000011767,Slife__C2,share.page_view.cannot_share
Slife,10010000011776,Slife__C2,share.share_panel.cannot_send
Slife,10010000011795,Slife__C2,run_walk.other.cannot_or_fail
Slife,10010000011797,Slife__C2,share.share_panel.cannot_send
Slife,10010000007425,Slife__C3,other.step.cannot_or_fail
Slife,10010000007531,Slife__C3,settings.slider.other
Slife,10010000007533,Slife__C3,settings.button_icon.other
Slife,10010000007769,Slife__C3,run_walk.page_view.cannot_or_fail
Slife,10010000007793,Slife__C3,settings.step.cannot_or_fail
Slife,10010000009870,Slife__C3,step_count.step.cannot_or_fail
Slife,10010000010013,Slife__C3,settings.step.other
Slife,10010000010031,Slife__C3,run_walk.step.other
Slife,10010000010153,Slife__C3,settings.step.other
Slife,10010000010226,Slife__C3,run_walk.step.other
Slife,10010000010231,Slife__C3,other.page_view.cannot_or_fail
Slife,10010000010267,Slife__C3,settings.button_icon.other
Slife,10010000010277,Slife__C3,settings.step.other
Slife,10010000010670,Slife__C3,step_count.page_view.wrong_value
Slife,10010000010719,Slife__C3,settings.step.other
Slife,10010000010735,Slife__C3,run_walk.step.wrong_value
Slife,10010000010974,Slife__C3,other.list_item.other
Slife,10010000011065,Slife__C3,step_count.page_view.other
Slife,10010000011301,Slife__C3,step_count.step.cannot_or_fail
Slife,10010000011315,Slife__C3,step_count.page_view.other
Slife,10010000011476,Slife__C3,run_walk.step.cannot_or_fail
Slife,10010000011570,Slife__C3,step_count.page_view.cannot_or_fail
Slife,10010000011585,Slife__C3,run_walk.step.other
Slife,10010000011700,Slife__C3,run_walk.step.wrong_value
Slife,10010000011756,Slife__C3,step_count.page_view.other
Slife,10010000007432,Slife__C4,login.page_view.other
Slife,10010000007451,Slife__C4,login.page_view.other
Slife,10010000007504,Slife__C4,other.image_banner.other
Slife,10010000007507,Slife__C4,other.image_banner.other
Slife,10010000007524,Slife__C4,register.page_view.other
Slife,10010000007537,Slife__C4,other.step.cannot_or_fail
Slife,10010000007542,Slife__C4,other.image_banner.other
Slife,10010000007544,Slife__C4,login.page_view.other
Slife,10010000007579,Slife__C4,login.page_view.other
Slife,10010000007709,Slife__C4,register.page_view.no_prompt
Slife,10010000007712,Slife__C4,login.page_view.other
Slife,10010000007713,Slife__C4,settings.page_view.cannot_or_fail
Slife,10010000007714,Slife__C4,settings.page_view.no_prompt
Slife,10010000007718,Slife__C4,login.page_view.other
Slife,10010000007757,Slife__C4,settings.page_view.no_prompt
Slife,10010000007781,Slife__C4,settings.page_view.cannot_or_fail
Slife,10010000007794,Slife__C4,settings.page_view.cannot_or_fail
Slife,10010000010158,Slife__C4,other.page_view.cannot_or_fail
Slife,10010000010357,Slife__C4,other.page_view.layout_issue
Slife,10010000010641,Slife__C4,other.page_view.cannot_or_fail
Slife,10010000011307,Slife__C4,other.page_view.layout_issue
Slife,10010000011422,Slife__C4,other.other.cannot_or_fail
Slife,10010000011431,Slife__C4,step_count.list_item.other
Slife,10010000011609,Slife__C4,other.other.display_missing
Slife,10010000011734,Slife__C4,settings.other.cannot_or_fail
Slife,10010000007428,Slife__C5,register.input_box.other
Slife,10010000007433,Slife__C5,login.other.cannot_or_fail
Slife,10010000007446,Slife__C5,register.other.wrong_value
Slife,10010000007456,Slife__C5,login.page_view.other
Slife,10010000007470,Slife__C5,register.input_box.wrong_value
Slife,10010000007472,Slife__C5,register.input_box.other
Slife,10010000007475,Slife__C5,register.input_box.wrong_value
Slife,10010000007485,Slife__C5,register.page_view.wrong_value
Slife,10010000007494,Slife__C5,register.page_view.other
Slife,10010000007495,Slife__C5,register.page_view.other
Slife,10010000007520,Slife__C5,register.other.wrong_value
Slife,10010000007522,Slife__C5,register.page_view.wrong_value
Slife,10010000007523,Slife__C5,register.other.wrong_value
Slife,10010000007555,Slife__C5,register.input_box.other
Slife,10010000007556,Slife__C5,register.input_box.wrong_value
Slife,10010000007557,Slife__C5,register.other.wrong_value
Slife,10010000007558,Slife__C5,register.other.wrong_value
Slife,10010000007559,Slife__C5,register.other.no_prompt
Slife,10010000007562,Slife__C5,register.page_view.cannot_or_fail
Slife,10010000007594,Slife__C5,login.page_view.cannot_or_fail
Slife,10010000007628,Slife__C5,register.other.cannot_or_fail
Slife,10010000007656,Slife__C5,register.other.wrong_value
Slife,10010000007657,Slife__C5,register.page_view.wrong_value
Slife,10010000007686,Slife__C5,register.page_view.no_prompt
Slife,10010000007763,Slife__C5,login.page_view.other
Slife,10010000007765,Slife__C5,settings.page_view.no_prompt
Slife,10010000007785,Slife__C5,login.other.cannot_or_fail
Slife,10010000007796,Slife__C5,register.other.cannot_or_fail
Slife,10010000007808,Slife__C5,login.other.cannot_or_fail
Slife,10010000010034,Slife__C5,register.page_view.wrong_value
Slife,10010000010149,Slife__C5,register.other.cannot_or_fail
Slife,10010000010218,Slife__C5,other.other.cannot_or_fail
Slife,10010000010278,Slife__C5,share.page_view.wrong_value
Slife,10010000010500,Slife__C5,register.other.no_prompt
Slife,10010000010525,Slife__C5,login.page_view.cannot_or_fail
Slife,10010000010662,Slife__C5,register.other.cannot_or_fail
Slife,10010000010863,Slife__C5,register.page_view.other
Slife,10010000010902,Slife__C5,settings.input_box.other
Slife,10010000010943,Slife__C5,other.other.wrong_value
Slife,10010000011141,Slife__C5,register.other.cannot_or_fail
Slife,10010000011393,Slife__C5,register.page_view.other
Slife,10010000011437,Slife__C5,login.list_item.other
Slife,10010000011683,Slife__C5,share.share_panel.wrong_value
Slife,10010000007547,Slife__C6,other.button_icon.cannot_or_fail
Slife,10010000007585,Slife__C6,other.chat.other
Slife,10010000007635,Slife__C6,search.chat.other
Slife,10010000010009,Slife__C6,share.chat.other
Slife,10010000010194,Slife__C6,search.chat.cannot_or_fail
Slife,10010000010326,Slife__C6,search.button_icon.other
Slife,10010000010420,Slife__C6,search.chat.other
Slife,10010000010571,Slife__C6,search.chat.other
Slife,10010000010595,Slife__C6,search.chat.other
Slife,10010000011023,Slife__C6,settings.button_icon.cannot_or_fail
Slife,10010000011078,Slife__C6,other.chat.other
Slife,10010000011143,Slife__C6,search.button_icon.other
Slife,10010000011165,Slife__C6,search.chat.cannot_or_fail
Slife,10010000011489,Slife__C6,search.button_icon.other
Slife,10010000011529,Slife__C6,search.button_icon.other
Slife,10010000009948,Slife__C7,step_count.step.wrong_value
Slife,10010000009968,Slife__C7,login.list_item.other
Slife,10010000010056,Slife__C7,gps_track.gps.other
Slife,10010000010109,Slife__C7,login.page_view.other
Slife,10010000010161,Slife__C7,step_count.gps.other
Slife,10010000010236,Slife__C7,gps_track.gps.other
Slife,10010000010249,Slife__C7,gps_track.gps.other
Slife,10010000010401,Slife__C7,step_count.gps.other
Slife,10010000010416,Slife__C7,gps_track.gps.cannot_or_fail
Slife,10010000010567,Slife__C7,other.other.display_missing
Slife,10010000010579,Slife__C7,step_count.list_item.other
Slife,10010000010603,Slife__C7,step_count.list_item.other
Slife,10010000010633,Slife__C7,gps_track.list_item.other
Slife,10010000010675,Slife__C7,gps_track.gps.other
Slife,10010000010687,Slife__C7,gps_track.gps.other
Slife,10010000010709,Slife__C7,step_count.step.wrong_value
Slife,10010000010793,Slife__C7,step_count.list_item.other
Slife,10010000010797,Slife__C7,other.other.cannot_or_fail
Slife,10010000010882,Slife__C7,step_count.gps.other
Slife,10010000010886,Slife__C7,gps_track.gps.other
Slife,10010000010937,Slife__C7,run_walk.step.other
Slife,10010000010961,Slife__C7,step_count.list_item.other
Slife,10010000010988,Slife__C7,step_count.step.wrong_value
Slife,10010000011017,Slife__C7,step_count.list_item.cannot_or_fail
Slife,10010000011019,Slife__C7,gps_track.gps.other
Slife,10010000011031,Slife__C7,run_walk.other.cannot_or_fail
Slife,10010000011068,Slife__C7,step_count.list_item.wrong_value
Slife,10010000011123,Slife__C7,step_count.list_item.other
Slife,10010000011149,Slife__C7,step_count.list_item.cannot_or_fail
Slife,10010000011193,Slife__C7,step_count.list_item.other
Slife,10010000011207,Slife__C7,other.step.wrong_value
Slife,10010000011244,Slife__C7,step_count.list_item.other
Slife,10010000011258,Slife__C7,gps_track.gps.other
Slife,10010000011269,Slife__C7,step_count.list_item.wrong_value
Slife,10010000011278,Slife__C7,run_walk.other.wrong_value
Slife,10010000011363,Slife__C7,run_walk.list_item.freeze
Slife,10010000011417,Slife__C7,step_count.list_item.other
Slife,10010000011442,Slife__C7,step_count.page_view.other
Slife,10010000011452,Slife__C7,run_walk.other.cannot_or_fail
Slife,10010000011468,Slife__C7,gps_track.gps.other
Slife,10010000011484,Slife__C7,step_count.page_view.other
Slife,10010000011569,Slife__C7,step_count.other.other
Slife,10010000011784,Slife__C7,step_count.list_item.other
Slife,10010000011787,Slife__C7,gps_track.gps.cannot_or_fail
Slife,10010000007443,Slife__C8,other.other.cannot_or_fail
Slife,10010000011194,Slife__C8,share.page_view.no_prompt
Slife,10010000011293,Slife__C8,share.page_view.cannot_or_fail
Slife,10010000011334,Slife__C8,other.step.wrong_value
Slife,10010000011615,Slife__C8,share.button_icon.other
Slife,10010000010754,Slife__C9,share.button_icon.other
Slife,10010000010890,Slife__C9,share.page_view.cannot_or_fail
Slife,10010000010893,Slife__C9,gps_track.gps.other
Slife,10010000010940,Slife__C9,step_count.list_item.other
Slife,10010000011071,Slife__C9,step_count.page_view.other
Slife,10010000011099,Slife__C9,run_walk.step.other
Slife,10010000011218,Slife__C9,step_count.step.wrong_value
Slife,10010000011347,Slife__C9,run_walk.other.cannot_or_fail
Slife,10010000011374,Slife__C9,gps_track.list_item.other
Slife,10010000011415,Slife__C9,step_count.list_item.wrong_value
Slife,10010000011443,Slife__C9,run_walk.page_view.cannot_or_fail
jayme,10010000008149,jayme__C0,message_send.chat.layout_issue
jayme,10010000008161,jayme__C0,message_send.chat.other
jayme,10010000008172,jayme__C0,other.other.cannot_or_fail
jayme,10010000008176,jayme__C0,other.page_view.other
jayme,10010000008342,jayme__C0,search.list_item.other
jayme,10010000008374,jayme__C0,message_send.list_item.other
jayme,10010000008413,jayme__C0,message_send.page_view.other
jayme,10010000008495,jayme__C0,groupchat.list_item.other
jayme,10010000008507,jayme__C0,groupchat.page_view.wrong_value
jayme,10010000008520,jayme__C0,message_send.list_item.wrong_value
jayme,10010000008538,jayme__C0,search.page_view.layout_issue
jayme,10010000008633,jayme__C0,search.button_icon.layout_issue
jayme,10010000008682,jayme__C0,search.button_icon.other
jayme,10010000008692,jayme__C0,message_send.page_view.layout_issue
jayme,10010000008721,jayme__C0,message_send.page_view.other
jayme,10010000008754,jayme__C0,search.chat.layout_issue
jayme,10010000008776,jayme__C0,groupchat.page_view.wrong_value
jayme,10010000008836,jayme__C0,groupchat.page_view.cannot_or_fail
jayme,10010000008944,jayme__C0,search.button_icon.other
jayme,10010000008981,jayme__C0,search.page_view.layout_issue
jayme,10010000009058,jayme__C0,message_send.list_item.other
jayme,10010000009110,jayme__C0,message_send.page_view.other
jayme,10010000009127,jayme__C0,message_send.page_view.other
jayme,10010000009138,jayme__C0,message_send.page_view.other
jayme,10010000009157,jayme__C0,message_send.list_item.other
jayme,10010000009177,jayme__C0,message_send.page_view.wrong_value
jayme,10010000009187,jayme__C0,message_send.page_view.other
jayme,10010000009233,jayme__C0,groupchat.list_item.other
jayme,10010000009237,jayme__C0,message_send.list_item.other
jayme,10010000009260,jayme__C0,message_send.list_item.wrong_value
jayme,10010000009300,jayme__C0,message_send.page_view.wrong_value
jayme,10010000009306,jayme__C0,message_send.page_view.other
jayme,10010000009332,jayme__C0,search.page_view.cannot_or_fail
jayme,10010000009468,jayme__C0,message_send.page_view.layout_issue
jayme,10010000009494,jayme__C0,search.list_item.other
jayme,10010000009495,jayme__C0,message_send.list_item.other
jayme,10010000009529,jayme__C0,message_send.page_view.other
jayme,10010000009552,jayme__C0,message_send.list_item.other
jayme,10010000009587,jayme__C0,message_send.list_item.other
jayme,10010000009616,jayme__C0,message_send.list_item.other
jayme,10010000009625,jayme__C0,message_send.list_item.other
jayme,10010000009702,jayme__C0,groupchat.list_item.other
jayme,10010000009861,jayme__C0,search.list_item.cannot_or_fail
jayme,10010000009898,jayme__C0,search.list_item.cannot_or_fail
jayme,10010000009924,jayme__C0,search.chat.layout_issue
jayme,10010000009961,jayme__C0,message_send.chat.layout_issue
jayme,10010000007480,jayme__C1,message_send.page_view.other
jayme,10010000007481,jayme__C1,other.button_icon.other
jayme,10010000007625,jayme__C1,message_send.list_item.other
jayme,10010000007626,jayme__C1,message_send.page_view.other
jayme,10010000009412,jayme__C1,comment.page_view.other
jayme,10010000009958,jayme__C1,other.page_view.crash
jayme,10010000009808,jayme__C10,groupchat.chat.permission
jayme,10010000009819,jayme__C10,register.page_view.other
jayme,10010000008141,jayme__C11,message_send.page_view.other
jayme,10010000008217,jayme__C11,groupchat.other.cannot_or_fail
jayme,10010000008418,jayme__C11,message_send.page_view.other
jayme,10010000008745,jayme__C11,groupchat.page_view.other
jayme,10010000008876,jayme__C11,groupchat.page_view.other
jayme,10010000008888,jayme__C11,message_send.chat.cannot_or_fail
jayme,10010000008898,jayme__C11,message_send.page_view.other
jayme,10010000008910,jayme__C11,groupchat.page_view.no_prompt
jayme,10010000008931,jayme__C11,groupchat.chat.no_prompt
jayme,10010000009047,jayme__C11,message_send.page_view.other
jayme,10010000009155,jayme__C11,message_send.page_view.other
jayme,10010000009160,jayme__C11,groupchat.page_view.other
jayme,10010000009212,jayme__C11,message_send.chat.other
jayme,10010000009340,jayme__C11,message_send.chat.cannot_or_fail
jayme,10010000007938,jayme__C12,message_send.input_box.other
jayme,10010000008880,jayme__C12,message_send.input_box.other
jayme,10010000007924,jayme__C13,groupchat.chat.cannot_or_fail
jayme,10010000008811,jayme__C13,groupchat.page_view.other
jayme,10010000008900,jayme__C13,groupchat.other.wrong_value
jayme,10010000009119,jayme__C13,groupchat.page_view.cannot_or_fail
jayme,10010000009336,jayme__C13,message_send.page_view.wrong_value
jayme,10010000009534,jayme__C13,message_send.page_view.other
jayme,10010000009737,jayme__C13,other.list_item.other
jayme,10010000008097,jayme__C14,groupchat.chat.cannot_or_fail
jayme,10010000008193,jayme__C14,search.other.wrong_value
jayme,10010000008383,jayme__C14,other.chat.other
jayme,10010000008707,jayme__C14,groupchat.chat.no_prompt
jayme,10010000009051,jayme__C14,groupchat.page_view.other
jayme,10010000009098,jayme__C14,groupchat.chat.permission
jayme,10010000009282,jayme__C14,groupchat.chat.display_missing
jayme,10010000009483,jayme__C14,other.chat.other
jayme,10010000008358,jayme__C15,settings.page_view.other
jayme,10010000008938,jayme__C16,groupchat.page_view.other
jayme,10010000007880,jayme__C17,groupchat.page_view.cannot_or_fail
jayme,10010000008316,jayme__C17,groupchat.page_view.other
jayme,10010000008711,jayme__C17,groupchat.page_view.other
jayme,10010000008879,jayme__C17,groupchat.other.wrong_value
jayme,10010000008918,jayme__C17,groupchat.page_view.other
jayme,10010000009109,jayme__C17,groupchat.page_view.cannot_or_fail
jayme,10010000009112,jayme__C17,groupchat.image_banner.other
jayme,10010000009223,jayme__C17,groupchat.page_view.permission
jayme,10010000009328,jayme__C17,search.page_view.cannot_or_fail
jayme,10010000009646,jayme__C17,groupchat.chat.cannot_or_fail
jayme,10010000009684,jayme__C17,groupchat.chat.cannot_or_fail
jayme,10010000008509,jayme__C18,groupchat.image_banner.other
jayme,10010000008939,jayme__C18,other.page_view.other
jayme,10010000008963,jayme__C18,groupchat.page_view.other
jayme,10010000009348,jayme__C18,other.page_view.crash
jayme,10010000009535,jayme__C18,search.page_view.layout_issue
jayme,10010000008288,jayme__C19,other.other.wrong_value
jayme,10010000008571,jayme__C19,other.button_icon.cannot_or_fail
jayme,10010000008912,jayme__C19,notification.other.other
jayme,10010000009178,jayme__C19,message_send.chat.other
jayme,10010000009361,jayme__C19,groupchat.list_item.other
jayme,10010000009409,jayme__C19,other.list_item.other
jayme,10010000009482,jayme__C19,other.other.cannot_or_fail
jayme,10010000007923,jayme__C2,search.other.no_prompt
jayme,10010000007927,jayme__C2,other.list_item.other
jayme,10010000007953,jayme__C2,groupchat.chat.cannot_or_fail
jayme,10010000007989,jayme__C2,groupchat.page_view.cannot_or_fail
jayme,10010000008008,jayme__C2,groupchat.page_view.no_prompt
jayme,10010000008021,jayme__C2,search.chat.wrong_value
jayme,10010000008024,jayme__C2,groupchat.page_view.other
jayme,10010000008062,jayme__C2,search.page_view.no_prompt
jayme,10010000008068,jayme__C2,message_send.list_item.other
jayme,10010000008069,jayme__C2,search.button_icon.other
jayme,10010000008088,jayme__C2,search.page_view.no_prompt
jayme,10010000008090,jayme__C2,other.chat.other
jayme,10010000008121,jayme__C2,other.other.no_prompt
jayme,10010000008128,jayme__C2,search.page_view.no_prompt
jayme,10010000008153,jayme__C2,groupchat.chat.no_prompt
jayme,10010000008168,jayme__C2,groupchat.page_view.permission
jayme,10010000008185,jayme__C2,groupchat.chat.layout_issue
jayme,10010000008197,jayme__C2,groupchat.page_view.other
jayme,10010000008215,jayme__C2,other.other.layout_issue
jayme,10010000008218,jayme__C2,groupchat.button_icon.other
jayme,10010000008241,jayme__C2,search.page_view.no_prompt
jayme,10010000008286,jayme__C2,other.other.cannot_or_fail
jayme,10010000008317,jayme__C2,search.page_view.no_prompt
jayme,10010000008323,jayme__C2,groupchat.chat.cannot_or_fail
jayme,10010000008324,jayme__C2,message_send.page_view.other
jayme,10010000008325,jayme__C2,groupchat.button_icon.other
jayme,10010000008326,jayme__C2,groupchat.chat.cannot_or_fail
jayme,10010000008329,jayme__C2,other.other.no_prompt
jayme,10010000008348,jayme__C2,other.button_icon.other
jayme,10010000008355,jayme__C2,other.other.no_prompt
jayme,10010000008361,jayme__C2,other.chat.cannot_or_fail
jayme,10010000008379,jayme__C2,other.other.layout_issue
jayme,10010000008407,jayme__C2,settings.page_view.other
jayme,10010000008430,jayme__C2,search.other.cannot_or_fail
jayme,10010000008447,jayme__C2,message_send.chat.other
jayme,10010000008449,jayme__C2,groupchat.chat.cannot_or_fail
jayme,10010000008513,jayme__C2,groupchat.image_banner.other
jayme,10010000008523,jayme__C2,other.other.layout_issue
jayme,10010000008542,jayme__C2,search.list_item.other
jayme,10010000008570,jayme__C2,groupchat.page_view.wrong_value
jayme,10010000008594,jayme__C2,groupchat.page_view.permission
jayme,10010000008613,jayme__C2,groupchat.button_icon.other
jayme,10010000008615,jayme__C2,groupchat.chat.layout_issue
jayme,10010000008634,jayme__C2,other.chat.other
jayme,10010000008649,jayme__C2,search.list_item.cannot_or_fail
jayme,10010000008653,jayme__C2,groupchat.page_view.no_prompt
jayme,10010000008679,jayme__C2,other.chat.cannot_or_fail
jayme,10010000008714,jayme__C2,groupchat.button_icon.no_prompt
jayme,10010000008828,jayme__C2,groupchat.page_view.other
jayme,10010000008859,jayme__C2,other.other.layout_issue
jayme,10010000008860,jayme__C2,other.other.no_prompt
jayme,10010000008866,jayme__C2,groupchat.page_view.other
jayme,10010000008890,jayme__C2,groupchat.page_view.other
jayme,10010000008897,jayme__C2,groupchat.chat.display_missing
jayme,10010000008902,jayme__C2,groupchat.page_view.cannot_or_fail
jayme,10010000009017,jayme__C2,groupchat.page_view.wrong_value
jayme,10010000009028,jayme__C2,groupchat.button_icon.other
jayme,10010000009046,jayme__C2,groupchat.button_icon.no_prompt
jayme,10010000009066,jayme__C2,groupchat.chat.cannot_or_fail
jayme,10010000009118,jayme__C2,groupchat.chat.cannot_or_fail
jayme,10010000009130,jayme__C2,groupchat.page_view.other
jayme,10010000009133,jayme__C2,groupchat.page_view.no_prompt
jayme,10010000009153,jayme__C2,other.chat.cannot_or_fail
jayme,10010000009156,jayme__C2,other.page_view.other
jayme,10010000009158,jayme__C2,groupchat.page_view.cannot_or_fail
jayme,10010000009175,jayme__C2,groupchat.button_icon.other
jayme,10010000009204,jayme__C2,groupchat.page_view.no_prompt
jayme,10010000009211,jayme__C2,other.other.layout_issue
jayme,10010000009216,jayme__C2,groupchat.page_view.other
jayme,10010000009218,jayme__C2,groupchat.image_banner.other
jayme,10010000009244,jayme__C2,other.chat.other
jayme,10010000009286,jayme__C2,search.list_item.other
jayme,10010000009304,jayme__C2,groupchat.chat.layout_issue
jayme,10010000009333,jayme__C2,groupchat.page_view.other
jayme,10010000009344,jayme__C2,groupchat.page_view.cannot_or_fail
jayme,10010000009418,jayme__C2,groupchat.chat.cannot_or_fail
jayme,10010000009419,jayme__C2,groupchat.page_view.other
jayme,10010000009462,jayme__C2,other.page_view.other
jayme,10010000009514,jayme__C2,search.button_icon.other
jayme,10010000009540,jayme__C2,groupchat.page_view.other
jayme,10010000009560,jayme__C2,groupchat.other.cannot_or_fail
jayme,10010000009589,jayme__C2,search.chat.cannot_or_fail
jayme,10010000009607,jayme__C2,groupchat.chat.cannot_or_fail
jayme,10010000009611,jayme__C2,notification.other.other
jayme,10010000009655,jayme__C2,other.input_box.other
jayme,10010000009659,jayme__C2,groupchat.image_banner.other
jayme,10010000009705,jayme__C2,groupchat.chat.no_prompt
jayme,10010000009717,jayme__C2,other.other.no_prompt
jayme,10010000009818,jayme__C2,groupchat.chat.cannot_or_fail
jayme,10010000009838,jayme__C2,other.other.cannot_or_fail
jayme,10010000009869,jayme__C2,search.chat.cannot_or_fail
jayme,10010000009886,jayme__C2,other.chat.cannot_or_fail
jayme,10010000009895,jayme__C2,groupchat.chat.cannot_or_fail
jayme,10010000009956,jayme__C2,groupchat.other.wrong_value
jayme,10010000008067,jayme__C3,message_send.chat.cannot_or_fail
jayme,10010000008399,jayme__C3,message_send.chat.cannot_or_fail
jayme,10010000008416,jayme__C3,message_send.chat.crash
jayme,10010000008492,jayme__C3,other.input_box.other
jayme,10010000008493,jayme__C3,message_send.chat.other
jayme,10010000008517,jayme__C3,message_send.chat.crash
jayme,10010000008518,jayme__C3,groupchat.chat.cannot_or_fail
jayme,10010000008519,jayme__C3,message_send.chat.other
jayme,10010000008601,jayme__C3,message_send.input_box.other
jayme,10010000008667,jayme__C3,search.chat.cannot_or_fail
jayme,10010000008668,jayme__C3,message_send.chat.other
jayme,10010000008781,jayme__C3,other.other.cannot_or_fail
jayme,10010000009007,jayme__C3,other.button_icon.cannot_or_fail
jayme,10010000009182,jayme__C3,groupchat.page_view.cannot_or_fail
jayme,10010000009221,jayme__C3,message_send.input_box.other
jayme,10010000009888,jayme__C3,message_send.chat.other
jayme,10010000007514,jayme__C4,register.other.cannot_input
jayme,10010000007615,jayme__C4,other.other.wrong_value
jayme,10010000007892,jayme__C4,register.other.cannot_or_fail
jayme,10010000007965,jayme__C4,register.input_box.cannot_input
jayme,10010000007984,jayme__C4,register.other.cannot_or_fail
jayme,10010000008005,jayme__C4,register.other.other
jayme,10010000008227,jayme__C4,register.other.cannot_or_fail
jayme,10010000008277,jayme__C4,register.other.other
jayme,10010000008338,jayme__C4,register.other.cannot_or_fail
jayme,10010000008380,jayme__C4,register.other.other
jayme,10010000008404,jayme__C4,register.input_box.cannot_input
jayme,10010000008482,jayme__C4,register.other.wrong_value
jayme,10010000008596,jayme__C4,register.other.cannot_or_fail
jayme,10010000008632,jayme__C4,register.other.wrong_value
jayme,10010000008834,jayme__C4,register.page_view.other
jayme,10010000008851,jayme__C4,register.other.cannot_input
jayme,10010000008868,jayme__C4,groupchat.page_view.cannot_or_fail
jayme,10010000009059,jayme__C4,register.page_view.cannot_input
jayme,10010000009466,jayme__C4,register.other.cannot_or_fail
jayme,10010000009472,jayme__C4,register.page_view.cannot_input
jayme,10010000009531,jayme__C4,message_send.other.cannot_or_fail
jayme,10010000009644,jayme__C4,register.other.cannot_or_fail
jayme,10010000009795,jayme__C4,search.other.cannot_or_fail
jayme,10010000009916,jayme__C4,register.other.other
jayme,10010000009919,jayme__C4,search.chat.cannot_or_fail
jayme,10010000007697,jayme__C5,login.button_icon.other
jayme,10010000007702,jayme__C5,login.button_icon.other
jayme,10010000008091,jayme__C5,groupchat.page_view.other
jayme,10010000008334,jayme__C5,shopping.commerce.other
jayme,10010000008593,jayme__C5,shopping.commerce.other
jayme,10010000009654,jayme__C5,comment.page_view.other
jayme,10010000008017,jayme__C6,search.input_box.cannot_or_fail
jayme,10010000008112,jayme__C6,message_send.chat.cannot_or_fail
jayme,10010000008723,jayme__C6,groupchat.page_view.other
jayme,10010000009040,jayme__C6,message_send.chat.other
jayme,10010000009424,jayme__C6,message_send.other.cannot_or_fail
jayme,10010000009430,jayme__C6,message_send.other.cannot_or_fail
jayme,10010000010020,jayme__C6,other.other.cannot_or_fail
jayme,10010000007986,jayme__C7,search.list_item.other
jayme,10010000008042,jayme__C7,search.chat.cannot_or_fail
jayme,10010000008132,jayme__C7,search.button_icon.other
jayme,10010000008162,jayme__C7,search.other.cannot_or_fail
jayme,10010000008220,jayme__C7,search.button_icon.other
jayme,10010000008231,jayme__C7,search.button_icon.cannot_or_fail
jayme,10010000008233,jayme__C7,search.button_icon.other
jayme,10010000008234,jayme__C7,search.button_icon.other
jayme,10010000008244,jayme__C7,search.list_item.other
jayme,10010000008269,jayme__C7,search.other.cannot_or_fail
jayme,10010000008293,jayme__C7,search.input_box.cannot_or_fail
jayme,10010000008297,jayme__C7,search.button_icon.other
jayme,10010000008299,jayme__C7,search.button_icon.cannot_or_fail
jayme,10010000008328,jayme__C7,search.button_icon.layout_issue
jayme,10010000008395,jayme__C7,search.page_view.cannot_or_fail
jayme,10010000008397,jayme__C7,search.chat.wrong_value
jayme,10010000008474,jayme__C7,search.chat.cannot_or_fail
jayme,10010000008480,jayme__C7,other.page_view.other
jayme,10010000008506,jayme__C7,search.button_icon.other
jayme,10010000008544,jayme__C7,search.button_icon.other
jayme,10010000008545,jayme__C7,other.button_icon.other
jayme,10010000008659,jayme__C7,search.list_item.other
jayme,10010000008734,jayme__C7,search.button_icon.other
jayme,10010000008820,jayme__C7,search.list_item.other
jayme,10010000008913,jayme__C7,other.other.cannot_or_fail
jayme,10010000008929,jayme__C7,search.page_view.no_prompt
jayme,10010000008960,jayme__C7,search.button_icon.other
jayme,10010000009032,jayme__C7,search.button_icon.other
jayme,10010000009123,jayme__C7,search.button_icon.other
jayme,10010000009134,jayme__C7,search.list_item.other
jayme,10010000009135,jayme__C7,search.other.no_prompt
jayme,10010000009145,jayme__C7,search.other.cannot_or_fail
jayme,10010000009150,jayme__C7,groupchat.other.cannot_or_fail
jayme,10010000009179,jayme__C7,search.other.no_prompt
jayme,10010000009250,jayme__C7,search.page_view.other
jayme,10010000009265,jayme__C7,search.other.cannot_or_fail
jayme,10010000009308,jayme__C7,search.list_item.other
jayme,10010000009329,jayme__C7,search.button_icon.other
jayme,10010000009397,jayme__C7,search.other.cannot_or_fail
jayme,10010000009422,jayme__C7,search.page_view.other
jayme,10010000009425,jayme__C7,search.list_item.other
jayme,10010000009593,jayme__C7,search.other.cannot_or_fail
jayme,10010000009755,jayme__C7,search.list_item.other
jayme,10010000009793,jayme__C7,search.button_icon.other
jayme,10010000009809,jayme__C7,search.other.cannot_or_fail
jayme,10010000009845,jayme__C7,search.chat.cannot_or_fail
jayme,10010000009848,jayme__C7,search.other.wrong_value
jayme,10010000009874,jayme__C7,search.button_icon.cannot_or_fail
jayme,10010000009942,jayme__C7,search.other.wrong_value
jayme,10010000010000,jayme__C7,search.other.cannot_or_fail
jayme,10010000008546,jayme__C8,playback.audio.other
jayme,10010000008638,jayme__C8,groupchat.chat.cannot_or_fail
jayme,10010000009311,jayme__C8,playback.page_view.other
jayme,10010000009469,jayme__C8,message_send.chat.other
jayme,10010000009569,jayme__C8,playback.audio.other
jayme,10010000009572,jayme__C8,playback.page_view.other
jayme,10010000009624,jayme__C8,playback.audio.other
jayme,10010000009664,jayme__C8,playback.audio.other
jayme,10010000007904,jayme__C9,message_send.page_view.wrong_value
jayme,10010000008364,jayme__C9,search.page_view.cannot_or_fail
jayme,10010000008496,jayme__C9,groupchat.chat.cannot_or_fail
jayme,10010000008887,jayme__C9,groupchat.page_view.other
jayme,10010000009733,jayme__C9,message_send.page_view.other
jayme,10010000009950,jayme__C9,message_send.input_box.other
华为运动,10010000012408,华为运动__C0,other.list_item.other
华为运动,10010000012568,华为运动__C0,step_count.list_item.other
华为运动,10010000012573,华为运动__C0,other.list_item.other
华为运动,10010000012584,华为运动__C0,run_walk.list_item.wrong_value
华为运动,10010000012605,华为运动__C0,other.other.other
华为运动,10010000012619,华为运动__C0,other.step.other
华为运动,10010000012407,华为运动__C1,settings.page_view.other
华为运动,10010000012439,华为运动__C1,step_count.page_view.other
华为运动,10010000012453,华为运动__C1,run_walk.page_view.other
华为运动,10010000012457,华为运动__C1,step_count.list_item.other
华为运动,10010000012514,华为运动__C1,run_walk.page_view.other
华为运动,10010000012532,华为运动__C1,run_walk.page_view.cannot_or_fail
华为运动,10010000012544,华为运动__C1,other.button_icon.other
华为运动,10010000012602,华为运动__C1,other.other.other
华为运动,10010000012606,华为运动__C1,step_count.page_view.other
华为运动,10010000012610,华为运动__C1,other.button_icon.other
华为运动,10010000012622,华为运动__C1,other.other.other
华为运动,10010000012629,华为运动__C1,search.page_view.cannot_or_fail
华为运动,10010000012379,华为运动__C10,gps_track.gps.other
华为运动,10010000012672,华为运动__C11,settings.page_view.other
华为运动,10010000012303,华为运动__C12,login.button_icon.other
华为运动,10010000012376,华为运动__C12,login.page_view.other
华为运动,10010000012391,华为运动__C12,login.page_view.no_prompt
华为运动,10010000012414,华为运动__C12,login.page_view.other
华为运动,10010000012420,华为运动__C12,run_walk.button_icon.other
华为运动,10010000012421,华为运动__C12,other.chat.cannot_or_fail
华为运动,10010000012455,华为运动__C12,other.button_icon.other
华为运动,10010000012472,华为运动__C12,login.page_view.other
华为运动,10010000012496,华为运动__C12,login.button_icon.other
华为运动,10010000012505,华为运动__C12,settings.page_view.other
华为运动,10010000012511,华为运动__C12,login.button_icon.other
华为运动,10010000012528,华为运动__C12,run_walk.page_view.other
华为运动,10010000012548,华为运动__C12,share.page_view.other
华为运动,10010000012553,华为运动__C12,run_walk.page_view.other
华为运动,10010000012567,华为运动__C12,notification.page_view.other
华为运动,10010000012577,华为运动__C12,login.page_view.other
华为运动,10010000012582,华为运动__C12,notification.page_view.other
华为运动,10010000012594,华为运动__C12,settings.page_view.other
华为运动,10010000012600,华为运动__C12,settings.page_view.other
华为运动,10010000012616,华为运动__C12,other.button_icon.other
华为运动,10010000012617,华为运动__C12,settings.page_view.cannot_or_fail
华为运动,10010000012628,华为运动__C12,other.button_icon.other
华为运动,10010000012634,华为运动__C12,run_walk.page_view.other
华为运动,10010000012648,华为运动__C12,login.page_view.other
华为运动,10010000012676,华为运动__C12,other.button_icon.other
华为运动,10010000012432,华为运动__C13,step_count.step.other
华为运动,10010000012415,华为运动__C14,gps_track.gps.other
华为运动,10010000012569,华为运动__C14,run_walk.page_view.cannot_or_fail
华为运动,10010000012646,华为运动__C14,search.page_view.cannot_or_fail
华为运动,10010000012575,华为运动__C15,other.other.other
华为运动,10010000012516,华为运动__C16,step_count.step.other
华为运动,10010000012598,华为运动__C16,other.step.wrong_value
华为运动,10010000012638,华为运动__C16,other.page_view.cannot_or_fail
华为运动,10010000012654,华为运动__C16,other.step.wrong_value
华为运动,10010000012342,华为运动__C17,login.page_view.no_prompt
华为运动,10010000012358,华为运动__C17,settings.page_view.other
华为运动,10010000012403,华为运动__C17,register.other.wrong_value
华为运动,10010000012416,华为运动__C17,settings.page_view.other
华为运动,10010000012461,华为运动__C17,other.chat.cannot_or_fail
华为运动,10010000012477,华为运动__C17,settings.page_view.other
华为运动,10010000012497,华为运动__C17,settings.page_view.other
华为运动,10010000012503,华为运动__C17,register.other.wrong_value
华为运动,10010000012657,华为运动__C17,settings.other.other
华为运动,10010000012661,华为运动__C17,settings.page_view.other
华为运动,10010000012597,华为运动__C18,other.page_view.cannot_or_fail
华为运动,10010000012633,华为运动__C18,other.other.cannot_or_fail
华为运动,10010000012636,华为运动__C18,other.other.other
华为运动,10010000012312,华为运动__C19,run_walk.list_item.cannot_or_fail
华为运动,10010000012352,华为运动__C19,run_walk.list_item.cannot_or_fail
华为运动,10010000012380,华为运动__C19,step_count.step.other
华为运动,10010000012485,华为运动__C19,run_walk.page_view.other
华为运动,10010000012671,华为运动__C19,run_walk.list_item.other
华为运动,10010000012681,华为运动__C19,run_walk.list_item.cannot_or_fail
华为运动,10010000012310,华为运动__C2,other.step.other
华为运动,10010000012398,华为运动__C2,settings.page_view.cannot_or_fail
华为运动,10010000012430,华为运动__C2,share.share_panel.cannot_or_fail
华为运动,10010000012466,华为运动__C2,other.step.other
华为运动,10010000012512,华为运动__C2,share.share_panel.cannot_or_fail
华为运动,10010000012524,华为运动__C2,share.page_view.other
华为运动,10010000012535,华为运动__C2,share.button_icon.other
华为运动,10010000012537,华为运动__C2,run_walk.other.other
华为运动,10010000012559,华为运动__C2,run_walk.other.other
华为运动,10010000012564,华为运动__C2,run_walk.list_item.other
华为运动,10010000012655,华为运动__C2,other.chat.cannot_or_fail
华为运动,10010000012667,华为运动__C2,other.other.other
华为运动,10010000012392,华为运动__C3,step_count.step.other
华为运动,10010000012473,华为运动__C3,step_count.page_view.other
华为运动,10010000012627,华为运动__C3,other.chat.cannot_or_fail
华为运动,10010000012393,华为运动__C4,run_walk.other.other
华为运动,10010000012523,华为运动__C4,other.other.other
华为运动,10010000012345,华为运动__C5,gps_track.gps.wrong_value
华为运动,10010000012355,华为运动__C5,other.other.cannot_or_fail
华为运动,10010000012651,华为运动__C5,other.other.other
华为运动,10010000012463,华为运动__C6,run_walk.page_view.other
华为运动,10010000012491,华为运动__C6,run_walk.list_item.other
华为运动,10010000012499,华为运动__C6,run_walk.list_item.other
华为运动,10010000012502,华为运动__C6,run_walk.list_item.other
华为运动,10010000012558,华为运动__C6,step_count.step.other
华为运动,10010000012578,华为运动__C6,other.other.other
华为运动,10010000012601,华为运动__C6,run_walk.page_view.other
华为运动,10010000012624,华为运动__C6,run_walk.other.other
华为运动,10010000012662,华为运动__C6,run_walk.other.cannot_or_fail
华为运动,10010000012362,华为运动__C7,step_count.page_view.other
华为运动,10010000012371,华为运动__C7,run_walk.list_item.wrong_value
华为运动,10010000012374,华为运动__C7,step_count.step.other
华为运动,10010000012381,华为运动__C7,gps_track.gps.other
华为运动,10010000012384,华为运动__C7,gps_track.gps.other
华为运动,10010000012387,华为运动__C7,run_walk.other.other
华为运动,10010000012429,华为运动__C7,gps_track.gps.other
华为运动,10010000012306,华为运动__C8,step_count.list_item.other
华为运动,10010000012327,华为运动__C8,settings.other.cannot_or_fail
华为运动,10010000012373,华为运动__C8,gps_track.gps.wrong_value
华为运动,10010000012386,华为运动__C8,gps_track.gps.wrong_value
华为运动,10010000012402,华为运动__C8,run_walk.other.cannot_or_fail
华为运动,10010000012454,华为运动__C8,run_walk.page_view.other
华为运动,10010000012459,华为运动__C8,gps_track.gps.wrong_value
华为运动,10010000012465,华为运动__C8,step_count.page_view.other
华为运动,10010000012490,华为运动__C8,gps_track.gps.display_missing
华为运动,10010000012494,华为运动__C8,step_count.step.other
华为运动,10010000012498,华为运动__C8,step_count.page_view.other
华为运动,10010000012519,华为运动__C8,run_walk.button_icon.other
华为运动,10010000012542,华为运动__C8,gps_track.gps.display_missing
华为运动,10010000012549,华为运动__C8,settings.page_view.other
华为运动,10010000012580,华为运动__C8,message_send.chat.other
华为运动,10010000012614,华为运动__C8,message_send.chat.other
华为运动,10010000012632,华为运动__C8,gps_track.gps.other
华为运动,10010000012319,华为运动__C9,settings.other.cannot_or_fail
华为运动,10010000012324,华为运动__C9,settings.other.other
华为运动,10010000012349,华为运动__C9,run_walk.other.other
华为运动,10010000012356,华为运动__C9,settings.other.cannot_or_fail
华为运动,10010000012365,华为运动__C9,settings.other.other
华为运动,10010000012428,华为运动__C9,settings.page_view.other
华为运动,10010000012443,华为运动__C9,run_walk.other.cannot_or_fail
华为运动,10010000012451,华为运动__C9,settings.other.cannot_or_fail
华为运动,10010000012480,华为运动__C9,other.list_item.other
华为运动,10010000012561,华为运动__C9,other.other.cannot_or_fail
华为运动,10010000012572,华为运动__C9,run_walk.page_view.other
华为运动,10010000012585,华为运动__C9,share.button_icon.other
华为运动,10010000012586,华为运动__C9,settings.page_view.cannot_or_fail
华为运动,10010000012623,华为运动__C9,settings.page_view.other
沪江英语,10010000012006,沪江英语__C0,other.other.crash
沪江英语,10010000012212,沪江英语__C0,course.page_view.other
沪江英语,10010000012256,沪江英语__C0,other.other.cannot_or_fail
沪江英语,10010000011929,沪江英语__C1,register.page_view.other
沪江英语,10010000011962,沪江英语__C1,register.page_view.other
沪江英语,10010000011965,沪江英语__C1,register.page_view.other
沪江英语,10010000011969,沪江英语__C1,register.button_icon.other
沪江英语,10010000011970,沪江英语__C1,register.button_icon.other
沪江英语,10010000011978,沪江英语__C1,register.page_view.no_prompt
沪江英语,10010000011988,沪江英语__C1,register.other.other
沪江英语,10010000011989,沪江英语__C1,other.other.other
沪江英语,10010000011994,沪江英语__C1,register.button_icon.other
沪江英语,10010000012001,沪江英语__C1,register.other.wrong_value
沪江英语,10010000012002,沪江英语__C1,register.other.other
沪江英语,10010000012003,沪江英语__C1,login.page_view.other
沪江英语,10010000012014,沪江英语__C1,login.page_view.wrong_value
沪江英语,10010000012017,沪江英语__C1,register.page_view.crash
沪江英语,10010000012020,沪江英语__C1,login.page_view.cannot_or_fail
沪江英语,10010000012024,沪江英语__C1,register.other.other
沪江英语,10010000012031,沪江英语__C1,register.page_view.other
沪江英语,10010000012037,沪江英语__C1,login.other.cannot_or_fail
沪江英语,10010000012039,沪江英语__C1,register.button_icon.other
沪江英语,10010000012043,沪江英语__C1,register.page_view.crash
沪江英语,10010000012046,沪江英语__C1,register.other.cannot_or_fail
沪江英语,10010000012049,沪江英语__C1,other.other.wrong_value
沪江英语,10010000012050,沪江英语__C1,other.other.other
沪江英语,10010000012053,沪江英语__C1,login.other.other
沪江英语,10010000012054,沪江英语__C1,register.share_panel.other
沪江英语,10010000012058,沪江英语__C1,register.other.other
沪江英语,10010000012059,沪江英语__C1,register.other.other
沪江英语,10010000012063,沪江英语__C1,register.other.other
沪江英语,10010000012077,沪江英语__C1,other.other.cannot_or_fail
沪江英语,10010000012095,沪江英语__C1,register.other.other
沪江英语,10010000012137,沪江英语__C1,login.page_view.other
沪江英语,10010000012141,沪江英语__C1,login.page_view.cannot_or_fail
沪江英语,10010000012157,沪江英语__C1,register.page_view.no_prompt
沪江英语,10010000012162,沪江英语__C1,login.other.cannot_or_fail
沪江英语,10010000012165,沪江英语__C1,login.other.cannot_or_fail
沪江英语,10010000012169,沪江英语__C1,login.page_view.other
沪江英语,10010000012179,沪江英语__C1,login.page_view.other
沪江英语,10010000012181,沪江英语__C1,login.other.cannot_or_fail
沪江英语,10010000012188,沪江英语__C1,register.button_icon.other
沪江英语,10010000012240,沪江英语__C1,login.page_view.cannot_or_fail
沪江英语,10010000012242,沪江英语__C1,register.page_view.crash
沪江英语,10010000012245,沪江英语__C1,login.page_view.other
沪江英语,10010000012266,沪江英语__C1,register.button_icon.other
沪江英语,10010000012270,沪江英语__C1,login.page_view.other
沪江英语,10010000012343,沪江英语__C1,register.other.other
沪江英语,10010000012346,沪江英语__C1,login.other.other
沪江英语,10010000012359,沪江英语__C1,register.other.wrong_value
沪江英语,10010000012060,沪江英语__C10,other.other.other
沪江英语,10010000012015,沪江英语__C11,course.list_item.cannot_or_fail
沪江英语,10010000012093,沪江英语__C11,share.list_item.cannot_share
沪江英语,10010000012122,沪江英语__C11,share.list_item.cannot_share
沪江英语,10010000012174,沪江英语__C11,share.list_item.other
沪江英语,10010000012214,沪江英语__C11,share.share_panel.other
沪江英语,10010000012223,沪江英语__C11,share.share_panel.other
沪江英语,10010000012308,沪江英语__C11,share.list_item.other
沪江英语,10010000012105,沪江英语__C12,course.list_item.other
沪江英语,10010000012147,沪江英语__C12,other.other.cannot_or_fail
沪江英语,10010000012258,沪江英语__C12,course.list_item.other
沪江英语,10010000012330,沪江英语__C12,course.page_view.other
沪江英语,10010000012337,沪江英语__C12,course.list_item.crash
沪江英语,10010000012096,沪江英语__C13,other.other.wrong_value
沪江英语,10010000012114,沪江英语__C13,share.list_item.other
沪江英语,10010000012146,沪江英语__C14,course.list_item.other
沪江英语,10010000012265,沪江英语__C14,course.page_view.wrong_value
沪江英语,10010000012271,沪江英语__C14,register.other.cannot_or_fail
沪江英语,10010000012171,沪江英语__C15,course.list_item.other
沪江英语,10010000012199,沪江英语__C15,other.other.other
沪江英语,10010000012202,沪江英语__C15,other.other.other
沪江英语,10010000012138,沪江英语__C16,sort.list_item.other
沪江英语,10010000012012,沪江英语__C17,register.page_view.cannot_or_fail
沪江英语,10010000012016,沪江英语__C17,register.page_view.cannot_or_fail
沪江英语,10010000012277,沪江英语__C17,other.other.cannot_or_fail
沪江英语,10010000012283,沪江英语__C17,sort.page_view.other
沪江英语,10010000012301,沪江英语__C17,share.page_view.cannot_or_fail
沪江英语,10010000012317,沪江英语__C17,other.other.cannot_or_fail
沪江英语,10010000011977,沪江英语__C18,other.other.crash
沪江英语,10010000012207,沪江英语__C18,other.other.other
沪江英语,10010000011958,沪江英语__C19,register.page_view.other
沪江英语,10010000012097,沪江英语__C19,register.other.wrong_value
沪江英语,10010000012102,沪江英语__C19,register.share_panel.other
沪江英语,10010000012013,沪江英语__C2,other.other.other
沪江英语,10010000012091,沪江英语__C2,course.list_item.other
沪江英语,10010000012158,沪江英语__C2,course.page_view.other
沪江英语,10010000012279,沪江英语__C2,course.list_item.other
沪江英语,10010000011963,沪江英语__C3,course.page_view.other
沪江英语,10010000011993,沪江英语__C3,other.other.other
沪江英语,10010000012000,沪江英语__C3,course.list_item.crash
沪江英语,10010000012018,沪江英语__C3,course.page_view.other
沪江英语,10010000012025,沪江英语__C3,login.page_view.other
沪江英语,10010000012026,沪江英语__C3,other.page_view.other
沪江英语,10010000012051,沪江英语__C3,course.page_view.other
沪江英语,10010000012061,沪江英语__C3,login.button_icon.other
沪江英语,10010000012065,沪江英语__C3,login.button_icon.other
沪江英语,10010000012069,沪江英语__C3,sort.list_item.other
沪江英语,10010000012071,沪江英语__C3,course.list_item.other
沪江英语,10010000012072,沪江英语__C3,course.page_view.other
沪江英语,10010000012076,沪江英语__C3,sort.list_item.other
沪江英语,10010000012083,沪江英语__C3,course.page_view.other
沪江英语,10010000012085,沪江英语__C3,sort.page_view.other
沪江英语,10010000012090,沪江英语__C3,course.page_view.other
沪江英语,10010000012098,沪江英语__C3,course.list_item.other
沪江英语,10010000012099,沪江英语__C3,course.page_view.other
沪江英语,10010000012104,沪江英语__C3,course.page_view.other
沪江英语,10010000012107,沪江英语__C3,course.page_view.other
沪江英语,10010000012108,沪江英语__C3,course.page_view.cannot_or_fail
沪江英语,10010000012115,沪江英语__C3,login.page_view.wrong_value
沪江英语,10010000012121,沪江英语__C3,login.page_view.wrong_value
沪江英语,10010000012127,沪江英语__C3,playback.list_item.other
沪江英语,10010000012129,沪江英语__C3,login.button_icon.other
沪江英语,10010000012130,沪江英语__C3,course.button_icon.other
沪江英语,10010000012135,沪江英语__C3,login.button_icon.other
沪江英语,10010000012143,沪江英语__C3,course.page_view.other
沪江英语,10010000012145,沪江英语__C3,course.button_icon.other
沪江英语,10010000012149,沪江英语__C3,course.button_icon.other
沪江英语,10010000012178,沪江英语__C3,sort.other.other
沪江英语,10010000012198,沪江英语__C3,sort.other.other
沪江英语,10010000012201,沪江英语__C3,course.list_item.other
沪江英语,10010000012203,沪江英语__C3,message_send.input_box.cannot_or_fail
沪江英语,10010000012217,沪江英语__C3,course.list_item.other
沪江英语,10010000012220,沪江英语__C3,message_send.input_box.cannot_or_fail
沪江英语,10010000012234,沪江英语__C3,course.button_icon.cannot_or_fail
沪江英语,10010000012236,沪江英语__C3,login.page_view.other
沪江英语,10010000012237,沪江英语__C3,other.other.other
沪江英语,10010000012247,沪江英语__C3,course.button_icon.other
沪江英语,10010000012250,沪江英语__C3,course.button_icon.other
沪江英语,10010000012262,沪江英语__C3,login.button_icon.other
沪江英语,10010000012276,沪江英语__C3,login.button_icon.other
沪江英语,10010000012278,沪江英语__C3,course.page_view.other
沪江英语,10010000012299,沪江英语__C3,course.page_view.cannot_or_fail
沪江英语,10010000012302,沪江英语__C3,course.button_icon.other
沪江英语,10010000012316,沪江英语__C3,course.page_view.cannot_or_fail
沪江英语,10010000012334,沪江英语__C3,course.page_view.other
沪江英语,10010000012011,沪江英语__C4,course.page_view.other
沪江英语,10010000012041,沪江英语__C4,course.list_item.other
沪江英语,10010000012215,沪江英语__C4,course.button_icon.other
沪江英语,10010000012239,沪江英语__C4,course.list_item.cannot_or_fail
沪江英语,10010000012243,沪江英语__C4,course.page_view.other
沪江英语,10010000012251,沪江英语__C4,course.page_view.other
沪江英语,10010000012322,沪江英语__C4,course.list_item.other
沪江英语,10010000011981,沪江英语__C5,course.page_view.cannot_or_fail
沪江英语,10010000012042,沪江英语__C5,login.page_view.other
沪江英语,10010000012081,沪江英语__C5,course.button_icon.cannot_or_fail
沪江英语,10010000012216,沪江英语__C5,course.page_view.cannot_or_fail
沪江英语,10010000012257,沪江英语__C5,register.button_icon.other
沪江英语,10010000012004,沪江英语__C6,login.button_icon.other
沪江英语,10010000012048,沪江英语__C6,other.other.cannot_or_fail
沪江英语,10010000012075,沪江英语__C6,login.other.other
沪江英语,10010000012195,沪江英语__C6,course.page_view.cannot_or_fail
沪江英语,10010000012196,沪江英语__C6,other.page_view.other
沪江英语,10010000012200,沪江英语__C6,search.page_view.cannot_or_fail
沪江英语,10010000012219,沪江英语__C6,search.page_view.cannot_or_fail
沪江英语,10010000012227,沪江英语__C6,course.list_item.cannot_or_fail
沪江英语,10010000012249,沪江英语__C6,course.page_view.cannot_or_fail
沪江英语,10010000012253,沪江英语__C6,share.page_view.cannot_or_fail
沪江英语,10010000012263,沪江英语__C6,course.page_view.other
沪江英语,10010000012281,沪江英语__C6,course.button_icon.other
沪江英语,10010000012285,沪江英语__C6,course.page_view.other
沪江英语,10010000012335,沪江英语__C6,course.page_view.other
沪江英语,10010000012064,沪江英语__C7,other.page_view.other
沪江英语,10010000012209,沪江英语__C7,course.list_item.other
沪江英语,10010000012211,沪江英语__C7,other.other.other
沪江英语,10010000011987,沪江英语__C8,course.page_view.wrong_value
沪江英语,10010000011990,沪江英语__C8,course.page_view.cannot_or_fail
沪江英语,10010000012044,沪江英语__C8,playback.list_item.other
沪江英语,10010000012056,沪江英语__C8,course.list_item.cannot_or_fail
沪江英语,10010000012116,沪江英语__C8,course.page_view.other
沪江英语,10010000012248,沪江英语__C8,course.list_item.other
沪江英语,10010000012168,沪江英语__C9,other.other.other
沪江英语,10010000012272,沪江英语__C9,other.other.crash
途牛,10010000001203,途牛__C0,settings.page_view.other
途牛,10010000002153,途牛__C0,other.page_view.crash
途牛,10010000002188,途牛__C0,other.page_view.cannot_input
途牛,10010000002350,途牛__C0,other.page_view.crash
途牛,10010000002559,途牛__C0,private_chat.page_view.crash
途牛,10010000002683,途牛__C0,message_send.input_box.other
途牛,10010000002746,途牛__C0,other.button_icon.crash
途牛,10010000003002,途牛__C0,settings.page_view.cannot_or_fail
途牛,10010000003003,途牛__C0,other.button_icon.layout_issue
途牛,10010000003078,途牛__C0,other.page_view.cannot_or_fail
途牛,10010000003086,途牛__C0,other.page_view.crash
途牛,10010000003111,途牛__C0,other.page_view.crash
途牛,10010000003174,途牛__C0,other.page_view.wrong_value
途牛,10010000003199,途牛__C0,message_send.button_icon.crash
途牛,10010000003369,途牛__C0,other.page_view.layout_issue
途牛,10010000003396,途牛__C0,private_chat.page_view.cannot_or_fail
途牛,10010000003400,途牛__C0,private_chat.button_icon.cannot_or_fail
途牛,10010000003405,途牛__C0,other.button_icon.crash
途牛,10010000003458,途牛__C0,search.page_view.other
途牛,10010000003598,途牛__C0,other.button_icon.crash
途牛,10010000003604,途牛__C0,other.page_view.layout_issue
途牛,10010000003718,途牛__C0,settings.page_view.other
途牛,10010000003730,途牛__C0,other.button_icon.crash
途牛,10010000003768,途牛__C0,other.button_icon.cannot_or_fail
途牛,10010000003826,途牛__C0,shopping.page_view.wrong_value
途牛,10010000003828,途牛__C0,private_chat.input_box.other
途牛,10010000003855,途牛__C0,message_send.button_icon.crash
途牛,10010000003859,途牛__C0,private_chat.list_item.other
途牛,10010000003886,途牛__C0,search.page_view.cannot_or_fail
途牛,10010000003958,途牛__C0,other.button_icon.layout_issue
途牛,10010000003995,途牛__C0,login.page_view.other
途牛,10010000004024,途牛__C0,other.page_view.cannot_or_fail
途牛,10010000004128,途牛__C0,private_chat.input_box.crash
途牛,10010000004180,途牛__C0,login.page_view.other
途牛,10010000004203,途牛__C0,private_chat.button_icon.other
途牛,10010000004218,途牛__C0,private_chat.button_icon.other
途牛,10010000004298,途牛__C0,private_chat.input_box.cannot_or_fail
途牛,10010000004312,途牛__C0,share.page_view.other
途牛,10010000004339,途牛__C0,private_chat.list_item.other
途牛,10010000004411,途牛__C0,private_chat.button_icon.other
途牛,10010000004441,途牛__C0,other.step.other
途牛,10010000004527,途牛__C0,login.page_view.other
途牛,10010000004530,途牛__C0,private_chat.page_view.cannot_or_fail
途牛,10010000004627,途牛__C0,register.page_view.cannot_or_fail
途牛,10010000004633,途牛__C0,private_chat.page_view.crash
途牛,10010000004728,途牛__C0,other.button_icon.crash
途牛,10010000004826,途牛__C0,other.page_view.cannot_or_fail
途牛,10010000004907,途牛__C0,private_chat.page_view.display_missing
途牛,10010000004928,途牛__C0,other.page_view.cannot_or_fail
途牛,10010000004990,途牛__C0,register.button_icon.layout_issue
途牛,10010000005037,途牛__C0,search.list_item.cannot_or_fail
途牛,10010000005202,途牛__C0,other.page_view.crash
途牛,10010000005212,途牛__C0,private_chat.list_item.other
途牛,10010000005229,途牛__C0,other.page_view.crash
途牛,10010000005240,途牛__C0,login.page_view.other
途牛,10010000005281,途牛__C0,search.page_view.cannot_or_fail
途牛,10010000005284,途牛__C0,settings.page_view.other
途牛,10010000005348,途牛__C0,other.page_view.cannot_input
途牛,10010000005411,途牛__C0,message_send.other.cannot_or_fail
途牛,10010000005479,途牛__C0,other.button_icon.crash
途牛,10010000005491,途牛__C0,other.page_view.cannot_or_fail
途牛,10010000005493,途牛__C0,register.button_icon.wrong_value
途牛,10010000005588,途牛__C0,login.button_icon.other
途牛,10010000005680,途牛__C0,search.other.cannot_or_fail
途牛,10010000005714,途牛__C0,private_chat.button_icon.other
途牛,10010000005728,途牛__C0,settings.page_view.other
途牛,10010000005751,途牛__C0,message_send.chat.layout_issue
途牛,10010000005760,途牛__C0,private_chat.page_view.wrong_value
途牛,10010000005804,途牛__C0,private_chat.page_view.crash
途牛,10010000005893,途牛__C0,settings.page_view.other
途牛,10010000005924,途牛__C0,other.page_view.crash
途牛,10010000005987,途牛__C0,groupchat.chat.cannot_or_fail
途牛,10010000006044,途牛__C0,other.chat.cannot_or_fail
途牛,10010000006046,途牛__C0,private_chat.chat.crash
途牛,10010000006054,途牛__C0,shopping.page_view.wrong_value
途牛,10010000006082,途牛__C0,other.chat.cannot_or_fail
途牛,10010000006087,途牛__C0,register.button_icon.wrong_value
途牛,10010000006095,途牛__C0,other.chat.cannot_or_fail
途牛,10010000006205,途牛__C0,other.button_icon.cannot_or_fail
途牛,10010000006227,途牛__C0,private_chat.page_view.cannot_or_fail
途牛,10010000006289,途牛__C0,comment.page_view.cannot_or_fail
途牛,10010000006363,途牛__C0,notification.button_icon.other
途牛,10010000006388,途牛__C0,private_chat.list_item.wrong_value
途牛,10010000006394,途牛__C0,other.list_item.cannot_or_fail
途牛,10010000006409,途牛__C0,register.button_icon.layout_issue
途牛,10010000006495,途牛__C0,search.chat.other
途牛,10010000006514,途牛__C0,private_chat.button_icon.other
途牛,10010000006543,途牛__C0,search.chat.other
途牛,10010000006559,途牛__C0,other.page_view.cannot_or_fail
途牛,10010000006596,途牛__C0,private_chat.chat.crash
途牛,10010000006711,途牛__C0,search.button_icon.other
途牛,10010000006712,途牛__C0,other.button_icon.crash
途牛,10010000006735,途牛__C0,message_send.list_item.cannot_or_fail
途牛,10010000006769,途牛__C0,register.other.other
途牛,10010000006787,途牛__C0,private_chat.chat.crash
途牛,10010000006860,途牛__C0,register.button_icon.layout_issue
途牛,10010000006874,途牛__C0,message_send.button_icon.wrong_value
途牛,10010000006906,途牛__C0,private_chat.image_banner.crash
途牛,10010000006945,途牛__C0,private_chat.input_box.other
途牛,10010000006982,途牛__C0,private_chat.list_item.cannot_or_fail
途牛,10010000006989,途牛__C0,private_chat.chat.crash
途牛,10010000006992,途牛__C0,other.page_view.crash
途牛,10010000007124,途牛__C0,message_send.input_box.other
途牛,10010000001209,途牛__C1,settings.page_view.other
途牛,10010000002426,途牛__C1,search.page_view.cannot_or_fail
途牛,10010000002461,途牛__C1,groupchat.chat.other
途牛,10010000002468,途牛__C1,private_chat.list_item.cannot_or_fail
途牛,10010000002636,途牛__C1,search.list_item.cannot_or_fail
途牛,10010000002660,途牛__C1,private_chat.button_icon.other
途牛,10010000002661,途牛__C1,search.page_view.cannot_or_fail
途牛,10010000002797,途牛__C1,other.chat.cannot_or_fail
途牛,10010000002814,途牛__C1,other.chat.cannot_or_fail
途牛,10010000002894,途牛__C1,search.page_view.other
途牛,10010000002916,途牛__C1,search.chat.other
途牛,10010000002944,途牛__C1,search.list_item.cannot_or_fail
途牛,10010000002979,途牛__C1,search.chat.other
途牛,10010000002985,途牛__C1,other.chat.cannot_or_fail
途牛,10010000003014,途牛__C1,groupchat.chat.other
途牛,10010000003248,途牛__C1,other.chat.cannot_or_fail
途牛,10010000003275,途牛__C1,search.other.cannot_or_fail
途牛,10010000003401,途牛__C1,search.other.cannot_or_fail
途牛,10010000003439,途牛__C1,other.page_view.cannot_or_fail
途牛,10010000003575,途牛__C1,groupchat.page_view.other
途牛,10010000003593,途牛__C1,other.button_icon.cannot_or_fail
途牛,10010000003613,途牛__C1,search.other.cannot_or_fail
途牛,10010000003644,途牛__C1,search.other.cannot_or_fail
途牛,10010000003685,途牛__C1,groupchat.chat.other
途牛,10010000003698,途牛__C1,search.chat.other
途牛,10010000003707,途牛__C1,other.chat.cannot_or_fail
途牛,10010000003755,途牛__C1,search.page_view.other
途牛,10010000003923,途牛__C1,search.chat.other
途牛,10010000004124,途牛__C1,search.page_view.other
途牛,10010000004152,途牛__C1,search.other.cannot_or_fail
途牛,10010000004341,途牛__C1,share.page_view.other
途牛,10010000004482,途牛__C1,other.chat.cannot_or_fail
途牛,10010000004489,途牛__C1,other.chat.cannot_or_fail
途牛,10010000004493,途牛__C1,search.other.cannot_or_fail
途牛,10010000004561,途牛__C1,groupchat.chat.cannot_or_fail
途牛,10010000004615,途牛__C1,search.chat.other
途牛,10010000004684,途牛__C1,search.chat.other
途牛,10010000004708,途牛__C1,other.chat.cannot_or_fail
途牛,10010000004759,途牛__C1,settings.page_view.cannot_or_fail
途牛,10010000004775,途牛__C1,groupchat.chat.cannot_or_fail
途牛,10010000004818,途牛__C1,other.list_item.cannot_or_fail
途牛,10010000004843,途牛__C1,message_send.list_item.cannot_or_fail
途牛,10010000004866,途牛__C1,other.chat.cannot_or_fail
途牛,10010000004913,途牛__C1,message_send.page_view.wrong_value
途牛,10010000005170,途牛__C1,other.list_item.cannot_or_fail
途牛,10010000005191,途牛__C1,search.list_item.cannot_or_fail
途牛,10010000005258,途牛__C1,settings.page_view.cannot_or_fail
途牛,10010000005282,途牛__C1,other.other.freeze
途牛,10010000005316,途牛__C1,search.chat.other
途牛,10010000005344,途牛__C1,other.image_banner.cannot_or_fail
途牛,10010000005345,途牛__C1,search.page_view.cannot_or_fail
途牛,10010000005369,途牛__C1,private_chat.page_view.cannot_or_fail
途牛,10010000005403,途牛__C1,search.chat.other
途牛,10010000005498,途牛__C1,search.chat.other
途牛,10010000005646,途牛__C1,share.share_panel.other
途牛,10010000005706,途牛__C1,search.page_view.other
途牛,10010000005812,途牛__C1,search.chat.other
途牛,10010000005832,途牛__C1,other.page_view.cannot_or_fail
途牛,10010000005839,途牛__C1,groupchat.page_view.other
途牛,10010000005865,途牛__C1,other.chat.cannot_or_fail
途牛,10010000005902,途牛__C1,other.other.permission
途牛,10010000005959,途牛__C1,search.chat.other
途牛,10010000006124,途牛__C1,message_send.page_view.display_missing
途牛,10010000006162,途牛__C1,other.list_item.cannot_or_fail
途牛,10010000006225,途牛__C1,other.list_item.cannot_or_fail
途牛,10010000006259,途牛__C1,search.list_item.cannot_or_fail
途牛,10010000006287,途牛__C1,search.list_item.cannot_or_fail
途牛,10010000006365,途牛__C1,search.other.cannot_or_fail
途牛,10010000006390,途牛__C1,groupchat.chat.other
途牛,10010000006418,途牛__C1,notification.other.other
途牛,10010000006473,途牛__C1,groupchat.chat.other
途牛,10010000006493,途牛__C1,groupchat.button_icon.other
途牛,10010000006508,途牛__C1,other.chat.cannot_or_fail
途牛,10010000006585,途牛__C1,search.other.cannot_or_fail
途牛,10010000006600,途牛__C1,register.other.other
途牛,10010000006674,途牛__C1,groupchat.chat.other
途牛,10010000006710,途牛__C1,search.other.cannot_or_fail
途牛,10010000006739,途牛__C1,message_send.input_box.freeze
途牛,10010000006740,途牛__C1,message_send.list_item.wrong_value
途牛,10010000006744,途牛__C1,search.button_icon.other
途牛,10010000006753,途牛__C1,search.gps.other
途牛,10010000006771,途牛__C1,search.list_item.other
途牛,10010000006786,途牛__C1,search.chat.other
途牛,10010000006926,途牛__C1,private_chat.button_icon.other
途牛,10010000006987,途牛__C1,groupchat.chat.other
途牛,10010000007008,途牛__C1,register.page_view.other
途牛,10010000007068,途牛__C1,groupchat.button_icon.other
途牛,10010000007086,途牛__C1,private_chat.list_item.other
途牛,10010000007142,途牛__C1,groupchat.chat.other
途牛,10010000007156,途牛__C1,search.page_view.other
途牛,10010000007181,途牛__C1,other.chat.cannot_or_fail
途牛,10010000000843,途牛__C10,gps_track.gps.cannot_or_fail
途牛,10010000000846,途牛__C10,gps_track.gps.cannot_or_fail
途牛,10010000001430,途牛__C10,other.other.permission
途牛,10010000001866,途牛__C10,search.gps.other
途牛,10010000002035,途牛__C10,search.gps.other
途牛,10010000002039,途牛__C10,search.page_view.other
途牛,10010000002179,途牛__C10,gps_track.gps.cannot_or_fail
途牛,10010000002251,途牛__C10,other.page_view.cannot_or_fail
途牛,10010000002316,途牛__C10,gps_track.gps.permission
途牛,10010000002689,途牛__C10,search.list_item.other
途牛,10010000003094,途牛__C10,gps_track.gps.cannot_or_fail
途牛,10010000003188,途牛__C10,gps_track.gps.permission
途牛,10010000003925,途牛__C10,gps_track.list_item.cannot_or_fail
途牛,10010000004041,途牛__C10,login.chat.cannot_or_fail
途牛,10010000004092,途牛__C10,gps_track.page_view.cannot_or_fail
途牛,10010000004241,途牛__C10,gps_track.page_view.cannot_or_fail
途牛,10010000004349,途牛__C10,gps_track.gps.cannot_or_fail
途牛,10010000004351,途牛__C10,gps_track.page_view.cannot_or_fail
途牛,10010000004545,途牛__C10,gps_track.gps.permission
途牛,10010000004549,途牛__C10,gps_track.gps.cannot_or_fail
途牛,10010000004686,途牛__C10,search.page_view.other
途牛,10010000004702,途牛__C10,gps_track.list_item.cannot_or_fail
途牛,10010000004865,途牛__C10,search.other.cannot_or_fail
途牛,10010000005215,途牛__C10,search.button_icon.other
途牛,10010000005553,途牛__C10,gps_track.gps.permission
途牛,10010000005598,途牛__C10,gps_track.list_item.cannot_or_fail
途牛,10010000005744,途牛__C10,gps_track.gps.cannot_or_fail
途牛,10010000005770,途牛__C10,search.list_item.cannot_or_fail
途牛,10010000006005,途牛__C10,search.page_view.other
途牛,10010000006347,途牛__C10,gps_track.gps.cannot_or_fail
途牛,10010000006371,途牛__C10,search.other.cannot_or_fail
途牛,10010000006513,途牛__C10,search.other.cannot_or_fail
途牛,10010000006604,途牛__C10,gps_track.gps.other
途牛,10010000006732,途牛__C10,gps_track.gps.cannot_or_fail
途牛,10010000006825,途牛__C10,notification.other.cannot_or_fail
途牛,10010000006952,途牛__C10,notification.other.cannot_or_fail
途牛,10010000007007,途牛__C10,search.other.cannot_or_fail
途牛,10010000007115,途牛__C10,gps_track.list_item.cannot_or_fail
途牛,10010000004904,途牛__C11,other.page_view.layout_issue
途牛,10010000005175,途牛__C11,login.button_icon.other
途牛,10010000002663,途牛__C12,private_chat.list_item.cannot_or_fail
途牛,10010000002740,途牛__C12,private_chat.page_view.crash
途牛,10010000002791,途牛__C12,settings.page_view.no_prompt
途牛,10010000002803,途牛__C12,private_chat.button_icon.other
途牛,10010000002864,途牛__C12,private_chat.page_view.cannot_or_fail
途牛,10010000002920,途牛__C12,message_send.chat.wrong_value
途牛,10010000002931,途牛__C12,message_send.input_box.cannot_or_fail
途牛,10010000003036,途牛__C12,private_chat.page_view.display_missing
途牛,10010000003071,途牛__C12,message_send.chat.display_missing
途牛,10010000003241,途牛__C12,message_send.button_icon.cannot_or_fail
途牛,10010000003339,途牛__C12,message_send.page_view.display_missing
途牛,10010000003377,途牛__C12,message_send.page_view.no_prompt
途牛,10010000003479,途牛__C12,message_send.input_box.cannot_or_fail
途牛,10010000003490,途牛__C12,message_send.chat.display_missing
途牛,10010000003528,途牛__C12,message_send.chat.cannot_send
途牛,10010000003540,途牛__C12,private_chat.page_view.cannot_or_fail
途牛,10010000003569,途牛__C12,message_send.list_item.cannot_delete
途牛,10010000003572,途牛__C12,message_send.other.cannot_or_fail
途牛,10010000003603,途牛__C12,message_send.input_box.cannot_or_fail
途牛,10010000003614,途牛__C12,private_chat.chat.freeze
途牛,10010000003622,途牛__C12,message_send.chat.wrong_value
途牛,10010000003669,途牛__C12,private_chat.button_icon.other
途牛,10010000003790,途牛__C12,register.chat.other
途牛,10010000003837,途牛__C12,share.button_icon.freeze
途牛,10010000003904,途牛__C12,message_send.chat.freeze
途牛,10010000003942,途牛__C12,other.other.cannot_send
途牛,10010000003963,途牛__C12,message_send.list_item.crash
途牛,10010000004039,途牛__C12,private_chat.button_icon.other
途牛,10010000004044,途牛__C12,message_send.page_view.no_prompt
途牛,10010000004108,途牛__C12,message_send.page_view.wrong_value
途牛,10010000004201,途牛__C12,message_send.list_item.no_prompt
途牛,10010000004226,途牛__C12,message_send.other.cannot_send
途牛,10010000004247,途牛__C12,other.page_view.crash
途牛,10010000004317,途牛__C12,message_send.list_item.wrong_value
途牛,10010000004348,途牛__C12,private_chat.list_item.wrong_value
途牛,10010000004365,途牛__C12,login.other.cannot_or_fail
途牛,10010000004469,途牛__C12,message_send.list_item.cannot_delete
途牛,10010000004477,途牛__C12,notification.other.cannot_or_fail
途牛,10010000004524,途牛__C12,message_send.input_box.cannot_or_fail
途牛,10010000004538,途牛__C12,message_send.chat.cannot_send
途牛,10010000004578,途牛__C12,message_send.chat.freeze
途牛,10010000004584,途牛__C12,notification.other.cannot_or_fail
途牛,10010000004673,途牛__C12,private_chat.chat.no_prompt
途牛,10010000004676,途牛__C12,private_chat.image_banner.other
途牛,10010000004691,途牛__C12,other.other.no_prompt
途牛,10010000004706,途牛__C12,private_chat.list_item.cannot_or_fail
途牛,10010000004741,途牛__C12,message_send.chat.wrong_value
途牛,10010000004785,途牛__C12,other.other.display_missing
途牛,10010000004795,途牛__C12,notification.other.cannot_or_fail
途牛,10010000004827,途牛__C12,private_chat.image_banner.wrong_value
途牛,10010000004830,途牛__C12,message_send.page_view.crash
途牛,10010000004877,途牛__C12,message_send.button_icon.cannot_or_fail
途牛,10010000004879,途牛__C12,private_chat.page_view.cannot_send
途牛,10010000004896,途牛__C12,private_chat.image_banner.other
途牛,10010000004905,途牛__C12,private_chat.image_banner.display_missing
途牛,10010000004936,途牛__C12,playback.audio.cannot_or_fail
途牛,10010000004953,途牛__C12,search.page_view.cannot_or_fail
途牛,10010000004968,途牛__C12,private_chat.chat.wrong_value
途牛,10010000004997,途牛__C12,message_send.other.freeze
途牛,10010000005053,途牛__C12,notification.other.other
途牛,10010000005060,途牛__C12,message_send.list_item.wrong_value
途牛,10010000005083,途牛__C12,login.chat.other
途牛,10010000005092,途牛__C12,message_send.chat.no_prompt
途牛,10010000005104,途牛__C12,private_chat.list_item.wrong_value
途牛,10010000005108,途牛__C12,register.other.other
途牛,10010000005160,途牛__C12,message_send.input_box.cannot_or_fail
途牛,10010000005162,途牛__C12,other.button_icon.layout_issue
途牛,10010000005179,途牛__C12,message_send.button_icon.load_fail
途牛,10010000005184,途牛__C12,message_send.chat.no_prompt
途牛,10010000005205,途牛__C12,message_send.list_item.cannot_or_fail
途牛,10010000005257,途牛__C12,private_chat.page_view.cannot_send
途牛,10010000005260,途牛__C12,private_chat.chat.freeze
途牛,10010000005265,途牛__C12,message_send.chat.cannot_send
途牛,10010000005267,途牛__C12,message_send.input_box.cannot_or_fail
途牛,10010000005315,途牛__C12,message_send.chat.freeze
途牛,10010000005322,途牛__C12,login.chat.other
途牛,10010000005325,途牛__C12,private_chat.list_item.wrong_value
途牛,10010000005352,途牛__C12,message_send.page_view.no_prompt
途牛,10010000005392,途牛__C12,notification.other.other
途牛,10010000005401,途牛__C12,message_send.chat.cannot_send
途牛,10010000005412,途牛__C12,message_send.chat.cannot_send
途牛,10010000005417,途牛__C12,message_send.chat.no_prompt
途牛,10010000005418,途牛__C12,message_send.chat.freeze
途牛,10010000005431,途牛__C12,login.page_view.other
途牛,10010000005433,途牛__C12,message_send.chat.cannot_send
途牛,10010000005450,途牛__C12,search.page_view.cannot_or_fail
途牛,10010000005495,途牛__C12,other.list_item.display_missing
途牛,10010000005549,途牛__C12,private_chat.chat.no_prompt
途牛,10010000005566,途牛__C12,message_send.chat.freeze
途牛,10010000005572,途牛__C12,message_send.chat.cannot_send
途牛,10010000005585,途牛__C12,search.page_view.other
途牛,10010000005603,途牛__C12,message_send.chat.cannot_send
途牛,10010000005609,途牛__C12,message_send.image_banner.no_prompt
途牛,10010000005616,途牛__C12,search.list_item.other
途牛,10010000005623,途牛__C12,settings.page_view.other
途牛,10010000005656,途牛__C12,message_send.list_item.wrong_value
途牛,10010000005659,途牛__C12,login.page_view.other
途牛,10010000005660,途牛__C12,message_send.chat.cannot_send
途牛,10010000005679,途牛__C12,other.other.no_prompt
途牛,10010000005709,途牛__C12,message_send.chat.freeze
途牛,10010000005732,途牛__C12,message_send.list_item.cannot_or_fail
途牛,10010000005738,途牛__C12,message_send.chat.layout_issue
途牛,10010000005794,途牛__C12,message_send.audio.no_prompt
途牛,10010000005809,途牛__C12,message_send.chat.display_missing
途牛,10010000005883,途牛__C12,message_send.chat.no_prompt
途牛,10010000005904,途牛__C12,private_chat.page_view.load_fail
途牛,10010000005917,途牛__C12,search.other.cannot_or_fail
途牛,10010000005986,途牛__C12,message_send.chat.crash
途牛,10010000006020,途牛__C12,login.other.cannot_or_fail
途牛,10010000006026,途牛__C12,login.chat.cannot_or_fail
途牛,10010000006118,途牛__C12,message_send.chat.cannot_send
途牛,10010000006131,途牛__C12,message_send.list_item.wrong_value
途牛,10010000006137,途牛__C12,other.chat.cannot_or_fail
途牛,10010000006231,途牛__C12,other.other.freeze
途牛,10010000006247,途牛__C12,message_send.list_item.wrong_value
途牛,10010000006249,途牛__C12,login.chat.other
途牛,10010000006268,途牛__C12,login.list_item.other
途牛,10010000006275,途牛__C12,message_send.chat.freeze
途牛,10010000006277,途牛__C12,search.page_view.cannot_or_fail
途牛,10010000006281,途牛__C12,notification.audio.other
途牛,10010000006313,途牛__C12,message_send.input_box.other
途牛,10010000006325,途牛__C12,private_chat.list_item.cannot_or_fail
途牛,10010000006416,途牛__C12,private_chat.page_view.display_missing
途牛,10010000006457,途牛__C12,other.other.freeze
途牛,10010000006470,途牛__C12,message_send.chat.no_prompt
途牛,10010000006476,途牛__C12,search.list_item.other
途牛,10010000006529,途牛__C12,share.button_icon.wrong_value
途牛,10010000006536,途牛__C12,login.list_item.other
途牛,10010000006548,途牛__C12,search.button_icon.other
途牛,10010000006555,途牛__C12,private_chat.page_view.display_missing
途牛,10010000006641,途牛__C12,message_send.input_box.cannot_or_fail
途牛,10010000006656,途牛__C12,login.chat.cannot_or_fail
途牛,10010000006664,途牛__C12,message_send.list_item.wrong_value
途牛,10010000006694,途牛__C12,message_send.other.cannot_or_fail
途牛,10010000006702,途牛__C12,private_chat.list_item.wrong_value
途牛,10010000006729,途牛__C12,login.chat.cannot_or_fail
途牛,10010000006842,途牛__C12,message_send.list_item.no_prompt
途牛,10010000006891,途牛__C12,message_send.other.cannot_or_fail
途牛,10010000006892,途牛__C12,message_send.list_item.wrong_value
途牛,10010000006935,途牛__C12,notification.button_icon.other
途牛,10010000006991,途牛__C12,other.page_view.wrong_value
途牛,10010000006997,途牛__C12,message_send.chat.cannot_send
途牛,10010000007006,途牛__C12,other.page_view.cannot_or_fail
途牛,10010000007051,途牛__C12,message_send.list_item.wrong_value
途牛,10010000007106,途牛__C12,message_send.other.cannot_or_fail
途牛,10010000007119,途牛__C12,private_chat.chat.wrong_value
途牛,10010000007194,途牛__C12,notification.other.cannot_or_fail
途牛,10010000003919,途牛__C13,notification.other.cannot_or_fail
途牛,10010000005515,途牛__C13,share.page_view.other
途牛,10010000005678,途牛__C13,groupchat.chat.other
途牛,10010000007154,途牛__C13,private_chat.page_view.cannot_or_fail
途牛,10010000003340,途牛__C14,other.other.freeze
途牛,10010000003850,途牛__C14,private_chat.list_item.other
途牛,10010000005130,途牛__C14,login.chat.other
途牛,10010000006104,途牛__C14,other.page_view.cannot_or_fail
途牛,10010000006563,途牛__C14,settings.page_view.other
途牛,10010000006719,途牛__C14,message_send.image_banner.cannot_send
途牛,10010000006861,途牛__C14,settings.page_view.other
途牛,10010000007092,途牛__C14,private_chat.chat.cannot_send
途牛,10010000004923,途牛__C15,other.other.freeze
途牛,10010000005866,途牛__C15,other.other.permission
途牛,10010000005914,途牛__C15,other.other.permission
途牛,10010000002385,途牛__C16,other.page_view.cannot_or_fail
途牛,10010000003342,途牛__C16,other.page_view.layout_issue
途牛,10010000004683,途牛__C16,other.page_view.cannot_or_fail
途牛,10010000005953,途牛__C16,groupchat.chat.other
途牛,10010000006179,途牛__C16,other.page_view.cannot_or_fail
途牛,10010000000782,途牛__C17,search.other.cannot_or_fail
途牛,10010000005496,途牛__C17,share.page_view.cannot_or_fail
途牛,10010000005579,途牛__C17,other.button_icon.crash
途牛,10010000006189,途牛__C17,share.page_view.other
途牛,10010000002364,途牛__C18,message_send.audio.cannot_or_fail
途牛,10010000002529,途牛__C18,message_send.audio.wrong_value
途牛,10010000002595,途牛__C18,message_send.audio.cannot_or_fail
途牛,10010000002652,途牛__C18,message_send.audio.cannot_or_fail
途牛,10010000002730,途牛__C18,playback.audio.wrong_value
途牛,10010000002966,途牛__C18,notification.audio.cannot_or_fail
途牛,10010000003012,途牛__C18,message_send.audio.cannot_or_fail
途牛,10010000003017,途牛__C18,gps_track.gps.other
途牛,10010000003131,途牛__C18,message_send.list_item.wrong_value
途牛,10010000003264,途牛__C18,message_send.audio.cannot_or_fail
途牛,10010000003363,途牛__C18,playback.chat.other
途牛,10010000003435,途牛__C18,message_send.audio.no_prompt
途牛,10010000003477,途牛__C18,notification.audio.cannot_or_fail
途牛,10010000003573,途牛__C18,playback.button_icon.other
途牛,10010000003676,途牛__C18,private_chat.page_view.wrong_value
途牛,10010000003696,途牛__C18,playback.step.other
途牛,10010000003721,途牛__C18,message_send.chat.wrong_value
途牛,10010000003759,途牛__C18,message_send.step.other
途牛,10010000003840,途牛__C18,message_send.audio.cannot_or_fail
途牛,10010000003967,途牛__C18,playback.audio.cannot_or_fail
途牛,10010000003994,途牛__C18,playback.step.other
途牛,10010000004050,途牛__C18,playback.chat.other
途牛,10010000004236,途牛__C18,playback.audio.cannot_or_fail
途牛,10010000004258,途牛__C18,message_send.step.other
途牛,10010000004288,途牛__C18,message_send.chat.no_prompt
途牛,10010000004305,途牛__C18,message_send.page_view.wrong_value
途牛,10010000004321,途牛__C18,notification.audio.cannot_or_fail
途牛,10010000004407,途牛__C18,notification.audio.other
途牛,10010000004410,途牛__C18,playback.chat.other
途牛,10010000004415,途牛__C18,private_chat.chat.cannot_send
途牛,10010000004438,途牛__C18,message_send.image_banner.cannot_send
途牛,10010000004492,途牛__C18,message_send.audio.cannot_or_fail
途牛,10010000004597,途牛__C18,private_chat.chat.wrong_value
途牛,10010000004812,途牛__C18,message_send.audio.wrong_value
途牛,10010000004912,途牛__C18,message_send.list_item.wrong_value
途牛,10010000004932,途牛__C18,playback.audio.cannot_or_fail
途牛,10010000004933,途牛__C18,playback.step.other
途牛,10010000004980,途牛__C18,playback.audio.cannot_or_fail
途牛,10010000005009,途牛__C18,message_send.step.other
途牛,10010000005011,途牛__C18,message_send.chat.crash
途牛,10010000005201,途牛__C18,playback.chat.other
途牛,10010000005268,途牛__C18,message_send.button_icon.cannot_or_fail
途牛,10010000005328,途牛__C18,message_send.audio.freeze
途牛,10010000005364,途牛__C18,playback.audio.wrong_value
途牛,10010000005465,途牛__C18,private_chat.page_view.wrong_value
途牛,10010000005482,途牛__C18,playback.audio.cannot_or_fail
途牛,10010000005554,途牛__C18,message_send.audio.cannot_or_fail
途牛,10010000005617,途牛__C18,message_send.list_item.wrong_value
途牛,10010000005629,途牛__C18,private_chat.image_banner.cannot_or_fail
途牛,10010000005729,途牛__C18,message_send.page_view.wrong_value
途牛,10010000005742,途牛__C18,message_send.step.other
途牛,10010000005765,途牛__C18,message_send.chat.layout_issue
途牛,10010000005800,途牛__C18,playback.audio.cannot_or_fail
途牛,10010000005897,途牛__C18,message_send.audio.wrong_value
途牛,10010000005965,途牛__C18,playback.audio.cannot_or_fail
途牛,10010000006021,途牛__C18,message_send.audio.cannot_or_fail
途牛,10010000006033,途牛__C18,private_chat.image_banner.cannot_or_fail
途牛,10010000006209,途牛__C18,playback.step.other
途牛,10010000006235,途牛__C18,message_send.audio.freeze
途牛,10010000006285,途牛__C18,message_send.audio.cannot_or_fail
途牛,10010000006526,途牛__C18,message_send.audio.cannot_or_fail
途牛,10010000006537,途牛__C18,message_send.audio.freeze
途牛,10010000006549,途牛__C18,message_send.chat.wrong_value
途牛,10010000006553,途牛__C18,playback.chat.other
途牛,10010000006625,途牛__C18,playback.audio.cannot_or_fail
途牛,10010000006630,途牛__C18,message_send.chat.no_prompt
途牛,10010000006635,途牛__C18,message_send.chat.no_prompt
途牛,10010000006840,途牛__C18,private_chat.page_view.cannot_or_fail
途牛,10010000006903,途牛__C18,playback.audio.cannot_or_fail
途牛,10010000006909,途牛__C18,message_send.audio.cannot_or_fail
途牛,10010000006911,途牛__C18,private_chat.image_banner.cannot_or_fail
途牛,10010000007170,途牛__C18,playback.audio.cannot_or_fail
途牛,10010000003976,途牛__C19,search.chat.other
途牛,10010000006950,途牛__C19,other.page_view.layout_issue
途牛,10010000000881,途牛__C2,login.share_panel.cannot_or_fail
途牛,10010000001548,途牛__C2,other.button_icon.cannot_or_fail
途牛,10010000002206,途牛__C2,login.share_panel.other
途牛,10010000002269,途牛__C2,login.other.cannot_or_fail
途牛,10010000002270,途牛__C2,share.share_panel.cannot_share
途牛,10010000002467,途牛__C2,share.button_icon.cannot_or_fail
途牛,10010000002470,途牛__C2,login.other.wrong_value
途牛,10010000002474,途牛__C2,share.page_view.other
途牛,10010000002533,途牛__C2,login.button_icon.cannot_or_fail
途牛,10010000002547,途牛__C2,login.chat.permission
途牛,10010000002634,途牛__C2,share.button_icon.wrong_value
途牛,10010000002719,途牛__C2,login.share_panel.permission
途牛,10010000002952,途牛__C2,login.other.cannot_or_fail
途牛,10010000003060,途牛__C2,share.share_panel.cannot_share
途牛,10010000003129,途牛__C2,login.other.cannot_or_fail
途牛,10010000003160,途牛__C2,login.other.cannot_or_fail
途牛,10010000003191,途牛__C2,login.share_panel.cannot_or_fail
途牛,10010000003271,途牛__C2,share.share_panel.cannot_share
途牛,10010000003296,途牛__C2,login.button_icon.permission
途牛,10010000003314,途牛__C2,share.share_panel.cannot_share
途牛,10010000003317,途牛__C2,share.button_icon.cannot_or_fail
途牛,10010000003359,途牛__C2,login.share_panel.cannot_or_fail
途牛,10010000003384,途牛__C2,share.share_panel.freeze
途牛,10010000003476,途牛__C2,share.page_view.cannot_or_fail
途牛,10010000003558,途牛__C2,login.share_panel.permission
途牛,10010000003674,途牛__C2,other.button_icon.cannot_or_fail
途牛,10010000003880,途牛__C2,comment.list_item.other
途牛,10010000004079,途牛__C2,login.share_panel.other
途牛,10010000004369,途牛__C2,share.share_panel.freeze
途牛,10010000004534,途牛__C2,login.share_panel.permission
途牛,10010000004579,途牛__C2,login.button_icon.permission
途牛,10010000004714,途牛__C2,share.page_view.other
途牛,10010000004782,途牛__C2,register.other.cannot_or_fail
途牛,10010000004853,途牛__C2,message_send.chat.cannot_send
途牛,10010000004973,途牛__C2,login.share_panel.cannot_or_fail
途牛,10010000005051,途牛__C2,share.page_view.cannot_or_fail
途牛,10010000005054,途牛__C2,share.share_panel.cannot_share
途牛,10010000005063,途牛__C2,shopping.commerce.cannot_or_fail
途牛,10010000005078,途牛__C2,login.button_icon.permission
途牛,10010000005109,途牛__C2,login.share_panel.other
途牛,10010000005144,途牛__C2,share.share_panel.cannot_share
途牛,10010000005492,途牛__C2,share.share_panel.other
途牛,10010000005506,途牛__C2,register.other.cannot_or_fail
途牛,10010000005508,途牛__C2,login.other.wrong_value
途牛,10010000005557,途牛__C2,private_chat.chat.cannot_send
途牛,10010000005915,途牛__C2,login.share_panel.permission
途牛,10010000005926,途牛__C2,login.page_view.other
途牛,10010000005971,途牛__C2,other.other.permission
途牛,10010000005983,途牛__C2,share.share_panel.other
途牛,10010000006012,途牛__C2,login.other.cannot_or_fail
途牛,10010000006243,途牛__C2,share.button_icon.freeze
途牛,10010000006246,途牛__C2,share.share_panel.other
途牛,10010000006272,途牛__C2,login.chat.permission
途牛,10010000006417,途牛__C2,login.button_icon.cannot_or_fail
途牛,10010000006667,途牛__C2,private_chat.image_banner.cannot_or_fail
途牛,10010000006755,途牛__C2,share.share_panel.wrong_value
途牛,10010000007061,途牛__C2,share.share_panel.freeze
途牛,10010000007117,途牛__C2,share.share_panel.cannot_share
途牛,10010000007173,途牛__C2,share.share_panel.other
途牛,10010000007179,途牛__C2,share.share_panel.other
途牛,10010000000889,途牛__C3,comment.input_box.other
途牛,10010000002027,途牛__C3,comment.page_view.other
途牛,10010000002452,途牛__C3,other.list_item.cannot_or_fail
途牛,10010000002509,途牛__C3,message_send.input_box.other
途牛,10010000002573,途牛__C3,message_send.chat.layout_issue
途牛,10010000002612,途牛__C3,message_send.input_box.other
途牛,10010000002755,途牛__C3,message_send.page_view.freeze
途牛,10010000002809,途牛__C3,comment.button_icon.other
途牛,10010000002893,途牛__C3,message_send.input_box.other
途牛,10010000002896,途牛__C3,other.page_view.layout_issue
途牛,10010000002918,途牛__C3,other.input_box.cannot_or_fail
途牛,10010000002964,途牛__C3,private_chat.input_box.cannot_or_fail
途牛,10010000003009,途牛__C3,login.page_view.other
途牛,10010000003021,途牛__C3,comment.input_box.other
途牛,10010000003045,途牛__C3,settings.page_view.no_prompt
途牛,10010000003064,途牛__C3,other.input_box.cannot_or_fail
途牛,10010000003113,途牛__C3,message_send.input_box.cannot_or_fail
途牛,10010000003270,途牛__C3,message_send.chat.crash
途牛,10010000003433,途牛__C3,message_send.page_view.freeze
途牛,10010000003466,途牛__C3,private_chat.input_box.other
途牛,10010000003525,途牛__C3,message_send.input_box.other
途牛,10010000003648,途牛__C3,message_send.page_view.crash
途牛,10010000003664,途牛__C3,comment.page_view.cannot_or_fail
途牛,10010000003684,途牛__C3,search.page_view.cannot_or_fail
途牛,10010000003702,途牛__C3,message_send.other.cannot_or_fail
途牛,10010000003798,途牛__C3,other.page_view.cannot_or_fail
途牛,10010000003871,途牛__C3,private_chat.input_box.other
途牛,10010000003978,途牛__C3,private_chat.button_icon.other
途牛,10010000004014,途牛__C3,message_send.chat.crash
途牛,10010000004035,途牛__C3,private_chat.button_icon.cannot_or_fail
途牛,10010000004063,途牛__C3,comment.input_box.other
途牛,10010000004078,途牛__C3,private_chat.page_view.wrong_value
途牛,10010000004257,途牛__C3,message_send.page_view.wrong_value
途牛,10010000004269,途牛__C3,comment.list_item.other
途牛,10010000004307,途牛__C3,comment.list_item.other
途牛,10010000004605,途牛__C3,private_chat.input_box.crash
途牛,10010000004723,途牛__C3,message_send.other.freeze
途牛,10010000004823,途牛__C3,comment.input_box.other
途牛,10010000004842,途牛__C3,message_send.input_box.other
途牛,10010000004925,途牛__C3,share.share_panel.cannot_share
途牛,10010000004929,途牛__C3,other.chat.cannot_or_fail
途牛,10010000004957,途牛__C3,message_send.input_box.freeze
途牛,10010000005015,途牛__C3,login.page_view.other
途牛,10010000005023,途牛__C3,other.input_box.cannot_or_fail
途牛,10010000005103,途牛__C3,other.input_box.no_prompt
途牛,10010000005136,途牛__C3,message_send.input_box.other
途牛,10010000005188,途牛__C3,message_send.input_box.other
途牛,10010000005221,途牛__C3,share.share_panel.other
途牛,10010000005244,途牛__C3,message_send.other.wrong_value
途牛,10010000005357,途牛__C3,message_send.page_view.freeze
途牛,10010000005365,途牛__C3,private_chat.input_box.other
途牛,10010000005375,途牛__C3,comment.button_icon.other
途牛,10010000005445,途牛__C3,message_send.other.cannot_or_fail
途牛,10010000005507,途牛__C3,settings.page_view.crash
途牛,10010000005762,途牛__C3,private_chat.input_box.other
途牛,10010000005824,途牛__C3,comment.list_item.other
途牛,10010000005846,途牛__C3,message_send.list_item.crash
途牛,10010000005857,途牛__C3,private_chat.input_box.other
途牛,10010000005939,途牛__C3,private_chat.input_box.other
途牛,10010000005945,途牛__C3,message_send.page_view.crash
途牛,10010000005998,途牛__C3,message_send.page_view.crash
途牛,10010000006168,途牛__C3,comment.page_view.other
途牛,10010000006195,途牛__C3,message_send.input_box.other
途牛,10010000006256,途牛__C3,message_send.input_box.other
途牛,10010000006257,途牛__C3,comment.button_icon.other
途牛,10010000006301,途牛__C3,comment.button_icon.other
途牛,10010000006478,途牛__C3,comment.list_item.other
途牛,10010000006564,途牛__C3,message_send.input_box.other
途牛,10010000006583,途牛__C3,comment.list_item.cannot_or_fail
途牛,10010000006725,途牛__C3,other.page_view.cannot_or_fail
途牛,10010000006798,途牛__C3,other.input_box.cannot_or_fail
途牛,10010000006815,途牛__C3,message_send.button_icon.wrong_value
途牛,10010000006832,途牛__C3,message_send.input_box.cannot_or_fail
途牛,10010000006844,途牛__C3,login.page_view.other
途牛,10010000006850,途牛__C3,message_send.input_box.cannot_or_fail
途牛,10010000006890,途牛__C3,other.input_box.cannot_or_fail
途牛,10010000006944,途牛__C3,comment.input_box.other
途牛,10010000006994,途牛__C3,message_send.input_box.other
途牛,10010000006999,途牛__C3,comment.list_item.cannot_delete
途牛,10010000007003,途牛__C3,notification.other.other
途牛,10010000007058,途牛__C3,other.input_box.no_prompt
途牛,10010000007085,途牛__C3,message_send.input_box.other
途牛,10010000007165,途牛__C3,comment.input_box.other
途牛,10010000007184,途牛__C3,private_chat.input_box.other
途牛,10010000007205,途牛__C3,message_send.chat.freeze
途牛,10010000000824,途牛__C4,settings.page_view.crash
途牛,10010000000825,途牛__C4,settings.page_view.cannot_or_fail
途牛,10010000001801,途牛__C4,other.step.cannot_or_fail
途牛,10010000001814,途牛__C4,other.commerce.other
途牛,10010000001868,途牛__C4,other.step.cannot_or_fail
途牛,10010000002359,途牛__C4,private_chat.image_banner.other
途牛,10010000002365,途牛__C4,private_chat.image_banner.cannot_or_fail
途牛,10010000002439,途牛__C4,private_chat.image_banner.wrong_value
途牛,10010000002464,途牛__C4,private_chat.image_banner.cannot_or_fail
途牛,10010000002481,途牛__C4,private_chat.image_banner.other
途牛,10010000002483,途牛__C4,private_chat.chat.wrong_value
途牛,10010000002484,途牛__C4,other.input_box.cannot_or_fail
途牛,10010000002550,途牛__C4,message_send.other.freeze
途牛,10010000002642,途牛__C4,message_send.input_box.other
途牛,10010000002665,途牛__C4,comment.list_item.cannot_or_fail
途牛,10010000002669,途牛__C4,message_send.other.freeze
途牛,10010000002734,途牛__C4,private_chat.page_view.cannot_or_fail
途牛,10010000002748,途牛__C4,private_chat.chat.crash
途牛,10010000002762,途牛__C4,private_chat.list_item.other
途牛,10010000002793,途牛__C4,comment.list_item.other
途牛,10010000002804,途牛__C4,private_chat.image_banner.cannot_or_fail
途牛,10010000002818,途牛__C4,other.other.freeze
途牛,10010000002836,途牛__C4,message_send.image_banner.crash
途牛,10010000002860,途牛__C4,other.image_banner.cannot_or_fail
途牛,10010000002870,途牛__C4,other.page_view.freeze
途牛,10010000002891,途牛__C4,message_send.other.cannot_or_fail
途牛,10010000002903,途牛__C4,private_chat.button_icon.cannot_delete
途牛,10010000002907,途牛__C4,playback.audio.wrong_value
途牛,10010000002926,途牛__C4,message_send.page_view.crash
途牛,10010000002938,途牛__C4,message_send.other.cannot_or_fail
途牛,10010000002955,途牛__C4,private_chat.page_view.cannot_or_fail
途牛,10010000002984,途牛__C4,message_send.other.cannot_or_fail
途牛,10010000002986,途牛__C4,private_chat.input_box.other
途牛,10010000003034,途牛__C4,private_chat.input_box.other
途牛,10010000003077,途牛__C4,private_chat.chat.crash
途牛,10010000003104,途牛__C4,private_chat.button_icon.other
途牛,10010000003144,途牛__C4,message_send.other.crash
途牛,10010000003161,途牛__C4,private_chat.button_icon.other
途牛,10010000003166,途牛__C4,private_chat.image_banner.display_missing
途牛,10010000003175,途牛__C4,other.image_banner.crash
途牛,10010000003181,途牛__C4,message_send.list_item.wrong_value
途牛,10010000003182,途牛__C4,other.other.cannot_send
途牛,10010000003217,途牛__C4,other.button_icon.cannot_or_fail
途牛,10010000003226,途牛__C4,private_chat.button_icon.other
途牛,10010000003252,途牛__C4,message_send.button_icon.load_fail
途牛,10010000003263,途牛__C4,private_chat.list_item.cannot_or_fail
途牛,10010000003298,途牛__C4,message_send.other.cannot_or_fail
途牛,10010000003310,途牛__C4,other.input_box.cannot_or_fail
途牛,10010000003331,途牛__C4,message_send.input_box.other
途牛,10010000003375,途牛__C4,private_chat.button_icon.cannot_delete
途牛,10010000003411,途牛__C4,message_send.audio.cannot_or_fail
途牛,10010000003425,途牛__C4,message_send.other.cannot_or_fail
途牛,10010000003460,途牛__C4,other.page_view.crash
途牛,10010000003506,途牛__C4,message_send.button_icon.cannot_or_fail
途牛,10010000003527,途牛__C4,private_chat.image_banner.crash
途牛,10010000003529,途牛__C4,private_chat.image_banner.other
途牛,10010000003564,途牛__C4,other.other.cannot_delete
途牛,10010000003574,途牛__C4,login.share_panel.other
途牛,10010000003599,途牛__C4,message_send.step.other
途牛,10010000003601,途牛__C4,private_chat.button_icon.other
途牛,10010000003642,途牛__C4,other.button_icon.cannot_or_fail
途牛,10010000003661,途牛__C4,private_chat.image_banner.crash
途牛,10010000003678,途牛__C4,message_send.other.crash
途牛,10010000003679,途牛__C4,share.page_view.other
途牛,10010000003687,途牛__C4,other.image_banner.cannot_or_fail
途牛,10010000003708,途牛__C4,message_send.other.wrong_value
途牛,10010000003716,途牛__C4,private_chat.button_icon.cannot_or_fail
途牛,10010000003769,途牛__C4,share.page_view.other
途牛,10010000003775,途牛__C4,private_chat.image_banner.other
途牛,10010000003777,途牛__C4,other.chat.cannot_or_fail
途牛,10010000003824,途牛__C4,message_send.other.cannot_or_fail
途牛,10010000003883,途牛__C4,private_chat.input_box.other
途牛,10010000003887,途牛__C4,search.image_banner.cannot_or_fail
途牛,10010000003917,途牛__C4,private_chat.image_banner.other
途牛,10010000003951,途牛__C4,other.page_view.cannot_or_fail
途牛,10010000003953,途牛__C4,private_chat.button_icon.other
途牛,10010000003965,途牛__C4,settings.page_view.cannot_or_fail
途牛,10010000004008,途牛__C4,private_chat.image_banner.other
途牛,10010000004112,途牛__C4,other.other.display_missing
途牛,10010000004139,途牛__C4,private_chat.page_view.wrong_value
途牛,10010000004162,途牛__C4,other.image_banner.cannot_or_fail
途牛,10010000004168,途牛__C4,message_send.other.cannot_or_fail
途牛,10010000004177,途牛__C4,settings.page_view.other
途牛,10010000004311,途牛__C4,private_chat.image_banner.freeze
途牛,10010000004319,途牛__C4,private_chat.image_banner.other
途牛,10010000004329,途牛__C4,private_chat.page_view.load_fail
途牛,10010000004336,途牛__C4,message_send.other.cannot_send
途牛,10010000004340,途牛__C4,other.image_banner.load_fail
途牛,10010000004381,途牛__C4,other.button_icon.cannot_delete
途牛,10010000004427,途牛__C4,message_send.input_box.other
途牛,10010000004444,途牛__C4,message_send.page_view.crash
途牛,10010000004506,途牛__C4,private_chat.input_box.cannot_or_fail
途牛,10010000004520,途牛__C4,other.image_banner.cannot_or_fail
途牛,10010000004525,途牛__C4,comment.list_item.crash
途牛,10010000004576,途牛__C4,message_send.image_banner.crash
途牛,10010000004591,途牛__C4,other.input_box.cannot_or_fail
途牛,10010000004593,途牛__C4,other.image_banner.cannot_or_fail
途牛,10010000004613,途牛__C4,private_chat.button_icon.other
途牛,10010000004617,途牛__C4,message_send.button_icon.cannot_or_fail
途牛,10010000004655,途牛__C4,private_chat.button_icon.cannot_or_fail
途牛,10010000004726,途牛__C4,other.image_banner.cannot_or_fail
途牛,10010000004769,途牛__C4,private_chat.page_view.crash
途牛,10010000004786,途牛__C4,message_send.other.cannot_or_fail
途牛,10010000004788,途牛__C4,message_send.image_banner.no_prompt
途牛,10010000004802,途牛__C4,private_chat.image_banner.other
途牛,10010000004815,途牛__C4,message_send.page_view.load_fail
途牛,10010000004915,途牛__C4,other.image_banner.cannot_or_fail
途牛,10010000004943,途牛__C4,private_chat.image_banner.freeze
途牛,10010000004944,途牛__C4,settings.page_view.other
途牛,10010000004946,途牛__C4,private_chat.chat.crash
途牛,10010000004959,途牛__C4,message_send.button_icon.cannot_or_fail
途牛,10010000004970,途牛__C4,private_chat.image_banner.other
途牛,10010000005031,途牛__C4,private_chat.image_banner.other
途牛,10010000005033,途牛__C4,settings.page_view.cannot_or_fail
途牛,10010000005098,途牛__C4,message_send.list_item.cannot_or_fail
途牛,10010000005119,途牛__C4,private_chat.image_banner.cannot_or_fail
途牛,10010000005120,途牛__C4,other.image_banner.cannot_or_fail
途牛,10010000005149,途牛__C4,other.image_banner.no_prompt
途牛,10010000005166,途牛__C4,message_send.chat.crash
途牛,10010000005172,途牛__C4,other.image_banner.cannot_or_fail
途牛,10010000005207,途牛__C4,other.image_banner.no_prompt
途牛,10010000005230,途牛__C4,other.other.cannot_delete
途牛,10010000005243,途牛__C4,private_chat.image_banner.cannot_or_fail
途牛,10010000005263,途牛__C4,private_chat.chat.crash
途牛,10010000005290,途牛__C4,message_send.chat.crash
途牛,10010000005307,途牛__C4,other.button_icon.cannot_delete
途牛,10010000005324,途牛__C4,other.list_item.cannot_or_fail
途牛,10010000005331,途牛__C4,other.page_view.cannot_or_fail
途牛,10010000005349,途牛__C4,other.image_banner.cannot_or_fail
途牛,10010000005385,途牛__C4,share.page_view.other
途牛,10010000005393,途牛__C4,other.image_banner.cannot_or_fail
途牛,10010000005421,途牛__C4,private_chat.page_view.cannot_or_fail
途牛,10010000005461,途牛__C4,comment.button_icon.other
途牛,10010000005470,途牛__C4,message_send.input_box.other
途牛,10010000005472,途牛__C4,comment.list_item.cannot_or_fail
途牛,10010000005535,途牛__C4,other.step.other
途牛,10010000005561,途牛__C4,message_send.page_view.wrong_value
途牛,10010000005578,途牛__C4,search.other.cannot_or_fail
途牛,10010000005615,途牛__C4,message_send.other.cannot_or_fail
途牛,10010000005627,途牛__C4,register.other.other
途牛,10010000005642,途牛__C4,login.image_banner.other
途牛,10010000005649,途牛__C4,message_send.page_view.crash
途牛,10010000005710,途牛__C4,private_chat.image_banner.cannot_or_fail
途牛,10010000005723,途牛__C4,private_chat.image_banner.other
途牛,10010000005730,途牛__C4,message_send.input_box.other
途牛,10010000005752,途牛__C4,other.other.cannot_delete
途牛,10010000005873,途牛__C4,message_send.other.cannot_send
途牛,10010000005947,途牛__C4,login.image_banner.other
途牛,10010000005991,途牛__C4,message_send.input_box.other
途牛,10010000005996,途牛__C4,message_send.other.cannot_or_fail
途牛,10010000005997,途牛__C4,shopping.commerce.other
途牛,10010000006031,途牛__C4,other.button_icon.cannot_delete
途牛,10010000006051,途牛__C4,message_send.other.cannot_or_fail
途牛,10010000006074,途牛__C4,private_chat.image_banner.cannot_or_fail
途牛,10010000006105,途牛__C4,other.image_banner.cannot_or_fail
途牛,10010000006146,途牛__C4,other.image_banner.cannot_or_fail
途牛,10010000006150,途牛__C4,other.image_banner.crash
途牛,10010000006165,途牛__C4,other.step.other
途牛,10010000006167,途牛__C4,message_send.image_banner.cannot_send
途牛,10010000006326,途牛__C4,other.button_icon.cannot_or_fail
途牛,10010000006329,途牛__C4,other.image_banner.cannot_or_fail
途牛,10010000006378,途牛__C4,private_chat.chat.crash
途牛,10010000006431,途牛__C4,private_chat.chat.crash
途牛,10010000006532,途牛__C4,other.page_view.layout_issue
途牛,10010000006566,途牛__C4,private_chat.image_banner.cannot_or_fail
途牛,10010000006619,途牛__C4,other.step.other
途牛,10010000006637,途牛__C4,comment.list_item.crash
途牛,10010000006659,途牛__C4,other.button_icon.cannot_or_fail
途牛,10010000006703,途牛__C4,playback.button_icon.other
途牛,10010000006738,途牛__C4,other.image_banner.cannot_or_fail
途牛,10010000006747,途牛__C4,message_send.chat.crash
途牛,10010000006765,途牛__C4,search.page_view.cannot_or_fail
途牛,10010000006783,途牛__C4,message_send.input_box.other
途牛,10010000006808,途牛__C4,other.image_banner.cannot_or_fail
途牛,10010000006831,途牛__C4,other.other.cannot_send
途牛,10010000006846,途牛__C4,private_chat.image_banner.other
途牛,10010000006872,途牛__C4,comment.list_item.cannot_delete
途牛,10010000006878,途牛__C4,other.page_view.crash
途牛,10010000006895,途牛__C4,other.page_view.cannot_or_fail
途牛,10010000006958,途牛__C4,message_send.list_item.cannot_delete
途牛,10010000006970,途牛__C4,search.other.cannot_or_fail
途牛,10010000006981,途牛__C4,message_send.button_icon.load_fail
途牛,10010000007079,途牛__C4,other.other.cannot_delete
途牛,10010000007080,途牛__C4,private_chat.input_box.other
途牛,10010000007099,途牛__C4,other.list_item.display_missing
途牛,10010000007107,途牛__C4,other.list_item.cannot_or_fail
途牛,10010000007166,途牛__C4,message_send.image_banner.cannot_send
途牛,10010000007182,途牛__C4,message_send.input_box.cannot_or_fail
途牛,10010000001022,途牛__C5,search.page_view.other
途牛,10010000002056,途牛__C5,register.page_view.other
途牛,10010000002216,途牛__C5,login.other.wrong_value
途牛,10010000002371,途牛__C5,register.page_view.cannot_or_fail
途牛,10010000002519,途牛__C5,register.other.wrong_value
途牛,10010000002712,途牛__C5,register.other.wrong_value
途牛,10010000002731,途牛__C5,share.share_panel.wrong_value
途牛,10010000002942,途牛__C5,register.other.other
途牛,10010000003027,途牛__C5,register.other.other
途牛,10010000003074,途牛__C5,register.page_view.other
途牛,10010000003670,途牛__C5,notification.other.other
途牛,10010000003705,途牛__C5,settings.page_view.other
途牛,10010000003832,途牛__C5,login.page_view.wrong_value
途牛,10010000004088,途牛__C5,other.page_view.cannot_or_fail
途牛,10010000004235,途牛__C5,share.page_view.other
途牛,10010000004390,途牛__C5,register.page_view.other
途牛,10010000004401,途牛__C5,register.chat.other
途牛,10010000004465,途牛__C5,message_send.chat.wrong_value
途牛,10010000004513,途牛__C5,login.chat.cannot_or_fail
途牛,10010000004672,途牛__C5,login.page_view.wrong_value
途牛,10010000004849,途牛__C5,private_chat.chat.freeze
途牛,10010000004855,途牛__C5,register.other.other
途牛,10010000004889,途牛__C5,settings.page_view.other
途牛,10010000004966,途牛__C5,register.page_view.other
途牛,10010000005020,途牛__C5,other.step.other
途牛,10010000005069,途牛__C5,register.other.other
途牛,10010000005074,途牛__C5,register.other.wrong_value
途牛,10010000005302,途牛__C5,other.page_view.layout_issue
途牛,10010000005438,途牛__C5,shopping.commerce.other
途牛,10010000005550,途牛__C5,register.page_view.other
途牛,10010000005559,途牛__C5,notification.other.other
途牛,10010000005560,途牛__C5,settings.page_view.other
途牛,10010000005653,途牛__C5,register.other.other
途牛,10010000005796,途牛__C5,register.other.cannot_or_fail
途牛,10010000006002,途牛__C5,register.page_view.cannot_or_fail
途牛,10010000006174,途牛__C5,message_send.chat.freeze
途牛,10010000006198,途牛__C5,login.chat.cannot_or_fail
途牛,10010000006222,途牛__C5,register.other.other
途牛,10010000006525,途牛__C5,private_chat.page_view.cannot_or_fail
途牛,10010000006527,途牛__C5,other.image_banner.cannot_or_fail
途牛,10010000006628,途牛__C5,share.page_view.other
途牛,10010000006717,途牛__C5,message_send.chat.no_prompt
途牛,10010000006728,途牛__C5,other.page_view.layout_issue
途牛,10010000006779,途牛__C5,register.page_view.other
途牛,10010000006929,途牛__C5,message_send.chat.layout_issue
途牛,10010000007002,途牛__C5,other.other.freeze
途牛,10010000001205,途牛__C6,settings.page_view.other
途牛,10010000002001,途牛__C6,gps_track.gps.other
途牛,10010000002449,途牛__C6,share.page_view.other
途牛,10010000003713,途牛__C6,private_chat.page_view.cannot_or_fail
途牛,10010000004300,途牛__C6,search.image_banner.cannot_or_fail
途牛,10010000004794,途牛__C6,private_chat.chat.crash
途牛,10010000005520,途牛__C6,private_chat.page_view.wrong_value
途牛,10010000006098,途牛__C6,search.chat.other
途牛,10010000006862,途牛__C6,other.chat.cannot_or_fail
途牛,10010000007130,途牛__C6,share.share_panel.other
途牛,10010000000841,途牛__C7,other.page_view.crash
途牛,10010000000849,途牛__C7,other.commerce.other
途牛,10010000001544,途牛__C7,shopping.commerce.other
途牛,10010000001823,途牛__C7,other.page_view.layout_issue
途牛,10010000001907,途牛__C7,shopping.commerce.other
途牛,10010000001971,途牛__C7,shopping.commerce.cannot_or_fail
途牛,10010000002024,途牛__C7,other.commerce.other
途牛,10010000002599,途牛__C7,shopping.commerce.cannot_or_fail
途牛,10010000006412,途牛__C7,other.page_view.freeze
途牛,10010000000762,途牛__C8,other.page_view.cannot_or_fail
途牛,10010000001671,途牛__C8,other.page_view.crash
途牛,10010000001904,途牛__C8,other.page_view.cannot_or_fail
途牛,10010000002671,途牛__C8,other.page_view.cannot_or_fail
途牛,10010000002890,途牛__C8,other.page_view.freeze
途牛,10010000003318,途牛__C8,search.page_view.cannot_or_fail
途牛,10010000003399,途牛__C8,other.page_view.load_fail
途牛,10010000005040,途牛__C8,other.page_view.layout_issue
途牛,10010000005994,途牛__C8,gps_track.page_view.other
途牛,10010000006224,途牛__C8,gps_track.page_view.other
途牛,10010000002410,途牛__C9,other.page_view.crash
途牛,10010000002753,途牛__C9,other.page_view.freeze
途牛,10010000002897,途牛__C9,other.page_view.cannot_or_fail
途牛,10010000003176,途牛__C9,other.page_view.load_fail
途牛,10010000003546,途牛__C9,private_chat.page_view.crash
途牛,10010000003595,途牛__C9,other.image_banner.load_fail
途牛,10010000003623,途牛__C9,playback.step.other
途牛,10010000004062,途牛__C9,private_chat.list_item.other
途牛,10010000004664,途牛__C9,message_send.page_view.load_fail
途牛,10010000004773,途牛__C9,message_send.button_icon.load_fail
途牛,10010000005022,途牛__C9,other.page_view.load_fail
途牛,10010000005225,途牛__C9,login.page_view.other
途牛,10010000006726,途牛__C9,other.step.other
途牛,10010000006737,途牛__C9,other.image_banner.load_fail
雅思听力,10010000000131,雅思听力__C0,register.page_view.other
雅思听力,10010000000168,雅思听力__C0,other.button_icon.cannot_or_fail
雅思听力,10010000000192,雅思听力__C0,register.page_view.other
雅思听力,10010000000197,雅思听力__C0,register.other.cannot_or_fail
雅思听力,10010000000241,雅思听力__C0,register.other.cannot_or_fail
雅思听力,10010000000344,雅思听力__C0,login.page_view.other
雅思听力,10010000000512,雅思听力__C0,register.other.other
雅思听力,10010000000559,雅思听力__C0,register.other.other
雅思听力,10010000000600,雅思听力__C0,register.other.cannot_or_fail
雅思听力,10010000000614,雅思听力__C0,register.button_icon.other
雅思听力,10010000000834,雅思听力__C0,register.page_view.other
雅思听力,10010000000835,雅思听力__C0,register.page_view.other
雅思听力,10010000001002,雅思听力__C0,other.input_box.other
雅思听力,10010000001005,雅思听力__C0,other.input_box.wrong_value
雅思听力,10010000001008,雅思听力__C0,other.input_box.wrong_value
雅思听力,10010000001009,雅思听力__C0,register.input_box.other
雅思听力,10010000001011,雅思听力__C0,register.input_box.other
雅思听力,10010000001012,雅思听力__C0,other.input_box.other
雅思听力,10010000001027,雅思听力__C0,other.input_box.other
雅思听力,10010000001028,雅思听力__C0,other.input_box.other
雅思听力,10010000001038,雅思听力__C0,other.input_box.other
雅思听力,10010000001047,雅思听力__C0,other.other.cannot_or_fail
雅思听力,10010000001067,雅思听力__C0,settings.page_view.other
雅思听力,10010000001149,雅思听力__C0,login.other.other
雅思听力,10010000001345,雅思听力__C0,register.other.other
雅思听力,10010000001359,雅思听力__C0,register.other.other
雅思听力,10010000001550,雅思听力__C0,register.other.other
雅思听力,10010000001590,雅思听力__C0,other.other.cannot_or_fail
雅思听力,10010000001867,雅思听力__C0,login.other.other
雅思听力,10010000001882,雅思听力__C0,other.other.wrong_value
雅思听力,10010000004630,雅思听力__C0,login.page_view.other
雅思听力,10010000004725,雅思听力__C0,register.page_view.other
雅思听力,10010000004774,雅思听力__C0,register.button_icon.other
雅思听力,10010000007583,雅思听力__C0,register.other.other
雅思听力,10010000000561,雅思听力__C1,other.other.layout_issue
雅思听力,10010000000574,雅思听力__C1,other.other.layout_issue
雅思听力,10010000001151,雅思听力__C1,other.page_view.layout_issue
雅思听力,10010000001304,雅思听力__C1,other.page_view.layout_issue
雅思听力,10010000001413,雅思听力__C1,other.page_view.layout_issue
雅思听力,10010000001421,雅思听力__C1,other.page_view.layout_issue
雅思听力,10010000001339,雅思听力__C10,other.other.freeze
雅思听力,10010000001364,雅思听力__C10,other.other.cannot_or_fail
雅思听力,10010000001387,雅思听力__C10,other.other.cannot_or_fail
雅思听力,10010000000538,雅思听力__C11,other.page_view.cannot_or_fail
雅思听力,10010000001107,雅思听力__C11,other.page_view.cannot_or_fail
雅思听力,10010000001134,雅思听力__C12,settings.page_view.other
雅思听力,10010000001287,雅思听力__C12,settings.button_icon.other
雅思听力,10010000001977,雅思听力__C12,other.button_icon.other
雅思听力,10010000000814,雅思听力__C13,playback.list_item.other
雅思听力,10010000000720,雅思听力__C14,login.other.cannot_or_fail
雅思听力,10010000000736,雅思听力__C14,other.page_view.cannot_or_fail
雅思听力,10010000001056,雅思听力__C14,playback.slider.other
雅思听力,10010000001057,雅思听力__C14,playback.slider.other
雅思听力,10010000001059,雅思听力__C14,other.page_view.cannot_or_fail
雅思听力,10010000001137,雅思听力__C14,settings.page_view.other
雅思听力,10010000000540,雅思听力__C15,other.other.freeze
雅思听力,10010000000573,雅思听力__C16,playback.page_view.other
雅思听力,10010000001064,雅思听力__C16,settings.page_view.other
雅思听力,10010000001086,雅思听力__C17,other.button_icon.other
雅思听力,10010000001090,雅思听力__C17,other.other.wrong_value
雅思听力,10010000001981,雅思听力__C17,other.page_view.freeze
雅思听力,10010000002021,雅思听力__C17,other.button_icon.cannot_or_fail
雅思听力,10010000000162,雅思听力__C18,login.page_view.other
雅思听力,10010000000763,雅思听力__C18,login.page_view.permission
雅思听力,10010000001261,雅思听力__C18,login.other.cannot_or_fail
雅思听力,10010000001262,雅思听力__C18,login.other.other
雅思听力,10010000001394,雅思听力__C18,login.other.cannot_or_fail
雅思听力,10010000001630,雅思听力__C18,login.other.cannot_or_fail
雅思听力,10010000001846,雅思听力__C18,login.page_view.permission
雅思听力,10010000004186,雅思听力__C19,other.page_view.freeze
雅思听力,10010000000239,雅思听力__C2,share.button_icon.cannot_share
雅思听力,10010000000242,雅思听力__C2,share.button_icon.cannot_share
雅思听力,10010000000324,雅思听力__C2,settings.button_icon.other
雅思听力,10010000000439,雅思听力__C2,other.button_icon.other
雅思听力,10010000000700,雅思听力__C2,share.share_panel.cannot_or_fail
雅思听力,10010000001798,雅思听力__C2,share.button_icon.cannot_share
雅思听力,10010000001035,雅思听力__C3,settings.page_view.other
雅思听力,10010000001042,雅思听力__C3,settings.page_view.other
雅思听力,10010000001043,雅思听力__C3,other.button_icon.other
雅思听力,10010000001044,雅思听力__C3,other.button_icon.other
雅思听力,10010000001410,雅思听力__C3,playback.button_icon.other
雅思听力,10010000001959,雅思听力__C3,comment.list_item.other
雅思听力,10010000001110,雅思听力__C4,playback.list_item.other
雅思听力,10010000001979,雅思听力__C4,playback.list_item.other
雅思听力,10010000002008,雅思听力__C4,playback.button_icon.other
雅思听力,10010000000163,雅思听力__C5,other.other.cannot_or_fail
雅思听力,10010000000517,雅思听力__C5,other.page_view.cannot_or_fail
雅思听力,10010000001840,雅思听力__C5,share.share_panel.cannot_or_fail
雅思听力,10010000001983,雅思听力__C5,playback.audio.other
雅思听力,10010000000325,雅思听力__C6,other.other.load_fail
雅思听力,10010000000392,雅思听力__C6,login.other.other
雅思听力,10010000000584,雅思听力__C6,login.page_view.other
雅思听力,10010000000618,雅思听力__C6,other.other.wrong_value
雅思听力,10010000000877,雅思听力__C6,login.other.other
雅思听力,10010000001129,雅思听力__C6,other.other.cannot_or_fail
雅思听力,10010000001136,雅思听力__C6,playback.audio.other
雅思听力,10010000001288,雅思听力__C6,other.other.crash
雅思听力,10010000001408,雅思听力__C6,other.other.cannot_or_fail
雅思听力,10010000001443,雅思听力__C6,other.other.load_fail
雅思听力,10010000001690,雅思听力__C6,other.button_icon.other
雅思听力,10010000000817,雅思听力__C7,playback.list_item.other
雅思听力,10010000001114,雅思听力__C7,playback.page_view.other
雅思听力,10010000001125,雅思听力__C7,comment.list_item.other
雅思听力,10010000001139,雅思听力__C7,playback.audio.other
雅思听力,10010000001148,雅思听力__C7,comment.list_item.other
雅思听力,10010000001122,雅思听力__C8,other.other.crash
雅思听力,10010000001306,雅思听力__C8,other.other.wrong_value
雅思听力,10010000001334,雅思听力__C8,other.other.freeze
雅思听力,10010000000274,雅思听力__C9,other.button_icon.other
雅思听力,10010000001140,雅思听力__C9,playback.button_icon.other
雅思听力,10010000001632,雅思听力__C9,other.other.cannot_or_fail
