sample_unit_id,boundary,boundary_display,app,query_id,issue_key,query_text,blind_position,candidate_id,candidate_text,candidate_issue_key,candidate_cluster_id,query_cluster_id,sim_char_tfidf,same_issue_key,same_top_module,cross_cluster,annotator_A,annotator_B,annotator_C,gold_label_majority
TFIDF+HC__Slife__10010000011507,tfidf_hc_K20,TFIDF+HC,Slife,10010000011507,login.other.cannot_or_fail,登录与非登录情况下都可以设定运动目标，有网络和无网络之下也都可以设定运动目标。目标设定有限值，无法满足想要加强运动量的人的需求。,1,10010000010521,在设定运动目标时，当输入的体重分别为30kg和200kg，而其他条件一致时，进入推算结果界面的设定目标步数却一样，当点击确定之后再次进…,step_count.page_view.other,Slife__C1,Slife__C1,0.111398,0,0,0,0,0,0,0
TFIDF+HC__Slife__10010000011507,tfidf_hc_K20,TFIDF+HC,Slife,10010000011507,login.other.cannot_or_fail,登录与非登录情况下都可以设定运动目标，有网络和无网络之下也都可以设定运动目标。目标设定有限值，无法满足想要加强运动量的人的需求。,2,10010000010274,设置运动目标只能在一定范围内选定，不能高于或低于系统设定范围,run_walk.page_view.cannot_or_fail,Slife__C1,Slife__C1,0.089611,0,0,0,0,0,0,0
TFIDF+HC__Slife__10010000011507,tfidf_hc_K20,TFIDF+HC,Slife,10010000011507,login.other.cannot_or_fail,登录与非登录情况下都可以设定运动目标，有网络和无网络之下也都可以设定运动目标。目标设定有限值，无法满足想要加强运动量的人的需求。,3,10010000009927,即使不登录账号也可以进行设置运动目标,login.page_view.other,Slife__C1,Slife__C1,0.140415,0,1,0,0,0,0,0
TFIDF+HC__Slife__10010000011507,tfidf_hc_K20,TFIDF+HC,Slife,10010000011507,login.other.cannot_or_fail,登录与非登录情况下都可以设定运动目标，有网络和无网络之下也都可以设定运动目标。目标设定有限值，无法满足想要加强运动量的人的需求。,4,10010000011524,设定运动目标时可选择的范围过小，如今很多人一天能走两三万步左右，相对于想减肥的人群来说，自然想把目标定高，而该app的根据我的身高体重…,step_count.step.cannot_or_fail,Slife__C1,Slife__C1,0.109937,0,0,0,0,0,0,0
TFIDF+HC__Slife__10010000011507,tfidf_hc_K20,TFIDF+HC,Slife,10010000011507,login.other.cannot_or_fail,登录与非登录情况下都可以设定运动目标，有网络和无网络之下也都可以设定运动目标。目标设定有限值，无法满足想要加强运动量的人的需求。,5,10010000010149,注册后直接登录，退出登录后再登录，不能登录成功,register.other.cannot_or_fail,Slife__C5,Slife__C1,0.080455,0,0,1,0,0,0,0
TFIDF+HC__Slife__10010000011507,tfidf_hc_K20,TFIDF+HC,Slife,10010000011507,login.other.cannot_or_fail,登录与非登录情况下都可以设定运动目标，有网络和无网络之下也都可以设定运动目标。目标设定有限值，无法满足想要加强运动量的人的需求。,6,10010000009911,设定运动目标时，不能进行手工输入步行步数，强迫症患者会感到难受,step_count.step.cannot_or_fail,Slife__C1,Slife__C1,0.119179,0,0,0,0,0,0,0
TFIDF+HC__Slife__10010000011507,tfidf_hc_K20,TFIDF+HC,Slife,10010000011507,login.other.cannot_or_fail,登录与非登录情况下都可以设定运动目标，有网络和无网络之下也都可以设定运动目标。目标设定有限值，无法满足想要加强运动量的人的需求。,7,10010000011075,在有链接网络的情况下，启动微博，再进行分享，点击确定授权，出现网络连接失败!并且点击取消之后回到应用分享的时候页面没有提示分享失败！,share.page_view.cannot_share,Slife__C2,Slife__C1,0.080001,0,0,1,0,0,0,0
TFIDF+HC__Slife__10010000011507,tfidf_hc_K20,TFIDF+HC,Slife,10010000011507,login.other.cannot_or_fail,登录与非登录情况下都可以设定运动目标，有网络和无网络之下也都可以设定运动目标。目标设定有限值，无法满足想要加强运动量的人的需求。,8,10010000010337,在将数据分享到微博时，会提示文件不存在，无法分享。还会提示网络有问题，而网络其实是没有问题的。并且在分享界面中使用kikbug无法截图…,share.page_view.cannot_share,Slife__C17,Slife__C1,0.069528,0,0,1,0,0,0,0
TFIDF+HC__Slife__10010000011507,tfidf_hc_K20,TFIDF+HC,Slife,10010000011507,login.other.cannot_or_fail,登录与非登录情况下都可以设定运动目标，有网络和无网络之下也都可以设定运动目标。目标设定有限值，无法满足想要加强运动量的人的需求。,9,10010000011251,当完成运动目标后，选择分享到社交平台，无法使用提供的朋友圈图标按钮分享到微信朋友圈，显示发送失败,share.button_icon.cannot_send,Slife__C2,Slife__C1,0.071873,0,0,1,0,0,0,0
TFIDF+HC__Slife__10010000011507,tfidf_hc_K20,TFIDF+HC,Slife,10010000011507,login.other.cannot_or_fail,登录与非登录情况下都可以设定运动目标，有网络和无网络之下也都可以设定运动目标。目标设定有限值，无法满足想要加强运动量的人的需求。,10,10010000010111,在进行运动目标设置的时候，系统会提醒建议运动量基于Roza和Shizga修正的HarrisBenedict的公式计算，但是却并没有给出…,notification.page_view.other,Slife__C0,Slife__C1,0.068708,0,0,1,0,0,0,0
TFIDF+HC__Slife__10010000011507,tfidf_hc_K20,TFIDF+HC,Slife,10010000011507,login.other.cannot_or_fail,登录与非登录情况下都可以设定运动目标，有网络和无网络之下也都可以设定运动目标。目标设定有限值，无法满足想要加强运动量的人的需求。,11,10010000010161,在没有网络没有GPS的情况下，可以计步。,step_count.gps.other,Slife__C7,Slife__C1,0.136167,0,0,1,0,0,0,0
TFIDF+HC__Slife__10010000011507,tfidf_hc_K20,TFIDF+HC,Slife,10010000011507,login.other.cannot_or_fail,登录与非登录情况下都可以设定运动目标，有网络和无网络之下也都可以设定运动目标。目标设定有限值，无法满足想要加强运动量的人的需求。,12,10010000010237,分享功能不能使用微信朋友圈分享，其他都可以分享。,share.share_panel.cannot_or_fail,Slife__C2,Slife__C1,0.077279,0,0,1,0,0,0,0
TFIDF+HC__Slife__10010000011507,tfidf_hc_K20,TFIDF+HC,Slife,10010000011507,login.other.cannot_or_fail,登录与非登录情况下都可以设定运动目标，有网络和无网络之下也都可以设定运动目标。目标设定有限值，无法满足想要加强运动量的人的需求。,13,10010000010750,设置运动目标功能，在个人设置选择好个人信息后，得到建议运动量，此时不点击完成，点击上一步修改个人信息，修改个人信息后，建议运动量不更新,run_walk.page_view.wrong_value,Slife__C1,Slife__C1,0.081601,0,0,0,0,0,0,0
TFIDF+HC__Slife__10010000011507,tfidf_hc_K20,TFIDF+HC,Slife,10010000011507,login.other.cannot_or_fail,登录与非登录情况下都可以设定运动目标，有网络和无网络之下也都可以设定运动目标。目标设定有限值，无法满足想要加强运动量的人的需求。,14,10010000009940,问题描述:设置运动目标中设置步数区间娇小，建议优化,step_count.page_view.other,Slife__C1,Slife__C1,0.071249,0,0,0,0,0,0,0
TFIDF+HC__Slife__10010000011507,tfidf_hc_K20,TFIDF+HC,Slife,10010000011507,login.other.cannot_or_fail,登录与非登录情况下都可以设定运动目标，有网络和无网络之下也都可以设定运动目标。目标设定有限值，无法满足想要加强运动量的人的需求。,15,10010000007579,"在未登录状态下,在侧边栏点击设定目标,可以进行设定,并没有跳转到登录界面,而未登录状态下的目标设定是没有意义的",login.page_view.other,Slife__C4,Slife__C1,0.140345,0,1,1,0,0,1,0
TFIDF+HC__Slife__10010000011507,tfidf_hc_K20,TFIDF+HC,Slife,10010000011507,login.other.cannot_or_fail,登录与非登录情况下都可以设定运动目标，有网络和无网络之下也都可以设定运动目标。目标设定有限值，无法满足想要加强运动量的人的需求。,16,10010000011444,在选择设定运动目标之后，开始完善个人信息，但是在选择了一项个人信息之后，就把上一步选项置灰了，感觉就像是不可以修改的感觉，这会给用户造…,run_walk.other.cannot_or_fail,Slife__C1,Slife__C1,0.090912,0,0,0,0,0,0,0
TFIDF+HC__Slife__10010000011507,tfidf_hc_K20,TFIDF+HC,Slife,10010000011507,login.other.cannot_or_fail,登录与非登录情况下都可以设定运动目标，有网络和无网络之下也都可以设定运动目标。目标设定有限值，无法满足想要加强运动量的人的需求。,17,10010000011229,复现步骤:运动的qq分享会跳转到浏览器登录，没有直接在QQ应用上登录,login.share_panel.other,Slife__C2,Slife__C1,0.046778,0,1,1,0,0,0,0
TFIDF+HC__Slife__10010000011507,tfidf_hc_K20,TFIDF+HC,Slife,10010000011507,login.other.cannot_or_fail,登录与非登录情况下都可以设定运动目标，有网络和无网络之下也都可以设定运动目标。目标设定有限值，无法满足想要加强运动量的人的需求。,18,10010000011437,在不登录的情况下记录的结果，在登录时依旧可以显示，安全性严重不足。如果他人在同台设备登录时，将看到原先没有登录的用户的结果，导致他人隐…,login.list_item.other,Slife__C5,Slife__C1,0.086437,0,1,1,0,0,0,0
TFIDF+HC__Slife__10010000011507,tfidf_hc_K20,TFIDF+HC,Slife,10010000011507,login.other.cannot_or_fail,登录与非登录情况下都可以设定运动目标，有网络和无网络之下也都可以设定运动目标。目标设定有限值，无法满足想要加强运动量的人的需求。,19,10010000010556,打开Slife，设定运动目标后开始运动，当选择在室内行走（类似导致手机晃动不剧烈运动）时，主界面步数、距离、时间等变化不连贯或不变化，…,step_count.page_view.other,Slife__C1,Slife__C1,0.088432,0,0,0,0,0,0,0
TFIDF+HC__Slife__10010000011507,tfidf_hc_K20,TFIDF+HC,Slife,10010000011507,login.other.cannot_or_fail,登录与非登录情况下都可以设定运动目标，有网络和无网络之下也都可以设定运动目标。目标设定有限值，无法满足想要加强运动量的人的需求。,20,10010000009870,在进入设定目标时，只展现了每天的步行步数目标，而没有其他信息，使用户无法直接了解到设定的目标信息。,step_count.step.cannot_or_fail,Slife__C3,Slife__C1,0.102948,0,0,1,0,0,0,0
TFIDF+HC__Slife__10010000011507,tfidf_hc_K20,TFIDF+HC,Slife,10010000011507,login.other.cannot_or_fail,登录与非登录情况下都可以设定运动目标，有网络和无网络之下也都可以设定运动目标。目标设定有限值，无法满足想要加强运动量的人的需求。,21,10010000010261,打开Slife，设定运动目标后开始运动，运动完成后，打开应用主界面，下拉主界面，选择分享到新浪微博，应用成功拉起新浪微博后，并不能实现…,share.page_view.cannot_or_fail,Slife__C1,Slife__C1,0.091506,0,0,0,0,0,0,0
TFIDF+HC__Slife__10010000011507,tfidf_hc_K20,TFIDF+HC,Slife,10010000011507,login.other.cannot_or_fail,登录与非登录情况下都可以设定运动目标，有网络和无网络之下也都可以设定运动目标。目标设定有限值，无法满足想要加强运动量的人的需求。,22,10010000007765,在修改密码或设置密码时，没有提示密码设置的相关限制，如不能以下划线开头，密码长度也没有提示，没有相关的密保问题，任何人都可以进行修改密码操作,settings.page_view.no_prompt,Slife__C5,Slife__C1,0.058998,0,0,1,0,0,0,0
TFIDF+HC__Slife__10010000011507,tfidf_hc_K20,TFIDF+HC,Slife,10010000011507,login.other.cannot_or_fail,登录与非登录情况下都可以设定运动目标，有网络和无网络之下也都可以设定运动目标。目标设定有限值，无法满足想要加强运动量的人的需求。,23,10010000010890,用户点击分享链接，直接进入应用下载页面，无法查看运动数据,share.page_view.cannot_or_fail,Slife__C9,Slife__C1,0.040643,0,0,1,0,0,0,0
TFIDF+HC__Slife__10010000011507,tfidf_hc_K20,TFIDF+HC,Slife,10010000011507,login.other.cannot_or_fail,登录与非登录情况下都可以设定运动目标，有网络和无网络之下也都可以设定运动目标。目标设定有限值，无法满足想要加强运动量的人的需求。,24,10010000011714,目标设置里，未登录设置目标，登陆后原来目标依存在，卸载软件后，设置目标消失。,login.page_view.other,Slife__C1,Slife__C1,0.118431,0,1,0,0,0,0,0
TFIDF+HC__Slife__10010000011507,tfidf_hc_K20,TFIDF+HC,Slife,10010000011507,login.other.cannot_or_fail,登录与非登录情况下都可以设定运动目标，有网络和无网络之下也都可以设定运动目标。目标设定有限值，无法满足想要加强运动量的人的需求。,25,10010000010452,注册一个新账号，并登陆成功，设置目标后，携带手机开始运动，开始运动时，只有步数在增加，在运动一段时间后，运动时间仍然是0,register.page_view.other,Slife__C0,Slife__C1,0.058466,0,0,1,0,0,0,0
TFIDF+HC__Slife__10010000011507,tfidf_hc_K20,TFIDF+HC,Slife,10010000011507,login.other.cannot_or_fail,登录与非登录情况下都可以设定运动目标，有网络和无网络之下也都可以设定运动目标。目标设定有限值，无法满足想要加强运动量的人的需求。,26,10010000010182,打开Slife，设定运动目标后开始运动，运动完成，进入应用主界面，下拉界面，显示分享区，选择分享到朋友圈，手机屏幕闪烁后，显示“发送失…,share.page_view.cannot_send,Slife__C1,Slife__C1,0.102197,0,0,0,0,0,0,0
TFIDF+HC__Slife__10010000011507,tfidf_hc_K20,TFIDF+HC,Slife,10010000011507,login.other.cannot_or_fail,登录与非登录情况下都可以设定运动目标，有网络和无网络之下也都可以设定运动目标。目标设定有限值，无法满足想要加强运动量的人的需求。,27,10010000010670,步数多的所对应的卡路里没有步数少的对应的卡路里多，并且，在目标设定的最后一个界面，这个界面既可以根据公式算出，但是也可以自己手动调节，…,step_count.page_view.wrong_value,Slife__C3,Slife__C1,0.070215,0,0,1,0,0,0,0
TFIDF+HC__Slife__10010000011507,tfidf_hc_K20,TFIDF+HC,Slife,10010000011507,login.other.cannot_or_fail,登录与非登录情况下都可以设定运动目标，有网络和无网络之下也都可以设定运动目标。目标设定有限值，无法满足想要加强运动量的人的需求。,28,10010000010662,登录方法单一，只可以使用邮箱注册，没有其他方式，同时，不可以第三方登陆,register.other.cannot_or_fail,Slife__C5,Slife__C1,0.059802,0,0,1,0,0,0,0
TFIDF+HC__Slife__10010000011507,tfidf_hc_K20,TFIDF+HC,Slife,10010000011507,login.other.cannot_or_fail,登录与非登录情况下都可以设定运动目标，有网络和无网络之下也都可以设定运动目标。目标设定有限值，无法满足想要加强运动量的人的需求。,29,10010000011249,设置运动目标时，用户不能够自定义设置运动步数，可能会使一些运动量较少的用户感到困惑。,step_count.page_view.cannot_or_fail,Slife__C1,Slife__C1,0.10313,0,0,0,0,0,0,0
TFIDF+HC__Slife__10010000011507,tfidf_hc_K20,TFIDF+HC,Slife,10010000011507,login.other.cannot_or_fail,登录与非登录情况下都可以设定运动目标，有网络和无网络之下也都可以设定运动目标。目标设定有限值，无法满足想要加强运动量的人的需求。,30,10010000010525,修改密码时，无法识别空格，比如设置密码为1空格 显示修改成功，但是登录时还是只能输入1才能登录成功,login.page_view.cannot_or_fail,Slife__C5,Slife__C1,0.044952,0,1,1,0,0,0,0
TFIDF+HC__Slife__10010000011507,tfidf_hc_K20,TFIDF+HC,Slife,10010000011507,login.other.cannot_or_fail,登录与非登录情况下都可以设定运动目标，有网络和无网络之下也都可以设定运动目标。目标设定有限值，无法满足想要加强运动量的人的需求。,31,10010000010109,在未登录的情况下，设置了目标后，来回走动，有时候计步器会增加，有时候（步速较慢的情况下）好久都不增加,login.page_view.other,Slife__C7,Slife__C1,0.096092,0,1,1,0,0,0,0
TFIDF+HC__Slife__10010000011507,tfidf_hc_K20,TFIDF+HC,Slife,10010000011507,login.other.cannot_or_fail,登录与非登录情况下都可以设定运动目标，有网络和无网络之下也都可以设定运动目标。目标设定有限值，无法满足想要加强运动量的人的需求。,32,10010000010838,在分享运动结果时，不管是完成还是未完成设定的运动目标都可以进行分享，建议在分享时提示“恭喜您完成今天的运动目标！”或者“今天没能完成目…,share.share_panel.wrong_value,Slife__C1,Slife__C1,0.130162,0,0,0,0,0,0,0
TFIDF+HC__Slife__10010000011507,tfidf_hc_K20,TFIDF+HC,Slife,10010000011507,login.other.cannot_or_fail,登录与非登录情况下都可以设定运动目标，有网络和无网络之下也都可以设定运动目标。目标设定有限值，无法满足想要加强运动量的人的需求。,33,10010000010162,指定运动目标时。用户不可以手动输入，只能通过APP计算得出。,run_walk.other.cannot_or_fail,Slife__C1,Slife__C1,0.118095,0,0,0,0,0,0,0
TFIDF+HC__Slife__10010000011507,tfidf_hc_K20,TFIDF+HC,Slife,10010000011507,login.other.cannot_or_fail,登录与非登录情况下都可以设定运动目标，有网络和无网络之下也都可以设定运动目标。目标设定有限值，无法满足想要加强运动量的人的需求。,34,10010000010265,在设定运动目标时，用户不能邀请亲近的人一起运动并监督自己，可以在这一块邀请好友一起来设定运动目标会更好，用户体验目标不佳，只能设置一个人的,run_walk.page_view.cannot_or_fail,Slife__C1,Slife__C1,0.18344,0,0,0,0,0,0,0
TFIDF+HC__Slife__10010000011507,tfidf_hc_K20,TFIDF+HC,Slife,10010000011507,login.other.cannot_or_fail,登录与非登录情况下都可以设定运动目标，有网络和无网络之下也都可以设定运动目标。目标设定有限值，无法满足想要加强运动量的人的需求。,35,10010000010258,步骤:1.设定运动目标后，在首页查看步数,step_count.page_view.other,Slife__C1,Slife__C1,0.151145,0,0,0,0,0,0,0
TFIDF+HC__Slife__10010000011507,tfidf_hc_K20,TFIDF+HC,Slife,10010000011507,login.other.cannot_or_fail,登录与非登录情况下都可以设定运动目标，有网络和无网络之下也都可以设定运动目标。目标设定有限值，无法满足想要加强运动量的人的需求。,36,10010000010163,设定目标的时候，点击重新设置，如果想放弃重新设置，返回之前所设定的目标，无法返回,settings.page_view.cannot_or_fail,Slife__C1,Slife__C1,0.114434,0,0,0,0,0,0,0
TFIDF+HC__Slife__10010000011507,tfidf_hc_K20,TFIDF+HC,Slife,10010000011507,login.other.cannot_or_fail,登录与非登录情况下都可以设定运动目标，有网络和无网络之下也都可以设定运动目标。目标设定有限值，无法满足想要加强运动量的人的需求。,37,10010000007594,步骤2后登录界面的登录账号只可以输入邮箱名称，不可以输入用户名，见截图1,login.page_view.cannot_or_fail,Slife__C5,Slife__C1,0.061237,0,1,1,0,0,0,0
TFIDF+HC__Slife__10010000011507,tfidf_hc_K20,TFIDF+HC,Slife,10010000011507,login.other.cannot_or_fail,登录与非登录情况下都可以设定运动目标，有网络和无网络之下也都可以设定运动目标。目标设定有限值，无法满足想要加强运动量的人的需求。,38,10010000011301,同样差值为1卡路里，步数差值为30或者31，且不能设定步数为目标。,step_count.step.cannot_or_fail,Slife__C3,Slife__C1,0.065327,0,0,1,0,0,0,0
SBERT+HC__Slife__10010000011507,sbert_hc_K20,SBERT+HC,Slife,10010000011507,login.other.cannot_or_fail,登录与非登录情况下都可以设定运动目标，有网络和无网络之下也都可以设定运动目标。目标设定有限值，无法满足想要加强运动量的人的需求。,1,10010000010312,在用户未登陆时，当将运动情况通过微信分享到朋友圈时，发送失败。而其他应用如qq则能够分享成功。,share.share_panel.cannot_send,Slife__C6,Slife__C3,0.027103,0,0,1,0,0,0,0
SBERT+HC__Slife__10010000011507,sbert_hc_K20,SBERT+HC,Slife,10010000011507,login.other.cannot_or_fail,登录与非登录情况下都可以设定运动目标，有网络和无网络之下也都可以设定运动目标。目标设定有限值，无法满足想要加强运动量的人的需求。,2,10010000010162,指定运动目标时。用户不可以手动输入，只能通过APP计算得出。,run_walk.other.cannot_or_fail,Slife__C3,Slife__C3,0.118095,0,0,0,0,0,0,0
SBERT+HC__Slife__10010000011507,sbert_hc_K20,SBERT+HC,Slife,10010000011507,login.other.cannot_or_fail,登录与非登录情况下都可以设定运动目标，有网络和无网络之下也都可以设定运动目标。目标设定有限值，无法满足想要加强运动量的人的需求。,3,10010000011600,首页进入到设定目标页面，点击“重新设置”按钮，进入选择“男士女士”头像界面，再点击返回键，理应回到设定目标界面，实际上却回到了首页。,settings.button_icon.other,Slife__C18,Slife__C3,0.056663,0,0,1,0,0,0,0
SBERT+HC__Slife__10010000011507,sbert_hc_K20,SBERT+HC,Slife,10010000011507,login.other.cannot_or_fail,登录与非登录情况下都可以设定运动目标，有网络和无网络之下也都可以设定运动目标。目标设定有限值，无法满足想要加强运动量的人的需求。,4,10010000011249,设置运动目标时，用户不能够自定义设置运动步数，可能会使一些运动量较少的用户感到困惑。,step_count.page_view.cannot_or_fail,Slife__C3,Slife__C3,0.10313,0,0,0,0,0,0,0
SBERT+HC__Slife__10010000011507,sbert_hc_K20,SBERT+HC,Slife,10010000011507,login.other.cannot_or_fail,登录与非登录情况下都可以设定运动目标，有网络和无网络之下也都可以设定运动目标。目标设定有限值，无法满足想要加强运动量的人的需求。,5,10010000010106,在设置个人信息时，只能按照特定提示去设置个人信息，而且最后的运动目标是应用自己计算生成，对于运动达人来说，想要根据自身情况去设置目标并…,run_walk.page_view.cannot_or_fail,Slife__C3,Slife__C3,0.091244,0,0,0,0,0,0,0
SBERT+HC__Slife__10010000011507,sbert_hc_K20,SBERT+HC,Slife,10010000011507,login.other.cannot_or_fail,登录与非登录情况下都可以设定运动目标，有网络和无网络之下也都可以设定运动目标。目标设定有限值，无法满足想要加强运动量的人的需求。,6,10010000010274,设置运动目标只能在一定范围内选定，不能高于或低于系统设定范围,run_walk.page_view.cannot_or_fail,Slife__C3,Slife__C3,0.089611,0,0,0,0,0,0,0
SBERT+HC__Slife__10010000011507,sbert_hc_K20,SBERT+HC,Slife,10010000011507,login.other.cannot_or_fail,登录与非登录情况下都可以设定运动目标，有网络和无网络之下也都可以设定运动目标。目标设定有限值，无法满足想要加强运动量的人的需求。,7,10010000010693,用户设置运动目标 ，用户轻度运动就需要最少9836步，而中度运动最少目标是7962步，这样的设置不够灵活，步数太多不容易实现。,step_count.page_view.other,Slife__C3,Slife__C3,0.074878,0,0,0,0,0,0,0
SBERT+HC__Slife__10010000011507,sbert_hc_K20,SBERT+HC,Slife,10010000011507,login.other.cannot_or_fail,登录与非登录情况下都可以设定运动目标，有网络和无网络之下也都可以设定运动目标。目标设定有限值，无法满足想要加强运动量的人的需求。,8,10010000010521,在设定运动目标时，当输入的体重分别为30kg和200kg，而其他条件一致时，进入推算结果界面的设定目标步数却一样，当点击确定之后再次进…,step_count.page_view.other,Slife__C7,Slife__C3,0.111398,0,0,1,0,0,0,0
SBERT+HC__Slife__10010000011507,sbert_hc_K20,SBERT+HC,Slife,10010000011507,login.other.cannot_or_fail,登录与非登录情况下都可以设定运动目标，有网络和无网络之下也都可以设定运动目标。目标设定有限值，无法满足想要加强运动量的人的需求。,9,10010000011152,Slife软件对于运动不敏感，当自己运动了有几分钟才会在首页的步数上有体现。,step_count.page_view.other,Slife__C1,Slife__C3,0.026562,0,0,1,0,0,0,0
SBERT+HC__Slife__10010000011507,sbert_hc_K20,SBERT+HC,Slife,10010000011507,login.other.cannot_or_fail,登录与非登录情况下都可以设定运动目标，有网络和无网络之下也都可以设定运动目标。目标设定有限值，无法满足想要加强运动量的人的需求。,10,10010000011591,设定的运动目标范围不能自由定义。如果用户天天运动数量较少，一开始就给设置为最小9000步，用户可能会因为完不成目标而有抵触心理，时间一…,run_walk.page_view.cannot_or_fail,Slife__C3,Slife__C3,0.085463,0,0,0,0,0,0,0
SBERT+HC__Slife__10010000011507,sbert_hc_K20,SBERT+HC,Slife,10010000011507,login.other.cannot_or_fail,登录与非登录情况下都可以设定运动目标，有网络和无网络之下也都可以设定运动目标。目标设定有限值，无法满足想要加强运动量的人的需求。,11,10010000011146,设定目标，不能选择运动方式，用户使用不方便。,run_walk.other.cannot_or_fail,Slife__C3,Slife__C3,0.084379,0,0,0,0,0,0,0
SBERT+HC__Slife__10010000011507,sbert_hc_K20,SBERT+HC,Slife,10010000011507,login.other.cannot_or_fail,登录与非登录情况下都可以设定运动目标，有网络和无网络之下也都可以设定运动目标。目标设定有限值，无法满足想要加强运动量的人的需求。,12,10010000011251,当完成运动目标后，选择分享到社交平台，无法使用提供的朋友圈图标按钮分享到微信朋友圈，显示发送失败,share.button_icon.cannot_send,Slife__C6,Slife__C3,0.071873,0,0,1,0,0,0,0
SBERT+HC__Slife__10010000011507,sbert_hc_K20,SBERT+HC,Slife,10010000011507,login.other.cannot_or_fail,登录与非登录情况下都可以设定运动目标，有网络和无网络之下也都可以设定运动目标。目标设定有限值，无法满足想要加强运动量的人的需求。,13,10010000007682,在设定目标，拖动进度条的时候不容易控制，应该设置为可以选择相应数字。,settings.slider.other,Slife__C3,Slife__C3,0.074806,0,0,0,0,0,0,0
SBERT+HC__Slife__10010000011507,sbert_hc_K20,SBERT+HC,Slife,10010000011507,login.other.cannot_or_fail,登录与非登录情况下都可以设定运动目标，有网络和无网络之下也都可以设定运动目标。目标设定有限值，无法满足想要加强运动量的人的需求。,14,10010000011432,"分享运动结果:网络情况正常，微信正常，分享运动结果到微信朋友圈，跳回应用界面并显示 """"发送失败请重试""。",share.page_view.cannot_send,Slife__C6,Slife__C3,0.050238,0,0,1,0,0,0,0
SBERT+HC__Slife__10010000011507,sbert_hc_K20,SBERT+HC,Slife,10010000011507,login.other.cannot_or_fail,登录与非登录情况下都可以设定运动目标，有网络和无网络之下也都可以设定运动目标。目标设定有限值，无法满足想要加强运动量的人的需求。,15,10010000010248,用户能够设定的运动范围过小，不能满足用户需求,run_walk.other.cannot_or_fail,Slife__C3,Slife__C3,0.091737,0,0,0,0,0,0,0
SBERT+HC__Slife__10010000011507,sbert_hc_K20,SBERT+HC,Slife,10010000011507,login.other.cannot_or_fail,登录与非登录情况下都可以设定运动目标，有网络和无网络之下也都可以设定运动目标。目标设定有限值，无法满足想要加强运动量的人的需求。,16,10010000010686,用户每日目标步数应可自行设置，不应只让用户在滑块上选择,step_count.page_view.other,Slife__C3,Slife__C3,0.031906,0,0,0,0,0,0,0
SBERT+HC__Slife__10010000011507,sbert_hc_K20,SBERT+HC,Slife,10010000011507,login.other.cannot_or_fail,登录与非登录情况下都可以设定运动目标，有网络和无网络之下也都可以设定运动目标。目标设定有限值，无法满足想要加强运动量的人的需求。,17,10010000010640,设置运动目标页面，点击重新设置，进入个人信息页面，选择性别之后点击上一步，选择另一个性别，出现截图所示情况，无法继续设置。,run_walk.page_view.cannot_or_fail,Slife__C18,Slife__C3,0.078172,0,0,1,0,0,0,0
SBERT+HC__Slife__10010000011507,sbert_hc_K20,SBERT+HC,Slife,10010000011507,login.other.cannot_or_fail,登录与非登录情况下都可以设定运动目标，有网络和无网络之下也都可以设定运动目标。目标设定有限值，无法满足想要加强运动量的人的需求。,18,10010000010750,设置运动目标功能，在个人设置选择好个人信息后，得到建议运动量，此时不点击完成，点击上一步修改个人信息，修改个人信息后，建议运动量不更新,run_walk.page_view.wrong_value,Slife__C3,Slife__C3,0.081601,0,0,0,0,0,0,0
SBERT+HC__Slife__10010000011507,sbert_hc_K20,SBERT+HC,Slife,10010000011507,login.other.cannot_or_fail,登录与非登录情况下都可以设定运动目标，有网络和无网络之下也都可以设定运动目标。目标设定有限值，无法满足想要加强运动量的人的需求。,19,10010000011759,用户选择分享运动记录时，若选择分享到朋友圈，则显示“分享失败”，若选择分享到微博则无法跳转到微博，即使在联网的状态下，也显示网络连接有问题。,share.list_item.cannot_share,Slife__C6,Slife__C3,0.052825,0,0,1,0,0,0,0
SBERT+HC__Slife__10010000011507,sbert_hc_K20,SBERT+HC,Slife,10010000011507,login.other.cannot_or_fail,登录与非登录情况下都可以设定运动目标，有网络和无网络之下也都可以设定运动目标。目标设定有限值，无法满足想要加强运动量的人的需求。,20,10010000010182,打开Slife，设定运动目标后开始运动，运动完成，进入应用主界面，下拉界面，显示分享区，选择分享到朋友圈，手机屏幕闪烁后，显示“发送失…,share.page_view.cannot_send,Slife__C18,Slife__C3,0.102197,0,0,1,0,0,0,0
SBERT+HC__Slife__10010000011507,sbert_hc_K20,SBERT+HC,Slife,10010000011507,login.other.cannot_or_fail,登录与非登录情况下都可以设定运动目标，有网络和无网络之下也都可以设定运动目标。目标设定有限值，无法满足想要加强运动量的人的需求。,21,10010000011016,用户在未登录的状态下任可将运动结果分享到社交平台上，如未登录时将运动结果分享至QQ,login.share_panel.other,Slife__C6,Slife__C3,0.057808,0,1,1,0,0,0,0
SBERT+HC__Slife__10010000011507,sbert_hc_K20,SBERT+HC,Slife,10010000011507,login.other.cannot_or_fail,登录与非登录情况下都可以设定运动目标，有网络和无网络之下也都可以设定运动目标。目标设定有限值，无法满足想要加强运动量的人的需求。,22,10010000010452,注册一个新账号，并登陆成功，设置目标后，携带手机开始运动，开始运动时，只有步数在增加，在运动一段时间后，运动时间仍然是0,register.page_view.other,Slife__C18,Slife__C3,0.058466,0,0,1,0,0,0,0
SBERT+HC__Slife__10010000011507,sbert_hc_K20,SBERT+HC,Slife,10010000011507,login.other.cannot_or_fail,登录与非登录情况下都可以设定运动目标，有网络和无网络之下也都可以设定运动目标。目标设定有限值，无法满足想要加强运动量的人的需求。,23,10010000011122,重置运动目标是，进行对身高，体重，出生年月，活动强度等各极限数值进行随意搭配，发现系统总能给出不同目标，表明应用只进行运算，不够智能，…,run_walk.other.cannot_or_fail,Slife__C7,Slife__C3,0.071598,0,0,1,0,0,0,0
SBERT+HC__Slife__10010000011507,sbert_hc_K20,SBERT+HC,Slife,10010000011507,login.other.cannot_or_fail,登录与非登录情况下都可以设定运动目标，有网络和无网络之下也都可以设定运动目标。目标设定有限值，无法满足想要加强运动量的人的需求。,24,10010000011524,设定运动目标时可选择的范围过小，如今很多人一天能走两三万步左右，相对于想减肥的人群来说，自然想把目标定高，而该app的根据我的身高体重…,step_count.step.cannot_or_fail,Slife__C7,Slife__C3,0.109937,0,0,1,0,0,0,0
SBERT+HC__Slife__10010000011507,sbert_hc_K20,SBERT+HC,Slife,10010000011507,login.other.cannot_or_fail,登录与非登录情况下都可以设定运动目标，有网络和无网络之下也都可以设定运动目标。目标设定有限值，无法满足想要加强运动量的人的需求。,25,10010000009940,问题描述:设置运动目标中设置步数区间娇小，建议优化,step_count.page_view.other,Slife__C3,Slife__C3,0.071249,0,0,0,0,0,0,0
SBERT+HC__Slife__10010000011507,sbert_hc_K20,SBERT+HC,Slife,10010000011507,login.other.cannot_or_fail,登录与非登录情况下都可以设定运动目标，有网络和无网络之下也都可以设定运动目标。目标设定有限值，无法满足想要加强运动量的人的需求。,26,10010000010289,设定目标没有用户自己填写目标的文本框,settings.input_box.other,Slife__C3,Slife__C3,0.083934,0,0,0,0,0,0,0
SBERT+HC__Slife__10010000011507,sbert_hc_K20,SBERT+HC,Slife,10010000011507,login.other.cannot_or_fail,登录与非登录情况下都可以设定运动目标，有网络和无网络之下也都可以设定运动目标。目标设定有限值，无法满足想要加强运动量的人的需求。,27,10010000007579,"在未登录状态下,在侧边栏点击设定目标,可以进行设定,并没有跳转到登录界面,而未登录状态下的目标设定是没有意义的",login.page_view.other,Slife__C3,Slife__C3,0.140345,0,1,0,0,0,0,0
SBERT+HC__Slife__10010000011507,sbert_hc_K20,SBERT+HC,Slife,10010000011507,login.other.cannot_or_fail,登录与非登录情况下都可以设定运动目标，有网络和无网络之下也都可以设定运动目标。目标设定有限值，无法满足想要加强运动量的人的需求。,28,10010000010258,步骤:1.设定运动目标后，在首页查看步数,step_count.page_view.other,Slife__C18,Slife__C3,0.151145,0,0,1,0,0,0,0
SBERT+HC__Slife__10010000011507,sbert_hc_K20,SBERT+HC,Slife,10010000011507,login.other.cannot_or_fail,登录与非登录情况下都可以设定运动目标，有网络和无网络之下也都可以设定运动目标。目标设定有限值，无法满足想要加强运动量的人的需求。,29,10010000009927,即使不登录账号也可以进行设置运动目标,login.page_view.other,Slife__C3,Slife__C3,0.140415,0,1,0,0,0,0,0
SBERT+HC__Slife__10010000011507,sbert_hc_K20,SBERT+HC,Slife,10010000011507,login.other.cannot_or_fail,登录与非登录情况下都可以设定运动目标，有网络和无网络之下也都可以设定运动目标。目标设定有限值，无法满足想要加强运动量的人的需求。,30,10010000010556,打开Slife，设定运动目标后开始运动，当选择在室内行走（类似导致手机晃动不剧烈运动）时，主界面步数、距离、时间等变化不连贯或不变化，…,step_count.page_view.other,Slife__C18,Slife__C3,0.088432,0,0,1,0,0,0,0
SBERT+HC__Slife__10010000011507,sbert_hc_K20,SBERT+HC,Slife,10010000011507,login.other.cannot_or_fail,登录与非登录情况下都可以设定运动目标，有网络和无网络之下也都可以设定运动目标。目标设定有限值，无法满足想要加强运动量的人的需求。,31,10010000010416,运动过程中，关闭GPS定位，手部如果不做出大幅度动作，应用就无法统计数据。,gps_track.gps.cannot_or_fail,Slife__C0,Slife__C3,0.029627,0,0,1,0,0,0,0
SBERT+HC__Slife__10010000011507,sbert_hc_K20,SBERT+HC,Slife,10010000011507,login.other.cannot_or_fail,登录与非登录情况下都可以设定运动目标，有网络和无网络之下也都可以设定运动目标。目标设定有限值，无法满足想要加强运动量的人的需求。,32,10010000011714,目标设置里，未登录设置目标，登陆后原来目标依存在，卸载软件后，设置目标消失。,login.page_view.other,Slife__C3,Slife__C3,0.118431,0,1,0,0,0,0,0
SBERT+HC__Slife__10010000011507,sbert_hc_K20,SBERT+HC,Slife,10010000011507,login.other.cannot_or_fail,登录与非登录情况下都可以设定运动目标，有网络和无网络之下也都可以设定运动目标。目标设定有限值，无法满足想要加强运动量的人的需求。,33,10010000009870,在进入设定目标时，只展现了每天的步行步数目标，而没有其他信息，使用户无法直接了解到设定的目标信息。,step_count.step.cannot_or_fail,Slife__C3,Slife__C3,0.102948,0,0,0,0,0,0,0
SBERT+HC__Slife__10010000011507,sbert_hc_K20,SBERT+HC,Slife,10010000011507,login.other.cannot_or_fail,登录与非登录情况下都可以设定运动目标，有网络和无网络之下也都可以设定运动目标。目标设定有限值，无法满足想要加强运动量的人的需求。,34,10010000011488,如图：在分享列表中，只能将运动数据分享给其他的应用程序，而无法分享给本应用内的好友。用户体验较差。,share.list_item.cannot_share,Slife__C6,Slife__C3,0.021501,0,0,1,0,0,0,0
SBERT+HC__Slife__10010000011507,sbert_hc_K20,SBERT+HC,Slife,10010000011507,login.other.cannot_or_fail,登录与非登录情况下都可以设定运动目标，有网络和无网络之下也都可以设定运动目标。目标设定有限值，无法满足想要加强运动量的人的需求。,35,10010000010265,在设定运动目标时，用户不能邀请亲近的人一起运动并监督自己，可以在这一块邀请好友一起来设定运动目标会更好，用户体验目标不佳，只能设置一个人的,run_walk.page_view.cannot_or_fail,Slife__C3,Slife__C3,0.18344,0,0,0,0,0,0,0
SBERT+HC__Slife__10010000011507,sbert_hc_K20,SBERT+HC,Slife,10010000011507,login.other.cannot_or_fail,登录与非登录情况下都可以设定运动目标，有网络和无网络之下也都可以设定运动目标。目标设定有限值，无法满足想要加强运动量的人的需求。,36,10010000010031,"无论日常活动强度选择哪个，只要性别,体重,身高,年龄一样，步行和卡路里目标都是一样的。设定的目标不合理。",run_walk.step.other,Slife__C7,Slife__C3,0.069215,0,0,1,0,0,0,0
SBERT+HC__Slife__10010000011507,sbert_hc_K20,SBERT+HC,Slife,10010000011507,login.other.cannot_or_fail,登录与非登录情况下都可以设定运动目标，有网络和无网络之下也都可以设定运动目标。目标设定有限值，无法满足想要加强运动量的人的需求。,37,10010000010261,打开Slife，设定运动目标后开始运动，运动完成后，打开应用主界面，下拉主界面，选择分享到新浪微博，应用成功拉起新浪微博后，并不能实现…,share.page_view.cannot_or_fail,Slife__C18,Slife__C3,0.091506,0,0,1,0,0,0,0
LLMCluster__Slife__10010000011507,llmcluster_glm-4-air,LLMCluster,Slife,10010000011507,login.other.cannot_or_fail,登录与非登录情况下都可以设定运动目标，有网络和无网络之下也都可以设定运动目标。目标设定有限值，无法满足想要加强运动量的人的需求。,1,10010000009940,问题描述:设置运动目标中设置步数区间娇小，建议优化,step_count.page_view.other,Slife__C10,Slife__C10,0.071249,0,0,0,0,0,0,0
LLMCluster__Slife__10010000011507,llmcluster_glm-4-air,LLMCluster,Slife,10010000011507,login.other.cannot_or_fail,登录与非登录情况下都可以设定运动目标，有网络和无网络之下也都可以设定运动目标。目标设定有限值，无法满足想要加强运动量的人的需求。,2,10010000010525,修改密码时，无法识别空格，比如设置密码为1空格 显示修改成功，但是登录时还是只能输入1才能登录成功,login.page_view.cannot_or_fail,Slife__C1,Slife__C10,0.044952,0,1,1,0,0,0,0
LLMCluster__Slife__10010000011507,llmcluster_glm-4-air,LLMCluster,Slife,10010000011507,login.other.cannot_or_fail,登录与非登录情况下都可以设定运动目标，有网络和无网络之下也都可以设定运动目标。目标设定有限值，无法满足想要加强运动量的人的需求。,3,10010000010237,分享功能不能使用微信朋友圈分享，其他都可以分享。,share.share_panel.cannot_or_fail,Slife__C10,Slife__C10,0.077279,0,0,0,0,0,0,0
LLMCluster__Slife__10010000011507,llmcluster_glm-4-air,LLMCluster,Slife,10010000011507,login.other.cannot_or_fail,登录与非登录情况下都可以设定运动目标，有网络和无网络之下也都可以设定运动目标。目标设定有限值，无法满足想要加强运动量的人的需求。,4,10010000009911,设定运动目标时，不能进行手工输入步行步数，强迫症患者会感到难受,step_count.step.cannot_or_fail,Slife__C10,Slife__C10,0.119179,0,0,0,0,0,0,0
LLMCluster__Slife__10010000011507,llmcluster_glm-4-air,LLMCluster,Slife,10010000011507,login.other.cannot_or_fail,登录与非登录情况下都可以设定运动目标，有网络和无网络之下也都可以设定运动目标。目标设定有限值，无法满足想要加强运动量的人的需求。,5,10010000007765,在修改密码或设置密码时，没有提示密码设置的相关限制，如不能以下划线开头，密码长度也没有提示，没有相关的密保问题，任何人都可以进行修改密码操作,settings.page_view.no_prompt,Slife__C1,Slife__C10,0.058998,0,0,1,0,0,0,0
LLMCluster__Slife__10010000011507,llmcluster_glm-4-air,LLMCluster,Slife,10010000011507,login.other.cannot_or_fail,登录与非登录情况下都可以设定运动目标，有网络和无网络之下也都可以设定运动目标。目标设定有限值，无法满足想要加强运动量的人的需求。,6,10010000010111,在进行运动目标设置的时候，系统会提醒建议运动量基于Roza和Shizga修正的HarrisBenedict的公式计算，但是却并没有给出…,notification.page_view.other,Slife__C10,Slife__C10,0.068708,0,0,0,0,0,0,0
LLMCluster__Slife__10010000011507,llmcluster_glm-4-air,LLMCluster,Slife,10010000011507,login.other.cannot_or_fail,登录与非登录情况下都可以设定运动目标，有网络和无网络之下也都可以设定运动目标。目标设定有限值，无法满足想要加强运动量的人的需求。,7,10010000010274,设置运动目标只能在一定范围内选定，不能高于或低于系统设定范围,run_walk.page_view.cannot_or_fail,Slife__C10,Slife__C10,0.089611,0,0,0,0,0,0,0
LLMCluster__Slife__10010000011507,llmcluster_glm-4-air,LLMCluster,Slife,10010000011507,login.other.cannot_or_fail,登录与非登录情况下都可以设定运动目标，有网络和无网络之下也都可以设定运动目标。目标设定有限值，无法满足想要加强运动量的人的需求。,8,10010000010182,打开Slife，设定运动目标后开始运动，运动完成，进入应用主界面，下拉界面，显示分享区，选择分享到朋友圈，手机屏幕闪烁后，显示“发送失…,share.page_view.cannot_send,Slife__C10,Slife__C10,0.102197,0,0,0,0,0,0,0
LLMCluster__Slife__10010000011507,llmcluster_glm-4-air,LLMCluster,Slife,10010000011507,login.other.cannot_or_fail,登录与非登录情况下都可以设定运动目标，有网络和无网络之下也都可以设定运动目标。目标设定有限值，无法满足想要加强运动量的人的需求。,9,10010000011714,目标设置里，未登录设置目标，登陆后原来目标依存在，卸载软件后，设置目标消失。,login.page_view.other,Slife__C10,Slife__C10,0.118431,0,1,0,0,0,0,0
LLMCluster__Slife__10010000011507,llmcluster_glm-4-air,LLMCluster,Slife,10010000011507,login.other.cannot_or_fail,登录与非登录情况下都可以设定运动目标，有网络和无网络之下也都可以设定运动目标。目标设定有限值，无法满足想要加强运动量的人的需求。,10,10010000010265,在设定运动目标时，用户不能邀请亲近的人一起运动并监督自己，可以在这一块邀请好友一起来设定运动目标会更好，用户体验目标不佳，只能设置一个人的,run_walk.page_view.cannot_or_fail,Slife__C10,Slife__C10,0.18344,0,0,0,0,0,0,0
LLMCluster__Slife__10010000011507,llmcluster_glm-4-air,LLMCluster,Slife,10010000011507,login.other.cannot_or_fail,登录与非登录情况下都可以设定运动目标，有网络和无网络之下也都可以设定运动目标。目标设定有限值，无法满足想要加强运动量的人的需求。,11,10010000010662,登录方法单一，只可以使用邮箱注册，没有其他方式，同时，不可以第三方登陆,register.other.cannot_or_fail,Slife__C1,Slife__C10,0.059802,0,0,1,0,0,0,0
LLMCluster__Slife__10010000011507,llmcluster_glm-4-air,LLMCluster,Slife,10010000011507,login.other.cannot_or_fail,登录与非登录情况下都可以设定运动目标，有网络和无网络之下也都可以设定运动目标。目标设定有限值，无法满足想要加强运动量的人的需求。,12,10010000010258,步骤:1.设定运动目标后，在首页查看步数,step_count.page_view.other,Slife__C10,Slife__C10,0.151145,0,0,0,0,0,0,0
LLMCluster__Slife__10010000011507,llmcluster_glm-4-air,LLMCluster,Slife,10010000011507,login.other.cannot_or_fail,登录与非登录情况下都可以设定运动目标，有网络和无网络之下也都可以设定运动目标。目标设定有限值，无法满足想要加强运动量的人的需求。,13,10010000011524,设定运动目标时可选择的范围过小，如今很多人一天能走两三万步左右，相对于想减肥的人群来说，自然想把目标定高，而该app的根据我的身高体重…,step_count.step.cannot_or_fail,Slife__C10,Slife__C10,0.109937,0,0,0,0,0,0,0
LLMCluster__Slife__10010000011507,llmcluster_glm-4-air,LLMCluster,Slife,10010000011507,login.other.cannot_or_fail,登录与非登录情况下都可以设定运动目标，有网络和无网络之下也都可以设定运动目标。目标设定有限值，无法满足想要加强运动量的人的需求。,14,10010000011795,用户以不同方位摇动手机，出现的运动情况正面运动量会增加，侧面摇动运动量无反应。,run_walk.other.cannot_or_fail,Slife__C2,Slife__C10,0.084827,0,0,1,0,0,0,0
LLMCluster__Slife__10010000011507,llmcluster_glm-4-air,LLMCluster,Slife,10010000011507,login.other.cannot_or_fail,登录与非登录情况下都可以设定运动目标，有网络和无网络之下也都可以设定运动目标。目标设定有限值，无法满足想要加强运动量的人的需求。,15,10010000010521,在设定运动目标时，当输入的体重分别为30kg和200kg，而其他条件一致时，进入推算结果界面的设定目标步数却一样，当点击确定之后再次进…,step_count.page_view.other,Slife__C10,Slife__C10,0.111398,0,0,0,0,0,0,0
LLMCluster__Slife__10010000011507,llmcluster_glm-4-air,LLMCluster,Slife,10010000011507,login.other.cannot_or_fail,登录与非登录情况下都可以设定运动目标，有网络和无网络之下也都可以设定运动目标。目标设定有限值，无法满足想要加强运动量的人的需求。,16,10010000010149,注册后直接登录，退出登录后再登录，不能登录成功,register.other.cannot_or_fail,Slife__C1,Slife__C10,0.080455,0,0,1,0,0,0,0
LLMCluster__Slife__10010000011507,llmcluster_glm-4-air,LLMCluster,Slife,10010000011507,login.other.cannot_or_fail,登录与非登录情况下都可以设定运动目标，有网络和无网络之下也都可以设定运动目标。目标设定有限值，无法满足想要加强运动量的人的需求。,17,10010000010109,在未登录的情况下，设置了目标后，来回走动，有时候计步器会增加，有时候（步速较慢的情况下）好久都不增加,login.page_view.other,Slife__C2,Slife__C10,0.096092,0,1,1,0,0,0,0
LLMCluster__Slife__10010000011507,llmcluster_glm-4-air,LLMCluster,Slife,10010000011507,login.other.cannot_or_fail,登录与非登录情况下都可以设定运动目标，有网络和无网络之下也都可以设定运动目标。目标设定有限值，无法满足想要加强运动量的人的需求。,18,10010000009968,刚打开应用，未登录，未进行运动情况下，应用记步功能出现步数上涨迅速现象。截图是 前后时间差在一分钟以内的记录。,login.list_item.other,Slife__C2,Slife__C10,0.050368,0,1,1,0,0,0,0
LLMCluster__Slife__10010000011507,llmcluster_glm-4-air,LLMCluster,Slife,10010000011507,login.other.cannot_or_fail,登录与非登录情况下都可以设定运动目标，有网络和无网络之下也都可以设定运动目标。目标设定有限值，无法满足想要加强运动量的人的需求。,19,10010000010556,打开Slife，设定运动目标后开始运动，当选择在室内行走（类似导致手机晃动不剧烈运动）时，主界面步数、距离、时间等变化不连贯或不变化，…,step_count.page_view.other,Slife__C2,Slife__C10,0.088432,0,0,1,0,0,0,0
LLMCluster__Slife__10010000011507,llmcluster_glm-4-air,LLMCluster,Slife,10010000011507,login.other.cannot_or_fail,登录与非登录情况下都可以设定运动目标，有网络和无网络之下也都可以设定运动目标。目标设定有限值，无法满足想要加强运动量的人的需求。,20,10010000007628,slife下载后 注册后直接登录 然后退出再登录就不能再登录成功了,register.other.cannot_or_fail,Slife__C1,Slife__C10,0.051992,0,0,1,0,0,0,0
LLMCluster__Slife__10010000011507,llmcluster_glm-4-air,LLMCluster,Slife,10010000011507,login.other.cannot_or_fail,登录与非登录情况下都可以设定运动目标，有网络和无网络之下也都可以设定运动目标。目标设定有限值，无法满足想要加强运动量的人的需求。,21,10010000011249,设置运动目标时，用户不能够自定义设置运动步数，可能会使一些运动量较少的用户感到困惑。,step_count.page_view.cannot_or_fail,Slife__C10,Slife__C10,0.10313,0,0,0,0,0,0,0
LLMCluster__Slife__10010000011507,llmcluster_glm-4-air,LLMCluster,Slife,10010000011507,login.other.cannot_or_fail,登录与非登录情况下都可以设定运动目标，有网络和无网络之下也都可以设定运动目标。目标设定有限值，无法满足想要加强运动量的人的需求。,22,10010000007594,步骤2后登录界面的登录账号只可以输入邮箱名称，不可以输入用户名，见截图1,login.page_view.cannot_or_fail,Slife__C1,Slife__C10,0.061237,0,1,1,0,0,0,0
LLMCluster__Slife__10010000011507,llmcluster_glm-4-air,LLMCluster,Slife,10010000011507,login.other.cannot_or_fail,登录与非登录情况下都可以设定运动目标，有网络和无网络之下也都可以设定运动目标。目标设定有限值，无法满足想要加强运动量的人的需求。,23,10010000011651,运动时，步数等经常不能实时更新，通常20多步一下增加。,step_count.step.cannot_or_fail,Slife__C2,Slife__C10,0.023661,0,0,1,0,0,0,0
LLMCluster__Slife__10010000011507,llmcluster_glm-4-air,LLMCluster,Slife,10010000011507,login.other.cannot_or_fail,登录与非登录情况下都可以设定运动目标，有网络和无网络之下也都可以设定运动目标。目标设定有限值，无法满足想要加强运动量的人的需求。,24,10010000011444,在选择设定运动目标之后，开始完善个人信息，但是在选择了一项个人信息之后，就把上一步选项置灰了，感觉就像是不可以修改的感觉，这会给用户造…,run_walk.other.cannot_or_fail,Slife__C10,Slife__C10,0.090912,0,0,0,0,0,0,0
LLMCluster__Slife__10010000011507,llmcluster_glm-4-air,LLMCluster,Slife,10010000011507,login.other.cannot_or_fail,登录与非登录情况下都可以设定运动目标，有网络和无网络之下也都可以设定运动目标。目标设定有限值，无法满足想要加强运动量的人的需求。,25,10010000011152,Slife软件对于运动不敏感，当自己运动了有几分钟才会在首页的步数上有体现。,step_count.page_view.other,Slife__C2,Slife__C10,0.026562,0,0,1,0,0,0,0
LLMCluster__Slife__10010000011507,llmcluster_glm-4-air,LLMCluster,Slife,10010000011507,login.other.cannot_or_fail,登录与非登录情况下都可以设定运动目标，有网络和无网络之下也都可以设定运动目标。目标设定有限值，无法满足想要加强运动量的人的需求。,26,10010000011437,在不登录的情况下记录的结果，在登录时依旧可以显示，安全性严重不足。如果他人在同台设备登录时，将看到原先没有登录的用户的结果，导致他人隐…,login.list_item.other,Slife__C1,Slife__C10,0.086437,0,1,1,0,0,0,0
LLMCluster__Slife__10010000011507,llmcluster_glm-4-air,LLMCluster,Slife,10010000011507,login.other.cannot_or_fail,登录与非登录情况下都可以设定运动目标，有网络和无网络之下也都可以设定运动目标。目标设定有限值，无法满足想要加强运动量的人的需求。,27,10010000011301,同样差值为1卡路里，步数差值为30或者31，且不能设定步数为目标。,step_count.step.cannot_or_fail,Slife__C2,Slife__C10,0.065327,0,0,1,0,0,0,0
LLMCluster__Slife__10010000011507,llmcluster_glm-4-air,LLMCluster,Slife,10010000011507,login.other.cannot_or_fail,登录与非登录情况下都可以设定运动目标，有网络和无网络之下也都可以设定运动目标。目标设定有限值，无法满足想要加强运动量的人的需求。,28,10010000010261,打开Slife，设定运动目标后开始运动，运动完成后，打开应用主界面，下拉主界面，选择分享到新浪微博，应用成功拉起新浪微博后，并不能实现…,share.page_view.cannot_or_fail,Slife__C10,Slife__C10,0.091506,0,0,0,0,0,0,0
LLMCluster__Slife__10010000011507,llmcluster_glm-4-air,LLMCluster,Slife,10010000011507,login.other.cannot_or_fail,登录与非登录情况下都可以设定运动目标，有网络和无网络之下也都可以设定运动目标。目标设定有限值，无法满足想要加强运动量的人的需求。,29,10010000007579,"在未登录状态下,在侧边栏点击设定目标,可以进行设定,并没有跳转到登录界面,而未登录状态下的目标设定是没有意义的",login.page_view.other,Slife__C1,Slife__C10,0.140345,0,1,1,0,0,1,0
LLMCluster__Slife__10010000011507,llmcluster_glm-4-air,LLMCluster,Slife,10010000011507,login.other.cannot_or_fail,登录与非登录情况下都可以设定运动目标，有网络和无网络之下也都可以设定运动目标。目标设定有限值，无法满足想要加强运动量的人的需求。,30,10010000010162,指定运动目标时。用户不可以手动输入，只能通过APP计算得出。,run_walk.other.cannot_or_fail,Slife__C10,Slife__C10,0.118095,0,0,0,0,0,0,0
LLMCluster__Slife__10010000011507,llmcluster_glm-4-air,LLMCluster,Slife,10010000011507,login.other.cannot_or_fail,登录与非登录情况下都可以设定运动目标，有网络和无网络之下也都可以设定运动目标。目标设定有限值，无法满足想要加强运动量的人的需求。,31,10010000010838,在分享运动结果时，不管是完成还是未完成设定的运动目标都可以进行分享，建议在分享时提示“恭喜您完成今天的运动目标！”或者“今天没能完成目…,share.share_panel.wrong_value,Slife__C10,Slife__C10,0.130162,0,0,0,0,0,0,0
LLMCluster__Slife__10010000011507,llmcluster_glm-4-air,LLMCluster,Slife,10010000011507,login.other.cannot_or_fail,登录与非登录情况下都可以设定运动目标，有网络和无网络之下也都可以设定运动目标。目标设定有限值，无法满足想要加强运动量的人的需求。,32,10010000010161,在没有网络没有GPS的情况下，可以计步。,step_count.gps.other,Slife__C2,Slife__C10,0.136167,0,0,1,0,0,0,0
LLMCluster__Slife__10010000011507,llmcluster_glm-4-air,LLMCluster,Slife,10010000011507,login.other.cannot_or_fail,登录与非登录情况下都可以设定运动目标，有网络和无网络之下也都可以设定运动目标。目标设定有限值，无法满足想要加强运动量的人的需求。,33,10010000009927,即使不登录账号也可以进行设置运动目标,login.page_view.other,Slife__C1,Slife__C10,0.140415,0,1,1,0,0,1,0
TFIDF+HC__Slife__10010000011019,tfidf_hc_K20,TFIDF+HC,Slife,10010000011019,gps_track.gps.other,GPS定位存在异常，在原地不动得运动情况下，定位系统出现路线差异过大，在地图中没有标尺，并且地图的方向指向不敏感且始终指向手机上方。,1,10010000011457,将地图进行分享到朋友圈时，不能正常分享,share.share_panel.cannot_or_fail,Slife__C2,Slife__C7,0.065043,0,0,1,0,0,0,0
TFIDF+HC__Slife__10010000011019,tfidf_hc_K20,TFIDF+HC,Slife,10010000011019,gps_track.gps.other,GPS定位存在异常，在原地不动得运动情况下，定位系统出现路线差异过大，在地图中没有标尺，并且地图的方向指向不敏感且始终指向手机上方。,2,10010000010544,将运动情况分享给qq好友后，点击返回应用，提示发送成功。,share.chat.other,Slife__C2,Slife__C7,0.04046,0,0,1,0,0,0,0
TFIDF+HC__Slife__10010000011019,tfidf_hc_K20,TFIDF+HC,Slife,10010000011019,gps_track.gps.other,GPS定位存在异常，在原地不动得运动情况下，定位系统出现路线差异过大，在地图中没有标尺，并且地图的方向指向不敏感且始终指向手机上方。,3,10010000010109,在未登录的情况下，设置了目标后，来回走动，有时候计步器会增加，有时候（步速较慢的情况下）好久都不增加,login.page_view.other,Slife__C7,Slife__C7,0.052506,0,0,0,0,0,0,0
TFIDF+HC__Slife__10010000011019,tfidf_hc_K20,TFIDF+HC,Slife,10010000011019,gps_track.gps.other,GPS定位存在异常，在原地不动得运动情况下，定位系统出现路线差异过大，在地图中没有标尺，并且地图的方向指向不敏感且始终指向手机上方。,4,10010000011795,用户以不同方位摇动手机，出现的运动情况正面运动量会增加，侧面摇动运动量无反应。,run_walk.other.cannot_or_fail,Slife__C2,Slife__C7,0.066922,0,0,1,0,0,0,0
TFIDF+HC__Slife__10010000011019,tfidf_hc_K20,TFIDF+HC,Slife,10010000011019,gps_track.gps.other,GPS定位存在异常，在原地不动得运动情况下，定位系统出现路线差异过大，在地图中没有标尺，并且地图的方向指向不敏感且始终指向手机上方。,5,10010000010698,运动情况页面中，中间位置的步数总计与下面的分时间段统计之和不一致,step_count.page_view.other,Slife__C0,Slife__C7,0.052702,0,0,1,0,0,0,0
TFIDF+HC__Slife__10010000011019,tfidf_hc_K20,TFIDF+HC,Slife,10010000011019,gps_track.gps.other,GPS定位存在异常，在原地不动得运动情况下，定位系统出现路线差异过大，在地图中没有标尺，并且地图的方向指向不敏感且始终指向手机上方。,6,10010000011449,功能不完善：私生活这个产品本来就是记录人的行动路线，并且记录步数来检测当天的生活是否足够健康的，但是在应用设置的省电模式里面却提示用户…,step_count.page_view.wrong_value,Slife__C19,Slife__C7,0.037009,0,0,1,0,0,0,0
TFIDF+HC__Slife__10010000011019,tfidf_hc_K20,TFIDF+HC,Slife,10010000011019,gps_track.gps.other,GPS定位存在异常，在原地不动得运动情况下，定位系统出现路线差异过大，在地图中没有标尺，并且地图的方向指向不敏感且始终指向手机上方。,7,10010000010416,运动过程中，关闭GPS定位，手部如果不做出大幅度动作，应用就无法统计数据。,gps_track.gps.cannot_or_fail,Slife__C7,Slife__C7,0.092218,0,1,0,0,0,0,0
TFIDF+HC__Slife__10010000011019,tfidf_hc_K20,TFIDF+HC,Slife,10010000011019,gps_track.gps.other,GPS定位存在异常，在原地不动得运动情况下，定位系统出现路线差异过大，在地图中没有标尺，并且地图的方向指向不敏感且始终指向手机上方。,8,10010000010401,由于gps定位的特点和计算的问题，app步数存在有时时停时跳的现象,step_count.gps.other,Slife__C7,Slife__C7,0.090974,0,0,0,0,0,0,0
TFIDF+HC__Slife__10010000011019,tfidf_hc_K20,TFIDF+HC,Slife,10010000011019,gps_track.gps.other,GPS定位存在异常，在原地不动得运动情况下，定位系统出现路线差异过大，在地图中没有标尺，并且地图的方向指向不敏感且始终指向手机上方。,9,10010000010312,在用户未登陆时，当将运动情况通过微信分享到朋友圈时，发送失败。而其他应用如qq则能够分享成功。,share.share_panel.cannot_send,Slife__C2,Slife__C7,0.034572,0,0,1,0,0,0,0
TFIDF+HC__Slife__10010000011019,tfidf_hc_K20,TFIDF+HC,Slife,10010000011019,gps_track.gps.other,GPS定位存在异常，在原地不动得运动情况下，定位系统出现路线差异过大，在地图中没有标尺，并且地图的方向指向不敏感且始终指向手机上方。,10,10010000010943,NOTE手机使用中，在断网情况下，修改密码，直接向系统内置错误代码抛出。,other.other.wrong_value,Slife__C5,Slife__C7,0.082857,0,0,1,0,0,0,0
TFIDF+HC__Slife__10010000011019,tfidf_hc_K20,TFIDF+HC,Slife,10010000011019,gps_track.gps.other,GPS定位存在异常，在原地不动得运动情况下，定位系统出现路线差异过大，在地图中没有标尺，并且地图的方向指向不敏感且始终指向手机上方。,11,10010000011572,网络正常情况下，分享朋友圈会闪屏，提示失败，甚至没有弹出分享页面,share.page_view.cannot_share,Slife__C2,Slife__C7,0.048677,0,0,1,0,0,0,0
TFIDF+HC__Slife__10010000011019,tfidf_hc_K20,TFIDF+HC,Slife,10010000011019,gps_track.gps.other,GPS定位存在异常，在原地不动得运动情况下，定位系统出现路线差异过大，在地图中没有标尺，并且地图的方向指向不敏感且始终指向手机上方。,12,10010000010249,应用程序占用内存较小，但是耗电量较大，分析原因是其开启GPS定位进行相关运算所致,gps_track.gps.other,Slife__C7,Slife__C7,0.08174,1,1,0,0,0,0,0
TFIDF+HC__Slife__10010000011019,tfidf_hc_K20,TFIDF+HC,Slife,10010000011019,gps_track.gps.other,GPS定位存在异常，在原地不动得运动情况下，定位系统出现路线差异过大，在地图中没有标尺，并且地图的方向指向不敏感且始终指向手机上方。,13,10010000011432,"分享运动结果:网络情况正常，微信正常，分享运动结果到微信朋友圈，跳回应用界面并显示 """"发送失败请重试""。",share.page_view.cannot_send,Slife__C2,Slife__C7,0.038718,0,0,1,0,0,0,0
TFIDF+HC__Slife__10010000011019,tfidf_hc_K20,TFIDF+HC,Slife,10010000011019,gps_track.gps.other,GPS定位存在异常，在原地不动得运动情况下，定位系统出现路线差异过大，在地图中没有标尺，并且地图的方向指向不敏感且始终指向手机上方。,14,10010000010997,活动趋势界面，不管运动情况如何，活动时间，活动距离，最长活动时间，最长活动距离都是0，只显示运动步数,step_count.page_view.other,Slife__C0,Slife__C7,0.035385,0,0,1,0,0,0,0
TFIDF+HC__Slife__10010000011019,tfidf_hc_K20,TFIDF+HC,Slife,10010000011019,gps_track.gps.other,GPS定位存在异常，在原地不动得运动情况下，定位系统出现路线差异过大，在地图中没有标尺，并且地图的方向指向不敏感且始终指向手机上方。,15,10010000011258,我并没有走动而是直接拿着手机抖动或者晃动，距离会跟着增加！软件定位存在缺陷！,gps_track.gps.other,Slife__C7,Slife__C7,0.073999,1,1,0,0,0,0,0
TFIDF+HC__Slife__10010000011019,tfidf_hc_K20,TFIDF+HC,Slife,10010000011019,gps_track.gps.other,GPS定位存在异常，在原地不动得运动情况下，定位系统出现路线差异过大，在地图中没有标尺，并且地图的方向指向不敏感且始终指向手机上方。,16,10010000010554,将运动结果通过手机上的应用分享，手机出现的页面不是分享的数据页面而是安装此app页面,share.page_view.wrong_value,Slife__C2,Slife__C7,0.051058,0,0,1,0,0,0,0
TFIDF+HC__Slife__10010000011019,tfidf_hc_K20,TFIDF+HC,Slife,10010000011019,gps_track.gps.other,GPS定位存在异常，在原地不动得运动情况下，定位系统出现路线差异过大，在地图中没有标尺，并且地图的方向指向不敏感且始终指向手机上方。,17,10010000010675,停留这个功能只有在GPS时 才会出现， 应该提示用户打开GPS才能查看,gps_track.gps.other,Slife__C7,Slife__C7,0.060329,1,1,0,0,0,0,0
TFIDF+HC__Slife__10010000011019,tfidf_hc_K20,TFIDF+HC,Slife,10010000011019,gps_track.gps.other,GPS定位存在异常，在原地不动得运动情况下，定位系统出现路线差异过大，在地图中没有标尺，并且地图的方向指向不敏感且始终指向手机上方。,18,10010000011280,没有安装推特，点击用推特分享运动情况报应用未安装，然而并没有安装facebook如图1所示 ，若点击用facebook分享运动情况，则…,share.share_panel.load_fail,Slife__C2,Slife__C7,0.047502,0,0,1,0,0,0,0
TFIDF+HC__Slife__10010000011019,tfidf_hc_K20,TFIDF+HC,Slife,10010000011019,gps_track.gps.other,GPS定位存在异常，在原地不动得运动情况下，定位系统出现路线差异过大，在地图中没有标尺，并且地图的方向指向不敏感且始终指向手机上方。,19,10010000010437,在首页点击步行那个按钮，进入高德地图界面，点击右上角的分享，分享后返回APP，地图界面不能正常显示，加载不出来,share.button_icon.load_fail,Slife__C2,Slife__C7,0.071513,0,0,1,0,0,0,0
TFIDF+HC__Slife__10010000011019,tfidf_hc_K20,TFIDF+HC,Slife,10010000011019,gps_track.gps.other,GPS定位存在异常，在原地不动得运动情况下，定位系统出现路线差异过大，在地图中没有标尺，并且地图的方向指向不敏感且始终指向手机上方。,20,10010000010161,在没有网络没有GPS的情况下，可以计步。,step_count.gps.other,Slife__C7,Slife__C7,0.099076,0,0,0,0,0,0,0
TFIDF+HC__Slife__10010000011019,tfidf_hc_K20,TFIDF+HC,Slife,10010000011019,gps_track.gps.other,GPS定位存在异常，在原地不动得运动情况下，定位系统出现路线差异过大，在地图中没有标尺，并且地图的方向指向不敏感且始终指向手机上方。,21,10010000011114,将我的运动情况分享给qq好友时，进行截图，但是在qq上看到的用户分享的却是该app应用的推荐。,share.chat.other,Slife__C2,Slife__C7,0.043461,0,0,1,0,0,0,0
TFIDF+HC__Slife__10010000011019,tfidf_hc_K20,TFIDF+HC,Slife,10010000011019,gps_track.gps.other,GPS定位存在异常，在原地不动得运动情况下，定位系统出现路线差异过大，在地图中没有标尺，并且地图的方向指向不敏感且始终指向手机上方。,22,10010000011423,在排行榜分享自己今天的运动完成情况时，使用的是分享到qq好友，竟然发过去之后的链接是广告（下载此应用），而不是自己的运动情况。,share.image_banner.other,Slife__C2,Slife__C7,0.042062,0,0,1,0,0,0,0
TFIDF+HC__Slife__10010000011019,tfidf_hc_K20,TFIDF+HC,Slife,10010000011019,gps_track.gps.other,GPS定位存在异常，在原地不动得运动情况下，定位系统出现路线差异过大，在地图中没有标尺，并且地图的方向指向不敏感且始终指向手机上方。,23,10010000011152,Slife软件对于运动不敏感，当自己运动了有几分钟才会在首页的步数上有体现。,step_count.page_view.other,Slife__C2,Slife__C7,0.060025,0,0,1,0,0,0,0
TFIDF+HC__Slife__10010000011019,tfidf_hc_K20,TFIDF+HC,Slife,10010000011019,gps_track.gps.other,GPS定位存在异常，在原地不动得运动情况下，定位系统出现路线差异过大，在地图中没有标尺，并且地图的方向指向不敏感且始终指向手机上方。,24,10010000010633,GPS定位不准确，同时内置高德地图上显示的记录的路径不准确，测试地点未发生变化但记录的路径已变化。,gps_track.list_item.other,Slife__C7,Slife__C7,0.100236,0,1,0,0,0,0,0
TFIDF+HC__Slife__10010000011019,tfidf_hc_K20,TFIDF+HC,Slife,10010000011019,gps_track.gps.other,GPS定位存在异常，在原地不动得运动情况下，定位系统出现路线差异过大，在地图中没有标尺，并且地图的方向指向不敏感且始终指向手机上方。,25,10010000011113,在进行自己的运动情况分享的时候，在右上角的位置分享的是对Slife这个软件的简介。要出现自己的运动情况的话要对首页进行下拉。但是对于页…,share.page_view.layout_issue,Slife__C2,Slife__C7,0.06763,0,0,1,0,0,0,0
TFIDF+HC__Slife__10010000011019,tfidf_hc_K20,TFIDF+HC,Slife,10010000011019,gps_track.gps.other,GPS定位存在异常，在原地不动得运动情况下，定位系统出现路线差异过大，在地图中没有标尺，并且地图的方向指向不敏感且始终指向手机上方。,26,10010000011248,在一段时间段内只能选择一种方式，一旦切换方式在此时间段内的运动情况全部改变成新的计算方式下的结果，无法自己建立运动时间段,run_walk.step.cannot_or_fail,Slife__C0,Slife__C7,0.042221,0,0,1,0,0,0,0
TFIDF+HC__Slife__10010000011019,tfidf_hc_K20,TFIDF+HC,Slife,10010000011019,gps_track.gps.other,GPS定位存在异常，在原地不动得运动情况下，定位系统出现路线差异过大，在地图中没有标尺，并且地图的方向指向不敏感且始终指向手机上方。,27,10010000011347,在使用该软件的时候，打开地图模式，查看运动路径，发现地图无法显示。刷新后恢复正常。,run_walk.other.cannot_or_fail,Slife__C9,Slife__C7,0.081109,0,0,1,0,0,0,0
TFIDF+HC__Slife__10010000011019,tfidf_hc_K20,TFIDF+HC,Slife,10010000011019,gps_track.gps.other,GPS定位存在异常，在原地不动得运动情况下，定位系统出现路线差异过大，在地图中没有标尺，并且地图的方向指向不敏感且始终指向手机上方。,28,10010000010579,在没有运动的情况下，仅仅只是用手拿着手机进行上下震动，和甩手机的动作，该款app就记录了步数和距离,step_count.list_item.other,Slife__C7,Slife__C7,0.063376,0,0,0,0,0,0,0
TFIDF+HC__Slife__10010000011019,tfidf_hc_K20,TFIDF+HC,Slife,10010000011019,gps_track.gps.other,GPS定位存在异常，在原地不动得运动情况下，定位系统出现路线差异过大，在地图中没有标尺，并且地图的方向指向不敏感且始终指向手机上方。,29,10010000011787,没有连接网络时不能显示路径，没有GPS地点不会变化。任何时候运动方向不会改变。,gps_track.gps.cannot_or_fail,Slife__C7,Slife__C7,0.098132,0,1,0,0,0,0,0
TFIDF+HC__Slife__10010000011019,tfidf_hc_K20,TFIDF+HC,Slife,10010000011019,gps_track.gps.other,GPS定位存在异常，在原地不动得运动情况下，定位系统出现路线差异过大，在地图中没有标尺，并且地图的方向指向不敏感且始终指向手机上方。,30,10010000009968,刚打开应用，未登录，未进行运动情况下，应用记步功能出现步数上涨迅速现象。截图是 前后时间差在一分钟以内的记录。,login.list_item.other,Slife__C7,Slife__C7,0.0601,0,0,0,0,0,0,0
TFIDF+HC__Slife__10010000011019,tfidf_hc_K20,TFIDF+HC,Slife,10010000011019,gps_track.gps.other,GPS定位存在异常，在原地不动得运动情况下，定位系统出现路线差异过大，在地图中没有标尺，并且地图的方向指向不敏感且始终指向手机上方。,31,10010000011075,在有链接网络的情况下，启动微博，再进行分享，点击确定授权，出现网络连接失败!并且点击取消之后回到应用分享的时候页面没有提示分享失败！,share.page_view.cannot_share,Slife__C2,Slife__C7,0.052528,0,0,1,0,0,0,0
SBERT+HC__Slife__10010000011019,sbert_hc_K20,SBERT+HC,Slife,10010000011019,gps_track.gps.other,GPS定位存在异常，在原地不动得运动情况下，定位系统出现路线差异过大，在地图中没有标尺，并且地图的方向指向不敏感且始终指向手机上方。,1,10010000010687,经过实测，打开GPS后运动距离测试扔不准确，与实际差距较大。,gps_track.gps.other,Slife__C0,Slife__C0,0.044542,1,1,0,0,0,0,0
SBERT+HC__Slife__10010000011019,sbert_hc_K20,SBERT+HC,Slife,10010000011019,gps_track.gps.other,GPS定位存在异常，在原地不动得运动情况下，定位系统出现路线差异过大，在地图中没有标尺，并且地图的方向指向不敏感且始终指向手机上方。,2,10010000010236,GPS试使用时间不会立刻随着时间的变化而变化，退出再进入也不会更改，如图在不同时间进入。,gps_track.gps.other,Slife__C0,Slife__C0,0.034685,1,1,0,0,0,0,0
SBERT+HC__Slife__10010000011019,sbert_hc_K20,SBERT+HC,Slife,10010000011019,gps_track.gps.other,GPS定位存在异常，在原地不动得运动情况下，定位系统出现路线差异过大，在地图中没有标尺，并且地图的方向指向不敏感且始终指向手机上方。,3,10010000011374,定位误差太大，我只是在宿舍内来回走动，摇晃手机，但其记录的路径显示我穿过了街道，走了很远距离。,gps_track.list_item.other,Slife__C0,Slife__C0,0.047399,0,1,0,0,0,0,0
SBERT+HC__Slife__10010000011019,sbert_hc_K20,SBERT+HC,Slife,10010000011019,gps_track.gps.other,GPS定位存在异常，在原地不动得运动情况下，定位系统出现路线差异过大，在地图中没有标尺，并且地图的方向指向不敏感且始终指向手机上方。,4,10010000010416,运动过程中，关闭GPS定位，手部如果不做出大幅度动作，应用就无法统计数据。,gps_track.gps.cannot_or_fail,Slife__C0,Slife__C0,0.092218,0,1,0,0,0,0,0
SBERT+HC__Slife__10010000011019,sbert_hc_K20,SBERT+HC,Slife,10010000011019,gps_track.gps.other,GPS定位存在异常，在原地不动得运动情况下，定位系统出现路线差异过大，在地图中没有标尺，并且地图的方向指向不敏感且始终指向手机上方。,5,10010000010556,打开Slife，设定运动目标后开始运动，当选择在室内行走（类似导致手机晃动不剧烈运动）时，主界面步数、距离、时间等变化不连贯或不变化，…,step_count.page_view.other,Slife__C18,Slife__C0,0.032527,0,0,1,0,0,0,0
SBERT+HC__Slife__10010000011019,sbert_hc_K20,SBERT+HC,Slife,10010000011019,gps_track.gps.other,GPS定位存在异常，在原地不动得运动情况下，定位系统出现路线差异过大，在地图中没有标尺，并且地图的方向指向不敏感且始终指向手机上方。,6,10010000011787,没有连接网络时不能显示路径，没有GPS地点不会变化。任何时候运动方向不会改变。,gps_track.gps.cannot_or_fail,Slife__C0,Slife__C0,0.098132,0,1,0,0,0,0,0
SBERT+HC__Slife__10010000011019,sbert_hc_K20,SBERT+HC,Slife,10010000011019,gps_track.gps.other,GPS定位存在异常，在原地不动得运动情况下，定位系统出现路线差异过大，在地图中没有标尺，并且地图的方向指向不敏感且始终指向手机上方。,7,10010000010988,app测试的步数和距离与现实有很大差距，错误巨大。,step_count.step.wrong_value,Slife__C1,Slife__C0,0.022755,0,0,1,0,0,0,0
SBERT+HC__Slife__10010000011019,sbert_hc_K20,SBERT+HC,Slife,10010000011019,gps_track.gps.other,GPS定位存在异常，在原地不动得运动情况下，定位系统出现路线差异过大，在地图中没有标尺，并且地图的方向指向不敏感且始终指向手机上方。,8,10010000010437,在首页点击步行那个按钮，进入高德地图界面，点击右上角的分享，分享后返回APP，地图界面不能正常显示，加载不出来,share.button_icon.load_fail,Slife__C18,Slife__C0,0.071513,0,0,1,0,0,0,0
SBERT+HC__Slife__10010000011019,sbert_hc_K20,SBERT+HC,Slife,10010000011019,gps_track.gps.other,GPS定位存在异常，在原地不动得运动情况下，定位系统出现路线差异过大，在地图中没有标尺，并且地图的方向指向不敏感且始终指向手机上方。,9,10010000010886,关闭GPS进行运动，运动数据仍然会发生变化,gps_track.gps.other,Slife__C0,Slife__C0,0.049116,1,1,0,0,0,0,0
SBERT+HC__Slife__10010000011019,sbert_hc_K20,SBERT+HC,Slife,10010000011019,gps_track.gps.other,GPS定位存在异常，在原地不动得运动情况下，定位系统出现路线差异过大，在地图中没有标尺，并且地图的方向指向不敏感且始终指向手机上方。,10,10010000011094,用户一直骑车，但是因为手机晃动的关系仍然有显示某段距离步行。,run_walk.step.other,Slife__C0,Slife__C0,0.01817,0,0,0,0,0,0,0
SBERT+HC__Slife__10010000011019,sbert_hc_K20,SBERT+HC,Slife,10010000011019,gps_track.gps.other,GPS定位存在异常，在原地不动得运动情况下，定位系统出现路线差异过大，在地图中没有标尺，并且地图的方向指向不敏感且始终指向手机上方。,11,10010000011218,开启应用不走路，摇晃手机，出现步数，运动路径错误,step_count.step.wrong_value,Slife__C0,Slife__C0,0.035364,0,0,0,0,0,0,0
SBERT+HC__Slife__10010000011019,sbert_hc_K20,SBERT+HC,Slife,10010000011019,gps_track.gps.other,GPS定位存在异常，在原地不动得运动情况下，定位系统出现路线差异过大，在地图中没有标尺，并且地图的方向指向不敏感且始终指向手机上方。,12,10010000010274,设置运动目标只能在一定范围内选定，不能高于或低于系统设定范围,run_walk.page_view.cannot_or_fail,Slife__C3,Slife__C0,0.035627,0,0,1,0,0,0,0
SBERT+HC__Slife__10010000011019,sbert_hc_K20,SBERT+HC,Slife,10010000011019,gps_track.gps.other,GPS定位存在异常，在原地不动得运动情况下，定位系统出现路线差异过大，在地图中没有标尺，并且地图的方向指向不敏感且始终指向手机上方。,13,10010000010401,由于gps定位的特点和计算的问题，app步数存在有时时停时跳的现象,step_count.gps.other,Slife__C1,Slife__C0,0.090974,0,0,1,0,0,0,0
SBERT+HC__Slife__10010000011019,sbert_hc_K20,SBERT+HC,Slife,10010000011019,gps_track.gps.other,GPS定位存在异常，在原地不动得运动情况下，定位系统出现路线差异过大，在地图中没有标尺，并且地图的方向指向不敏感且始终指向手机上方。,14,10010000010603,步数记录不准确，当用户向前或向后移动两步时，并没有显示移动,step_count.list_item.other,Slife__C3,Slife__C0,0.062583,0,0,1,0,0,0,0
SBERT+HC__Slife__10010000011019,sbert_hc_K20,SBERT+HC,Slife,10010000011019,gps_track.gps.other,GPS定位存在异常，在原地不动得运动情况下，定位系统出现路线差异过大，在地图中没有标尺，并且地图的方向指向不敏感且始终指向手机上方。,15,10010000011275,在不同的厂家的手机，在更多分享的时候，界面布局差距很大,share.page_view.layout_issue,Slife__C4,Slife__C0,0.037451,0,0,1,0,0,0,0
SBERT+HC__Slife__10010000011019,sbert_hc_K20,SBERT+HC,Slife,10010000011019,gps_track.gps.other,GPS定位存在异常，在原地不动得运动情况下，定位系统出现路线差异过大，在地图中没有标尺，并且地图的方向指向不敏感且始终指向手机上方。,16,10010000011330,设定目标时，之前根据个人信息计算得到最佳位置，一旦移动卡路里位置之后，不能调整到通过计算得到的位置设定，只能通过重置，点击三角形也不可以。,settings.step.cannot_or_fail,Slife__C3,Slife__C0,0.043422,0,0,1,0,0,0,0
SBERT+HC__Slife__10010000011019,sbert_hc_K20,SBERT+HC,Slife,10010000011019,gps_track.gps.other,GPS定位存在异常，在原地不动得运动情况下，定位系统出现路线差异过大，在地图中没有标尺，并且地图的方向指向不敏感且始终指向手机上方。,17,10010000010161,在没有网络没有GPS的情况下，可以计步。,step_count.gps.other,Slife__C0,Slife__C0,0.099076,0,0,0,0,0,0,0
SBERT+HC__Slife__10010000011019,sbert_hc_K20,SBERT+HC,Slife,10010000011019,gps_track.gps.other,GPS定位存在异常，在原地不动得运动情况下，定位系统出现路线差异过大，在地图中没有标尺，并且地图的方向指向不敏感且始终指向手机上方。,18,10010000011452,当进行路径信息测试时，拿着两部手机进行运动，运动结束后查看路径信息。其中，一部手机主页上显示“步行”选项，点击进入便可看到路径信息。但…,run_walk.other.cannot_or_fail,Slife__C0,Slife__C0,0.025503,0,0,0,0,0,0,0
SBERT+HC__Slife__10010000011019,sbert_hc_K20,SBERT+HC,Slife,10010000011019,gps_track.gps.other,GPS定位存在异常，在原地不动得运动情况下，定位系统出现路线差异过大，在地图中没有标尺，并且地图的方向指向不敏感且始终指向手机上方。,19,10010000010598,私生活作为一款计步软件，计步器不灵敏，用户在行走了一段距离并没有实时的计步，而是一下子增长很多步,step_count.step.wrong_value,Slife__C3,Slife__C0,0.020055,0,0,1,0,0,0,0
SBERT+HC__Slife__10010000011019,sbert_hc_K20,SBERT+HC,Slife,10010000011019,gps_track.gps.other,GPS定位存在异常，在原地不动得运动情况下，定位系统出现路线差异过大，在地图中没有标尺，并且地图的方向指向不敏感且始终指向手机上方。,20,10010000011457,将地图进行分享到朋友圈时，不能正常分享,share.share_panel.cannot_or_fail,Slife__C6,Slife__C0,0.065043,0,0,1,0,0,0,0
SBERT+HC__Slife__10010000011019,sbert_hc_K20,SBERT+HC,Slife,10010000011019,gps_track.gps.other,GPS定位存在异常，在原地不动得运动情况下，定位系统出现路线差异过大，在地图中没有标尺，并且地图的方向指向不敏感且始终指向手机上方。,21,10010000010633,GPS定位不准确，同时内置高德地图上显示的记录的路径不准确，测试地点未发生变化但记录的路径已变化。,gps_track.list_item.other,Slife__C0,Slife__C0,0.100236,0,1,0,0,0,0,0
SBERT+HC__Slife__10010000011019,sbert_hc_K20,SBERT+HC,Slife,10010000011019,gps_track.gps.other,GPS定位存在异常，在原地不动得运动情况下，定位系统出现路线差异过大，在地图中没有标尺，并且地图的方向指向不敏感且始终指向手机上方。,22,10010000010937,当携带该应用软件进行运动时，实际运动距离仅为30米左右，而显示的运动路径范围过大，不准确。,run_walk.step.other,Slife__C3,Slife__C0,0.045327,0,0,1,0,0,0,0
SBERT+HC__Slife__10010000011019,sbert_hc_K20,SBERT+HC,Slife,10010000011019,gps_track.gps.other,GPS定位存在异常，在原地不动得运动情况下，定位系统出现路线差异过大，在地图中没有标尺，并且地图的方向指向不敏感且始终指向手机上方。,23,10010000011507,登录与非登录情况下都可以设定运动目标，有网络和无网络之下也都可以设定运动目标。目标设定有限值，无法满足想要加强运动量的人的需求。,login.other.cannot_or_fail,Slife__C3,Slife__C0,0.039381,0,0,1,0,0,0,0
SBERT+HC__Slife__10010000011019,sbert_hc_K20,SBERT+HC,Slife,10010000011019,gps_track.gps.other,GPS定位存在异常，在原地不动得运动情况下，定位系统出现路线差异过大，在地图中没有标尺，并且地图的方向指向不敏感且始终指向手机上方。,24,10010000011193,用户不行走，用手晃动手机也能增加步数的记录，相关数据也会跟着变动，但实际并不准确。,step_count.list_item.other,Slife__C3,Slife__C0,0.022104,0,0,1,0,0,0,0
SBERT+HC__Slife__10010000011019,sbert_hc_K20,SBERT+HC,Slife,10010000011019,gps_track.gps.other,GPS定位存在异常，在原地不动得运动情况下，定位系统出现路线差异过大，在地图中没有标尺，并且地图的方向指向不敏感且始终指向手机上方。,25,10010000011539,活动趋势里面显示的运动数据的信息不清晰，不能清楚地看出运动数据。,run_walk.other.cannot_or_fail,Slife__C3,Slife__C0,0.034231,0,0,1,0,0,0,0
SBERT+HC__Slife__10010000011019,sbert_hc_K20,SBERT+HC,Slife,10010000011019,gps_track.gps.other,GPS定位存在异常，在原地不动得运动情况下，定位系统出现路线差异过大，在地图中没有标尺，并且地图的方向指向不敏感且始终指向手机上方。,26,10010000010249,应用程序占用内存较小，但是耗电量较大，分析原因是其开启GPS定位进行相关运算所致,gps_track.gps.other,Slife__C9,Slife__C0,0.08174,1,1,1,1,1,1,1
SBERT+HC__Slife__10010000011019,sbert_hc_K20,SBERT+HC,Slife,10010000011019,gps_track.gps.other,GPS定位存在异常，在原地不动得运动情况下，定位系统出现路线差异过大，在地图中没有标尺，并且地图的方向指向不敏感且始终指向手机上方。,27,10010000011099,运动路径显示的时间轴：易给人造成困扰，因其在相邻的两个状态与其间的时间节点中有缝隙，感觉好像是中间还有一段时间的空缺,run_walk.step.other,Slife__C3,Slife__C0,0.01779,0,0,1,0,0,0,0
SBERT+HC__Slife__10010000011019,sbert_hc_K20,SBERT+HC,Slife,10010000011019,gps_track.gps.other,GPS定位存在异常，在原地不动得运动情况下，定位系统出现路线差异过大，在地图中没有标尺，并且地图的方向指向不敏感且始终指向手机上方。,28,10010000011347,在使用该软件的时候，打开地图模式，查看运动路径，发现地图无法显示。刷新后恢复正常。,run_walk.other.cannot_or_fail,Slife__C18,Slife__C0,0.081109,0,0,1,0,0,0,0
SBERT+HC__Slife__10010000011019,sbert_hc_K20,SBERT+HC,Slife,10010000011019,gps_track.gps.other,GPS定位存在异常，在原地不动得运动情况下，定位系统出现路线差异过大，在地图中没有标尺，并且地图的方向指向不敏感且始终指向手机上方。,29,10010000011146,设定目标，不能选择运动方式，用户使用不方便。,run_walk.other.cannot_or_fail,Slife__C3,Slife__C0,0.039869,0,0,1,0,0,0,0
SBERT+HC__Slife__10010000011019,sbert_hc_K20,SBERT+HC,Slife,10010000011019,gps_track.gps.other,GPS定位存在异常，在原地不动得运动情况下，定位系统出现路线差异过大，在地图中没有标尺，并且地图的方向指向不敏感且始终指向手机上方。,30,10010000011322,当在一个地方停留一段时间时，app会生成一条“停留”的记录，点击“停留”会显示所停留的位置，这个入口很难被发现，只有在不经意点到时才能…,other.list_item.other,Slife__C1,Slife__C0,0.032073,0,0,1,0,0,0,0
SBERT+HC__Slife__10010000011019,sbert_hc_K20,SBERT+HC,Slife,10010000011019,gps_track.gps.other,GPS定位存在异常，在原地不动得运动情况下，定位系统出现路线差异过大，在地图中没有标尺，并且地图的方向指向不敏感且始终指向手机上方。,31,10010000010675,停留这个功能只有在GPS时 才会出现， 应该提示用户打开GPS才能查看,gps_track.gps.other,Slife__C0,Slife__C0,0.060329,1,1,0,0,0,0,0
SBERT+HC__Slife__10010000011019,sbert_hc_K20,SBERT+HC,Slife,10010000011019,gps_track.gps.other,GPS定位存在异常，在原地不动得运动情况下，定位系统出现路线差异过大，在地图中没有标尺，并且地图的方向指向不敏感且始终指向手机上方。,32,10010000011235,对用户的定位偏差较大（误差在几公里左右），对用户体验很不好。,gps_track.gps.other,Slife__C3,Slife__C0,0.039972,1,1,1,1,1,1,1
LLMCluster__Slife__10010000011019,llmcluster_glm-4-air,LLMCluster,Slife,10010000011019,gps_track.gps.other,GPS定位存在异常，在原地不动得运动情况下，定位系统出现路线差异过大，在地图中没有标尺，并且地图的方向指向不敏感且始终指向手机上方。,1,10010000011113,在进行自己的运动情况分享的时候，在右上角的位置分享的是对Slife这个软件的简介。要出现自己的运动情况的话要对首页进行下拉。但是对于页…,share.page_view.layout_issue,Slife__C10,Slife__C10,0.06763,0,0,0,0,0,0,0
LLMCluster__Slife__10010000011019,llmcluster_glm-4-air,LLMCluster,Slife,10010000011019,gps_track.gps.other,GPS定位存在异常，在原地不动得运动情况下，定位系统出现路线差异过大，在地图中没有标尺，并且地图的方向指向不敏感且始终指向手机上方。,2,10010000010491,拿着手机步行一段路程，观察到计步出现的都是偶数步，不存在奇数步。,step_count.other.other,Slife__C2,Slife__C10,0.031392,0,0,1,0,0,0,0
LLMCluster__Slife__10010000011019,llmcluster_glm-4-air,LLMCluster,Slife,10010000011019,gps_track.gps.other,GPS定位存在异常，在原地不动得运动情况下，定位系统出现路线差异过大，在地图中没有标尺，并且地图的方向指向不敏感且始终指向手机上方。,3,10010000010882,打开gps后，该app显示的步数与实际步数仍有较大差距。,step_count.gps.other,Slife__C2,Slife__C10,0.047374,0,0,1,0,0,0,0
LLMCluster__Slife__10010000011019,llmcluster_glm-4-air,LLMCluster,Slife,10010000011019,gps_track.gps.other,GPS定位存在异常，在原地不动得运动情况下，定位系统出现路线差异过大，在地图中没有标尺，并且地图的方向指向不敏感且始终指向手机上方。,4,10010000011611,计步过程中会出现缺步，多步表现。而且比较严重，实时更新有问题，在快速行进中，缺步问题明显,step_count.other.other,Slife__C2,Slife__C10,0.030038,0,0,1,0,0,0,0
LLMCluster__Slife__10010000011019,llmcluster_glm-4-air,LLMCluster,Slife,10010000011019,gps_track.gps.other,GPS定位存在异常，在原地不动得运动情况下，定位系统出现路线差异过大，在地图中没有标尺，并且地图的方向指向不敏感且始终指向手机上方。,5,10010000009968,刚打开应用，未登录，未进行运动情况下，应用记步功能出现步数上涨迅速现象。截图是 前后时间差在一分钟以内的记录。,login.list_item.other,Slife__C2,Slife__C10,0.0601,0,0,1,0,0,0,0
LLMCluster__Slife__10010000011019,llmcluster_glm-4-air,LLMCluster,Slife,10010000011019,gps_track.gps.other,GPS定位存在异常，在原地不动得运动情况下，定位系统出现路线差异过大，在地图中没有标尺，并且地图的方向指向不敏感且始终指向手机上方。,6,10010000011149,跑步时一边心里默数步数，一边看app记录的数据，发现两者不统一。该app记录步数不准确，记录的数据大多数情况下多于实际步数。无法记录跑…,step_count.list_item.cannot_or_fail,Slife__C2,Slife__C10,0.02969,0,0,1,0,0,0,0
LLMCluster__Slife__10010000011019,llmcluster_glm-4-air,LLMCluster,Slife,10010000011019,gps_track.gps.other,GPS定位存在异常，在原地不动得运动情况下，定位系统出现路线差异过大，在地图中没有标尺，并且地图的方向指向不敏感且始终指向手机上方。,7,10010000010544,将运动情况分享给qq好友后，点击返回应用，提示发送成功。,share.chat.other,Slife__C10,Slife__C10,0.04046,0,0,0,0,0,0,0
LLMCluster__Slife__10010000011019,llmcluster_glm-4-air,LLMCluster,Slife,10010000011019,gps_track.gps.other,GPS定位存在异常，在原地不动得运动情况下，定位系统出现路线差异过大，在地图中没有标尺，并且地图的方向指向不敏感且始终指向手机上方。,8,10010000010416,运动过程中，关闭GPS定位，手部如果不做出大幅度动作，应用就无法统计数据。,gps_track.gps.cannot_or_fail,Slife__C10,Slife__C10,0.092218,0,1,0,0,0,0,0
LLMCluster__Slife__10010000011019,llmcluster_glm-4-air,LLMCluster,Slife,10010000011019,gps_track.gps.other,GPS定位存在异常，在原地不动得运动情况下，定位系统出现路线差异过大，在地图中没有标尺，并且地图的方向指向不敏感且始终指向手机上方。,9,10010000010161,在没有网络没有GPS的情况下，可以计步。,step_count.gps.other,Slife__C2,Slife__C10,0.099076,0,0,1,0,0,0,0
LLMCluster__Slife__10010000011019,llmcluster_glm-4-air,LLMCluster,Slife,10010000011019,gps_track.gps.other,GPS定位存在异常，在原地不动得运动情况下，定位系统出现路线差异过大，在地图中没有标尺，并且地图的方向指向不敏感且始终指向手机上方。,10,10010000011218,开启应用不走路，摇晃手机，出现步数，运动路径错误,step_count.step.wrong_value,Slife__C2,Slife__C10,0.035364,0,0,1,0,0,0,0
LLMCluster__Slife__10010000011019,llmcluster_glm-4-air,LLMCluster,Slife,10010000011019,gps_track.gps.other,GPS定位存在异常，在原地不动得运动情况下，定位系统出现路线差异过大，在地图中没有标尺，并且地图的方向指向不敏感且始终指向手机上方。,11,10010000011258,我并没有走动而是直接拿着手机抖动或者晃动，距离会跟着增加！软件定位存在缺陷！,gps_track.gps.other,Slife__C3,Slife__C10,0.073999,1,1,1,1,1,1,1
LLMCluster__Slife__10010000011019,llmcluster_glm-4-air,LLMCluster,Slife,10010000011019,gps_track.gps.other,GPS定位存在异常，在原地不动得运动情况下，定位系统出现路线差异过大，在地图中没有标尺，并且地图的方向指向不敏感且始终指向手机上方。,12,10010000011280,没有安装推特，点击用推特分享运动情况报应用未安装，然而并没有安装facebook如图1所示 ，若点击用facebook分享运动情况，则…,share.share_panel.load_fail,Slife__C10,Slife__C10,0.047502,0,0,0,0,0,0,0
LLMCluster__Slife__10010000011019,llmcluster_glm-4-air,LLMCluster,Slife,10010000011019,gps_track.gps.other,GPS定位存在异常，在原地不动得运动情况下，定位系统出现路线差异过大，在地图中没有标尺，并且地图的方向指向不敏感且始终指向手机上方。,13,10010000011437,在不登录的情况下记录的结果，在登录时依旧可以显示，安全性严重不足。如果他人在同台设备登录时，将看到原先没有登录的用户的结果，导致他人隐…,login.list_item.other,Slife__C1,Slife__C10,0.036027,0,0,1,0,0,0,0
LLMCluster__Slife__10010000011019,llmcluster_glm-4-air,LLMCluster,Slife,10010000011019,gps_track.gps.other,GPS定位存在异常，在原地不动得运动情况下，定位系统出现路线差异过大，在地图中没有标尺，并且地图的方向指向不敏感且始终指向手机上方。,14,10010000010109,在未登录的情况下，设置了目标后，来回走动，有时候计步器会增加，有时候（步速较慢的情况下）好久都不增加,login.page_view.other,Slife__C2,Slife__C10,0.052506,0,0,1,0,0,0,0
LLMCluster__Slife__10010000011019,llmcluster_glm-4-air,LLMCluster,Slife,10010000011019,gps_track.gps.other,GPS定位存在异常，在原地不动得运动情况下，定位系统出现路线差异过大，在地图中没有标尺，并且地图的方向指向不敏感且始终指向手机上方。,15,10010000010943,NOTE手机使用中，在断网情况下，修改密码，直接向系统内置错误代码抛出。,other.other.wrong_value,Slife__C1,Slife__C10,0.082857,0,0,1,0,0,0,0
LLMCluster__Slife__10010000011019,llmcluster_glm-4-air,LLMCluster,Slife,10010000011019,gps_track.gps.other,GPS定位存在异常，在原地不动得运动情况下，定位系统出现路线差异过大，在地图中没有标尺，并且地图的方向指向不敏感且始终指向手机上方。,16,10010000010675,停留这个功能只有在GPS时 才会出现， 应该提示用户打开GPS才能查看,gps_track.gps.other,Slife__C10,Slife__C10,0.060329,1,1,0,0,0,0,0
LLMCluster__Slife__10010000011019,llmcluster_glm-4-air,LLMCluster,Slife,10010000011019,gps_track.gps.other,GPS定位存在异常，在原地不动得运动情况下，定位系统出现路线差异过大，在地图中没有标尺，并且地图的方向指向不敏感且始终指向手机上方。,17,10010000011572,网络正常情况下，分享朋友圈会闪屏，提示失败，甚至没有弹出分享页面,share.page_view.cannot_share,Slife__C10,Slife__C10,0.048677,0,0,0,0,0,0,0
LLMCluster__Slife__10010000011019,llmcluster_glm-4-air,LLMCluster,Slife,10010000011019,gps_track.gps.other,GPS定位存在异常，在原地不动得运动情况下，定位系统出现路线差异过大，在地图中没有标尺，并且地图的方向指向不敏感且始终指向手机上方。,18,10010000010249,应用程序占用内存较小，但是耗电量较大，分析原因是其开启GPS定位进行相关运算所致,gps_track.gps.other,Slife__C10,Slife__C10,0.08174,1,1,0,0,0,0,0
LLMCluster__Slife__10010000011019,llmcluster_glm-4-air,LLMCluster,Slife,10010000011019,gps_track.gps.other,GPS定位存在异常，在原地不动得运动情况下，定位系统出现路线差异过大，在地图中没有标尺，并且地图的方向指向不敏感且始终指向手机上方。,19,10010000010401,由于gps定位的特点和计算的问题，app步数存在有时时停时跳的现象,step_count.gps.other,Slife__C2,Slife__C10,0.090974,0,0,1,0,0,0,0
LLMCluster__Slife__10010000011019,llmcluster_glm-4-air,LLMCluster,Slife,10010000011019,gps_track.gps.other,GPS定位存在异常，在原地不动得运动情况下，定位系统出现路线差异过大，在地图中没有标尺，并且地图的方向指向不敏感且始终指向手机上方。,20,10010000011152,Slife软件对于运动不敏感，当自己运动了有几分钟才会在首页的步数上有体现。,step_count.page_view.other,Slife__C2,Slife__C10,0.060025,0,0,1,0,0,0,0
LLMCluster__Slife__10010000011019,llmcluster_glm-4-air,LLMCluster,Slife,10010000011019,gps_track.gps.other,GPS定位存在异常，在原地不动得运动情况下，定位系统出现路线差异过大，在地图中没有标尺，并且地图的方向指向不敏感且始终指向手机上方。,21,10010000011553,在停止运动后的至少4分钟内，步行时间会在手机静止的情况下自动向上累积。,run_walk.step.other,Slife__C2,Slife__C10,0.061106,0,0,1,0,0,0,0
LLMCluster__Slife__10010000011019,llmcluster_glm-4-air,LLMCluster,Slife,10010000011019,gps_track.gps.other,GPS定位存在异常，在原地不动得运动情况下，定位系统出现路线差异过大，在地图中没有标尺，并且地图的方向指向不敏感且始终指向手机上方。,22,10010000010633,GPS定位不准确，同时内置高德地图上显示的记录的路径不准确，测试地点未发生变化但记录的路径已变化。,gps_track.list_item.other,Slife__C10,Slife__C10,0.100236,0,1,0,0,0,0,0
LLMCluster__Slife__10010000011019,llmcluster_glm-4-air,LLMCluster,Slife,10010000011019,gps_track.gps.other,GPS定位存在异常，在原地不动得运动情况下，定位系统出现路线差异过大，在地图中没有标尺，并且地图的方向指向不敏感且始终指向手机上方。,23,10010000011795,用户以不同方位摇动手机，出现的运动情况正面运动量会增加，侧面摇动运动量无反应。,run_walk.other.cannot_or_fail,Slife__C2,Slife__C10,0.066922,0,0,1,0,0,0,0
LLMCluster__Slife__10010000011019,llmcluster_glm-4-air,LLMCluster,Slife,10010000011019,gps_track.gps.other,GPS定位存在异常，在原地不动得运动情况下，定位系统出现路线差异过大，在地图中没有标尺，并且地图的方向指向不敏感且始终指向手机上方。,24,10010000011787,没有连接网络时不能显示路径，没有GPS地点不会变化。任何时候运动方向不会改变。,gps_track.gps.cannot_or_fail,Slife__C10,Slife__C10,0.098132,0,1,0,0,0,0,0
LLMCluster__Slife__10010000011019,llmcluster_glm-4-air,LLMCluster,Slife,10010000011019,gps_track.gps.other,GPS定位存在异常，在原地不动得运动情况下，定位系统出现路线差异过大，在地图中没有标尺，并且地图的方向指向不敏感且始终指向手机上方。,25,10010000011075,在有链接网络的情况下，启动微博，再进行分享，点击确定授权，出现网络连接失败!并且点击取消之后回到应用分享的时候页面没有提示分享失败！,share.page_view.cannot_share,Slife__C10,Slife__C10,0.052528,0,0,0,0,0,0,0
LLMCluster__Slife__10010000011019,llmcluster_glm-4-air,LLMCluster,Slife,10010000011019,gps_track.gps.other,GPS定位存在异常，在原地不动得运动情况下，定位系统出现路线差异过大，在地图中没有标尺，并且地图的方向指向不敏感且始终指向手机上方。,26,10010000011347,在使用该软件的时候，打开地图模式，查看运动路径，发现地图无法显示。刷新后恢复正常。,run_walk.other.cannot_or_fail,Slife__C10,Slife__C10,0.081109,0,0,0,0,0,0,0
LLMCluster__Slife__10010000011019,llmcluster_glm-4-air,LLMCluster,Slife,10010000011019,gps_track.gps.other,GPS定位存在异常，在原地不动得运动情况下，定位系统出现路线差异过大，在地图中没有标尺，并且地图的方向指向不敏感且始终指向手机上方。,27,10010000010579,在没有运动的情况下，仅仅只是用手拿着手机进行上下震动，和甩手机的动作，该款app就记录了步数和距离,step_count.list_item.other,Slife__C2,Slife__C10,0.063376,0,0,1,0,0,0,0
LLMCluster__Slife__10010000011019,llmcluster_glm-4-air,LLMCluster,Slife,10010000011019,gps_track.gps.other,GPS定位存在异常，在原地不动得运动情况下，定位系统出现路线差异过大，在地图中没有标尺，并且地图的方向指向不敏感且始终指向手机上方。,28,10010000010034,在注册页面中没有第二次验证密码，这样可能导致，用户输入密码是错误而是用户无法登录，而且密码不可视。,register.page_view.wrong_value,Slife__C1,Slife__C10,0.032118,0,0,1,0,0,0,0
TFIDF+HC__Slife__10010000011370,tfidf_hc_K20,TFIDF+HC,Slife,10010000011370,login.page_view.other,打开轻客软件并登录，进入首页，该界面显示今天的步行情况，见截图1,1,10010000011152,Slife软件对于运动不敏感，当自己运动了有几分钟才会在首页的步数上有体现。,step_count.page_view.other,Slife__C2,Slife__C0,0.043022,0,0,1,0,0,0,0
TFIDF+HC__Slife__10010000011370,tfidf_hc_K20,TFIDF+HC,Slife,10010000011370,login.page_view.other,打开轻客软件并登录，进入首页，该界面显示今天的步行情况，见截图1,2,10010000010437,在首页点击步行那个按钮，进入高德地图界面，点击右上角的分享，分享后返回APP，地图界面不能正常显示，加载不出来,share.button_icon.load_fail,Slife__C2,Slife__C0,0.080806,0,0,1,0,0,0,0
TFIDF+HC__Slife__10010000011370,tfidf_hc_K20,TFIDF+HC,Slife,10010000011370,login.page_view.other,打开轻客软件并登录，进入首页，该界面显示今天的步行情况，见截图1,3,10010000010182,打开Slife，设定运动目标后开始运动，运动完成，进入应用主界面，下拉界面，显示分享区，选择分享到朋友圈，手机屏幕闪烁后，显示“发送失…,share.page_view.cannot_send,Slife__C1,Slife__C0,0.077952,0,0,1,0,0,0,0
TFIDF+HC__Slife__10010000011370,tfidf_hc_K20,TFIDF+HC,Slife,10010000011370,login.page_view.other,打开轻客软件并登录，进入首页，该界面显示今天的步行情况，见截图1,4,10010000010567,在系统运行时，有时候突然不显示数据运行情况,other.other.display_missing,Slife__C7,Slife__C0,0.075507,0,0,1,0,0,0,0
TFIDF+HC__Slife__10010000011370,tfidf_hc_K20,TFIDF+HC,Slife,10010000011370,login.page_view.other,打开轻客软件并登录，进入首页，该界面显示今天的步行情况，见截图1,5,10010000011630,下拉首页，出现分享对象和活动选项，点击无反应,share.page_view.cannot_or_fail,Slife__C2,Slife__C0,0.064197,0,0,1,0,0,0,0
TFIDF+HC__Slife__10010000011370,tfidf_hc_K20,TFIDF+HC,Slife,10010000011370,login.page_view.other,打开轻客软件并登录，进入首页，该界面显示今天的步行情况，见截图1,6,10010000011360,打开轻客软件，手拿着手机步行，步行时观察步行数目的变化，当步行到92步时停止，此时发现轻客应用的步行数目下方的运行时间轴未显示步行的时…,run_walk.step.other,Slife__C0,Slife__C0,0.175513,0,0,0,0,0,0,0
TFIDF+HC__Slife__10010000011370,tfidf_hc_K20,TFIDF+HC,Slife,10010000011370,login.page_view.other,打开轻客软件并登录，进入首页，该界面显示今天的步行情况，见截图1,7,10010000009968,刚打开应用，未登录，未进行运动情况下，应用记步功能出现步数上涨迅速现象。截图是 前后时间差在一分钟以内的记录。,login.list_item.other,Slife__C7,Slife__C0,0.076502,0,1,1,0,0,0,0
TFIDF+HC__Slife__10010000011370,tfidf_hc_K20,TFIDF+HC,Slife,10010000011370,login.page_view.other,打开轻客软件并登录，进入首页，该界面显示今天的步行情况，见截图1,8,10010000010149,注册后直接登录，退出登录后再登录，不能登录成功,register.other.cannot_or_fail,Slife__C5,Slife__C0,0.107755,0,0,1,0,0,0,0
TFIDF+HC__Slife__10010000011370,tfidf_hc_K20,TFIDF+HC,Slife,10010000011370,login.page_view.other,打开轻客软件并登录，进入首页，该界面显示今天的步行情况，见截图1,9,10010000010900,运动主页面的步行数据与步行状态下显示的不行数据不一致，不能同步更新。,run_walk.page_view.cannot_or_fail,Slife__C0,Slife__C0,0.063342,0,0,0,0,0,0,0
TFIDF+HC__Slife__10010000011370,tfidf_hc_K20,TFIDF+HC,Slife,10010000011370,login.page_view.other,打开轻客软件并登录，进入首页，该界面显示今天的步行情况，见截图1,10,10010000011381,打开轻客软件并登录，手拿手机步行，当步行到92步时，见截图1，点击步行数目圆形图标，显示步行距离只有2米，见截图3,login.button_icon.other,Slife__C0,Slife__C0,0.365663,0,1,0,0,0,0,0
TFIDF+HC__Slife__10010000011370,tfidf_hc_K20,TFIDF+HC,Slife,10010000011370,login.page_view.other,打开轻客软件并登录，进入首页，该界面显示今天的步行情况，见截图1,11,10010000010640,设置运动目标页面，点击重新设置，进入个人信息页面，选择性别之后点击上一步，选择另一个性别，出现截图所示情况，无法继续设置。,run_walk.page_view.cannot_or_fail,Slife__C1,Slife__C0,0.083697,0,0,1,0,0,0,0
TFIDF+HC__Slife__10010000011370,tfidf_hc_K20,TFIDF+HC,Slife,10010000011370,login.page_view.other,打开轻客软件并登录，进入首页，该界面显示今天的步行情况，见截图1,12,10010000011783,保持停留在软件的首页，软件依旧显示应用已停止。即使正在增加步数也一样结果。,step_count.page_view.other,Slife__C10,Slife__C0,0.08233,0,0,1,0,0,0,0
TFIDF+HC__Slife__10010000011370,tfidf_hc_K20,TFIDF+HC,Slife,10010000011370,login.page_view.other,打开轻客软件并登录，进入首页，该界面显示今天的步行情况，见截图1,13,10010000011426,在活动趋势页面，点击分享按钮，弹出分享到社交平台对话框后，如截图一。点击更多，进入到截图二界面，点击取消，提示“发送失败请重试”，提示…,share.button_icon.cannot_send,Slife__C2,Slife__C0,0.070585,0,0,1,0,0,0,0
TFIDF+HC__Slife__10010000011370,tfidf_hc_K20,TFIDF+HC,Slife,10010000011370,login.page_view.other,打开轻客软件并登录，进入首页，该界面显示今天的步行情况，见截图1,14,10010000011315,首页显示只有步行的步数产生变化，时间、距离、卡路里均为0,step_count.page_view.other,Slife__C3,Slife__C0,0.054123,0,0,1,0,0,0,0
TFIDF+HC__Slife__10010000011370,tfidf_hc_K20,TFIDF+HC,Slife,10010000011370,login.page_view.other,打开轻客软件并登录，进入首页，该界面显示今天的步行情况，见截图1,15,10010000011596,通知栏显示步数与app页面显示步数差距较大,notification.page_view.other,Slife__C2,Slife__C0,0.062184,0,0,1,0,0,0,0
TFIDF+HC__Slife__10010000011370,tfidf_hc_K20,TFIDF+HC,Slife,10010000011370,login.page_view.other,打开轻客软件并登录，进入首页，该界面显示今天的步行情况，见截图1,16,10010000007594,步骤2后登录界面的登录账号只可以输入邮箱名称，不可以输入用户名，见截图1,login.page_view.cannot_or_fail,Slife__C5,Slife__C0,0.149834,0,1,1,0,0,1,0
TFIDF+HC__Slife__10010000011370,tfidf_hc_K20,TFIDF+HC,Slife,10010000011370,login.page_view.other,打开轻客软件并登录，进入首页，该界面显示今天的步行情况，见截图1,17,10010000011701,打开轻客软件并登录，步行了92步，手机未关机也未关闭该应用，步行情况显示界面的时间轴上出现应用已关闭，点击截图1中所示的步行图标，进入…,login.button_icon.other,Slife__C0,Slife__C0,0.32138,0,1,0,0,0,0,0
TFIDF+HC__Slife__10010000011370,tfidf_hc_K20,TFIDF+HC,Slife,10010000011370,login.page_view.other,打开轻客软件并登录，进入首页，该界面显示今天的步行情况，见截图1,18,10010000010975,分享至朋友圈会出现发送错误的情况，必然出现，如图,share.share_panel.wrong_value,Slife__C2,Slife__C0,0.058763,0,0,1,0,0,0,0
TFIDF+HC__Slife__10010000011370,tfidf_hc_K20,TFIDF+HC,Slife,10010000011370,login.page_view.other,打开轻客软件并登录，进入首页，该界面显示今天的步行情况，见截图1,19,10010000010212,当我将今天的记录分享到朋友圈时，没有调到微信，而直接回到当前。,share.list_item.other,Slife__C2,Slife__C0,0.071399,0,0,1,0,0,0,0
TFIDF+HC__Slife__10010000011370,tfidf_hc_K20,TFIDF+HC,Slife,10010000011370,login.page_view.other,打开轻客软件并登录，进入首页，该界面显示今天的步行情况，见截图1,20,10010000011423,在排行榜分享自己今天的运动完成情况时，使用的是分享到qq好友，竟然发过去之后的链接是广告（下载此应用），而不是自己的运动情况。,share.image_banner.other,Slife__C2,Slife__C0,0.073427,0,0,1,0,0,0,0
TFIDF+HC__Slife__10010000011370,tfidf_hc_K20,TFIDF+HC,Slife,10010000011370,login.page_view.other,打开轻客软件并登录，进入首页，该界面显示今天的步行情况，见截图1,21,10010000010867,打开轻客软件，点击首页右上角三道杠打开左侧导航栏，如果登录了App，则退出，见截图1,login.page_view.other,Slife__C0,Slife__C0,0.26822,1,1,0,0,0,0,0
TFIDF+HC__Slife__10010000011370,tfidf_hc_K20,TFIDF+HC,Slife,10010000011370,login.page_view.other,打开轻客软件并登录，进入首页，该界面显示今天的步行情况，见截图1,22,10010000009870,在进入设定目标时，只展现了每天的步行步数目标，而没有其他信息，使用户无法直接了解到设定的目标信息。,step_count.step.cannot_or_fail,Slife__C3,Slife__C0,0.074864,0,0,1,0,0,0,0
TFIDF+HC__Slife__10010000011370,tfidf_hc_K20,TFIDF+HC,Slife,10010000011370,login.page_view.other,打开轻客软件并登录，进入首页，该界面显示今天的步行情况，见截图1,23,10010000010882,打开gps后，该app显示的步数与实际步数仍有较大差距。,step_count.gps.other,Slife__C7,Slife__C0,0.067518,0,0,1,0,0,0,0
TFIDF+HC__Slife__10010000011370,tfidf_hc_K20,TFIDF+HC,Slife,10010000011370,login.page_view.other,打开轻客软件并登录，进入首页，该界面显示今天的步行情况，见截图1,24,10010000011353,在个人信息界面点击“设定目标”进入界面时，发现，进去的虽然是设定步数目标的界面，但是最上面显示的是“个人信息”。属于显示错误，功能ta…,step_count.page_view.wrong_value,Slife__C1,Slife__C0,0.077395,0,0,1,0,0,0,0
TFIDF+HC__Slife__10010000011370,tfidf_hc_K20,TFIDF+HC,Slife,10010000011370,login.page_view.other,打开轻客软件并登录，进入首页，该界面显示今天的步行情况，见截图1,25,10010000010941,步行距离的记录存在延迟情况，步行路线的显示也存在大概率延迟，延迟时间为30s~60s不等,run_walk.list_item.freeze,Slife__C0,Slife__C0,0.058628,0,0,0,0,0,0,0
TFIDF+HC__Slife__10010000011370,tfidf_hc_K20,TFIDF+HC,Slife,10010000011370,login.page_view.other,打开轻客软件并登录，进入首页，该界面显示今天的步行情况，见截图1,26,10010000007808,退出了不能直接登录，要重新输入账号和密码。,login.other.cannot_or_fail,Slife__C5,Slife__C0,0.046064,0,1,1,0,0,0,0
TFIDF+HC__Slife__10010000011370,tfidf_hc_K20,TFIDF+HC,Slife,10010000011370,login.page_view.other,打开轻客软件并登录，进入首页，该界面显示今天的步行情况，见截图1,27,10010000011600,首页进入到设定目标页面，点击“重新设置”按钮，进入选择“男士女士”头像界面，再点击返回键，理应回到设定目标界面，实际上却回到了首页。,settings.button_icon.other,Slife__C1,Slife__C0,0.075465,0,0,1,0,0,0,0
TFIDF+HC__Slife__10010000011370,tfidf_hc_K20,TFIDF+HC,Slife,10010000011370,login.page_view.other,打开轻客软件并登录，进入首页，该界面显示今天的步行情况，见截图1,28,10010000011610,进入首页右上角，活动趋势里的最长活动时间和最长活动距离不能实时更新，只能在当天任务完成后才能得出，过程中却不能体现作用。,other.page_view.cannot_or_fail,Slife__C0,Slife__C0,0.065971,0,0,0,0,0,0,0
SBERT+HC__Slife__10010000011370,sbert_hc_K20,SBERT+HC,Slife,10010000011370,login.page_view.other,打开轻客软件并登录，进入首页，该界面显示今天的步行情况，见截图1,1,10010000010557,当用户步行行进时，走一步，应用却记录了2步,run_walk.list_item.other,Slife__C18,Slife__C18,0.035412,0,0,0,0,0,0,0
SBERT+HC__Slife__10010000011370,sbert_hc_K20,SBERT+HC,Slife,10010000011370,login.page_view.other,打开轻客软件并登录，进入首页，该界面显示今天的步行情况，见截图1,2,10010000007428,登录注册画面，输入框和顶部有一段距离。,register.input_box.other,Slife__C8,Slife__C18,0.029203,0,0,1,0,0,0,0
SBERT+HC__Slife__10010000011370,sbert_hc_K20,SBERT+HC,Slife,10010000011370,login.page_view.other,打开轻客软件并登录，进入首页，该界面显示今天的步行情况，见截图1,3,10010000011152,Slife软件对于运动不敏感，当自己运动了有几分钟才会在首页的步数上有体现。,step_count.page_view.other,Slife__C1,Slife__C18,0.043022,0,0,1,0,0,0,0
SBERT+HC__Slife__10010000011370,sbert_hc_K20,SBERT+HC,Slife,10010000011370,login.page_view.other,打开轻客软件并登录，进入首页，该界面显示今天的步行情况，见截图1,4,10010000011113,在进行自己的运动情况分享的时候，在右上角的位置分享的是对Slife这个软件的简介。要出现自己的运动情况的话要对首页进行下拉。但是对于页…,share.page_view.layout_issue,Slife__C18,Slife__C18,0.058912,0,0,0,0,0,0,0
SBERT+HC__Slife__10010000011370,sbert_hc_K20,SBERT+HC,Slife,10010000011370,login.page_view.other,打开轻客软件并登录，进入首页，该界面显示今天的步行情况，见截图1,5,10010000007714,点击用户头像，出现头像设置界面，出现3个选择项，相机(现拍照片)，图片(从相册中选择)，默认头像，此时选择第2个功能，通过系统默认相册…,settings.page_view.no_prompt,Slife__C8,Slife__C18,0.01661,0,0,1,0,0,0,0
SBERT+HC__Slife__10010000011370,sbert_hc_K20,SBERT+HC,Slife,10010000011370,login.page_view.other,打开轻客软件并登录，进入首页，该界面显示今天的步行情况，见截图1,6,10010000007718,进入左侧侧边栏，点击用户头像，弹出注销界面。或者在设置完用户头像后，在侧边栏直接点击用户头像，弹出注销界面，在图1操作后点击用户头像，…,login.page_view.other,Slife__C8,Slife__C18,0.034329,1,1,1,1,1,1,1
SBERT+HC__Slife__10010000011370,sbert_hc_K20,SBERT+HC,Slife,10010000011370,login.page_view.other,打开轻客软件并登录，进入首页，该界面显示今天的步行情况，见截图1,7,10010000010231,应用介绍里，翻到最后一个界面后，无法跳转到系统首页界面，需要点击跳过。,other.page_view.cannot_or_fail,Slife__C18,Slife__C18,0.043229,0,0,0,0,0,0,0
SBERT+HC__Slife__10010000011370,sbert_hc_K20,SBERT+HC,Slife,10010000011370,login.page_view.other,打开轻客软件并登录，进入首页，该界面显示今天的步行情况，见截图1,8,10010000010373,进入主界面，查看步数相关信息，步数相关信息不完整,step_count.page_view.other,Slife__C18,Slife__C18,0.033678,0,0,0,0,0,0,0
SBERT+HC__Slife__10010000011370,sbert_hc_K20,SBERT+HC,Slife,10010000011370,login.page_view.other,打开轻客软件并登录，进入首页，该界面显示今天的步行情况，见截图1,9,10010000011103,第一步：进入应用主界面，点击右上角的分享按钮,share.button_icon.other,Slife__C18,Slife__C18,0.040804,0,0,0,0,0,0,0
SBERT+HC__Slife__10010000011370,sbert_hc_K20,SBERT+HC,Slife,10010000011370,login.page_view.other,打开轻客软件并登录，进入首页，该界面显示今天的步行情况，见截图1,10,10010000011615,在这个分享页面中，如果你想退出不分享了，这能按返回键。没有其他方式退出。比如：点击屏幕上的灰暗处即可退出。,share.button_icon.other,Slife__C6,Slife__C18,0.007359,0,0,1,0,0,0,0
SBERT+HC__Slife__10010000011370,sbert_hc_K20,SBERT+HC,Slife,10010000011370,login.page_view.other,打开轻客软件并登录，进入首页，该界面显示今天的步行情况，见截图1,11,10010000007713,点击用户头像，出现头像设置界面，出现3个选择项，相机(现拍照片)，图片(从相册中选择)，默认头像，此时选择第1个功能，即选择相机拍照，…,settings.page_view.cannot_or_fail,Slife__C8,Slife__C18,0.02121,0,0,1,0,0,0,0
SBERT+HC__Slife__10010000011370,sbert_hc_K20,SBERT+HC,Slife,10010000011370,login.page_view.other,打开轻客软件并登录，进入首页，该界面显示今天的步行情况，见截图1,12,10010000011452,当进行路径信息测试时，拿着两部手机进行运动，运动结束后查看路径信息。其中，一部手机主页上显示“步行”选项，点击进入便可看到路径信息。但…,run_walk.other.cannot_or_fail,Slife__C0,Slife__C18,0.031606,0,0,1,0,0,0,0
SBERT+HC__Slife__10010000011370,sbert_hc_K20,SBERT+HC,Slife,10010000011370,login.page_view.other,打开轻客软件并登录，进入首页，该界面显示今天的步行情况，见截图1,13,10010000011443,点击”步行“查看运动数据及路径，不能跳转到查看数据及路径的页面。,run_walk.page_view.cannot_or_fail,Slife__C18,Slife__C18,0.01758,0,0,0,0,0,0,0
SBERT+HC__Slife__10010000011370,sbert_hc_K20,SBERT+HC,Slife,10010000011370,login.page_view.other,打开轻客软件并登录，进入首页，该界面显示今天的步行情况，见截图1,14,10010000010890,用户点击分享链接，直接进入应用下载页面，无法查看运动数据,share.page_view.cannot_or_fail,Slife__C18,Slife__C18,0.026987,0,0,0,0,0,0,0
SBERT+HC__Slife__10010000011370,sbert_hc_K20,SBERT+HC,Slife,10010000011370,login.page_view.other,打开轻客软件并登录，进入首页，该界面显示今天的步行情况，见截图1,15,10010000011360,打开轻客软件，手拿着手机步行，步行时观察步行数目的变化，当步行到92步时停止，此时发现轻客应用的步行数目下方的运行时间轴未显示步行的时…,run_walk.step.other,Slife__C0,Slife__C18,0.175513,0,0,1,0,0,0,0
SBERT+HC__Slife__10010000011370,sbert_hc_K20,SBERT+HC,Slife,10010000011370,login.page_view.other,打开轻客软件并登录，进入首页，该界面显示今天的步行情况，见截图1,16,10010000010867,打开轻客软件，点击首页右上角三道杠打开左侧导航栏，如果登录了App，则退出，见截图1,login.page_view.other,Slife__C18,Slife__C18,0.26822,1,1,0,0,0,0,0
SBERT+HC__Slife__10010000011370,sbert_hc_K20,SBERT+HC,Slife,10010000011370,login.page_view.other,打开轻客软件并登录，进入首页，该界面显示今天的步行情况，见截图1,17,10010000011426,在活动趋势页面，点击分享按钮，弹出分享到社交平台对话框后，如截图一。点击更多，进入到截图二界面，点击取消，提示“发送失败请重试”，提示…,share.button_icon.cannot_send,Slife__C6,Slife__C18,0.070585,0,0,1,0,0,0,0
SBERT+HC__Slife__10010000011370,sbert_hc_K20,SBERT+HC,Slife,10010000011370,login.page_view.other,打开轻客软件并登录，进入首页，该界面显示今天的步行情况，见截图1,18,10010000011630,下拉首页，出现分享对象和活动选项，点击无反应,share.page_view.cannot_or_fail,Slife__C6,Slife__C18,0.064197,0,0,1,0,0,0,0
SBERT+HC__Slife__10010000011370,sbert_hc_K20,SBERT+HC,Slife,10010000011370,login.page_view.other,打开轻客软件并登录，进入首页，该界面显示今天的步行情况，见截图1,19,10010000007566,"注册界面上方有大量空白,个人认为可添加一个APP的logo",register.page_view.other,Slife__C4,Slife__C18,0.012481,0,0,1,0,0,0,0
SBERT+HC__Slife__10010000011370,sbert_hc_K20,SBERT+HC,Slife,10010000011370,login.page_view.other,打开轻客软件并登录，进入首页，该界面显示今天的步行情况，见截图1,20,10010000010437,在首页点击步行那个按钮，进入高德地图界面，点击右上角的分享，分享后返回APP，地图界面不能正常显示，加载不出来,share.button_icon.load_fail,Slife__C18,Slife__C18,0.080806,0,0,0,0,0,0,0
SBERT+HC__Slife__10010000011370,sbert_hc_K20,SBERT+HC,Slife,10010000011370,login.page_view.other,打开轻客软件并登录，进入首页，该界面显示今天的步行情况，见截图1,21,10010000011748,在步数界面分享步数时，分享的链接是 APP的链接，无法分享今日所走步数，影响用户体验。,share.page_view.cannot_share,Slife__C18,Slife__C18,0.03167,0,0,0,0,0,0,0
SBERT+HC__Slife__10010000011370,sbert_hc_K20,SBERT+HC,Slife,10010000011370,login.page_view.other,打开轻客软件并登录，进入首页，该界面显示今天的步行情况，见截图1,22,10010000011315,首页显示只有步行的步数产生变化，时间、距离、卡路里均为0,step_count.page_view.other,Slife__C3,Slife__C18,0.054123,0,0,1,0,0,0,0
SBERT+HC__Slife__10010000011370,sbert_hc_K20,SBERT+HC,Slife,10010000011370,login.page_view.other,打开轻客软件并登录，进入首页，该界面显示今天的步行情况，见截图1,23,10010000011376,点击骑行，进入骑行具体页面后，对屏幕进行截屏操作，返回骑行具体界面后显示大量空白，页面刷新失败。,other.page_view.cannot_or_fail,Slife__C1,Slife__C18,0.06234,0,0,1,0,0,0,0
SBERT+HC__Slife__10010000011370,sbert_hc_K20,SBERT+HC,Slife,10010000011370,login.page_view.other,打开轻客软件并登录，进入首页，该界面显示今天的步行情况，见截图1,24,10010000011701,打开轻客软件并登录，步行了92步，手机未关机也未关闭该应用，步行情况显示界面的时间轴上出现应用已关闭，点击截图1中所示的步行图标，进入…,login.button_icon.other,Slife__C0,Slife__C18,0.32138,0,1,1,1,1,1,1
SBERT+HC__Slife__10010000011370,sbert_hc_K20,SBERT+HC,Slife,10010000011370,login.page_view.other,打开轻客软件并登录，进入首页，该界面显示今天的步行情况，见截图1,25,10010000011600,首页进入到设定目标页面，点击“重新设置”按钮，进入选择“男士女士”头像界面，再点击返回键，理应回到设定目标界面，实际上却回到了首页。,settings.button_icon.other,Slife__C18,Slife__C18,0.075465,0,0,0,0,0,0,0
SBERT+HC__Slife__10010000011370,sbert_hc_K20,SBERT+HC,Slife,10010000011370,login.page_view.other,打开轻客软件并登录，进入首页，该界面显示今天的步行情况，见截图1,26,10010000011071,进去“首页”，通过特定方式（跑步），完成跑步数据以及运动路径,step_count.page_view.other,Slife__C18,Slife__C18,0.029497,0,0,0,0,0,0,0
SBERT+HC__Slife__10010000011370,sbert_hc_K20,SBERT+HC,Slife,10010000011370,login.page_view.other,打开轻客软件并登录，进入首页，该界面显示今天的步行情况，见截图1,27,10010000007712,点击用户头像，出现头像设置界面，出现3个选择项，相机(现拍照片)，图片(从相册中选择)，默认头像，此时选择第三个功能，即选择默认头像，…,login.page_view.other,Slife__C8,Slife__C18,0.016768,1,1,1,1,1,1,1
SBERT+HC__Slife__10010000011370,sbert_hc_K20,SBERT+HC,Slife,10010000011370,login.page_view.other,打开轻客软件并登录，进入首页，该界面显示今天的步行情况，见截图1,28,10010000010182,打开Slife，设定运动目标后开始运动，运动完成，进入应用主界面，下拉界面，显示分享区，选择分享到朋友圈，手机屏幕闪烁后，显示“发送失…,share.page_view.cannot_send,Slife__C18,Slife__C18,0.077952,0,0,0,0,0,0,0
SBERT+HC__Slife__10010000011370,sbert_hc_K20,SBERT+HC,Slife,10010000011370,login.page_view.other,打开轻客软件并登录，进入首页，该界面显示今天的步行情况，见截图1,29,10010000011285,主界面下拉时，突然出现活动汇总和活动详细界面，但是下方却出现的是分享到其他平台的选项，并且点击汇总和详细按钮，无任何变化和响应,share.button_icon.other,Slife__C6,Slife__C18,0.024911,0,0,1,0,0,0,0
SBERT+HC__Slife__10010000011370,sbert_hc_K20,SBERT+HC,Slife,10010000011370,login.page_view.other,打开轻客软件并登录，进入首页，该界面显示今天的步行情况，见截图1,30,10010000011236,在首页显示路径的地方，没有实时更新，之前是445步，后面走到466步，过了10分钟，界面上还是显示的518，和上面圆圈里面的不能够同步。,other.page_view.cannot_or_fail,Slife__C1,Slife__C18,0.055318,0,0,1,0,0,0,0
SBERT+HC__Slife__10010000011370,sbert_hc_K20,SBERT+HC,Slife,10010000011370,login.page_view.other,打开轻客软件并登录，进入首页，该界面显示今天的步行情况，见截图1,31,10010000011218,开启应用不走路，摇晃手机，出现步数，运动路径错误,step_count.step.wrong_value,Slife__C0,Slife__C18,0.014174,0,0,1,0,0,0,0
SBERT+HC__Slife__10010000011370,sbert_hc_K20,SBERT+HC,Slife,10010000011370,login.page_view.other,打开轻客软件并登录，进入首页，该界面显示今天的步行情况，见截图1,32,10010000011381,打开轻客软件并登录，手拿手机步行，当步行到92步时，见截图1，点击步行数目圆形图标，显示步行距离只有2米，见截图3,login.button_icon.other,Slife__C0,Slife__C18,0.365663,0,1,1,1,1,1,1
SBERT+HC__Slife__10010000011370,sbert_hc_K20,SBERT+HC,Slife,10010000011370,login.page_view.other,打开轻客软件并登录，进入首页，该界面显示今天的步行情况，见截图1,33,10010000010357,本软件首页的布局显示比较奇特，隐藏了主要的功能选项，让用户易点击退出，使用也不太方便,other.page_view.layout_issue,Slife__C4,Slife__C18,0.041015,0,0,1,0,0,0,0
LLMCluster__Slife__10010000011370,llmcluster_glm-4-air,LLMCluster,Slife,10010000011370,login.page_view.other,打开轻客软件并登录，进入首页，该界面显示今天的步行情况，见截图1,1,10010000010867,打开轻客软件，点击首页右上角三道杠打开左侧导航栏，如果登录了App，则退出，见截图1,login.page_view.other,Slife__C10,Slife__C10,0.26822,1,1,0,0,0,0,0
LLMCluster__Slife__10010000011370,llmcluster_glm-4-air,LLMCluster,Slife,10010000011370,login.page_view.other,打开轻客软件并登录，进入首页，该界面显示今天的步行情况，见截图1,2,10010000009968,刚打开应用，未登录，未进行运动情况下，应用记步功能出现步数上涨迅速现象。截图是 前后时间差在一分钟以内的记录。,login.list_item.other,Slife__C2,Slife__C10,0.076502,0,1,1,0,0,0,0
LLMCluster__Slife__10010000011370,llmcluster_glm-4-air,LLMCluster,Slife,10010000011370,login.page_view.other,打开轻客软件并登录，进入首页，该界面显示今天的步行情况，见截图1,3,10010000011353,在个人信息界面点击“设定目标”进入界面时，发现，进去的虽然是设定步数目标的界面，但是最上面显示的是“个人信息”。属于显示错误，功能ta…,step_count.page_view.wrong_value,Slife__C10,Slife__C10,0.077395,0,0,0,0,0,0,0
LLMCluster__Slife__10010000011370,llmcluster_glm-4-air,LLMCluster,Slife,10010000011370,login.page_view.other,打开轻客软件并登录，进入首页，该界面显示今天的步行情况，见截图1,4,10010000007808,退出了不能直接登录，要重新输入账号和密码。,login.other.cannot_or_fail,Slife__C1,Slife__C10,0.046064,0,1,1,0,0,0,0
LLMCluster__Slife__10010000011370,llmcluster_glm-4-air,LLMCluster,Slife,10010000011370,login.page_view.other,打开轻客软件并登录，进入首页，该界面显示今天的步行情况，见截图1,5,10010000010556,打开Slife，设定运动目标后开始运动，当选择在室内行走（类似导致手机晃动不剧烈运动）时，主界面步数、距离、时间等变化不连贯或不变化，…,step_count.page_view.other,Slife__C2,Slife__C10,0.029906,0,0,1,0,0,0,0
LLMCluster__Slife__10010000011370,llmcluster_glm-4-air,LLMCluster,Slife,10010000011370,login.page_view.other,打开轻客软件并登录，进入首页，该界面显示今天的步行情况，见截图1,6,10010000010212,当我将今天的记录分享到朋友圈时，没有调到微信，而直接回到当前。,share.list_item.other,Slife__C10,Slife__C10,0.071399,0,0,0,0,0,0,0
LLMCluster__Slife__10010000011370,llmcluster_glm-4-air,LLMCluster,Slife,10010000011370,login.page_view.other,打开轻客软件并登录，进入首页，该界面显示今天的步行情况，见截图1,7,10010000010640,设置运动目标页面，点击重新设置，进入个人信息页面，选择性别之后点击上一步，选择另一个性别，出现截图所示情况，无法继续设置。,run_walk.page_view.cannot_or_fail,Slife__C10,Slife__C10,0.083697,0,0,0,0,0,0,0
LLMCluster__Slife__10010000011370,llmcluster_glm-4-air,LLMCluster,Slife,10010000011370,login.page_view.other,打开轻客软件并登录，进入首页，该界面显示今天的步行情况，见截图1,8,10010000010034,在注册页面中没有第二次验证密码，这样可能导致，用户输入密码是错误而是用户无法登录，而且密码不可视。,register.page_view.wrong_value,Slife__C1,Slife__C10,0.036084,0,0,1,0,0,0,0
LLMCluster__Slife__10010000011370,llmcluster_glm-4-air,LLMCluster,Slife,10010000011370,login.page_view.other,打开轻客软件并登录，进入首页，该界面显示今天的步行情况，见截图1,9,10010000007763,修改密码成功后应该返回登录界面，不过应用未返回登录界面，仍旧返回的是修改密码子页面,login.page_view.other,Slife__C1,Slife__C10,0.049974,1,1,1,1,1,1,1
LLMCluster__Slife__10010000011370,llmcluster_glm-4-air,LLMCluster,Slife,10010000011370,login.page_view.other,打开轻客软件并登录，进入首页，该界面显示今天的步行情况，见截图1,10,10010000010542,在测试过程中，kikbug出现停止运行的情况，无法进行测试,other.other.cannot_or_fail,Slife__C9,Slife__C10,0.055338,0,0,1,0,0,0,0
LLMCluster__Slife__10010000011370,llmcluster_glm-4-air,LLMCluster,Slife,10010000011370,login.page_view.other,打开轻客软件并登录，进入首页，该界面显示今天的步行情况，见截图1,11,10010000011423,在排行榜分享自己今天的运动完成情况时，使用的是分享到qq好友，竟然发过去之后的链接是广告（下载此应用），而不是自己的运动情况。,share.image_banner.other,Slife__C10,Slife__C10,0.073427,0,0,0,0,0,0,0
LLMCluster__Slife__10010000011370,llmcluster_glm-4-air,LLMCluster,Slife,10010000011370,login.page_view.other,打开轻客软件并登录，进入首页，该界面显示今天的步行情况，见截图1,12,10010000007656,若没有进行注册直接进行登录，没有提示请先注册等信息，而是提示邮箱不存在或密码错误提示信息，而且只能通过邮箱注册，没有其他注册方式，或者…,register.other.wrong_value,Slife__C1,Slife__C10,0.036459,0,0,1,0,0,0,0
LLMCluster__Slife__10010000011370,llmcluster_glm-4-air,LLMCluster,Slife,10010000011370,login.page_view.other,打开轻客软件并登录，进入首页，该界面显示今天的步行情况，见截图1,13,10010000011437,在不登录的情况下记录的结果，在登录时依旧可以显示，安全性严重不足。如果他人在同台设备登录时，将看到原先没有登录的用户的结果，导致他人隐…,login.list_item.other,Slife__C1,Slife__C10,0.058502,0,1,1,0,0,0,0
LLMCluster__Slife__10010000011370,llmcluster_glm-4-air,LLMCluster,Slife,10010000011370,login.page_view.other,打开轻客软件并登录，进入首页，该界面显示今天的步行情况，见截图1,14,10010000011596,通知栏显示步数与app页面显示步数差距较大,notification.page_view.other,Slife__C10,Slife__C10,0.062184,0,0,0,0,0,0,0
LLMCluster__Slife__10010000011370,llmcluster_glm-4-air,LLMCluster,Slife,10010000011370,login.page_view.other,打开轻客软件并登录，进入首页，该界面显示今天的步行情况，见截图1,15,10010000011152,Slife软件对于运动不敏感，当自己运动了有几分钟才会在首页的步数上有体现。,step_count.page_view.other,Slife__C2,Slife__C10,0.043022,0,0,1,0,0,0,0
LLMCluster__Slife__10010000011370,llmcluster_glm-4-air,LLMCluster,Slife,10010000011370,login.page_view.other,打开轻客软件并登录，进入首页，该界面显示今天的步行情况，见截图1,16,10010000010975,分享至朋友圈会出现发送错误的情况，必然出现，如图,share.share_panel.wrong_value,Slife__C10,Slife__C10,0.058763,0,0,0,0,0,0,0
LLMCluster__Slife__10010000011370,llmcluster_glm-4-air,LLMCluster,Slife,10010000011370,login.page_view.other,打开轻客软件并登录，进入首页，该界面显示今天的步行情况，见截图1,17,10010000007796,用户注册时，必须是邮箱注册登录，不能使用电话号码或是昵称注册登录。,register.other.cannot_or_fail,Slife__C1,Slife__C10,0.044494,0,0,1,0,0,0,0
LLMCluster__Slife__10010000011370,llmcluster_glm-4-air,LLMCluster,Slife,10010000011370,login.page_view.other,打开轻客软件并登录，进入首页，该界面显示今天的步行情况，见截图1,18,10010000011452,当进行路径信息测试时，拿着两部手机进行运动，运动结束后查看路径信息。其中，一部手机主页上显示“步行”选项，点击进入便可看到路径信息。但…,run_walk.other.cannot_or_fail,Slife__C7,Slife__C10,0.031606,0,0,1,0,0,0,0
LLMCluster__Slife__10010000011370,llmcluster_glm-4-air,LLMCluster,Slife,10010000011370,login.page_view.other,打开轻客软件并登录，进入首页，该界面显示今天的步行情况，见截图1,19,10010000010882,打开gps后，该app显示的步数与实际步数仍有较大差距。,step_count.gps.other,Slife__C2,Slife__C10,0.067518,0,0,1,0,0,0,0
LLMCluster__Slife__10010000011370,llmcluster_glm-4-air,LLMCluster,Slife,10010000011370,login.page_view.other,打开轻客软件并登录，进入首页，该界面显示今天的步行情况，见截图1,20,10010000010437,在首页点击步行那个按钮，进入高德地图界面，点击右上角的分享，分享后返回APP，地图界面不能正常显示，加载不出来,share.button_icon.load_fail,Slife__C10,Slife__C10,0.080806,0,0,0,0,0,0,0
LLMCluster__Slife__10010000011370,llmcluster_glm-4-air,LLMCluster,Slife,10010000011370,login.page_view.other,打开轻客软件并登录，进入首页，该界面显示今天的步行情况，见截图1,21,10010000007579,"在未登录状态下,在侧边栏点击设定目标,可以进行设定,并没有跳转到登录界面,而未登录状态下的目标设定是没有意义的",login.page_view.other,Slife__C1,Slife__C10,0.046427,1,1,1,1,1,1,1
LLMCluster__Slife__10010000011370,llmcluster_glm-4-air,LLMCluster,Slife,10010000011370,login.page_view.other,打开轻客软件并登录，进入首页，该界面显示今天的步行情况，见截图1,22,10010000010567,在系统运行时，有时候突然不显示数据运行情况,other.other.display_missing,Slife__C10,Slife__C10,0.075507,0,0,0,0,0,0,0
LLMCluster__Slife__10010000011370,llmcluster_glm-4-air,LLMCluster,Slife,10010000011370,login.page_view.other,打开轻客软件并登录，进入首页，该界面显示今天的步行情况，见截图1,23,10010000010149,注册后直接登录，退出登录后再登录，不能登录成功,register.other.cannot_or_fail,Slife__C1,Slife__C10,0.107755,0,0,1,0,0,0,0
LLMCluster__Slife__10010000011370,llmcluster_glm-4-air,LLMCluster,Slife,10010000011370,login.page_view.other,打开轻客软件并登录，进入首页，该界面显示今天的步行情况，见截图1,24,10010000007456,更改密码之后，不会提醒重新登录，还是以之前的密码的界面。,login.page_view.other,Slife__C1,Slife__C10,0.051854,1,1,1,1,1,1,1
LLMCluster__Slife__10010000011370,llmcluster_glm-4-air,LLMCluster,Slife,10010000011370,login.page_view.other,打开轻客软件并登录，进入首页，该界面显示今天的步行情况，见截图1,25,10010000011360,打开轻客软件，手拿着手机步行，步行时观察步行数目的变化，当步行到92步时停止，此时发现轻客应用的步行数目下方的运行时间轴未显示步行的时…,run_walk.step.other,Slife__C10,Slife__C10,0.175513,0,0,0,0,0,0,0
LLMCluster__Slife__10010000011370,llmcluster_glm-4-air,LLMCluster,Slife,10010000011370,login.page_view.other,打开轻客软件并登录，进入首页，该界面显示今天的步行情况，见截图1,26,10010000011600,首页进入到设定目标页面，点击“重新设置”按钮，进入选择“男士女士”头像界面，再点击返回键，理应回到设定目标界面，实际上却回到了首页。,settings.button_icon.other,Slife__C10,Slife__C10,0.075465,0,0,0,0,0,0,0
LLMCluster__Slife__10010000011370,llmcluster_glm-4-air,LLMCluster,Slife,10010000011370,login.page_view.other,打开轻客软件并登录，进入首页，该界面显示今天的步行情况，见截图1,27,10010000007785,登录时不能记住账户密码，使用户在使用过程中不断的重新登录。,login.other.cannot_or_fail,Slife__C1,Slife__C10,0.034065,0,1,1,0,0,0,0
LLMCluster__Slife__10010000011370,llmcluster_glm-4-air,LLMCluster,Slife,10010000011370,login.page_view.other,打开轻客软件并登录，进入首页，该界面显示今天的步行情况，见截图1,28,10010000007594,步骤2后登录界面的登录账号只可以输入邮箱名称，不可以输入用户名，见截图1,login.page_view.cannot_or_fail,Slife__C1,Slife__C10,0.149834,0,1,1,0,1,1,1
LLMCluster__Slife__10010000011370,llmcluster_glm-4-air,LLMCluster,Slife,10010000011370,login.page_view.other,打开轻客软件并登录，进入首页，该界面显示今天的步行情况，见截图1,29,10010000011630,下拉首页，出现分享对象和活动选项，点击无反应,share.page_view.cannot_or_fail,Slife__C10,Slife__C10,0.064197,0,0,0,0,0,0,0
LLMCluster__Slife__10010000011370,llmcluster_glm-4-air,LLMCluster,Slife,10010000011370,login.page_view.other,打开轻客软件并登录，进入首页，该界面显示今天的步行情况，见截图1,30,10010000011783,保持停留在软件的首页，软件依旧显示应用已停止。即使正在增加步数也一样结果。,step_count.page_view.other,Slife__C10,Slife__C10,0.08233,0,0,0,0,0,0,0
LLMCluster__Slife__10010000011370,llmcluster_glm-4-air,LLMCluster,Slife,10010000011370,login.page_view.other,打开轻客软件并登录，进入首页，该界面显示今天的步行情况，见截图1,31,10010000011610,进入首页右上角，活动趋势里的最长活动时间和最长活动距离不能实时更新，只能在当天任务完成后才能得出，过程中却不能体现作用。,other.page_view.cannot_or_fail,Slife__C10,Slife__C10,0.065971,0,0,0,0,0,0,0
LLMCluster__Slife__10010000011370,llmcluster_glm-4-air,LLMCluster,Slife,10010000011370,login.page_view.other,打开轻客软件并登录，进入首页，该界面显示今天的步行情况，见截图1,32,10010000007628,slife下载后 注册后直接登录 然后退出再登录就不能再登录成功了,register.other.cannot_or_fail,Slife__C1,Slife__C10,0.040287,0,0,1,0,0,0,0
LLMCluster__Slife__10010000011370,llmcluster_glm-4-air,LLMCluster,Slife,10010000011370,login.page_view.other,打开轻客软件并登录，进入首页，该界面显示今天的步行情况，见截图1,33,10010000009870,在进入设定目标时，只展现了每天的步行步数目标，而没有其他信息，使用户无法直接了解到设定的目标信息。,step_count.step.cannot_or_fail,Slife__C10,Slife__C10,0.074864,0,0,0,0,0,0,0
LLMCluster__Slife__10010000011370,llmcluster_glm-4-air,LLMCluster,Slife,10010000011370,login.page_view.other,打开轻客软件并登录，进入首页，该界面显示今天的步行情况，见截图1,34,10010000011381,打开轻客软件并登录，手拿手机步行，当步行到92步时，见截图1，点击步行数目圆形图标，显示步行距离只有2米，见截图3,login.button_icon.other,Slife__C2,Slife__C10,0.365663,0,1,1,1,1,1,1
LLMCluster__Slife__10010000011370,llmcluster_glm-4-air,LLMCluster,Slife,10010000011370,login.page_view.other,打开轻客软件并登录，进入首页，该界面显示今天的步行情况，见截图1,35,10010000010525,修改密码时，无法识别空格，比如设置密码为1空格 显示修改成功，但是登录时还是只能输入1才能登录成功,login.page_view.cannot_or_fail,Slife__C1,Slife__C10,0.044715,0,1,1,0,0,0,0
LLMCluster__Slife__10010000011370,llmcluster_glm-4-air,LLMCluster,Slife,10010000011370,login.page_view.other,打开轻客软件并登录，进入首页，该界面显示今天的步行情况，见截图1,36,10010000011701,打开轻客软件并登录，步行了92步，手机未关机也未关闭该应用，步行情况显示界面的时间轴上出现应用已关闭，点击截图1中所示的步行图标，进入…,login.button_icon.other,Slife__C10,Slife__C10,0.32138,0,1,0,0,0,0,0
TFIDF+HC__Slife__10010000011483,tfidf_hc_K20,TFIDF+HC,Slife,10010000011483,run_walk.list_item.other,下方统计运动时间记录，不够及时，时间延时5分钟左右，，最新时间与系统时间有偏差,1,10010000011269,在软件开启的条件下，拿着手机进行运动并记录运动数据，但是只能记录步数，运动距离，时间，燃烧等值均为0.,step_count.list_item.wrong_value,Slife__C7,Slife__C0,0.078651,0,0,1,0,0,0,0
TFIDF+HC__Slife__10010000011483,tfidf_hc_K20,TFIDF+HC,Slife,10010000011483,run_walk.list_item.other,下方统计运动时间记录，不够及时，时间延时5分钟左右，，最新时间与系统时间有偏差,2,10010000010985,app不能实时更新系统时间改成之后的时间再改回来 app不变了,other.step.cannot_or_fail,Slife__C0,Slife__C0,0.13482,0,0,0,0,0,0,0
TFIDF+HC__Slife__10010000011483,tfidf_hc_K20,TFIDF+HC,Slife,10010000011483,run_walk.list_item.other,下方统计运动时间记录，不够及时，时间延时5分钟左右，，最新时间与系统时间有偏差,3,10010000010878,步数记录问题。当运动速度过快时，步数统计和时间统计以及卡路里统计并不能记录上。,step_count.list_item.cannot_or_fail,Slife__C0,Slife__C0,0.125374,0,0,0,0,0,0,0
TFIDF+HC__Slife__10010000011483,tfidf_hc_K20,TFIDF+HC,Slife,10010000011483,run_walk.list_item.other,下方统计运动时间记录，不够及时，时间延时5分钟左右，，最新时间与系统时间有偏差,4,10010000011581,录入身高时，最小值0.6米，最大值2.3米，体重最轻60斤，最重400斤，最小年纪6岁，最大年纪86岁。这是不合理的，在世界上身高体重…,other.other.cannot_or_fail,Slife__C12,Slife__C0,0.054886,0,0,1,0,0,0,0
TFIDF+HC__Slife__10010000011483,tfidf_hc_K20,TFIDF+HC,Slife,10010000011483,run_walk.list_item.other,下方统计运动时间记录，不够及时，时间延时5分钟左右，，最新时间与系统时间有偏差,5,10010000010877,敏感度不强，步数，距离，时间，需进行一段时间后才发生变化，无法实时更新，用户体验不好。,step_count.step.cannot_or_fail,Slife__C0,Slife__C0,0.098716,0,0,0,0,0,0,0
TFIDF+HC__Slife__10010000011483,tfidf_hc_K20,TFIDF+HC,Slife,10010000011483,run_walk.list_item.other,下方统计运动时间记录，不够及时，时间延时5分钟左右，，最新时间与系统时间有偏差,6,10010000010997,活动趋势界面，不管运动情况如何，活动时间，活动距离，最长活动时间，最长活动距离都是0，只显示运动步数,step_count.page_view.other,Slife__C0,Slife__C0,0.108096,0,0,0,0,0,0,0
TFIDF+HC__Slife__10010000011483,tfidf_hc_K20,TFIDF+HC,Slife,10010000011483,run_walk.list_item.other,下方统计运动时间记录，不够及时，时间延时5分钟左右，，最新时间与系统时间有偏差,7,10010000010834,运动的时间与系统累计的时间不相符,run_walk.step.other,Slife__C0,Slife__C0,0.243327,0,1,0,0,0,0,0
TFIDF+HC__Slife__10010000011483,tfidf_hc_K20,TFIDF+HC,Slife,10010000011483,run_walk.list_item.other,下方统计运动时间记录，不够及时，时间延时5分钟左右，，最新时间与系统时间有偏差,8,10010000010452,注册一个新账号，并登陆成功，设置目标后，携带手机开始运动，开始运动时，只有步数在增加，在运动一段时间后，运动时间仍然是0,register.page_view.other,Slife__C0,Slife__C0,0.108973,0,0,0,0,0,0,0
TFIDF+HC__Slife__10010000011483,tfidf_hc_K20,TFIDF+HC,Slife,10010000011483,run_walk.list_item.other,下方统计运动时间记录，不够及时，时间延时5分钟左右，，最新时间与系统时间有偏差,9,10010000010155,在我运动的时候，时间显示为停留，没有显示为运动。,run_walk.step.other,Slife__C0,Slife__C0,0.083059,0,1,0,0,0,0,0
TFIDF+HC__Slife__10010000011483,tfidf_hc_K20,TFIDF+HC,Slife,10010000011483,run_walk.list_item.other,下方统计运动时间记录，不够及时，时间延时5分钟左右，，最新时间与系统时间有偏差,10,10010000010676,时间不更新，开始的时候时间还更新，到后面，时间就一直停留在8分钟处不更新了,other.step.wrong_value,Slife__C0,Slife__C0,0.134524,0,0,0,0,0,0,0
TFIDF+HC__Slife__10010000011483,tfidf_hc_K20,TFIDF+HC,Slife,10010000011483,run_walk.list_item.other,下方统计运动时间记录，不够及时，时间延时5分钟左右，，最新时间与系统时间有偏差,11,10010000011334,没有关闭软件，但它却检测到应用关闭。而且，时间是16.26～16.57。并错误计算出2分钟多的关闭时间,other.step.wrong_value,Slife__C8,Slife__C0,0.078624,0,0,1,0,0,0,0
TFIDF+HC__Slife__10010000011483,tfidf_hc_K20,TFIDF+HC,Slife,10010000011483,run_walk.list_item.other,下方统计运动时间记录，不够及时，时间延时5分钟左右，，最新时间与系统时间有偏差,12,10010000010796,敏感度不强，步数统计，时间，距离无法实时更新，需进行一段时间后才发生变化，用户体验不好,step_count.step.cannot_or_fail,Slife__C0,Slife__C0,0.115927,0,0,0,0,0,0,0
TFIDF+HC__Slife__10010000011483,tfidf_hc_K20,TFIDF+HC,Slife,10010000011483,run_walk.list_item.other,下方统计运动时间记录，不够及时，时间延时5分钟左右，，最新时间与系统时间有偏差,13,10010000010144,在我停止运动的时候，运动时间依旧在计时,run_walk.step.other,Slife__C0,Slife__C0,0.118186,0,1,0,0,0,0,0
TFIDF+HC__Slife__10010000011483,tfidf_hc_K20,TFIDF+HC,Slife,10010000011483,run_walk.list_item.other,下方统计运动时间记录，不够及时，时间延时5分钟左右，，最新时间与系统时间有偏差,14,10010000011193,用户不行走，用手晃动手机也能增加步数的记录，相关数据也会跟着变动，但实际并不准确。,step_count.list_item.other,Slife__C7,Slife__C0,0.033097,0,0,1,0,0,0,0
TFIDF+HC__Slife__10010000011483,tfidf_hc_K20,TFIDF+HC,Slife,10010000011483,run_walk.list_item.other,下方统计运动时间记录，不够及时，时间延时5分钟左右，，最新时间与系统时间有偏差,15,10010000011099,运动路径显示的时间轴：易给人造成困扰，因其在相邻的两个状态与其间的时间节点中有缝隙，感觉好像是中间还有一段时间的空缺,run_walk.step.other,Slife__C9,Slife__C0,0.096766,0,1,1,0,0,0,0
TFIDF+HC__Slife__10010000011483,tfidf_hc_K20,TFIDF+HC,Slife,10010000011483,run_walk.list_item.other,下方统计运动时间记录，不够及时，时间延时5分钟左右，，最新时间与系统时间有偏差,16,10010000010768,当用户步行或跑步的等方式运动一段时间后停止，必须要用户自己切换成停留模式，不能自动感应，不计算入运动时间里面。,run_walk.step.cannot_or_fail,Slife__C0,Slife__C0,0.093285,0,1,0,0,0,0,0
TFIDF+HC__Slife__10010000011483,tfidf_hc_K20,TFIDF+HC,Slife,10010000011483,run_walk.list_item.other,下方统计运动时间记录，不够及时，时间延时5分钟左右，，最新时间与系统时间有偏差,17,10010000010897,进行步数统计的时候，如果在停留后进行重新走路时，数据无法随时更新，走路走了一段时间后才会更新，而且是突变，另外，像距离，运动时间，消耗…,step_count.step.cannot_or_fail,Slife__C0,Slife__C0,0.109314,0,0,0,0,0,0,0
TFIDF+HC__Slife__10010000011483,tfidf_hc_K20,TFIDF+HC,Slife,10010000011483,run_walk.list_item.other,下方统计运动时间记录，不够及时，时间延时5分钟左右，，最新时间与系统时间有偏差,18,10010000011559,没有开启省电模式，时间轴显示有错误,other.step.wrong_value,Slife__C19,Slife__C0,0.076215,0,0,1,0,0,0,0
TFIDF+HC__Slife__10010000011483,tfidf_hc_K20,TFIDF+HC,Slife,10010000011483,run_walk.list_item.other,下方统计运动时间记录，不够及时，时间延时5分钟左右，，最新时间与系统时间有偏差,19,10010000010236,GPS试使用时间不会立刻随着时间的变化而变化，退出再进入也不会更改，如图在不同时间进入。,gps_track.gps.other,Slife__C7,Slife__C0,0.086858,0,0,1,0,0,0,0
TFIDF+HC__Slife__10010000011483,tfidf_hc_K20,TFIDF+HC,Slife,10010000011483,run_walk.list_item.other,下方统计运动时间记录，不够及时，时间延时5分钟左右，，最新时间与系统时间有偏差,20,10010000010455,在应用设置中设置省电模式，查看运动主页状态，不能及时显示出省电模式的信息，大概一分钟以后才出现省电模式的信息,run_walk.page_view.cannot_or_fail,Slife__C19,Slife__C0,0.03306,0,1,1,0,0,0,0
TFIDF+HC__Slife__10010000011483,tfidf_hc_K20,TFIDF+HC,Slife,10010000011483,run_walk.list_item.other,下方统计运动时间记录，不够及时，时间延时5分钟左右，，最新时间与系统时间有偏差,21,10010000011585,跑步过程中消耗的卡路里，时间，米数未显示,run_walk.step.other,Slife__C3,Slife__C0,0.070676,0,1,1,0,0,0,0
TFIDF+HC__Slife__10010000011483,tfidf_hc_K20,TFIDF+HC,Slife,10010000011483,run_walk.list_item.other,下方统计运动时间记录，不够及时，时间延时5分钟左右，，最新时间与系统时间有偏差,22,10010000010937,当携带该应用软件进行运动时，实际运动距离仅为30米左右，而显示的运动路径范围过大，不准确。,run_walk.step.other,Slife__C7,Slife__C0,0.080425,0,1,1,0,0,0,0
TFIDF+HC__Slife__10010000011483,tfidf_hc_K20,TFIDF+HC,Slife,10010000011483,run_walk.list_item.other,下方统计运动时间记录，不够及时，时间延时5分钟左右，，最新时间与系统时间有偏差,23,10010000010149,注册后直接登录，退出登录后再登录，不能登录成功,register.other.cannot_or_fail,Slife__C5,Slife__C0,0.049844,0,0,1,0,0,0,0
TFIDF+HC__Slife__10010000011483,tfidf_hc_K20,TFIDF+HC,Slife,10010000011483,run_walk.list_item.other,下方统计运动时间记录，不够及时，时间延时5分钟左右，，最新时间与系统时间有偏差,24,10010000009948,不运动时，app的步数显示每秒钟自动增长20步左右，如图 。,step_count.step.wrong_value,Slife__C7,Slife__C0,0.092595,0,0,1,0,0,0,0
TFIDF+HC__Slife__10010000011483,tfidf_hc_K20,TFIDF+HC,Slife,10010000011483,run_walk.list_item.other,下方统计运动时间记录，不够及时，时间延时5分钟左右，，最新时间与系统时间有偏差,25,10010000010940,跑步数据以及运动路径：运动路径记录出错，将停留的时间算入步行的时间,step_count.list_item.other,Slife__C9,Slife__C0,0.092817,0,0,1,0,0,0,0
TFIDF+HC__Slife__10010000011483,tfidf_hc_K20,TFIDF+HC,Slife,10010000011483,run_walk.list_item.other,下方统计运动时间记录，不够及时，时间延时5分钟左右，，最新时间与系统时间有偏差,26,10010000011555,运动时间只显示到分钟，可以具体到秒和分，这样的话可以方便计算步速,run_walk.step.other,Slife__C0,Slife__C0,0.088841,0,1,0,0,0,0,0
TFIDF+HC__Slife__10010000011483,tfidf_hc_K20,TFIDF+HC,Slife,10010000011483,run_walk.list_item.other,下方统计运动时间记录，不够及时，时间延时5分钟左右，，最新时间与系统时间有偏差,27,10010000011029,只显示神游（即无论跑步还是步行都只显示神游状态），活动时间显示0分钟，活动距离也一直显示0米，最长活动时间和最长活动距离，消耗卡路里都…,run_walk.step.wrong_value,Slife__C0,Slife__C0,0.082942,0,1,0,0,0,0,0
TFIDF+HC__Slife__10010000011483,tfidf_hc_K20,TFIDF+HC,Slife,10010000011483,run_walk.list_item.other,下方统计运动时间记录，不够及时，时间延时5分钟左右，，最新时间与系统时间有偏差,28,10010000010884,建议将状态信息按照时间的顺序倒序排列，即时间最新的排在最前方，把最新的运动信息显示在第一个位置,run_walk.step.other,Slife__C16,Slife__C0,0.096769,0,1,1,0,0,0,0
TFIDF+HC__Slife__10010000011483,tfidf_hc_K20,TFIDF+HC,Slife,10010000011483,run_walk.list_item.other,下方统计运动时间记录，不够及时，时间延时5分钟左右，，最新时间与系统时间有偏差,29,10010000011409,显示的省电模式的信息不正确，刚设置为省电模式，运动主页的省电模式的信息显示”3分钟3秒“，时间完全与实际不符。,run_walk.page_view.wrong_value,Slife__C19,Slife__C0,0.050737,0,1,1,0,0,0,0
TFIDF+HC__Slife__10010000011483,tfidf_hc_K20,TFIDF+HC,Slife,10010000011483,run_walk.list_item.other,下方统计运动时间记录，不够及时，时间延时5分钟左右，，最新时间与系统时间有偏差,30,10010000009968,刚打开应用，未登录，未进行运动情况下，应用记步功能出现步数上涨迅速现象。截图是 前后时间差在一分钟以内的记录。,login.list_item.other,Slife__C7,Slife__C0,0.069465,0,0,1,0,0,0,0
TFIDF+HC__Slife__10010000011483,tfidf_hc_K20,TFIDF+HC,Slife,10010000011483,run_walk.list_item.other,下方统计运动时间记录，不够及时，时间延时5分钟左右，，最新时间与系统时间有偏差,31,10010000011363,app在记录数据时有延迟，当运动产生数据后，app数据的改变不是瞬时的，而是需要等待一段时间。这个无法截图。,run_walk.list_item.freeze,Slife__C7,Slife__C0,0.05936,0,1,1,0,0,0,0
TFIDF+HC__Slife__10010000011483,tfidf_hc_K20,TFIDF+HC,Slife,10010000011483,run_walk.list_item.other,下方统计运动时间记录，不够及时，时间延时5分钟左右，，最新时间与系统时间有偏差,32,10010000011415,跑步数据以及运动路径：随着下一个状态的发生和记录，上一个状态的持续时间发生改变，且这种改变不是修正，而是偏差增大,step_count.list_item.wrong_value,Slife__C9,Slife__C0,0.075601,0,0,1,0,0,0,0
TFIDF+HC__Slife__10010000011483,tfidf_hc_K20,TFIDF+HC,Slife,10010000011483,run_walk.list_item.other,下方统计运动时间记录，不够及时，时间延时5分钟左右，，最新时间与系统时间有偏差,33,10010000011315,首页显示只有步行的步数产生变化，时间、距离、卡路里均为0,step_count.page_view.other,Slife__C3,Slife__C0,0.056621,0,0,1,0,0,0,0
TFIDF+HC__Slife__10010000011483,tfidf_hc_K20,TFIDF+HC,Slife,10010000011483,run_walk.list_item.other,下方统计运动时间记录，不够及时，时间延时5分钟左右，，最新时间与系统时间有偏差,34,10010000011255,两处箭头时间不一致，时效性差。不能同步更新时间。,other.step.cannot_or_fail,Slife__C0,Slife__C0,0.137232,0,0,0,0,0,0,0
TFIDF+HC__Slife__10010000011483,tfidf_hc_K20,TFIDF+HC,Slife,10010000011483,run_walk.list_item.other,下方统计运动时间记录，不够及时，时间延时5分钟左右，，最新时间与系统时间有偏差,35,10010000011207,有时候应用会错误的关闭，后台没有运行，下图也是骑自行车的一段时间,other.step.wrong_value,Slife__C7,Slife__C0,0.052132,0,0,1,0,0,0,0
TFIDF+HC__Slife__10010000011483,tfidf_hc_K20,TFIDF+HC,Slife,10010000011483,run_walk.list_item.other,下方统计运动时间记录，不够及时，时间延时5分钟左右，，最新时间与系统时间有偏差,36,10010000011248,在一段时间段内只能选择一种方式，一旦切换方式在此时间段内的运动情况全部改变成新的计算方式下的结果，无法自己建立运动时间段,run_walk.step.cannot_or_fail,Slife__C0,Slife__C0,0.10415,0,1,0,0,0,0,0
SBERT+HC__Slife__10010000011483,sbert_hc_K20,SBERT+HC,Slife,10010000011483,run_walk.list_item.other,下方统计运动时间记录，不够及时，时间延时5分钟左右，，最新时间与系统时间有偏差,1,10010000010878,步数记录问题。当运动速度过快时，步数统计和时间统计以及卡路里统计并不能记录上。,step_count.list_item.cannot_or_fail,Slife__C3,Slife__C3,0.125374,0,0,0,0,0,0,0
SBERT+HC__Slife__10010000011483,sbert_hc_K20,SBERT+HC,Slife,10010000011483,run_walk.list_item.other,下方统计运动时间记录，不够及时，时间延时5分钟左右，，最新时间与系统时间有偏差,2,10010000010567,在系统运行时，有时候突然不显示数据运行情况,other.other.display_missing,Slife__C1,Slife__C3,0.054649,0,0,1,0,0,0,0
SBERT+HC__Slife__10010000011483,sbert_hc_K20,SBERT+HC,Slife,10010000011483,run_walk.list_item.other,下方统计运动时间记录，不够及时，时间延时5分钟左右，，最新时间与系统时间有偏差,3,10010000010985,app不能实时更新系统时间改成之后的时间再改回来 app不变了,other.step.cannot_or_fail,Slife__C1,Slife__C3,0.13482,0,0,1,0,0,0,0
SBERT+HC__Slife__10010000011483,sbert_hc_K20,SBERT+HC,Slife,10010000011483,run_walk.list_item.other,下方统计运动时间记录，不够及时，时间延时5分钟左右，，最新时间与系统时间有偏差,4,10010000011031,在使用这个软件时，运动的数据不能随时同步反应，反应速度较慢,run_walk.other.cannot_or_fail,Slife__C1,Slife__C3,0.024956,0,1,1,0,0,0,0
SBERT+HC__Slife__10010000011483,sbert_hc_K20,SBERT+HC,Slife,10010000011483,run_walk.list_item.other,下方统计运动时间记录，不够及时，时间延时5分钟左右，，最新时间与系统时间有偏差,5,10010000011078,查看好友、排行榜时数据有时加载缓慢,other.chat.other,Slife__C5,Slife__C3,0.01874,0,0,1,0,0,0,0
SBERT+HC__Slife__10010000011483,sbert_hc_K20,SBERT+HC,Slife,10010000011483,run_walk.list_item.other,下方统计运动时间记录，不够及时，时间延时5分钟左右，，最新时间与系统时间有偏差,6,10010000010941,步行距离的记录存在延迟情况，步行路线的显示也存在大概率延迟，延迟时间为30s~60s不等,run_walk.list_item.freeze,Slife__C3,Slife__C3,0.057025,0,1,0,0,0,0,0
SBERT+HC__Slife__10010000011483,sbert_hc_K20,SBERT+HC,Slife,10010000011483,run_walk.list_item.other,下方统计运动时间记录，不够及时，时间延时5分钟左右，，最新时间与系统时间有偏差,7,10010000010834,运动的时间与系统累计的时间不相符,run_walk.step.other,Slife__C3,Slife__C3,0.243327,0,1,0,0,0,0,0
SBERT+HC__Slife__10010000011483,sbert_hc_K20,SBERT+HC,Slife,10010000011483,run_walk.list_item.other,下方统计运动时间记录，不够及时，时间延时5分钟左右，，最新时间与系统时间有偏差,8,10010000010612,除了步数其他三项延迟太严重，过了两分钟才出来，不是实时显示，比同类产品觅动还差！,step_count.step.freeze,Slife__C3,Slife__C3,0.038867,0,0,0,0,0,0,0
SBERT+HC__Slife__10010000011483,sbert_hc_K20,SBERT+HC,Slife,10010000011483,run_walk.list_item.other,下方统计运动时间记录，不够及时，时间延时5分钟左右，，最新时间与系统时间有偏差,9,10010000011334,没有关闭软件，但它却检测到应用关闭。而且，时间是16.26～16.57。并错误计算出2分钟多的关闭时间,other.step.wrong_value,Slife__C1,Slife__C3,0.078624,0,0,1,0,0,0,0
SBERT+HC__Slife__10010000011483,sbert_hc_K20,SBERT+HC,Slife,10010000011483,run_walk.list_item.other,下方统计运动时间记录，不够及时，时间延时5分钟左右，，最新时间与系统时间有偏差,10,10010000010796,敏感度不强，步数统计，时间，距离无法实时更新，需进行一段时间后才发生变化，用户体验不好,step_count.step.cannot_or_fail,Slife__C3,Slife__C3,0.115927,0,0,0,0,0,0,0
SBERT+HC__Slife__10010000011483,sbert_hc_K20,SBERT+HC,Slife,10010000011483,run_walk.list_item.other,下方统计运动时间记录，不够及时，时间延时5分钟左右，，最新时间与系统时间有偏差,11,10010000011236,在首页显示路径的地方，没有实时更新，之前是445步，后面走到466步，过了10分钟，界面上还是显示的518，和上面圆圈里面的不能够同步。,other.page_view.cannot_or_fail,Slife__C1,Slife__C3,0.042078,0,0,1,0,0,0,0
SBERT+HC__Slife__10010000011483,sbert_hc_K20,SBERT+HC,Slife,10010000011483,run_walk.list_item.other,下方统计运动时间记录，不够及时，时间延时5分钟左右，，最新时间与系统时间有偏差,12,10010000010771,在活动趋势中，并没有很好的把用户所运动的时间距离及时的体现，使用户不能及时的发现现在所运动的状况,run_walk.step.cannot_or_fail,Slife__C3,Slife__C3,0.072619,0,1,0,0,0,0,0
SBERT+HC__Slife__10010000011483,sbert_hc_K20,SBERT+HC,Slife,10010000011483,run_walk.list_item.other,下方统计运动时间记录，不够及时，时间延时5分钟左右，，最新时间与系统时间有偏差,13,10010000011617,通过与统计算法的比较发现，步数的变化有卡顿延迟。统计步数的方式太轻率，轻微的摇晃摆动都会被记成步数。,step_count.step.freeze,Slife__C3,Slife__C3,0.052946,0,0,0,0,0,0,0
SBERT+HC__Slife__10010000011483,sbert_hc_K20,SBERT+HC,Slife,10010000011483,run_walk.list_item.other,下方统计运动时间记录，不够及时，时间延时5分钟左右，，最新时间与系统时间有偏差,14,10010000010676,时间不更新，开始的时候时间还更新，到后面，时间就一直停留在8分钟处不更新了,other.step.wrong_value,Slife__C1,Slife__C3,0.134524,0,0,1,0,0,0,0
SBERT+HC__Slife__10010000011483,sbert_hc_K20,SBERT+HC,Slife,10010000011483,run_walk.list_item.other,下方统计运动时间记录，不够及时，时间延时5分钟左右，，最新时间与系统时间有偏差,15,10010000011555,运动时间只显示到分钟，可以具体到秒和分，这样的话可以方便计算步速,run_walk.step.other,Slife__C3,Slife__C3,0.088841,0,1,0,0,0,0,0
SBERT+HC__Slife__10010000011483,sbert_hc_K20,SBERT+HC,Slife,10010000011483,run_walk.list_item.other,下方统计运动时间记录，不够及时，时间延时5分钟左右，，最新时间与系统时间有偏差,16,10010000011611,计步过程中会出现缺步，多步表现。而且比较严重，实时更新有问题，在快速行进中，缺步问题明显,step_count.other.other,Slife__C3,Slife__C3,0.018313,0,0,0,0,0,0,0
SBERT+HC__Slife__10010000011483,sbert_hc_K20,SBERT+HC,Slife,10010000011483,run_walk.list_item.other,下方统计运动时间记录，不够及时，时间延时5分钟左右，，最新时间与系统时间有偏差,17,10010000011152,Slife软件对于运动不敏感，当自己运动了有几分钟才会在首页的步数上有体现。,step_count.page_view.other,Slife__C1,Slife__C3,0.027998,0,0,1,0,0,0,0
SBERT+HC__Slife__10010000011483,sbert_hc_K20,SBERT+HC,Slife,10010000011483,run_walk.list_item.other,下方统计运动时间记录，不够及时，时间延时5分钟左右，，最新时间与系统时间有偏差,18,10010000010793,跑步数据记录不准确，实时性差。坐着摇晃手机数据会变化，数据会大幅度跳跃变化，比如从24跳到35等,step_count.list_item.other,Slife__C3,Slife__C3,0.027519,0,0,0,0,0,0,0
SBERT+HC__Slife__10010000011483,sbert_hc_K20,SBERT+HC,Slife,10010000011483,run_walk.list_item.other,下方统计运动时间记录，不够及时，时间延时5分钟左右，，最新时间与系统时间有偏差,19,10010000009968,刚打开应用，未登录，未进行运动情况下，应用记步功能出现步数上涨迅速现象。截图是 前后时间差在一分钟以内的记录。,login.list_item.other,Slife__C1,Slife__C3,0.069465,0,0,1,0,0,0,0
SBERT+HC__Slife__10010000011483,sbert_hc_K20,SBERT+HC,Slife,10010000011483,run_walk.list_item.other,下方统计运动时间记录，不够及时，时间延时5分钟左右，，最新时间与系统时间有偏差,20,10010000010877,敏感度不强，步数，距离，时间，需进行一段时间后才发生变化，无法实时更新，用户体验不好。,step_count.step.cannot_or_fail,Slife__C3,Slife__C3,0.098716,0,0,0,0,0,0,0
SBERT+HC__Slife__10010000011483,sbert_hc_K20,SBERT+HC,Slife,10010000011483,run_walk.list_item.other,下方统计运动时间记录，不够及时，时间延时5分钟左右，，最新时间与系统时间有偏差,21,10010000010711,不能将时间轴向上下拉查看历史活动,other.step.cannot_or_fail,Slife__C13,Slife__C3,0.055064,0,0,1,0,0,0,0
SBERT+HC__Slife__10010000011483,sbert_hc_K20,SBERT+HC,Slife,10010000011483,run_walk.list_item.other,下方统计运动时间记录，不够及时，时间延时5分钟左右，，最新时间与系统时间有偏差,22,10010000011409,显示的省电模式的信息不正确，刚设置为省电模式，运动主页的省电模式的信息显示”3分钟3秒“，时间完全与实际不符。,run_walk.page_view.wrong_value,Slife__C10,Slife__C3,0.050737,0,1,1,0,0,0,0
SBERT+HC__Slife__10010000011483,sbert_hc_K20,SBERT+HC,Slife,10010000011483,run_walk.list_item.other,下方统计运动时间记录，不够及时，时间延时5分钟左右，，最新时间与系统时间有偏差,23,10010000011610,进入首页右上角，活动趋势里的最长活动时间和最长活动距离不能实时更新，只能在当天任务完成后才能得出，过程中却不能体现作用。,other.page_view.cannot_or_fail,Slife__C3,Slife__C3,0.06187,0,0,0,0,0,0,0
SBERT+HC__Slife__10010000011483,sbert_hc_K20,SBERT+HC,Slife,10010000011483,run_walk.list_item.other,下方统计运动时间记录，不够及时，时间延时5分钟左右，，最新时间与系统时间有偏差,24,10010000010923,当开始运动，步数能够统计上时，其他统计并不能同步统计，有延迟，并且下方的状态显示一直显示停留。,step_count.step.freeze,Slife__C3,Slife__C3,0.097073,0,0,0,0,0,0,0
SBERT+HC__Slife__10010000011483,sbert_hc_K20,SBERT+HC,Slife,10010000011483,run_walk.list_item.other,下方统计运动时间记录，不够及时，时间延时5分钟左右，，最新时间与系统时间有偏差,25,10010000011651,运动时，步数等经常不能实时更新，通常20多步一下增加。,step_count.step.cannot_or_fail,Slife__C1,Slife__C3,0.051666,0,0,1,0,0,0,0
SBERT+HC__Slife__10010000011483,sbert_hc_K20,SBERT+HC,Slife,10010000011483,run_walk.list_item.other,下方统计运动时间记录，不够及时，时间延时5分钟左右，，最新时间与系统时间有偏差,26,10010000011099,运动路径显示的时间轴：易给人造成困扰，因其在相邻的两个状态与其间的时间节点中有缝隙，感觉好像是中间还有一段时间的空缺,run_walk.step.other,Slife__C3,Slife__C3,0.096766,0,1,0,0,0,0,0
SBERT+HC__Slife__10010000011483,sbert_hc_K20,SBERT+HC,Slife,10010000011483,run_walk.list_item.other,下方统计运动时间记录，不够及时，时间延时5分钟左右，，最新时间与系统时间有偏差,27,10010000011728,在通过跑步和走路的测试之后发现，步数无法立即显示而是要通过一段时间的延迟后才会显示,step_count.step.freeze,Slife__C3,Slife__C3,0.03889,0,0,0,0,0,0,0
SBERT+HC__Slife__10010000011483,sbert_hc_K20,SBERT+HC,Slife,10010000011483,run_walk.list_item.other,下方统计运动时间记录，不够及时，时间延时5分钟左右，，最新时间与系统时间有偏差,28,10010000011441,一段时间没有运动应该显示停留记录，但该软件没有实现相应功能。,run_walk.list_item.other,Slife__C1,Slife__C3,0.076474,1,1,1,1,1,1,1
SBERT+HC__Slife__10010000011483,sbert_hc_K20,SBERT+HC,Slife,10010000011483,run_walk.list_item.other,下方统计运动时间记录，不够及时，时间延时5分钟左右，，最新时间与系统时间有偏差,29,10010000011333,用户在走路时软件有时不能立即来时记步数，存在一定的延迟时间，开始记步数时也就会差生一定的误差。,step_count.step.freeze,Slife__C1,Slife__C3,0.071815,0,0,1,0,0,0,0
SBERT+HC__Slife__10010000011483,sbert_hc_K20,SBERT+HC,Slife,10010000011483,run_walk.list_item.other,下方统计运动时间记录，不够及时，时间延时5分钟左右，，最新时间与系统时间有偏差,30,10010000010897,进行步数统计的时候，如果在停留后进行重新走路时，数据无法随时更新，走路走了一段时间后才会更新，而且是突变，另外，像距离，运动时间，消耗…,step_count.step.cannot_or_fail,Slife__C3,Slife__C3,0.109314,0,0,0,0,0,0,0
SBERT+HC__Slife__10010000011483,sbert_hc_K20,SBERT+HC,Slife,10010000011483,run_walk.list_item.other,下方统计运动时间记录，不够及时，时间延时5分钟左右，，最新时间与系统时间有偏差,31,10010000011363,app在记录数据时有延迟，当运动产生数据后，app数据的改变不是瞬时的，而是需要等待一段时间。这个无法截图。,run_walk.list_item.freeze,Slife__C1,Slife__C3,0.05936,0,1,1,0,0,0,0
SBERT+HC__Slife__10010000011483,sbert_hc_K20,SBERT+HC,Slife,10010000011483,run_walk.list_item.other,下方统计运动时间记录，不够及时，时间延时5分钟左右，，最新时间与系统时间有偏差,32,10010000010311,记得步数在走的过程中不能及时的加载出来,step_count.step.cannot_or_fail,Slife__C3,Slife__C3,0.035599,0,0,0,0,0,0,0
SBERT+HC__Slife__10010000011483,sbert_hc_K20,SBERT+HC,Slife,10010000011483,run_walk.list_item.other,下方统计运动时间记录，不够及时，时间延时5分钟左右，，最新时间与系统时间有偏差,33,10010000011255,两处箭头时间不一致，时效性差。不能同步更新时间。,other.step.cannot_or_fail,Slife__C1,Slife__C3,0.137232,0,0,1,0,0,0,0
SBERT+HC__Slife__10010000011483,sbert_hc_K20,SBERT+HC,Slife,10010000011483,run_walk.list_item.other,下方统计运动时间记录，不够及时，时间延时5分钟左右，，最新时间与系统时间有偏差,34,10010000010401,由于gps定位的特点和计算的问题，app步数存在有时时停时跳的现象,step_count.gps.other,Slife__C1,Slife__C3,0.025663,0,0,1,0,0,0,0
SBERT+HC__Slife__10010000011483,sbert_hc_K20,SBERT+HC,Slife,10010000011483,run_walk.list_item.other,下方统计运动时间记录，不够及时，时间延时5分钟左右，，最新时间与系统时间有偏差,35,10010000010884,建议将状态信息按照时间的顺序倒序排列，即时间最新的排在最前方，把最新的运动信息显示在第一个位置,run_walk.step.other,Slife__C5,Slife__C3,0.096769,0,1,1,0,0,0,0
SBERT+HC__Slife__10010000011483,sbert_hc_K20,SBERT+HC,Slife,10010000011483,run_walk.list_item.other,下方统计运动时间记录，不够及时，时间延时5分钟左右，，最新时间与系统时间有偏差,36,10010000011068,步数计算不准确，有记录步数严重少于实际步数的情况。也有不步行，只是甩手步数就会快速上升的情况。,step_count.list_item.wrong_value,Slife__C3,Slife__C3,0.019033,0,0,0,0,0,0,0
SBERT+HC__Slife__10010000011483,sbert_hc_K20,SBERT+HC,Slife,10010000011483,run_walk.list_item.other,下方统计运动时间记录，不够及时，时间延时5分钟左右，，最新时间与系统时间有偏差,37,10010000010236,GPS试使用时间不会立刻随着时间的变化而变化，退出再进入也不会更改，如图在不同时间进入。,gps_track.gps.other,Slife__C0,Slife__C3,0.086858,0,0,1,0,0,0,0
LLMCluster__Slife__10010000011483,llmcluster_glm-4-air,LLMCluster,Slife,10010000011483,run_walk.list_item.other,下方统计运动时间记录，不够及时，时间延时5分钟左右，，最新时间与系统时间有偏差,1,10010000011029,只显示神游（即无论跑步还是步行都只显示神游状态），活动时间显示0分钟，活动距离也一直显示0米，最长活动时间和最长活动距离，消耗卡路里都…,run_walk.step.wrong_value,Slife__C10,Slife__C10,0.082942,0,1,0,0,0,0,0
LLMCluster__Slife__10010000011483,llmcluster_glm-4-air,LLMCluster,Slife,10010000011483,run_walk.list_item.other,下方统计运动时间记录，不够及时，时间延时5分钟左右，，最新时间与系统时间有偏差,2,10010000010676,时间不更新，开始的时候时间还更新，到后面，时间就一直停留在8分钟处不更新了,other.step.wrong_value,Slife__C10,Slife__C10,0.134524,0,0,0,0,0,0,0
LLMCluster__Slife__10010000011483,llmcluster_glm-4-air,LLMCluster,Slife,10010000011483,run_walk.list_item.other,下方统计运动时间记录，不够及时，时间延时5分钟左右，，最新时间与系统时间有偏差,3,10010000010144,在我停止运动的时候，运动时间依旧在计时,run_walk.step.other,Slife__C10,Slife__C10,0.118186,0,1,0,0,0,0,0
LLMCluster__Slife__10010000011483,llmcluster_glm-4-air,LLMCluster,Slife,10010000011483,run_walk.list_item.other,下方统计运动时间记录，不够及时，时间延时5分钟左右，，最新时间与系统时间有偏差,4,10010000010768,当用户步行或跑步的等方式运动一段时间后停止，必须要用户自己切换成停留模式，不能自动感应，不计算入运动时间里面。,run_walk.step.cannot_or_fail,Slife__C10,Slife__C10,0.093285,0,1,0,0,0,0,0
LLMCluster__Slife__10010000011483,llmcluster_glm-4-air,LLMCluster,Slife,10010000011483,run_walk.list_item.other,下方统计运动时间记录，不够及时，时间延时5分钟左右，，最新时间与系统时间有偏差,5,10010000010942,在刚开始进入APP或，手机静止过长时间的话，再次晃动手机，发现在很长一段时间内无反应，即步数不发生任何变化。之后才慢慢有了反应。,step_count.step.cannot_or_fail,Slife__C2,Slife__C10,0.052604,0,0,1,0,0,0,0
LLMCluster__Slife__10010000011483,llmcluster_glm-4-air,LLMCluster,Slife,10010000011483,run_walk.list_item.other,下方统计运动时间记录，不够及时，时间延时5分钟左右，，最新时间与系统时间有偏差,6,10010000011255,两处箭头时间不一致，时效性差。不能同步更新时间。,other.step.cannot_or_fail,Slife__C10,Slife__C10,0.137232,0,0,0,0,0,0,0
LLMCluster__Slife__10010000011483,llmcluster_glm-4-air,LLMCluster,Slife,10010000011483,run_walk.list_item.other,下方统计运动时间记录，不够及时，时间延时5分钟左右，，最新时间与系统时间有偏差,7,10010000009948,不运动时，app的步数显示每秒钟自动增长20步左右，如图 。,step_count.step.wrong_value,Slife__C2,Slife__C10,0.092595,0,0,1,0,0,0,0
LLMCluster__Slife__10010000011483,llmcluster_glm-4-air,LLMCluster,Slife,10010000011483,run_walk.list_item.other,下方统计运动时间记录，不够及时，时间延时5分钟左右，，最新时间与系统时间有偏差,8,10010000010556,打开Slife，设定运动目标后开始运动，当选择在室内行走（类似导致手机晃动不剧烈运动）时，主界面步数、距离、时间等变化不连贯或不变化，…,step_count.page_view.other,Slife__C2,Slife__C10,0.044537,0,0,1,0,0,0,0
LLMCluster__Slife__10010000011483,llmcluster_glm-4-air,LLMCluster,Slife,10010000011483,run_walk.list_item.other,下方统计运动时间记录，不够及时，时间延时5分钟左右，，最新时间与系统时间有偏差,9,10010000010884,建议将状态信息按照时间的顺序倒序排列，即时间最新的排在最前方，把最新的运动信息显示在第一个位置,run_walk.step.other,Slife__C10,Slife__C10,0.096769,0,1,0,0,0,0,0
LLMCluster__Slife__10010000011483,llmcluster_glm-4-air,LLMCluster,Slife,10010000011483,run_walk.list_item.other,下方统计运动时间记录，不够及时，时间延时5分钟左右，，最新时间与系统时间有偏差,10,10010000011333,用户在走路时软件有时不能立即来时记步数，存在一定的延迟时间，开始记步数时也就会差生一定的误差。,step_count.step.freeze,Slife__C2,Slife__C10,0.071815,0,0,1,0,0,0,0
LLMCluster__Slife__10010000011483,llmcluster_glm-4-air,LLMCluster,Slife,10010000011483,run_walk.list_item.other,下方统计运动时间记录，不够及时，时间延时5分钟左右，，最新时间与系统时间有偏差,11,10010000011152,Slife软件对于运动不敏感，当自己运动了有几分钟才会在首页的步数上有体现。,step_count.page_view.other,Slife__C2,Slife__C10,0.027998,0,0,1,0,0,0,0
LLMCluster__Slife__10010000011483,llmcluster_glm-4-air,LLMCluster,Slife,10010000011483,run_walk.list_item.other,下方统计运动时间记录，不够及时，时间延时5分钟左右，，最新时间与系统时间有偏差,12,10010000010997,活动趋势界面，不管运动情况如何，活动时间，活动距离，最长活动时间，最长活动距离都是0，只显示运动步数,step_count.page_view.other,Slife__C10,Slife__C10,0.108096,0,0,0,0,0,0,0
LLMCluster__Slife__10010000011483,llmcluster_glm-4-air,LLMCluster,Slife,10010000011483,run_walk.list_item.other,下方统计运动时间记录，不够及时，时间延时5分钟左右，，最新时间与系统时间有偏差,13,10010000010877,敏感度不强，步数，距离，时间，需进行一段时间后才发生变化，无法实时更新，用户体验不好。,step_count.step.cannot_or_fail,Slife__C10,Slife__C10,0.098716,0,0,0,0,0,0,0
LLMCluster__Slife__10010000011483,llmcluster_glm-4-air,LLMCluster,Slife,10010000011483,run_walk.list_item.other,下方统计运动时间记录，不够及时，时间延时5分钟左右，，最新时间与系统时间有偏差,14,10010000009968,刚打开应用，未登录，未进行运动情况下，应用记步功能出现步数上涨迅速现象。截图是 前后时间差在一分钟以内的记录。,login.list_item.other,Slife__C2,Slife__C10,0.069465,0,0,1,0,0,0,0
LLMCluster__Slife__10010000011483,llmcluster_glm-4-air,LLMCluster,Slife,10010000011483,run_walk.list_item.other,下方统计运动时间记录，不够及时，时间延时5分钟左右，，最新时间与系统时间有偏差,15,10010000007796,用户注册时，必须是邮箱注册登录，不能使用电话号码或是昵称注册登录。,register.other.cannot_or_fail,Slife__C1,Slife__C10,0.036522,0,0,1,0,0,0,0
LLMCluster__Slife__10010000011483,llmcluster_glm-4-air,LLMCluster,Slife,10010000011483,run_walk.list_item.other,下方统计运动时间记录，不够及时，时间延时5分钟左右，，最新时间与系统时间有偏差,16,10010000010985,app不能实时更新系统时间改成之后的时间再改回来 app不变了,other.step.cannot_or_fail,Slife__C10,Slife__C10,0.13482,0,0,0,0,0,0,0
LLMCluster__Slife__10010000011483,llmcluster_glm-4-air,LLMCluster,Slife,10010000011483,run_walk.list_item.other,下方统计运动时间记录，不够及时，时间延时5分钟左右，，最新时间与系统时间有偏差,17,10010000011700,热量消耗计算错误，按照步行速度，4分钟的消耗卡路里约为6卡，但是在测试过程中，不到4分钟，消耗的卡路里已经为13.1卡，差距巨大！算法有错误,run_walk.step.wrong_value,Slife__C2,Slife__C10,0.033069,0,1,1,0,0,0,0
LLMCluster__Slife__10010000011483,llmcluster_glm-4-air,LLMCluster,Slife,10010000011483,run_walk.list_item.other,下方统计运动时间记录，不够及时，时间延时5分钟左右，，最新时间与系统时间有偏差,18,10010000010878,步数记录问题。当运动速度过快时，步数统计和时间统计以及卡路里统计并不能记录上。,step_count.list_item.cannot_or_fail,Slife__C2,Slife__C10,0.125374,0,0,1,0,0,0,0
LLMCluster__Slife__10010000011483,llmcluster_glm-4-air,LLMCluster,Slife,10010000011483,run_walk.list_item.other,下方统计运动时间记录，不够及时，时间延时5分钟左右，，最新时间与系统时间有偏差,19,10010000011149,跑步时一边心里默数步数，一边看app记录的数据，发现两者不统一。该app记录步数不准确，记录的数据大多数情况下多于实际步数。无法记录跑…,step_count.list_item.cannot_or_fail,Slife__C2,Slife__C10,0.044752,0,0,1,0,0,0,0
LLMCluster__Slife__10010000011483,llmcluster_glm-4-air,LLMCluster,Slife,10010000011483,run_walk.list_item.other,下方统计运动时间记录，不够及时，时间延时5分钟左右，，最新时间与系统时间有偏差,20,10010000011651,运动时，步数等经常不能实时更新，通常20多步一下增加。,step_count.step.cannot_or_fail,Slife__C2,Slife__C10,0.051666,0,0,1,0,0,0,0
LLMCluster__Slife__10010000011483,llmcluster_glm-4-air,LLMCluster,Slife,10010000011483,run_walk.list_item.other,下方统计运动时间记录，不够及时，时间延时5分钟左右，，最新时间与系统时间有偏差,21,10010000010149,注册后直接登录，退出登录后再登录，不能登录成功,register.other.cannot_or_fail,Slife__C1,Slife__C10,0.049844,0,0,1,0,0,0,0
LLMCluster__Slife__10010000011483,llmcluster_glm-4-air,LLMCluster,Slife,10010000011483,run_walk.list_item.other,下方统计运动时间记录，不够及时，时间延时5分钟左右，，最新时间与系统时间有偏差,22,10010000011617,通过与统计算法的比较发现，步数的变化有卡顿延迟。统计步数的方式太轻率，轻微的摇晃摆动都会被记成步数。,step_count.step.freeze,Slife__C2,Slife__C10,0.052946,0,0,1,0,0,0,0
LLMCluster__Slife__10010000011483,llmcluster_glm-4-air,LLMCluster,Slife,10010000011483,run_walk.list_item.other,下方统计运动时间记录，不够及时，时间延时5分钟左右，，最新时间与系统时间有偏差,23,10010000011728,在通过跑步和走路的测试之后发现，步数无法立即显示而是要通过一段时间的延迟后才会显示,step_count.step.freeze,Slife__C2,Slife__C10,0.03889,0,0,1,0,0,0,0
LLMCluster__Slife__10010000011483,llmcluster_glm-4-air,LLMCluster,Slife,10010000011483,run_walk.list_item.other,下方统计运动时间记录，不够及时，时间延时5分钟左右，，最新时间与系统时间有偏差,24,10010000010796,敏感度不强，步数统计，时间，距离无法实时更新，需进行一段时间后才发生变化，用户体验不好,step_count.step.cannot_or_fail,Slife__C10,Slife__C10,0.115927,0,0,0,0,0,0,0
LLMCluster__Slife__10010000011483,llmcluster_glm-4-air,LLMCluster,Slife,10010000011483,run_walk.list_item.other,下方统计运动时间记录，不够及时，时间延时5分钟左右，，最新时间与系统时间有偏差,25,10010000011553,在停止运动后的至少4分钟内，步行时间会在手机静止的情况下自动向上累积。,run_walk.step.other,Slife__C2,Slife__C10,0.055266,0,1,1,0,0,0,0
LLMCluster__Slife__10010000011483,llmcluster_glm-4-air,LLMCluster,Slife,10010000011483,run_walk.list_item.other,下方统计运动时间记录，不够及时，时间延时5分钟左右，，最新时间与系统时间有偏差,26,10010000010897,进行步数统计的时候，如果在停留后进行重新走路时，数据无法随时更新，走路走了一段时间后才会更新，而且是突变，另外，像距离，运动时间，消耗…,step_count.step.cannot_or_fail,Slife__C10,Slife__C10,0.109314,0,0,0,0,0,0,0
LLMCluster__Slife__10010000011483,llmcluster_glm-4-air,LLMCluster,Slife,10010000011483,run_walk.list_item.other,下方统计运动时间记录，不够及时，时间延时5分钟左右，，最新时间与系统时间有偏差,27,10010000007456,更改密码之后，不会提醒重新登录，还是以之前的密码的界面。,login.page_view.other,Slife__C1,Slife__C10,0.022623,0,0,1,0,0,0,0
LLMCluster__Slife__10010000011483,llmcluster_glm-4-air,LLMCluster,Slife,10010000011483,run_walk.list_item.other,下方统计运动时间记录，不够及时，时间延时5分钟左右，，最新时间与系统时间有偏差,28,10010000011559,没有开启省电模式，时间轴显示有错误,other.step.wrong_value,Slife__C10,Slife__C10,0.076215,0,0,0,0,0,0,0
LLMCluster__Slife__10010000011483,llmcluster_glm-4-air,LLMCluster,Slife,10010000011483,run_walk.list_item.other,下方统计运动时间记录，不够及时，时间延时5分钟左右，，最新时间与系统时间有偏差,29,10010000011555,运动时间只显示到分钟，可以具体到秒和分，这样的话可以方便计算步速,run_walk.step.other,Slife__C10,Slife__C10,0.088841,0,1,0,0,0,0,0
LLMCluster__Slife__10010000011483,llmcluster_glm-4-air,LLMCluster,Slife,10010000011483,run_walk.list_item.other,下方统计运动时间记录，不够及时，时间延时5分钟左右，，最新时间与系统时间有偏差,30,10010000010481,图三是本来的历史记录为步行，选择跑步后，历史记录更改为图二中的跑步。历史记录不应该被更改,run_walk.list_item.other,Slife__C8,Slife__C10,0.026746,1,1,1,1,1,1,1
LLMCluster__Slife__10010000011483,llmcluster_glm-4-air,LLMCluster,Slife,10010000011483,run_walk.list_item.other,下方统计运动时间记录，不够及时，时间延时5分钟左右，，最新时间与系统时间有偏差,31,10010000011585,跑步过程中消耗的卡路里，时间，米数未显示,run_walk.step.other,Slife__C10,Slife__C10,0.070676,0,1,0,0,0,0,0
LLMCluster__Slife__10010000011483,llmcluster_glm-4-air,LLMCluster,Slife,10010000011483,run_walk.list_item.other,下方统计运动时间记录，不够及时，时间延时5分钟左右，，最新时间与系统时间有偏差,32,10010000010937,当携带该应用软件进行运动时，实际运动距离仅为30米左右，而显示的运动路径范围过大，不准确。,run_walk.step.other,Slife__C10,Slife__C10,0.080425,0,1,0,0,0,0,0
LLMCluster__Slife__10010000011483,llmcluster_glm-4-air,LLMCluster,Slife,10010000011483,run_walk.list_item.other,下方统计运动时间记录，不够及时，时间延时5分钟左右，，最新时间与系统时间有偏差,33,10010000011248,在一段时间段内只能选择一种方式，一旦切换方式在此时间段内的运动情况全部改变成新的计算方式下的结果，无法自己建立运动时间段,run_walk.step.cannot_or_fail,Slife__C10,Slife__C10,0.10415,0,1,0,0,0,0,0
LLMCluster__Slife__10010000011483,llmcluster_glm-4-air,LLMCluster,Slife,10010000011483,run_walk.list_item.other,下方统计运动时间记录，不够及时，时间延时5分钟左右，，最新时间与系统时间有偏差,34,10010000011193,用户不行走，用手晃动手机也能增加步数的记录，相关数据也会跟着变动，但实际并不准确。,step_count.list_item.other,Slife__C2,Slife__C10,0.033097,0,0,1,0,0,0,0
LLMCluster__Slife__10010000011483,llmcluster_glm-4-air,LLMCluster,Slife,10010000011483,run_walk.list_item.other,下方统计运动时间记录，不够及时，时间延时5分钟左右，，最新时间与系统时间有偏差,35,10010000010452,注册一个新账号，并登陆成功，设置目标后，携带手机开始运动，开始运动时，只有步数在增加，在运动一段时间后，运动时间仍然是0,register.page_view.other,Slife__C10,Slife__C10,0.108973,0,0,0,0,0,0,0
LLMCluster__Slife__10010000011483,llmcluster_glm-4-air,LLMCluster,Slife,10010000011483,run_walk.list_item.other,下方统计运动时间记录，不够及时，时间延时5分钟左右，，最新时间与系统时间有偏差,36,10010000010834,运动的时间与系统累计的时间不相符,run_walk.step.other,Slife__C10,Slife__C10,0.243327,0,1,0,0,0,0,0
TFIDF+HC__Slife__10010000011468,tfidf_hc_K20,TFIDF+HC,Slife,10010000011468,gps_track.gps.other,打开app后台运行，在跑步，骑自行车和跑步机上运动时，数据实时变化的不准确，有时会变化很快，有时却不变化虽然进行了大量的运动，而且路径…,1,10010000011149,跑步时一边心里默数步数，一边看app记录的数据，发现两者不统一。该app记录步数不准确，记录的数据大多数情况下多于实际步数。无法记录跑…,step_count.list_item.cannot_or_fail,Slife__C7,Slife__C7,0.099736,0,0,0,0,0,0,0
TFIDF+HC__Slife__10010000011468,tfidf_hc_K20,TFIDF+HC,Slife,10010000011468,gps_track.gps.other,打开app后台运行，在跑步，骑自行车和跑步机上运动时，数据实时变化的不准确，有时会变化很快，有时却不变化虽然进行了大量的运动，而且路径…,2,10010000010452,注册一个新账号，并登陆成功，设置目标后，携带手机开始运动，开始运动时，只有步数在增加，在运动一段时间后，运动时间仍然是0,register.page_view.other,Slife__C0,Slife__C7,0.091198,0,0,1,0,0,0,0
TFIDF+HC__Slife__10010000011468,tfidf_hc_K20,TFIDF+HC,Slife,10010000011468,gps_track.gps.other,打开app后台运行，在跑步，骑自行车和跑步机上运动时，数据实时变化的不准确，有时会变化很快，有时却不变化虽然进行了大量的运动，而且路径…,3,10010000011017,进行跑步测试的时，跑步与步行无法识别。并且记录步数不准确，建议更新算法。相关计算的卡路里也计算不准确。,step_count.list_item.cannot_or_fail,Slife__C7,Slife__C7,0.109377,0,0,0,0,0,0,0
TFIDF+HC__Slife__10010000011468,tfidf_hc_K20,TFIDF+HC,Slife,10010000011468,gps_track.gps.other,打开app后台运行，在跑步，骑自行车和跑步机上运动时，数据实时变化的不准确，有时会变化很快，有时却不变化虽然进行了大量的运动，而且路径…,4,10010000010633,GPS定位不准确，同时内置高德地图上显示的记录的路径不准确，测试地点未发生变化但记录的路径已变化。,gps_track.list_item.other,Slife__C7,Slife__C7,0.146461,0,1,0,0,0,0,0
TFIDF+HC__Slife__10010000011468,tfidf_hc_K20,TFIDF+HC,Slife,10010000011468,gps_track.gps.other,打开app后台运行，在跑步，骑自行车和跑步机上运动时，数据实时变化的不准确，有时会变化很快，有时却不变化虽然进行了大量的运动，而且路径…,5,10010000010793,跑步数据记录不准确，实时性差。坐着摇晃手机数据会变化，数据会大幅度跳跃变化，比如从24跳到35等,step_count.list_item.other,Slife__C7,Slife__C7,0.166434,0,0,0,0,0,0,0
TFIDF+HC__Slife__10010000011468,tfidf_hc_K20,TFIDF+HC,Slife,10010000011468,gps_track.gps.other,打开app后台运行，在跑步，骑自行车和跑步机上运动时，数据实时变化的不准确，有时会变化很快，有时却不变化虽然进行了大量的运动，而且路径…,6,10010000010886,关闭GPS进行运动，运动数据仍然会发生变化,gps_track.gps.other,Slife__C7,Slife__C7,0.131662,1,1,0,0,0,0,0
TFIDF+HC__Slife__10010000011468,tfidf_hc_K20,TFIDF+HC,Slife,10010000011468,gps_track.gps.other,打开app后台运行，在跑步，骑自行车和跑步机上运动时，数据实时变化的不准确，有时会变化很快，有时却不变化虽然进行了大量的运动，而且路径…,7,10010000011562,没有自行车，跑步，交通工具，神游等运动方式的选择，运动方式比较单一，和传统计步软件相比没有什么优势,step_count.other.other,Slife__C1,Slife__C7,0.084441,0,0,1,0,0,0,0
TFIDF+HC__Slife__10010000011468,tfidf_hc_K20,TFIDF+HC,Slife,10010000011468,gps_track.gps.other,打开app后台运行，在跑步，骑自行车和跑步机上运动时，数据实时变化的不准确，有时会变化很快，有时却不变化虽然进行了大量的运动，而且路径…,8,10010000011207,有时候应用会错误的关闭，后台没有运行，下图也是骑自行车的一段时间,other.step.wrong_value,Slife__C7,Slife__C7,0.145269,0,0,0,0,0,0,0
TFIDF+HC__Slife__10010000011468,tfidf_hc_K20,TFIDF+HC,Slife,10010000011468,gps_track.gps.other,打开app后台运行，在跑步，骑自行车和跑步机上运动时，数据实时变化的不准确，有时会变化很快，有时却不变化虽然进行了大量的运动，而且路径…,9,10010000010109,在未登录的情况下，设置了目标后，来回走动，有时候计步器会增加，有时候（步速较慢的情况下）好久都不增加,login.page_view.other,Slife__C7,Slife__C7,0.089664,0,0,0,0,0,0,0
TFIDF+HC__Slife__10010000011468,tfidf_hc_K20,TFIDF+HC,Slife,10010000011468,gps_track.gps.other,打开app后台运行，在跑步，骑自行车和跑步机上运动时，数据实时变化的不准确，有时会变化很快，有时却不变化虽然进行了大量的运动，而且路径…,10,10010000010923,当开始运动，步数能够统计上时，其他统计并不能同步统计，有延迟，并且下方的状态显示一直显示停留。,step_count.step.freeze,Slife__C0,Slife__C7,0.051642,0,0,1,0,0,0,0
TFIDF+HC__Slife__10010000011468,tfidf_hc_K20,TFIDF+HC,Slife,10010000011468,gps_track.gps.other,打开app后台运行，在跑步，骑自行车和跑步机上运动时，数据实时变化的不准确，有时会变化很快，有时却不变化虽然进行了大量的运动，而且路径…,11,10010000010937,当携带该应用软件进行运动时，实际运动距离仅为30米左右，而显示的运动路径范围过大，不准确。,run_walk.step.other,Slife__C7,Slife__C7,0.107056,0,0,0,0,0,0,0
TFIDF+HC__Slife__10010000011468,tfidf_hc_K20,TFIDF+HC,Slife,10010000011468,gps_track.gps.other,打开app后台运行，在跑步，骑自行车和跑步机上运动时，数据实时变化的不准确，有时会变化很快，有时却不变化虽然进行了大量的运动，而且路径…,12,10010000010687,经过实测，打开GPS后运动距离测试扔不准确，与实际差距较大。,gps_track.gps.other,Slife__C7,Slife__C7,0.079231,1,1,0,0,0,0,0
TFIDF+HC__Slife__10010000011468,tfidf_hc_K20,TFIDF+HC,Slife,10010000011468,gps_track.gps.other,打开app后台运行，在跑步，骑自行车和跑步机上运动时，数据实时变化的不准确，有时会变化很快，有时却不变化虽然进行了大量的运动，而且路径…,13,10010000011071,进去“首页”，通过特定方式（跑步），完成跑步数据以及运动路径,step_count.page_view.other,Slife__C9,Slife__C7,0.077187,0,0,1,0,0,0,0
TFIDF+HC__Slife__10010000011468,tfidf_hc_K20,TFIDF+HC,Slife,10010000011468,gps_track.gps.other,打开app后台运行，在跑步，骑自行车和跑步机上运动时，数据实时变化的不准确，有时会变化很快，有时却不变化虽然进行了大量的运动，而且路径…,14,10010000011236,在首页显示路径的地方，没有实时更新，之前是445步，后面走到466步，过了10分钟，界面上还是显示的518，和上面圆圈里面的不能够同步。,other.page_view.cannot_or_fail,Slife__C0,Slife__C7,0.05405,0,0,1,0,0,0,0
TFIDF+HC__Slife__10010000011468,tfidf_hc_K20,TFIDF+HC,Slife,10010000011468,gps_track.gps.other,打开app后台运行，在跑步，骑自行车和跑步机上运动时，数据实时变化的不准确，有时会变化很快，有时却不变化虽然进行了大量的运动，而且路径…,15,10010000010567,在系统运行时，有时候突然不显示数据运行情况,other.other.display_missing,Slife__C7,Slife__C7,0.118874,0,0,0,0,0,0,0
TFIDF+HC__Slife__10010000011468,tfidf_hc_K20,TFIDF+HC,Slife,10010000011468,gps_track.gps.other,打开app后台运行，在跑步，骑自行车和跑步机上运动时，数据实时变化的不准确，有时会变化很快，有时却不变化虽然进行了大量的运动，而且路径…,16,10010000010719,之前设定的目标 过较长时间再看 数据全部重置了（又0%）,settings.step.other,Slife__C3,Slife__C7,0.014603,0,0,1,0,0,0,0
TFIDF+HC__Slife__10010000011468,tfidf_hc_K20,TFIDF+HC,Slife,10010000011468,gps_track.gps.other,打开app后台运行，在跑步，骑自行车和跑步机上运动时，数据实时变化的不准确，有时会变化很快，有时却不变化虽然进行了大量的运动，而且路径…,17,10010000011723,当用户的运动状态由步行变换为跑步时，不能立即监测出来，运动状态仍然显示为步行，这不满足该软件对于准确方面的要求。,run_walk.other.cannot_or_fail,Slife__C0,Slife__C7,0.07931,0,0,1,0,0,0,0
TFIDF+HC__Slife__10010000011468,tfidf_hc_K20,TFIDF+HC,Slife,10010000011468,gps_track.gps.other,打开app后台运行，在跑步，骑自行车和跑步机上运动时，数据实时变化的不准确，有时会变化很快，有时却不变化虽然进行了大量的运动，而且路径…,18,10010000011053,app里分享按钮应该分享的是用户个人的运动数据，但分享后的链接却是该APP的广告。,share.button_icon.other,Slife__C2,Slife__C7,0.072474,0,0,1,0,0,0,0
TFIDF+HC__Slife__10010000011468,tfidf_hc_K20,TFIDF+HC,Slife,10010000011468,gps_track.gps.other,打开app后台运行，在跑步，骑自行车和跑步机上运动时，数据实时变化的不准确，有时会变化很快，有时却不变化虽然进行了大量的运动，而且路径…,19,10010000007683,点击重新设置按钮，需要退回到第一步重新设置，有时候只需要设置当前页面就可以。,settings.button_icon.other,Slife__C1,Slife__C7,0.045664,0,0,1,0,0,0,0
TFIDF+HC__Slife__10010000011468,tfidf_hc_K20,TFIDF+HC,Slife,10010000011468,gps_track.gps.other,打开app后台运行，在跑步，骑自行车和跑步机上运动时，数据实时变化的不准确，有时会变化很快，有时却不变化虽然进行了大量的运动，而且路径…,20,10010000011651,运动时，步数等经常不能实时更新，通常20多步一下增加。,step_count.step.cannot_or_fail,Slife__C0,Slife__C7,0.063697,0,0,1,0,0,0,0
TFIDF+HC__Slife__10010000011468,tfidf_hc_K20,TFIDF+HC,Slife,10010000011468,gps_track.gps.other,打开app后台运行，在跑步，骑自行车和跑步机上运动时，数据实时变化的不准确，有时会变化很快，有时却不变化虽然进行了大量的运动，而且路径…,21,10010000011123,步行时一边心里默数步数，一边看app记录的数据，发现两者不统一。该app记录步数不准确，有时逐步增加，有时一下增加十几二十步，记录的数…,step_count.list_item.other,Slife__C7,Slife__C7,0.142553,0,0,0,0,0,0,0
TFIDF+HC__Slife__10010000011468,tfidf_hc_K20,TFIDF+HC,Slife,10010000011468,gps_track.gps.other,打开app后台运行，在跑步，骑自行车和跑步机上运动时，数据实时变化的不准确，有时会变化很快，有时却不变化虽然进行了大量的运动，而且路径…,22,10010000011068,步数计算不准确，有记录步数严重少于实际步数的情况。也有不步行，只是甩手步数就会快速上升的情况。,step_count.list_item.wrong_value,Slife__C7,Slife__C7,0.092195,0,0,0,0,0,0,0
TFIDF+HC__Slife__10010000011468,tfidf_hc_K20,TFIDF+HC,Slife,10010000011468,gps_track.gps.other,打开app后台运行，在跑步，骑自行车和跑步机上运动时，数据实时变化的不准确，有时会变化很快，有时却不变化虽然进行了大量的运动，而且路径…,23,10010000010861,将运动结果通过手机的QQ进行分享时，虽然分享成功，但显示的分享内容却不是运动结果。,share.share_panel.wrong_value,Slife__C2,Slife__C7,0.067579,0,0,1,0,0,0,0
TFIDF+HC__Slife__10010000011468,tfidf_hc_K20,TFIDF+HC,Slife,10010000011468,gps_track.gps.other,打开app后台运行，在跑步，骑自行车和跑步机上运动时，数据实时变化的不准确，有时会变化很快，有时却不变化虽然进行了大量的运动，而且路径…,24,10010000010796,敏感度不强，步数统计，时间，距离无法实时更新，需进行一段时间后才发生变化，用户体验不好,step_count.step.cannot_or_fail,Slife__C0,Slife__C7,0.07986,0,0,1,0,0,0,0
TFIDF+HC__Slife__10010000011468,tfidf_hc_K20,TFIDF+HC,Slife,10010000011468,gps_track.gps.other,打开app后台运行，在跑步，骑自行车和跑步机上运动时，数据实时变化的不准确，有时会变化很快，有时却不变化虽然进行了大量的运动，而且路径…,25,10010000010435,分享给好友的内容为该APP的广告，而不是自己的运动信息,share.image_banner.other,Slife__C2,Slife__C7,0.064401,0,0,1,0,0,0,0
TFIDF+HC__Slife__10010000011468,tfidf_hc_K20,TFIDF+HC,Slife,10010000011468,gps_track.gps.other,打开app后台运行，在跑步，骑自行车和跑步机上运动时，数据实时变化的不准确，有时会变化很快，有时却不变化虽然进行了大量的运动，而且路径…,26,10010000010897,进行步数统计的时候，如果在停留后进行重新走路时，数据无法随时更新，走路走了一段时间后才会更新，而且是突变，另外，像距离，运动时间，消耗…,step_count.step.cannot_or_fail,Slife__C0,Slife__C7,0.105134,0,0,1,0,0,0,0
TFIDF+HC__Slife__10010000011468,tfidf_hc_K20,TFIDF+HC,Slife,10010000011468,gps_track.gps.other,打开app后台运行，在跑步，骑自行车和跑步机上运动时，数据实时变化的不准确，有时会变化很快，有时却不变化虽然进行了大量的运动，而且路径…,27,10010000010985,app不能实时更新系统时间改成之后的时间再改回来 app不变了,other.step.cannot_or_fail,Slife__C0,Slife__C7,0.085443,0,0,1,0,0,0,0
TFIDF+HC__Slife__10010000011468,tfidf_hc_K20,TFIDF+HC,Slife,10010000011468,gps_track.gps.other,打开app后台运行，在跑步，骑自行车和跑步机上运动时，数据实时变化的不准确，有时会变化很快，有时却不变化虽然进行了大量的运动，而且路径…,28,10010000010877,敏感度不强，步数，距离，时间，需进行一段时间后才发生变化，无法实时更新，用户体验不好。,step_count.step.cannot_or_fail,Slife__C0,Slife__C7,0.082962,0,0,1,0,0,0,0
TFIDF+HC__Slife__10010000011468,tfidf_hc_K20,TFIDF+HC,Slife,10010000011468,gps_track.gps.other,打开app后台运行，在跑步，骑自行车和跑步机上运动时，数据实时变化的不准确，有时会变化很快，有时却不变化虽然进行了大量的运动，而且路径…,29,10010000011768,步行和跑步等不同类型的运动没有区分开，结果都是步行。,run_walk.other.wrong_value,Slife__C0,Slife__C7,0.093085,0,0,1,0,0,0,0
TFIDF+HC__Slife__10010000011468,tfidf_hc_K20,TFIDF+HC,Slife,10010000011468,gps_track.gps.other,打开app后台运行，在跑步，骑自行车和跑步机上运动时，数据实时变化的不准确，有时会变化很快，有时却不变化虽然进行了大量的运动，而且路径…,30,10010000010434,选择分享到社交平台里的更多按钮时，有时会无法打开相应界面，而是显示SDCard not found,share.button_icon.load_fail,Slife__C2,Slife__C7,0.076015,0,0,1,0,0,0,0
TFIDF+HC__Slife__10010000011468,tfidf_hc_K20,TFIDF+HC,Slife,10010000011468,gps_track.gps.other,打开app后台运行，在跑步，骑自行车和跑步机上运动时，数据实时变化的不准确，有时会变化很快，有时却不变化虽然进行了大量的运动，而且路径…,31,10010000010940,跑步数据以及运动路径：运动路径记录出错，将停留的时间算入步行的时间,step_count.list_item.other,Slife__C9,Slife__C7,0.084936,0,0,1,0,0,0,0
TFIDF+HC__Slife__10010000011468,tfidf_hc_K20,TFIDF+HC,Slife,10010000011468,gps_track.gps.other,打开app后台运行，在跑步，骑自行车和跑步机上运动时，数据实时变化的不准确，有时会变化很快，有时却不变化虽然进行了大量的运动，而且路径…,32,10010000009948,不运动时，app的步数显示每秒钟自动增长20步左右，如图 。,step_count.step.wrong_value,Slife__C7,Slife__C7,0.076789,0,0,0,0,0,0,0
TFIDF+HC__Slife__10010000011468,tfidf_hc_K20,TFIDF+HC,Slife,10010000011468,gps_track.gps.other,打开app后台运行，在跑步，骑自行车和跑步机上运动时，数据实时变化的不准确，有时会变化很快，有时却不变化虽然进行了大量的运动，而且路径…,33,10010000010556,打开Slife，设定运动目标后开始运动，当选择在室内行走（类似导致手机晃动不剧烈运动）时，主界面步数、距离、时间等变化不连贯或不变化，…,step_count.page_view.other,Slife__C1,Slife__C7,0.122807,0,0,1,0,0,0,0
SBERT+HC__Slife__10010000011468,sbert_hc_K20,SBERT+HC,Slife,10010000011468,gps_track.gps.other,打开app后台运行，在跑步，骑自行车和跑步机上运动时，数据实时变化的不准确，有时会变化很快，有时却不变化虽然进行了大量的运动，而且路径…,1,10010000009968,刚打开应用，未登录，未进行运动情况下，应用记步功能出现步数上涨迅速现象。截图是 前后时间差在一分钟以内的记录。,login.list_item.other,Slife__C1,Slife__C3,0.037893,0,0,1,0,0,0,0
SBERT+HC__Slife__10010000011468,sbert_hc_K20,SBERT+HC,Slife,10010000011468,gps_track.gps.other,打开app后台运行，在跑步，骑自行车和跑步机上运动时，数据实时变化的不准确，有时会变化很快，有时却不变化虽然进行了大量的运动，而且路径…,2,10010000011278,自身系统监测是否走动或跑动不正确。在使用手机摇一摇或是模拟器摇一摇时，app会监测到数据的变化，这是不对的。不想运动的人还会是不运动，…,run_walk.other.wrong_value,Slife__C0,Slife__C3,0.088466,0,0,1,0,0,0,0
SBERT+HC__Slife__10010000011468,sbert_hc_K20,SBERT+HC,Slife,10010000011468,gps_track.gps.other,打开app后台运行，在跑步，骑自行车和跑步机上运动时，数据实时变化的不准确，有时会变化很快，有时却不变化虽然进行了大量的运动，而且路径…,3,10010000010897,进行步数统计的时候，如果在停留后进行重新走路时，数据无法随时更新，走路走了一段时间后才会更新，而且是突变，另外，像距离，运动时间，消耗…,step_count.step.cannot_or_fail,Slife__C3,Slife__C3,0.105134,0,0,0,0,0,0,0
SBERT+HC__Slife__10010000011468,sbert_hc_K20,SBERT+HC,Slife,10010000011468,gps_track.gps.other,打开app后台运行，在跑步，骑自行车和跑步机上运动时，数据实时变化的不准确，有时会变化很快，有时却不变化虽然进行了大量的运动，而且路径…,4,10010000011207,有时候应用会错误的关闭，后台没有运行，下图也是骑自行车的一段时间,other.step.wrong_value,Slife__C1,Slife__C3,0.145269,0,0,1,0,0,0,0
SBERT+HC__Slife__10010000011468,sbert_hc_K20,SBERT+HC,Slife,10010000011468,gps_track.gps.other,打开app后台运行，在跑步，骑自行车和跑步机上运动时，数据实时变化的不准确，有时会变化很快，有时却不变化虽然进行了大量的运动，而且路径…,5,10010000010567,在系统运行时，有时候突然不显示数据运行情况,other.other.display_missing,Slife__C1,Slife__C3,0.118874,0,0,1,0,0,0,0
SBERT+HC__Slife__10010000011468,sbert_hc_K20,SBERT+HC,Slife,10010000011468,gps_track.gps.other,打开app后台运行，在跑步，骑自行车和跑步机上运动时，数据实时变化的不准确，有时会变化很快，有时却不变化虽然进行了大量的运动，而且路径…,6,10010000011038,在骑行信息栏出现后，进入具体骑行界面，继续当前运动，运动1分钟50秒后，观察具体骑行界面中的步数和卡路里值没有及时改变,step_count.page_view.other,Slife__C3,Slife__C3,0.067803,0,0,0,0,0,0,0
SBERT+HC__Slife__10010000011468,sbert_hc_K20,SBERT+HC,Slife,10010000011468,gps_track.gps.other,打开app后台运行，在跑步，骑自行车和跑步机上运动时，数据实时变化的不准确，有时会变化很快，有时却不变化虽然进行了大量的运动，而且路径…,7,10010000010771,在活动趋势中，并没有很好的把用户所运动的时间距离及时的体现，使用户不能及时的发现现在所运动的状况,run_walk.step.cannot_or_fail,Slife__C3,Slife__C3,0.038246,0,0,0,0,0,0,0
SBERT+HC__Slife__10010000011468,sbert_hc_K20,SBERT+HC,Slife,10010000011468,gps_track.gps.other,打开app后台运行，在跑步，骑自行车和跑步机上运动时，数据实时变化的不准确，有时会变化很快，有时却不变化虽然进行了大量的运动，而且路径…,8,10010000011415,跑步数据以及运动路径：随着下一个状态的发生和记录，上一个状态的持续时间发生改变，且这种改变不是修正，而是偏差增大,step_count.list_item.wrong_value,Slife__C3,Slife__C3,0.068266,0,0,0,0,0,0,0
SBERT+HC__Slife__10010000011468,sbert_hc_K20,SBERT+HC,Slife,10010000011468,gps_track.gps.other,打开app后台运行，在跑步，骑自行车和跑步机上运动时，数据实时变化的不准确，有时会变化很快，有时却不变化虽然进行了大量的运动，而且路径…,9,10010000010940,跑步数据以及运动路径：运动路径记录出错，将停留的时间算入步行的时间,step_count.list_item.other,Slife__C3,Slife__C3,0.084936,0,0,0,0,0,0,0
SBERT+HC__Slife__10010000011468,sbert_hc_K20,SBERT+HC,Slife,10010000011468,gps_track.gps.other,打开app后台运行，在跑步，骑自行车和跑步机上运动时，数据实时变化的不准确，有时会变化很快，有时却不变化虽然进行了大量的运动，而且路径…,10,10010000011149,跑步时一边心里默数步数，一边看app记录的数据，发现两者不统一。该app记录步数不准确，记录的数据大多数情况下多于实际步数。无法记录跑…,step_count.list_item.cannot_or_fail,Slife__C3,Slife__C3,0.099736,0,0,0,0,0,0,0
SBERT+HC__Slife__10010000011468,sbert_hc_K20,SBERT+HC,Slife,10010000011468,gps_track.gps.other,打开app后台运行，在跑步，骑自行车和跑步机上运动时，数据实时变化的不准确，有时会变化很快，有时却不变化虽然进行了大量的运动，而且路径…,11,10010000010452,注册一个新账号，并登陆成功，设置目标后，携带手机开始运动，开始运动时，只有步数在增加，在运动一段时间后，运动时间仍然是0,register.page_view.other,Slife__C18,Slife__C3,0.091198,0,0,1,0,0,0,0
SBERT+HC__Slife__10010000011468,sbert_hc_K20,SBERT+HC,Slife,10010000011468,gps_track.gps.other,打开app后台运行，在跑步，骑自行车和跑步机上运动时，数据实时变化的不准确，有时会变化很快，有时却不变化虽然进行了大量的运动，而且路径…,12,10010000011152,Slife软件对于运动不敏感，当自己运动了有几分钟才会在首页的步数上有体现。,step_count.page_view.other,Slife__C1,Slife__C3,0.038126,0,0,1,0,0,0,0
SBERT+HC__Slife__10010000011468,sbert_hc_K20,SBERT+HC,Slife,10010000011468,gps_track.gps.other,打开app后台运行，在跑步，骑自行车和跑步机上运动时，数据实时变化的不准确，有时会变化很快，有时却不变化虽然进行了大量的运动，而且路径…,13,10010000011123,步行时一边心里默数步数，一边看app记录的数据，发现两者不统一。该app记录步数不准确，有时逐步增加，有时一下增加十几二十步，记录的数…,step_count.list_item.other,Slife__C3,Slife__C3,0.142553,0,0,0,0,0,0,0
SBERT+HC__Slife__10010000011468,sbert_hc_K20,SBERT+HC,Slife,10010000011468,gps_track.gps.other,打开app后台运行，在跑步，骑自行车和跑步机上运动时，数据实时变化的不准确，有时会变化很快，有时却不变化虽然进行了大量的运动，而且路径…,14,10010000011723,当用户的运动状态由步行变换为跑步时，不能立即监测出来，运动状态仍然显示为步行，这不满足该软件对于准确方面的要求。,run_walk.other.cannot_or_fail,Slife__C3,Slife__C3,0.07931,0,0,0,0,0,0,0
SBERT+HC__Slife__10010000011468,sbert_hc_K20,SBERT+HC,Slife,10010000011468,gps_track.gps.other,打开app后台运行，在跑步，骑自行车和跑步机上运动时，数据实时变化的不准确，有时会变化很快，有时却不变化虽然进行了大量的运动，而且路径…,15,10010000010886,关闭GPS进行运动，运动数据仍然会发生变化,gps_track.gps.other,Slife__C0,Slife__C3,0.131662,1,1,1,1,1,1,1
SBERT+HC__Slife__10010000011468,sbert_hc_K20,SBERT+HC,Slife,10010000011468,gps_track.gps.other,打开app后台运行，在跑步，骑自行车和跑步机上运动时，数据实时变化的不准确，有时会变化很快，有时却不变化虽然进行了大量的运动，而且路径…,16,10010000011031,在使用这个软件时，运动的数据不能随时同步反应，反应速度较慢,run_walk.other.cannot_or_fail,Slife__C1,Slife__C3,0.035272,0,0,1,0,0,0,0
SBERT+HC__Slife__10010000011468,sbert_hc_K20,SBERT+HC,Slife,10010000011468,gps_track.gps.other,打开app后台运行，在跑步，骑自行车和跑步机上运动时，数据实时变化的不准确，有时会变化很快，有时却不变化虽然进行了大量的运动，而且路径…,17,10010000011539,活动趋势里面显示的运动数据的信息不清晰，不能清楚地看出运动数据。,run_walk.other.cannot_or_fail,Slife__C3,Slife__C3,0.048445,0,0,0,0,0,0,0
SBERT+HC__Slife__10010000011468,sbert_hc_K20,SBERT+HC,Slife,10010000011468,gps_track.gps.other,打开app后台运行，在跑步，骑自行车和跑步机上运动时，数据实时变化的不准确，有时会变化很快，有时却不变化虽然进行了大量的运动，而且路径…,18,10010000011218,开启应用不走路，摇晃手机，出现步数，运动路径错误,step_count.step.wrong_value,Slife__C0,Slife__C3,0.050234,0,0,1,0,0,0,0
SBERT+HC__Slife__10010000011468,sbert_hc_K20,SBERT+HC,Slife,10010000011468,gps_track.gps.other,打开app后台运行，在跑步，骑自行车和跑步机上运动时，数据实时变化的不准确，有时会变化很快，有时却不变化虽然进行了大量的运动，而且路径…,19,10010000010796,敏感度不强，步数统计，时间，距离无法实时更新，需进行一段时间后才发生变化，用户体验不好,step_count.step.cannot_or_fail,Slife__C3,Slife__C3,0.07986,0,0,0,0,0,0,0
SBERT+HC__Slife__10010000011468,sbert_hc_K20,SBERT+HC,Slife,10010000011468,gps_track.gps.other,打开app后台运行，在跑步，骑自行车和跑步机上运动时，数据实时变化的不准确，有时会变化很快，有时却不变化虽然进行了大量的运动，而且路径…,20,10010000010687,经过实测，打开GPS后运动距离测试扔不准确，与实际差距较大。,gps_track.gps.other,Slife__C0,Slife__C3,0.079231,1,1,1,1,1,1,1
SBERT+HC__Slife__10010000011468,sbert_hc_K20,SBERT+HC,Slife,10010000011468,gps_track.gps.other,打开app后台运行，在跑步，骑自行车和跑步机上运动时，数据实时变化的不准确，有时会变化很快，有时却不变化虽然进行了大量的运动，而且路径…,21,10010000010556,打开Slife，设定运动目标后开始运动，当选择在室内行走（类似导致手机晃动不剧烈运动）时，主界面步数、距离、时间等变化不连贯或不变化，…,step_count.page_view.other,Slife__C18,Slife__C3,0.122807,0,0,1,0,0,0,0
SBERT+HC__Slife__10010000011468,sbert_hc_K20,SBERT+HC,Slife,10010000011468,gps_track.gps.other,打开app后台运行，在跑步，骑自行车和跑步机上运动时，数据实时变化的不准确，有时会变化很快，有时却不变化虽然进行了大量的运动，而且路径…,22,10010000011651,运动时，步数等经常不能实时更新，通常20多步一下增加。,step_count.step.cannot_or_fail,Slife__C1,Slife__C3,0.063697,0,0,1,0,0,0,0
SBERT+HC__Slife__10010000011468,sbert_hc_K20,SBERT+HC,Slife,10010000011468,gps_track.gps.other,打开app后台运行，在跑步，骑自行车和跑步机上运动时，数据实时变化的不准确，有时会变化很快，有时却不变化虽然进行了大量的运动，而且路径…,23,10010000010557,当用户步行行进时，走一步，应用却记录了2步,run_walk.list_item.other,Slife__C18,Slife__C3,0.051012,0,0,1,0,0,0,0
SBERT+HC__Slife__10010000011468,sbert_hc_K20,SBERT+HC,Slife,10010000011468,gps_track.gps.other,打开app后台运行，在跑步，骑自行车和跑步机上运动时，数据实时变化的不准确，有时会变化很快，有时却不变化虽然进行了大量的运动，而且路径…,24,10010000011484,继上一个bug，断网之后还会出现一个问题，当你此时联网之后，app所推荐的合适步数数据仍然没有改变。（正常情况下，点击完成之前就该有显…,step_count.page_view.other,Slife__C1,Slife__C3,0.047856,0,0,1,0,0,0,0
SBERT+HC__Slife__10010000011468,sbert_hc_K20,SBERT+HC,Slife,10010000011468,gps_track.gps.other,打开app后台运行，在跑步，骑自行车和跑步机上运动时，数据实时变化的不准确，有时会变化很快，有时却不变化虽然进行了大量的运动，而且路径…,25,10010000010109,在未登录的情况下，设置了目标后，来回走动，有时候计步器会增加，有时候（步速较慢的情况下）好久都不增加,login.page_view.other,Slife__C3,Slife__C3,0.089664,0,0,0,0,0,0,0
SBERT+HC__Slife__10010000011468,sbert_hc_K20,SBERT+HC,Slife,10010000011468,gps_track.gps.other,打开app后台运行，在跑步，骑自行车和跑步机上运动时，数据实时变化的不准确，有时会变化很快，有时却不变化虽然进行了大量的运动，而且路径…,26,10010000011333,用户在走路时软件有时不能立即来时记步数，存在一定的延迟时间，开始记步数时也就会差生一定的误差。,step_count.step.freeze,Slife__C1,Slife__C3,0.042513,0,0,1,0,0,0,0
SBERT+HC__Slife__10010000011468,sbert_hc_K20,SBERT+HC,Slife,10010000011468,gps_track.gps.other,打开app后台运行，在跑步，骑自行车和跑步机上运动时，数据实时变化的不准确，有时会变化很快，有时却不变化虽然进行了大量的运动，而且路径…,27,10010000010335,应用在后台耗电大，使一些用户在户外活动中，手机不能长时间使用,other.step.cannot_or_fail,Slife__C0,Slife__C3,0.031594,0,0,1,0,0,0,0
SBERT+HC__Slife__10010000011468,sbert_hc_K20,SBERT+HC,Slife,10010000011468,gps_track.gps.other,打开app后台运行，在跑步，骑自行车和跑步机上运动时，数据实时变化的不准确，有时会变化很快，有时却不变化虽然进行了大量的运动，而且路径…,28,10010000010793,跑步数据记录不准确，实时性差。坐着摇晃手机数据会变化，数据会大幅度跳跃变化，比如从24跳到35等,step_count.list_item.other,Slife__C3,Slife__C3,0.166434,0,0,0,0,0,0,0
SBERT+HC__Slife__10010000011468,sbert_hc_K20,SBERT+HC,Slife,10010000011468,gps_track.gps.other,打开app后台运行，在跑步，骑自行车和跑步机上运动时，数据实时变化的不准确，有时会变化很快，有时却不变化虽然进行了大量的运动，而且路径…,29,10010000010182,打开Slife，设定运动目标后开始运动，运动完成，进入应用主界面，下拉界面，显示分享区，选择分享到朋友圈，手机屏幕闪烁后，显示“发送失…,share.page_view.cannot_send,Slife__C18,Slife__C3,0.054609,0,0,1,0,0,0,0
SBERT+HC__Slife__10010000011468,sbert_hc_K20,SBERT+HC,Slife,10010000011468,gps_track.gps.other,打开app后台运行，在跑步，骑自行车和跑步机上运动时，数据实时变化的不准确，有时会变化很快，有时却不变化虽然进行了大量的运动，而且路径…,30,10010000011071,进去“首页”，通过特定方式（跑步），完成跑步数据以及运动路径,step_count.page_view.other,Slife__C18,Slife__C3,0.077187,0,0,1,0,0,0,0
SBERT+HC__Slife__10010000011468,sbert_hc_K20,SBERT+HC,Slife,10010000011468,gps_track.gps.other,打开app后台运行，在跑步，骑自行车和跑步机上运动时，数据实时变化的不准确，有时会变化很快，有时却不变化虽然进行了大量的运动，而且路径…,31,10010000011193,用户不行走，用手晃动手机也能增加步数的记录，相关数据也会跟着变动，但实际并不准确。,step_count.list_item.other,Slife__C3,Slife__C3,0.070292,0,0,0,0,0,0,0
SBERT+HC__Slife__10010000011468,sbert_hc_K20,SBERT+HC,Slife,10010000011468,gps_track.gps.other,打开app后台运行，在跑步，骑自行车和跑步机上运动时，数据实时变化的不准确，有时会变化很快，有时却不变化虽然进行了大量的运动，而且路径…,32,10010000010768,当用户步行或跑步的等方式运动一段时间后停止，必须要用户自己切换成停留模式，不能自动感应，不计算入运动时间里面。,run_walk.step.cannot_or_fail,Slife__C3,Slife__C3,0.061271,0,0,0,0,0,0,0
SBERT+HC__Slife__10010000011468,sbert_hc_K20,SBERT+HC,Slife,10010000011468,gps_track.gps.other,打开app后台运行，在跑步，骑自行车和跑步机上运动时，数据实时变化的不准确，有时会变化很快，有时却不变化虽然进行了大量的运动，而且路径…,33,10010000011452,当进行路径信息测试时，拿着两部手机进行运动，运动结束后查看路径信息。其中，一部手机主页上显示“步行”选项，点击进入便可看到路径信息。但…,run_walk.other.cannot_or_fail,Slife__C0,Slife__C3,0.069788,0,0,1,0,0,0,0
SBERT+HC__Slife__10010000011468,sbert_hc_K20,SBERT+HC,Slife,10010000011468,gps_track.gps.other,打开app后台运行，在跑步，骑自行车和跑步机上运动时，数据实时变化的不准确，有时会变化很快，有时却不变化虽然进行了大量的运动，而且路径…,34,10010000011363,app在记录数据时有延迟，当运动产生数据后，app数据的改变不是瞬时的，而是需要等待一段时间。这个无法截图。,run_walk.list_item.freeze,Slife__C1,Slife__C3,0.084712,0,0,1,0,0,0,0
LLMCluster__Slife__10010000011468,llmcluster_glm-4-air,LLMCluster,Slife,10010000011468,gps_track.gps.other,打开app后台运行，在跑步，骑自行车和跑步机上运动时，数据实时变化的不准确，有时会变化很快，有时却不变化虽然进行了大量的运动，而且路径…,1,10010000010109,在未登录的情况下，设置了目标后，来回走动，有时候计步器会增加，有时候（步速较慢的情况下）好久都不增加,login.page_view.other,Slife__C2,Slife__C10,0.089664,0,0,1,0,0,0,0
LLMCluster__Slife__10010000011468,llmcluster_glm-4-air,LLMCluster,Slife,10010000011468,gps_track.gps.other,打开app后台运行，在跑步，骑自行车和跑步机上运动时，数据实时变化的不准确，有时会变化很快，有时却不变化虽然进行了大量的运动，而且路径…,2,10010000011562,没有自行车，跑步，交通工具，神游等运动方式的选择，运动方式比较单一，和传统计步软件相比没有什么优势,step_count.other.other,Slife__C10,Slife__C10,0.084441,0,0,0,0,0,0,0
LLMCluster__Slife__10010000011468,llmcluster_glm-4-air,LLMCluster,Slife,10010000011468,gps_track.gps.other,打开app后台运行，在跑步，骑自行车和跑步机上运动时，数据实时变化的不准确，有时会变化很快，有时却不变化虽然进行了大量的运动，而且路径…,3,10010000011651,运动时，步数等经常不能实时更新，通常20多步一下增加。,step_count.step.cannot_or_fail,Slife__C2,Slife__C10,0.063697,0,0,1,0,0,0,0
LLMCluster__Slife__10010000011468,llmcluster_glm-4-air,LLMCluster,Slife,10010000011468,gps_track.gps.other,打开app后台运行，在跑步，骑自行车和跑步机上运动时，数据实时变化的不准确，有时会变化很快，有时却不变化虽然进行了大量的运动，而且路径…,4,10010000010886,关闭GPS进行运动，运动数据仍然会发生变化,gps_track.gps.other,Slife__C10,Slife__C10,0.131662,1,1,0,0,0,0,0
LLMCluster__Slife__10010000011468,llmcluster_glm-4-air,LLMCluster,Slife,10010000011468,gps_track.gps.other,打开app后台运行，在跑步，骑自行车和跑步机上运动时，数据实时变化的不准确，有时会变化很快，有时却不变化虽然进行了大量的运动，而且路径…,5,10010000010937,当携带该应用软件进行运动时，实际运动距离仅为30米左右，而显示的运动路径范围过大，不准确。,run_walk.step.other,Slife__C10,Slife__C10,0.107056,0,0,0,0,0,0,0
LLMCluster__Slife__10010000011468,llmcluster_glm-4-air,LLMCluster,Slife,10010000011468,gps_track.gps.other,打开app后台运行，在跑步，骑自行车和跑步机上运动时，数据实时变化的不准确，有时会变化很快，有时却不变化虽然进行了大量的运动，而且路径…,6,10010000010401,由于gps定位的特点和计算的问题，app步数存在有时时停时跳的现象,step_count.gps.other,Slife__C2,Slife__C10,0.060906,0,0,1,0,0,0,0
LLMCluster__Slife__10010000011468,llmcluster_glm-4-air,LLMCluster,Slife,10010000011468,gps_track.gps.other,打开app后台运行，在跑步，骑自行车和跑步机上运动时，数据实时变化的不准确，有时会变化很快，有时却不变化虽然进行了大量的运动，而且路径…,7,10010000010557,当用户步行行进时，走一步，应用却记录了2步,run_walk.list_item.other,Slife__C2,Slife__C10,0.051012,0,0,1,0,0,0,0
LLMCluster__Slife__10010000011468,llmcluster_glm-4-air,LLMCluster,Slife,10010000011468,gps_track.gps.other,打开app后台运行，在跑步，骑自行车和跑步机上运动时，数据实时变化的不准确，有时会变化很快，有时却不变化虽然进行了大量的运动，而且路径…,8,10010000011123,步行时一边心里默数步数，一边看app记录的数据，发现两者不统一。该app记录步数不准确，有时逐步增加，有时一下增加十几二十步，记录的数…,step_count.list_item.other,Slife__C2,Slife__C10,0.142553,0,0,1,0,0,0,0
LLMCluster__Slife__10010000011468,llmcluster_glm-4-air,LLMCluster,Slife,10010000011468,gps_track.gps.other,打开app后台运行，在跑步，骑自行车和跑步机上运动时，数据实时变化的不准确，有时会变化很快，有时却不变化虽然进行了大量的运动，而且路径…,9,10010000010452,注册一个新账号，并登陆成功，设置目标后，携带手机开始运动，开始运动时，只有步数在增加，在运动一段时间后，运动时间仍然是0,register.page_view.other,Slife__C10,Slife__C10,0.091198,0,0,0,0,0,0,0
LLMCluster__Slife__10010000011468,llmcluster_glm-4-air,LLMCluster,Slife,10010000011468,gps_track.gps.other,打开app后台运行，在跑步，骑自行车和跑步机上运动时，数据实时变化的不准确，有时会变化很快，有时却不变化虽然进行了大量的运动，而且路径…,10,10010000011784,跑步时其记录的跑步步数与实际不一致，例如：实际跑步20步，但计算出35步,step_count.list_item.other,Slife__C2,Slife__C10,0.080621,0,0,1,0,0,0,0
LLMCluster__Slife__10010000011468,llmcluster_glm-4-air,LLMCluster,Slife,10010000011468,gps_track.gps.other,打开app后台运行，在跑步，骑自行车和跑步机上运动时，数据实时变化的不准确，有时会变化很快，有时却不变化虽然进行了大量的运动，而且路径…,11,10010000010942,在刚开始进入APP或，手机静止过长时间的话，再次晃动手机，发现在很长一段时间内无反应，即步数不发生任何变化。之后才慢慢有了反应。,step_count.step.cannot_or_fail,Slife__C2,Slife__C10,0.072847,0,0,1,0,0,0,0
LLMCluster__Slife__10010000011468,llmcluster_glm-4-air,LLMCluster,Slife,10010000011468,gps_track.gps.other,打开app后台运行，在跑步，骑自行车和跑步机上运动时，数据实时变化的不准确，有时会变化很快，有时却不变化虽然进行了大量的运动，而且路径…,12,10010000011768,步行和跑步等不同类型的运动没有区分开，结果都是步行。,run_walk.other.wrong_value,Slife__C2,Slife__C10,0.093085,0,0,1,0,0,0,0
LLMCluster__Slife__10010000011468,llmcluster_glm-4-air,LLMCluster,Slife,10010000011468,gps_track.gps.other,打开app后台运行，在跑步，骑自行车和跑步机上运动时，数据实时变化的不准确，有时会变化很快，有时却不变化虽然进行了大量的运动，而且路径…,13,10010000010567,在系统运行时，有时候突然不显示数据运行情况,other.other.display_missing,Slife__C10,Slife__C10,0.118874,0,0,0,0,0,0,0
LLMCluster__Slife__10010000011468,llmcluster_glm-4-air,LLMCluster,Slife,10010000011468,gps_track.gps.other,打开app后台运行，在跑步，骑自行车和跑步机上运动时，数据实时变化的不准确，有时会变化很快，有时却不变化虽然进行了大量的运动，而且路径…,14,10010000010434,选择分享到社交平台里的更多按钮时，有时会无法打开相应界面，而是显示SDCard not found,share.button_icon.load_fail,Slife__C10,Slife__C10,0.076015,0,0,0,0,0,0,0
LLMCluster__Slife__10010000011468,llmcluster_glm-4-air,LLMCluster,Slife,10010000011468,gps_track.gps.other,打开app后台运行，在跑步，骑自行车和跑步机上运动时，数据实时变化的不准确，有时会变化很快，有时却不变化虽然进行了大量的运动，而且路径…,15,10010000010687,经过实测，打开GPS后运动距离测试扔不准确，与实际差距较大。,gps_track.gps.other,Slife__C10,Slife__C10,0.079231,1,1,0,0,0,0,0
LLMCluster__Slife__10010000011468,llmcluster_glm-4-air,LLMCluster,Slife,10010000011468,gps_track.gps.other,打开app后台运行，在跑步，骑自行车和跑步机上运动时，数据实时变化的不准确，有时会变化很快，有时却不变化虽然进行了大量的运动，而且路径…,16,10010000010556,打开Slife，设定运动目标后开始运动，当选择在室内行走（类似导致手机晃动不剧烈运动）时，主界面步数、距离、时间等变化不连贯或不变化，…,step_count.page_view.other,Slife__C2,Slife__C10,0.122807,0,0,1,0,0,0,0
LLMCluster__Slife__10010000011468,llmcluster_glm-4-air,LLMCluster,Slife,10010000011468,gps_track.gps.other,打开app后台运行，在跑步，骑自行车和跑步机上运动时，数据实时变化的不准确，有时会变化很快，有时却不变化虽然进行了大量的运动，而且路径…,17,10010000011569,使用者并未进行运动，简单的晃动手机就会计步，,step_count.other.other,Slife__C2,Slife__C10,0.058873,0,0,1,0,0,0,0
LLMCluster__Slife__10010000011468,llmcluster_glm-4-air,LLMCluster,Slife,10010000011468,gps_track.gps.other,打开app后台运行，在跑步，骑自行车和跑步机上运动时，数据实时变化的不准确，有时会变化很快，有时却不变化虽然进行了大量的运动，而且路径…,18,10010000011207,有时候应用会错误的关闭，后台没有运行，下图也是骑自行车的一段时间,other.step.wrong_value,Slife__C10,Slife__C10,0.145269,0,0,0,0,0,0,0
LLMCluster__Slife__10010000011468,llmcluster_glm-4-air,LLMCluster,Slife,10010000011468,gps_track.gps.other,打开app后台运行，在跑步，骑自行车和跑步机上运动时，数据实时变化的不准确，有时会变化很快，有时却不变化虽然进行了大量的运动，而且路径…,19,10010000010633,GPS定位不准确，同时内置高德地图上显示的记录的路径不准确，测试地点未发生变化但记录的路径已变化。,gps_track.list_item.other,Slife__C10,Slife__C10,0.146461,0,1,0,0,0,0,0
LLMCluster__Slife__10010000011468,llmcluster_glm-4-air,LLMCluster,Slife,10010000011468,gps_track.gps.other,打开app后台运行，在跑步，骑自行车和跑步机上运动时，数据实时变化的不准确，有时会变化很快，有时却不变化虽然进行了大量的运动，而且路径…,20,10010000011149,跑步时一边心里默数步数，一边看app记录的数据，发现两者不统一。该app记录步数不准确，记录的数据大多数情况下多于实际步数。无法记录跑…,step_count.list_item.cannot_or_fail,Slife__C2,Slife__C10,0.099736,0,0,1,0,0,0,0
LLMCluster__Slife__10010000011468,llmcluster_glm-4-air,LLMCluster,Slife,10010000011468,gps_track.gps.other,打开app后台运行，在跑步，骑自行车和跑步机上运动时，数据实时变化的不准确，有时会变化很快，有时却不变化虽然进行了大量的运动，而且路径…,21,10010000011193,用户不行走，用手晃动手机也能增加步数的记录，相关数据也会跟着变动，但实际并不准确。,step_count.list_item.other,Slife__C2,Slife__C10,0.070292,0,0,1,0,0,0,0
LLMCluster__Slife__10010000011468,llmcluster_glm-4-air,LLMCluster,Slife,10010000011468,gps_track.gps.other,打开app后台运行，在跑步，骑自行车和跑步机上运动时，数据实时变化的不准确，有时会变化很快，有时却不变化虽然进行了大量的运动，而且路径…,22,10010000010878,步数记录问题。当运动速度过快时，步数统计和时间统计以及卡路里统计并不能记录上。,step_count.list_item.cannot_or_fail,Slife__C2,Slife__C10,0.037941,0,0,1,0,0,0,0
LLMCluster__Slife__10010000011468,llmcluster_glm-4-air,LLMCluster,Slife,10010000011468,gps_track.gps.other,打开app后台运行，在跑步，骑自行车和跑步机上运动时，数据实时变化的不准确，有时会变化很快，有时却不变化虽然进行了大量的运动，而且路径…,23,10010000011452,当进行路径信息测试时，拿着两部手机进行运动，运动结束后查看路径信息。其中，一部手机主页上显示“步行”选项，点击进入便可看到路径信息。但…,run_walk.other.cannot_or_fail,Slife__C7,Slife__C10,0.069788,0,0,1,0,0,0,0
LLMCluster__Slife__10010000011468,llmcluster_glm-4-air,LLMCluster,Slife,10010000011468,gps_track.gps.other,打开app后台运行，在跑步，骑自行车和跑步机上运动时，数据实时变化的不准确，有时会变化很快，有时却不变化虽然进行了大量的运动，而且路径…,24,10010000010897,进行步数统计的时候，如果在停留后进行重新走路时，数据无法随时更新，走路走了一段时间后才会更新，而且是突变，另外，像距离，运动时间，消耗…,step_count.step.cannot_or_fail,Slife__C10,Slife__C10,0.105134,0,0,0,0,0,0,0
LLMCluster__Slife__10010000011468,llmcluster_glm-4-air,LLMCluster,Slife,10010000011468,gps_track.gps.other,打开app后台运行，在跑步，骑自行车和跑步机上运动时，数据实时变化的不准确，有时会变化很快，有时却不变化虽然进行了大量的运动，而且路径…,25,10010000010481,图三是本来的历史记录为步行，选择跑步后，历史记录更改为图二中的跑步。历史记录不应该被更改,run_walk.list_item.other,Slife__C8,Slife__C10,0.04353,0,0,1,0,0,0,0
LLMCluster__Slife__10010000011468,llmcluster_glm-4-air,LLMCluster,Slife,10010000011468,gps_track.gps.other,打开app后台运行，在跑步，骑自行车和跑步机上运动时，数据实时变化的不准确，有时会变化很快，有时却不变化虽然进行了大量的运动，而且路径…,26,10010000009948,不运动时，app的步数显示每秒钟自动增长20步左右，如图 。,step_count.step.wrong_value,Slife__C2,Slife__C10,0.076789,0,0,1,0,0,0,0
LLMCluster__Slife__10010000011468,llmcluster_glm-4-air,LLMCluster,Slife,10010000011468,gps_track.gps.other,打开app后台运行，在跑步，骑自行车和跑步机上运动时，数据实时变化的不准确，有时会变化很快，有时却不变化虽然进行了大量的运动，而且路径…,27,10010000011278,自身系统监测是否走动或跑动不正确。在使用手机摇一摇或是模拟器摇一摇时，app会监测到数据的变化，这是不对的。不想运动的人还会是不运动，…,run_walk.other.wrong_value,Slife__C2,Slife__C10,0.088466,0,0,1,0,0,0,0
LLMCluster__Slife__10010000011468,llmcluster_glm-4-air,LLMCluster,Slife,10010000011468,gps_track.gps.other,打开app后台运行，在跑步，骑自行车和跑步机上运动时，数据实时变化的不准确，有时会变化很快，有时却不变化虽然进行了大量的运动，而且路径…,28,10010000011017,进行跑步测试的时，跑步与步行无法识别。并且记录步数不准确，建议更新算法。相关计算的卡路里也计算不准确。,step_count.list_item.cannot_or_fail,Slife__C2,Slife__C10,0.109377,0,0,1,0,0,0,0
LLMCluster__Slife__10010000011468,llmcluster_glm-4-air,LLMCluster,Slife,10010000011468,gps_track.gps.other,打开app后台运行，在跑步，骑自行车和跑步机上运动时，数据实时变化的不准确，有时会变化很快，有时却不变化虽然进行了大量的运动，而且路径…,29,10010000011068,步数计算不准确，有记录步数严重少于实际步数的情况。也有不步行，只是甩手步数就会快速上升的情况。,step_count.list_item.wrong_value,Slife__C2,Slife__C10,0.092195,0,0,1,0,0,0,0
LLMCluster__Slife__10010000011468,llmcluster_glm-4-air,LLMCluster,Slife,10010000011468,gps_track.gps.other,打开app后台运行，在跑步，骑自行车和跑步机上运动时，数据实时变化的不准确，有时会变化很快，有时却不变化虽然进行了大量的运动，而且路径…,30,10010000010793,跑步数据记录不准确，实时性差。坐着摇晃手机数据会变化，数据会大幅度跳跃变化，比如从24跳到35等,step_count.list_item.other,Slife__C2,Slife__C10,0.166434,0,0,1,0,0,0,0
TFIDF+HC__jayme__10010000009430,tfidf_hc_K20,TFIDF+HC,jayme,10010000009430,message_send.other.cannot_or_fail,remixOS基于安卓的电脑平台使用该软件，无法发送表情,1,10010000008667,通过表情查找群聊名称，不能查找匹配到对应的表情，而是会出现许多不与查找表情相同的群聊,search.chat.cannot_or_fail,jayme__C3,jayme__C6,0.042249,0,0,1,0,0,0,0
TFIDF+HC__jayme__10010000009430,tfidf_hc_K20,TFIDF+HC,jayme,10010000009430,message_send.other.cannot_or_fail,remixOS基于安卓的电脑平台使用该软件，无法发送表情,2,10010000008723,该bug比较严重。个人是在网络环境比较好的实验室环境下测试的，手机运行正常，但是使用该软件在进行加入群，创建群，打开群设置，查看用户主…,groupchat.page_view.other,jayme__C6,jayme__C6,0.081429,0,0,0,0,0,0,0
TFIDF+HC__jayme__10010000009430,tfidf_hc_K20,TFIDF+HC,jayme,10010000009430,message_send.other.cannot_or_fail,remixOS基于安卓的电脑平台使用该软件，无法发送表情,3,10010000009424,在RemixOS（基于安卓5.1）X86设备环境下，无法发送表情。,message_send.other.cannot_or_fail,jayme__C6,jayme__C6,0.461554,1,1,0,0,0,0,0
TFIDF+HC__jayme__10010000009430,tfidf_hc_K20,TFIDF+HC,jayme,10010000009430,message_send.other.cannot_or_fail,remixOS基于安卓的电脑平台使用该软件，无法发送表情,4,10010000009624,经多次测试，发现跟我手机上的网易云音乐有冲突，导致网易云音乐播放无声音，JAYME卸载后就有声音。,playback.audio.other,jayme__C8,jayme__C6,0.020701,0,0,1,0,0,0,0
TFIDF+HC__jayme__10010000009430,tfidf_hc_K20,TFIDF+HC,jayme,10010000009430,message_send.other.cannot_or_fail,remixOS基于安卓的电脑平台使用该软件，无法发送表情,5,10010000008067,复制表情，在聊天框中粘贴后，无法显示为表情，只能显示表情代码。,message_send.chat.cannot_or_fail,jayme__C3,jayme__C6,0.074863,0,1,1,0,0,0,0
TFIDF+HC__jayme__10010000009430,tfidf_hc_K20,TFIDF+HC,jayme,10010000009430,message_send.other.cannot_or_fail,remixOS基于安卓的电脑平台使用该软件，无法发送表情,6,10010000008668,复制表情后。聊天框内显示为系统自带表情,message_send.chat.other,jayme__C3,jayme__C6,0.042003,0,1,1,0,0,0,0
TFIDF+HC__jayme__10010000009430,tfidf_hc_K20,TFIDF+HC,jayme,10010000009430,message_send.other.cannot_or_fail,remixOS基于安卓的电脑平台使用该软件，无法发送表情,7,10010000009221,表情在文本框上的时候发送了变化。如果用户忘记了刚刚点击的是什么表情，而表情在文本框上也变得难以辨识。那么用户就要删除文本框上的表情进行…,message_send.input_box.other,jayme__C3,jayme__C6,0.048471,0,1,1,0,0,0,0
TFIDF+HC__jayme__10010000009430,tfidf_hc_K20,TFIDF+HC,jayme,10010000009430,message_send.other.cannot_or_fail,remixOS基于安卓的电脑平台使用该软件，无法发送表情,8,10010000007514,步骤2后使用邮箱注册时，无法输入@符号及其以后的信息，见截图1，因此无法通过邮箱进行注册,register.other.cannot_input,jayme__C4,jayme__C6,0.043329,0,0,1,0,0,0,0
TFIDF+HC__jayme__10010000009430,tfidf_hc_K20,TFIDF+HC,jayme,10010000009430,message_send.other.cannot_or_fail,remixOS基于安卓的电脑平台使用该软件，无法发送表情,9,10010000008227,注册时输入不进去@，无法用邮箱进行注册,register.other.cannot_or_fail,jayme__C4,jayme__C6,0.036284,0,0,1,0,0,0,0
TFIDF+HC__jayme__10010000009430,tfidf_hc_K20,TFIDF+HC,jayme,10010000009430,message_send.other.cannot_or_fail,remixOS基于安卓的电脑平台使用该软件，无法发送表情,10,10010000008493,当表情不可用之后，使用复制功能对对方发送的表情进行复制，粘贴。聊天框中显示的是代码，所以如果用户有需求对表情进行编辑，那么他可能需要全…,message_send.chat.other,jayme__C3,jayme__C6,0.055936,0,1,1,0,0,0,0
TFIDF+HC__jayme__10010000009430,tfidf_hc_K20,TFIDF+HC,jayme,10010000009430,message_send.other.cannot_or_fail,remixOS基于安卓的电脑平台使用该软件，无法发送表情,11,10010000008851,进行步骤1时，只能输入数字，无法输入字母和符号。所以无法完成注册。,register.other.cannot_input,jayme__C4,jayme__C6,0.037021,0,0,1,0,0,0,0
TFIDF+HC__jayme__10010000009430,tfidf_hc_K20,TFIDF+HC,jayme,10010000009430,message_send.other.cannot_or_fail,remixOS基于安卓的电脑平台使用该软件，无法发送表情,12,10010000009182,当群主发送具有表情的群公告，聊天界面是无法显示表情，只能看到文字。但是群组设置是可以看到表情的。,groupchat.page_view.cannot_or_fail,jayme__C3,jayme__C6,0.06507,0,0,1,0,0,0,0
TFIDF+HC__jayme__10010000009430,tfidf_hc_K20,TFIDF+HC,jayme,10010000009430,message_send.other.cannot_or_fail,remixOS基于安卓的电脑平台使用该软件，无法发送表情,13,10010000009950,测试“表情”时，发现在向文本框发送输入表情，还未发送，历史表情记录中，已有这些表情。用户体验差，必现，严重程度较轻,message_send.input_box.other,jayme__C9,jayme__C6,0.077181,0,1,1,0,0,0,0
TFIDF+HC__jayme__10010000009430,tfidf_hc_K20,TFIDF+HC,jayme,10010000009430,message_send.other.cannot_or_fail,remixOS基于安卓的电脑平台使用该软件，无法发送表情,14,10010000009607,一个人无法发起群聊，即无法建群。但是却可以存在一个人的群。,groupchat.chat.cannot_or_fail,jayme__C2,jayme__C6,0.059117,0,0,1,0,0,0,0
TFIDF+HC__jayme__10010000009430,tfidf_hc_K20,TFIDF+HC,jayme,10010000009430,message_send.other.cannot_or_fail,remixOS基于安卓的电脑平台使用该软件，无法发送表情,15,10010000008399,复制表情后在聊天框中粘贴无法正常显示为表情,message_send.chat.cannot_or_fail,jayme__C3,jayme__C6,0.055281,0,1,1,0,0,0,0
TFIDF+HC__jayme__10010000009430,tfidf_hc_K20,TFIDF+HC,jayme,10010000009430,message_send.other.cannot_or_fail,remixOS基于安卓的电脑平台使用该软件，无法发送表情,16,10010000008518,群聊时，群聊表情不能收藏，而且静态表情里没有收藏本地表情的体验，长按表情也不能进行保存,groupchat.chat.cannot_or_fail,jayme__C3,jayme__C6,0.049633,0,0,1,0,0,0,0
TFIDF+HC__jayme__10010000009430,tfidf_hc_K20,TFIDF+HC,jayme,10010000009430,message_send.other.cannot_or_fail,remixOS基于安卓的电脑平台使用该软件，无法发送表情,17,10010000009664,与其他软件有冲突，把“网易云音乐”有冲突，把“网易云”卸载后就可以听到语音内容了。,playback.audio.other,jayme__C8,jayme__C6,0.016181,0,0,1,0,0,0,0
TFIDF+HC__jayme__10010000009430,tfidf_hc_K20,TFIDF+HC,jayme,10010000009430,message_send.other.cannot_or_fail,remixOS基于安卓的电脑平台使用该软件，无法发送表情,18,10010000008781,修改群公告为表情。群内无法正常显示群公告内容，并且表情显示为系统自带表情,other.other.cannot_or_fail,jayme__C3,jayme__C6,0.051085,0,0,1,0,0,0,0
TFIDF+HC__jayme__10010000009430,tfidf_hc_K20,TFIDF+HC,jayme,10010000009430,message_send.other.cannot_or_fail,remixOS基于安卓的电脑平台使用该软件，无法发送表情,19,10010000009531,发送表情时，只能输入四行表情，无法在多输入！！！,message_send.other.cannot_or_fail,jayme__C4,jayme__C6,0.131113,1,1,1,1,1,1,1
TFIDF+HC__jayme__10010000009430,tfidf_hc_K20,TFIDF+HC,jayme,10010000009430,message_send.other.cannot_or_fail,remixOS基于安卓的电脑平台使用该软件，无法发送表情,20,10010000010020,软件无法正常读取手机信息，无法正常传上去文件,other.other.cannot_or_fail,jayme__C6,jayme__C6,0.072335,0,0,0,0,0,0,0
TFIDF+HC__jayme__10010000009430,tfidf_hc_K20,TFIDF+HC,jayme,10010000009430,message_send.other.cannot_or_fail,remixOS基于安卓的电脑平台使用该软件，无法发送表情,21,10010000008868,在新用户邀请好友创建完群组后，在群设置中设置群消息免打扰的模式时，设置完之后App提示请稍后过于快速，无法使用户看清设置结果，影响用户体验。,groupchat.page_view.cannot_or_fail,jayme__C4,jayme__C6,0.03359,0,0,1,0,0,0,0
TFIDF+HC__jayme__10010000009430,tfidf_hc_K20,TFIDF+HC,jayme,10010000009430,message_send.other.cannot_or_fail,remixOS基于安卓的电脑平台使用该软件，无法发送表情,22,10010000008601,表情发送:用键盘上的表情发现与填写不符合,message_send.input_box.other,jayme__C3,jayme__C6,0.065963,0,1,1,0,0,0,0
TFIDF+HC__jayme__10010000009430,tfidf_hc_K20,TFIDF+HC,jayme,10010000009430,message_send.other.cannot_or_fail,remixOS基于安卓的电脑平台使用该软件，无法发送表情,23,10010000009007,功能不齐全：表情无法增加自己想要的表情包，只有有限的表情，需要增加新的表情包无途径和按钮。,other.button_icon.cannot_or_fail,jayme__C3,jayme__C6,0.056779,0,0,1,0,0,0,0
SBERT+HC__jayme__10010000009430,sbert_hc_K20,SBERT+HC,jayme,10010000009430,message_send.other.cannot_or_fail,remixOS基于安卓的电脑平台使用该软件，无法发送表情,1,10010000009119,用户更改头像后，在群聊天的界面不能显示更改后的头像信息,groupchat.page_view.cannot_or_fail,jayme__C16,jayme__C18,0.005131,0,0,1,0,0,0,0
SBERT+HC__jayme__10010000009430,sbert_hc_K20,SBERT+HC,jayme,10010000009430,message_send.other.cannot_or_fail,remixOS基于安卓的电脑平台使用该软件，无法发送表情,2,10010000010020,软件无法正常读取手机信息，无法正常传上去文件,other.other.cannot_or_fail,jayme__C6,jayme__C18,0.072335,0,0,1,0,0,0,0
SBERT+HC__jayme__10010000009430,sbert_hc_K20,SBERT+HC,jayme,10010000009430,message_send.other.cannot_or_fail,remixOS基于安卓的电脑平台使用该软件，无法发送表情,3,10010000009664,与其他软件有冲突，把“网易云音乐”有冲突，把“网易云”卸载后就可以听到语音内容了。,playback.audio.other,jayme__C4,jayme__C18,0.016181,0,0,1,0,0,0,0
SBERT+HC__jayme__10010000009430,sbert_hc_K20,SBERT+HC,jayme,10010000009430,message_send.other.cannot_or_fail,remixOS基于安卓的电脑平台使用该软件，无法发送表情,4,10010000009534,更换头像后，在聊天界面不会改变，还是原来的。,message_send.page_view.other,jayme__C16,jayme__C18,0.002722,0,1,1,0,0,0,0
SBERT+HC__jayme__10010000009430,sbert_hc_K20,SBERT+HC,jayme,10010000009430,message_send.other.cannot_or_fail,remixOS基于安卓的电脑平台使用该软件，无法发送表情,5,10010000008399,复制表情后在聊天框中粘贴无法正常显示为表情,message_send.chat.cannot_or_fail,jayme__C16,jayme__C18,0.055281,0,1,1,0,0,0,0
SBERT+HC__jayme__10010000009430,sbert_hc_K20,SBERT+HC,jayme,10010000009430,message_send.other.cannot_or_fail,remixOS基于安卓的电脑平台使用该软件，无法发送表情,6,10010000008519,复制表情后，在聊天框粘贴，粘贴出现的表情是系统自带的样式，而不是应用内的表情样式。,message_send.chat.other,jayme__C16,jayme__C18,0.042851,0,1,1,0,0,0,0
SBERT+HC__jayme__10010000009430,sbert_hc_K20,SBERT+HC,jayme,10010000009430,message_send.other.cannot_or_fail,remixOS基于安卓的电脑平台使用该软件，无法发送表情,7,10010000008638,群聊中的小视频不能在聊天窗口中直接播放，而得转到其他应用软件中播放。,groupchat.chat.cannot_or_fail,jayme__C2,jayme__C18,0.024203,0,0,1,0,0,0,0
SBERT+HC__jayme__10010000009430,sbert_hc_K20,SBERT+HC,jayme,10010000009430,message_send.other.cannot_or_fail,remixOS基于安卓的电脑平台使用该软件，无法发送表情,8,10010000008067,复制表情，在聊天框中粘贴后，无法显示为表情，只能显示表情代码。,message_send.chat.cannot_or_fail,jayme__C16,jayme__C18,0.074863,0,1,1,0,0,0,0
SBERT+HC__jayme__10010000009430,sbert_hc_K20,SBERT+HC,jayme,10010000009430,message_send.other.cannot_or_fail,remixOS基于安卓的电脑平台使用该软件，无法发送表情,9,10010000009212,当用户使用消息免打扰时，当群再次发来消息时，只显示消息，不振动，不提醒。,message_send.chat.other,jayme__C3,jayme__C18,0.021831,0,1,1,0,0,0,0
SBERT+HC__jayme__10010000009430,sbert_hc_K20,SBERT+HC,jayme,10010000009430,message_send.other.cannot_or_fail,remixOS基于安卓的电脑平台使用该软件，无法发送表情,10,10010000008723,该bug比较严重。个人是在网络环境比较好的实验室环境下测试的，手机运行正常，但是使用该软件在进行加入群，创建群，打开群设置，查看用户主…,groupchat.page_view.other,jayme__C8,jayme__C18,0.081429,0,0,1,0,0,0,0
SBERT+HC__jayme__10010000009430,sbert_hc_K20,SBERT+HC,jayme,10010000009430,message_send.other.cannot_or_fail,remixOS基于安卓的电脑平台使用该软件，无法发送表情,11,10010000009348,"在测试中突然从界面退出(用安卓虚拟机测试),再从kikbug中进入会出现闪退。",other.page_view.crash,jayme__C8,jayme__C18,0.039846,0,0,1,0,0,0,0
SBERT+HC__jayme__10010000009430,sbert_hc_K20,SBERT+HC,jayme,10010000009430,message_send.other.cannot_or_fail,remixOS基于安卓的电脑平台使用该软件，无法发送表情,12,10010000009424,在RemixOS（基于安卓5.1）X86设备环境下，无法发送表情。,message_send.other.cannot_or_fail,jayme__C18,jayme__C18,0.461554,1,1,0,0,0,0,0
SBERT+HC__jayme__10010000009430,sbert_hc_K20,SBERT+HC,jayme,10010000009430,message_send.other.cannot_or_fail,remixOS基于安卓的电脑平台使用该软件，无法发送表情,13,10010000008601,表情发送:用键盘上的表情发现与填写不符合,message_send.input_box.other,jayme__C16,jayme__C18,0.065963,0,1,1,0,0,0,0
SBERT+HC__jayme__10010000009430,sbert_hc_K20,SBERT+HC,jayme,10010000009430,message_send.other.cannot_or_fail,remixOS基于安卓的电脑平台使用该软件，无法发送表情,14,10010000009221,表情在文本框上的时候发送了变化。如果用户忘记了刚刚点击的是什么表情，而表情在文本框上也变得难以辨识。那么用户就要删除文本框上的表情进行…,message_send.input_box.other,jayme__C16,jayme__C18,0.048471,0,1,1,0,0,0,0
SBERT+HC__jayme__10010000009430,sbert_hc_K20,SBERT+HC,jayme,10010000009430,message_send.other.cannot_or_fail,remixOS基于安卓的电脑平台使用该软件，无法发送表情,15,10010000008668,复制表情后。聊天框内显示为系统自带表情,message_send.chat.other,jayme__C16,jayme__C18,0.042003,0,1,1,0,0,0,0
SBERT+HC__jayme__10010000009430,sbert_hc_K20,SBERT+HC,jayme,10010000009430,message_send.other.cannot_or_fail,remixOS基于安卓的电脑平台使用该软件，无法发送表情,16,10010000009624,经多次测试，发现跟我手机上的网易云音乐有冲突，导致网易云音乐播放无声音，JAYME卸载后就有声音。,playback.audio.other,jayme__C4,jayme__C18,0.020701,0,0,1,0,0,0,0
SBERT+HC__jayme__10010000009430,sbert_hc_K20,SBERT+HC,jayme,10010000009430,message_send.other.cannot_or_fail,remixOS基于安卓的电脑平台使用该软件，无法发送表情,17,10010000008493,当表情不可用之后，使用复制功能对对方发送的表情进行复制，粘贴。聊天框中显示的是代码，所以如果用户有需求对表情进行编辑，那么他可能需要全…,message_send.chat.other,jayme__C16,jayme__C18,0.055936,0,1,1,0,0,0,0
SBERT+HC__jayme__10010000009430,sbert_hc_K20,SBERT+HC,jayme,10010000009430,message_send.other.cannot_or_fail,remixOS基于安卓的电脑平台使用该软件，无法发送表情,18,10010000008416,不断在聊天框复制粘贴表情，复制表情到30 个以上时会有一定概率应用出现闪退。,message_send.chat.crash,jayme__C16,jayme__C18,0.029228,0,1,1,0,0,0,0
SBERT+HC__jayme__10010000009430,sbert_hc_K20,SBERT+HC,jayme,10010000009430,message_send.other.cannot_or_fail,remixOS基于安卓的电脑平台使用该软件，无法发送表情,19,10010000009569,在播放Jay主页的宣传片时，每次都没声音，之前调过依旧没声音,playback.audio.other,jayme__C4,jayme__C18,0.001841,0,0,1,0,0,0,0
SBERT+HC__jayme__10010000009430,sbert_hc_K20,SBERT+HC,jayme,10010000009430,message_send.other.cannot_or_fail,remixOS基于安卓的电脑平台使用该软件，无法发送表情,20,10010000008482,注册时收到的短信验证码输入后显示短信验证码不正确，不能使用手机号注册，严重影响APP的功能体验。,register.other.wrong_value,jayme__C5,jayme__C18,0.012757,0,0,1,0,0,0,0
SBERT+HC__jayme__10010000009430,sbert_hc_K20,SBERT+HC,jayme,10010000009430,message_send.other.cannot_or_fail,remixOS基于安卓的电脑平台使用该软件，无法发送表情,21,10010000008112,别人在聊天中发送PNG格式的文件无法直接打开,message_send.chat.cannot_or_fail,jayme__C6,jayme__C18,0.044318,0,1,1,0,0,0,0
SBERT+HC__jayme__10010000009430,sbert_hc_K20,SBERT+HC,jayme,10010000009430,message_send.other.cannot_or_fail,remixOS基于安卓的电脑平台使用该软件，无法发送表情,22,10010000008517,聊天框内单个复制表情时，当数量达到一定数值时，软件会闪退,message_send.chat.crash,jayme__C16,jayme__C18,0.041688,0,1,1,0,0,0,0
SBERT+HC__jayme__10010000009430,sbert_hc_K20,SBERT+HC,jayme,10010000009430,message_send.other.cannot_or_fail,remixOS基于安卓的电脑平台使用该软件，无法发送表情,23,10010000009572,杰迷吧的音乐播放问题相当严重。音乐播放后就在后台运行了，退出app后重新进入该页面，可重新播放歌曲（此时上一首歌仍在播放中），几首歌曲…,playback.page_view.other,jayme__C4,jayme__C18,0.011808,0,0,1,0,0,0,0
LLMCluster__jayme__10010000009430,llmcluster_glm-4-air,LLMCluster,jayme,10010000009430,message_send.other.cannot_or_fail,remixOS基于安卓的电脑平台使用该软件，无法发送表情,1,10010000009607,一个人无法发起群聊，即无法建群。但是却可以存在一个人的群。,groupchat.chat.cannot_or_fail,jayme__C11,jayme__C6,0.059117,0,0,1,0,0,0,0
LLMCluster__jayme__10010000009430,llmcluster_glm-4-air,LLMCluster,jayme,10010000009430,message_send.other.cannot_or_fail,remixOS基于安卓的电脑平台使用该软件，无法发送表情,2,10010000009145,通过搜索群号的方式加群，由于会匹配群名称，但搜索结果中没有标出群号，无法辨别想要根据群号码加的对应群。,search.other.cannot_or_fail,jayme__C12,jayme__C6,0.025654,0,0,1,0,0,0,0
LLMCluster__jayme__10010000009430,llmcluster_glm-4-air,LLMCluster,jayme,10010000009430,message_send.other.cannot_or_fail,remixOS基于安卓的电脑平台使用该软件，无法发送表情,3,10010000010020,软件无法正常读取手机信息，无法正常传上去文件,other.other.cannot_or_fail,jayme__C6,jayme__C6,0.072335,0,0,0,0,0,0,0
LLMCluster__jayme__10010000009430,llmcluster_glm-4-air,LLMCluster,jayme,10010000009430,message_send.other.cannot_or_fail,remixOS基于安卓的电脑平台使用该软件，无法发送表情,4,10010000008723,该bug比较严重。个人是在网络环境比较好的实验室环境下测试的，手机运行正常，但是使用该软件在进行加入群，创建群，打开群设置，查看用户主…,groupchat.page_view.other,jayme__C6,jayme__C6,0.081429,0,0,0,0,0,0,0
LLMCluster__jayme__10010000009430,llmcluster_glm-4-air,LLMCluster,jayme,10010000009430,message_send.other.cannot_or_fail,remixOS基于安卓的电脑平台使用该软件，无法发送表情,5,10010000009182,当群主发送具有表情的群公告，聊天界面是无法显示表情，只能看到文字。但是群组设置是可以看到表情的。,groupchat.page_view.cannot_or_fail,jayme__C10,jayme__C6,0.06507,0,0,1,0,0,0,0
LLMCluster__jayme__10010000009430,llmcluster_glm-4-air,LLMCluster,jayme,10010000009430,message_send.other.cannot_or_fail,remixOS基于安卓的电脑平台使用该软件，无法发送表情,6,10010000009950,测试“表情”时，发现在向文本框发送输入表情，还未发送，历史表情记录中，已有这些表情。用户体验差，必现，严重程度较轻,message_send.input_box.other,jayme__C3,jayme__C6,0.077181,0,1,1,0,0,0,0
LLMCluster__jayme__10010000009430,llmcluster_glm-4-air,LLMCluster,jayme,10010000009430,message_send.other.cannot_or_fail,remixOS基于安卓的电脑平台使用该软件，无法发送表情,7,10010000008781,修改群公告为表情。群内无法正常显示群公告内容，并且表情显示为系统自带表情,other.other.cannot_or_fail,jayme__C10,jayme__C6,0.051085,0,0,1,0,0,0,0
LLMCluster__jayme__10010000009430,llmcluster_glm-4-air,LLMCluster,jayme,10010000009430,message_send.other.cannot_or_fail,remixOS基于安卓的电脑平台使用该软件，无法发送表情,8,10010000009424,在RemixOS（基于安卓5.1）X86设备环境下，无法发送表情。,message_send.other.cannot_or_fail,jayme__C6,jayme__C6,0.461554,1,1,0,0,0,0,0
LLMCluster__jayme__10010000009430,llmcluster_glm-4-air,LLMCluster,jayme,10010000009430,message_send.other.cannot_or_fail,remixOS基于安卓的电脑平台使用该软件，无法发送表情,9,10010000008667,通过表情查找群聊名称，不能查找匹配到对应的表情，而是会出现许多不与查找表情相同的群聊,search.chat.cannot_or_fail,jayme__C8,jayme__C6,0.042249,0,0,1,0,0,0,0
LLMCluster__jayme__10010000009430,llmcluster_glm-4-air,LLMCluster,jayme,10010000009430,message_send.other.cannot_or_fail,remixOS基于安卓的电脑平台使用该软件，无法发送表情,10,10010000008880,快捷回复出现之后，用户选择一句话进行发送。语句直接发送出去。我认为快捷回复的内容应该先跳转到发送消息的文本框内，经用户确认之后再进行发…,message_send.input_box.other,jayme__C12,jayme__C6,0.043678,0,1,1,0,0,0,0
LLMCluster__jayme__10010000009430,llmcluster_glm-4-air,LLMCluster,jayme,10010000009430,message_send.other.cannot_or_fail,remixOS基于安卓的电脑平台使用该软件，无法发送表情,11,10010000008518,群聊时，群聊表情不能收藏，而且静态表情里没有收藏本地表情的体验，长按表情也不能进行保存,groupchat.chat.cannot_or_fail,jayme__C10,jayme__C6,0.049633,0,0,1,0,0,0,0
LLMCluster__jayme__10010000009430,llmcluster_glm-4-air,LLMCluster,jayme,10010000009430,message_send.other.cannot_or_fail,remixOS基于安卓的电脑平台使用该软件，无法发送表情,12,10010000009007,功能不齐全：表情无法增加自己想要的表情包，只有有限的表情，需要增加新的表情包无途径和按钮。,other.button_icon.cannot_or_fail,jayme__C12,jayme__C6,0.056779,0,0,1,0,0,0,0
LLMCluster__jayme__10010000009430,llmcluster_glm-4-air,LLMCluster,jayme,10010000009430,message_send.other.cannot_or_fail,remixOS基于安卓的电脑平台使用该软件，无法发送表情,13,10010000008227,注册时输入不进去@，无法用邮箱进行注册,register.other.cannot_or_fail,jayme__C4,jayme__C6,0.036284,0,0,1,0,0,0,0
LLMCluster__jayme__10010000009430,llmcluster_glm-4-air,LLMCluster,jayme,10010000009430,message_send.other.cannot_or_fail,remixOS基于安卓的电脑平台使用该软件，无法发送表情,14,10010000009531,发送表情时，只能输入四行表情，无法在多输入！！！,message_send.other.cannot_or_fail,jayme__C5,jayme__C6,0.131113,1,1,1,1,1,1,1
LLMCluster__jayme__10010000009430,llmcluster_glm-4-air,LLMCluster,jayme,10010000009430,message_send.other.cannot_or_fail,remixOS基于安卓的电脑平台使用该软件，无法发送表情,15,10010000008493,当表情不可用之后，使用复制功能对对方发送的表情进行复制，粘贴。聊天框中显示的是代码，所以如果用户有需求对表情进行编辑，那么他可能需要全…,message_send.chat.other,jayme__C6,jayme__C6,0.055936,0,1,0,0,0,0,0
LLMCluster__jayme__10010000009430,llmcluster_glm-4-air,LLMCluster,jayme,10010000009430,message_send.other.cannot_or_fail,remixOS基于安卓的电脑平台使用该软件，无法发送表情,16,10010000008517,聊天框内单个复制表情时，当数量达到一定数值时，软件会闪退,message_send.chat.crash,jayme__C6,jayme__C6,0.041688,0,1,0,0,0,0,0
LLMCluster__jayme__10010000009430,llmcluster_glm-4-air,LLMCluster,jayme,10010000009430,message_send.other.cannot_or_fail,remixOS基于安卓的电脑平台使用该软件，无法发送表情,17,10010000008668,复制表情后。聊天框内显示为系统自带表情,message_send.chat.other,jayme__C6,jayme__C6,0.042003,0,1,0,0,0,0,0
LLMCluster__jayme__10010000009430,llmcluster_glm-4-air,LLMCluster,jayme,10010000009430,message_send.other.cannot_or_fail,remixOS基于安卓的电脑平台使用该软件，无法发送表情,18,10010000008338,当使用手机号注册新的用户账号时，没有密码可见的小眼睛，输入密码时只有小圆点，无法查看到输入的具体密码。这样很容易使得用户注册时不小心打…,register.other.cannot_or_fail,jayme__C4,jayme__C6,0.033136,0,0,1,0,0,0,0
LLMCluster__jayme__10010000009430,llmcluster_glm-4-air,LLMCluster,jayme,10010000009430,message_send.other.cannot_or_fail,remixOS基于安卓的电脑平台使用该软件，无法发送表情,19,10010000008399,复制表情后在聊天框中粘贴无法正常显示为表情,message_send.chat.cannot_or_fail,jayme__C6,jayme__C6,0.055281,0,1,0,0,0,0,0
LLMCluster__jayme__10010000009430,llmcluster_glm-4-air,LLMCluster,jayme,10010000009430,message_send.other.cannot_or_fail,remixOS基于安卓的电脑平台使用该软件，无法发送表情,20,10010000009221,表情在文本框上的时候发送了变化。如果用户忘记了刚刚点击的是什么表情，而表情在文本框上也变得难以辨识。那么用户就要删除文本框上的表情进行…,message_send.input_box.other,jayme__C12,jayme__C6,0.048471,0,1,1,0,0,0,0
LLMCluster__jayme__10010000009430,llmcluster_glm-4-air,LLMCluster,jayme,10010000009430,message_send.other.cannot_or_fail,remixOS基于安卓的电脑平台使用该软件，无法发送表情,21,10010000008067,复制表情，在聊天框中粘贴后，无法显示为表情，只能显示表情代码。,message_send.chat.cannot_or_fail,jayme__C3,jayme__C6,0.074863,0,1,1,0,0,0,0
LLMCluster__jayme__10010000009430,llmcluster_glm-4-air,LLMCluster,jayme,10010000009430,message_send.other.cannot_or_fail,remixOS基于安卓的电脑平台使用该软件，无法发送表情,22,10010000008323,正常登陆软件点击创建群组后，创建群组名称时，输入超过64个字符后再输入的内容无法正常显示在对话框中。,groupchat.chat.cannot_or_fail,jayme__C5,jayme__C6,0.030445,0,0,1,0,0,0,0
LLMCluster__jayme__10010000009430,llmcluster_glm-4-air,LLMCluster,jayme,10010000009430,message_send.other.cannot_or_fail,remixOS基于安卓的电脑平台使用该软件，无法发送表情,23,10010000007514,步骤2后使用邮箱注册时，无法输入@符号及其以后的信息，见截图1，因此无法通过邮箱进行注册,register.other.cannot_input,jayme__C4,jayme__C6,0.043329,0,0,1,0,0,0,0
LLMCluster__jayme__10010000009430,llmcluster_glm-4-air,LLMCluster,jayme,10010000009430,message_send.other.cannot_or_fail,remixOS基于安卓的电脑平台使用该软件，无法发送表情,24,10010000008601,表情发送:用键盘上的表情发现与填写不符合,message_send.input_box.other,jayme__C5,jayme__C6,0.065963,0,1,1,0,0,0,0
LLMCluster__jayme__10010000009430,llmcluster_glm-4-air,LLMCluster,jayme,10010000009430,message_send.other.cannot_or_fail,remixOS基于安卓的电脑平台使用该软件，无法发送表情,25,10010000008868,在新用户邀请好友创建完群组后，在群设置中设置群消息免打扰的模式时，设置完之后App提示请稍后过于快速，无法使用户看清设置结果，影响用户体验。,groupchat.page_view.cannot_or_fail,jayme__C2,jayme__C6,0.03359,0,0,1,0,0,0,0
LLMCluster__jayme__10010000009430,llmcluster_glm-4-air,LLMCluster,jayme,10010000009430,message_send.other.cannot_or_fail,remixOS基于安卓的电脑平台使用该软件，无法发送表情,26,10010000008851,进行步骤1时，只能输入数字，无法输入字母和符号。所以无法完成注册。,register.other.cannot_input,jayme__C4,jayme__C6,0.037021,0,0,1,0,0,0,0
LLMCluster__jayme__10010000009430,llmcluster_glm-4-air,LLMCluster,jayme,10010000009430,message_send.other.cannot_or_fail,remixOS基于安卓的电脑平台使用该软件，无法发送表情,27,10010000009265,点击搜索，然后查找群，点击查找群，无法点击，点击放大镜才能进入，给用户造成误导。,search.other.cannot_or_fail,jayme__C5,jayme__C6,0.02624,0,0,1,0,0,0,0
LLMCluster__jayme__10010000009430,llmcluster_glm-4-air,LLMCluster,jayme,10010000009430,message_send.other.cannot_or_fail,remixOS基于安卓的电脑平台使用该软件，无法发送表情,28,10010000008519,复制表情后，在聊天框粘贴，粘贴出现的表情是系统自带的样式，而不是应用内的表情样式。,message_send.chat.other,jayme__C6,jayme__C6,0.042851,0,1,0,0,0,0,0
TFIDF+HC__jayme__10010000008868,tfidf_hc_K20,TFIDF+HC,jayme,10010000008868,groupchat.page_view.cannot_or_fail,在新用户邀请好友创建完群组后，在群设置中设置群消息免打扰的模式时，设置完之后App提示请稍后过于快速，无法使用户看清设置结果，影响用户体验。,1,10010000009047,测试“消息免打扰”时，提示界面闪现，看不清所提示内容，用户体验差，问题严重。,message_send.page_view.other,jayme__C11,jayme__C4,0.114392,0,0,1,0,0,0,0
TFIDF+HC__jayme__10010000008868,tfidf_hc_K20,TFIDF+HC,jayme,10010000008868,groupchat.page_view.cannot_or_fail,在新用户邀请好友创建完群组后，在群设置中设置群消息免打扰的模式时，设置完之后App提示请稍后过于快速，无法使用户看清设置结果，影响用户体验。,2,10010000009529,在群设置中，清空聊天记录，可在聊天记录中还有,message_send.page_view.other,jayme__C0,jayme__C4,0.120949,0,0,1,0,0,0,0
TFIDF+HC__jayme__10010000008868,tfidf_hc_K20,TFIDF+HC,jayme,10010000008868,groupchat.page_view.cannot_or_fail,在新用户邀请好友创建完群组后，在群设置中设置群消息免打扰的模式时，设置完之后App提示请稍后过于快速，无法使用户看清设置结果，影响用户体验。,3,10010000008888,有时不能选择消息免打扰，或选择反应迟缓,message_send.chat.cannot_or_fail,jayme__C11,jayme__C4,0.073238,0,0,1,0,0,0,0
TFIDF+HC__jayme__10010000008868,tfidf_hc_K20,TFIDF+HC,jayme,10010000008868,groupchat.page_view.cannot_or_fail,在新用户邀请好友创建完群组后，在群设置中设置群消息免打扰的模式时，设置完之后App提示请稍后过于快速，无法使用户看清设置结果，影响用户体验。,4,10010000009160,如图在群组设置中选择退出群 ，然后确认退出群 自己的群消息助手中会提示“你退出了‘东大荒’”。但是群主不会接收到群成全退群提示。,groupchat.page_view.other,jayme__C11,jayme__C4,0.074291,0,1,1,0,0,0,0
TFIDF+HC__jayme__10010000008868,tfidf_hc_K20,TFIDF+HC,jayme,10010000008868,groupchat.page_view.cannot_or_fail,在新用户邀请好友创建完群组后，在群设置中设置群消息免打扰的模式时，设置完之后App提示请稍后过于快速，无法使用户看清设置结果，影响用户体验。,5,10010000008323,正常登陆软件点击创建群组后，创建群组名称时，输入超过64个字符后再输入的内容无法正常显示在对话框中。,groupchat.chat.cannot_or_fail,jayme__C2,jayme__C4,0.068231,0,1,1,0,0,0,0
TFIDF+HC__jayme__10010000008868,tfidf_hc_K20,TFIDF+HC,jayme,10010000008868,groupchat.page_view.cannot_or_fail,在新用户邀请好友创建完群组后，在群设置中设置群消息免打扰的模式时，设置完之后App提示请稍后过于快速，无法使用户看清设置结果，影响用户体验。,6,10010000009223,群组管理员不能将已经加入群的成员踢出群。 管理员应该有权限踢出不良成员， 这样才能保持群一定的安全性和较好聊天环境。 我觉得这很重要。…,groupchat.page_view.permission,jayme__C17,jayme__C4,0.012134,0,1,1,0,0,0,0
TFIDF+HC__jayme__10010000008868,tfidf_hc_K20,TFIDF+HC,jayme,10010000008868,groupchat.page_view.cannot_or_fail,在新用户邀请好友创建完群组后，在群设置中设置群消息免打扰的模式时，设置完之后App提示请稍后过于快速，无法使用户看清设置结果，影响用户体验。,7,10010000008910,群组设置中多次快速切换，消息免打扰存在性能问题，会造成无提示界面始终等待,groupchat.page_view.no_prompt,jayme__C11,jayme__C4,0.134853,0,1,1,0,1,0,0
TFIDF+HC__jayme__10010000008868,tfidf_hc_K20,TFIDF+HC,jayme,10010000008868,groupchat.page_view.cannot_or_fail,在新用户邀请好友创建完群组后，在群设置中设置群消息免打扰的模式时，设置完之后App提示请稍后过于快速，无法使用户看清设置结果，影响用户体验。,8,10010000008898,在群设置里面，设置消息免打扰，提示时间太短，还没看完就看不到了,message_send.page_view.other,jayme__C11,jayme__C4,0.208176,0,0,1,0,0,0,0
TFIDF+HC__jayme__10010000008868,tfidf_hc_K20,TFIDF+HC,jayme,10010000008868,groupchat.page_view.cannot_or_fail,在新用户邀请好友创建完群组后，在群设置中设置群消息免打扰的模式时，设置完之后App提示请稍后过于快速，无法使用户看清设置结果，影响用户体验。,9,10010000008918,设置群成员为该群管理员时，没有相应的设置群管理员消息提示。,groupchat.page_view.other,jayme__C17,jayme__C4,0.124488,0,1,1,0,0,1,0
TFIDF+HC__jayme__10010000008868,tfidf_hc_K20,TFIDF+HC,jayme,10010000008868,groupchat.page_view.cannot_or_fail,在新用户邀请好友创建完群组后，在群设置中设置群消息免打扰的模式时，设置完之后App提示请稍后过于快速，无法使用户看清设置结果，影响用户体验。,10,10010000009051,由于APP内没有被加群的相关中设置，用户可以被任意用户拉进群聊，即使把对方拉入黑名单，对方也是有权拉人进群，可能会造成一些骚扰。,groupchat.page_view.other,jayme__C14,jayme__C4,0.104458,0,1,1,0,0,0,0
TFIDF+HC__jayme__10010000008868,tfidf_hc_K20,TFIDF+HC,jayme,10010000008868,groupchat.page_view.cannot_or_fail,在新用户邀请好友创建完群组后，在群设置中设置群消息免打扰的模式时，设置完之后App提示请稍后过于快速，无法使用户看清设置结果，影响用户体验。,11,10010000009306,在群设置中 点击聊天记录 之后再历史消息中点击查看更多消息之后往下翻 就会发现 聊天记录时间抽错乱 如下图所示,message_send.page_view.other,jayme__C0,jayme__C4,0.087054,0,0,1,0,0,0,0
TFIDF+HC__jayme__10010000008868,tfidf_hc_K20,TFIDF+HC,jayme,10010000008868,groupchat.page_view.cannot_or_fail,在新用户邀请好友创建完群组后，在群设置中设置群消息免打扰的模式时，设置完之后App提示请稍后过于快速，无法使用户看清设置结果，影响用户体验。,12,10010000008141,在进行群消息设置时，点击 消息免打扰页面，会有一个diaLog弹出，但是生存周期太短，会让用户误以为存在其他问题。,message_send.page_view.other,jayme__C11,jayme__C4,0.105157,0,0,1,0,0,0,0
TFIDF+HC__jayme__10010000008868,tfidf_hc_K20,TFIDF+HC,jayme,10010000008868,groupchat.page_view.cannot_or_fail,在新用户邀请好友创建完群组后，在群设置中设置群消息免打扰的模式时，设置完之后App提示请稍后过于快速，无法使用户看清设置结果，影响用户体验。,13,10010000008197,正常登陆软件点击创建群组后，进入选择联系人界面，一次性添加成员超过20时，显示请求的数据超过系统限制。,groupchat.page_view.other,jayme__C2,jayme__C4,0.064458,0,1,1,0,0,0,0
TFIDF+HC__jayme__10010000008868,tfidf_hc_K20,TFIDF+HC,jayme,10010000008868,groupchat.page_view.cannot_or_fail,在新用户邀请好友创建完群组后，在群设置中设置群消息免打扰的模式时，设置完之后App提示请稍后过于快速，无法使用户看清设置结果，影响用户体验。,14,10010000008097,创建群组，邀请好友进入群。被邀人都不用同意，直接被拉进群里面，这样不能保证被邀请人是否有意愿加入，加群限制，只是群主限制是否可以让别人进入。,groupchat.chat.cannot_or_fail,jayme__C14,jayme__C4,0.067718,0,1,1,0,0,0,0
TFIDF+HC__jayme__10010000008868,tfidf_hc_K20,TFIDF+HC,jayme,10010000008868,groupchat.page_view.cannot_or_fail,在新用户邀请好友创建完群组后，在群设置中设置群消息免打扰的模式时，设置完之后App提示请稍后过于快速，无法使用户看清设置结果，影响用户体验。,15,10010000008482,注册时收到的短信验证码输入后显示短信验证码不正确，不能使用手机号注册，严重影响APP的功能体验。,register.other.wrong_value,jayme__C4,jayme__C4,0.091436,0,0,0,0,0,0,0
TFIDF+HC__jayme__10010000008868,tfidf_hc_K20,TFIDF+HC,jayme,10010000008868,groupchat.page_view.cannot_or_fail,在新用户邀请好友创建完群组后，在群设置中设置群消息免打扰的模式时，设置完之后App提示请稍后过于快速，无法使用户看清设置结果，影响用户体验。,16,10010000009483,1，邀请好友加群时，自动加入，无需被邀请者同意。,other.chat.other,jayme__C14,jayme__C4,0.09758,0,0,1,0,0,0,0
TFIDF+HC__jayme__10010000008868,tfidf_hc_K20,TFIDF+HC,jayme,10010000008868,groupchat.page_view.cannot_or_fail,在新用户邀请好友创建完群组后，在群设置中设置群消息免打扰的模式时，设置完之后App提示请稍后过于快速，无法使用户看清设置结果，影响用户体验。,17,10010000008836,在群组设置中，在查看群公告时，并不能查看历史公告，历史群公告并没有保存，用户只能在历史信息中查看，在用户体验方面，给用户带来非常的不便。,groupchat.page_view.cannot_or_fail,jayme__C0,jayme__C4,0.111034,1,1,1,1,1,1,1
TFIDF+HC__jayme__10010000008868,tfidf_hc_K20,TFIDF+HC,jayme,10010000008868,groupchat.page_view.cannot_or_fail,在新用户邀请好友创建完群组后，在群设置中设置群消息免打扰的模式时，设置完之后App提示请稍后过于快速，无法使用户看清设置结果，影响用户体验。,18,10010000008887,选中好友后进入创建群组界面，刚进入时群名称三个字会闪，用户体验不好,groupchat.page_view.other,jayme__C9,jayme__C4,0.079311,0,1,1,0,0,0,0
TFIDF+HC__jayme__10010000008868,tfidf_hc_K20,TFIDF+HC,jayme,10010000008868,groupchat.page_view.cannot_or_fail,在新用户邀请好友创建完群组后，在群设置中设置群消息免打扰的模式时，设置完之后App提示请稍后过于快速，无法使用户看清设置结果，影响用户体验。,19,10010000008277,当用手机号注册新用户账号的时候，注册时验证码位数过长，不是一般APP的六位数字，影响用户体验。,register.other.other,jayme__C4,jayme__C4,0.172168,0,0,0,0,0,0,0
TFIDF+HC__jayme__10010000008868,tfidf_hc_K20,TFIDF+HC,jayme,10010000008868,groupchat.page_view.cannot_or_fail,在新用户邀请好友创建完群组后，在群设置中设置群消息免打扰的模式时，设置完之后App提示请稍后过于快速，无法使用户看清设置结果，影响用户体验。,20,10010000008876,建群之后在群组设置界面点击消息免打扰，出现的提示框信息时间太短，一闪而过,groupchat.page_view.other,jayme__C11,jayme__C4,0.131138,0,1,1,0,1,1,1
TFIDF+HC__jayme__10010000008868,tfidf_hc_K20,TFIDF+HC,jayme,10010000008868,groupchat.page_view.cannot_or_fail,在新用户邀请好友创建完群组后，在群设置中设置群消息免打扰的模式时，设置完之后App提示请稍后过于快速，无法使用户看清设置结果，影响用户体验。,21,10010000009340,对于群消息的提示，不是免打扰就是所有消息都提示，不能屏蔽,message_send.chat.cannot_or_fail,jayme__C11,jayme__C4,0.080302,0,0,1,0,0,0,0
TFIDF+HC__jayme__10010000008868,tfidf_hc_K20,TFIDF+HC,jayme,10010000008868,groupchat.page_view.cannot_or_fail,在新用户邀请好友创建完群组后，在群设置中设置群消息免打扰的模式时，设置完之后App提示请稍后过于快速，无法使用户看清设置结果，影响用户体验。,22,10010000008745,在群组设置中，点击消息免打扰会弹出，一个框，里边是信息免打扰提示，当框的生命周期存在时间比较短，所以用户会误认为出现问题。,groupchat.page_view.other,jayme__C11,jayme__C4,0.132695,0,1,1,0,1,1,1
TFIDF+HC__jayme__10010000008868,tfidf_hc_K20,TFIDF+HC,jayme,10010000008868,groupchat.page_view.cannot_or_fail,在新用户邀请好友创建完群组后，在群设置中设置群消息免打扰的模式时，设置完之后App提示请稍后过于快速，无法使用户看清设置结果，影响用户体验。,23,10010000009119,用户更改头像后，在群聊天的界面不能显示更改后的头像信息,groupchat.page_view.cannot_or_fail,jayme__C13,jayme__C4,0.062218,1,1,1,1,1,1,1
TFIDF+HC__jayme__10010000008868,tfidf_hc_K20,TFIDF+HC,jayme,10010000008868,groupchat.page_view.cannot_or_fail,在新用户邀请好友创建完群组后，在群设置中设置群消息免打扰的模式时，设置完之后App提示请稍后过于快速，无法使用户看清设置结果，影响用户体验。,24,10010000007953,当邀请好友加入群聊时，一次最多邀请20个，但挑选好友是可以挑选多余于20个，只有在确定后才会告诉用户不能选择多于20个，当用户第一次使…,groupchat.chat.cannot_or_fail,jayme__C2,jayme__C4,0.081167,0,1,1,0,0,0,0
TFIDF+HC__jayme__10010000008868,tfidf_hc_K20,TFIDF+HC,jayme,10010000008868,groupchat.page_view.cannot_or_fail,在新用户邀请好友创建完群组后，在群设置中设置群消息免打扰的模式时，设置完之后App提示请稍后过于快速，无法使用户看清设置结果，影响用户体验。,25,10010000007880,群聊的设置中无法设置管理员的，却有设置需管理员同意的相关设置,groupchat.page_view.cannot_or_fail,jayme__C17,jayme__C4,0.159871,1,1,1,1,1,1,1
TFIDF+HC__jayme__10010000008868,tfidf_hc_K20,TFIDF+HC,jayme,10010000008868,groupchat.page_view.cannot_or_fail,在新用户邀请好友创建完群组后，在群设置中设置群消息免打扰的模式时，设置完之后App提示请稍后过于快速，无法使用户看清设置结果，影响用户体验。,26,10010000009155,在好友的聊天设置里，开启消息免打扰的提示时间太短,message_send.page_view.other,jayme__C11,jayme__C4,0.153734,0,0,1,0,0,0,0
TFIDF+HC__jayme__10010000008868,tfidf_hc_K20,TFIDF+HC,jayme,10010000008868,groupchat.page_view.cannot_or_fail,在新用户邀请好友创建完群组后，在群设置中设置群消息免打扰的模式时，设置完之后App提示请稍后过于快速，无法使用户看清设置结果，影响用户体验。,27,10010000009212,当用户使用消息免打扰时，当群再次发来消息时，只显示消息，不振动，不提醒。,message_send.chat.other,jayme__C11,jayme__C4,0.103398,0,0,1,0,0,0,0
TFIDF+HC__jayme__10010000008868,tfidf_hc_K20,TFIDF+HC,jayme,10010000008868,groupchat.page_view.cannot_or_fail,在新用户邀请好友创建完群组后，在群设置中设置群消息免打扰的模式时，设置完之后App提示请稍后过于快速，无法使用户看清设置结果，影响用户体验。,28,10010000008172,群公告只能保留当前的内容，历史群公告不能保存。严重影响用户体验。下图是当前一条群公告。,other.other.cannot_or_fail,jayme__C0,jayme__C4,0.083401,0,0,1,0,0,0,0
TFIDF+HC__jayme__10010000008868,tfidf_hc_K20,TFIDF+HC,jayme,10010000008868,groupchat.page_view.cannot_or_fail,在新用户邀请好友创建完群组后，在群设置中设置群消息免打扰的模式时，设置完之后App提示请稍后过于快速，无法使用户看清设置结果，影响用户体验。,29,10010000008418,"步骤1中，进入更多，测试""消息免打扰""时，提示界面闪现，看不清所提示内容，用户体验差。",message_send.page_view.other,jayme__C11,jayme__C4,0.107797,0,0,1,0,0,0,0
SBERT+HC__jayme__10010000008868,sbert_hc_K20,SBERT+HC,jayme,10010000008868,groupchat.page_view.cannot_or_fail,在新用户邀请好友创建完群组后，在群设置中设置群消息免打扰的模式时，设置完之后App提示请稍后过于快速，无法使用户看清设置结果，影响用户体验。,1,10010000009529,在群设置中，清空聊天记录，可在聊天记录中还有,message_send.page_view.other,jayme__C1,jayme__C0,0.120949,0,0,1,0,0,0,0
SBERT+HC__jayme__10010000008868,sbert_hc_K20,SBERT+HC,jayme,10010000008868,groupchat.page_view.cannot_or_fail,在新用户邀请好友创建完群组后，在群设置中设置群消息免打扰的模式时，设置完之后App提示请稍后过于快速，无法使用户看清设置结果，影响用户体验。,2,10010000008418,"步骤1中，进入更多，测试""消息免打扰""时，提示界面闪现，看不清所提示内容，用户体验差。",message_send.page_view.other,jayme__C3,jayme__C0,0.107797,0,0,1,0,0,0,0
SBERT+HC__jayme__10010000008868,sbert_hc_K20,SBERT+HC,jayme,10010000008868,groupchat.page_view.cannot_or_fail,在新用户邀请好友创建完群组后，在群设置中设置群消息免打扰的模式时，设置完之后App提示请稍后过于快速，无法使用户看清设置结果，影响用户体验。,3,10010000008912,多次申请加群，管理员收到同一个人，同一个群的多条提醒，只需要处理其中任意一条即可，而不是如需求所说，以最后一条通知的处理结果为准。,notification.other.other,jayme__C13,jayme__C0,0.026161,0,0,1,0,0,0,0
SBERT+HC__jayme__10010000008868,sbert_hc_K20,SBERT+HC,jayme,10010000008868,groupchat.page_view.cannot_or_fail,在新用户邀请好友创建完群组后，在群设置中设置群消息免打扰的模式时，设置完之后App提示请稍后过于快速，无法使用户看清设置结果，影响用户体验。,4,10010000007989,新建群聊后设置名称和加群方式后不能继续添加其他信息，希望可以让群建设者完善群介绍等后才创建群聊，可以让所有入群者知道群是干啥的。,groupchat.page_view.cannot_or_fail,jayme__C0,jayme__C0,0.073229,1,1,0,0,0,0,0
SBERT+HC__jayme__10010000008868,sbert_hc_K20,SBERT+HC,jayme,10010000008868,groupchat.page_view.cannot_or_fail,在新用户邀请好友创建完群组后，在群设置中设置群消息免打扰的模式时，设置完之后App提示请稍后过于快速，无法使用户看清设置结果，影响用户体验。,5,10010000008887,选中好友后进入创建群组界面，刚进入时群名称三个字会闪，用户体验不好,groupchat.page_view.other,jayme__C0,jayme__C0,0.079311,0,1,0,0,0,0,0
SBERT+HC__jayme__10010000008868,sbert_hc_K20,SBERT+HC,jayme,10010000008868,groupchat.page_view.cannot_or_fail,在新用户邀请好友创建完群组后，在群设置中设置群消息免打扰的模式时，设置完之后App提示请稍后过于快速，无法使用户看清设置结果，影响用户体验。,6,10010000009177,点击群设置里的清空聊天记录，预期结果应该是群里的聊天记录被清空，也无法通过查看聊天记录查看。但是实际结果是清空聊天记录后，聊天页面没有…,message_send.page_view.wrong_value,jayme__C1,jayme__C0,0.073254,0,0,1,0,0,0,0
SBERT+HC__jayme__10010000008868,sbert_hc_K20,SBERT+HC,jayme,10010000008868,groupchat.page_view.cannot_or_fail,在新用户邀请好友创建完群组后，在群设置中设置群消息免打扰的模式时，设置完之后App提示请稍后过于快速，无法使用户看清设置结果，影响用户体验。,7,10010000008745,在群组设置中，点击消息免打扰会弹出，一个框，里边是信息免打扰提示，当框的生命周期存在时间比较短，所以用户会误认为出现问题。,groupchat.page_view.other,jayme__C3,jayme__C0,0.132695,0,1,1,0,0,1,0
SBERT+HC__jayme__10010000008868,sbert_hc_K20,SBERT+HC,jayme,10010000008868,groupchat.page_view.cannot_or_fail,在新用户邀请好友创建完群组后，在群设置中设置群消息免打扰的模式时，设置完之后App提示请稍后过于快速，无法使用户看清设置结果，影响用户体验。,8,10010000008570,如图所示，发起群聊，添加好友，当添加好友超过指定数量时，没有在添加好友界面做出提示，而是在确定建群时才提示，而且提示信息不明确。,groupchat.page_view.wrong_value,jayme__C0,jayme__C0,0.04313,0,1,0,0,0,0,0
SBERT+HC__jayme__10010000008868,sbert_hc_K20,SBERT+HC,jayme,10010000008868,groupchat.page_view.cannot_or_fail,在新用户邀请好友创建完群组后，在群设置中设置群消息免打扰的模式时，设置完之后App提示请稍后过于快速，无法使用户看清设置结果，影响用户体验。,9,10010000008723,该bug比较严重。个人是在网络环境比较好的实验室环境下测试的，手机运行正常，但是使用该软件在进行加入群，创建群，打开群设置，查看用户主…,groupchat.page_view.other,jayme__C8,jayme__C0,0.074685,0,1,1,0,0,0,0
SBERT+HC__jayme__10010000008868,sbert_hc_K20,SBERT+HC,jayme,10010000008868,groupchat.page_view.cannot_or_fail,在新用户邀请好友创建完群组后，在群设置中设置群消息免打扰的模式时，设置完之后App提示请稍后过于快速，无法使用户看清设置结果，影响用户体验。,10,10010000009046,当发起群聊添加联系人21名时，依然能点击确定按钮，输入群名称后点击右上角按钮，群创建不成功但是没有提示,groupchat.button_icon.no_prompt,jayme__C0,jayme__C0,0.024167,0,1,0,0,0,0,0
SBERT+HC__jayme__10010000008868,sbert_hc_K20,SBERT+HC,jayme,10010000008868,groupchat.page_view.cannot_or_fail,在新用户邀请好友创建完群组后，在群设置中设置群消息免打扰的模式时，设置完之后App提示请稍后过于快速，无法使用户看清设置结果，影响用户体验。,11,10010000008876,建群之后在群组设置界面点击消息免打扰，出现的提示框信息时间太短，一闪而过,groupchat.page_view.other,jayme__C3,jayme__C0,0.131138,0,1,1,0,1,0,0
SBERT+HC__jayme__10010000008868,sbert_hc_K20,SBERT+HC,jayme,10010000008868,groupchat.page_view.cannot_or_fail,在新用户邀请好友创建完群组后，在群设置中设置群消息免打扰的模式时，设置完之后App提示请稍后过于快速，无法使用户看清设置结果，影响用户体验。,12,10010000009306,在群设置中 点击聊天记录 之后再历史消息中点击查看更多消息之后往下翻 就会发现 聊天记录时间抽错乱 如下图所示,message_send.page_view.other,jayme__C1,jayme__C0,0.087054,0,0,1,0,0,0,0
SBERT+HC__jayme__10010000008868,sbert_hc_K20,SBERT+HC,jayme,10010000008868,groupchat.page_view.cannot_or_fail,在新用户邀请好友创建完群组后，在群设置中设置群消息免打扰的模式时，设置完之后App提示请稍后过于快速，无法使用户看清设置结果，影响用户体验。,13,10010000009155,在好友的聊天设置里，开启消息免打扰的提示时间太短,message_send.page_view.other,jayme__C3,jayme__C0,0.153734,0,0,1,0,0,0,0
SBERT+HC__jayme__10010000008868,sbert_hc_K20,SBERT+HC,jayme,10010000008868,groupchat.page_view.cannot_or_fail,在新用户邀请好友创建完群组后，在群设置中设置群消息免打扰的模式时，设置完之后App提示请稍后过于快速，无法使用户看清设置结果，影响用户体验。,14,10010000009051,由于APP内没有被加群的相关中设置，用户可以被任意用户拉进群聊，即使把对方拉入黑名单，对方也是有权拉人进群，可能会造成一些骚扰。,groupchat.page_view.other,jayme__C0,jayme__C0,0.104458,0,1,0,0,0,0,0
SBERT+HC__jayme__10010000008868,sbert_hc_K20,SBERT+HC,jayme,10010000008868,groupchat.page_view.cannot_or_fail,在新用户邀请好友创建完群组后，在群设置中设置群消息免打扰的模式时，设置完之后App提示请稍后过于快速，无法使用户看清设置结果，影响用户体验。,15,10010000008711,发起群聊进入添加群成员界面是，重复点击一个群成员，成员头像出现闪屏现象,groupchat.page_view.other,jayme__C0,jayme__C0,0.008469,0,1,0,0,0,0,0
SBERT+HC__jayme__10010000008868,sbert_hc_K20,SBERT+HC,jayme,10010000008868,groupchat.page_view.cannot_or_fail,在新用户邀请好友创建完群组后，在群设置中设置群消息免打扰的模式时，设置完之后App提示请稍后过于快速，无法使用户看清设置结果，影响用户体验。,16,10010000009182,当群主发送具有表情的群公告，聊天界面是无法显示表情，只能看到文字。但是群组设置是可以看到表情的。,groupchat.page_view.cannot_or_fail,jayme__C16,jayme__C0,0.053978,1,1,1,1,1,1,1
SBERT+HC__jayme__10010000008868,sbert_hc_K20,SBERT+HC,jayme,10010000008868,groupchat.page_view.cannot_or_fail,在新用户邀请好友创建完群组后，在群设置中设置群消息免打扰的模式时，设置完之后App提示请稍后过于快速，无法使用户看清设置结果，影响用户体验。,17,10010000009625,点击清空聊天记录 在聊天记录里任然可以查看历史聊天,message_send.list_item.other,jayme__C1,jayme__C0,0.010743,0,0,1,0,0,0,0
SBERT+HC__jayme__10010000008868,sbert_hc_K20,SBERT+HC,jayme,10010000008868,groupchat.page_view.cannot_or_fail,在新用户邀请好友创建完群组后，在群设置中设置群消息免打扰的模式时，设置完之后App提示请稍后过于快速，无法使用户看清设置结果，影响用户体验。,18,10010000009157,聊天记录问题，后面加的群也能看到加入群之前的聊天记录,message_send.list_item.other,jayme__C1,jayme__C0,0.020055,0,0,1,0,0,0,0
SBERT+HC__jayme__10010000008868,sbert_hc_K20,SBERT+HC,jayme,10010000008868,groupchat.page_view.cannot_or_fail,在新用户邀请好友创建完群组后，在群设置中设置群消息免打扰的模式时，设置完之后App提示请稍后过于快速，无法使用户看清设置结果，影响用户体验。,19,10010000009212,当用户使用消息免打扰时，当群再次发来消息时，只显示消息，不振动，不提醒。,message_send.chat.other,jayme__C3,jayme__C0,0.103398,0,0,1,0,0,0,0
SBERT+HC__jayme__10010000008868,sbert_hc_K20,SBERT+HC,jayme,10010000008868,groupchat.page_view.cannot_or_fail,在新用户邀请好友创建完群组后，在群设置中设置群消息免打扰的模式时，设置完之后App提示请稍后过于快速，无法使用户看清设置结果，影响用户体验。,20,10010000009110,点击群设置里的查看聊天记录可以按时间查看记录。,message_send.page_view.other,jayme__C1,jayme__C0,0.074533,0,0,1,0,0,0,0
SBERT+HC__jayme__10010000008868,sbert_hc_K20,SBERT+HC,jayme,10010000008868,groupchat.page_view.cannot_or_fail,在新用户邀请好友创建完群组后，在群设置中设置群消息免打扰的模式时，设置完之后App提示请稍后过于快速，无法使用户看清设置结果，影响用户体验。,21,10010000009204,在群组设置里添加群成员，点击添加超过20人时没有提示超过上限或者不能继续点击，只有在点击确定时才有提示,groupchat.page_view.no_prompt,jayme__C0,jayme__C0,0.059338,0,1,0,0,0,0,0
SBERT+HC__jayme__10010000008868,sbert_hc_K20,SBERT+HC,jayme,10010000008868,groupchat.page_view.cannot_or_fail,在新用户邀请好友创建完群组后，在群设置中设置群消息免打扰的模式时，设置完之后App提示请稍后过于快速，无法使用户看清设置结果，影响用户体验。,22,10010000008866,在添加群组时，先点击要选择的联系人，然后把网络关掉，点击确定，此时仍可以进去创建群组界面，然后创建时才会提示网络连接不可用。应该在点击…,groupchat.page_view.other,jayme__C3,jayme__C0,0.041696,0,1,1,0,0,0,0
SBERT+HC__jayme__10010000008868,sbert_hc_K20,SBERT+HC,jayme,10010000008868,groupchat.page_view.cannot_or_fail,在新用户邀请好友创建完群组后，在群设置中设置群消息免打扰的模式时，设置完之后App提示请稍后过于快速，无法使用户看清设置结果，影响用户体验。,23,10010000009218,在创建群聊时，用户可以选择添加自己的好友加入群，也可以添加陌生人加入群，并且这种添加不需要经过被添加人的同意，即用户可以随意添加任何人…,groupchat.image_banner.other,jayme__C0,jayme__C0,0.040445,0,1,0,0,0,0,0
SBERT+HC__jayme__10010000008868,sbert_hc_K20,SBERT+HC,jayme,10010000008868,groupchat.page_view.cannot_or_fail,在新用户邀请好友创建完群组后，在群设置中设置群消息免打扰的模式时，设置完之后App提示请稍后过于快速，无法使用户看清设置结果，影响用户体验。,24,10010000009282,自己的好友不是通过自己加入某个群组时，你想邀请多个好友加入该群时，不显示该好友已经加入该群，自然可以选择邀请，然后提示该用户已加入群,groupchat.chat.display_missing,jayme__C0,jayme__C0,0.072509,0,1,0,0,0,0,0
SBERT+HC__jayme__10010000008868,sbert_hc_K20,SBERT+HC,jayme,10010000008868,groupchat.page_view.cannot_or_fail,在新用户邀请好友创建完群组后，在群设置中设置群消息免打扰的模式时，设置完之后App提示请稍后过于快速，无法使用户看清设置结果，影响用户体验。,25,10010000008714,点击群组，添加群组成员，未提示用户最大选择邀请用户数量，应在20位用户时将按钮置为不可用状态！对待用户不友好,groupchat.button_icon.no_prompt,jayme__C0,jayme__C0,0.091594,0,1,0,0,0,0,0
SBERT+HC__jayme__10010000008868,sbert_hc_K20,SBERT+HC,jayme,10010000008868,groupchat.page_view.cannot_or_fail,在新用户邀请好友创建完群组后，在群设置中设置群消息免打扰的模式时，设置完之后App提示请稍后过于快速，无法使用户看清设置结果，影响用户体验。,26,10010000008361,新建群添加好友一次性达到20个时就应该提示不能在添加！然而此还可以继续选择好友，在选择确认的时候才显示创建不符合！,other.chat.cannot_or_fail,jayme__C0,jayme__C0,0.035152,0,0,0,0,0,0,0
SBERT+HC__jayme__10010000008868,sbert_hc_K20,SBERT+HC,jayme,10010000008868,groupchat.page_view.cannot_or_fail,在新用户邀请好友创建完群组后，在群设置中设置群消息免打扰的模式时，设置完之后App提示请稍后过于快速，无法使用户看清设置结果，影响用户体验。,27,10010000009344,在创建群聊的时候，用户选择欲添加进群聊的人，系统设置每次最多添加20个用户，但是在选择添加进群聊的时候，用户在已经选择了20个用户的情…,groupchat.page_view.cannot_or_fail,jayme__C0,jayme__C0,0.076382,1,1,0,0,0,0,0
SBERT+HC__jayme__10010000008868,sbert_hc_K20,SBERT+HC,jayme,10010000008868,groupchat.page_view.cannot_or_fail,在新用户邀请好友创建完群组后，在群设置中设置群消息免打扰的模式时，设置完之后App提示请稍后过于快速，无法使用户看清设置结果，影响用户体验。,28,10010000009175,创建群组时，在勾选好友页面，当勾选的好友数抄错20时，点击确定按钮，仍可以跳转到群组设置页面，点击【确定】按钮才提示“数据超过限制”。,groupchat.button_icon.other,jayme__C0,jayme__C0,0.066282,0,1,0,0,0,0,0
SBERT+HC__jayme__10010000008868,sbert_hc_K20,SBERT+HC,jayme,10010000008868,groupchat.page_view.cannot_or_fail,在新用户邀请好友创建完群组后，在群设置中设置群消息免打扰的模式时，设置完之后App提示请稍后过于快速，无法使用户看清设置结果，影响用户体验。,29,10010000009333,断开手机网络，进行刷新，这时候，群组设置界面和正常联网一样，没有任何提示，但是，修改资料，却会提示网络不可用。应该在断网的情况下，刷新…,groupchat.page_view.other,jayme__C3,jayme__C0,0.051053,0,1,1,0,0,0,0
SBERT+HC__jayme__10010000008868,sbert_hc_K20,SBERT+HC,jayme,10010000008868,groupchat.page_view.cannot_or_fail,在新用户邀请好友创建完群组后，在群设置中设置群消息免打扰的模式时，设置完之后App提示请稍后过于快速，无法使用户看清设置结果，影响用户体验。,30,10010000008910,群组设置中多次快速切换，消息免打扰存在性能问题，会造成无提示界面始终等待,groupchat.page_view.no_prompt,jayme__C3,jayme__C0,0.134853,0,1,1,0,0,0,0
SBERT+HC__jayme__10010000008868,sbert_hc_K20,SBERT+HC,jayme,10010000008868,groupchat.page_view.cannot_or_fail,在新用户邀请好友创建完群组后，在群设置中设置群消息免打扰的模式时，设置完之后App提示请稍后过于快速，无法使用户看清设置结果，影响用户体验。,31,10010000008348,"在选择成员时,选中再取消用户的图标会闪烁",other.button_icon.other,jayme__C3,jayme__C0,0.028341,0,0,1,0,0,0,0
SBERT+HC__jayme__10010000008868,sbert_hc_K20,SBERT+HC,jayme,10010000008868,groupchat.page_view.cannot_or_fail,在新用户邀请好友创建完群组后，在群设置中设置群消息免打扰的模式时，设置完之后App提示请稍后过于快速，无法使用户看清设置结果，影响用户体验。,32,10010000008898,在群设置里面，设置消息免打扰，提示时间太短，还没看完就看不到了,message_send.page_view.other,jayme__C3,jayme__C0,0.208176,0,0,1,0,0,0,0
SBERT+HC__jayme__10010000008868,sbert_hc_K20,SBERT+HC,jayme,10010000008868,groupchat.page_view.cannot_or_fail,在新用户邀请好友创建完群组后，在群设置中设置群消息免打扰的模式时，设置完之后App提示请稍后过于快速，无法使用户看清设置结果，影响用户体验。,33,10010000008545,"新建群选择联系人时,超过了所规定的20人后,点击确定按钮,直接进入群信息填写页面,没有出现数量限制信息,和所描述的数量限制不符合。",other.button_icon.other,jayme__C0,jayme__C0,0.013854,0,0,0,0,0,0,0
SBERT+HC__jayme__10010000008868,sbert_hc_K20,SBERT+HC,jayme,10010000008868,groupchat.page_view.cannot_or_fail,在新用户邀请好友创建完群组后，在群设置中设置群消息免打扰的模式时，设置完之后App提示请稍后过于快速，无法使用户看清设置结果，影响用户体验。,34,10010000008197,正常登陆软件点击创建群组后，进入选择联系人界面，一次性添加成员超过20时，显示请求的数据超过系统限制。,groupchat.page_view.other,jayme__C0,jayme__C0,0.064458,0,1,0,0,0,0,0
SBERT+HC__jayme__10010000008868,sbert_hc_K20,SBERT+HC,jayme,10010000008868,groupchat.page_view.cannot_or_fail,在新用户邀请好友创建完群组后，在群设置中设置群消息免打扰的模式时，设置完之后App提示请稍后过于快速，无法使用户看清设置结果，影响用户体验。,35,10010000008141,在进行群消息设置时，点击 消息免打扰页面，会有一个diaLog弹出，但是生存周期太短，会让用户误以为存在其他问题。,message_send.page_view.other,jayme__C3,jayme__C0,0.105157,0,0,1,0,0,0,0
SBERT+HC__jayme__10010000008868,sbert_hc_K20,SBERT+HC,jayme,10010000008868,groupchat.page_view.cannot_or_fail,在新用户邀请好友创建完群组后，在群设置中设置群消息免打扰的模式时，设置完之后App提示请稍后过于快速，无法使用户看清设置结果，影响用户体验。,36,10010000008088,当用户发起群聊，进入搜索和群名设置，人员和群名全部重复，应用没有提示重复创建，而是重复建立多个相同群组,search.page_view.no_prompt,jayme__C0,jayme__C0,0.065226,0,0,0,0,0,0,0
SBERT+HC__jayme__10010000008868,sbert_hc_K20,SBERT+HC,jayme,10010000008868,groupchat.page_view.cannot_or_fail,在新用户邀请好友创建完群组后，在群设置中设置群消息免打扰的模式时，设置完之后App提示请稍后过于快速，无法使用户看清设置结果，影响用户体验。,37,10010000008024,正常登陆软件点击创建群组后，进入选择联系人界面，反复选择、取消联系人时，其头像出现不正常频繁性闪烁。,groupchat.page_view.other,jayme__C0,jayme__C0,0.041708,0,1,0,0,0,0,0
LLMCluster__jayme__10010000008868,llmcluster_glm-4-air,LLMCluster,jayme,10010000008868,groupchat.page_view.cannot_or_fail,在新用户邀请好友创建完群组后，在群设置中设置群消息免打扰的模式时，设置完之后App提示请稍后过于快速，无法使用户看清设置结果，影响用户体验。,1,10010000009483,1，邀请好友加群时，自动加入，无需被邀请者同意。,other.chat.other,jayme__C1,jayme__C2,0.09758,0,0,1,0,0,0,0
LLMCluster__jayme__10010000008868,llmcluster_glm-4-air,LLMCluster,jayme,10010000008868,groupchat.page_view.cannot_or_fail,在新用户邀请好友创建完群组后，在群设置中设置群消息免打扰的模式时，设置完之后App提示请稍后过于快速，无法使用户看清设置结果，影响用户体验。,2,10010000008172,群公告只能保留当前的内容，历史群公告不能保存。严重影响用户体验。下图是当前一条群公告。,other.other.cannot_or_fail,jayme__C2,jayme__C2,0.083401,0,0,0,0,0,0,0
LLMCluster__jayme__10010000008868,llmcluster_glm-4-air,LLMCluster,jayme,10010000008868,groupchat.page_view.cannot_or_fail,在新用户邀请好友创建完群组后，在群设置中设置群消息免打扰的模式时，设置完之后App提示请稍后过于快速，无法使用户看清设置结果，影响用户体验。,3,10010000008197,正常登陆软件点击创建群组后，进入选择联系人界面，一次性添加成员超过20时，显示请求的数据超过系统限制。,groupchat.page_view.other,jayme__C1,jayme__C2,0.064458,0,1,1,0,0,0,0
LLMCluster__jayme__10010000008868,llmcluster_glm-4-air,LLMCluster,jayme,10010000008868,groupchat.page_view.cannot_or_fail,在新用户邀请好友创建完群组后，在群设置中设置群消息免打扰的模式时，设置完之后App提示请稍后过于快速，无法使用户看清设置结果，影响用户体验。,4,10010000008910,群组设置中多次快速切换，消息免打扰存在性能问题，会造成无提示界面始终等待,groupchat.page_view.no_prompt,jayme__C2,jayme__C2,0.134853,0,1,0,0,0,0,0
LLMCluster__jayme__10010000008868,llmcluster_glm-4-air,LLMCluster,jayme,10010000008868,groupchat.page_view.cannot_or_fail,在新用户邀请好友创建完群组后，在群设置中设置群消息免打扰的模式时，设置完之后App提示请稍后过于快速，无法使用户看清设置结果，影响用户体验。,5,10010000009306,在群设置中 点击聊天记录 之后再历史消息中点击查看更多消息之后往下翻 就会发现 聊天记录时间抽错乱 如下图所示,message_send.page_view.other,jayme__C3,jayme__C2,0.087054,0,0,1,0,0,0,0
LLMCluster__jayme__10010000008868,llmcluster_glm-4-air,LLMCluster,jayme,10010000008868,groupchat.page_view.cannot_or_fail,在新用户邀请好友创建完群组后，在群设置中设置群消息免打扰的模式时，设置完之后App提示请稍后过于快速，无法使用户看清设置结果，影响用户体验。,6,10010000007880,群聊的设置中无法设置管理员的，却有设置需管理员同意的相关设置,groupchat.page_view.cannot_or_fail,jayme__C2,jayme__C2,0.159871,1,1,0,0,0,0,0
LLMCluster__jayme__10010000008868,llmcluster_glm-4-air,LLMCluster,jayme,10010000008868,groupchat.page_view.cannot_or_fail,在新用户邀请好友创建完群组后，在群设置中设置群消息免打扰的模式时，设置完之后App提示请稍后过于快速，无法使用户看清设置结果，影响用户体验。,7,10010000009051,由于APP内没有被加群的相关中设置，用户可以被任意用户拉进群聊，即使把对方拉入黑名单，对方也是有权拉人进群，可能会造成一些骚扰。,groupchat.page_view.other,jayme__C2,jayme__C2,0.104458,0,1,0,0,0,0,0
LLMCluster__jayme__10010000008868,llmcluster_glm-4-air,LLMCluster,jayme,10010000008868,groupchat.page_view.cannot_or_fail,在新用户邀请好友创建完群组后，在群设置中设置群消息免打扰的模式时，设置完之后App提示请稍后过于快速，无法使用户看清设置结果，影响用户体验。,8,10010000009047,测试“消息免打扰”时，提示界面闪现，看不清所提示内容，用户体验差，问题严重。,message_send.page_view.other,jayme__C2,jayme__C2,0.114392,0,0,0,0,0,0,0
LLMCluster__jayme__10010000008868,llmcluster_glm-4-air,LLMCluster,jayme,10010000008868,groupchat.page_view.cannot_or_fail,在新用户邀请好友创建完群组后，在群设置中设置群消息免打扰的模式时，设置完之后App提示请稍后过于快速，无法使用户看清设置结果，影响用户体验。,9,10010000008888,有时不能选择消息免打扰，或选择反应迟缓,message_send.chat.cannot_or_fail,jayme__C2,jayme__C2,0.073238,0,0,0,0,0,0,0
LLMCluster__jayme__10010000008868,llmcluster_glm-4-air,LLMCluster,jayme,10010000008868,groupchat.page_view.cannot_or_fail,在新用户邀请好友创建完群组后，在群设置中设置群消息免打扰的模式时，设置完之后App提示请稍后过于快速，无法使用户看清设置结果，影响用户体验。,10,10010000009809,查找群时，搜索框再左边点击不能搜索。用户体验不够好,search.other.cannot_or_fail,jayme__C5,jayme__C2,0.061034,0,0,1,0,0,0,0
LLMCluster__jayme__10010000008868,llmcluster_glm-4-air,LLMCluster,jayme,10010000008868,groupchat.page_view.cannot_or_fail,在新用户邀请好友创建完群组后，在群设置中设置群消息免打扰的模式时，设置完之后App提示请稍后过于快速，无法使用户看清设置结果，影响用户体验。,11,10010000009119,用户更改头像后，在群聊天的界面不能显示更改后的头像信息,groupchat.page_view.cannot_or_fail,jayme__C12,jayme__C2,0.062218,1,1,1,1,1,1,1
LLMCluster__jayme__10010000008868,llmcluster_glm-4-air,LLMCluster,jayme,10010000008868,groupchat.page_view.cannot_or_fail,在新用户邀请好友创建完群组后，在群设置中设置群消息免打扰的模式时，设置完之后App提示请稍后过于快速，无法使用户看清设置结果，影响用户体验。,12,10010000008277,当用手机号注册新用户账号的时候，注册时验证码位数过长，不是一般APP的六位数字，影响用户体验。,register.other.other,jayme__C4,jayme__C2,0.172168,0,0,1,0,0,0,0
LLMCluster__jayme__10010000008868,llmcluster_glm-4-air,LLMCluster,jayme,10010000008868,groupchat.page_view.cannot_or_fail,在新用户邀请好友创建完群组后，在群设置中设置群消息免打扰的模式时，设置完之后App提示请稍后过于快速，无法使用户看清设置结果，影响用户体验。,13,10010000008876,建群之后在群组设置界面点击消息免打扰，出现的提示框信息时间太短，一闪而过,groupchat.page_view.other,jayme__C2,jayme__C2,0.131138,0,1,0,0,0,0,0
LLMCluster__jayme__10010000008868,llmcluster_glm-4-air,LLMCluster,jayme,10010000008868,groupchat.page_view.cannot_or_fail,在新用户邀请好友创建完群组后，在群设置中设置群消息免打扰的模式时，设置完之后App提示请稍后过于快速，无法使用户看清设置结果，影响用户体验。,14,10010000009177,点击群设置里的清空聊天记录，预期结果应该是群里的聊天记录被清空，也无法通过查看聊天记录查看。但是实际结果是清空聊天记录后，聊天页面没有…,message_send.page_view.wrong_value,jayme__C3,jayme__C2,0.073254,0,0,1,0,0,0,0
LLMCluster__jayme__10010000008868,llmcluster_glm-4-air,LLMCluster,jayme,10010000008868,groupchat.page_view.cannot_or_fail,在新用户邀请好友创建完群组后，在群设置中设置群消息免打扰的模式时，设置完之后App提示请稍后过于快速，无法使用户看清设置结果，影响用户体验。,15,10010000008323,正常登陆软件点击创建群组后，创建群组名称时，输入超过64个字符后再输入的内容无法正常显示在对话框中。,groupchat.chat.cannot_or_fail,jayme__C5,jayme__C2,0.068231,0,1,1,0,0,0,0
LLMCluster__jayme__10010000008868,llmcluster_glm-4-air,LLMCluster,jayme,10010000008868,groupchat.page_view.cannot_or_fail,在新用户邀请好友创建完群组后，在群设置中设置群消息免打扰的模式时，设置完之后App提示请稍后过于快速，无法使用户看清设置结果，影响用户体验。,16,10010000009155,在好友的聊天设置里，开启消息免打扰的提示时间太短,message_send.page_view.other,jayme__C2,jayme__C2,0.153734,0,0,0,0,0,0,0
LLMCluster__jayme__10010000008868,llmcluster_glm-4-air,LLMCluster,jayme,10010000008868,groupchat.page_view.cannot_or_fail,在新用户邀请好友创建完群组后，在群设置中设置群消息免打扰的模式时，设置完之后App提示请稍后过于快速，无法使用户看清设置结果，影响用户体验。,17,10010000008418,"步骤1中，进入更多，测试""消息免打扰""时，提示界面闪现，看不清所提示内容，用户体验差。",message_send.page_view.other,jayme__C5,jayme__C2,0.107797,0,0,1,0,0,0,0
LLMCluster__jayme__10010000008868,llmcluster_glm-4-air,LLMCluster,jayme,10010000008868,groupchat.page_view.cannot_or_fail,在新用户邀请好友创建完群组后，在群设置中设置群消息免打扰的模式时，设置完之后App提示请稍后过于快速，无法使用户看清设置结果，影响用户体验。,18,10010000009110,点击群设置里的查看聊天记录可以按时间查看记录。,message_send.page_view.other,jayme__C3,jayme__C2,0.074533,0,0,1,0,0,0,0
LLMCluster__jayme__10010000008868,llmcluster_glm-4-air,LLMCluster,jayme,10010000008868,groupchat.page_view.cannot_or_fail,在新用户邀请好友创建完群组后，在群设置中设置群消息免打扰的模式时，设置完之后App提示请稍后过于快速，无法使用户看清设置结果，影响用户体验。,19,10010000008887,选中好友后进入创建群组界面，刚进入时群名称三个字会闪，用户体验不好,groupchat.page_view.other,jayme__C10,jayme__C2,0.079311,0,1,1,0,0,0,0
LLMCluster__jayme__10010000008868,llmcluster_glm-4-air,LLMCluster,jayme,10010000008868,groupchat.page_view.cannot_or_fail,在新用户邀请好友创建完群组后，在群设置中设置群消息免打扰的模式时，设置完之后App提示请稍后过于快速，无法使用户看清设置结果，影响用户体验。,20,10010000008482,注册时收到的短信验证码输入后显示短信验证码不正确，不能使用手机号注册，严重影响APP的功能体验。,register.other.wrong_value,jayme__C4,jayme__C2,0.091436,0,0,1,0,0,0,0
LLMCluster__jayme__10010000008868,llmcluster_glm-4-air,LLMCluster,jayme,10010000008868,groupchat.page_view.cannot_or_fail,在新用户邀请好友创建完群组后，在群设置中设置群消息免打扰的模式时，设置完之后App提示请稍后过于快速，无法使用户看清设置结果，影响用户体验。,21,10010000009529,在群设置中，清空聊天记录，可在聊天记录中还有,message_send.page_view.other,jayme__C3,jayme__C2,0.120949,0,0,1,0,0,0,0
LLMCluster__jayme__10010000008868,llmcluster_glm-4-air,LLMCluster,jayme,10010000008868,groupchat.page_view.cannot_or_fail,在新用户邀请好友创建完群组后，在群设置中设置群消息免打扰的模式时，设置完之后App提示请稍后过于快速，无法使用户看清设置结果，影响用户体验。,22,10010000009182,当群主发送具有表情的群公告，聊天界面是无法显示表情，只能看到文字。但是群组设置是可以看到表情的。,groupchat.page_view.cannot_or_fail,jayme__C10,jayme__C2,0.053978,1,1,1,1,1,1,1
LLMCluster__jayme__10010000008868,llmcluster_glm-4-air,LLMCluster,jayme,10010000008868,groupchat.page_view.cannot_or_fail,在新用户邀请好友创建完群组后，在群设置中设置群消息免打扰的模式时，设置完之后App提示请稍后过于快速，无法使用户看清设置结果，影响用户体验。,23,10010000009340,对于群消息的提示，不是免打扰就是所有消息都提示，不能屏蔽,message_send.chat.cannot_or_fail,jayme__C2,jayme__C2,0.080302,0,0,0,0,0,0,0
LLMCluster__jayme__10010000008868,llmcluster_glm-4-air,LLMCluster,jayme,10010000008868,groupchat.page_view.cannot_or_fail,在新用户邀请好友创建完群组后，在群设置中设置群消息免打扰的模式时，设置完之后App提示请稍后过于快速，无法使用户看清设置结果，影响用户体验。,24,10010000009212,当用户使用消息免打扰时，当群再次发来消息时，只显示消息，不振动，不提醒。,message_send.chat.other,jayme__C2,jayme__C2,0.103398,0,0,0,0,0,0,0
LLMCluster__jayme__10010000008868,llmcluster_glm-4-air,LLMCluster,jayme,10010000008868,groupchat.page_view.cannot_or_fail,在新用户邀请好友创建完群组后，在群设置中设置群消息免打扰的模式时，设置完之后App提示请稍后过于快速，无法使用户看清设置结果，影响用户体验。,25,10010000009204,在群组设置里添加群成员，点击添加超过20人时没有提示超过上限或者不能继续点击，只有在点击确定时才有提示,groupchat.page_view.no_prompt,jayme__C1,jayme__C2,0.059338,0,1,1,0,0,0,0
LLMCluster__jayme__10010000008868,llmcluster_glm-4-air,LLMCluster,jayme,10010000008868,groupchat.page_view.cannot_or_fail,在新用户邀请好友创建完群组后，在群设置中设置群消息免打扰的模式时，设置完之后App提示请稍后过于快速，无法使用户看清设置结果，影响用户体验。,26,10010000008745,在群组设置中，点击消息免打扰会弹出，一个框，里边是信息免打扰提示，当框的生命周期存在时间比较短，所以用户会误认为出现问题。,groupchat.page_view.other,jayme__C2,jayme__C2,0.132695,0,1,0,0,0,0,0
LLMCluster__jayme__10010000008868,llmcluster_glm-4-air,LLMCluster,jayme,10010000008868,groupchat.page_view.cannot_or_fail,在新用户邀请好友创建完群组后，在群设置中设置群消息免打扰的模式时，设置完之后App提示请稍后过于快速，无法使用户看清设置结果，影响用户体验。,27,10010000008714,点击群组，添加群组成员，未提示用户最大选择邀请用户数量，应在20位用户时将按钮置为不可用状态！对待用户不友好,groupchat.button_icon.no_prompt,jayme__C1,jayme__C2,0.091594,0,1,1,0,0,0,0
LLMCluster__jayme__10010000008868,llmcluster_glm-4-air,LLMCluster,jayme,10010000008868,groupchat.page_view.cannot_or_fail,在新用户邀请好友创建完群组后，在群设置中设置群消息免打扰的模式时，设置完之后App提示请稍后过于快速，无法使用户看清设置结果，影响用户体验。,28,10010000008594,操作人员是非群主，在群聊页面，点击群组设置标志，页面转到群组设置页面，点击添加新成员，页面转到添加成员页面，有最近联系人列表，点击要拉…,groupchat.page_view.permission,jayme__C1,jayme__C2,0.0729,0,1,1,0,0,0,0
LLMCluster__jayme__10010000008868,llmcluster_glm-4-air,LLMCluster,jayme,10010000008868,groupchat.page_view.cannot_or_fail,在新用户邀请好友创建完群组后，在群设置中设置群消息免打扰的模式时，设置完之后App提示请稍后过于快速，无法使用户看清设置结果，影响用户体验。,29,10010000008836,在群组设置中，在查看群公告时，并不能查看历史公告，历史群公告并没有保存，用户只能在历史信息中查看，在用户体验方面，给用户带来非常的不便。,groupchat.page_view.cannot_or_fail,jayme__C10,jayme__C2,0.111034,1,1,1,1,1,1,1
LLMCluster__jayme__10010000008868,llmcluster_glm-4-air,LLMCluster,jayme,10010000008868,groupchat.page_view.cannot_or_fail,在新用户邀请好友创建完群组后，在群设置中设置群消息免打扰的模式时，设置完之后App提示请稍后过于快速，无法使用户看清设置结果，影响用户体验。,30,10010000008918,设置群成员为该群管理员时，没有相应的设置群管理员消息提示。,groupchat.page_view.other,jayme__C2,jayme__C2,0.124488,0,1,0,0,0,0,0
LLMCluster__jayme__10010000008868,llmcluster_glm-4-air,LLMCluster,jayme,10010000008868,groupchat.page_view.cannot_or_fail,在新用户邀请好友创建完群组后，在群设置中设置群消息免打扰的模式时，设置完之后App提示请稍后过于快速，无法使用户看清设置结果，影响用户体验。,31,10010000008141,在进行群消息设置时，点击 消息免打扰页面，会有一个diaLog弹出，但是生存周期太短，会让用户误以为存在其他问题。,message_send.page_view.other,jayme__C2,jayme__C2,0.105157,0,0,0,0,0,0,0
LLMCluster__jayme__10010000008868,llmcluster_glm-4-air,LLMCluster,jayme,10010000008868,groupchat.page_view.cannot_or_fail,在新用户邀请好友创建完群组后，在群设置中设置群消息免打扰的模式时，设置完之后App提示请稍后过于快速，无法使用户看清设置结果，影响用户体验。,32,10010000008097,创建群组，邀请好友进入群。被邀人都不用同意，直接被拉进群里面，这样不能保证被邀请人是否有意愿加入，加群限制，只是群主限制是否可以让别人进入。,groupchat.chat.cannot_or_fail,jayme__C1,jayme__C2,0.067718,0,1,1,0,0,0,0
LLMCluster__jayme__10010000008868,llmcluster_glm-4-air,LLMCluster,jayme,10010000008868,groupchat.page_view.cannot_or_fail,在新用户邀请好友创建完群组后，在群设置中设置群消息免打扰的模式时，设置完之后App提示请稍后过于快速，无法使用户看清设置结果，影响用户体验。,33,10010000008723,该bug比较严重。个人是在网络环境比较好的实验室环境下测试的，手机运行正常，但是使用该软件在进行加入群，创建群，打开群设置，查看用户主…,groupchat.page_view.other,jayme__C6,jayme__C2,0.074685,0,1,1,0,0,0,0
LLMCluster__jayme__10010000008868,llmcluster_glm-4-air,LLMCluster,jayme,10010000008868,groupchat.page_view.cannot_or_fail,在新用户邀请好友创建完群组后，在群设置中设置群消息免打扰的模式时，设置完之后App提示请稍后过于快速，无法使用户看清设置结果，影响用户体验。,34,10010000007953,当邀请好友加入群聊时，一次最多邀请20个，但挑选好友是可以挑选多余于20个，只有在确定后才会告诉用户不能选择多于20个，当用户第一次使…,groupchat.chat.cannot_or_fail,jayme__C1,jayme__C2,0.081167,0,1,1,0,0,0,0
LLMCluster__jayme__10010000008868,llmcluster_glm-4-air,LLMCluster,jayme,10010000008868,groupchat.page_view.cannot_or_fail,在新用户邀请好友创建完群组后，在群设置中设置群消息免打扰的模式时，设置完之后App提示请稍后过于快速，无法使用户看清设置结果，影响用户体验。,35,10010000008898,在群设置里面，设置消息免打扰，提示时间太短，还没看完就看不到了,message_send.page_view.other,jayme__C2,jayme__C2,0.208176,0,0,0,0,0,0,0
TFIDF+HC__jayme__10010000009344,tfidf_hc_K20,TFIDF+HC,jayme,10010000009344,groupchat.page_view.cannot_or_fail,在创建群聊的时候，用户选择欲添加进群聊的人，系统设置每次最多添加20个用户，但是在选择添加进群聊的时候，用户在已经选择了20个用户的情…,1,10010000007953,当邀请好友加入群聊时，一次最多邀请20个，但挑选好友是可以挑选多余于20个，只有在确定后才会告诉用户不能选择多于20个，当用户第一次使…,groupchat.chat.cannot_or_fail,jayme__C2,jayme__C2,0.16711,0,1,0,0,0,0,0
TFIDF+HC__jayme__10010000009344,tfidf_hc_K20,TFIDF+HC,jayme,10010000009344,groupchat.page_view.cannot_or_fail,在创建群聊的时候，用户选择欲添加进群聊的人，系统设置每次最多添加20个用户，但是在选择添加进群聊的时候，用户在已经选择了20个用户的情…,2,10010000007880,群聊的设置中无法设置管理员的，却有设置需管理员同意的相关设置,groupchat.page_view.cannot_or_fail,jayme__C17,jayme__C2,0.088254,1,1,1,1,1,1,1
TFIDF+HC__jayme__10010000009344,tfidf_hc_K20,TFIDF+HC,jayme,10010000009344,groupchat.page_view.cannot_or_fail,在创建群聊的时候，用户选择欲添加进群聊的人，系统设置每次最多添加20个用户，但是在选择添加进群聊的时候，用户在已经选择了20个用户的情…,3,10010000008902,在添加成员的时候，一次只能添加20个人员。当我们在添加成员页面选择添加成员的时候我们能点击21个成员，在最后创建群组的时候才说一次不可…,groupchat.page_view.cannot_or_fail,jayme__C2,jayme__C2,0.204047,1,1,0,0,0,0,0
TFIDF+HC__jayme__10010000009344,tfidf_hc_K20,TFIDF+HC,jayme,10010000009344,groupchat.page_view.cannot_or_fail,在创建群聊的时候，用户选择欲添加进群聊的人，系统设置每次最多添加20个用户，但是在选择添加进群聊的时候，用户在已经选择了20个用户的情…,4,10010000009098,加入群聊时，未加入的群聊权限为“允许任何人加入该群”，显示也是“加入群聊”，用户分不清哪个是已经加入过的，哪个是未加入的。,groupchat.chat.permission,jayme__C14,jayme__C2,0.092315,0,1,1,0,0,0,0
TFIDF+HC__jayme__10010000009344,tfidf_hc_K20,TFIDF+HC,jayme,10010000009344,groupchat.page_view.cannot_or_fail,在创建群聊的时候，用户选择欲添加进群聊的人，系统设置每次最多添加20个用户，但是在选择添加进群聊的时候，用户在已经选择了20个用户的情…,5,10010000009028,一次性添加群组成员上限20个人，选择30多个，还能继续选择，建议这个时候，确定按钮置灰,groupchat.button_icon.other,jayme__C2,jayme__C2,0.14486,0,1,0,0,0,0,0
TFIDF+HC__jayme__10010000009344,tfidf_hc_K20,TFIDF+HC,jayme,10010000009344,groupchat.page_view.cannot_or_fail,在创建群聊的时候，用户选择欲添加进群聊的人，系统设置每次最多添加20个用户，但是在选择添加进群聊的时候，用户在已经选择了20个用户的情…,6,10010000008153,在创建群聊的时候，输入群名称，当群名称字数达到最大数字的时候没有提示用户已达最大字数！,groupchat.chat.no_prompt,jayme__C2,jayme__C2,0.180993,0,1,0,0,0,0,0
TFIDF+HC__jayme__10010000009344,tfidf_hc_K20,TFIDF+HC,jayme,10010000009344,groupchat.page_view.cannot_or_fail,在创建群聊的时候，用户选择欲添加进群聊的人，系统设置每次最多添加20个用户，但是在选择添加进群聊的时候，用户在已经选择了20个用户的情…,7,10010000008887,选中好友后进入创建群组界面，刚进入时群名称三个字会闪，用户体验不好,groupchat.page_view.other,jayme__C9,jayme__C2,0.076815,0,1,1,0,0,0,0
TFIDF+HC__jayme__10010000009344,tfidf_hc_K20,TFIDF+HC,jayme,10010000009344,groupchat.page_view.cannot_or_fail,在创建群聊的时候，用户选择欲添加进群聊的人，系统设置每次最多添加20个用户，但是在选择添加进群聊的时候，用户在已经选择了20个用户的情…,8,10010000008379,进行第二步新建群时，在选择联系人的时候，需求文档说明为一次最多添加20个人，然而，如图一所示，当添加超过20人时，未给任何超出人数的提…,other.other.layout_issue,jayme__C2,jayme__C2,0.21002,0,0,0,0,0,0,0
TFIDF+HC__jayme__10010000009344,tfidf_hc_K20,TFIDF+HC,jayme,10010000009344,groupchat.page_view.cannot_or_fail,在创建群聊的时候，用户选择欲添加进群聊的人，系统设置每次最多添加20个用户，但是在选择添加进群聊的时候，用户在已经选择了20个用户的情…,9,10010000007904,聊天界面的的上方的更多消息查看，当没有跨越一屏幕的时候，还是会有那个文字提示标签在那里，用户体验有问题，让人误以为有聊天记录，最好是有…,message_send.page_view.wrong_value,jayme__C9,jayme__C2,0.081096,0,0,1,0,0,0,0
TFIDF+HC__jayme__10010000009344,tfidf_hc_K20,TFIDF+HC,jayme,10010000009344,groupchat.page_view.cannot_or_fail,在创建群聊的时候，用户选择欲添加进群聊的人，系统设置每次最多添加20个用户，但是在选择添加进群聊的时候，用户在已经选择了20个用户的情…,10,10010000008277,当用手机号注册新用户账号的时候，注册时验证码位数过长，不是一般APP的六位数字，影响用户体验。,register.other.other,jayme__C4,jayme__C2,0.074074,0,0,1,0,0,0,0
TFIDF+HC__jayme__10010000009344,tfidf_hc_K20,TFIDF+HC,jayme,10010000009344,groupchat.page_view.cannot_or_fail,在创建群聊的时候，用户选择欲添加进群聊的人，系统设置每次最多添加20个用户，但是在选择添加进群聊的时候，用户在已经选择了20个用户的情…,11,10010000008244,查找群时，在搜索框内输入“测试”进行搜索，出来一个群列表，但是在我已加入的群后面却未见提示“我的群”，不方便用户的使用,search.list_item.other,jayme__C7,jayme__C2,0.078854,0,0,1,0,0,0,0
TFIDF+HC__jayme__10010000009344,tfidf_hc_K20,TFIDF+HC,jayme,10010000009344,groupchat.page_view.cannot_or_fail,在创建群聊的时候，用户选择欲添加进群聊的人，系统设置每次最多添加20个用户，但是在选择添加进群聊的时候，用户在已经选择了20个用户的情…,12,10010000009308,在选择“加入群聊”后搜索群组，所搜索出的群组均为群组名中包含所搜索字段的群组。列表中的群组以创建时间为序排列，创建时间早的靠前。精确查…,search.list_item.other,jayme__C7,jayme__C2,0.056798,0,0,1,0,0,0,0
TFIDF+HC__jayme__10010000009344,tfidf_hc_K20,TFIDF+HC,jayme,10010000009344,groupchat.page_view.cannot_or_fail,在创建群聊的时候，用户选择欲添加进群聊的人，系统设置每次最多添加20个用户，但是在选择添加进群聊的时候，用户在已经选择了20个用户的情…,13,10010000009218,在创建群聊时，用户可以选择添加自己的好友加入群，也可以添加陌生人加入群，并且这种添加不需要经过被添加人的同意，即用户可以随意添加任何人…,groupchat.image_banner.other,jayme__C2,jayme__C2,0.176492,0,1,0,0,0,0,0
TFIDF+HC__jayme__10010000009344,tfidf_hc_K20,TFIDF+HC,jayme,10010000009344,groupchat.page_view.cannot_or_fail,在创建群聊的时候，用户选择欲添加进群聊的人，系统设置每次最多添加20个用户，但是在选择添加进群聊的时候，用户在已经选择了20个用户的情…,14,10010000009717,在添加成员是一次只能添加20个成员。但是软件在哪个步骤的时候没有提示，当到了提示的时候，再返回修改麻烦。而且没有提示做多一次20 个成…,other.other.no_prompt,jayme__C2,jayme__C2,0.152958,0,0,0,0,0,0,0
TFIDF+HC__jayme__10010000009344,tfidf_hc_K20,TFIDF+HC,jayme,10010000009344,groupchat.page_view.cannot_or_fail,在创建群聊的时候，用户选择欲添加进群聊的人，系统设置每次最多添加20个用户，但是在选择添加进群聊的时候，用户在已经选择了20个用户的情…,15,10010000008734,"点击加入群后，要再次点击搜索图标，才能输入搜索条件。用户在不知道的情况下会多次点击""查找群""所在的位置，而得不到响应，然后尝试点击搜索…",search.button_icon.other,jayme__C7,jayme__C2,0.053474,0,0,1,0,0,0,0
TFIDF+HC__jayme__10010000009344,tfidf_hc_K20,TFIDF+HC,jayme,10010000009344,groupchat.page_view.cannot_or_fail,在创建群聊的时候，用户选择欲添加进群聊的人，系统设置每次最多添加20个用户，但是在选择添加进群聊的时候，用户在已经选择了20个用户的情…,16,10010000008963,这个bug较小些了，但还是很有必要对其重视。当用户与用户私聊的时候，用户聊天界面里是只显示头像与聊天框的。在群聊中，会出现两种不同的情…,groupchat.page_view.other,jayme__C18,jayme__C2,0.166017,0,1,1,1,1,1,1
TFIDF+HC__jayme__10010000009344,tfidf_hc_K20,TFIDF+HC,jayme,10010000009344,groupchat.page_view.cannot_or_fail,在创建群聊的时候，用户选择欲添加进群聊的人，系统设置每次最多添加20个用户，但是在选择添加进群聊的时候，用户在已经选择了20个用户的情…,17,10010000008162,在进行搜索框搜索的时候，必须点击后面的放大镜，不可以点击前面的添加成员那个地方。,search.other.cannot_or_fail,jayme__C7,jayme__C2,0.071811,0,0,1,0,0,0,0
TFIDF+HC__jayme__10010000009344,tfidf_hc_K20,TFIDF+HC,jayme,10010000009344,groupchat.page_view.cannot_or_fail,在创建群聊的时候，用户选择欲添加进群聊的人，系统设置每次最多添加20个用户，但是在选择添加进群聊的时候，用户在已经选择了20个用户的情…,18,10010000008361,新建群添加好友一次性达到20个时就应该提示不能在添加！然而此还可以继续选择好友，在选择确认的时候才显示创建不符合！,other.chat.cannot_or_fail,jayme__C2,jayme__C2,0.140357,0,0,0,0,0,0,0
TFIDF+HC__jayme__10010000009344,tfidf_hc_K20,TFIDF+HC,jayme,10010000009344,groupchat.page_view.cannot_or_fail,在创建群聊的时候，用户选择欲添加进群聊的人，系统设置每次最多添加20个用户，但是在选择添加进群聊的时候，用户在已经选择了20个用户的情…,19,10010000009304,在添加成员的时候，一次可以选择超过20个用户，后面确认创建群组的时候才会提示您请求的数据超出系统限制。,groupchat.chat.layout_issue,jayme__C2,jayme__C2,0.238935,0,1,0,0,0,0,0
TFIDF+HC__jayme__10010000009344,tfidf_hc_K20,TFIDF+HC,jayme,10010000009344,groupchat.page_view.cannot_or_fail,在创建群聊的时候，用户选择欲添加进群聊的人，系统设置每次最多添加20个用户，但是在选择添加进群聊的时候，用户在已经选择了20个用户的情…,20,10010000008395,已知新建群的群号，但是在好友页面上方的搜索中搜索群号，无法找到，上方搜索只能进行好友搜索,search.page_view.cannot_or_fail,jayme__C7,jayme__C2,0.045247,0,0,1,0,0,0,0
TFIDF+HC__jayme__10010000009344,tfidf_hc_K20,TFIDF+HC,jayme,10010000009344,groupchat.page_view.cannot_or_fail,在创建群聊的时候，用户选择欲添加进群聊的人，系统设置每次最多添加20个用户，但是在选择添加进群聊的时候，用户在已经选择了20个用户的情…,21,10010000008653,创建群的时候，第一次勾选群友，没有提示只能勾选20个人，当超过20个还可以继续勾选，到创建群(如图页面)的时候，正下方才会提示出错。,groupchat.page_view.no_prompt,jayme__C2,jayme__C2,0.158147,0,1,0,0,0,0,0
TFIDF+HC__jayme__10010000009344,tfidf_hc_K20,TFIDF+HC,jayme,10010000009344,groupchat.page_view.cannot_or_fail,在创建群聊的时候，用户选择欲添加进群聊的人，系统设置每次最多添加20个用户，但是在选择添加进群聊的时候，用户在已经选择了20个用户的情…,22,10010000008325,群主选择加群时虽然系统默认一次只能拉入20人，但是在选择时数量却可以选择超过20人，如下图所示，确认旁边的按钮已经是“21”人了。,groupchat.button_icon.other,jayme__C2,jayme__C2,0.147859,0,1,0,0,0,0,0
TFIDF+HC__jayme__10010000009344,tfidf_hc_K20,TFIDF+HC,jayme,10010000009344,groupchat.page_view.cannot_or_fail,在创建群聊的时候，用户选择欲添加进群聊的人，系统设置每次最多添加20个用户，但是在选择添加进群聊的时候，用户在已经选择了20个用户的情…,23,10010000009589,按名称查找群聊的时候，重名太多，不能精确查找。（详见测试报告）,search.chat.cannot_or_fail,jayme__C2,jayme__C2,0.114221,0,0,0,0,0,0,0
TFIDF+HC__jayme__10010000009344,tfidf_hc_K20,TFIDF+HC,jayme,10010000009344,groupchat.page_view.cannot_or_fail,在创建群聊的时候，用户选择欲添加进群聊的人，系统设置每次最多添加20个用户，但是在选择添加进群聊的时候，用户在已经选择了20个用户的情…,24,10010000008880,快捷回复出现之后，用户选择一句话进行发送。语句直接发送出去。我认为快捷回复的内容应该先跳转到发送消息的文本框内，经用户确认之后再进行发…,message_send.input_box.other,jayme__C12,jayme__C2,0.072095,0,0,1,0,0,0,0
TFIDF+HC__jayme__10010000009344,tfidf_hc_K20,TFIDF+HC,jayme,10010000009344,groupchat.page_view.cannot_or_fail,在创建群聊的时候，用户选择欲添加进群聊的人，系统设置每次最多添加20个用户，但是在选择添加进群聊的时候，用户在已经选择了20个用户的情…,25,10010000008513,在拉群组讨论的时候，添加成员里，邀请最近联系人时，点方框选取，快速连续点击的时候，联系人头像会闪烁不定，并且跳成另外一张图片。,groupchat.image_banner.other,jayme__C2,jayme__C2,0.093788,0,1,0,0,0,0,0
TFIDF+HC__jayme__10010000009344,tfidf_hc_K20,TFIDF+HC,jayme,10010000009344,groupchat.page_view.cannot_or_fail,在创建群聊的时候，用户选择欲添加进群聊的人，系统设置每次最多添加20个用户，但是在选择添加进群聊的时候，用户在已经选择了20个用户的情…,26,10010000008509,在加入群聊的时候，正如图片上写的热门群推荐，但是却没有热门群的内容出现，这是一个bug.,groupchat.image_banner.other,jayme__C18,jayme__C2,0.12078,0,1,1,0,0,1,0
TFIDF+HC__jayme__10010000009344,tfidf_hc_K20,TFIDF+HC,jayme,10010000009344,groupchat.page_view.cannot_or_fail,在创建群聊的时候，用户选择欲添加进群聊的人，系统设置每次最多添加20个用户，但是在选择添加进群聊的时候，用户在已经选择了20个用户的情…,27,10010000008723,该bug比较严重。个人是在网络环境比较好的实验室环境下测试的，手机运行正常，但是使用该软件在进行加入群，创建群，打开群设置，查看用户主…,groupchat.page_view.other,jayme__C6,jayme__C2,0.066222,0,1,1,0,0,0,0
TFIDF+HC__jayme__10010000009344,tfidf_hc_K20,TFIDF+HC,jayme,10010000009344,groupchat.page_view.cannot_or_fail,在创建群聊的时候，用户选择欲添加进群聊的人，系统设置每次最多添加20个用户，但是在选择添加进群聊的时候，用户在已经选择了20个用户的情…,28,10010000009808,应该添加被拉入群聊的意愿权限，不能随意被拉入群聊,groupchat.chat.permission,jayme__C10,jayme__C2,0.089633,0,1,1,0,0,0,0
TFIDF+HC__jayme__10010000009344,tfidf_hc_K20,TFIDF+HC,jayme,10010000009344,groupchat.page_view.cannot_or_fail,在创建群聊的时候，用户选择欲添加进群聊的人，系统设置每次最多添加20个用户，但是在选择添加进群聊的时候，用户在已经选择了20个用户的情…,29,10010000009051,由于APP内没有被加群的相关中设置，用户可以被任意用户拉进群聊，即使把对方拉入黑名单，对方也是有权拉人进群，可能会造成一些骚扰。,groupchat.page_view.other,jayme__C14,jayme__C2,0.096761,0,1,1,0,0,0,0
TFIDF+HC__jayme__10010000009344,tfidf_hc_K20,TFIDF+HC,jayme,10010000009344,groupchat.page_view.cannot_or_fail,在创建群聊的时候，用户选择欲添加进群聊的人，系统设置每次最多添加20个用户，但是在选择添加进群聊的时候，用户在已经选择了20个用户的情…,30,10010000008890,添加群聊:系统限制一次性人数添加上限为20，但在添加时就可以超过20个，应在选择人数时就添加限制提示条件，等到下个活动页面创建群聊时提…,groupchat.page_view.other,jayme__C2,jayme__C2,0.165216,0,1,0,0,0,0,0
TFIDF+HC__jayme__10010000009344,tfidf_hc_K20,TFIDF+HC,jayme,10010000009344,groupchat.page_view.cannot_or_fail,在创建群聊的时候，用户选择欲添加进群聊的人，系统设置每次最多添加20个用户，但是在选择添加进群聊的时候，用户在已经选择了20个用户的情…,31,10010000009793,群搜索的时候，操作繁琐，要先点击右上角的放大镜图标，由于用户的行为习惯，喜欢直接点解”查找群”,search.button_icon.other,jayme__C7,jayme__C2,0.07007,0,0,1,0,0,0,0
TFIDF+HC__jayme__10010000009344,tfidf_hc_K20,TFIDF+HC,jayme,10010000009344,groupchat.page_view.cannot_or_fail,在创建群聊的时候，用户选择欲添加进群聊的人，系统设置每次最多添加20个用户，但是在选择添加进群聊的时候，用户在已经选择了20个用户的情…,32,10010000009869,无法选择添加自己的好友，只能够通过搜索添加。,search.chat.cannot_or_fail,jayme__C2,jayme__C2,0.110024,0,0,0,0,0,0,0
TFIDF+HC__jayme__10010000009344,tfidf_hc_K20,TFIDF+HC,jayme,10010000009344,groupchat.page_view.cannot_or_fail,在创建群聊的时候，用户选择欲添加进群聊的人，系统设置每次最多添加20个用户，但是在选择添加进群聊的时候，用户在已经选择了20个用户的情…,33,10010000009130,添加成员时要求最多只能20个，而当超过20个时不提醒，而且点击确定仍可以进入创建群组页面。,groupchat.page_view.other,jayme__C2,jayme__C2,0.122975,0,1,0,0,0,0,0
TFIDF+HC__jayme__10010000009344,tfidf_hc_K20,TFIDF+HC,jayme,10010000009344,groupchat.page_view.cannot_or_fail,在创建群聊的时候，用户选择欲添加进群聊的人，系统设置每次最多添加20个用户，但是在选择添加进群聊的时候，用户在已经选择了20个用户的情…,34,10010000008523,进行新建群中的选择联系人操作时，如图一所示:当选择的人数超过20人时，仍然可以继续添加，而在图二最终创建时候，才提示数据超出20，用户…,other.other.layout_issue,jayme__C2,jayme__C2,0.151251,0,0,0,0,0,0,0
TFIDF+HC__jayme__10010000009344,tfidf_hc_K20,TFIDF+HC,jayme,10010000009344,groupchat.page_view.cannot_or_fail,在创建群聊的时候，用户选择欲添加进群聊的人，系统设置每次最多添加20个用户，但是在选择添加进群聊的时候，用户在已经选择了20个用户的情…,35,10010000008506,当进入查找群和添加成员界面时，必须点击放大镜按钮才能进入搜索框进行搜索，用户使用起来不方便。,search.button_icon.other,jayme__C7,jayme__C2,0.067863,0,0,1,0,0,0,0
TFIDF+HC__jayme__10010000009344,tfidf_hc_K20,TFIDF+HC,jayme,10010000009344,groupchat.page_view.cannot_or_fail,在创建群聊的时候，用户选择欲添加进群聊的人，系统设置每次最多添加20个用户，但是在选择添加进群聊的时候，用户在已经选择了20个用户的情…,36,10010000008220,利用关键词搜索群的时候，没有根据搜索内容进行联想，只有在按下搜索按钮后才有内容。,search.button_icon.other,jayme__C7,jayme__C2,0.051427,0,0,1,0,0,0,0
SBERT+HC__jayme__10010000009344,sbert_hc_K20,SBERT+HC,jayme,10010000009344,groupchat.page_view.cannot_or_fail,在创建群聊的时候，用户选择欲添加进群聊的人，系统设置每次最多添加20个用户，但是在选择添加进群聊的时候，用户在已经选择了20个用户的情…,1,10010000008876,建群之后在群组设置界面点击消息免打扰，出现的提示框信息时间太短，一闪而过,groupchat.page_view.other,jayme__C3,jayme__C0,0.026665,0,1,1,0,0,0,0
SBERT+HC__jayme__10010000009344,sbert_hc_K20,SBERT+HC,jayme,10010000009344,groupchat.page_view.cannot_or_fail,在创建群聊的时候，用户选择欲添加进群聊的人，系统设置每次最多添加20个用户，但是在选择添加进群聊的时候，用户在已经选择了20个用户的情…,2,10010000008277,当用手机号注册新用户账号的时候，注册时验证码位数过长，不是一般APP的六位数字，影响用户体验。,register.other.other,jayme__C5,jayme__C0,0.074074,0,0,1,0,0,0,0
SBERT+HC__jayme__10010000009344,sbert_hc_K20,SBERT+HC,jayme,10010000009344,groupchat.page_view.cannot_or_fail,在创建群聊的时候，用户选择欲添加进群聊的人，系统设置每次最多添加20个用户，但是在选择添加进群聊的时候，用户在已经选择了20个用户的情…,3,10010000008571,同一用户的在同一个群提出多条申请，管理员若是在之前几条的审批信息中拒绝他的申请加入，则在之后的几条申请信息中按同意按钮会显示同意入群失…,other.button_icon.cannot_or_fail,jayme__C13,jayme__C0,0.04395,0,0,1,0,0,0,0
SBERT+HC__jayme__10010000009344,sbert_hc_K20,SBERT+HC,jayme,10010000009344,groupchat.page_view.cannot_or_fail,在创建群聊的时候，用户选择欲添加进群聊的人，系统设置每次最多添加20个用户，但是在选择添加进群聊的时候，用户在已经选择了20个用户的情…,4,10010000008615,创建群聊，群成员人数达到上限，因限制了一次性最多添加的成员人数是20，如果我加入的人数是21，只有修改群名称之后，才提示我超出人数限制…,groupchat.chat.layout_issue,jayme__C0,jayme__C0,0.09848,0,1,0,0,0,0,0
SBERT+HC__jayme__10010000009344,sbert_hc_K20,SBERT+HC,jayme,10010000009344,groupchat.page_view.cannot_or_fail,在创建群聊的时候，用户选择欲添加进群聊的人，系统设置每次最多添加20个用户，但是在选择添加进群聊的时候，用户在已经选择了20个用户的情…,5,10010000008088,当用户发起群聊，进入搜索和群名设置，人员和群名全部重复，应用没有提示重复创建，而是重复建立多个相同群组,search.page_view.no_prompt,jayme__C0,jayme__C0,0.058694,0,0,0,0,0,0,0
SBERT+HC__jayme__10010000009344,sbert_hc_K20,SBERT+HC,jayme,10010000009344,groupchat.page_view.cannot_or_fail,在创建群聊的时候，用户选择欲添加进群聊的人，系统设置每次最多添加20个用户，但是在选择添加进群聊的时候，用户在已经选择了20个用户的情…,6,10010000009611,建群时，勾选成员超过限制数20个而未提醒。,notification.other.other,jayme__C0,jayme__C0,0.074808,0,0,0,0,0,0,0
SBERT+HC__jayme__10010000009344,sbert_hc_K20,SBERT+HC,jayme,10010000009344,groupchat.page_view.cannot_or_fail,在创建群聊的时候，用户选择欲添加进群聊的人，系统设置每次最多添加20个用户，但是在选择添加进群聊的时候，用户在已经选择了20个用户的情…,7,10010000008517,聊天框内单个复制表情时，当数量达到一定数值时，软件会闪退,message_send.chat.crash,jayme__C16,jayme__C0,0.017005,0,0,1,0,0,0,0
SBERT+HC__jayme__10010000009344,sbert_hc_K20,SBERT+HC,jayme,10010000009344,groupchat.page_view.cannot_or_fail,在创建群聊的时候，用户选择欲添加进群聊的人，系统设置每次最多添加20个用户，但是在选择添加进群聊的时候，用户在已经选择了20个用户的情…,8,10010000008723,该bug比较严重。个人是在网络环境比较好的实验室环境下测试的，手机运行正常，但是使用该软件在进行加入群，创建群，打开群设置，查看用户主…,groupchat.page_view.other,jayme__C8,jayme__C0,0.066222,0,1,1,0,0,0,0
SBERT+HC__jayme__10010000009344,sbert_hc_K20,SBERT+HC,jayme,10010000009344,groupchat.page_view.cannot_or_fail,在创建群聊的时候，用户选择欲添加进群聊的人，系统设置每次最多添加20个用户，但是在选择添加进群聊的时候，用户在已经选择了20个用户的情…,9,10010000008495,在群聊中点击清空聊天记录后，点击聊天记录后还会出现之前的聊天记录,groupchat.list_item.other,jayme__C1,jayme__C0,0.030805,0,1,1,0,0,0,0
SBERT+HC__jayme__10010000009344,sbert_hc_K20,SBERT+HC,jayme,10010000009344,groupchat.page_view.cannot_or_fail,在创建群聊的时候，用户选择欲添加进群聊的人，系统设置每次最多添加20个用户，但是在选择添加进群聊的时候，用户在已经选择了20个用户的情…,10,10010000009529,在群设置中，清空聊天记录，可在聊天记录中还有,message_send.page_view.other,jayme__C1,jayme__C0,0.035693,0,0,1,0,0,0,0
SBERT+HC__jayme__10010000009344,sbert_hc_K20,SBERT+HC,jayme,10010000009344,groupchat.page_view.cannot_or_fail,在创建群聊的时候，用户选择欲添加进群聊的人，系统设置每次最多添加20个用户，但是在选择添加进群聊的时候，用户在已经选择了20个用户的情…,11,10010000008912,多次申请加群，管理员收到同一个人，同一个群的多条提醒，只需要处理其中任意一条即可，而不是如需求所说，以最后一条通知的处理结果为准。,notification.other.other,jayme__C13,jayme__C0,0.029966,0,0,1,0,0,0,0
SBERT+HC__jayme__10010000009344,sbert_hc_K20,SBERT+HC,jayme,10010000009344,groupchat.page_view.cannot_or_fail,在创建群聊的时候，用户选择欲添加进群聊的人，系统设置每次最多添加20个用户，但是在选择添加进群聊的时候，用户在已经选择了20个用户的情…,12,10010000008653,创建群的时候，第一次勾选群友，没有提示只能勾选20个人，当超过20个还可以继续勾选，到创建群(如图页面)的时候，正下方才会提示出错。,groupchat.page_view.no_prompt,jayme__C0,jayme__C0,0.158147,0,1,0,0,0,0,0
SBERT+HC__jayme__10010000009344,sbert_hc_K20,SBERT+HC,jayme,10010000009344,groupchat.page_view.cannot_or_fail,在创建群聊的时候，用户选择欲添加进群聊的人，系统设置每次最多添加20个用户，但是在选择添加进群聊的时候，用户在已经选择了20个用户的情…,13,10010000009130,添加成员时要求最多只能20个，而当超过20个时不提醒，而且点击确定仍可以进入创建群组页面。,groupchat.page_view.other,jayme__C0,jayme__C0,0.122975,0,1,0,0,0,0,0
SBERT+HC__jayme__10010000009344,sbert_hc_K20,SBERT+HC,jayme,10010000009344,groupchat.page_view.cannot_or_fail,在创建群聊的时候，用户选择欲添加进群聊的人，系统设置每次最多添加20个用户，但是在选择添加进群聊的时候，用户在已经选择了20个用户的情…,14,10010000009204,在群组设置里添加群成员，点击添加超过20人时没有提示超过上限或者不能继续点击，只有在点击确定时才有提示,groupchat.page_view.no_prompt,jayme__C0,jayme__C0,0.069436,0,1,0,0,0,0,0
SBERT+HC__jayme__10010000009344,sbert_hc_K20,SBERT+HC,jayme,10010000009344,groupchat.page_view.cannot_or_fail,在创建群聊的时候，用户选择欲添加进群聊的人，系统设置每次最多添加20个用户，但是在选择添加进群聊的时候，用户在已经选择了20个用户的情…,15,10010000009218,在创建群聊时，用户可以选择添加自己的好友加入群，也可以添加陌生人加入群，并且这种添加不需要经过被添加人的同意，即用户可以随意添加任何人…,groupchat.image_banner.other,jayme__C0,jayme__C0,0.176492,0,1,0,0,0,0,0
SBERT+HC__jayme__10010000009344,sbert_hc_K20,SBERT+HC,jayme,10010000009344,groupchat.page_view.cannot_or_fail,在创建群聊的时候，用户选择欲添加进群聊的人，系统设置每次最多添加20个用户，但是在选择添加进群聊的时候，用户在已经选择了20个用户的情…,16,10010000008890,添加群聊:系统限制一次性人数添加上限为20，但在添加时就可以超过20个，应在选择人数时就添加限制提示条件，等到下个活动页面创建群聊时提…,groupchat.page_view.other,jayme__C0,jayme__C0,0.165216,0,1,0,0,0,0,0
SBERT+HC__jayme__10010000009344,sbert_hc_K20,SBERT+HC,jayme,10010000009344,groupchat.page_view.cannot_or_fail,在创建群聊的时候，用户选择欲添加进群聊的人，系统设置每次最多添加20个用户，但是在选择添加进群聊的时候，用户在已经选择了20个用户的情…,17,10010000008379,进行第二步新建群时，在选择联系人的时候，需求文档说明为一次最多添加20个人，然而，如图一所示，当添加超过20人时，未给任何超出人数的提…,other.other.layout_issue,jayme__C0,jayme__C0,0.21002,0,0,0,0,0,0,0
SBERT+HC__jayme__10010000009344,sbert_hc_K20,SBERT+HC,jayme,10010000009344,groupchat.page_view.cannot_or_fail,在创建群聊的时候，用户选择欲添加进群聊的人，系统设置每次最多添加20个用户，但是在选择添加进群聊的时候，用户在已经选择了20个用户的情…,18,10010000008545,"新建群选择联系人时,超过了所规定的20人后,点击确定按钮,直接进入群信息填写页面,没有出现数量限制信息,和所描述的数量限制不符合。",other.button_icon.other,jayme__C0,jayme__C0,0.043042,0,0,0,0,0,0,0
SBERT+HC__jayme__10010000009344,sbert_hc_K20,SBERT+HC,jayme,10010000009344,groupchat.page_view.cannot_or_fail,在创建群聊的时候，用户选择欲添加进群聊的人，系统设置每次最多添加20个用户，但是在选择添加进群聊的时候，用户在已经选择了20个用户的情…,19,10010000008523,进行新建群中的选择联系人操作时，如图一所示:当选择的人数超过20人时，仍然可以继续添加，而在图二最终创建时候，才提示数据超出20，用户…,other.other.layout_issue,jayme__C0,jayme__C0,0.151251,0,0,0,0,0,0,0
SBERT+HC__jayme__10010000009344,sbert_hc_K20,SBERT+HC,jayme,10010000009344,groupchat.page_view.cannot_or_fail,在创建群聊的时候，用户选择欲添加进群聊的人，系统设置每次最多添加20个用户，但是在选择添加进群聊的时候，用户在已经选择了20个用户的情…,20,10010000009304,在添加成员的时候，一次可以选择超过20个用户，后面确认创建群组的时候才会提示您请求的数据超出系统限制。,groupchat.chat.layout_issue,jayme__C0,jayme__C0,0.238935,0,1,0,0,0,0,0
SBERT+HC__jayme__10010000009344,sbert_hc_K20,SBERT+HC,jayme,10010000009344,groupchat.page_view.cannot_or_fail,在创建群聊的时候，用户选择欲添加进群聊的人，系统设置每次最多添加20个用户，但是在选择添加进群聊的时候，用户在已经选择了20个用户的情…,21,10010000009066,不经过同意便可以给陌生人发送消息，拉黑后才能防止骚扰。但是，创建群聊时可以拉入陌生人，并且不需要经过他同意。就算用户被拉黑，也能将拉黑…,groupchat.chat.cannot_or_fail,jayme__C3,jayme__C0,0.050611,0,1,1,0,0,0,0
SBERT+HC__jayme__10010000009344,sbert_hc_K20,SBERT+HC,jayme,10010000009344,groupchat.page_view.cannot_or_fail,在创建群聊的时候，用户选择欲添加进群聊的人，系统设置每次最多添加20个用户，但是在选择添加进群聊的时候，用户在已经选择了20个用户的情…,22,10010000008449,新建群组时，如果选择20个人以上，在创建群组时才提醒有限制，而且未明确说明到底限制什么，应该怎么做。最好的是在添加群成员超过20人时就…,groupchat.chat.cannot_or_fail,jayme__C0,jayme__C0,0.115841,0,1,0,0,0,0,0
SBERT+HC__jayme__10010000009344,sbert_hc_K20,SBERT+HC,jayme,10010000009344,groupchat.page_view.cannot_or_fail,在创建群聊的时候，用户选择欲添加进群聊的人，系统设置每次最多添加20个用户，但是在选择添加进群聊的时候，用户在已经选择了20个用户的情…,23,10010000008185,测试需求给出，群聊一次添加好友不能超出20个，但实际测试过程中，可添加好友显示超过20人时，并不会提示一次性添加好友错误，而是在下一步…,groupchat.chat.layout_issue,jayme__C0,jayme__C0,0.106644,0,1,0,0,0,0,0
SBERT+HC__jayme__10010000009344,sbert_hc_K20,SBERT+HC,jayme,10010000009344,groupchat.page_view.cannot_or_fail,在创建群聊的时候，用户选择欲添加进群聊的人，系统设置每次最多添加20个用户，但是在选择添加进群聊的时候，用户在已经选择了20个用户的情…,24,10010000009028,一次性添加群组成员上限20个人，选择30多个，还能继续选择，建议这个时候，确定按钮置灰,groupchat.button_icon.other,jayme__C0,jayme__C0,0.14486,0,1,0,0,0,0,0
SBERT+HC__jayme__10010000009344,sbert_hc_K20,SBERT+HC,jayme,10010000009344,groupchat.page_view.cannot_or_fail,在创建群聊的时候，用户选择欲添加进群聊的人，系统设置每次最多添加20个用户，但是在选择添加进群聊的时候，用户在已经选择了20个用户的情…,25,10010000009808,应该添加被拉入群聊的意愿权限，不能随意被拉入群聊,groupchat.chat.permission,jayme__C3,jayme__C0,0.089633,0,1,1,0,0,0,0
SBERT+HC__jayme__10010000009344,sbert_hc_K20,SBERT+HC,jayme,10010000009344,groupchat.page_view.cannot_or_fail,在创建群聊的时候，用户选择欲添加进群聊的人，系统设置每次最多添加20个用户，但是在选择添加进群聊的时候，用户在已经选择了20个用户的情…,26,10010000009157,聊天记录问题，后面加的群也能看到加入群之前的聊天记录,message_send.list_item.other,jayme__C1,jayme__C0,0.030904,0,0,1,0,0,0,0
SBERT+HC__jayme__10010000009344,sbert_hc_K20,SBERT+HC,jayme,10010000009344,groupchat.page_view.cannot_or_fail,在创建群聊的时候，用户选择欲添加进群聊的人，系统设置每次最多添加20个用户，但是在选择添加进群聊的时候，用户在已经选择了20个用户的情…,27,10010000008902,在添加成员的时候，一次只能添加20个人员。当我们在添加成员页面选择添加成员的时候我们能点击21个成员，在最后创建群组的时候才说一次不可…,groupchat.page_view.cannot_or_fail,jayme__C0,jayme__C0,0.204047,1,1,0,0,0,0,0
SBERT+HC__jayme__10010000009344,sbert_hc_K20,SBERT+HC,jayme,10010000009344,groupchat.page_view.cannot_or_fail,在创建群聊的时候，用户选择欲添加进群聊的人，系统设置每次最多添加20个用户，但是在选择添加进群聊的时候，用户在已经选择了20个用户的情…,28,10010000008866,在添加群组时，先点击要选择的联系人，然后把网络关掉，点击确定，此时仍可以进去创建群组界面，然后创建时才会提示网络连接不可用。应该在点击…,groupchat.page_view.other,jayme__C3,jayme__C0,0.069809,0,1,1,0,0,0,0
SBERT+HC__jayme__10010000009344,sbert_hc_K20,SBERT+HC,jayme,10010000009344,groupchat.page_view.cannot_or_fail,在创建群聊的时候，用户选择欲添加进群聊的人，系统设置每次最多添加20个用户，但是在选择添加进群聊的时候，用户在已经选择了20个用户的情…,29,10010000008325,群主选择加群时虽然系统默认一次只能拉入20人，但是在选择时数量却可以选择超过20人，如下图所示，确认旁边的按钮已经是“21”人了。,groupchat.button_icon.other,jayme__C0,jayme__C0,0.147859,0,1,0,0,0,0,0
SBERT+HC__jayme__10010000009344,sbert_hc_K20,SBERT+HC,jayme,10010000009344,groupchat.page_view.cannot_or_fail,在创建群聊的时候，用户选择欲添加进群聊的人，系统设置每次最多添加20个用户，但是在选择添加进群聊的时候，用户在已经选择了20个用户的情…,30,10010000008197,正常登陆软件点击创建群组后，进入选择联系人界面，一次性添加成员超过20时，显示请求的数据超过系统限制。,groupchat.page_view.other,jayme__C0,jayme__C0,0.091429,0,1,0,0,0,0,0
SBERT+HC__jayme__10010000009344,sbert_hc_K20,SBERT+HC,jayme,10010000009344,groupchat.page_view.cannot_or_fail,在创建群聊的时候，用户选择欲添加进群聊的人，系统设置每次最多添加20个用户，但是在选择添加进群聊的时候，用户在已经选择了20个用户的情…,31,10010000008963,这个bug较小些了，但还是很有必要对其重视。当用户与用户私聊的时候，用户聊天界面里是只显示头像与聊天框的。在群聊中，会出现两种不同的情…,groupchat.page_view.other,jayme__C1,jayme__C0,0.166017,0,1,1,0,1,1,1
SBERT+HC__jayme__10010000009344,sbert_hc_K20,SBERT+HC,jayme,10010000009344,groupchat.page_view.cannot_or_fail,在创建群聊的时候，用户选择欲添加进群聊的人，系统设置每次最多添加20个用户，但是在选择添加进群聊的时候，用户在已经选择了20个用户的情…,32,10010000009182,当群主发送具有表情的群公告，聊天界面是无法显示表情，只能看到文字。但是群组设置是可以看到表情的。,groupchat.page_view.cannot_or_fail,jayme__C16,jayme__C0,0.036031,1,1,1,1,1,1,1
SBERT+HC__jayme__10010000009344,sbert_hc_K20,SBERT+HC,jayme,10010000009344,groupchat.page_view.cannot_or_fail,在创建群聊的时候，用户选择欲添加进群聊的人，系统设置每次最多添加20个用户，但是在选择添加进群聊的时候，用户在已经选择了20个用户的情…,33,10010000008714,点击群组，添加群组成员，未提示用户最大选择邀请用户数量，应在20位用户时将按钮置为不可用状态！对待用户不友好,groupchat.button_icon.no_prompt,jayme__C0,jayme__C0,0.11655,0,1,0,0,0,0,0
SBERT+HC__jayme__10010000009344,sbert_hc_K20,SBERT+HC,jayme,10010000009344,groupchat.page_view.cannot_or_fail,在创建群聊的时候，用户选择欲添加进群聊的人，系统设置每次最多添加20个用户，但是在选择添加进群聊的时候，用户在已经选择了20个用户的情…,34,10010000007953,当邀请好友加入群聊时，一次最多邀请20个，但挑选好友是可以挑选多余于20个，只有在确定后才会告诉用户不能选择多于20个，当用户第一次使…,groupchat.chat.cannot_or_fail,jayme__C0,jayme__C0,0.16711,0,1,0,0,0,0,0
LLMCluster__jayme__10010000009344,llmcluster_glm-4-air,LLMCluster,jayme,10010000009344,groupchat.page_view.cannot_or_fail,在创建群聊的时候，用户选择欲添加进群聊的人，系统设置每次最多添加20个用户，但是在选择添加进群聊的时候，用户在已经选择了20个用户的情…,1,10010000008509,在加入群聊的时候，正如图片上写的热门群推荐，但是却没有热门群的内容出现，这是一个bug.,groupchat.image_banner.other,jayme__C5,jayme__C1,0.12078,0,1,1,0,0,1,0
LLMCluster__jayme__10010000009344,llmcluster_glm-4-air,LLMCluster,jayme,10010000009344,groupchat.page_view.cannot_or_fail,在创建群聊的时候，用户选择欲添加进群聊的人，系统设置每次最多添加20个用户，但是在选择添加进群聊的时候，用户在已经选择了20个用户的情…,2,10010000009156,在选择联系人时，当一次添加的人数为21人时，可以进入输群名称界面，群名称条件都输好后点确认才报错，又要退回去，好了后要重输名称条件等，…,other.page_view.other,jayme__C12,jayme__C1,0.065786,0,0,1,0,0,0,0
LLMCluster__jayme__10010000009344,llmcluster_glm-4-air,LLMCluster,jayme,10010000009344,groupchat.page_view.cannot_or_fail,在创建群聊的时候，用户选择欲添加进群聊的人，系统设置每次最多添加20个用户，但是在选择添加进群聊的时候，用户在已经选择了20个用户的情…,3,10010000008880,快捷回复出现之后，用户选择一句话进行发送。语句直接发送出去。我认为快捷回复的内容应该先跳转到发送消息的文本框内，经用户确认之后再进行发…,message_send.input_box.other,jayme__C12,jayme__C1,0.072095,0,0,1,0,0,0,0
LLMCluster__jayme__10010000009344,llmcluster_glm-4-air,LLMCluster,jayme,10010000009344,groupchat.page_view.cannot_or_fail,在创建群聊的时候，用户选择欲添加进群聊的人，系统设置每次最多添加20个用户，但是在选择添加进群聊的时候，用户在已经选择了20个用户的情…,4,10010000007904,聊天界面的的上方的更多消息查看，当没有跨越一屏幕的时候，还是会有那个文字提示标签在那里，用户体验有问题，让人误以为有聊天记录，最好是有…,message_send.page_view.wrong_value,jayme__C5,jayme__C1,0.081096,0,0,1,0,0,0,0
LLMCluster__jayme__10010000009344,llmcluster_glm-4-air,LLMCluster,jayme,10010000009344,groupchat.page_view.cannot_or_fail,在创建群聊的时候，用户选择欲添加进群聊的人，系统设置每次最多添加20个用户，但是在选择添加进群聊的时候，用户在已经选择了20个用户的情…,5,10010000008523,进行新建群中的选择联系人操作时，如图一所示:当选择的人数超过20人时，仍然可以继续添加，而在图二最终创建时候，才提示数据超出20，用户…,other.other.layout_issue,jayme__C1,jayme__C1,0.151251,0,0,0,0,0,0,0
LLMCluster__jayme__10010000009344,llmcluster_glm-4-air,LLMCluster,jayme,10010000009344,groupchat.page_view.cannot_or_fail,在创建群聊的时候，用户选择欲添加进群聊的人，系统设置每次最多添加20个用户，但是在选择添加进群聊的时候，用户在已经选择了20个用户的情…,6,10010000008653,创建群的时候，第一次勾选群友，没有提示只能勾选20个人，当超过20个还可以继续勾选，到创建群(如图页面)的时候，正下方才会提示出错。,groupchat.page_view.no_prompt,jayme__C1,jayme__C1,0.158147,0,1,0,0,0,0,0
LLMCluster__jayme__10010000009344,llmcluster_glm-4-air,LLMCluster,jayme,10010000009344,groupchat.page_view.cannot_or_fail,在创建群聊的时候，用户选择欲添加进群聊的人，系统设置每次最多添加20个用户，但是在选择添加进群聊的时候，用户在已经选择了20个用户的情…,7,10010000009028,一次性添加群组成员上限20个人，选择30多个，还能继续选择，建议这个时候，确定按钮置灰,groupchat.button_icon.other,jayme__C1,jayme__C1,0.14486,0,1,0,0,0,0,0
LLMCluster__jayme__10010000009344,llmcluster_glm-4-air,LLMCluster,jayme,10010000009344,groupchat.page_view.cannot_or_fail,在创建群聊的时候，用户选择欲添加进群聊的人，系统设置每次最多添加20个用户，但是在选择添加进群聊的时候，用户在已经选择了20个用户的情…,8,10010000008361,新建群添加好友一次性达到20个时就应该提示不能在添加！然而此还可以继续选择好友，在选择确认的时候才显示创建不符合！,other.chat.cannot_or_fail,jayme__C1,jayme__C1,0.140357,0,0,0,0,0,0,0
LLMCluster__jayme__10010000009344,llmcluster_glm-4-air,LLMCluster,jayme,10010000009344,groupchat.page_view.cannot_or_fail,在创建群聊的时候，用户选择欲添加进群聊的人，系统设置每次最多添加20个用户，但是在选择添加进群聊的时候，用户在已经选择了20个用户的情…,9,10010000009304,在添加成员的时候，一次可以选择超过20个用户，后面确认创建群组的时候才会提示您请求的数据超出系统限制。,groupchat.chat.layout_issue,jayme__C1,jayme__C1,0.238935,0,1,0,0,0,0,0
LLMCluster__jayme__10010000009344,llmcluster_glm-4-air,LLMCluster,jayme,10010000009344,groupchat.page_view.cannot_or_fail,在创建群聊的时候，用户选择欲添加进群聊的人，系统设置每次最多添加20个用户，但是在选择添加进群聊的时候，用户在已经选择了20个用户的情…,10,10010000008897,改了头像之后显示成功，但是在群聊里不显示改过的头像,groupchat.chat.display_missing,jayme__C5,jayme__C1,0.054925,0,1,1,0,0,0,0
LLMCluster__jayme__10010000009344,llmcluster_glm-4-air,LLMCluster,jayme,10010000009344,groupchat.page_view.cannot_or_fail,在创建群聊的时候，用户选择欲添加进群聊的人，系统设置每次最多添加20个用户，但是在选择添加进群聊的时候，用户在已经选择了20个用户的情…,11,10010000009808,应该添加被拉入群聊的意愿权限，不能随意被拉入群聊,groupchat.chat.permission,jayme__C2,jayme__C1,0.089633,0,1,1,0,0,0,0
LLMCluster__jayme__10010000009344,llmcluster_glm-4-air,LLMCluster,jayme,10010000009344,groupchat.page_view.cannot_or_fail,在创建群聊的时候，用户选择欲添加进群聊的人，系统设置每次最多添加20个用户，但是在选择添加进群聊的时候，用户在已经选择了20个用户的情…,12,10010000008325,群主选择加群时虽然系统默认一次只能拉入20人，但是在选择时数量却可以选择超过20人，如下图所示，确认旁边的按钮已经是“21”人了。,groupchat.button_icon.other,jayme__C1,jayme__C1,0.147859,0,1,0,0,0,0,0
LLMCluster__jayme__10010000009344,llmcluster_glm-4-air,LLMCluster,jayme,10010000009344,groupchat.page_view.cannot_or_fail,在创建群聊的时候，用户选择欲添加进群聊的人，系统设置每次最多添加20个用户，但是在选择添加进群聊的时候，用户在已经选择了20个用户的情…,13,10010000008902,在添加成员的时候，一次只能添加20个人员。当我们在添加成员页面选择添加成员的时候我们能点击21个成员，在最后创建群组的时候才说一次不可…,groupchat.page_view.cannot_or_fail,jayme__C1,jayme__C1,0.204047,1,1,0,0,0,0,0
LLMCluster__jayme__10010000009344,llmcluster_glm-4-air,LLMCluster,jayme,10010000009344,groupchat.page_view.cannot_or_fail,在创建群聊的时候，用户选择欲添加进群聊的人，系统设置每次最多添加20个用户，但是在选择添加进群聊的时候，用户在已经选择了20个用户的情…,14,10010000009869,无法选择添加自己的好友，只能够通过搜索添加。,search.chat.cannot_or_fail,jayme__C11,jayme__C1,0.110024,0,0,1,0,0,0,0
LLMCluster__jayme__10010000009344,llmcluster_glm-4-air,LLMCluster,jayme,10010000009344,groupchat.page_view.cannot_or_fail,在创建群聊的时候，用户选择欲添加进群聊的人，系统设置每次最多添加20个用户，但是在选择添加进群聊的时候，用户在已经选择了20个用户的情…,15,10010000008963,这个bug较小些了，但还是很有必要对其重视。当用户与用户私聊的时候，用户聊天界面里是只显示头像与聊天框的。在群聊中，会出现两种不同的情…,groupchat.page_view.other,jayme__C2,jayme__C1,0.166017,0,1,1,0,0,1,0
LLMCluster__jayme__10010000009344,llmcluster_glm-4-air,LLMCluster,jayme,10010000009344,groupchat.page_view.cannot_or_fail,在创建群聊的时候，用户选择欲添加进群聊的人，系统设置每次最多添加20个用户，但是在选择添加进群聊的时候，用户在已经选择了20个用户的情…,16,10010000009066,不经过同意便可以给陌生人发送消息，拉黑后才能防止骚扰。但是，创建群聊时可以拉入陌生人，并且不需要经过他同意。就算用户被拉黑，也能将拉黑…,groupchat.chat.cannot_or_fail,jayme__C12,jayme__C1,0.050611,0,1,1,0,0,0,0
LLMCluster__jayme__10010000009344,llmcluster_glm-4-air,LLMCluster,jayme,10010000009344,groupchat.page_view.cannot_or_fail,在创建群聊的时候，用户选择欲添加进群聊的人，系统设置每次最多添加20个用户，但是在选择添加进群聊的时候，用户在已经选择了20个用户的情…,17,10010000009051,由于APP内没有被加群的相关中设置，用户可以被任意用户拉进群聊，即使把对方拉入黑名单，对方也是有权拉人进群，可能会造成一些骚扰。,groupchat.page_view.other,jayme__C2,jayme__C1,0.096761,0,1,1,0,0,0,0
LLMCluster__jayme__10010000009344,llmcluster_glm-4-air,LLMCluster,jayme,10010000009344,groupchat.page_view.cannot_or_fail,在创建群聊的时候，用户选择欲添加进群聊的人，系统设置每次最多添加20个用户，但是在选择添加进群聊的时候，用户在已经选择了20个用户的情…,18,10010000008008,创建群组的时候，第一步勾选了好友，第二部填写群名称的时候界面没有提示不可以超过多少位字符，但在我字符数满了的时候就再也输入不了字符了。…,groupchat.page_view.no_prompt,jayme__C5,jayme__C1,0.100078,0,1,1,0,0,1,0
LLMCluster__jayme__10010000009344,llmcluster_glm-4-air,LLMCluster,jayme,10010000009344,groupchat.page_view.cannot_or_fail,在创建群聊的时候，用户选择欲添加进群聊的人，系统设置每次最多添加20个用户，但是在选择添加进群聊的时候，用户在已经选择了20个用户的情…,19,10010000008890,添加群聊:系统限制一次性人数添加上限为20，但在添加时就可以超过20个，应在选择人数时就添加限制提示条件，等到下个活动页面创建群聊时提…,groupchat.page_view.other,jayme__C1,jayme__C1,0.165216,0,1,0,0,0,0,0
LLMCluster__jayme__10010000009344,llmcluster_glm-4-air,LLMCluster,jayme,10010000009344,groupchat.page_view.cannot_or_fail,在创建群聊的时候，用户选择欲添加进群聊的人，系统设置每次最多添加20个用户，但是在选择添加进群聊的时候，用户在已经选择了20个用户的情…,20,10010000009717,在添加成员是一次只能添加20个成员。但是软件在哪个步骤的时候没有提示，当到了提示的时候，再返回修改麻烦。而且没有提示做多一次20 个成…,other.other.no_prompt,jayme__C1,jayme__C1,0.152958,0,0,0,0,0,0,0
LLMCluster__jayme__10010000009344,llmcluster_glm-4-air,LLMCluster,jayme,10010000009344,groupchat.page_view.cannot_or_fail,在创建群聊的时候，用户选择欲添加进群聊的人，系统设置每次最多添加20个用户，但是在选择添加进群聊的时候，用户在已经选择了20个用户的情…,21,10010000009133,建立群组的时候，群名称输入过长（超过64个字）界面无提示,groupchat.page_view.no_prompt,jayme__C9,jayme__C1,0.060862,0,1,1,0,0,0,0
LLMCluster__jayme__10010000009344,llmcluster_glm-4-air,LLMCluster,jayme,10010000009344,groupchat.page_view.cannot_or_fail,在创建群聊的时候，用户选择欲添加进群聊的人，系统设置每次最多添加20个用户，但是在选择添加进群聊的时候，用户在已经选择了20个用户的情…,22,10010000009589,按名称查找群聊的时候，重名太多，不能精确查找。（详见测试报告）,search.chat.cannot_or_fail,jayme__C8,jayme__C1,0.114221,0,0,1,0,0,0,0
LLMCluster__jayme__10010000009344,llmcluster_glm-4-air,LLMCluster,jayme,10010000009344,groupchat.page_view.cannot_or_fail,在创建群聊的时候，用户选择欲添加进群聊的人，系统设置每次最多添加20个用户，但是在选择添加进群聊的时候，用户在已经选择了20个用户的情…,23,10010000007880,群聊的设置中无法设置管理员的，却有设置需管理员同意的相关设置,groupchat.page_view.cannot_or_fail,jayme__C2,jayme__C1,0.088254,1,1,1,1,1,1,1
LLMCluster__jayme__10010000009344,llmcluster_glm-4-air,LLMCluster,jayme,10010000009344,groupchat.page_view.cannot_or_fail,在创建群聊的时候，用户选择欲添加进群聊的人，系统设置每次最多添加20个用户，但是在选择添加进群聊的时候，用户在已经选择了20个用户的情…,24,10010000008513,在拉群组讨论的时候，添加成员里，邀请最近联系人时，点方框选取，快速连续点击的时候，联系人头像会闪烁不定，并且跳成另外一张图片。,groupchat.image_banner.other,jayme__C1,jayme__C1,0.093788,0,1,0,0,0,0,0
LLMCluster__jayme__10010000009344,llmcluster_glm-4-air,LLMCluster,jayme,10010000009344,groupchat.page_view.cannot_or_fail,在创建群聊的时候，用户选择欲添加进群聊的人，系统设置每次最多添加20个用户，但是在选择添加进群聊的时候，用户在已经选择了20个用户的情…,25,10010000009218,在创建群聊时，用户可以选择添加自己的好友加入群，也可以添加陌生人加入群，并且这种添加不需要经过被添加人的同意，即用户可以随意添加任何人…,groupchat.image_banner.other,jayme__C2,jayme__C1,0.176492,0,1,1,1,1,1,1
LLMCluster__jayme__10010000009344,llmcluster_glm-4-air,LLMCluster,jayme,10010000009344,groupchat.page_view.cannot_or_fail,在创建群聊的时候，用户选择欲添加进群聊的人，系统设置每次最多添加20个用户，但是在选择添加进群聊的时候，用户在已经选择了20个用户的情…,26,10010000009793,群搜索的时候，操作繁琐，要先点击右上角的放大镜图标，由于用户的行为习惯，喜欢直接点解”查找群”,search.button_icon.other,jayme__C5,jayme__C1,0.07007,0,0,1,0,0,0,0
LLMCluster__jayme__10010000009344,llmcluster_glm-4-air,LLMCluster,jayme,10010000009344,groupchat.page_view.cannot_or_fail,在创建群聊的时候，用户选择欲添加进群聊的人，系统设置每次最多添加20个用户，但是在选择添加进群聊的时候，用户在已经选择了20个用户的情…,27,10010000009956,创建群名以及申请加入群填写申请理由的时候，超过限制字数还可以继续输入，虽然最终创建的结果是在规定字数以内，但是软甲提醒的不明显。,groupchat.other.wrong_value,jayme__C9,jayme__C1,0.071704,0,1,1,0,0,0,0
LLMCluster__jayme__10010000009344,llmcluster_glm-4-air,LLMCluster,jayme,10010000009344,groupchat.page_view.cannot_or_fail,在创建群聊的时候，用户选择欲添加进群聊的人，系统设置每次最多添加20个用户，但是在选择添加进群聊的时候，用户在已经选择了20个用户的情…,28,10010000009130,添加成员时要求最多只能20个，而当超过20个时不提醒，而且点击确定仍可以进入创建群组页面。,groupchat.page_view.other,jayme__C1,jayme__C1,0.122975,0,1,0,0,0,0,0
LLMCluster__jayme__10010000009344,llmcluster_glm-4-air,LLMCluster,jayme,10010000009344,groupchat.page_view.cannot_or_fail,在创建群聊的时候，用户选择欲添加进群聊的人，系统设置每次最多添加20个用户，但是在选择添加进群聊的时候，用户在已经选择了20个用户的情…,29,10010000008153,在创建群聊的时候，输入群名称，当群名称字数达到最大数字的时候没有提示用户已达最大字数！,groupchat.chat.no_prompt,jayme__C9,jayme__C1,0.180993,0,1,1,0,1,1,1
LLMCluster__jayme__10010000009344,llmcluster_glm-4-air,LLMCluster,jayme,10010000009344,groupchat.page_view.cannot_or_fail,在创建群聊的时候，用户选择欲添加进群聊的人，系统设置每次最多添加20个用户，但是在选择添加进群聊的时候，用户在已经选择了20个用户的情…,30,10010000009659,创建群聊选择好友时，点击好友头像，头像图片有闪烁情况。,groupchat.image_banner.other,jayme__C5,jayme__C1,0.066238,0,1,1,0,0,0,0
LLMCluster__jayme__10010000009344,llmcluster_glm-4-air,LLMCluster,jayme,10010000009344,groupchat.page_view.cannot_or_fail,在创建群聊的时候，用户选择欲添加进群聊的人，系统设置每次最多添加20个用户，但是在选择添加进群聊的时候，用户在已经选择了20个用户的情…,31,10010000008348,"在选择成员时,选中再取消用户的图标会闪烁",other.button_icon.other,jayme__C12,jayme__C1,0.09675,0,0,1,0,0,0,0
LLMCluster__jayme__10010000009344,llmcluster_glm-4-air,LLMCluster,jayme,10010000009344,groupchat.page_view.cannot_or_fail,在创建群聊的时候，用户选择欲添加进群聊的人，系统设置每次最多添加20个用户，但是在选择添加进群聊的时候，用户在已经选择了20个用户的情…,32,10010000008379,进行第二步新建群时，在选择联系人的时候，需求文档说明为一次最多添加20个人，然而，如图一所示，当添加超过20人时，未给任何超出人数的提…,other.other.layout_issue,jayme__C1,jayme__C1,0.21002,0,0,0,0,0,0,0
LLMCluster__jayme__10010000009344,llmcluster_glm-4-air,LLMCluster,jayme,10010000009344,groupchat.page_view.cannot_or_fail,在创建群聊的时候，用户选择欲添加进群聊的人，系统设置每次最多添加20个用户，但是在选择添加进群聊的时候，用户在已经选择了20个用户的情…,33,10010000007953,当邀请好友加入群聊时，一次最多邀请20个，但挑选好友是可以挑选多余于20个，只有在确定后才会告诉用户不能选择多于20个，当用户第一次使…,groupchat.chat.cannot_or_fail,jayme__C1,jayme__C1,0.16711,0,1,0,0,0,0,0
TFIDF+HC__jayme__10010000009332,tfidf_hc_K20,TFIDF+HC,jayme,10010000009332,search.page_view.cannot_or_fail,聊天页面的搜索历史记录中，不能搜索,1,10010000008692,聊天历史记录界面布局不合理，界面不美观。,message_send.page_view.layout_issue,jayme__C0,jayme__C0,0.161098,0,0,0,0,0,0,0
TFIDF+HC__jayme__10010000009332,tfidf_hc_K20,TFIDF+HC,jayme,10010000009332,search.page_view.cannot_or_fail,聊天页面的搜索历史记录中，不能搜索,2,10010000008234,搜索群应该有搜索字数限制！搜索按钮应为用户提供！,search.button_icon.other,jayme__C7,jayme__C0,0.100711,0,1,1,0,0,1,0
TFIDF+HC__jayme__10010000009332,tfidf_hc_K20,TFIDF+HC,jayme,10010000009332,search.page_view.cannot_or_fail,聊天页面的搜索历史记录中，不能搜索,3,10010000009861,聊天记录查找功能，在聊天记录中不能查找指定的内容，,search.list_item.cannot_or_fail,jayme__C0,jayme__C0,0.153682,0,1,0,0,0,0,0
TFIDF+HC__jayme__10010000009332,tfidf_hc_K20,TFIDF+HC,jayme,10010000009332,search.page_view.cannot_or_fail,聊天页面的搜索历史记录中，不能搜索,4,10010000008754,搜索历史消息时，在日期搜索时右侧的搜索符感觉没用。而且影响布局。,search.chat.layout_issue,jayme__C0,jayme__C0,0.218894,0,1,0,0,0,0,0
TFIDF+HC__jayme__10010000009332,tfidf_hc_K20,TFIDF+HC,jayme,10010000009332,search.page_view.cannot_or_fail,聊天页面的搜索历史记录中，不能搜索,5,10010000008413,我的历史记录界面与聊天界面风格不一致。,message_send.page_view.other,jayme__C0,jayme__C0,0.158287,0,0,0,0,0,0,0
TFIDF+HC__jayme__10010000009332,tfidf_hc_K20,TFIDF+HC,jayme,10010000009332,search.page_view.cannot_or_fail,聊天页面的搜索历史记录中，不能搜索,6,10010000008328,用户进入群“聊天记录”，上面的搜索按钮出现了两个，页面布局有误,search.button_icon.layout_issue,jayme__C7,jayme__C0,0.169516,0,1,1,1,1,1,1
TFIDF+HC__jayme__10010000009332,tfidf_hc_K20,TFIDF+HC,jayme,10010000009332,search.page_view.cannot_or_fail,聊天页面的搜索历史记录中，不能搜索,7,10010000009950,测试“表情”时，发现在向文本框发送输入表情，还未发送，历史表情记录中，已有这些表情。用户体验差，必现，严重程度较轻,message_send.input_box.other,jayme__C9,jayme__C0,0.087447,0,0,1,0,0,0,0
TFIDF+HC__jayme__10010000009332,tfidf_hc_K20,TFIDF+HC,jayme,10010000009332,search.page_view.cannot_or_fail,聊天页面的搜索历史记录中，不能搜索,8,10010000008649,选择联系人中，搜索框搜索好友，输入好友用户名的第一个字符，列表无法优先显示已添加好友。而且搜索结果无法明显区分已添加好友和陌生人。搜索…,search.list_item.cannot_or_fail,jayme__C2,jayme__C0,0.091736,0,1,1,0,0,0,0
TFIDF+HC__jayme__10010000009332,tfidf_hc_K20,TFIDF+HC,jayme,10010000009332,search.page_view.cannot_or_fail,聊天页面的搜索历史记录中，不能搜索,9,10010000009529,在群设置中，清空聊天记录，可在聊天记录中还有,message_send.page_view.other,jayme__C0,jayme__C0,0.170945,0,0,0,0,0,0,0
TFIDF+HC__jayme__10010000009332,tfidf_hc_K20,TFIDF+HC,jayme,10010000009332,search.page_view.cannot_or_fail,聊天页面的搜索历史记录中，不能搜索,10,10010000010000,模糊搜索群名时，输入的部分关键字与群名一样，不能出现搜索结果,search.other.cannot_or_fail,jayme__C7,jayme__C0,0.105867,0,1,1,0,0,1,0
TFIDF+HC__jayme__10010000009332,tfidf_hc_K20,TFIDF+HC,jayme,10010000009332,search.page_view.cannot_or_fail,聊天页面的搜索历史记录中，不能搜索,11,10010000009397,当查找加入群时，搜索自己创建的群名为“乱七八糟群”的群，不能搜索到,search.other.cannot_or_fail,jayme__C7,jayme__C0,0.166154,0,1,1,1,1,1,1
TFIDF+HC__jayme__10010000009332,tfidf_hc_K20,TFIDF+HC,jayme,10010000009332,search.page_view.cannot_or_fail,聊天页面的搜索历史记录中，不能搜索,12,10010000008162,在进行搜索框搜索的时候，必须点击后面的放大镜，不可以点击前面的添加成员那个地方。,search.other.cannot_or_fail,jayme__C7,jayme__C0,0.108725,0,1,1,0,0,1,0
TFIDF+HC__jayme__10010000009332,tfidf_hc_K20,TFIDF+HC,jayme,10010000009332,search.page_view.cannot_or_fail,聊天页面的搜索历史记录中，不能搜索,13,10010000009898,群聊中历史记录，不能实现按日期查找聊天记录。,search.list_item.cannot_or_fail,jayme__C0,jayme__C0,0.223942,0,1,0,0,0,0,0
TFIDF+HC__jayme__10010000009332,tfidf_hc_K20,TFIDF+HC,jayme,10010000009332,search.page_view.cannot_or_fail,聊天页面的搜索历史记录中，不能搜索,14,10010000009924,搜索历史消息时，在日期搜索时的左侧的搜索符感觉没用，而且影响布局。,search.chat.layout_issue,jayme__C0,jayme__C0,0.216963,0,1,0,0,0,0,0
TFIDF+HC__jayme__10010000009332,tfidf_hc_K20,TFIDF+HC,jayme,10010000009332,search.page_view.cannot_or_fail,聊天页面的搜索历史记录中，不能搜索,15,10010000009845,搜索群时，有时候会无法搜索到，特别是在群刚建立不久，也就是说系统更新较慢，不能及时将新添加的群组更新上去，导致搜索不到。搜索群号成功率…,search.chat.cannot_or_fail,jayme__C7,jayme__C0,0.105702,0,1,1,0,0,1,0
TFIDF+HC__jayme__10010000009332,tfidf_hc_K20,TFIDF+HC,jayme,10010000009332,search.page_view.cannot_or_fail,聊天页面的搜索历史记录中，不能搜索,16,10010000009552,进行清空聊天消息记录时，删除成功后，在聊天历史记录时仍能查到消息记录,message_send.list_item.other,jayme__C0,jayme__C0,0.16231,0,0,0,0,0,0,0
TFIDF+HC__jayme__10010000009332,tfidf_hc_K20,TFIDF+HC,jayme,10010000009332,search.page_view.cannot_or_fail,聊天页面的搜索历史记录中，不能搜索,17,10010000009260,在消息助手中，查看群消息记录，选择查看消息历史记录的时间，当前时间是2016,message_send.list_item.wrong_value,jayme__C0,jayme__C0,0.124288,0,0,0,0,0,0,0
TFIDF+HC__jayme__10010000009332,tfidf_hc_K20,TFIDF+HC,jayme,10010000009332,search.page_view.cannot_or_fail,聊天页面的搜索历史记录中，不能搜索,18,10010000009422,搜索是如果是数字会将群的id也搜索在内，而群昵称中有很多不包含该数字，该情况会是使用这错乱，并且增加使用者的搜索力度，添加麻烦，可以设…,search.page_view.other,jayme__C7,jayme__C0,0.08625,0,1,1,0,0,0,0
TFIDF+HC__jayme__10010000009332,tfidf_hc_K20,TFIDF+HC,jayme,10010000009332,search.page_view.cannot_or_fail,聊天页面的搜索历史记录中，不能搜索,19,10010000009809,查找群时，搜索框再左边点击不能搜索。用户体验不够好,search.other.cannot_or_fail,jayme__C7,jayme__C0,0.175539,0,1,1,1,1,1,1
TFIDF+HC__jayme__10010000009332,tfidf_hc_K20,TFIDF+HC,jayme,10010000009332,search.page_view.cannot_or_fail,聊天页面的搜索历史记录中，不能搜索,20,10010000008395,已知新建群的群号，但是在好友页面上方的搜索中搜索群号，无法找到，上方搜索只能进行好友搜索,search.page_view.cannot_or_fail,jayme__C7,jayme__C0,0.150736,1,1,1,1,1,1,1
TFIDF+HC__jayme__10010000009332,tfidf_hc_K20,TFIDF+HC,jayme,10010000009332,search.page_view.cannot_or_fail,聊天页面的搜索历史记录中，不能搜索,21,10010000009158,聊天页面右上角任务栏，发起群聊，点击添加最近联系人，需要点击至少一个人才能点击确定，一个人无法建群。,groupchat.page_view.cannot_or_fail,jayme__C2,jayme__C0,0.081214,0,0,1,0,0,0,0
TFIDF+HC__jayme__10010000009332,tfidf_hc_K20,TFIDF+HC,jayme,10010000009332,search.page_view.cannot_or_fail,聊天页面的搜索历史记录中，不能搜索,22,10010000009135,输入没有查找结果的搜索条件后，系统没有提示“没有找到相关群”,search.other.no_prompt,jayme__C7,jayme__C0,0.067714,0,1,1,0,0,0,0
TFIDF+HC__jayme__10010000009332,tfidf_hc_K20,TFIDF+HC,jayme,10010000009332,search.page_view.cannot_or_fail,聊天页面的搜索历史记录中，不能搜索,23,10010000008132,用户以为在“查找群”旁边单击即可输入搜索信息，但是实际上用户必须单击右上角的搜索小图标后才会出现搜索框,search.button_icon.other,jayme__C7,jayme__C0,0.095904,0,1,1,0,0,0,0
TFIDF+HC__jayme__10010000009332,tfidf_hc_K20,TFIDF+HC,jayme,10010000009332,search.page_view.cannot_or_fail,聊天页面的搜索历史记录中，不能搜索,24,10010000009733,聊天界面消息查看，当还没有到下一屏幕时，还有文字提示标签，屏幕转换不流畅用户体验差，严重程度较轻,message_send.page_view.other,jayme__C9,jayme__C0,0.018023,0,0,1,0,0,0,0
TFIDF+HC__jayme__10010000009332,tfidf_hc_K20,TFIDF+HC,jayme,10010000009332,search.page_view.cannot_or_fail,聊天页面的搜索历史记录中，不能搜索,25,10010000008299,输入搜索信息后，再单击“重输”按钮，不能清空文本,search.button_icon.cannot_or_fail,jayme__C7,jayme__C0,0.078648,0,1,1,0,0,0,0
TFIDF+HC__jayme__10010000009332,tfidf_hc_K20,TFIDF+HC,jayme,10010000009332,search.page_view.cannot_or_fail,聊天页面的搜索历史记录中，不能搜索,26,10010000008721,输入群公告信息，提示创建公告成功，在聊天页面没有显示,message_send.page_view.other,jayme__C0,jayme__C0,0.106374,0,0,0,0,0,0,0
TFIDF+HC__jayme__10010000009332,tfidf_hc_K20,TFIDF+HC,jayme,10010000009332,search.page_view.cannot_or_fail,聊天页面的搜索历史记录中，不能搜索,27,10010000009336,头像更换不彻底，.修改头像后，预期结果是不管在个人信息还是聊天时都应该显示为更改后的头像，但是实际结果是聊天界面里的头像没有发生改变,message_send.page_view.wrong_value,jayme__C13,jayme__C0,0.026182,0,0,1,0,0,0,0
TFIDF+HC__jayme__10010000009332,tfidf_hc_K20,TFIDF+HC,jayme,10010000009332,search.page_view.cannot_or_fail,聊天页面的搜索历史记录中，不能搜索,28,10010000008544,朋友界面的搜索按钮只能查找对应关键字的个人用户或者已加入的群组,search.button_icon.other,jayme__C7,jayme__C0,0.120561,0,1,1,0,0,0,0
TFIDF+HC__jayme__10010000009332,tfidf_hc_K20,TFIDF+HC,jayme,10010000009332,search.page_view.cannot_or_fail,聊天页面的搜索历史记录中，不能搜索,29,10010000009177,点击群设置里的清空聊天记录，预期结果应该是群里的聊天记录被清空，也无法通过查看聊天记录查看。但是实际结果是清空聊天记录后，聊天页面没有…,message_send.page_view.wrong_value,jayme__C0,jayme__C0,0.145405,0,0,0,0,0,0,0
TFIDF+HC__jayme__10010000009332,tfidf_hc_K20,TFIDF+HC,jayme,10010000009332,search.page_view.cannot_or_fail,聊天页面的搜索历史记录中，不能搜索,30,10010000009300,"我在聊天页面说几句话,然后就有了聊天记录。然后我删除聊天记录,聊天页面的聊天记录没了,但是聊天记录还在历史记录里存在。",message_send.page_view.wrong_value,jayme__C0,jayme__C0,0.27888,0,0,0,0,0,0,0
TFIDF+HC__jayme__10010000009332,tfidf_hc_K20,TFIDF+HC,jayme,10010000009332,search.page_view.cannot_or_fail,聊天页面的搜索历史记录中，不能搜索,31,10010000007986,在利用搜索框搜索群后，再次就行搜索时，发现没有搜索记录，如果用户想重新再搜索一次，还需要重新输入，给用户带来不便。,search.list_item.other,jayme__C7,jayme__C0,0.129845,0,1,1,0,0,0,0
TFIDF+HC__jayme__10010000009332,tfidf_hc_K20,TFIDF+HC,jayme,10010000009332,search.page_view.cannot_or_fail,聊天页面的搜索历史记录中，不能搜索,32,10010000009616,删除群内聊天记录后，还可以在历史记录中找到聊天记录,message_send.list_item.other,jayme__C0,jayme__C0,0.23844,0,0,0,0,0,0,0
TFIDF+HC__jayme__10010000009332,tfidf_hc_K20,TFIDF+HC,jayme,10010000009332,search.page_view.cannot_or_fail,聊天页面的搜索历史记录中，不能搜索,33,10010000007904,聊天界面的的上方的更多消息查看，当没有跨越一屏幕的时候，还是会有那个文字提示标签在那里，用户体验有问题，让人误以为有聊天记录，最好是有…,message_send.page_view.wrong_value,jayme__C9,jayme__C0,0.054491,0,0,1,0,0,0,0
SBERT+HC__jayme__10010000009332,sbert_hc_K20,SBERT+HC,jayme,10010000009332,search.page_view.cannot_or_fail,聊天页面的搜索历史记录中，不能搜索,1,10010000008220,利用关键词搜索群的时候，没有根据搜索内容进行联想，只有在按下搜索按钮后才有内容。,search.button_icon.other,jayme__C0,jayme__C1,0.082452,0,1,1,0,0,0,0
SBERT+HC__jayme__10010000009332,sbert_hc_K20,SBERT+HC,jayme,10010000009332,search.page_view.cannot_or_fail,聊天页面的搜索历史记录中，不能搜索,2,10010000008721,输入群公告信息，提示创建公告成功，在聊天页面没有显示,message_send.page_view.other,jayme__C0,jayme__C1,0.106374,0,0,1,0,0,0,0
SBERT+HC__jayme__10010000009332,sbert_hc_K20,SBERT+HC,jayme,10010000009332,search.page_view.cannot_or_fail,聊天页面的搜索历史记录中，不能搜索,3,10010000009924,搜索历史消息时，在日期搜索时的左侧的搜索符感觉没用，而且影响布局。,search.chat.layout_issue,jayme__C1,jayme__C1,0.216963,0,1,0,0,0,0,0
SBERT+HC__jayme__10010000009332,sbert_hc_K20,SBERT+HC,jayme,10010000009332,search.page_view.cannot_or_fail,聊天页面的搜索历史记录中，不能搜索,4,10010000008836,在群组设置中，在查看群公告时，并不能查看历史公告，历史群公告并没有保存，用户只能在历史信息中查看，在用户体验方面，给用户带来非常的不便。,groupchat.page_view.cannot_or_fail,jayme__C0,jayme__C1,0.080222,0,0,1,0,0,0,0
SBERT+HC__jayme__10010000009332,sbert_hc_K20,SBERT+HC,jayme,10010000009332,search.page_view.cannot_or_fail,聊天页面的搜索历史记录中，不能搜索,5,10010000008776,在群聊或者私聊聊天界面，删除了聊天记录再进去的时候，点击历史消息还是有记录，功能不完整。,groupchat.page_view.wrong_value,jayme__C1,jayme__C1,0.103717,0,0,0,0,0,0,0
SBERT+HC__jayme__10010000009332,sbert_hc_K20,SBERT+HC,jayme,10010000009332,search.page_view.cannot_or_fail,聊天页面的搜索历史记录中，不能搜索,6,10010000008520,当我选择清空聊天记录时，聊天记录虽然清空了，但我还是可以通过查看消息来查看以前的聊天记录,message_send.list_item.wrong_value,jayme__C1,jayme__C1,0.088521,0,0,0,0,0,0,0
SBERT+HC__jayme__10010000009332,sbert_hc_K20,SBERT+HC,jayme,10010000009332,search.page_view.cannot_or_fail,聊天页面的搜索历史记录中，不能搜索,7,10010000008299,输入搜索信息后，再单击“重输”按钮，不能清空文本,search.button_icon.cannot_or_fail,jayme__C0,jayme__C1,0.078648,0,1,1,0,0,0,0
SBERT+HC__jayme__10010000009332,sbert_hc_K20,SBERT+HC,jayme,10010000009332,search.page_view.cannot_or_fail,聊天页面的搜索历史记录中，不能搜索,8,10010000009874,进行好友/群组查询时，不能直接通过点击搜索框进行查询，必须由点击 放大镜图标 开始查询。用户体验性降低。,search.button_icon.cannot_or_fail,jayme__C0,jayme__C1,0.048715,0,1,1,0,0,0,0
SBERT+HC__jayme__10010000009332,sbert_hc_K20,SBERT+HC,jayme,10010000009332,search.page_view.cannot_or_fail,聊天页面的搜索历史记录中，不能搜索,9,10010000008317,登陆之后，从朋友页面发起群聊，点击搜索，断开网络，输入关键字，没有提示网络已断开，而是一直显示搜索！,search.page_view.no_prompt,jayme__C0,jayme__C1,0.071573,0,1,1,0,0,0,0
SBERT+HC__jayme__10010000009332,sbert_hc_K20,SBERT+HC,jayme,10010000009332,search.page_view.cannot_or_fail,聊天页面的搜索历史记录中，不能搜索,10,10010000008017,搜索时，文本框前后加 空格 会导致，无法正常查询到相关联系人，对于文本卡的trim()方法没有调用,search.input_box.cannot_or_fail,jayme__C0,jayme__C1,0.025876,0,1,1,0,0,0,0
SBERT+HC__jayme__10010000009332,sbert_hc_K20,SBERT+HC,jayme,10010000009332,search.page_view.cannot_or_fail,聊天页面的搜索历史记录中，不能搜索,11,10010000009809,查找群时，搜索框再左边点击不能搜索。用户体验不够好,search.other.cannot_or_fail,jayme__C0,jayme__C1,0.175539,0,1,1,0,1,1,1
SBERT+HC__jayme__10010000009332,sbert_hc_K20,SBERT+HC,jayme,10010000009332,search.page_view.cannot_or_fail,聊天页面的搜索历史记录中，不能搜索,12,10010000009300,"我在聊天页面说几句话,然后就有了聊天记录。然后我删除聊天记录,聊天页面的聊天记录没了,但是聊天记录还在历史记录里存在。",message_send.page_view.wrong_value,jayme__C1,jayme__C1,0.27888,0,0,0,0,0,0,0
SBERT+HC__jayme__10010000009332,sbert_hc_K20,SBERT+HC,jayme,10010000009332,search.page_view.cannot_or_fail,聊天页面的搜索历史记录中，不能搜索,13,10010000008944,在历史消息界面有两个搜索图标，下面那个是不必要的。,search.button_icon.other,jayme__C1,jayme__C1,0.078555,0,1,0,0,0,0,0
SBERT+HC__jayme__10010000009332,sbert_hc_K20,SBERT+HC,jayme,10010000009332,search.page_view.cannot_or_fail,聊天页面的搜索历史记录中，不能搜索,14,10010000009177,点击群设置里的清空聊天记录，预期结果应该是群里的聊天记录被清空，也无法通过查看聊天记录查看。但是实际结果是清空聊天记录后，聊天页面没有…,message_send.page_view.wrong_value,jayme__C1,jayme__C1,0.145405,0,0,0,0,0,0,0
SBERT+HC__jayme__10010000009332,sbert_hc_K20,SBERT+HC,jayme,10010000009332,search.page_view.cannot_or_fail,聊天页面的搜索历史记录中，不能搜索,15,10010000008062,通过朋友页面右上角发起群聊之后，搜索好友，输入关键字，出现好友列表之后，断开网络，清空搜索框，再输入刚才的关键字，没有提示网络断开，依…,search.page_view.no_prompt,jayme__C0,jayme__C1,0.060431,0,1,1,0,0,0,0
SBERT+HC__jayme__10010000009332,sbert_hc_K20,SBERT+HC,jayme,10010000009332,search.page_view.cannot_or_fail,聊天页面的搜索历史记录中，不能搜索,16,10010000009587,清空聊天记录，仍然能从聊天记录的历史消息中看到消息记录,message_send.list_item.other,jayme__C1,jayme__C1,0.144602,0,0,0,0,0,0,0
SBERT+HC__jayme__10010000009332,sbert_hc_K20,SBERT+HC,jayme,10010000009332,search.page_view.cannot_or_fail,聊天页面的搜索历史记录中，不能搜索,17,10010000008981,加入群聊中，点击查看历史消息，跳转到历史消息界面，历史消息界面排版过于粗糙，关键字和日期搜索框排列不美观。同时没有下拉刷新功能。,search.page_view.layout_issue,jayme__C1,jayme__C1,0.094195,0,1,0,0,0,0,0
SBERT+HC__jayme__10010000009332,sbert_hc_K20,SBERT+HC,jayme,10010000009332,search.page_view.cannot_or_fail,聊天页面的搜索历史记录中，不能搜索,18,10010000009495,清空聊天记录，在历史消息依然可以查询到,message_send.list_item.other,jayme__C1,jayme__C1,0.092391,0,0,0,0,0,0,0
SBERT+HC__jayme__10010000009332,sbert_hc_K20,SBERT+HC,jayme,10010000009332,search.page_view.cannot_or_fail,聊天页面的搜索历史记录中，不能搜索,19,10010000008544,朋友界面的搜索按钮只能查找对应关键字的个人用户或者已加入的群组,search.button_icon.other,jayme__C0,jayme__C1,0.120561,0,1,1,0,0,1,0
SBERT+HC__jayme__10010000009332,sbert_hc_K20,SBERT+HC,jayme,10010000009332,search.page_view.cannot_or_fail,聊天页面的搜索历史记录中，不能搜索,20,10010000010000,模糊搜索群名时，输入的部分关键字与群名一样，不能出现搜索结果,search.other.cannot_or_fail,jayme__C0,jayme__C1,0.105867,0,1,1,0,0,1,0
SBERT+HC__jayme__10010000009332,sbert_hc_K20,SBERT+HC,jayme,10010000009332,search.page_view.cannot_or_fail,聊天页面的搜索历史记录中，不能搜索,21,10010000007986,在利用搜索框搜索群后，再次就行搜索时，发现没有搜索记录，如果用户想重新再搜索一次，还需要重新输入，给用户带来不便。,search.list_item.other,jayme__C0,jayme__C1,0.129845,0,1,1,0,0,1,0
SBERT+HC__jayme__10010000009332,sbert_hc_K20,SBERT+HC,jayme,10010000009332,search.page_view.cannot_or_fail,聊天页面的搜索历史记录中，不能搜索,22,10010000009861,聊天记录查找功能，在聊天记录中不能查找指定的内容，,search.list_item.cannot_or_fail,jayme__C1,jayme__C1,0.153682,0,1,0,0,0,0,0
SBERT+HC__jayme__10010000009332,sbert_hc_K20,SBERT+HC,jayme,10010000009332,search.page_view.cannot_or_fail,聊天页面的搜索历史记录中，不能搜索,23,10010000009336,头像更换不彻底，.修改头像后，预期结果是不管在个人信息还是聊天时都应该显示为更改后的头像，但是实际结果是聊天界面里的头像没有发生改变,message_send.page_view.wrong_value,jayme__C16,jayme__C1,0.026182,0,0,1,0,0,0,0
SBERT+HC__jayme__10010000009332,sbert_hc_K20,SBERT+HC,jayme,10010000009332,search.page_view.cannot_or_fail,聊天页面的搜索历史记录中，不能搜索,24,10010000009425,用户搜索群时，没有历史消息记录，如果用户加群不成功，还需要重新搜索。而且，即使用户已经加入了该群，仍然没有优先显示。,search.list_item.other,jayme__C0,jayme__C1,0.088535,0,1,1,0,0,0,0
SBERT+HC__jayme__10010000009332,sbert_hc_K20,SBERT+HC,jayme,10010000009332,search.page_view.cannot_or_fail,聊天页面的搜索历史记录中，不能搜索,25,10010000008328,用户进入群“聊天记录”，上面的搜索按钮出现了两个，页面布局有误,search.button_icon.layout_issue,jayme__C0,jayme__C1,0.169516,0,1,1,1,1,1,1
SBERT+HC__jayme__10010000009332,sbert_hc_K20,SBERT+HC,jayme,10010000009332,search.page_view.cannot_or_fail,聊天页面的搜索历史记录中，不能搜索,26,10010000009898,群聊中历史记录，不能实现按日期查找聊天记录。,search.list_item.cannot_or_fail,jayme__C1,jayme__C1,0.223942,0,1,0,0,0,0,0
SBERT+HC__jayme__10010000009332,sbert_hc_K20,SBERT+HC,jayme,10010000009332,search.page_view.cannot_or_fail,聊天页面的搜索历史记录中，不能搜索,27,10010000008395,已知新建群的群号，但是在好友页面上方的搜索中搜索群号，无法找到，上方搜索只能进行好友搜索,search.page_view.cannot_or_fail,jayme__C0,jayme__C1,0.150736,1,1,1,1,1,1,1
SBERT+HC__jayme__10010000009332,sbert_hc_K20,SBERT+HC,jayme,10010000009332,search.page_view.cannot_or_fail,聊天页面的搜索历史记录中，不能搜索,28,10010000008374,在群里清空聊天记录时，还会有历史消息可以看到。,message_send.list_item.other,jayme__C1,jayme__C1,0.082725,0,0,0,0,0,0,0
SBERT+HC__jayme__10010000009332,sbert_hc_K20,SBERT+HC,jayme,10010000009332,search.page_view.cannot_or_fail,聊天页面的搜索历史记录中，不能搜索,29,10010000008342,查看历史消息时，按时间查找，点击没有聊天记录的时间，系统不提示没有聊天记录。而且 选择时间时操作不友好。,search.list_item.other,jayme__C1,jayme__C1,0.08054,0,1,0,0,0,0,0
SBERT+HC__jayme__10010000009332,sbert_hc_K20,SBERT+HC,jayme,10010000009332,search.page_view.cannot_or_fail,聊天页面的搜索历史记录中，不能搜索,30,10010000009616,删除群内聊天记录后，还可以在历史记录中找到聊天记录,message_send.list_item.other,jayme__C1,jayme__C1,0.23844,0,0,0,0,0,0,0
SBERT+HC__jayme__10010000009332,sbert_hc_K20,SBERT+HC,jayme,10010000009332,search.page_view.cannot_or_fail,聊天页面的搜索历史记录中，不能搜索,31,10010000008754,搜索历史消息时，在日期搜索时右侧的搜索符感觉没用。而且影响布局。,search.chat.layout_issue,jayme__C1,jayme__C1,0.218894,0,1,0,0,0,0,0
SBERT+HC__jayme__10010000009332,sbert_hc_K20,SBERT+HC,jayme,10010000009332,search.page_view.cannot_or_fail,聊天页面的搜索历史记录中，不能搜索,32,10010000008413,我的历史记录界面与聊天界面风格不一致。,message_send.page_view.other,jayme__C1,jayme__C1,0.158287,0,0,0,0,0,0,0
SBERT+HC__jayme__10010000009332,sbert_hc_K20,SBERT+HC,jayme,10010000009332,search.page_view.cannot_or_fail,聊天页面的搜索历史记录中，不能搜索,33,10010000008297,输入查找信息后，界面内没有搜索按钮，是用不方便,search.button_icon.other,jayme__C0,jayme__C1,0.047921,0,1,1,0,0,0,0
SBERT+HC__jayme__10010000009332,sbert_hc_K20,SBERT+HC,jayme,10010000009332,search.page_view.cannot_or_fail,聊天页面的搜索历史记录中，不能搜索,34,10010000009468,成功进群后，点击历史消息，进入历史消息页面，页面布局不美观。,message_send.page_view.layout_issue,jayme__C1,jayme__C1,0.09751,0,0,0,0,0,0,0
SBERT+HC__jayme__10010000009332,sbert_hc_K20,SBERT+HC,jayme,10010000009332,search.page_view.cannot_or_fail,聊天页面的搜索历史记录中，不能搜索,35,10010000009032,在查找群的页面上，只能通过点击搜索小图标才能输入群号进行查找，用起来不是很方便，较麻烦,search.button_icon.other,jayme__C0,jayme__C1,0.054488,0,1,1,0,0,0,0
SBERT+HC__jayme__10010000009332,sbert_hc_K20,SBERT+HC,jayme,10010000009332,search.page_view.cannot_or_fail,聊天页面的搜索历史记录中，不能搜索,36,10010000009138,在聊天记录页面删除记录后再查询聊天记录依然存在，并未被删除。,message_send.page_view.other,jayme__C1,jayme__C1,0.107343,0,0,0,0,0,0,0
SBERT+HC__jayme__10010000009332,sbert_hc_K20,SBERT+HC,jayme,10010000009332,search.page_view.cannot_or_fail,聊天页面的搜索历史记录中，不能搜索,37,10010000009625,点击清空聊天记录 在聊天记录里任然可以查看历史聊天,message_send.list_item.other,jayme__C1,jayme__C1,0.129811,0,0,0,0,0,0,0
SBERT+HC__jayme__10010000009332,sbert_hc_K20,SBERT+HC,jayme,10010000009332,search.page_view.cannot_or_fail,聊天页面的搜索历史记录中，不能搜索,38,10010000009535,在查找群页面，页面布局不佳，点击热门群推荐时，跳转一个新页面可选择热门群，而页面其他内容可以重新布局,search.page_view.layout_issue,jayme__C0,jayme__C1,0.053908,0,1,1,0,0,0,0
SBERT+HC__jayme__10010000009332,sbert_hc_K20,SBERT+HC,jayme,10010000009332,search.page_view.cannot_or_fail,聊天页面的搜索历史记录中，不能搜索,39,10010000009158,聊天页面右上角任务栏，发起群聊，点击添加最近联系人，需要点击至少一个人才能点击确定，一个人无法建群。,groupchat.page_view.cannot_or_fail,jayme__C0,jayme__C1,0.081214,0,0,1,0,0,0,0
LLMCluster__jayme__10010000009332,llmcluster_glm-4-air,LLMCluster,jayme,10010000009332,search.page_view.cannot_or_fail,聊天页面的搜索历史记录中，不能搜索,1,10010000009300,"我在聊天页面说几句话,然后就有了聊天记录。然后我删除聊天记录,聊天页面的聊天记录没了,但是聊天记录还在历史记录里存在。",message_send.page_view.wrong_value,jayme__C3,jayme__C3,0.27888,0,0,0,0,0,0,0
LLMCluster__jayme__10010000009332,llmcluster_glm-4-air,LLMCluster,jayme,10010000009332,search.page_view.cannot_or_fail,聊天页面的搜索历史记录中，不能搜索,2,10010000009702,前提条件:群聊聊天记录中存在两条删除的消息,groupchat.list_item.other,jayme__C3,jayme__C3,0.098303,0,0,0,0,0,0,0
LLMCluster__jayme__10010000009332,llmcluster_glm-4-air,LLMCluster,jayme,10010000009332,search.page_view.cannot_or_fail,聊天页面的搜索历史记录中，不能搜索,3,10010000009260,在消息助手中，查看群消息记录，选择查看消息历史记录的时间，当前时间是2016,message_send.list_item.wrong_value,jayme__C3,jayme__C3,0.124288,0,0,0,0,0,0,0
LLMCluster__jayme__10010000009332,llmcluster_glm-4-air,LLMCluster,jayme,10010000009332,search.page_view.cannot_or_fail,聊天页面的搜索历史记录中，不能搜索,4,10010000008754,搜索历史消息时，在日期搜索时右侧的搜索符感觉没用。而且影响布局。,search.chat.layout_issue,jayme__C5,jayme__C3,0.218894,0,1,1,1,1,1,1
LLMCluster__jayme__10010000009332,llmcluster_glm-4-air,LLMCluster,jayme,10010000009332,search.page_view.cannot_or_fail,聊天页面的搜索历史记录中，不能搜索,5,10010000009397,当查找加入群时，搜索自己创建的群名为“乱七八糟群”的群，不能搜索到,search.other.cannot_or_fail,jayme__C8,jayme__C3,0.166154,0,1,1,1,0,1,1
LLMCluster__jayme__10010000009332,llmcluster_glm-4-air,LLMCluster,jayme,10010000009332,search.page_view.cannot_or_fail,聊天页面的搜索历史记录中，不能搜索,6,10010000008299,输入搜索信息后，再单击“重输”按钮，不能清空文本,search.button_icon.cannot_or_fail,jayme__C8,jayme__C3,0.078648,0,1,1,0,0,0,0
LLMCluster__jayme__10010000009332,llmcluster_glm-4-air,LLMCluster,jayme,10010000009332,search.page_view.cannot_or_fail,聊天页面的搜索历史记录中，不能搜索,7,10010000009177,点击群设置里的清空聊天记录，预期结果应该是群里的聊天记录被清空，也无法通过查看聊天记录查看。但是实际结果是清空聊天记录后，聊天页面没有…,message_send.page_view.wrong_value,jayme__C3,jayme__C3,0.145405,0,0,0,0,0,0,0
LLMCluster__jayme__10010000009332,llmcluster_glm-4-air,LLMCluster,jayme,10010000009332,search.page_view.cannot_or_fail,聊天页面的搜索历史记录中，不能搜索,8,10010000008721,输入群公告信息，提示创建公告成功，在聊天页面没有显示,message_send.page_view.other,jayme__C3,jayme__C3,0.106374,0,0,0,0,0,0,0
LLMCluster__jayme__10010000009332,llmcluster_glm-4-air,LLMCluster,jayme,10010000009332,search.page_view.cannot_or_fail,聊天页面的搜索历史记录中，不能搜索,9,10010000009845,搜索群时，有时候会无法搜索到，特别是在群刚建立不久，也就是说系统更新较慢，不能及时将新添加的群组更新上去，导致搜索不到。搜索群号成功率…,search.chat.cannot_or_fail,jayme__C8,jayme__C3,0.105702,0,1,1,0,0,0,0
LLMCluster__jayme__10010000009332,llmcluster_glm-4-air,LLMCluster,jayme,10010000009332,search.page_view.cannot_or_fail,聊天页面的搜索历史记录中，不能搜索,10,10010000009861,聊天记录查找功能，在聊天记录中不能查找指定的内容，,search.list_item.cannot_or_fail,jayme__C8,jayme__C3,0.153682,0,1,1,0,1,1,1
LLMCluster__jayme__10010000009332,llmcluster_glm-4-air,LLMCluster,jayme,10010000009332,search.page_view.cannot_or_fail,聊天页面的搜索历史记录中，不能搜索,11,10010000009616,删除群内聊天记录后，还可以在历史记录中找到聊天记录,message_send.list_item.other,jayme__C3,jayme__C3,0.23844,0,0,0,0,0,0,0
LLMCluster__jayme__10010000009332,llmcluster_glm-4-air,LLMCluster,jayme,10010000009332,search.page_view.cannot_or_fail,聊天页面的搜索历史记录中，不能搜索,12,10010000009135,输入没有查找结果的搜索条件后，系统没有提示“没有找到相关群”,search.other.no_prompt,jayme__C8,jayme__C3,0.067714,0,1,1,0,0,0,0
LLMCluster__jayme__10010000009332,llmcluster_glm-4-air,LLMCluster,jayme,10010000009332,search.page_view.cannot_or_fail,聊天页面的搜索历史记录中，不能搜索,13,10010000008234,搜索群应该有搜索字数限制！搜索按钮应为用户提供！,search.button_icon.other,jayme__C8,jayme__C3,0.100711,0,1,1,0,0,1,0
LLMCluster__jayme__10010000009332,llmcluster_glm-4-air,LLMCluster,jayme,10010000009332,search.page_view.cannot_or_fail,聊天页面的搜索历史记录中，不能搜索,14,10010000008132,用户以为在“查找群”旁边单击即可输入搜索信息，但是实际上用户必须单击右上角的搜索小图标后才会出现搜索框,search.button_icon.other,jayme__C5,jayme__C3,0.095904,0,1,1,0,0,0,0
LLMCluster__jayme__10010000009332,llmcluster_glm-4-air,LLMCluster,jayme,10010000009332,search.page_view.cannot_or_fail,聊天页面的搜索历史记录中，不能搜索,15,10010000008692,聊天历史记录界面布局不合理，界面不美观。,message_send.page_view.layout_issue,jayme__C3,jayme__C3,0.161098,0,0,0,0,0,0,0
LLMCluster__jayme__10010000009332,llmcluster_glm-4-air,LLMCluster,jayme,10010000009332,search.page_view.cannot_or_fail,聊天页面的搜索历史记录中，不能搜索,16,10010000009809,查找群时，搜索框再左边点击不能搜索。用户体验不够好,search.other.cannot_or_fail,jayme__C5,jayme__C3,0.175539,0,1,1,0,1,1,1
LLMCluster__jayme__10010000009332,llmcluster_glm-4-air,LLMCluster,jayme,10010000009332,search.page_view.cannot_or_fail,聊天页面的搜索历史记录中，不能搜索,17,10010000009529,在群设置中，清空聊天记录，可在聊天记录中还有,message_send.page_view.other,jayme__C3,jayme__C3,0.170945,0,0,0,0,0,0,0
LLMCluster__jayme__10010000009332,llmcluster_glm-4-air,LLMCluster,jayme,10010000009332,search.page_view.cannot_or_fail,聊天页面的搜索历史记录中，不能搜索,18,10010000008328,用户进入群“聊天记录”，上面的搜索按钮出现了两个，页面布局有误,search.button_icon.layout_issue,jayme__C5,jayme__C3,0.169516,0,1,1,1,1,1,1
LLMCluster__jayme__10010000009332,llmcluster_glm-4-air,LLMCluster,jayme,10010000009332,search.page_view.cannot_or_fail,聊天页面的搜索历史记录中，不能搜索,19,10010000009158,聊天页面右上角任务栏，发起群聊，点击添加最近联系人，需要点击至少一个人才能点击确定，一个人无法建群。,groupchat.page_view.cannot_or_fail,jayme__C1,jayme__C3,0.081214,0,0,1,0,0,0,0
LLMCluster__jayme__10010000009332,llmcluster_glm-4-air,LLMCluster,jayme,10010000009332,search.page_view.cannot_or_fail,聊天页面的搜索历史记录中，不能搜索,20,10010000010000,模糊搜索群名时，输入的部分关键字与群名一样，不能出现搜索结果,search.other.cannot_or_fail,jayme__C12,jayme__C3,0.105867,0,1,1,0,0,1,0
LLMCluster__jayme__10010000009332,llmcluster_glm-4-air,LLMCluster,jayme,10010000009332,search.page_view.cannot_or_fail,聊天页面的搜索历史记录中，不能搜索,21,10010000009898,群聊中历史记录，不能实现按日期查找聊天记录。,search.list_item.cannot_or_fail,jayme__C3,jayme__C3,0.223942,0,1,0,0,0,0,0
LLMCluster__jayme__10010000009332,llmcluster_glm-4-air,LLMCluster,jayme,10010000009332,search.page_view.cannot_or_fail,聊天页面的搜索历史记录中，不能搜索,22,10010000008544,朋友界面的搜索按钮只能查找对应关键字的个人用户或者已加入的群组,search.button_icon.other,jayme__C8,jayme__C3,0.120561,0,1,1,0,0,1,0
LLMCluster__jayme__10010000009332,llmcluster_glm-4-air,LLMCluster,jayme,10010000009332,search.page_view.cannot_or_fail,聊天页面的搜索历史记录中，不能搜索,23,10010000009924,搜索历史消息时，在日期搜索时的左侧的搜索符感觉没用，而且影响布局。,search.chat.layout_issue,jayme__C8,jayme__C3,0.216963,0,1,1,1,1,1,1
LLMCluster__jayme__10010000009332,llmcluster_glm-4-air,LLMCluster,jayme,10010000009332,search.page_view.cannot_or_fail,聊天页面的搜索历史记录中，不能搜索,24,10010000009422,搜索是如果是数字会将群的id也搜索在内，而群昵称中有很多不包含该数字，该情况会是使用这错乱，并且增加使用者的搜索力度，添加麻烦，可以设…,search.page_view.other,jayme__C8,jayme__C3,0.08625,0,1,1,0,0,0,0
LLMCluster__jayme__10010000009332,llmcluster_glm-4-air,LLMCluster,jayme,10010000009332,search.page_view.cannot_or_fail,聊天页面的搜索历史记录中，不能搜索,25,10010000009552,进行清空聊天消息记录时，删除成功后，在聊天历史记录时仍能查到消息记录,message_send.list_item.other,jayme__C3,jayme__C3,0.16231,0,0,0,0,0,0,0
LLMCluster__jayme__10010000009332,llmcluster_glm-4-air,LLMCluster,jayme,10010000009332,search.page_view.cannot_or_fail,聊天页面的搜索历史记录中，不能搜索,26,10010000007904,聊天界面的的上方的更多消息查看，当没有跨越一屏幕的时候，还是会有那个文字提示标签在那里，用户体验有问题，让人误以为有聊天记录，最好是有…,message_send.page_view.wrong_value,jayme__C5,jayme__C3,0.054491,0,0,1,0,0,0,0
LLMCluster__jayme__10010000009332,llmcluster_glm-4-air,LLMCluster,jayme,10010000009332,search.page_view.cannot_or_fail,聊天页面的搜索历史记录中，不能搜索,27,10010000009187,在聊天界面中，点击查看历史消息，界面美观有待提高，相对比于qq差别也太大了,message_send.page_view.other,jayme__C5,jayme__C3,0.059037,0,0,1,0,0,0,0
LLMCluster__jayme__10010000009332,llmcluster_glm-4-air,LLMCluster,jayme,10010000009332,search.page_view.cannot_or_fail,聊天页面的搜索历史记录中，不能搜索,28,10010000008162,在进行搜索框搜索的时候，必须点击后面的放大镜，不可以点击前面的添加成员那个地方。,search.other.cannot_or_fail,jayme__C5,jayme__C3,0.108725,0,1,1,0,0,1,0
LLMCluster__jayme__10010000009332,llmcluster_glm-4-air,LLMCluster,jayme,10010000009332,search.page_view.cannot_or_fail,聊天页面的搜索历史记录中，不能搜索,29,10010000008395,已知新建群的群号，但是在好友页面上方的搜索中搜索群号，无法找到，上方搜索只能进行好友搜索,search.page_view.cannot_or_fail,jayme__C8,jayme__C3,0.150736,1,1,1,1,1,1,1
LLMCluster__jayme__10010000009332,llmcluster_glm-4-air,LLMCluster,jayme,10010000009332,search.page_view.cannot_or_fail,聊天页面的搜索历史记录中，不能搜索,30,10010000008413,我的历史记录界面与聊天界面风格不一致。,message_send.page_view.other,jayme__C5,jayme__C3,0.158287,0,0,1,0,0,0,0
LLMCluster__jayme__10010000009332,llmcluster_glm-4-air,LLMCluster,jayme,10010000009332,search.page_view.cannot_or_fail,聊天页面的搜索历史记录中，不能搜索,31,10010000009950,测试“表情”时，发现在向文本框发送输入表情，还未发送，历史表情记录中，已有这些表情。用户体验差，必现，严重程度较轻,message_send.input_box.other,jayme__C3,jayme__C3,0.087447,0,0,0,0,0,0,0
TFIDF+HC__jayme__10010000009265,tfidf_hc_K20,TFIDF+HC,jayme,10010000009265,search.other.cannot_or_fail,点击搜索，然后查找群，点击查找群，无法点击，点击放大镜才能进入，给用户造成误导。,1,10010000008981,加入群聊中，点击查看历史消息，跳转到历史消息界面，历史消息界面排版过于粗糙，关键字和日期搜索框排列不美观。同时没有下拉刷新功能。,search.page_view.layout_issue,jayme__C0,jayme__C7,0.069732,0,1,1,0,0,0,0
TFIDF+HC__jayme__10010000009265,tfidf_hc_K20,TFIDF+HC,jayme,10010000009265,search.other.cannot_or_fail,点击搜索，然后查找群，点击查找群，无法点击，点击放大镜才能进入，给用户造成误导。,2,10010000008960,查找群或添加成员或其他查找功能，只能点击搜索图标才有反应。用户体验度不好。若是点击图标所在的一条任意位置都可以较好。,search.button_icon.other,jayme__C7,jayme__C7,0.136397,0,1,0,0,0,0,0
TFIDF+HC__jayme__10010000009265,tfidf_hc_K20,TFIDF+HC,jayme,10010000009265,search.other.cannot_or_fail,点击搜索，然后查找群，点击查找群，无法点击，点击放大镜才能进入，给用户造成误导。,3,10010000009032,在查找群的页面上，只能通过点击搜索小图标才能输入群号进行查找，用起来不是很方便，较麻烦,search.button_icon.other,jayme__C7,jayme__C7,0.146349,0,1,0,0,0,0,0
TFIDF+HC__jayme__10010000009265,tfidf_hc_K20,TFIDF+HC,jayme,10010000009265,search.other.cannot_or_fail,点击搜索，然后查找群，点击查找群，无法点击，点击放大镜才能进入，给用户造成误导。,4,10010000007986,在利用搜索框搜索群后，再次就行搜索时，发现没有搜索记录，如果用户想重新再搜索一次，还需要重新输入，给用户带来不便。,search.list_item.other,jayme__C7,jayme__C7,0.108503,0,1,0,0,0,0,0
TFIDF+HC__jayme__10010000009265,tfidf_hc_K20,TFIDF+HC,jayme,10010000009265,search.other.cannot_or_fail,点击搜索，然后查找群，点击查找群，无法点击，点击放大镜才能进入，给用户造成误导。,5,10010000008193,功能性错误：查找群，筛选显示的不是app中的群，而是已经加入的群。,search.other.wrong_value,jayme__C14,jayme__C7,0.112588,0,1,1,0,0,0,0
TFIDF+HC__jayme__10010000009265,tfidf_hc_K20,TFIDF+HC,jayme,10010000009265,search.other.cannot_or_fail,点击搜索，然后查找群，点击查找群，无法点击，点击放大镜才能进入，给用户造成误导。,6,10010000009158,聊天页面右上角任务栏，发起群聊，点击添加最近联系人，需要点击至少一个人才能点击确定，一个人无法建群。,groupchat.page_view.cannot_or_fail,jayme__C2,jayme__C7,0.128089,0,0,1,0,0,0,0
TFIDF+HC__jayme__10010000009265,tfidf_hc_K20,TFIDF+HC,jayme,10010000009265,search.other.cannot_or_fail,点击搜索，然后查找群，点击查找群，无法点击，点击放大镜才能进入，给用户造成误导。,7,10010000008828,进入朋友界面，点击右上角的更多，选择发起群聊,groupchat.page_view.other,jayme__C2,jayme__C7,0.092017,0,0,1,0,0,0,0
TFIDF+HC__jayme__10010000009265,tfidf_hc_K20,TFIDF+HC,jayme,10010000009265,search.other.cannot_or_fail,点击搜索，然后查找群，点击查找群，无法点击，点击放大镜才能进入，给用户造成误导。,8,10010000008613,进入聊天界面，点击群组图标进入“我的群组”界面，点击该界面右上角三道杠图标可发起群聊，进入添加成员界面，选择好友“夏璨”，点击确定按钮…,groupchat.button_icon.other,jayme__C2,jayme__C7,0.13534,0,0,1,0,0,0,0
TFIDF+HC__jayme__10010000009265,tfidf_hc_K20,TFIDF+HC,jayme,10010000009265,search.other.cannot_or_fail,点击搜索，然后查找群，点击查找群，无法点击，点击放大镜才能进入，给用户造成误导。,9,10010000009468,成功进群后，点击历史消息，进入历史消息页面，页面布局不美观。,message_send.page_view.layout_issue,jayme__C0,jayme__C7,0.085058,0,0,1,0,0,0,0
TFIDF+HC__jayme__10010000009265,tfidf_hc_K20,TFIDF+HC,jayme,10010000009265,search.other.cannot_or_fail,点击搜索，然后查找群，点击查找群，无法点击，点击放大镜才能进入，给用户造成误导。,10,10010000009874,进行好友/群组查询时，不能直接通过点击搜索框进行查询，必须由点击 放大镜图标 开始查询。用户体验性降低。,search.button_icon.cannot_or_fail,jayme__C7,jayme__C7,0.133138,0,1,0,0,0,0,0
TFIDF+HC__jayme__10010000009265,tfidf_hc_K20,TFIDF+HC,jayme,10010000009265,search.other.cannot_or_fail,点击搜索，然后查找群，点击查找群，无法点击，点击放大镜才能进入，给用户造成误导。,11,10010000008317,登陆之后，从朋友页面发起群聊，点击搜索，断开网络，输入关键字，没有提示网络已断开，而是一直显示搜索！,search.page_view.no_prompt,jayme__C2,jayme__C7,0.109666,0,1,1,0,0,0,0
TFIDF+HC__jayme__10010000009265,tfidf_hc_K20,TFIDF+HC,jayme,10010000009265,search.other.cannot_or_fail,点击搜索，然后查找群，点击查找群，无法点击，点击放大镜才能进入，给用户造成误导。,12,10010000008495,在群聊中点击清空聊天记录后，点击聊天记录后还会出现之前的聊天记录,groupchat.list_item.other,jayme__C0,jayme__C7,0.090167,0,0,1,0,0,0,0
TFIDF+HC__jayme__10010000009265,tfidf_hc_K20,TFIDF+HC,jayme,10010000009265,search.other.cannot_or_fail,点击搜索，然后查找群，点击查找群，无法点击，点击放大镜才能进入，给用户造成误导。,13,10010000008594,操作人员是非群主，在群聊页面，点击群组设置标志，页面转到群组设置页面，点击添加新成员，页面转到添加成员页面，有最近联系人列表，点击要拉…,groupchat.page_view.permission,jayme__C2,jayme__C7,0.112757,0,0,1,0,0,0,0
TFIDF+HC__jayme__10010000009265,tfidf_hc_K20,TFIDF+HC,jayme,10010000009265,search.other.cannot_or_fail,点击搜索，然后查找群，点击查找群，无法点击，点击放大镜才能进入，给用户造成误导。,14,10010000009187,在聊天界面中，点击查看历史消息，界面美观有待提高，相对比于qq差别也太大了,message_send.page_view.other,jayme__C0,jayme__C7,0.083839,0,0,1,0,0,0,0
TFIDF+HC__jayme__10010000009265,tfidf_hc_K20,TFIDF+HC,jayme,10010000009265,search.other.cannot_or_fail,点击搜索，然后查找群，点击查找群，无法点击，点击放大镜才能进入，给用户造成误导。,15,10010000008231,点击搜索按钮，输入群信息，在搜索结果中选择未加入的群，并点击，无法查看群信息，并提示未找到群资料，属于用户体验bug,search.button_icon.cannot_or_fail,jayme__C7,jayme__C7,0.157312,0,1,0,0,0,0,0
TFIDF+HC__jayme__10010000009265,tfidf_hc_K20,TFIDF+HC,jayme,10010000009265,search.other.cannot_or_fail,点击搜索，然后查找群，点击查找群，无法点击，点击放大镜才能进入，给用户造成误导。,16,10010000009179,查找群时，输入一个不存在的群，无提示，一片空白。,search.other.no_prompt,jayme__C7,jayme__C7,0.118162,0,1,0,0,0,0,0
TFIDF+HC__jayme__10010000009265,tfidf_hc_K20,TFIDF+HC,jayme,10010000009265,search.other.cannot_or_fail,点击搜索，然后查找群，点击查找群，无法点击，点击放大镜才能进入，给用户造成误导。,17,10010000008929,点击放大镜进入搜索界面在地址栏输入关键词没有提示信息比较模糊,search.page_view.no_prompt,jayme__C7,jayme__C7,0.132049,0,1,0,0,0,0,0
TFIDF+HC__jayme__10010000009265,tfidf_hc_K20,TFIDF+HC,jayme,10010000009265,search.other.cannot_or_fail,点击搜索，然后查找群，点击查找群，无法点击，点击放大镜才能进入，给用户造成误导。,18,10010000008682,历史消息界面双搜索放大镜图标，界面不友好，关键词搜索反应较为缓慢。,search.button_icon.other,jayme__C0,jayme__C7,0.063234,0,1,1,0,0,0,0
TFIDF+HC__jayme__10010000009265,tfidf_hc_K20,TFIDF+HC,jayme,10010000009265,search.other.cannot_or_fail,点击搜索，然后查找群，点击查找群，无法点击，点击放大镜才能进入，给用户造成误导。,19,10010000009535,在查找群页面，页面布局不佳，点击热门群推荐时，跳转一个新页面可选择热门群，而页面其他内容可以重新布局,search.page_view.layout_issue,jayme__C18,jayme__C7,0.088291,0,1,1,0,0,0,0
TFIDF+HC__jayme__10010000009265,tfidf_hc_K20,TFIDF+HC,jayme,10010000009265,search.other.cannot_or_fail,点击搜索，然后查找群，点击查找群，无法点击，点击放大镜才能进入，给用户造成误导。,20,10010000007923,在成功登陆之后，断开网络，然后搜索已存在的群，没有提示网络已断开,search.other.no_prompt,jayme__C2,jayme__C7,0.068652,0,1,1,0,0,0,0
TFIDF+HC__jayme__10010000009265,tfidf_hc_K20,TFIDF+HC,jayme,10010000009265,search.other.cannot_or_fail,点击搜索，然后查找群，点击查找群，无法点击，点击放大镜才能进入，给用户造成误导。,21,10010000008866,在添加群组时，先点击要选择的联系人，然后把网络关掉，点击确定，此时仍可以进去创建群组界面，然后创建时才会提示网络连接不可用。应该在点击…,groupchat.page_view.other,jayme__C2,jayme__C7,0.143822,0,0,1,0,0,0,0
TFIDF+HC__jayme__10010000009265,tfidf_hc_K20,TFIDF+HC,jayme,10010000009265,search.other.cannot_or_fail,点击搜索，然后查找群，点击查找群，无法点击，点击放大镜才能进入，给用户造成误导。,22,10010000008233,在我的群组界面时，点击搜索按钮，输入文字搜索结果正常，输入数字1时，搜索结果不正常。,search.button_icon.other,jayme__C7,jayme__C7,0.102372,0,1,0,0,0,0,0
TFIDF+HC__jayme__10010000009265,tfidf_hc_K20,TFIDF+HC,jayme,10010000009265,search.other.cannot_or_fail,点击搜索，然后查找群，点击查找群，无法点击，点击放大镜才能进入，给用户造成误导。,23,10010000009204,在群组设置里添加群成员，点击添加超过20人时没有提示超过上限或者不能继续点击，只有在点击确定时才有提示,groupchat.page_view.no_prompt,jayme__C2,jayme__C7,0.130485,0,0,1,0,0,0,0
TFIDF+HC__jayme__10010000009265,tfidf_hc_K20,TFIDF+HC,jayme,10010000009265,search.other.cannot_or_fail,点击搜索，然后查找群，点击查找群，无法点击，点击放大镜才能进入，给用户造成误导。,24,10010000008506,当进入查找群和添加成员界面时，必须点击放大镜按钮才能进入搜索框进行搜索，用户使用起来不方便。,search.button_icon.other,jayme__C7,jayme__C7,0.247753,0,1,0,0,0,0,0
TFIDF+HC__jayme__10010000009265,tfidf_hc_K20,TFIDF+HC,jayme,10010000009265,search.other.cannot_or_fail,点击搜索，然后查找群，点击查找群，无法点击，点击放大镜才能进入，给用户造成误导。,25,10010000008042,点击搜索框，输入群信息，无法单独查找群，查找结果包括个人，群组，公众号等，属于用户体验bug,search.chat.cannot_or_fail,jayme__C7,jayme__C7,0.187466,0,1,0,0,0,0,0
TFIDF+HC__jayme__10010000009265,tfidf_hc_K20,TFIDF+HC,jayme,10010000009265,search.other.cannot_or_fail,点击搜索，然后查找群，点击查找群，无法点击，点击放大镜才能进入，给用户造成误导。,26,10010000009329,在查找群时，只能点击放大镜图标进行查找，再点击左面白框和查找群字时，不会有任何反应！！,search.button_icon.other,jayme__C7,jayme__C7,0.22848,0,1,0,0,0,0,0
TFIDF+HC__jayme__10010000009265,tfidf_hc_K20,TFIDF+HC,jayme,10010000009265,search.other.cannot_or_fail,点击搜索，然后查找群，点击查找群，无法点击，点击放大镜才能进入，给用户造成误导。,27,10010000008128,输入b，查找群后，在查询结果中页面最下面没有提示已看完全部内容。,search.page_view.no_prompt,jayme__C2,jayme__C7,0.063873,0,1,1,0,0,0,0
TFIDF+HC__jayme__10010000009265,tfidf_hc_K20,TFIDF+HC,jayme,10010000009265,search.other.cannot_or_fail,点击搜索，然后查找群，点击查找群，无法点击，点击放大镜才能进入，给用户造成误导。,28,10010000008069,正常登陆软件点击创建群组后，进入选择联系人界面，通过搜索（放大镜图标）添加联系人时，点击确定后群名称对话框内汉字出现短暂性重影（2秒左右）。,search.button_icon.other,jayme__C2,jayme__C7,0.107146,0,1,1,0,0,0,0
TFIDF+HC__jayme__10010000009265,tfidf_hc_K20,TFIDF+HC,jayme,10010000009265,search.other.cannot_or_fail,点击搜索，然后查找群，点击查找群，无法点击，点击放大镜才能进入，给用户造成误导。,29,10010000008447,第一步：进入朋友面板，点击好友消息助手。,message_send.chat.other,jayme__C2,jayme__C7,0.080385,0,0,1,0,0,0,0
TFIDF+HC__jayme__10010000009265,tfidf_hc_K20,TFIDF+HC,jayme,10010000009265,search.other.cannot_or_fail,点击搜索，然后查找群，点击查找群，无法点击，点击放大镜才能进入，给用户造成误导。,30,10010000009123,点击搜索按钮，输入群信息，选择已加入的群组，点击，可直接进入聊天，点击群头像，只显示群信息，与需求（即显示“开始聊天”按钮）不符,search.button_icon.other,jayme__C7,jayme__C7,0.159421,0,1,0,0,0,0,0
TFIDF+HC__jayme__10010000009265,tfidf_hc_K20,TFIDF+HC,jayme,10010000009265,search.other.cannot_or_fail,点击搜索，然后查找群，点击查找群，无法点击，点击放大镜才能进入，给用户造成误导。,31,10010000009175,创建群组时，在勾选好友页面，当勾选的好友数抄错20时，点击确定按钮，仍可以跳转到群组设置页面，点击【确定】按钮才提示“数据超过限制”。,groupchat.button_icon.other,jayme__C2,jayme__C7,0.084361,0,0,1,0,0,0,0
TFIDF+HC__jayme__10010000009265,tfidf_hc_K20,TFIDF+HC,jayme,10010000009265,search.other.cannot_or_fail,点击搜索，然后查找群，点击查找群，无法点击，点击放大镜才能进入，给用户造成误导。,32,10010000008734,"点击加入群后，要再次点击搜索图标，才能输入搜索条件。用户在不知道的情况下会多次点击""查找群""所在的位置，而得不到响应，然后尝试点击搜索…",search.button_icon.other,jayme__C7,jayme__C7,0.207043,0,1,0,0,0,0,0
TFIDF+HC__jayme__10010000009265,tfidf_hc_K20,TFIDF+HC,jayme,10010000009265,search.other.cannot_or_fail,点击搜索，然后查找群，点击查找群，无法点击，点击放大镜才能进入，给用户造成误导。,33,10010000008218,进入聊天界面，点击群组图标进入“我的群组”界面，点击该界面右上角三道杠图标可发起群聊,groupchat.button_icon.other,jayme__C2,jayme__C7,0.116416,0,0,1,0,0,0,0
SBERT+HC__jayme__10010000009265,sbert_hc_K20,SBERT+HC,jayme,10010000009265,search.other.cannot_or_fail,点击搜索，然后查找群，点击查找群，无法点击，点击放大镜才能进入，给用户造成误导。,1,10010000009032,在查找群的页面上，只能通过点击搜索小图标才能输入群号进行查找，用起来不是很方便，较麻烦,search.button_icon.other,jayme__C0,jayme__C0,0.146349,0,1,0,0,0,0,0
SBERT+HC__jayme__10010000009265,sbert_hc_K20,SBERT+HC,jayme,10010000009265,search.other.cannot_or_fail,点击搜索，然后查找群，点击查找群，无法点击，点击放大镜才能进入，给用户造成误导。,2,10010000008866,在添加群组时，先点击要选择的联系人，然后把网络关掉，点击确定，此时仍可以进去创建群组界面，然后创建时才会提示网络连接不可用。应该在点击…,groupchat.page_view.other,jayme__C3,jayme__C0,0.143822,0,0,1,0,0,0,0
SBERT+HC__jayme__10010000009265,sbert_hc_K20,SBERT+HC,jayme,10010000009265,search.other.cannot_or_fail,点击搜索，然后查找群，点击查找群，无法点击，点击放大镜才能进入，给用户造成误导。,3,10010000008132,用户以为在“查找群”旁边单击即可输入搜索信息，但是实际上用户必须单击右上角的搜索小图标后才会出现搜索框,search.button_icon.other,jayme__C0,jayme__C0,0.090011,0,1,0,0,0,0,0
SBERT+HC__jayme__10010000009265,sbert_hc_K20,SBERT+HC,jayme,10010000009265,search.other.cannot_or_fail,点击搜索，然后查找群，点击查找群，无法点击，点击放大镜才能进入，给用户造成误导。,4,10010000008960,查找群或添加成员或其他查找功能，只能点击搜索图标才有反应。用户体验度不好。若是点击图标所在的一条任意位置都可以较好。,search.button_icon.other,jayme__C0,jayme__C0,0.136397,0,1,0,0,0,0,0
SBERT+HC__jayme__10010000009265,sbert_hc_K20,SBERT+HC,jayme,10010000009265,search.other.cannot_or_fail,点击搜索，然后查找群，点击查找群，无法点击，点击放大镜才能进入，给用户造成误导。,5,10010000008162,在进行搜索框搜索的时候，必须点击后面的放大镜，不可以点击前面的添加成员那个地方。,search.other.cannot_or_fail,jayme__C0,jayme__C0,0.125787,1,1,0,0,0,0,0
SBERT+HC__jayme__10010000009265,sbert_hc_K20,SBERT+HC,jayme,10010000009265,search.other.cannot_or_fail,点击搜索，然后查找群，点击查找群，无法点击，点击放大镜才能进入，给用户造成误导。,6,10010000008233,在我的群组界面时，点击搜索按钮，输入文字搜索结果正常，输入数字1时，搜索结果不正常。,search.button_icon.other,jayme__C0,jayme__C0,0.102372,0,1,0,0,0,0,0
SBERT+HC__jayme__10010000009265,sbert_hc_K20,SBERT+HC,jayme,10010000009265,search.other.cannot_or_fail,点击搜索，然后查找群，点击查找群，无法点击，点击放大镜才能进入，给用户造成误导。,7,10010000009110,点击群设置里的查看聊天记录可以按时间查看记录。,message_send.page_view.other,jayme__C1,jayme__C0,0.058648,0,0,1,0,0,0,0
SBERT+HC__jayme__10010000009265,sbert_hc_K20,SBERT+HC,jayme,10010000009265,search.other.cannot_or_fail,点击搜索，然后查找群，点击查找群，无法点击，点击放大镜才能进入，给用户造成误导。,8,10010000008220,利用关键词搜索群的时候，没有根据搜索内容进行联想，只有在按下搜索按钮后才有内容。,search.button_icon.other,jayme__C0,jayme__C0,0.038218,0,1,0,0,0,0,0
SBERT+HC__jayme__10010000009265,sbert_hc_K20,SBERT+HC,jayme,10010000009265,search.other.cannot_or_fail,点击搜索，然后查找群，点击查找群，无法点击，点击放大镜才能进入，给用户造成误导。,9,10010000008981,加入群聊中，点击查看历史消息，跳转到历史消息界面，历史消息界面排版过于粗糙，关键字和日期搜索框排列不美观。同时没有下拉刷新功能。,search.page_view.layout_issue,jayme__C1,jayme__C0,0.069732,0,1,1,0,0,0,0
SBERT+HC__jayme__10010000009265,sbert_hc_K20,SBERT+HC,jayme,10010000009265,search.other.cannot_or_fail,点击搜索，然后查找群，点击查找群，无法点击，点击放大镜才能进入，给用户造成误导。,10,10010000009874,进行好友/群组查询时，不能直接通过点击搜索框进行查询，必须由点击 放大镜图标 开始查询。用户体验性降低。,search.button_icon.cannot_or_fail,jayme__C0,jayme__C0,0.133138,0,1,0,0,0,0,0
SBERT+HC__jayme__10010000009265,sbert_hc_K20,SBERT+HC,jayme,10010000009265,search.other.cannot_or_fail,点击搜索，然后查找群，点击查找群，无法点击，点击放大镜才能进入，给用户造成误导。,11,10010000008682,历史消息界面双搜索放大镜图标，界面不友好，关键词搜索反应较为缓慢。,search.button_icon.other,jayme__C1,jayme__C0,0.063234,0,1,1,0,0,0,0
SBERT+HC__jayme__10010000009265,sbert_hc_K20,SBERT+HC,jayme,10010000009265,search.other.cannot_or_fail,点击搜索，然后查找群，点击查找群，无法点击，点击放大镜才能进入，给用户造成误导。,12,10010000009809,查找群时，搜索框再左边点击不能搜索。用户体验不够好,search.other.cannot_or_fail,jayme__C0,jayme__C0,0.131535,1,1,0,0,0,0,0
SBERT+HC__jayme__10010000009265,sbert_hc_K20,SBERT+HC,jayme,10010000009265,search.other.cannot_or_fail,点击搜索，然后查找群，点击查找群，无法点击，点击放大镜才能进入，给用户造成误导。,13,10010000009329,在查找群时，只能点击放大镜图标进行查找，再点击左面白框和查找群字时，不会有任何反应！！,search.button_icon.other,jayme__C0,jayme__C0,0.22848,0,1,0,0,0,0,0
SBERT+HC__jayme__10010000009265,sbert_hc_K20,SBERT+HC,jayme,10010000009265,search.other.cannot_or_fail,点击搜索，然后查找群，点击查找群，无法点击，点击放大镜才能进入，给用户造成误导。,14,10010000009861,聊天记录查找功能，在聊天记录中不能查找指定的内容，,search.list_item.cannot_or_fail,jayme__C1,jayme__C0,0.064014,0,1,1,0,0,0,0
SBERT+HC__jayme__10010000009265,sbert_hc_K20,SBERT+HC,jayme,10010000009265,search.other.cannot_or_fail,点击搜索，然后查找群，点击查找群，无法点击，点击放大镜才能进入，给用户造成误导。,15,10010000008231,点击搜索按钮，输入群信息，在搜索结果中选择未加入的群，并点击，无法查看群信息，并提示未找到群资料，属于用户体验bug,search.button_icon.cannot_or_fail,jayme__C0,jayme__C0,0.157312,0,1,0,0,0,0,0
SBERT+HC__jayme__10010000009265,sbert_hc_K20,SBERT+HC,jayme,10010000009265,search.other.cannot_or_fail,点击搜索，然后查找群，点击查找群，无法点击，点击放大镜才能进入，给用户造成误导。,16,10010000009306,在群设置中 点击聊天记录 之后再历史消息中点击查看更多消息之后往下翻 就会发现 聊天记录时间抽错乱 如下图所示,message_send.page_view.other,jayme__C1,jayme__C0,0.069998,0,0,1,0,0,0,0
SBERT+HC__jayme__10010000009265,sbert_hc_K20,SBERT+HC,jayme,10010000009265,search.other.cannot_or_fail,点击搜索，然后查找群，点击查找群，无法点击，点击放大镜才能进入，给用户造成误导。,17,10010000009514,在利用搜索边框的删除按钮删除是不是一个字符一个字符删除，而是全部内容都删除。,search.button_icon.other,jayme__C7,jayme__C0,0.010756,0,1,1,0,0,0,0
SBERT+HC__jayme__10010000009265,sbert_hc_K20,SBERT+HC,jayme,10010000009265,search.other.cannot_or_fail,点击搜索，然后查找群，点击查找群，无法点击，点击放大镜才能进入，给用户造成误导。,18,10010000007923,在成功登陆之后，断开网络，然后搜索已存在的群，没有提示网络已断开,search.other.no_prompt,jayme__C3,jayme__C0,0.068652,0,1,1,0,0,0,0
SBERT+HC__jayme__10010000009265,sbert_hc_K20,SBERT+HC,jayme,10010000009265,search.other.cannot_or_fail,点击搜索，然后查找群，点击查找群，无法点击，点击放大镜才能进入，给用户造成误导。,19,10010000009468,成功进群后，点击历史消息，进入历史消息页面，页面布局不美观。,message_send.page_view.layout_issue,jayme__C1,jayme__C0,0.085058,0,0,1,0,0,0,0
SBERT+HC__jayme__10010000009265,sbert_hc_K20,SBERT+HC,jayme,10010000009265,search.other.cannot_or_fail,点击搜索，然后查找群，点击查找群，无法点击，点击放大镜才能进入，给用户造成误导。,20,10010000008293,点击“查找群”不能直接弹出文本输入框,search.input_box.cannot_or_fail,jayme__C0,jayme__C0,0.113204,0,1,0,0,0,0,0
SBERT+HC__jayme__10010000009265,sbert_hc_K20,SBERT+HC,jayme,10010000009265,search.other.cannot_or_fail,点击搜索，然后查找群，点击查找群，无法点击，点击放大镜才能进入，给用户造成误导。,21,10010000008506,当进入查找群和添加成员界面时，必须点击放大镜按钮才能进入搜索框进行搜索，用户使用起来不方便。,search.button_icon.other,jayme__C0,jayme__C0,0.247753,0,1,0,0,0,0,0
SBERT+HC__jayme__10010000009265,sbert_hc_K20,SBERT+HC,jayme,10010000009265,search.other.cannot_or_fail,点击搜索，然后查找群，点击查找群，无法点击，点击放大镜才能进入，给用户造成误导。,22,10010000009123,点击搜索按钮，输入群信息，选择已加入的群组，点击，可直接进入聊天，点击群头像，只显示群信息，与需求（即显示“开始聊天”按钮）不符,search.button_icon.other,jayme__C0,jayme__C0,0.159421,0,1,0,0,0,0,0
SBERT+HC__jayme__10010000009265,sbert_hc_K20,SBERT+HC,jayme,10010000009265,search.other.cannot_or_fail,点击搜索，然后查找群，点击查找群，无法点击，点击放大镜才能进入，给用户造成误导。,23,10010000009942,在查找群时，搜索框中输入内容时，显示的是群名称，和用户输入不符，没有说明是按群名搜索还是群ID搜索。显示不明确，容易给用户产生错误的感觉。,search.other.wrong_value,jayme__C0,jayme__C0,0.094083,0,1,0,0,0,0,0
SBERT+HC__jayme__10010000009265,sbert_hc_K20,SBERT+HC,jayme,10010000009265,search.other.cannot_or_fail,点击搜索，然后查找群，点击查找群，无法点击，点击放大镜才能进入，给用户造成误导。,24,10010000008667,通过表情查找群聊名称，不能查找匹配到对应的表情，而是会出现许多不与查找表情相同的群聊,search.chat.cannot_or_fail,jayme__C16,jayme__C0,0.083724,0,1,1,0,0,0,0
SBERT+HC__jayme__10010000009265,sbert_hc_K20,SBERT+HC,jayme,10010000009265,search.other.cannot_or_fail,点击搜索，然后查找群，点击查找群，无法点击，点击放大镜才能进入，给用户造成误导。,25,10010000007702,登录JayMe，点击首页下方导航栏的商城图标进入商城，该商城商城的食品，服侍，电子产品，书等商品信息，见截图1,login.button_icon.other,jayme__C9,jayme__C0,0.052231,0,0,1,0,0,0,0
SBERT+HC__jayme__10010000009265,sbert_hc_K20,SBERT+HC,jayme,10010000009265,search.other.cannot_or_fail,点击搜索，然后查找群，点击查找群，无法点击，点击放大镜才能进入，给用户造成误导。,26,10010000009793,群搜索的时候，操作繁琐，要先点击右上角的放大镜图标，由于用户的行为习惯，喜欢直接点解”查找群”,search.button_icon.other,jayme__C0,jayme__C0,0.126036,0,1,0,0,0,0,0
SBERT+HC__jayme__10010000009265,sbert_hc_K20,SBERT+HC,jayme,10010000009265,search.other.cannot_or_fail,点击搜索，然后查找群，点击查找群，无法点击，点击放大镜才能进入，给用户造成误导。,27,10010000008141,在进行群消息设置时，点击 消息免打扰页面，会有一个diaLog弹出，但是生存周期太短，会让用户误以为存在其他问题。,message_send.page_view.other,jayme__C3,jayme__C0,0.05822,0,0,1,0,0,0,0
SBERT+HC__jayme__10010000009265,sbert_hc_K20,SBERT+HC,jayme,10010000009265,search.other.cannot_or_fail,点击搜索，然后查找群，点击查找群，无法点击，点击放大镜才能进入，给用户造成误导。,28,10010000008348,"在选择成员时,选中再取消用户的图标会闪烁",other.button_icon.other,jayme__C3,jayme__C0,0.012574,0,0,1,0,0,0,0
SBERT+HC__jayme__10010000009265,sbert_hc_K20,SBERT+HC,jayme,10010000009265,search.other.cannot_or_fail,点击搜索，然后查找群，点击查找群，无法点击，点击放大镜才能进入，给用户造成误导。,29,10010000008042,点击搜索框，输入群信息，无法单独查找群，查找结果包括个人，群组，公众号等，属于用户体验bug,search.chat.cannot_or_fail,jayme__C0,jayme__C0,0.187466,0,1,0,0,0,0,0
SBERT+HC__jayme__10010000009265,sbert_hc_K20,SBERT+HC,jayme,10010000009265,search.other.cannot_or_fail,点击搜索，然后查找群，点击查找群，无法点击，点击放大镜才能进入，给用户造成误导。,30,10010000007986,在利用搜索框搜索群后，再次就行搜索时，发现没有搜索记录，如果用户想重新再搜索一次，还需要重新输入，给用户带来不便。,search.list_item.other,jayme__C0,jayme__C0,0.108503,0,1,0,0,0,0,0
SBERT+HC__jayme__10010000009265,sbert_hc_K20,SBERT+HC,jayme,10010000009265,search.other.cannot_or_fail,点击搜索，然后查找群，点击查找群，无法点击，点击放大镜才能进入，给用户造成误导。,31,10010000008745,在群组设置中，点击消息免打扰会弹出，一个框，里边是信息免打扰提示，当框的生命周期存在时间比较短，所以用户会误认为出现问题。,groupchat.page_view.other,jayme__C3,jayme__C0,0.056038,0,0,1,0,0,0,0
SBERT+HC__jayme__10010000009265,sbert_hc_K20,SBERT+HC,jayme,10010000009265,search.other.cannot_or_fail,点击搜索，然后查找群，点击查找群，无法点击，点击放大镜才能进入，给用户造成误导。,32,10010000008734,"点击加入群后，要再次点击搜索图标，才能输入搜索条件。用户在不知道的情况下会多次点击""查找群""所在的位置，而得不到响应，然后尝试点击搜索…",search.button_icon.other,jayme__C0,jayme__C0,0.207043,0,1,0,0,0,0,0
SBERT+HC__jayme__10010000009265,sbert_hc_K20,SBERT+HC,jayme,10010000009265,search.other.cannot_or_fail,点击搜索，然后查找群，点击查找群，无法点击，点击放大镜才能进入，给用户造成误导。,33,10010000008244,查找群时，在搜索框内输入“测试”进行搜索，出来一个群列表，但是在我已加入的群后面却未见提示“我的群”，不方便用户的使用,search.list_item.other,jayme__C0,jayme__C0,0.086943,0,1,0,0,0,0,0
SBERT+HC__jayme__10010000009265,sbert_hc_K20,SBERT+HC,jayme,10010000009265,search.other.cannot_or_fail,点击搜索，然后查找群，点击查找群，无法点击，点击放大镜才能进入，给用户造成误导。,34,10010000008299,输入搜索信息后，再单击“重输”按钮，不能清空文本,search.button_icon.cannot_or_fail,jayme__C0,jayme__C0,0.035317,0,1,0,0,0,0,0
SBERT+HC__jayme__10010000009265,sbert_hc_K20,SBERT+HC,jayme,10010000009265,search.other.cannot_or_fail,点击搜索，然后查找群，点击查找群，无法点击，点击放大镜才能进入，给用户造成误导。,35,10010000009705,在有网络的情况下进入我的群组，断开网络，在搜寻框中输入没有加入的群的名字，没有提示网络断开，而是提示无相关结果。,groupchat.chat.no_prompt,jayme__C3,jayme__C0,0.023344,0,0,1,0,0,0,0
LLMCluster__jayme__10010000009265,llmcluster_glm-4-air,LLMCluster,jayme,10010000009265,search.other.cannot_or_fail,点击搜索，然后查找群，点击查找群，无法点击，点击放大镜才能进入，给用户造成误导。,1,10010000008042,点击搜索框，输入群信息，无法单独查找群，查找结果包括个人，群组，公众号等，属于用户体验bug,search.chat.cannot_or_fail,jayme__C8,jayme__C5,0.187466,0,1,1,0,1,1,1
LLMCluster__jayme__10010000009265,llmcluster_glm-4-air,LLMCluster,jayme,10010000009265,search.other.cannot_or_fail,点击搜索，然后查找群，点击查找群，无法点击，点击放大镜才能进入，给用户造成误导。,2,10010000009158,聊天页面右上角任务栏，发起群聊，点击添加最近联系人，需要点击至少一个人才能点击确定，一个人无法建群。,groupchat.page_view.cannot_or_fail,jayme__C1,jayme__C5,0.128089,0,0,1,0,0,0,0
LLMCluster__jayme__10010000009265,llmcluster_glm-4-air,LLMCluster,jayme,10010000009265,search.other.cannot_or_fail,点击搜索，然后查找群，点击查找群，无法点击，点击放大镜才能进入，给用户造成误导。,3,10010000009874,进行好友/群组查询时，不能直接通过点击搜索框进行查询，必须由点击 放大镜图标 开始查询。用户体验性降低。,search.button_icon.cannot_or_fail,jayme__C8,jayme__C5,0.133138,0,1,1,0,0,0,0
LLMCluster__jayme__10010000009265,llmcluster_glm-4-air,LLMCluster,jayme,10010000009265,search.other.cannot_or_fail,点击搜索，然后查找群，点击查找群，无法点击，点击放大镜才能进入，给用户造成误导。,4,10010000008613,进入聊天界面，点击群组图标进入“我的群组”界面，点击该界面右上角三道杠图标可发起群聊，进入添加成员界面，选择好友“夏璨”，点击确定按钮…,groupchat.button_icon.other,jayme__C1,jayme__C5,0.13534,0,0,1,0,0,0,0
LLMCluster__jayme__10010000009265,llmcluster_glm-4-air,LLMCluster,jayme,10010000009265,search.other.cannot_or_fail,点击搜索，然后查找群，点击查找群，无法点击，点击放大镜才能进入，给用户造成误导。,5,10010000009123,点击搜索按钮，输入群信息，选择已加入的群组，点击，可直接进入聊天，点击群头像，只显示群信息，与需求（即显示“开始聊天”按钮）不符,search.button_icon.other,jayme__C12,jayme__C5,0.159421,0,1,1,0,1,1,1
LLMCluster__jayme__10010000009265,llmcluster_glm-4-air,LLMCluster,jayme,10010000009265,search.other.cannot_or_fail,点击搜索，然后查找群，点击查找群，无法点击，点击放大镜才能进入，给用户造成误导。,6,10010000008218,进入聊天界面，点击群组图标进入“我的群组”界面，点击该界面右上角三道杠图标可发起群聊,groupchat.button_icon.other,jayme__C11,jayme__C5,0.116416,0,0,1,0,0,0,0
LLMCluster__jayme__10010000009265,llmcluster_glm-4-air,LLMCluster,jayme,10010000009265,search.other.cannot_or_fail,点击搜索，然后查找群，点击查找群，无法点击，点击放大镜才能进入，给用户造成误导。,7,10010000008960,查找群或添加成员或其他查找功能，只能点击搜索图标才有反应。用户体验度不好。若是点击图标所在的一条任意位置都可以较好。,search.button_icon.other,jayme__C5,jayme__C5,0.136397,0,1,0,0,0,0,0
LLMCluster__jayme__10010000009265,llmcluster_glm-4-air,LLMCluster,jayme,10010000009265,search.other.cannot_or_fail,点击搜索，然后查找群，点击查找群，无法点击，点击放大镜才能进入，给用户造成误导。,8,10010000009032,在查找群的页面上，只能通过点击搜索小图标才能输入群号进行查找，用起来不是很方便，较麻烦,search.button_icon.other,jayme__C5,jayme__C5,0.146349,0,1,0,0,0,0,0
LLMCluster__jayme__10010000009265,llmcluster_glm-4-air,LLMCluster,jayme,10010000009265,search.other.cannot_or_fail,点击搜索，然后查找群，点击查找群，无法点击，点击放大镜才能进入，给用户造成误导。,9,10010000008506,当进入查找群和添加成员界面时，必须点击放大镜按钮才能进入搜索框进行搜索，用户使用起来不方便。,search.button_icon.other,jayme__C5,jayme__C5,0.247753,0,1,0,0,0,0,0
LLMCluster__jayme__10010000009265,llmcluster_glm-4-air,LLMCluster,jayme,10010000009265,search.other.cannot_or_fail,点击搜索，然后查找群，点击查找群，无法点击，点击放大镜才能进入，给用户造成误导。,10,10010000008734,"点击加入群后，要再次点击搜索图标，才能输入搜索条件。用户在不知道的情况下会多次点击""查找群""所在的位置，而得不到响应，然后尝试点击搜索…",search.button_icon.other,jayme__C5,jayme__C5,0.207043,0,1,0,0,0,0,0
LLMCluster__jayme__10010000009265,llmcluster_glm-4-air,LLMCluster,jayme,10010000009265,search.other.cannot_or_fail,点击搜索，然后查找群，点击查找群，无法点击，点击放大镜才能进入，给用户造成误导。,11,10010000008193,功能性错误：查找群，筛选显示的不是app中的群，而是已经加入的群。,search.other.wrong_value,jayme__C8,jayme__C5,0.112588,0,1,1,0,0,1,0
LLMCluster__jayme__10010000009265,llmcluster_glm-4-air,LLMCluster,jayme,10010000009265,search.other.cannot_or_fail,点击搜索，然后查找群，点击查找群，无法点击，点击放大镜才能进入，给用户造成误导。,12,10010000009204,在群组设置里添加群成员，点击添加超过20人时没有提示超过上限或者不能继续点击，只有在点击确定时才有提示,groupchat.page_view.no_prompt,jayme__C1,jayme__C5,0.130485,0,0,1,0,0,0,0
LLMCluster__jayme__10010000009265,llmcluster_glm-4-air,LLMCluster,jayme,10010000009265,search.other.cannot_or_fail,点击搜索，然后查找群，点击查找群，无法点击，点击放大镜才能进入，给用户造成误导。,13,10010000008128,输入b，查找群后，在查询结果中页面最下面没有提示已看完全部内容。,search.page_view.no_prompt,jayme__C12,jayme__C5,0.063873,0,1,1,0,0,0,0
LLMCluster__jayme__10010000009265,llmcluster_glm-4-air,LLMCluster,jayme,10010000009265,search.other.cannot_or_fail,点击搜索，然后查找群，点击查找群，无法点击，点击放大镜才能进入，给用户造成误导。,14,10010000007923,在成功登陆之后，断开网络，然后搜索已存在的群，没有提示网络已断开,search.other.no_prompt,jayme__C8,jayme__C5,0.068652,0,1,1,0,0,0,0
LLMCluster__jayme__10010000009265,llmcluster_glm-4-air,LLMCluster,jayme,10010000009265,search.other.cannot_or_fail,点击搜索，然后查找群，点击查找群，无法点击，点击放大镜才能进入，给用户造成误导。,15,10010000009942,在查找群时，搜索框中输入内容时，显示的是群名称，和用户输入不符，没有说明是按群名搜索还是群ID搜索。显示不明确，容易给用户产生错误的感觉。,search.other.wrong_value,jayme__C8,jayme__C5,0.094083,0,1,1,0,0,0,0
LLMCluster__jayme__10010000009265,llmcluster_glm-4-air,LLMCluster,jayme,10010000009265,search.other.cannot_or_fail,点击搜索，然后查找群，点击查找群，无法点击，点击放大镜才能进入，给用户造成误导。,16,10010000008317,登陆之后，从朋友页面发起群聊，点击搜索，断开网络，输入关键字，没有提示网络已断开，而是一直显示搜索！,search.page_view.no_prompt,jayme__C8,jayme__C5,0.109666,0,1,1,0,0,0,0
LLMCluster__jayme__10010000009265,llmcluster_glm-4-air,LLMCluster,jayme,10010000009265,search.other.cannot_or_fail,点击搜索，然后查找群，点击查找群，无法点击，点击放大镜才能进入，给用户造成误导。,17,10010000009329,在查找群时，只能点击放大镜图标进行查找，再点击左面白框和查找群字时，不会有任何反应！！,search.button_icon.other,jayme__C5,jayme__C5,0.22848,0,1,0,0,0,0,0
LLMCluster__jayme__10010000009265,llmcluster_glm-4-air,LLMCluster,jayme,10010000009265,search.other.cannot_or_fail,点击搜索，然后查找群，点击查找群，无法点击，点击放大镜才能进入，给用户造成误导。,18,10010000008231,点击搜索按钮，输入群信息，在搜索结果中选择未加入的群，并点击，无法查看群信息，并提示未找到群资料，属于用户体验bug,search.button_icon.cannot_or_fail,jayme__C11,jayme__C5,0.157312,0,1,1,0,0,1,0
LLMCluster__jayme__10010000009265,llmcluster_glm-4-air,LLMCluster,jayme,10010000009265,search.other.cannot_or_fail,点击搜索，然后查找群，点击查找群，无法点击，点击放大镜才能进入，给用户造成误导。,19,10010000009179,查找群时，输入一个不存在的群，无提示，一片空白。,search.other.no_prompt,jayme__C8,jayme__C5,0.118162,0,1,1,0,0,0,0
LLMCluster__jayme__10010000009265,llmcluster_glm-4-air,LLMCluster,jayme,10010000009265,search.other.cannot_or_fail,点击搜索，然后查找群，点击查找群，无法点击，点击放大镜才能进入，给用户造成误导。,20,10010000007986,在利用搜索框搜索群后，再次就行搜索时，发现没有搜索记录，如果用户想重新再搜索一次，还需要重新输入，给用户带来不便。,search.list_item.other,jayme__C5,jayme__C5,0.108503,0,1,0,0,0,0,0
LLMCluster__jayme__10010000009265,llmcluster_glm-4-air,LLMCluster,jayme,10010000009265,search.other.cannot_or_fail,点击搜索，然后查找群，点击查找群，无法点击，点击放大镜才能进入，给用户造成误导。,21,10010000009848,搜索群，查找群号，搜过不到，没有提示，该提示查找不到该群，或者该群号不正确或不存在。,search.other.wrong_value,jayme__C8,jayme__C5,0.101571,0,1,1,0,0,1,0
LLMCluster__jayme__10010000009265,llmcluster_glm-4-air,LLMCluster,jayme,10010000009265,search.other.cannot_or_fail,点击搜索，然后查找群，点击查找群，无法点击，点击放大镜才能进入，给用户造成误导。,22,10010000008594,操作人员是非群主，在群聊页面，点击群组设置标志，页面转到群组设置页面，点击添加新成员，页面转到添加成员页面，有最近联系人列表，点击要拉…,groupchat.page_view.permission,jayme__C1,jayme__C5,0.112757,0,0,1,0,0,0,0
LLMCluster__jayme__10010000009265,llmcluster_glm-4-air,LLMCluster,jayme,10010000009265,search.other.cannot_or_fail,点击搜索，然后查找群，点击查找群，无法点击，点击放大镜才能进入，给用户造成误导。,23,10010000008866,在添加群组时，先点击要选择的联系人，然后把网络关掉，点击确定，此时仍可以进去创建群组界面，然后创建时才会提示网络连接不可用。应该在点击…,groupchat.page_view.other,jayme__C1,jayme__C5,0.143822,0,0,1,0,0,0,0
LLMCluster__jayme__10010000009265,llmcluster_glm-4-air,LLMCluster,jayme,10010000009265,search.other.cannot_or_fail,点击搜索，然后查找群，点击查找群，无法点击，点击放大镜才能进入，给用户造成误导。,24,10010000008233,在我的群组界面时，点击搜索按钮，输入文字搜索结果正常，输入数字1时，搜索结果不正常。,search.button_icon.other,jayme__C8,jayme__C5,0.102372,0,1,1,0,0,1,0
LLMCluster__jayme__10010000009265,llmcluster_glm-4-air,LLMCluster,jayme,10010000009265,search.other.cannot_or_fail,点击搜索，然后查找群，点击查找群，无法点击，点击放大镜才能进入，给用户造成误导。,25,10010000008929,点击放大镜进入搜索界面在地址栏输入关键词没有提示信息比较模糊,search.page_view.no_prompt,jayme__C5,jayme__C5,0.132049,0,1,0,0,0,0,0
LLMCluster__jayme__10010000009265,llmcluster_glm-4-air,LLMCluster,jayme,10010000009265,search.other.cannot_or_fail,点击搜索，然后查找群，点击查找群，无法点击，点击放大镜才能进入，给用户造成误导。,26,10010000009187,在聊天界面中，点击查看历史消息，界面美观有待提高，相对比于qq差别也太大了,message_send.page_view.other,jayme__C5,jayme__C5,0.083839,0,0,0,0,0,0,0
LLMCluster__jayme__10010000009265,llmcluster_glm-4-air,LLMCluster,jayme,10010000009265,search.other.cannot_or_fail,点击搜索，然后查找群，点击查找群，无法点击，点击放大镜才能进入，给用户造成误导。,27,10010000008828,进入朋友界面，点击右上角的更多，选择发起群聊,groupchat.page_view.other,jayme__C11,jayme__C5,0.092017,0,0,1,0,0,0,0
LLMCluster__jayme__10010000009265,llmcluster_glm-4-air,LLMCluster,jayme,10010000009265,search.other.cannot_or_fail,点击搜索，然后查找群，点击查找群，无法点击，点击放大镜才能进入，给用户造成误导。,28,10010000008447,第一步：进入朋友面板，点击好友消息助手。,message_send.chat.other,jayme__C11,jayme__C5,0.080385,0,0,1,0,0,0,0
TFIDF+HC__华为运动__10010000012319,tfidf_hc_K20,TFIDF+HC,华为运动,10010000012319,settings.other.cannot_or_fail,设定目标:当我想设定目标时，必须按照他给定的目标选择，而无法自己根据自己的情况随意设定,1,10010000012324,设定目标:当我设定目标时有马拉松选项，有人不知道马拉松是多远，例如我就不知道，让用户可能盲目的设定，应该在后面给个提示的数目,settings.other.other,华为运动__C9,华为运动__C9,0.258666,0,1,0,0,0,0,0
TFIDF+HC__华为运动__10010000012319,tfidf_hc_K20,TFIDF+HC,华为运动,10010000012319,settings.other.cannot_or_fail,设定目标:当我想设定目标时，必须按照他给定的目标选择，而无法自己根据自己的情况随意设定,2,10010000012629,发现_活动页面，无法进行活动搜索，只能选择推荐的活动,search.page_view.cannot_or_fail,华为运动__C1,华为运动__C9,0.033316,0,0,1,0,0,0,0
TFIDF+HC__华为运动__10010000012319,tfidf_hc_K20,TFIDF+HC,华为运动,10010000012319,settings.other.cannot_or_fail,设定目标:当我想设定目标时，必须按照他给定的目标选择，而无法自己根据自己的情况随意设定,3,10010000012655,在发现中的排行榜中，只能显示自己与好友的排名，而不能跟同地区，或者更大面的人的对比，功能极为不完整！！！无法得到与别人的对比！！！,other.chat.cannot_or_fail,华为运动__C2,华为运动__C9,0.03688,0,0,1,0,0,0,0
TFIDF+HC__华为运动__10010000012319,tfidf_hc_K20,TFIDF+HC,华为运动,10010000012319,settings.other.cannot_or_fail,设定目标:当我想设定目标时，必须按照他给定的目标选择，而无法自己根据自己的情况随意设定,4,10010000012657,在我的，目标当中，修改目标，不点击保存退出，系统不会提示是否保存。,settings.other.other,华为运动__C17,华为运动__C9,0.08465,0,1,1,0,0,0,0
TFIDF+HC__华为运动__10010000012319,tfidf_hc_K20,TFIDF+HC,华为运动,10010000012319,settings.other.cannot_or_fail,设定目标:当我想设定目标时，必须按照他给定的目标选择，而无法自己根据自己的情况随意设定,5,10010000012451,无法自己填写体重目标，有时设定的目标会高于或低于系统的设定,settings.other.cannot_or_fail,华为运动__C9,华为运动__C9,0.269469,1,1,0,0,0,0,0
TFIDF+HC__华为运动__10010000012319,tfidf_hc_K20,TFIDF+HC,华为运动,10010000012319,settings.other.cannot_or_fail,设定目标:当我想设定目标时，必须按照他给定的目标选择，而无法自己根据自己的情况随意设定,6,10010000012365,体重目标最多居然能设到150公斤，不切实际,settings.other.other,华为运动__C9,华为运动__C9,0.058658,0,1,0,0,0,0,0
TFIDF+HC__华为运动__10010000012319,tfidf_hc_K20,TFIDF+HC,华为运动,10010000012319,settings.other.cannot_or_fail,设定目标:当我想设定目标时，必须按照他给定的目标选择，而无法自己根据自己的情况随意设定,7,10010000012327,比赛目标，当我设定比赛的时候，年份只能设定2017年，无法设定其他年份,settings.other.cannot_or_fail,华为运动__C8,华为运动__C9,0.163878,1,1,1,1,1,1,1
TFIDF+HC__华为运动__10010000012319,tfidf_hc_K20,TFIDF+HC,华为运动,10010000012319,settings.other.cannot_or_fail,设定目标:当我想设定目标时，必须按照他给定的目标选择，而无法自己根据自己的情况随意设定,8,10010000012428,设置体重的时候应该设置为0公斤，保存当前目标，再次查看我的目标，体重目标变成60公斤。,settings.page_view.other,华为运动__C9,华为运动__C9,0.128296,0,1,0,0,0,0,0
TFIDF+HC__华为运动__10010000012319,tfidf_hc_K20,TFIDF+HC,华为运动,10010000012319,settings.other.cannot_or_fail,设定目标:当我想设定目标时，必须按照他给定的目标选择，而无法自己根据自己的情况随意设定,9,10010000012349,设定每周运动次数:在设定次数时只能选给定我的次数，没法自己设定,run_walk.other.other,华为运动__C9,华为运动__C9,0.189227,0,0,0,0,0,0,0
TFIDF+HC__华为运动__10010000012319,tfidf_hc_K20,TFIDF+HC,华为运动,10010000012319,settings.other.cannot_or_fail,设定目标:当我想设定目标时，必须按照他给定的目标选择，而无法自己根据自己的情况随意设定,10,10010000012572,"从""我的""页面进入到""我的目标""界面设置目标时，体重目标为""40公斤时""，7000步的运动量目标为少量，体重目标为""91公斤""时，70…",run_walk.page_view.other,华为运动__C9,华为运动__C9,0.137215,0,0,0,0,0,0,0
TFIDF+HC__华为运动__10010000012319,tfidf_hc_K20,TFIDF+HC,华为运动,10010000012319,settings.other.cannot_or_fail,设定目标:当我想设定目标时，必须按照他给定的目标选择，而无法自己根据自己的情况随意设定,11,10010000012490,在跑步的时候，开启GPS的情况下无法进行GPA定位，不显示用户运动的信息。,gps_track.gps.display_missing,华为运动__C8,华为运动__C9,0.056877,0,0,1,0,0,0,0
TFIDF+HC__华为运动__10010000012319,tfidf_hc_K20,TFIDF+HC,华为运动,10010000012319,settings.other.cannot_or_fail,设定目标:当我想设定目标时，必须按照他给定的目标选择，而无法自己根据自己的情况随意设定,12,10010000012667,在我的卡卡中，只能获得卡卡后才能知道卡卡的具体情况，这个用户极为反感，在不知情的情况下就去进行获得是不情愿的，用户体验极差！！！！,other.other.other,华为运动__C2,华为运动__C9,0.034043,0,0,1,0,0,0,0
TFIDF+HC__华为运动__10010000012319,tfidf_hc_K20,TFIDF+HC,华为运动,10010000012319,settings.other.cannot_or_fail,设定目标:当我想设定目标时，必须按照他给定的目标选择，而无法自己根据自己的情况随意设定,13,10010000012561,体重最多可以选择到150公斤，超过150公斤的用户就不能进行自己的体重值。目前体重超过150公斤的用户是大量存在的，限制值为150让用…,other.other.cannot_or_fail,华为运动__C9,华为运动__C9,0.040931,0,0,0,0,0,0,0
TFIDF+HC__华为运动__10010000012319,tfidf_hc_K20,TFIDF+HC,华为运动,10010000012319,settings.other.cannot_or_fail,设定目标:当我想设定目标时，必须按照他给定的目标选择，而无法自己根据自己的情况随意设定,14,10010000012549,个性设置的时候，设置生日，选择月份的时候，一个不小心滑过了，直接到下一月份，或者是在选择年份的时候，而不会从头再来。,settings.page_view.other,华为运动__C8,华为运动__C9,0.04604,0,1,1,0,0,0,0
TFIDF+HC__华为运动__10010000012319,tfidf_hc_K20,TFIDF+HC,华为运动,10010000012319,settings.other.cannot_or_fail,设定目标:当我想设定目标时，必须按照他给定的目标选择，而无法自己根据自己的情况随意设定,15,10010000012614,发现，消息栏目，在消息查看的时候，出现重复出现的情况，同一个讨论组，消息不同步，而且重复出现,message_send.chat.other,华为运动__C8,华为运动__C9,0.04002,0,0,1,0,0,0,0
TFIDF+HC__华为运动__10010000012319,tfidf_hc_K20,TFIDF+HC,华为运动,10010000012319,settings.other.cannot_or_fail,设定目标:当我想设定目标时，必须按照他给定的目标选择，而无法自己根据自己的情况随意设定,16,10010000012548,点击查看排行榜，自己出现了两次，步数是一样的，点击分享，观察到自己的好友有两位，点击我的好友，界面显示我的好友只有一位,share.page_view.other,华为运动__C12,华为运动__C9,0.059111,0,0,1,0,0,0,0
TFIDF+HC__华为运动__10010000012319,tfidf_hc_K20,TFIDF+HC,华为运动,10010000012319,settings.other.cannot_or_fail,设定目标:当我想设定目标时，必须按照他给定的目标选择，而无法自己根据自己的情况随意设定,17,10010000012499,没有进行运动的过程中，app在后台依然进行数据统计，数据记录不准确。导致用户对自己的运动情况了解不准确，容易造成偏差、功能不完整，复现…,run_walk.list_item.other,华为运动__C6,华为运动__C9,0.047691,0,0,1,0,0,0,0
TFIDF+HC__华为运动__10010000012319,tfidf_hc_K20,TFIDF+HC,华为运动,10010000012319,settings.other.cannot_or_fail,设定目标:当我想设定目标时，必须按照他给定的目标选择，而无法自己根据自己的情况随意设定,18,10010000012681,无法收藏发现里面自己运动结果好的运动记录,run_walk.list_item.cannot_or_fail,华为运动__C19,华为运动__C9,0.05366,0,0,1,0,0,0,0
TFIDF+HC__华为运动__10010000012319,tfidf_hc_K20,TFIDF+HC,华为运动,10010000012319,settings.other.cannot_or_fail,设定目标:当我想设定目标时，必须按照他给定的目标选择，而无法自己根据自己的情况随意设定,19,10010000012532,无法同时满足设定的目标。在首页运动模块的右下角，点击目标旗帜，可以选择运动目标，先选择时间30分钟，选择完成后返回到运动模块界面的时候…,run_walk.page_view.cannot_or_fail,华为运动__C1,华为运动__C9,0.161953,0,0,1,0,0,0,0
TFIDF+HC__华为运动__10010000012319,tfidf_hc_K20,TFIDF+HC,华为运动,10010000012319,settings.other.cannot_or_fail,设定目标:当我想设定目标时，必须按照他给定的目标选择，而无法自己根据自己的情况随意设定,20,10010000012582,并没有对自己的个人信息和运动目标进行设置，然而在我的目标和我的信息中，均有默认值的存在，在第一次进入应用的时候就应该提醒用户进行相关的设置,notification.page_view.other,华为运动__C12,华为运动__C9,0.113711,0,0,1,0,0,0,0
TFIDF+HC__华为运动__10010000012319,tfidf_hc_K20,TFIDF+HC,华为运动,10010000012319,settings.other.cannot_or_fail,设定目标:当我想设定目标时，必须按照他给定的目标选择，而无法自己根据自己的情况随意设定,21,10010000012586,首页，设定目标之后，不能改变目标，只能开始训练,settings.page_view.cannot_or_fail,华为运动__C9,华为运动__C9,0.202739,0,1,0,0,0,0,0
TFIDF+HC__华为运动__10010000012319,tfidf_hc_K20,TFIDF+HC,华为运动,10010000012319,settings.other.cannot_or_fail,设定目标:当我想设定目标时，必须按照他给定的目标选择，而无法自己根据自己的情况随意设定,22,10010000012443,无法自己填写，运动目标，有时目标高于或低于系统设定目标,run_walk.other.cannot_or_fail,华为运动__C9,华为运动__C9,0.287959,0,0,0,0,0,0,0
TFIDF+HC__华为运动__10010000012319,tfidf_hc_K20,TFIDF+HC,华为运动,10010000012319,settings.other.cannot_or_fail,设定目标:当我想设定目标时，必须按照他给定的目标选择，而无法自己根据自己的情况随意设定,23,10010000012407,我在发现页面里进入表项，选择目标，体重竟然可以选择0，而当用户选择了0之后保存，结果又变成了60,settings.page_view.other,华为运动__C1,华为运动__C9,0.080353,0,1,1,0,0,0,0
TFIDF+HC__华为运动__10010000012319,tfidf_hc_K20,TFIDF+HC,华为运动,10010000012319,settings.other.cannot_or_fail,设定目标:当我想设定目标时，必须按照他给定的目标选择，而无法自己根据自己的情况随意设定,24,10010000012636,用户可以不设定昵称，这样在查看排行榜时，根本分不清谁是谁，很不方便。,other.other.other,华为运动__C18,华为运动__C9,0.051462,0,0,1,0,0,0,0
TFIDF+HC__华为运动__10010000012319,tfidf_hc_K20,TFIDF+HC,华为运动,10010000012319,settings.other.cannot_or_fail,设定目标:当我想设定目标时，必须按照他给定的目标选择，而无法自己根据自己的情况随意设定,25,10010000012558,地图不是很清楚，没有0.5公里播报的功能。一般运动类app都有语音提示用户此时已经运动的距离和步数，使用户可以对自己所运动的情况有一个…,step_count.step.other,华为运动__C6,华为运动__C9,0.03996,0,0,1,0,0,0,0
TFIDF+HC__华为运动__10010000012319,tfidf_hc_K20,TFIDF+HC,华为运动,10010000012319,settings.other.cannot_or_fail,设定目标:当我想设定目标时，必须按照他给定的目标选择，而无法自己根据自己的情况随意设定,26,10010000012398,点击发现，添加计划，距离，能力，若选择好距离之后不能调自己的时间小时，分钟的上限，只能设置他给的定值。,settings.page_view.cannot_or_fail,华为运动__C2,华为运动__C9,0.089837,0,1,1,0,0,0,0
TFIDF+HC__华为运动__10010000012319,tfidf_hc_K20,TFIDF+HC,华为运动,10010000012319,settings.other.cannot_or_fail,设定目标:当我想设定目标时，必须按照他给定的目标选择，而无法自己根据自己的情况随意设定,27,10010000012306,跑步测试:当我开始测试的时候并没有跑步，只是拿着手机模仿正坐在公交车上上下震动，他却显示有步数记录,step_count.list_item.other,华为运动__C8,华为运动__C9,0.03878,0,0,1,0,0,0,0
TFIDF+HC__华为运动__10010000012319,tfidf_hc_K20,TFIDF+HC,华为运动,10010000012319,settings.other.cannot_or_fail,设定目标:当我想设定目标时，必须按照他给定的目标选择，而无法自己根据自己的情况随意设定,28,10010000012542,运动时运动轨迹不明确，而且GPS定位时过于缓慢，室内运动，跑步机方式运动的话，gps定位不到，显示不出来。属于功能不完整的情况，复现程…,gps_track.gps.display_missing,华为运动__C8,华为运动__C9,0.04577,0,0,1,0,0,0,0
TFIDF+HC__华为运动__10010000012319,tfidf_hc_K20,TFIDF+HC,华为运动,10010000012319,settings.other.cannot_or_fail,设定目标:当我想设定目标时，必须按照他给定的目标选择，而无法自己根据自己的情况随意设定,29,10010000012491,运动过程中，爬了几层楼梯，然而在运动过程中的爬高竟然是0。用户看到自己的运动过程没有被正确记录对软件感到失望,run_walk.list_item.other,华为运动__C6,华为运动__C9,0.032735,0,0,1,0,0,0,0
TFIDF+HC__华为运动__10010000012319,tfidf_hc_K20,TFIDF+HC,华为运动,10010000012319,settings.other.cannot_or_fail,设定目标:当我想设定目标时，必须按照他给定的目标选择，而无法自己根据自己的情况随意设定,30,10010000012356,重复设定目标:我设定一个目标后无法在继续设定了，我家如同时有两个目标则不能设定需要一个个完成，但是我需要每天两个目标同时进行,settings.other.cannot_or_fail,华为运动__C9,华为运动__C9,0.23692,1,1,0,0,0,0,0
SBERT+HC__华为运动__10010000012319,sbert_hc_K20,SBERT+HC,华为运动,10010000012319,settings.other.cannot_or_fail,设定目标:当我想设定目标时，必须按照他给定的目标选择，而无法自己根据自己的情况随意设定,1,10010000012586,首页，设定目标之后，不能改变目标，只能开始训练,settings.page_view.cannot_or_fail,华为运动__C3,华为运动__C3,0.202739,0,1,0,0,0,0,0
SBERT+HC__华为运动__10010000012319,sbert_hc_K20,SBERT+HC,华为运动,10010000012319,settings.other.cannot_or_fail,设定目标:当我想设定目标时，必须按照他给定的目标选择，而无法自己根据自己的情况随意设定,2,10010000012402,如若不小心进入了开始跑步的状态，无法用退出键退出，只能先暂停，然后再点结束跑步,run_walk.other.cannot_or_fail,华为运动__C0,华为运动__C3,0.014679,0,0,1,0,0,0,0
SBERT+HC__华为运动__10010000012319,sbert_hc_K20,SBERT+HC,华为运动,10010000012319,settings.other.cannot_or_fail,设定目标:当我想设定目标时，必须按照他给定的目标选择，而无法自己根据自己的情况随意设定,3,10010000012324,设定目标:当我设定目标时有马拉松选项，有人不知道马拉松是多远，例如我就不知道，让用户可能盲目的设定，应该在后面给个提示的数目,settings.other.other,华为运动__C3,华为运动__C3,0.258666,0,1,0,0,0,0,0
SBERT+HC__华为运动__10010000012319,sbert_hc_K20,SBERT+HC,华为运动,10010000012319,settings.other.cannot_or_fail,设定目标:当我想设定目标时，必须按照他给定的目标选择，而无法自己根据自己的情况随意设定,4,10010000012632,在点击开始跑步后，GPS很难定位准确，给用户带来较大不便。,gps_track.gps.other,华为运动__C0,华为运动__C3,0.02322,0,0,1,0,0,0,0
SBERT+HC__华为运动__10010000012319,sbert_hc_K20,SBERT+HC,华为运动,10010000012319,settings.other.cannot_or_fail,设定目标:当我想设定目标时，必须按照他给定的目标选择，而无法自己根据自己的情况随意设定,5,10010000012428,设置体重的时候应该设置为0公斤，保存当前目标，再次查看我的目标，体重目标变成60公斤。,settings.page_view.other,华为运动__C7,华为运动__C3,0.128296,0,1,1,0,0,0,0
SBERT+HC__华为运动__10010000012319,sbert_hc_K20,SBERT+HC,华为运动,10010000012319,settings.other.cannot_or_fail,设定目标:当我想设定目标时，必须按照他给定的目标选择，而无法自己根据自己的情况随意设定,6,10010000012362,目标步数设置时只能1000步1000步的设，不精确,step_count.page_view.other,华为运动__C0,华为运动__C3,0.054229,0,0,1,0,0,0,0
SBERT+HC__华为运动__10010000012319,sbert_hc_K20,SBERT+HC,华为运动,10010000012319,settings.other.cannot_or_fail,设定目标:当我想设定目标时，必须按照他给定的目标选择，而无法自己根据自己的情况随意设定,7,10010000012572,"从""我的""页面进入到""我的目标""界面设置目标时，体重目标为""40公斤时""，7000步的运动量目标为少量，体重目标为""91公斤""时，70…",run_walk.page_view.other,华为运动__C7,华为运动__C3,0.137215,0,0,1,0,0,0,0
SBERT+HC__华为运动__10010000012319,sbert_hc_K20,SBERT+HC,华为运动,10010000012319,settings.other.cannot_or_fail,设定目标:当我想设定目标时，必须按照他给定的目标选择，而无法自己根据自己的情况随意设定,8,10010000012356,重复设定目标:我设定一个目标后无法在继续设定了，我家如同时有两个目标则不能设定需要一个个完成，但是我需要每天两个目标同时进行,settings.other.cannot_or_fail,华为运动__C3,华为运动__C3,0.23692,1,1,0,0,0,0,0
SBERT+HC__华为运动__10010000012319,sbert_hc_K20,SBERT+HC,华为运动,10010000012319,settings.other.cannot_or_fail,设定目标:当我想设定目标时，必须按照他给定的目标选择，而无法自己根据自己的情况随意设定,9,10010000012532,无法同时满足设定的目标。在首页运动模块的右下角，点击目标旗帜，可以选择运动目标，先选择时间30分钟，选择完成后返回到运动模块界面的时候…,run_walk.page_view.cannot_or_fail,华为运动__C3,华为运动__C3,0.161953,0,0,0,0,0,0,0
SBERT+HC__华为运动__10010000012319,sbert_hc_K20,SBERT+HC,华为运动,10010000012319,settings.other.cannot_or_fail,设定目标:当我想设定目标时，必须按照他给定的目标选择，而无法自己根据自己的情况随意设定,10,10010000012407,我在发现页面里进入表项，选择目标，体重竟然可以选择0，而当用户选择了0之后保存，结果又变成了60,settings.page_view.other,华为运动__C7,华为运动__C3,0.080353,0,1,1,0,0,0,0
SBERT+HC__华为运动__10010000012319,sbert_hc_K20,SBERT+HC,华为运动,10010000012319,settings.other.cannot_or_fail,设定目标:当我想设定目标时，必须按照他给定的目标选择，而无法自己根据自己的情况随意设定,11,10010000012327,比赛目标，当我设定比赛的时候，年份只能设定2017年，无法设定其他年份,settings.other.cannot_or_fail,华为运动__C9,华为运动__C3,0.163878,1,1,1,1,1,1,1
SBERT+HC__华为运动__10010000012319,sbert_hc_K20,SBERT+HC,华为运动,10010000012319,settings.other.cannot_or_fail,设定目标:当我想设定目标时，必须按照他给定的目标选择，而无法自己根据自己的情况随意设定,12,10010000012657,在我的，目标当中，修改目标，不点击保存退出，系统不会提示是否保存。,settings.other.other,华为运动__C3,华为运动__C3,0.08465,0,1,0,0,0,0,0
SBERT+HC__华为运动__10010000012319,sbert_hc_K20,SBERT+HC,华为运动,10010000012319,settings.other.cannot_or_fail,设定目标:当我想设定目标时，必须按照他给定的目标选择，而无法自己根据自己的情况随意设定,13,10010000012355,爬高功能缺失，无法正确计算实际进行的高度获取数据并统计。,other.other.cannot_or_fail,华为运动__C16,华为运动__C3,0.020506,0,0,1,0,0,0,0
SBERT+HC__华为运动__10010000012319,sbert_hc_K20,SBERT+HC,华为运动,10010000012319,settings.other.cannot_or_fail,设定目标:当我想设定目标时，必须按照他给定的目标选择，而无法自己根据自己的情况随意设定,14,10010000012380,跑步时步数并没有实时更新，而是等跑完了结束跑步时步数才加上去,step_count.step.other,华为运动__C0,华为运动__C3,0.014273,0,0,1,0,0,0,0
SBERT+HC__华为运动__10010000012319,sbert_hc_K20,SBERT+HC,华为运动,10010000012319,settings.other.cannot_or_fail,设定目标:当我想设定目标时，必须按照他给定的目标选择，而无法自己根据自己的情况随意设定,15,10010000012516,我的成绩单里的步数与实际运动后显示的步数不一致,step_count.step.other,华为运动__C0,华为运动__C3,0.008105,0,0,1,0,0,0,0
SBERT+HC__华为运动__10010000012319,sbert_hc_K20,SBERT+HC,华为运动,10010000012319,settings.other.cannot_or_fail,设定目标:当我想设定目标时，必须按照他给定的目标选择，而无法自己根据自己的情况随意设定,16,10010000012559,在跑步过程中想要结束运动时，操作太过于繁琐，需要进行三步到四步才能停止跑步，用户体验极为不佳！！！！,run_walk.other.other,华为运动__C0,华为运动__C3,0.0125,0,0,1,0,0,0,0
SBERT+HC__华为运动__10010000012319,sbert_hc_K20,SBERT+HC,华为运动,10010000012319,settings.other.cannot_or_fail,设定目标:当我想设定目标时，必须按照他给定的目标选择，而无法自己根据自己的情况随意设定,17,10010000012310,选择为比赛做准备时，可选的准备时间只有部分时间，用户体验不够好,other.step.other,华为运动__C3,华为运动__C3,0.029006,0,0,0,0,0,0,0
SBERT+HC__华为运动__10010000012319,sbert_hc_K20,SBERT+HC,华为运动,10010000012319,settings.other.cannot_or_fail,设定目标:当我想设定目标时，必须按照他给定的目标选择，而无法自己根据自己的情况随意设定,18,10010000012443,无法自己填写，运动目标，有时目标高于或低于系统设定目标,run_walk.other.cannot_or_fail,华为运动__C3,华为运动__C3,0.287959,0,0,0,0,0,0,0
SBERT+HC__华为运动__10010000012319,sbert_hc_K20,SBERT+HC,华为运动,10010000012319,settings.other.cannot_or_fail,设定目标:当我想设定目标时，必须按照他给定的目标选择，而无法自己根据自己的情况随意设定,19,10010000012373,定位:开始跑步时，地图定位不准确，我明明在实验室比赛，可显示的却不是,gps_track.gps.wrong_value,华为运动__C0,华为运动__C3,0.042114,0,0,1,0,0,0,0
SBERT+HC__华为运动__10010000012319,sbert_hc_K20,SBERT+HC,华为运动,10010000012319,settings.other.cannot_or_fail,设定目标:当我想设定目标时，必须按照他给定的目标选择，而无法自己根据自己的情况随意设定,20,10010000012568,在进跑步方式的测试时，一直都在进行步行运动，但是记录显示我的总步数为26步，步行65%，跑步35%，爬高0%。与我实际运动的情况不符合…,step_count.list_item.other,华为运动__C0,华为运动__C3,0.026868,0,0,1,0,0,0,0
SBERT+HC__华为运动__10010000012319,sbert_hc_K20,SBERT+HC,华为运动,10010000012319,settings.other.cannot_or_fail,设定目标:当我想设定目标时，必须按照他给定的目标选择，而无法自己根据自己的情况随意设定,21,10010000012349,设定每周运动次数:在设定次数时只能选给定我的次数，没法自己设定,run_walk.other.other,华为运动__C3,华为运动__C3,0.189227,0,0,0,0,0,0,0
SBERT+HC__华为运动__10010000012319,sbert_hc_K20,SBERT+HC,华为运动,10010000012319,settings.other.cannot_or_fail,设定目标:当我想设定目标时，必须按照他给定的目标选择，而无法自己根据自己的情况随意设定,22,10010000012398,点击发现，添加计划，距离，能力，若选择好距离之后不能调自己的时间小时，分钟的上限，只能设置他给的定值。,settings.page_view.cannot_or_fail,华为运动__C3,华为运动__C3,0.089837,0,1,0,0,0,0,0
SBERT+HC__华为运动__10010000012319,sbert_hc_K20,SBERT+HC,华为运动,10010000012319,settings.other.cannot_or_fail,设定目标:当我想设定目标时，必须按照他给定的目标选择，而无法自己根据自己的情况随意设定,23,10010000012494,爬高步数不准确，有时较轻微时，爬高步数算入走路步数,step_count.step.other,华为运动__C0,华为运动__C3,0.008138,0,0,1,0,0,0,0
SBERT+HC__华为运动__10010000012319,sbert_hc_K20,SBERT+HC,华为运动,10010000012319,settings.other.cannot_or_fail,设定目标:当我想设定目标时，必须按照他给定的目标选择，而无法自己根据自己的情况随意设定,24,10010000012549,个性设置的时候，设置生日，选择月份的时候，一个不小心滑过了，直接到下一月份，或者是在选择年份的时候，而不会从头再来。,settings.page_view.other,华为运动__C9,华为运动__C3,0.04604,0,1,1,0,0,0,0
SBERT+HC__华为运动__10010000012319,sbert_hc_K20,SBERT+HC,华为运动,10010000012319,settings.other.cannot_or_fail,设定目标:当我想设定目标时，必须按照他给定的目标选择，而无法自己根据自己的情况随意设定,25,10010000012605,编辑个人头像时，写的需要审核，但是未经过审核直接更改成功,other.other.other,华为运动__C2,华为运动__C3,0.00796,0,0,1,0,0,0,0
SBERT+HC__华为运动__10010000012319,sbert_hc_K20,SBERT+HC,华为运动,10010000012319,settings.other.cannot_or_fail,设定目标:当我想设定目标时，必须按照他给定的目标选择，而无法自己根据自己的情况随意设定,26,10010000012365,体重目标最多居然能设到150公斤，不切实际,settings.other.other,华为运动__C7,华为运动__C3,0.058658,0,1,1,0,0,0,0
SBERT+HC__华为运动__10010000012319,sbert_hc_K20,SBERT+HC,华为运动,10010000012319,settings.other.cannot_or_fail,设定目标:当我想设定目标时，必须按照他给定的目标选择，而无法自己根据自己的情况随意设定,27,10010000012672,设置个人身体各项指标过多，相对复杂,settings.page_view.other,华为运动__C16,华为运动__C3,0.027333,0,1,1,0,0,0,0
SBERT+HC__华为运动__10010000012319,sbert_hc_K20,SBERT+HC,华为运动,10010000012319,settings.other.cannot_or_fail,设定目标:当我想设定目标时，必须按照他给定的目标选择，而无法自己根据自己的情况随意设定,28,10010000012429,跑步模式下，建议有一个定位当前点的功能。地图放大之后，找回当前点比较麻烦,gps_track.gps.other,华为运动__C0,华为运动__C3,0.022084,0,0,1,0,0,0,0
SBERT+HC__华为运动__10010000012319,sbert_hc_K20,SBERT+HC,华为运动,10010000012319,settings.other.cannot_or_fail,设定目标:当我想设定目标时，必须按照他给定的目标选择，而无法自己根据自己的情况随意设定,29,10010000012582,并没有对自己的个人信息和运动目标进行设置，然而在我的目标和我的信息中，均有默认值的存在，在第一次进入应用的时候就应该提醒用户进行相关的设置,notification.page_view.other,华为运动__C3,华为运动__C3,0.113711,0,0,0,0,0,0,0
SBERT+HC__华为运动__10010000012319,sbert_hc_K20,SBERT+HC,华为运动,10010000012319,settings.other.cannot_or_fail,设定目标:当我想设定目标时，必须按照他给定的目标选择，而无法自己根据自己的情况随意设定,30,10010000012451,无法自己填写体重目标，有时设定的目标会高于或低于系统的设定,settings.other.cannot_or_fail,华为运动__C3,华为运动__C3,0.269469,1,1,0,0,0,0,0
SBERT+HC__华为运动__10010000012319,sbert_hc_K20,SBERT+HC,华为运动,10010000012319,settings.other.cannot_or_fail,设定目标:当我想设定目标时，必须按照他给定的目标选择，而无法自己根据自己的情况随意设定,31,10010000012393,个人资料中生日这一栏我有异议，首先有必要设为非公开吗？其次作为一个跑步软件，知道用户生日的必要性不高,run_walk.other.other,华为运动__C9,华为运动__C3,0.024478,0,0,1,0,0,0,0
LLMCluster__华为运动__10010000012319,llmcluster_glm-4-air,LLMCluster,华为运动,10010000012319,settings.other.cannot_or_fail,设定目标:当我想设定目标时，必须按照他给定的目标选择，而无法自己根据自己的情况随意设定,1,10010000012398,点击发现，添加计划，距离，能力，若选择好距离之后不能调自己的时间小时，分钟的上限，只能设置他给的定值。,settings.page_view.cannot_or_fail,华为运动__C5,华为运动__C6,0.089837,0,1,1,0,0,0,0
LLMCluster__华为运动__10010000012319,llmcluster_glm-4-air,LLMCluster,华为运动,10010000012319,settings.other.cannot_or_fail,设定目标:当我想设定目标时，必须按照他给定的目标选择，而无法自己根据自己的情况随意设定,2,10010000012561,体重最多可以选择到150公斤，超过150公斤的用户就不能进行自己的体重值。目前体重超过150公斤的用户是大量存在的，限制值为150让用…,other.other.cannot_or_fail,华为运动__C5,华为运动__C6,0.040931,0,0,1,0,0,0,0
LLMCluster__华为运动__10010000012319,llmcluster_glm-4-air,LLMCluster,华为运动,10010000012319,settings.other.cannot_or_fail,设定目标:当我想设定目标时，必须按照他给定的目标选择，而无法自己根据自己的情况随意设定,3,10010000012572,"从""我的""页面进入到""我的目标""界面设置目标时，体重目标为""40公斤时""，7000步的运动量目标为少量，体重目标为""91公斤""时，70…",run_walk.page_view.other,华为运动__C9,华为运动__C6,0.137215,0,0,1,0,0,0,0
LLMCluster__华为运动__10010000012319,llmcluster_glm-4-air,LLMCluster,华为运动,10010000012319,settings.other.cannot_or_fail,设定目标:当我想设定目标时，必须按照他给定的目标选择，而无法自己根据自己的情况随意设定,4,10010000012407,我在发现页面里进入表项，选择目标，体重竟然可以选择0，而当用户选择了0之后保存，结果又变成了60,settings.page_view.other,华为运动__C5,华为运动__C6,0.080353,0,1,1,0,0,0,0
LLMCluster__华为运动__10010000012319,llmcluster_glm-4-air,LLMCluster,华为运动,10010000012319,settings.other.cannot_or_fail,设定目标:当我想设定目标时，必须按照他给定的目标选择，而无法自己根据自己的情况随意设定,5,10010000012306,跑步测试:当我开始测试的时候并没有跑步，只是拿着手机模仿正坐在公交车上上下震动，他却显示有步数记录,step_count.list_item.other,华为运动__C1,华为运动__C6,0.03878,0,0,1,0,0,0,0
LLMCluster__华为运动__10010000012319,llmcluster_glm-4-air,LLMCluster,华为运动,10010000012319,settings.other.cannot_or_fail,设定目标:当我想设定目标时，必须按照他给定的目标选择，而无法自己根据自己的情况随意设定,6,10010000012349,设定每周运动次数:在设定次数时只能选给定我的次数，没法自己设定,run_walk.other.other,华为运动__C9,华为运动__C6,0.189227,0,0,1,0,0,0,0
LLMCluster__华为运动__10010000012319,llmcluster_glm-4-air,LLMCluster,华为运动,10010000012319,settings.other.cannot_or_fail,设定目标:当我想设定目标时，必须按照他给定的目标选择，而无法自己根据自己的情况随意设定,7,10010000012582,并没有对自己的个人信息和运动目标进行设置，然而在我的目标和我的信息中，均有默认值的存在，在第一次进入应用的时候就应该提醒用户进行相关的设置,notification.page_view.other,华为运动__C6,华为运动__C6,0.113711,0,0,0,0,0,0,0
LLMCluster__华为运动__10010000012319,llmcluster_glm-4-air,LLMCluster,华为运动,10010000012319,settings.other.cannot_or_fail,设定目标:当我想设定目标时，必须按照他给定的目标选择，而无法自己根据自己的情况随意设定,8,10010000012356,重复设定目标:我设定一个目标后无法在继续设定了，我家如同时有两个目标则不能设定需要一个个完成，但是我需要每天两个目标同时进行,settings.other.cannot_or_fail,华为运动__C9,华为运动__C6,0.23692,1,1,1,1,1,1,1
LLMCluster__华为运动__10010000012319,llmcluster_glm-4-air,LLMCluster,华为运动,10010000012319,settings.other.cannot_or_fail,设定目标:当我想设定目标时，必须按照他给定的目标选择，而无法自己根据自己的情况随意设定,9,10010000012657,在我的，目标当中，修改目标，不点击保存退出，系统不会提示是否保存。,settings.other.other,华为运动__C5,华为运动__C6,0.08465,0,1,1,0,0,0,0
LLMCluster__华为运动__10010000012319,llmcluster_glm-4-air,LLMCluster,华为运动,10010000012319,settings.other.cannot_or_fail,设定目标:当我想设定目标时，必须按照他给定的目标选择，而无法自己根据自己的情况随意设定,10,10010000012681,无法收藏发现里面自己运动结果好的运动记录,run_walk.list_item.cannot_or_fail,华为运动__C15,华为运动__C6,0.05366,0,0,1,0,0,0,0
LLMCluster__华为运动__10010000012319,llmcluster_glm-4-air,LLMCluster,华为运动,10010000012319,settings.other.cannot_or_fail,设定目标:当我想设定目标时，必须按照他给定的目标选择，而无法自己根据自己的情况随意设定,11,10010000012614,发现，消息栏目，在消息查看的时候，出现重复出现的情况，同一个讨论组，消息不同步，而且重复出现,message_send.chat.other,华为运动__C6,华为运动__C6,0.04002,0,0,0,0,0,0,0
LLMCluster__华为运动__10010000012319,llmcluster_glm-4-air,LLMCluster,华为运动,10010000012319,settings.other.cannot_or_fail,设定目标:当我想设定目标时，必须按照他给定的目标选择，而无法自己根据自己的情况随意设定,12,10010000012365,体重目标最多居然能设到150公斤，不切实际,settings.other.other,华为运动__C5,华为运动__C6,0.058658,0,1,1,0,0,0,0
LLMCluster__华为运动__10010000012319,llmcluster_glm-4-air,LLMCluster,华为运动,10010000012319,settings.other.cannot_or_fail,设定目标:当我想设定目标时，必须按照他给定的目标选择，而无法自己根据自己的情况随意设定,13,10010000012636,用户可以不设定昵称，这样在查看排行榜时，根本分不清谁是谁，很不方便。,other.other.other,华为运动__C15,华为运动__C6,0.051462,0,0,1,0,0,0,0
LLMCluster__华为运动__10010000012319,llmcluster_glm-4-air,LLMCluster,华为运动,10010000012319,settings.other.cannot_or_fail,设定目标:当我想设定目标时，必须按照他给定的目标选择，而无法自己根据自己的情况随意设定,14,10010000012600,在账号中心，点击头像进去的个性设置中，设置的自己的信息，但是在我的里面点击我的信息，却是默认的信息，之前的改变并没有更新到我的信息里面。,settings.page_view.other,华为运动__C5,华为运动__C6,0.048576,0,1,1,0,0,0,0
LLMCluster__华为运动__10010000012319,llmcluster_glm-4-air,LLMCluster,华为运动,10010000012319,settings.other.cannot_or_fail,设定目标:当我想设定目标时，必须按照他给定的目标选择，而无法自己根据自己的情况随意设定,15,10010000012548,点击查看排行榜，自己出现了两次，步数是一样的，点击分享，观察到自己的好友有两位，点击我的好友，界面显示我的好友只有一位,share.page_view.other,华为运动__C4,华为运动__C6,0.059111,0,0,1,0,0,0,0
LLMCluster__华为运动__10010000012319,llmcluster_glm-4-air,LLMCluster,华为运动,10010000012319,settings.other.cannot_or_fail,设定目标:当我想设定目标时，必须按照他给定的目标选择，而无法自己根据自己的情况随意设定,16,10010000012490,在跑步的时候，开启GPS的情况下无法进行GPA定位，不显示用户运动的信息。,gps_track.gps.display_missing,华为运动__C2,华为运动__C6,0.056877,0,0,1,0,0,0,0
LLMCluster__华为运动__10010000012319,llmcluster_glm-4-air,LLMCluster,华为运动,10010000012319,settings.other.cannot_or_fail,设定目标:当我想设定目标时，必须按照他给定的目标选择，而无法自己根据自己的情况随意设定,17,10010000012428,设置体重的时候应该设置为0公斤，保存当前目标，再次查看我的目标，体重目标变成60公斤。,settings.page_view.other,华为运动__C5,华为运动__C6,0.128296,0,1,1,0,0,0,0
LLMCluster__华为运动__10010000012319,llmcluster_glm-4-air,LLMCluster,华为运动,10010000012319,settings.other.cannot_or_fail,设定目标:当我想设定目标时，必须按照他给定的目标选择，而无法自己根据自己的情况随意设定,18,10010000012324,设定目标:当我设定目标时有马拉松选项，有人不知道马拉松是多远，例如我就不知道，让用户可能盲目的设定，应该在后面给个提示的数目,settings.other.other,华为运动__C6,华为运动__C6,0.258666,0,1,0,0,0,0,0
LLMCluster__华为运动__10010000012319,llmcluster_glm-4-air,LLMCluster,华为运动,10010000012319,settings.other.cannot_or_fail,设定目标:当我想设定目标时，必须按照他给定的目标选择，而无法自己根据自己的情况随意设定,19,10010000012532,无法同时满足设定的目标。在首页运动模块的右下角，点击目标旗帜，可以选择运动目标，先选择时间30分钟，选择完成后返回到运动模块界面的时候…,run_walk.page_view.cannot_or_fail,华为运动__C6,华为运动__C6,0.161953,0,0,0,0,0,0,0
LLMCluster__华为运动__10010000012319,llmcluster_glm-4-air,LLMCluster,华为运动,10010000012319,settings.other.cannot_or_fail,设定目标:当我想设定目标时，必须按照他给定的目标选择，而无法自己根据自己的情况随意设定,20,10010000012499,没有进行运动的过程中，app在后台依然进行数据统计，数据记录不准确。导致用户对自己的运动情况了解不准确，容易造成偏差、功能不完整，复现…,run_walk.list_item.other,华为运动__C3,华为运动__C6,0.047691,0,0,1,0,0,0,0
LLMCluster__华为运动__10010000012319,llmcluster_glm-4-air,LLMCluster,华为运动,10010000012319,settings.other.cannot_or_fail,设定目标:当我想设定目标时，必须按照他给定的目标选择，而无法自己根据自己的情况随意设定,21,10010000012567,在用户进入app时、个人信息自动修改为默认值，根据BEE能量代谢表达式，但是一个女性用户与男性用户差距过大，在未提醒修改个人信息的情况…,notification.page_view.other,华为运动__C5,华为运动__C6,0.03841,0,0,1,0,0,0,0
LLMCluster__华为运动__10010000012319,llmcluster_glm-4-air,LLMCluster,华为运动,10010000012319,settings.other.cannot_or_fail,设定目标:当我想设定目标时，必须按照他给定的目标选择，而无法自己根据自己的情况随意设定,22,10010000012586,首页，设定目标之后，不能改变目标，只能开始训练,settings.page_view.cannot_or_fail,华为运动__C9,华为运动__C6,0.202739,0,1,1,1,1,1,1
LLMCluster__华为运动__10010000012319,llmcluster_glm-4-air,LLMCluster,华为运动,10010000012319,settings.other.cannot_or_fail,设定目标:当我想设定目标时，必须按照他给定的目标选择，而无法自己根据自己的情况随意设定,23,10010000012327,比赛目标，当我设定比赛的时候，年份只能设定2017年，无法设定其他年份,settings.other.cannot_or_fail,华为运动__C5,华为运动__C6,0.163878,1,1,1,1,1,1,1
LLMCluster__华为运动__10010000012319,llmcluster_glm-4-air,LLMCluster,华为运动,10010000012319,settings.other.cannot_or_fail,设定目标:当我想设定目标时，必须按照他给定的目标选择，而无法自己根据自己的情况随意设定,24,10010000012451,无法自己填写体重目标，有时设定的目标会高于或低于系统的设定,settings.other.cannot_or_fail,华为运动__C5,华为运动__C6,0.269469,1,1,1,1,1,1,1
LLMCluster__华为运动__10010000012319,llmcluster_glm-4-air,LLMCluster,华为运动,10010000012319,settings.other.cannot_or_fail,设定目标:当我想设定目标时，必须按照他给定的目标选择，而无法自己根据自己的情况随意设定,25,10010000012443,无法自己填写，运动目标，有时目标高于或低于系统设定目标,run_walk.other.cannot_or_fail,华为运动__C5,华为运动__C6,0.287959,0,0,1,0,0,0,0
TFIDF+HC__华为运动__10010000012578,tfidf_hc_K20,TFIDF+HC,华为运动,10010000012578,other.other.other,在测试app的时候，当app在后台运行，所占用内存太多，一定程度影响了用户使用其他app的效果和体验，导致手机速度变得卡慢。属于性能不…,1,10010000012512,将”我的成绩单“分享时，用户只能分享到微信朋友圈与微博，不能通过邮箱、qq、Facebook等方式进行分享，用户体验不好,share.share_panel.cannot_or_fail,华为运动__C2,华为运动__C6,0.033108,0,0,1,0,0,0,0
TFIDF+HC__华为运动__10010000012578,tfidf_hc_K20,TFIDF+HC,华为运动,10010000012578,other.other.other,在测试app的时候，当app在后台运行，所占用内存太多，一定程度影响了用户使用其他app的效果和体验，导致手机速度变得卡慢。属于性能不…,2,10010000012463,华为运动载入过慢，这样会导致用户的次日留存量大大下降。由于网络的原因导致页面相应很慢，上拉下滑菜单的时候不是很流畅，在测试wif开启关…,run_walk.page_view.other,华为运动__C6,华为运动__C6,0.079401,0,0,0,0,0,0,0
TFIDF+HC__华为运动__10010000012578,tfidf_hc_K20,TFIDF+HC,华为运动,10010000012578,other.other.other,在测试app的时候，当app在后台运行，所占用内存太多，一定程度影响了用户使用其他app的效果和体验，导致手机速度变得卡慢。属于性能不…,3,10010000012575,高度变化时，登高变化不变，对高度变化不够敏感,other.other.other,华为运动__C15,华为运动__C6,0.051567,1,1,1,1,1,1,1
TFIDF+HC__华为运动__10010000012578,tfidf_hc_K20,TFIDF+HC,华为运动,10010000012578,other.other.other,在测试app的时候，当app在后台运行，所占用内存太多，一定程度影响了用户使用其他app的效果和体验，导致手机速度变得卡慢。属于性能不…,4,10010000012614,发现，消息栏目，在消息查看的时候，出现重复出现的情况，同一个讨论组，消息不同步，而且重复出现,message_send.chat.other,华为运动__C8,华为运动__C6,0.028714,0,0,1,0,0,0,0
TFIDF+HC__华为运动__10010000012578,tfidf_hc_K20,TFIDF+HC,华为运动,10010000012578,other.other.other,在测试app的时候，当app在后台运行，所占用内存太多，一定程度影响了用户使用其他app的效果和体验，导致手机速度变得卡慢。属于性能不…,5,10010000012306,跑步测试:当我开始测试的时候并没有跑步，只是拿着手机模仿正坐在公交车上上下震动，他却显示有步数记录,step_count.list_item.other,华为运动__C8,华为运动__C6,0.05844,0,0,1,0,0,0,0
TFIDF+HC__华为运动__10010000012578,tfidf_hc_K20,TFIDF+HC,华为运动,10010000012578,other.other.other,在测试app的时候，当app在后台运行，所占用内存太多，一定程度影响了用户使用其他app的效果和体验，导致手机速度变得卡慢。属于性能不…,6,10010000012342,在用户登录界面中，没有提示用户用户名和密码上限字符，并且在密码输入31个字符时不让继续输入但是没有提示，功能不完整。,login.page_view.no_prompt,华为运动__C17,华为运动__C6,0.030043,0,0,1,0,0,0,0
TFIDF+HC__华为运动__10010000012578,tfidf_hc_K20,TFIDF+HC,华为运动,10010000012578,other.other.other,在测试app的时候，当app在后台运行，所占用内存太多，一定程度影响了用户使用其他app的效果和体验，导致手机速度变得卡慢。属于性能不…,7,10010000012327,比赛目标，当我设定比赛的时候，年份只能设定2017年，无法设定其他年份,settings.other.cannot_or_fail,华为运动__C8,华为运动__C6,0.057527,0,0,1,0,0,0,0
TFIDF+HC__华为运动__10010000012578,tfidf_hc_K20,TFIDF+HC,华为运动,10010000012578,other.other.other,在测试app的时候，当app在后台运行，所占用内存太多，一定程度影响了用户使用其他app的效果和体验，导致手机速度变得卡慢。属于性能不…,8,10010000012667,在我的卡卡中，只能获得卡卡后才能知道卡卡的具体情况，这个用户极为反感，在不知情的情况下就去进行获得是不情愿的，用户体验极差！！！！,other.other.other,华为运动__C2,华为运动__C6,0.062917,1,1,1,1,1,1,1
TFIDF+HC__华为运动__10010000012578,tfidf_hc_K20,TFIDF+HC,华为运动,10010000012578,other.other.other,在测试app的时候，当app在后台运行，所占用内存太多，一定程度影响了用户使用其他app的效果和体验，导致手机速度变得卡慢。属于性能不…,9,10010000012549,个性设置的时候，设置生日，选择月份的时候，一个不小心滑过了，直接到下一月份，或者是在选择年份的时候，而不会从头再来。,settings.page_view.other,华为运动__C8,华为运动__C6,0.070555,0,0,1,0,0,0,0
TFIDF+HC__华为运动__10010000012578,tfidf_hc_K20,TFIDF+HC,华为运动,10010000012578,other.other.other,在测试app的时候，当app在后台运行，所占用内存太多，一定程度影响了用户使用其他app的效果和体验，导致手机速度变得卡慢。属于性能不…,10,10010000012503,新用户登陆前进行注册，注册时使用手机号进行注册，当手机号填错时，多写一位，注册失败，提示信息为获取验证码失败而不是手机号错误,register.other.wrong_value,华为运动__C17,华为运动__C6,0.052891,0,0,1,0,0,0,0
TFIDF+HC__华为运动__10010000012578,tfidf_hc_K20,TFIDF+HC,华为运动,10010000012578,other.other.other,在测试app的时候，当app在后台运行，所占用内存太多，一定程度影响了用户使用其他app的效果和体验，导致手机速度变得卡慢。属于性能不…,11,10010000012466,在添加计划里的能力里，时间最多只能到1小时12分，用户体验不够好,other.step.other,华为运动__C2,华为运动__C6,0.031135,0,1,1,0,0,0,0
TFIDF+HC__华为运动__10010000012578,tfidf_hc_K20,TFIDF+HC,华为运动,10010000012578,other.other.other,在测试app的时候，当app在后台运行，所占用内存太多，一定程度影响了用户使用其他app的效果和体验，导致手机速度变得卡慢。属于性能不…,12,10010000012502,在准备结束运动的时候，系统提示运动距离短，不会记录数据，这样不方便用户的使用，即使运动距离很少，也应该将用户的运动数据记录。,run_walk.list_item.other,华为运动__C6,华为运动__C6,0.053055,0,0,0,0,0,0,0
TFIDF+HC__华为运动__10010000012578,tfidf_hc_K20,TFIDF+HC,华为运动,10010000012578,other.other.other,在测试app的时候，当app在后台运行，所占用内存太多，一定程度影响了用户使用其他app的效果和体验，导致手机速度变得卡慢。属于性能不…,13,10010000012498,在跑步的时候，用户跑步的公里数不给于显示，但是在结束运动返回到首页的时候却有步数的显示，前后不一致，,step_count.page_view.other,华为运动__C8,华为运动__C6,0.062015,0,0,1,0,0,0,0
TFIDF+HC__华为运动__10010000012578,tfidf_hc_K20,TFIDF+HC,华为运动,10010000012578,other.other.other,在测试app的时候，当app在后台运行，所占用内存太多，一定程度影响了用户使用其他app的效果和体验，导致手机速度变得卡慢。属于性能不…,14,10010000012499,没有进行运动的过程中，app在后台依然进行数据统计，数据记录不准确。导致用户对自己的运动情况了解不准确，容易造成偏差、功能不完整，复现…,run_walk.list_item.other,华为运动__C6,华为运动__C6,0.152482,0,0,0,0,0,0,0
TFIDF+HC__华为运动__10010000012578,tfidf_hc_K20,TFIDF+HC,华为运动,10010000012578,other.other.other,在测试app的时候，当app在后台运行，所占用内存太多，一定程度影响了用户使用其他app的效果和体验，导致手机速度变得卡慢。属于性能不…,15,10010000012453,在运动跑步页面，GPRS信号很差，跑至空阔出还是差，建议使用感应，GPRS太差，影响用户体验！,run_walk.page_view.other,华为运动__C1,华为运动__C6,0.077902,0,0,1,0,0,0,0
TFIDF+HC__华为运动__10010000012578,tfidf_hc_K20,TFIDF+HC,华为运动,10010000012578,other.other.other,在测试app的时候，当app在后台运行，所占用内存太多，一定程度影响了用户使用其他app的效果和体验，导致手机速度变得卡慢。属于性能不…,16,10010000012519,用户在想停止跑步时，点击暂停按钮，然后出现的两个按钮含义太模糊，考虑到使用该APP的老年用户很多，此时候的退出或者继续或者运动记录的回…,run_walk.button_icon.other,华为运动__C8,华为运动__C6,0.136462,0,0,1,0,0,0,0
TFIDF+HC__华为运动__10010000012578,tfidf_hc_K20,TFIDF+HC,华为运动,10010000012578,other.other.other,在测试app的时候，当app在后台运行，所占用内存太多，一定程度影响了用户使用其他app的效果和体验，导致手机速度变得卡慢。属于性能不…,17,10010000012465,计步不准确，有的时候，不走动，这是轻轻摇动手机，首页的数据还是在后台增加,step_count.page_view.other,华为运动__C8,华为运动__C6,0.076613,0,0,1,0,0,0,0
TFIDF+HC__华为运动__10010000012578,tfidf_hc_K20,TFIDF+HC,华为运动,10010000012578,other.other.other,在测试app的时候，当app在后台运行，所占用内存太多，一定程度影响了用户使用其他app的效果和体验，导致手机速度变得卡慢。属于性能不…,18,10010000012537,当开始跑步和停止跑步时的系统提示音太大，出乎意料的就响了，给用户造成极大的不满，甚至吓一跳！！！用户体验极为不好！！,run_walk.other.other,华为运动__C2,华为运动__C6,0.044101,0,0,1,0,0,0,0
TFIDF+HC__华为运动__10010000012578,tfidf_hc_K20,TFIDF+HC,华为运动,10010000012578,other.other.other,在测试app的时候，当app在后台运行，所占用内存太多，一定程度影响了用户使用其他app的效果和体验，导致手机速度变得卡慢。属于性能不…,19,10010000012459,GPS定位有问题，当在GPS信号强的情况下，定位的结果没有出现，等到GPS信号弱得时候，出现，但是，出现的却是错误信息,gps_track.gps.wrong_value,华为运动__C8,华为运动__C6,0.078535,0,0,1,0,0,0,0
TFIDF+HC__华为运动__10010000012578,tfidf_hc_K20,TFIDF+HC,华为运动,10010000012578,other.other.other,在测试app的时候，当app在后台运行，所占用内存太多，一定程度影响了用户使用其他app的效果和体验，导致手机速度变得卡慢。属于性能不…,20,10010000012624,在测试app时，运动情况的统计的月度统计应该是1,run_walk.other.other,华为运动__C6,华为运动__C6,0.20722,0,0,0,0,0,0,0
TFIDF+HC__华为运动__10010000012578,tfidf_hc_K20,TFIDF+HC,华为运动,10010000012578,other.other.other,在测试app的时候，当app在后台运行，所占用内存太多，一定程度影响了用户使用其他app的效果和体验，导致手机速度变得卡慢。属于性能不…,21,10010000012403,在注册用户的过程中，手机号输入多一位或者少一位，不会提示手机号码输入错误，只会显示验证码发送失败。,register.other.wrong_value,华为运动__C17,华为运动__C6,0.045001,0,0,1,0,0,0,0
TFIDF+HC__华为运动__10010000012578,tfidf_hc_K20,TFIDF+HC,华为运动,10010000012578,other.other.other,在测试app的时候，当app在后台运行，所占用内存太多，一定程度影响了用户使用其他app的效果和体验，导致手机速度变得卡慢。属于性能不…,22,10010000012490,在跑步的时候，开启GPS的情况下无法进行GPA定位，不显示用户运动的信息。,gps_track.gps.display_missing,华为运动__C8,华为运动__C6,0.10468,0,0,1,0,0,0,0
TFIDF+HC__华为运动__10010000012578,tfidf_hc_K20,TFIDF+HC,华为运动,10010000012578,other.other.other,在测试app的时候，当app在后台运行，所占用内存太多，一定程度影响了用户使用其他app的效果和体验，导致手机速度变得卡慢。属于性能不…,23,10010000012542,运动时运动轨迹不明确，而且GPS定位时过于缓慢，室内运动，跑步机方式运动的话，gps定位不到，显示不出来。属于功能不完整的情况，复现程…,gps_track.gps.display_missing,华为运动__C8,华为运动__C6,0.095875,0,0,1,0,0,0,0
TFIDF+HC__华为运动__10010000012578,tfidf_hc_K20,TFIDF+HC,华为运动,10010000012578,other.other.other,在测试app的时候，当app在后台运行，所占用内存太多，一定程度影响了用户使用其他app的效果和体验，导致手机速度变得卡慢。属于性能不…,24,10010000012558,地图不是很清楚，没有0.5公里播报的功能。一般运动类app都有语音提示用户此时已经运动的距离和步数，使用户可以对自己所运动的情况有一个…,step_count.step.other,华为运动__C6,华为运动__C6,0.110098,0,0,0,0,0,0,0
TFIDF+HC__华为运动__10010000012578,tfidf_hc_K20,TFIDF+HC,华为运动,10010000012578,other.other.other,在测试app的时候，当app在后台运行，所占用内存太多，一定程度影响了用户使用其他app的效果和体验，导致手机速度变得卡慢。属于性能不…,25,10010000012638,在我的成绩单中，一个页面显示最近一周战胜为0.00%，而在点开我的成绩单页面后，显示为战胜了0.28%的人，这是性能不准确，无法实时传…,other.page_view.cannot_or_fail,华为运动__C16,华为运动__C6,0.038735,0,1,1,0,0,0,0
TFIDF+HC__华为运动__10010000012578,tfidf_hc_K20,TFIDF+HC,华为运动,10010000012578,other.other.other,在测试app的时候，当app在后台运行，所占用内存太多，一定程度影响了用户使用其他app的效果和体验，导致手机速度变得卡慢。属于性能不…,26,10010000012567,在用户进入app时、个人信息自动修改为默认值，根据BEE能量代谢表达式，但是一个女性用户与男性用户差距过大，在未提醒修改个人信息的情况…,notification.page_view.other,华为运动__C12,华为运动__C6,0.094664,0,0,1,0,0,0,0
SBERT+HC__华为运动__10010000012578,sbert_hc_K20,SBERT+HC,华为运动,10010000012578,other.other.other,在测试app的时候，当app在后台运行，所占用内存太多，一定程度影响了用户使用其他app的效果和体验，导致手机速度变得卡慢。属于性能不…,1,10010000012632,在点击开始跑步后，GPS很难定位准确，给用户带来较大不便。,gps_track.gps.other,华为运动__C0,华为运动__C0,0.043636,0,0,0,0,0,0,0
SBERT+HC__华为运动__10010000012578,sbert_hc_K20,SBERT+HC,华为运动,10010000012578,other.other.other,在测试app的时候，当app在后台运行，所占用内存太多，一定程度影响了用户使用其他app的效果和体验，导致手机速度变得卡慢。属于性能不…,2,10010000012352,对方手机上的跑步记录在我账号上不能进行及时更新，好友手机步行记录为88（因无法获取好友的图片就没上传好友的运动记录），我手机上的好友记…,run_walk.list_item.cannot_or_fail,华为运动__C1,华为运动__C0,0.039136,0,0,1,0,0,0,0
SBERT+HC__华为运动__10010000012578,sbert_hc_K20,SBERT+HC,华为运动,10010000012578,other.other.other,在测试app的时候，当app在后台运行，所占用内存太多，一定程度影响了用户使用其他app的效果和体验，导致手机速度变得卡慢。属于性能不…,3,10010000012463,华为运动载入过慢，这样会导致用户的次日留存量大大下降。由于网络的原因导致页面相应很慢，上拉下滑菜单的时候不是很流畅，在测试wif开启关…,run_walk.page_view.other,华为运动__C0,华为运动__C0,0.079401,0,0,0,0,0,0,0
SBERT+HC__华为运动__10010000012578,sbert_hc_K20,SBERT+HC,华为运动,10010000012578,other.other.other,在测试app的时候，当app在后台运行，所占用内存太多，一定程度影响了用户使用其他app的效果和体验，导致手机速度变得卡慢。属于性能不…,4,10010000012310,选择为比赛做准备时，可选的准备时间只有部分时间，用户体验不够好,other.step.other,华为运动__C3,华为运动__C0,0.022701,0,1,1,0,0,0,0
SBERT+HC__华为运动__10010000012578,sbert_hc_K20,SBERT+HC,华为运动,10010000012578,other.other.other,在测试app的时候，当app在后台运行，所占用内存太多，一定程度影响了用户使用其他app的效果和体验，导致手机速度变得卡慢。属于性能不…,5,10010000012443,无法自己填写，运动目标，有时目标高于或低于系统设定目标,run_walk.other.cannot_or_fail,华为运动__C3,华为运动__C0,0.018361,0,0,1,0,0,0,0
SBERT+HC__华为运动__10010000012578,sbert_hc_K20,SBERT+HC,华为运动,10010000012578,other.other.other,在测试app的时候，当app在后台运行，所占用内存太多，一定程度影响了用户使用其他app的效果和体验，导致手机速度变得卡慢。属于性能不…,6,10010000012451,无法自己填写体重目标，有时设定的目标会高于或低于系统的设定,settings.other.cannot_or_fail,华为运动__C3,华为运动__C0,0.022081,0,0,1,0,0,0,0
SBERT+HC__华为运动__10010000012578,sbert_hc_K20,SBERT+HC,华为运动,10010000012578,other.other.other,在测试app的时候，当app在后台运行，所占用内存太多，一定程度影响了用户使用其他app的效果和体验，导致手机速度变得卡慢。属于性能不…,7,10010000012312,步行记录不能及时更新，有时需要等一段时间才能更新步行记录，有时可以及时更新，这会造成用户体验不好,run_walk.list_item.cannot_or_fail,华为运动__C1,华为运动__C0,0.025947,0,0,1,0,0,0,0
SBERT+HC__华为运动__10010000012578,sbert_hc_K20,SBERT+HC,华为运动,10010000012578,other.other.other,在测试app的时候，当app在后台运行，所占用内存太多，一定程度影响了用户使用其他app的效果和体验，导致手机速度变得卡慢。属于性能不…,8,10010000012638,在我的成绩单中，一个页面显示最近一周战胜为0.00%，而在点开我的成绩单页面后，显示为战胜了0.28%的人，这是性能不准确，无法实时传…,other.page_view.cannot_or_fail,华为运动__C1,华为运动__C0,0.038735,0,1,1,0,0,0,0
SBERT+HC__华为运动__10010000012578,sbert_hc_K20,SBERT+HC,华为运动,10010000012578,other.other.other,在测试app的时候，当app在后台运行，所占用内存太多，一定程度影响了用户使用其他app的效果和体验，导致手机速度变得卡慢。属于性能不…,9,10010000012465,计步不准确，有的时候，不走动，这是轻轻摇动手机，首页的数据还是在后台增加,step_count.page_view.other,华为运动__C0,华为运动__C0,0.076613,0,0,0,0,0,0,0
SBERT+HC__华为运动__10010000012578,sbert_hc_K20,SBERT+HC,华为运动,10010000012578,other.other.other,在测试app的时候，当app在后台运行，所占用内存太多，一定程度影响了用户使用其他app的效果和体验，导致手机速度变得卡慢。属于性能不…,10,10010000012491,运动过程中，爬了几层楼梯，然而在运动过程中的爬高竟然是0。用户看到自己的运动过程没有被正确记录对软件感到失望,run_walk.list_item.other,华为运动__C0,华为运动__C0,0.024644,0,0,0,0,0,0,0
SBERT+HC__华为运动__10010000012578,sbert_hc_K20,SBERT+HC,华为运动,10010000012578,other.other.other,在测试app的时候，当app在后台运行，所占用内存太多，一定程度影响了用户使用其他app的效果和体验，导致手机速度变得卡慢。属于性能不…,11,10010000012651,睡眠功能没有任何提示信息，不知道如何去用，数据无显示,other.other.other,华为运动__C5,华为运动__C0,0.009507,1,1,1,1,1,1,1
SBERT+HC__华为运动__10010000012578,sbert_hc_K20,SBERT+HC,华为运动,10010000012578,other.other.other,在测试app的时候，当app在后台运行，所占用内存太多，一定程度影响了用户使用其他app的效果和体验，导致手机速度变得卡慢。属于性能不…,12,10010000012532,无法同时满足设定的目标。在首页运动模块的右下角，点击目标旗帜，可以选择运动目标，先选择时间30分钟，选择完成后返回到运动模块界面的时候…,run_walk.page_view.cannot_or_fail,华为运动__C3,华为运动__C0,0.027606,0,0,1,0,0,0,0
SBERT+HC__华为运动__10010000012578,sbert_hc_K20,SBERT+HC,华为运动,10010000012578,other.other.other,在测试app的时候，当app在后台运行，所占用内存太多，一定程度影响了用户使用其他app的效果和体验，导致手机速度变得卡慢。属于性能不…,13,10010000012514,"在从跑步页面返回到主页面并且用户有运动量后，在运动模块依旧显示""暂无数据，开始跑步吧""。",run_walk.page_view.other,华为运动__C0,华为运动__C0,0.016938,0,0,0,0,0,0,0
SBERT+HC__华为运动__10010000012578,sbert_hc_K20,SBERT+HC,华为运动,10010000012578,other.other.other,在测试app的时候，当app在后台运行，所占用内存太多，一定程度影响了用户使用其他app的效果和体验，导致手机速度变得卡慢。属于性能不…,14,10010000012502,在准备结束运动的时候，系统提示运动距离短，不会记录数据，这样不方便用户的使用，即使运动距离很少，也应该将用户的运动数据记录。,run_walk.list_item.other,华为运动__C0,华为运动__C0,0.053055,0,0,0,0,0,0,0
SBERT+HC__华为运动__10010000012578,sbert_hc_K20,SBERT+HC,华为运动,10010000012578,other.other.other,在测试app的时候，当app在后台运行，所占用内存太多，一定程度影响了用户使用其他app的效果和体验，导致手机速度变得卡慢。属于性能不…,15,10010000012453,在运动跑步页面，GPRS信号很差，跑至空阔出还是差，建议使用感应，GPRS太差，影响用户体验！,run_walk.page_view.other,华为运动__C0,华为运动__C0,0.077902,0,0,0,0,0,0,0
SBERT+HC__华为运动__10010000012578,sbert_hc_K20,SBERT+HC,华为运动,10010000012578,other.other.other,在测试app的时候，当app在后台运行，所占用内存太多，一定程度影响了用户使用其他app的效果和体验，导致手机速度变得卡慢。属于性能不…,16,10010000012567,在用户进入app时、个人信息自动修改为默认值，根据BEE能量代谢表达式，但是一个女性用户与男性用户差距过大，在未提醒修改个人信息的情况…,notification.page_view.other,华为运动__C8,华为运动__C0,0.094664,0,0,1,0,0,0,0
SBERT+HC__华为运动__10010000012578,sbert_hc_K20,SBERT+HC,华为运动,10010000012578,other.other.other,在测试app的时候，当app在后台运行，所占用内存太多，一定程度影响了用户使用其他app的效果和体验，导致手机速度变得卡慢。属于性能不…,17,10010000012342,在用户登录界面中，没有提示用户用户名和密码上限字符，并且在密码输入31个字符时不让继续输入但是没有提示，功能不完整。,login.page_view.no_prompt,华为运动__C8,华为运动__C0,0.030043,0,0,1,0,0,0,0
SBERT+HC__华为运动__10010000012578,sbert_hc_K20,SBERT+HC,华为运动,10010000012578,other.other.other,在测试app的时候，当app在后台运行，所占用内存太多，一定程度影响了用户使用其他app的效果和体验，导致手机速度变得卡慢。属于性能不…,18,10010000012519,用户在想停止跑步时，点击暂停按钮，然后出现的两个按钮含义太模糊，考虑到使用该APP的老年用户很多，此时候的退出或者继续或者运动记录的回…,run_walk.button_icon.other,华为运动__C0,华为运动__C0,0.136462,0,0,0,0,0,0,0
SBERT+HC__华为运动__10010000012578,sbert_hc_K20,SBERT+HC,华为运动,10010000012578,other.other.other,在测试app的时候，当app在后台运行，所占用内存太多，一定程度影响了用户使用其他app的效果和体验，导致手机速度变得卡慢。属于性能不…,19,10010000012569,进入首页后只能进行跑步训练，不能进行其他项目训练设置，如塑性等,run_walk.page_view.cannot_or_fail,华为运动__C3,华为运动__C0,0.034651,0,0,1,0,0,0,0
SBERT+HC__华为运动__10010000012578,sbert_hc_K20,SBERT+HC,华为运动,10010000012578,other.other.other,在测试app的时候，当app在后台运行，所占用内存太多，一定程度影响了用户使用其他app的效果和体验，导致手机速度变得卡慢。属于性能不…,20,10010000012585,"从""我的""页面进入到""我的成绩单""页面""，点击分享按钮进行分享时，供用户可选的路径有点少，比如现在用户用的比较多的""qq",share.button_icon.other,华为运动__C4,华为运动__C0,0.022425,0,0,1,0,0,0,0
SBERT+HC__华为运动__10010000012578,sbert_hc_K20,SBERT+HC,华为运动,10010000012578,other.other.other,在测试app的时候，当app在后台运行，所占用内存太多，一定程度影响了用户使用其他app的效果和体验，导致手机速度变得卡慢。属于性能不…,21,10010000012648,成功登录应用，进入发现界面，点击该界面的“我的好友”，进入好友列表界面，见截图1,login.page_view.other,华为运动__C4,华为运动__C0,0.011202,0,0,1,0,0,0,0
SBERT+HC__华为运动__10010000012578,sbert_hc_K20,SBERT+HC,华为运动,10010000012578,other.other.other,在测试app的时候，当app在后台运行，所占用内存太多，一定程度影响了用户使用其他app的效果和体验，导致手机速度变得卡慢。属于性能不…,22,10010000012598,我的成绩单，信息查看，累计距离不正确,other.step.wrong_value,华为运动__C1,华为运动__C0,0.00697,0,1,1,0,0,0,0
SBERT+HC__华为运动__10010000012578,sbert_hc_K20,SBERT+HC,华为运动,10010000012578,other.other.other,在测试app的时候，当app在后台运行，所占用内存太多，一定程度影响了用户使用其他app的效果和体验，导致手机速度变得卡慢。属于性能不…,23,10010000012403,在注册用户的过程中，手机号输入多一位或者少一位，不会提示手机号码输入错误，只会显示验证码发送失败。,register.other.wrong_value,华为运动__C8,华为运动__C0,0.045001,0,0,1,0,0,0,0
SBERT+HC__华为运动__10010000012578,sbert_hc_K20,SBERT+HC,华为运动,10010000012578,other.other.other,在测试app的时候，当app在后台运行，所占用内存太多，一定程度影响了用户使用其他app的效果和体验，导致手机速度变得卡慢。属于性能不…,24,10010000012624,在测试app时，运动情况的统计的月度统计应该是1,run_walk.other.other,华为运动__C10,华为运动__C0,0.20722,0,0,1,0,0,0,0
SBERT+HC__华为运动__10010000012578,sbert_hc_K20,SBERT+HC,华为运动,10010000012578,other.other.other,在测试app的时候，当app在后台运行，所占用内存太多，一定程度影响了用户使用其他app的效果和体验，导致手机速度变得卡慢。属于性能不…,25,10010000012466,在添加计划里的能力里，时间最多只能到1小时12分，用户体验不够好,other.step.other,华为运动__C3,华为运动__C0,0.031135,0,1,1,0,0,0,0
SBERT+HC__华为运动__10010000012578,sbert_hc_K20,SBERT+HC,华为运动,10010000012578,other.other.other,在测试app的时候，当app在后台运行，所占用内存太多，一定程度影响了用户使用其他app的效果和体验，导致手机速度变得卡慢。属于性能不…,26,10010000012676,在我的页面，点击我的信息。查看个人信息，然后查看完了，点击返回按钮。按钮不灵敏，点击多次才能返回。影响用户体验。,other.button_icon.other,华为运动__C4,华为运动__C0,0.044703,0,1,1,0,0,0,0
SBERT+HC__华为运动__10010000012578,sbert_hc_K20,SBERT+HC,华为运动,10010000012578,other.other.other,在测试app的时候，当app在后台运行，所占用内存太多，一定程度影响了用户使用其他app的效果和体验，导致手机速度变得卡慢。属于性能不…,27,10010000012542,运动时运动轨迹不明确，而且GPS定位时过于缓慢，室内运动，跑步机方式运动的话，gps定位不到，显示不出来。属于功能不完整的情况，复现程…,gps_track.gps.display_missing,华为运动__C0,华为运动__C0,0.095875,0,0,0,0,0,0,0
SBERT+HC__华为运动__10010000012578,sbert_hc_K20,SBERT+HC,华为运动,10010000012578,other.other.other,在测试app的时候，当app在后台运行，所占用内存太多，一定程度影响了用户使用其他app的效果和体验，导致手机速度变得卡慢。属于性能不…,28,10010000012559,在跑步过程中想要结束运动时，操作太过于繁琐，需要进行三步到四步才能停止跑步，用户体验极为不佳！！！！,run_walk.other.other,华为运动__C0,华为运动__C0,0.032623,0,0,0,0,0,0,0
SBERT+HC__华为运动__10010000012578,sbert_hc_K20,SBERT+HC,华为运动,10010000012578,other.other.other,在测试app的时候，当app在后台运行，所占用内存太多，一定程度影响了用户使用其他app的效果和体验，导致手机速度变得卡慢。属于性能不…,29,10010000012617,在我的里面设置个人信息，设置身高时，会出现一个上下滑动选择的控件，这个控件只能上下滑动，不能进行点击操作，非常不方便，用户体验差！！,settings.page_view.cannot_or_fail,华为运动__C0,华为运动__C0,0.025099,0,0,0,0,0,0,0
SBERT+HC__华为运动__10010000012578,sbert_hc_K20,SBERT+HC,华为运动,10010000012578,other.other.other,在测试app的时候，当app在后台运行，所占用内存太多，一定程度影响了用户使用其他app的效果和体验，导致手机速度变得卡慢。属于性能不…,30,10010000012503,新用户登陆前进行注册，注册时使用手机号进行注册，当手机号填错时，多写一位，注册失败，提示信息为获取验证码失败而不是手机号错误,register.other.wrong_value,华为运动__C8,华为运动__C0,0.052891,0,0,1,0,0,0,0
SBERT+HC__华为运动__10010000012578,sbert_hc_K20,SBERT+HC,华为运动,10010000012578,other.other.other,在测试app的时候，当app在后台运行，所占用内存太多，一定程度影响了用户使用其他app的效果和体验，导致手机速度变得卡慢。属于性能不…,31,10010000012306,跑步测试:当我开始测试的时候并没有跑步，只是拿着手机模仿正坐在公交车上上下震动，他却显示有步数记录,step_count.list_item.other,华为运动__C0,华为运动__C0,0.05844,0,0,0,0,0,0,0
SBERT+HC__华为运动__10010000012578,sbert_hc_K20,SBERT+HC,华为运动,10010000012578,other.other.other,在测试app的时候，当app在后台运行，所占用内存太多，一定程度影响了用户使用其他app的效果和体验，导致手机速度变得卡慢。属于性能不…,32,10010000012499,没有进行运动的过程中，app在后台依然进行数据统计，数据记录不准确。导致用户对自己的运动情况了解不准确，容易造成偏差、功能不完整，复现…,run_walk.list_item.other,华为运动__C0,华为运动__C0,0.152482,0,0,0,0,0,0,0
SBERT+HC__华为运动__10010000012578,sbert_hc_K20,SBERT+HC,华为运动,10010000012578,other.other.other,在测试app的时候，当app在后台运行，所占用内存太多，一定程度影响了用户使用其他app的效果和体验，导致手机速度变得卡慢。属于性能不…,33,10010000012381,跑步模式下。当设备由室内走向室外时，在空旷地区呆的时间约为1分钟。定位信号仍然显示很弱，地图一直处于北京的定位。,gps_track.gps.other,华为运动__C18,华为运动__C0,0.02684,0,0,1,0,0,0,0
SBERT+HC__华为运动__10010000012578,sbert_hc_K20,SBERT+HC,华为运动,10010000012578,other.other.other,在测试app的时候，当app在后台运行，所占用内存太多，一定程度影响了用户使用其他app的效果和体验，导致手机速度变得卡慢。属于性能不…,34,10010000012432,计步功能算法有严重缺陷，手机拿在手上做小幅度晃动步数都会迅速增加。,step_count.step.other,华为运动__C0,华为运动__C0,0.037083,0,0,0,0,0,0,0
SBERT+HC__华为运动__10010000012578,sbert_hc_K20,SBERT+HC,华为运动,10010000012578,other.other.other,在测试app的时候，当app在后台运行，所占用内存太多，一定程度影响了用户使用其他app的效果和体验，导致手机速度变得卡慢。属于性能不…,35,10010000012537,当开始跑步和停止跑步时的系统提示音太大，出乎意料的就响了，给用户造成极大的不满，甚至吓一跳！！！用户体验极为不好！！,run_walk.other.other,华为运动__C0,华为运动__C0,0.044101,0,0,0,0,0,0,0
SBERT+HC__华为运动__10010000012578,sbert_hc_K20,SBERT+HC,华为运动,10010000012578,other.other.other,在测试app的时候，当app在后台运行，所占用内存太多，一定程度影响了用户使用其他app的效果和体验，导致手机速度变得卡慢。属于性能不…,36,10010000012386,点击开始跑步，运动一段时间，关闭gps定位后或到达gps定位不到的地方，就无法根据路程和速度更新新的消耗热量。,gps_track.gps.wrong_value,华为运动__C0,华为运动__C0,0.069003,0,0,0,0,0,0,0
LLMCluster__华为运动__10010000012578,llmcluster_glm-4-air,LLMCluster,华为运动,10010000012578,other.other.other,在测试app的时候，当app在后台运行，所占用内存太多，一定程度影响了用户使用其他app的效果和体验，导致手机速度变得卡慢。属于性能不…,1,10010000012498,在跑步的时候，用户跑步的公里数不给于显示，但是在结束运动返回到首页的时候却有步数的显示，前后不一致，,step_count.page_view.other,华为运动__C3,华为运动__C10,0.062015,0,0,1,0,0,0,0
LLMCluster__华为运动__10010000012578,llmcluster_glm-4-air,LLMCluster,华为运动,10010000012578,other.other.other,在测试app的时候，当app在后台运行，所占用内存太多，一定程度影响了用户使用其他app的效果和体验，导致手机速度变得卡慢。属于性能不…,2,10010000012342,在用户登录界面中，没有提示用户用户名和密码上限字符，并且在密码输入31个字符时不让继续输入但是没有提示，功能不完整。,login.page_view.no_prompt,华为运动__C5,华为运动__C10,0.030043,0,0,1,0,0,0,0
LLMCluster__华为运动__10010000012578,llmcluster_glm-4-air,LLMCluster,华为运动,10010000012578,other.other.other,在测试app的时候，当app在后台运行，所占用内存太多，一定程度影响了用户使用其他app的效果和体验，导致手机速度变得卡慢。属于性能不…,3,10010000012638,在我的成绩单中，一个页面显示最近一周战胜为0.00%，而在点开我的成绩单页面后，显示为战胜了0.28%的人，这是性能不准确，无法实时传…,other.page_view.cannot_or_fail,华为运动__C6,华为运动__C10,0.038735,0,1,1,0,0,0,0
LLMCluster__华为运动__10010000012578,llmcluster_glm-4-air,LLMCluster,华为运动,10010000012578,other.other.other,在测试app的时候，当app在后台运行，所占用内存太多，一定程度影响了用户使用其他app的效果和体验，导致手机速度变得卡慢。属于性能不…,4,10010000012428,设置体重的时候应该设置为0公斤，保存当前目标，再次查看我的目标，体重目标变成60公斤。,settings.page_view.other,华为运动__C5,华为运动__C10,0.033352,0,0,1,0,0,0,0
LLMCluster__华为运动__10010000012578,llmcluster_glm-4-air,LLMCluster,华为运动,10010000012578,other.other.other,在测试app的时候，当app在后台运行，所占用内存太多，一定程度影响了用户使用其他app的效果和体验，导致手机速度变得卡慢。属于性能不…,5,10010000012465,计步不准确，有的时候，不走动，这是轻轻摇动手机，首页的数据还是在后台增加,step_count.page_view.other,华为运动__C1,华为运动__C10,0.076613,0,0,1,0,0,0,0
LLMCluster__华为运动__10010000012578,llmcluster_glm-4-air,LLMCluster,华为运动,10010000012578,other.other.other,在测试app的时候，当app在后台运行，所占用内存太多，一定程度影响了用户使用其他app的效果和体验，导致手机速度变得卡慢。属于性能不…,6,10010000012568,在进跑步方式的测试时，一直都在进行步行运动，但是记录显示我的总步数为26步，步行65%，跑步35%，爬高0%。与我实际运动的情况不符合…,step_count.list_item.other,华为运动__C8,华为运动__C10,0.034189,0,0,1,0,0,0,0
LLMCluster__华为运动__10010000012578,llmcluster_glm-4-air,LLMCluster,华为运动,10010000012578,other.other.other,在测试app的时候，当app在后台运行，所占用内存太多，一定程度影响了用户使用其他app的效果和体验，导致手机速度变得卡慢。属于性能不…,7,10010000012502,在准备结束运动的时候，系统提示运动距离短，不会记录数据，这样不方便用户的使用，即使运动距离很少，也应该将用户的运动数据记录。,run_walk.list_item.other,华为运动__C3,华为运动__C10,0.053055,0,0,1,0,0,0,0
LLMCluster__华为运动__10010000012578,llmcluster_glm-4-air,LLMCluster,华为运动,10010000012578,other.other.other,在测试app的时候，当app在后台运行，所占用内存太多，一定程度影响了用户使用其他app的效果和体验，导致手机速度变得卡慢。属于性能不…,8,10010000012439,在首页点击步数，进入步数页面，显示步数，点击空白处，步数就会消失，在热量页面也是这种现象。影响用户体验,step_count.page_view.other,华为运动__C1,华为运动__C10,0.035627,0,0,1,0,0,0,0
LLMCluster__华为运动__10010000012578,llmcluster_glm-4-air,LLMCluster,华为运动,10010000012578,other.other.other,在测试app的时候，当app在后台运行，所占用内存太多，一定程度影响了用户使用其他app的效果和体验，导致手机速度变得卡慢。属于性能不…,9,10010000012453,在运动跑步页面，GPRS信号很差，跑至空阔出还是差，建议使用感应，GPRS太差，影响用户体验！,run_walk.page_view.other,华为运动__C2,华为运动__C10,0.077902,0,0,1,0,0,0,0
LLMCluster__华为运动__10010000012578,llmcluster_glm-4-air,LLMCluster,华为运动,10010000012578,other.other.other,在测试app的时候，当app在后台运行，所占用内存太多，一定程度影响了用户使用其他app的效果和体验，导致手机速度变得卡慢。属于性能不…,10,10010000012537,当开始跑步和停止跑步时的系统提示音太大，出乎意料的就响了，给用户造成极大的不满，甚至吓一跳！！！用户体验极为不好！！,run_walk.other.other,华为运动__C3,华为运动__C10,0.044101,0,0,1,0,0,0,0
LLMCluster__华为运动__10010000012578,llmcluster_glm-4-air,LLMCluster,华为运动,10010000012578,other.other.other,在测试app的时候，当app在后台运行，所占用内存太多，一定程度影响了用户使用其他app的效果和体验，导致手机速度变得卡慢。属于性能不…,11,10010000012503,新用户登陆前进行注册，注册时使用手机号进行注册，当手机号填错时，多写一位，注册失败，提示信息为获取验证码失败而不是手机号错误,register.other.wrong_value,华为运动__C12,华为运动__C10,0.052891,0,0,1,0,0,0,0
LLMCluster__华为运动__10010000012578,llmcluster_glm-4-air,LLMCluster,华为运动,10010000012578,other.other.other,在测试app的时候，当app在后台运行，所占用内存太多，一定程度影响了用户使用其他app的效果和体验，导致手机速度变得卡慢。属于性能不…,12,10010000012499,没有进行运动的过程中，app在后台依然进行数据统计，数据记录不准确。导致用户对自己的运动情况了解不准确，容易造成偏差、功能不完整，复现…,run_walk.list_item.other,华为运动__C3,华为运动__C10,0.152482,0,0,1,0,0,0,0
LLMCluster__华为运动__10010000012578,llmcluster_glm-4-air,LLMCluster,华为运动,10010000012578,other.other.other,在测试app的时候，当app在后台运行，所占用内存太多，一定程度影响了用户使用其他app的效果和体验，导致手机速度变得卡慢。属于性能不…,13,10010000012558,地图不是很清楚，没有0.5公里播报的功能。一般运动类app都有语音提示用户此时已经运动的距离和步数，使用户可以对自己所运动的情况有一个…,step_count.step.other,华为运动__C3,华为运动__C10,0.110098,0,0,1,0,0,0,0
LLMCluster__华为运动__10010000012578,llmcluster_glm-4-air,LLMCluster,华为运动,10010000012578,other.other.other,在测试app的时候，当app在后台运行，所占用内存太多，一定程度影响了用户使用其他app的效果和体验，导致手机速度变得卡慢。属于性能不…,14,10010000012403,在注册用户的过程中，手机号输入多一位或者少一位，不会提示手机号码输入错误，只会显示验证码发送失败。,register.other.wrong_value,华为运动__C5,华为运动__C10,0.045001,0,0,1,0,0,0,0
LLMCluster__华为运动__10010000012578,llmcluster_glm-4-air,LLMCluster,华为运动,10010000012578,other.other.other,在测试app的时候，当app在后台运行，所占用内存太多，一定程度影响了用户使用其他app的效果和体验，导致手机速度变得卡慢。属于性能不…,15,10010000012672,设置个人身体各项指标过多，相对复杂,settings.page_view.other,华为运动__C5,华为运动__C10,0.018615,0,0,1,0,0,0,0
LLMCluster__华为运动__10010000012578,llmcluster_glm-4-air,LLMCluster,华为运动,10010000012578,other.other.other,在测试app的时候，当app在后台运行，所占用内存太多，一定程度影响了用户使用其他app的效果和体验，导致手机速度变得卡慢。属于性能不…,16,10010000012490,在跑步的时候，开启GPS的情况下无法进行GPA定位，不显示用户运动的信息。,gps_track.gps.display_missing,华为运动__C2,华为运动__C10,0.10468,0,0,1,0,0,0,0
LLMCluster__华为运动__10010000012578,llmcluster_glm-4-air,LLMCluster,华为运动,10010000012578,other.other.other,在测试app的时候，当app在后台运行，所占用内存太多，一定程度影响了用户使用其他app的效果和体验，导致手机速度变得卡慢。属于性能不…,17,10010000012459,GPS定位有问题，当在GPS信号强的情况下，定位的结果没有出现，等到GPS信号弱得时候，出现，但是，出现的却是错误信息,gps_track.gps.wrong_value,华为运动__C2,华为运动__C10,0.078535,0,0,1,0,0,0,0
LLMCluster__华为运动__10010000012578,llmcluster_glm-4-air,LLMCluster,华为运动,10010000012578,other.other.other,在测试app的时候，当app在后台运行，所占用内存太多，一定程度影响了用户使用其他app的效果和体验，导致手机速度变得卡慢。属于性能不…,18,10010000012519,用户在想停止跑步时，点击暂停按钮，然后出现的两个按钮含义太模糊，考虑到使用该APP的老年用户很多，此时候的退出或者继续或者运动记录的回…,run_walk.button_icon.other,华为运动__C3,华为运动__C10,0.136462,0,0,1,0,0,0,0
LLMCluster__华为运动__10010000012578,llmcluster_glm-4-air,LLMCluster,华为运动,10010000012578,other.other.other,在测试app的时候，当app在后台运行，所占用内存太多，一定程度影响了用户使用其他app的效果和体验，导致手机速度变得卡慢。属于性能不…,19,10010000012624,在测试app时，运动情况的统计的月度统计应该是1,run_walk.other.other,华为运动__C8,华为运动__C10,0.20722,0,0,1,0,0,0,0
LLMCluster__华为运动__10010000012578,llmcluster_glm-4-air,LLMCluster,华为运动,10010000012578,other.other.other,在测试app的时候，当app在后台运行，所占用内存太多，一定程度影响了用户使用其他app的效果和体验，导致手机速度变得卡慢。属于性能不…,20,10010000012542,运动时运动轨迹不明确，而且GPS定位时过于缓慢，室内运动，跑步机方式运动的话，gps定位不到，显示不出来。属于功能不完整的情况，复现程…,gps_track.gps.display_missing,华为运动__C2,华为运动__C10,0.095875,0,0,1,0,0,0,0
LLMCluster__华为运动__10010000012578,llmcluster_glm-4-air,LLMCluster,华为运动,10010000012578,other.other.other,在测试app的时候，当app在后台运行，所占用内存太多，一定程度影响了用户使用其他app的效果和体验，导致手机速度变得卡慢。属于性能不…,21,10010000012463,华为运动载入过慢，这样会导致用户的次日留存量大大下降。由于网络的原因导致页面相应很慢，上拉下滑菜单的时候不是很流畅，在测试wif开启关…,run_walk.page_view.other,华为运动__C6,华为运动__C10,0.079401,0,0,1,0,0,0,0
LLMCluster__华为运动__10010000012578,llmcluster_glm-4-air,LLMCluster,华为运动,10010000012578,other.other.other,在测试app的时候，当app在后台运行，所占用内存太多，一定程度影响了用户使用其他app的效果和体验，导致手机速度变得卡慢。属于性能不…,22,10010000012614,发现，消息栏目，在消息查看的时候，出现重复出现的情况，同一个讨论组，消息不同步，而且重复出现,message_send.chat.other,华为运动__C6,华为运动__C10,0.028714,0,0,1,0,0,0,0
LLMCluster__华为运动__10010000012578,llmcluster_glm-4-air,LLMCluster,华为运动,10010000012578,other.other.other,在测试app的时候，当app在后台运行，所占用内存太多，一定程度影响了用户使用其他app的效果和体验，导致手机速度变得卡慢。属于性能不…,23,10010000012306,跑步测试:当我开始测试的时候并没有跑步，只是拿着手机模仿正坐在公交车上上下震动，他却显示有步数记录,step_count.list_item.other,华为运动__C1,华为运动__C10,0.05844,0,0,1,0,0,0,0
LLMCluster__华为运动__10010000012578,llmcluster_glm-4-air,LLMCluster,华为运动,10010000012578,other.other.other,在测试app的时候，当app在后台运行，所占用内存太多，一定程度影响了用户使用其他app的效果和体验，导致手机速度变得卡慢。属于性能不…,24,10010000012575,高度变化时，登高变化不变，对高度变化不够敏感,other.other.other,华为运动__C15,华为运动__C10,0.051567,1,1,1,1,1,1,1
LLMCluster__华为运动__10010000012578,llmcluster_glm-4-air,LLMCluster,华为运动,10010000012578,other.other.other,在测试app的时候，当app在后台运行，所占用内存太多，一定程度影响了用户使用其他app的效果和体验，导致手机速度变得卡慢。属于性能不…,25,10010000012549,个性设置的时候，设置生日，选择月份的时候，一个不小心滑过了，直接到下一月份，或者是在选择年份的时候，而不会从头再来。,settings.page_view.other,华为运动__C5,华为运动__C10,0.070555,0,0,1,0,0,0,0
LLMCluster__华为运动__10010000012578,llmcluster_glm-4-air,LLMCluster,华为运动,10010000012578,other.other.other,在测试app的时候，当app在后台运行，所占用内存太多，一定程度影响了用户使用其他app的效果和体验，导致手机速度变得卡慢。属于性能不…,26,10010000012457,最上面记录步行步数，运动处运动类型有可以选择步行，功能重复多余,step_count.list_item.other,华为运动__C1,华为运动__C10,0.023221,0,0,1,0,0,0,0
LLMCluster__华为运动__10010000012578,llmcluster_glm-4-air,LLMCluster,华为运动,10010000012578,other.other.other,在测试app的时候，当app在后台运行，所占用内存太多，一定程度影响了用户使用其他app的效果和体验，导致手机速度变得卡慢。属于性能不…,27,10010000012327,比赛目标，当我设定比赛的时候，年份只能设定2017年，无法设定其他年份,settings.other.cannot_or_fail,华为运动__C5,华为运动__C10,0.057527,0,0,1,0,0,0,0
LLMCluster__华为运动__10010000012578,llmcluster_glm-4-air,LLMCluster,华为运动,10010000012578,other.other.other,在测试app的时候，当app在后台运行，所占用内存太多，一定程度影响了用户使用其他app的效果和体验，导致手机速度变得卡慢。属于性能不…,28,10010000012623,身高为50cm，体重为150公斤的用户是不可能存在的，所以不应该可以将身高体重设置为这个值。,settings.page_view.other,华为运动__C5,华为运动__C10,0.033308,0,0,1,0,0,0,0
LLMCluster__华为运动__10010000012578,llmcluster_glm-4-air,LLMCluster,华为运动,10010000012578,other.other.other,在测试app的时候，当app在后台运行，所占用内存太多，一定程度影响了用户使用其他app的效果和体验，导致手机速度变得卡慢。属于性能不…,29,10010000012567,在用户进入app时、个人信息自动修改为默认值，根据BEE能量代谢表达式，但是一个女性用户与男性用户差距过大，在未提醒修改个人信息的情况…,notification.page_view.other,华为运动__C5,华为运动__C10,0.094664,0,0,1,0,0,0,0
TFIDF+HC__华为运动__10010000012392,tfidf_hc_K20,TFIDF+HC,华为运动,10010000012392,step_count.step.other,问题描述:步数历史详情页，日历史步数下点击条形图多次才可成功建议优化,1,10010000012380,跑步时步数并没有实时更新，而是等跑完了结束跑步时步数才加上去,step_count.step.other,华为运动__C19,华为运动__C3,0.054878,1,1,1,1,1,1,1
TFIDF+HC__华为运动__10010000012392,tfidf_hc_K20,TFIDF+HC,华为运动,10010000012392,step_count.step.other,问题描述:步数历史详情页，日历史步数下点击条形图多次才可成功建议优化,2,10010000012676,在我的页面，点击我的信息。查看个人信息，然后查看完了，点击返回按钮。按钮不灵敏，点击多次才能返回。影响用户体验。,other.button_icon.other,华为运动__C12,华为运动__C3,0.059513,0,0,1,0,0,0,0
TFIDF+HC__华为运动__10010000012392,tfidf_hc_K20,TFIDF+HC,华为运动,10010000012392,step_count.step.other,问题描述:步数历史详情页，日历史步数下点击条形图多次才可成功建议优化,3,10010000012548,点击查看排行榜，自己出现了两次，步数是一样的，点击分享，观察到自己的好友有两位，点击我的好友，界面显示我的好友只有一位,share.page_view.other,华为运动__C12,华为运动__C3,0.036992,0,0,1,0,0,0,0
TFIDF+HC__华为运动__10010000012392,tfidf_hc_K20,TFIDF+HC,华为运动,10010000012392,step_count.step.other,问题描述:步数历史详情页，日历史步数下点击条形图多次才可成功建议优化,4,10010000012457,最上面记录步行步数，运动处运动类型有可以选择步行，功能重复多余,step_count.list_item.other,华为运动__C1,华为运动__C3,0.043362,0,1,1,0,0,0,0
TFIDF+HC__华为运动__10010000012392,tfidf_hc_K20,TFIDF+HC,华为运动,10010000012392,step_count.step.other,问题描述:步数历史详情页，日历史步数下点击条形图多次才可成功建议优化,5,10010000012494,爬高步数不准确，有时较轻微时，爬高步数算入走路步数,step_count.step.other,华为运动__C8,华为运动__C3,0.062559,1,1,1,1,1,1,1
TFIDF+HC__华为运动__10010000012392,tfidf_hc_K20,TFIDF+HC,华为运动,10010000012392,step_count.step.other,问题描述:步数历史详情页，日历史步数下点击条形图多次才可成功建议优化,6,10010000012511,成功登录应用进入首页，点击血糖模块的记录按钮，见截图1,login.button_icon.other,华为运动__C12,华为运动__C3,0.044375,0,0,1,0,0,0,0
TFIDF+HC__华为运动__10010000012392,tfidf_hc_K20,TFIDF+HC,华为运动,10010000012392,step_count.step.other,问题描述:步数历史详情页，日历史步数下点击条形图多次才可成功建议优化,7,10010000012362,目标步数设置时只能1000步1000步的设，不精确,step_count.page_view.other,华为运动__C7,华为运动__C3,0.028595,0,1,1,0,0,0,0
TFIDF+HC__华为运动__10010000012392,tfidf_hc_K20,TFIDF+HC,华为运动,10010000012392,step_count.step.other,问题描述:步数历史详情页，日历史步数下点击条形图多次才可成功建议优化,8,10010000012306,跑步测试:当我开始测试的时候并没有跑步，只是拿着手机模仿正坐在公交车上上下震动，他却显示有步数记录,step_count.list_item.other,华为运动__C8,华为运动__C3,0.032336,0,1,1,0,0,0,0
TFIDF+HC__华为运动__10010000012392,tfidf_hc_K20,TFIDF+HC,华为运动,10010000012392,step_count.step.other,问题描述:步数历史详情页，日历史步数下点击条形图多次才可成功建议优化,9,10010000012414,成功登录应用，进入发现界面，再进入好友列表界面，点击扫一扫添加好友，见截图1,login.page_view.other,华为运动__C12,华为运动__C3,0.026138,0,0,1,0,0,0,0
TFIDF+HC__华为运动__10010000012392,tfidf_hc_K20,TFIDF+HC,华为运动,10010000012392,step_count.step.other,问题描述:步数历史详情页，日历史步数下点击条形图多次才可成功建议优化,10,10010000012528,点击启动运动健康，进入首页，点击窗口上方的“我的”选项卡,run_walk.page_view.other,华为运动__C12,华为运动__C3,0.029565,0,0,1,0,0,0,0
TFIDF+HC__华为运动__10010000012392,tfidf_hc_K20,TFIDF+HC,华为运动,10010000012392,step_count.step.other,问题描述:步数历史详情页，日历史步数下点击条形图多次才可成功建议优化,11,10010000012606,首页_排行_排行榜，显示我今日运动步数，不过在首页运动中仍旧没有显示,step_count.page_view.other,华为运动__C1,华为运动__C3,0.032112,0,1,1,0,0,0,0
TFIDF+HC__华为运动__10010000012392,tfidf_hc_K20,TFIDF+HC,华为运动,10010000012392,step_count.step.other,问题描述:步数历史详情页，日历史步数下点击条形图多次才可成功建议优化,12,10010000012524,在排行榜界面点击分享之后没弹出分享到指定地方，而是转到另一个分享页面再点击一次分享，建议只点击一次分享就好,share.page_view.other,华为运动__C2,华为运动__C3,0.04119,0,0,1,0,0,0,0
TFIDF+HC__华为运动__10010000012392,tfidf_hc_K20,TFIDF+HC,华为运动,10010000012392,step_count.step.other,问题描述:步数历史详情页，日历史步数下点击条形图多次才可成功建议优化,13,10010000012303,成功登录应用进入首页，点击体重模块的记录按钮，见截图1,login.button_icon.other,华为运动__C12,华为运动__C3,0.045245,0,0,1,0,0,0,0
TFIDF+HC__华为运动__10010000012392,tfidf_hc_K20,TFIDF+HC,华为运动,10010000012392,step_count.step.other,问题描述:步数历史详情页，日历史步数下点击条形图多次才可成功建议优化,14,10010000012648,成功登录应用，进入发现界面，点击该界面的“我的好友”，进入好友列表界面，见截图1,login.page_view.other,华为运动__C12,华为运动__C3,0.025587,0,0,1,0,0,0,0
TFIDF+HC__华为运动__10010000012392,tfidf_hc_K20,TFIDF+HC,华为运动,10010000012392,step_count.step.other,问题描述:步数历史详情页，日历史步数下点击条形图多次才可成功建议优化,15,10010000012473,首页中，步数下方的8/60分钟含义不清楚，完全没向用户显示出锁代表含义,step_count.page_view.other,华为运动__C3,华为运动__C3,0.046194,0,1,0,0,0,0,0
TFIDF+HC__华为运动__10010000012392,tfidf_hc_K20,TFIDF+HC,华为运动,10010000012392,step_count.step.other,问题描述:步数历史详情页，日历史步数下点击条形图多次才可成功建议优化,16,10010000012472,成功登录并进入应用首页，未发现睡眠模块的记录功能，只有查看详情功能，见截图1,login.page_view.other,华为运动__C12,华为运动__C3,0.053895,0,0,1,0,0,0,0
TFIDF+HC__华为运动__10010000012392,tfidf_hc_K20,TFIDF+HC,华为运动,10010000012392,step_count.step.other,问题描述:步数历史详情页，日历史步数下点击条形图多次才可成功建议优化,17,10010000012627,问题描述:使用二维码添加好友开启相机失败,other.chat.cannot_or_fail,华为运动__C3,华为运动__C3,0.154775,0,0,0,0,0,0,0
TFIDF+HC__华为运动__10010000012392,tfidf_hc_K20,TFIDF+HC,华为运动,10010000012392,step_count.step.other,问题描述:步数历史详情页，日历史步数下点击条形图多次才可成功建议优化,18,10010000012376,成功登录应用进入首页，点击首页上方导航栏“我的”进入“我的”界面，点击个人头像进入账户中心，见截图2,login.page_view.other,华为运动__C12,华为运动__C3,0.03711,0,0,1,0,0,0,0
TFIDF+HC__华为运动__10010000012392,tfidf_hc_K20,TFIDF+HC,华为运动,10010000012392,step_count.step.other,问题描述:步数历史详情页，日历史步数下点击条形图多次才可成功建议优化,19,10010000012391,成功登录应用进入首页，点击首页上方导航栏“发现”进入“发现”界面，点击“我的好友”进入好友列表界面，点击扫一扫，添加已经是好友的朋友“…,login.page_view.no_prompt,华为运动__C12,华为运动__C3,0.031701,0,0,1,0,0,0,0
TFIDF+HC__华为运动__10010000012392,tfidf_hc_K20,TFIDF+HC,华为运动,10010000012392,step_count.step.other,问题描述:步数历史详情页，日历史步数下点击条形图多次才可成功建议优化,20,10010000012516,我的成绩单里的步数与实际运动后显示的步数不一致,step_count.step.other,华为运动__C16,华为运动__C3,0.051313,1,1,1,1,1,1,1
TFIDF+HC__华为运动__10010000012392,tfidf_hc_K20,TFIDF+HC,华为运动,10010000012392,step_count.step.other,问题描述:步数历史详情页，日历史步数下点击条形图多次才可成功建议优化,21,10010000012496,成功登录应用进入首页，点击血压模块的记录按钮，见截图1,login.button_icon.other,华为运动__C12,华为运动__C3,0.044375,0,0,1,0,0,0,0
TFIDF+HC__华为运动__10010000012392,tfidf_hc_K20,TFIDF+HC,华为运动,10010000012392,step_count.step.other,问题描述:步数历史详情页，日历史步数下点击条形图多次才可成功建议优化,22,10010000012577,成功登录，进入发现界面，点击该界面的“我的好友”后进入好友列表界面，见截图1,login.page_view.other,华为运动__C12,华为运动__C3,0.025683,0,0,1,0,0,0,0
TFIDF+HC__华为运动__10010000012392,tfidf_hc_K20,TFIDF+HC,华为运动,10010000012392,step_count.step.other,问题描述:步数历史详情页，日历史步数下点击条形图多次才可成功建议优化,23,10010000012374,跑步模式中，大步地跨10步，然后会发现，步数显示增加了20步。,step_count.step.other,华为运动__C7,华为运动__C3,0.040659,1,1,1,1,1,1,1
TFIDF+HC__华为运动__10010000012392,tfidf_hc_K20,TFIDF+HC,华为运动,10010000012392,step_count.step.other,问题描述:步数历史详情页，日历史步数下点击条形图多次才可成功建议优化,24,10010000012439,在首页点击步数，进入步数页面，显示步数，点击空白处，步数就会消失，在热量页面也是这种现象。影响用户体验,step_count.page_view.other,华为运动__C1,华为运动__C3,0.082585,0,1,1,0,0,0,0
SBERT+HC__华为运动__10010000012392,sbert_hc_K20,SBERT+HC,华为运动,10010000012392,step_count.step.other,问题描述:步数历史详情页，日历史步数下点击条形图多次才可成功建议优化,1,10010000012638,在我的成绩单中，一个页面显示最近一周战胜为0.00%，而在点开我的成绩单页面后，显示为战胜了0.28%的人，这是性能不准确，无法实时传…,other.page_view.cannot_or_fail,华为运动__C1,华为运动__C1,0.010789,0,0,0,0,0,0,0
SBERT+HC__华为运动__10010000012392,sbert_hc_K20,SBERT+HC,华为运动,10010000012392,step_count.step.other,问题描述:步数历史详情页，日历史步数下点击条形图多次才可成功建议优化,2,10010000012628,在我的页面，还有个头像点击的按钮能跳转到另一个我的页面，这两个页面极为相似，在设计页面时，考虑不周到，可以将两个页面合二为一！！！,other.button_icon.other,华为运动__C4,华为运动__C1,0.017793,0,0,1,0,0,0,0
SBERT+HC__华为运动__10010000012392,sbert_hc_K20,SBERT+HC,华为运动,10010000012392,step_count.step.other,问题描述:步数历史详情页，日历史步数下点击条形图多次才可成功建议优化,3,10010000012324,设定目标:当我设定目标时有马拉松选项，有人不知道马拉松是多远，例如我就不知道，让用户可能盲目的设定，应该在后面给个提示的数目,settings.other.other,华为运动__C3,华为运动__C1,0.014712,0,0,1,0,0,0,0
SBERT+HC__华为运动__10010000012392,sbert_hc_K20,SBERT+HC,华为运动,10010000012392,step_count.step.other,问题描述:步数历史详情页，日历史步数下点击条形图多次才可成功建议优化,4,10010000012362,目标步数设置时只能1000步1000步的设，不精确,step_count.page_view.other,华为运动__C0,华为运动__C1,0.028595,0,1,1,0,0,0,0
SBERT+HC__华为运动__10010000012392,sbert_hc_K20,SBERT+HC,华为运动,10010000012392,step_count.step.other,问题描述:步数历史详情页，日历史步数下点击条形图多次才可成功建议优化,5,10010000012374,跑步模式中，大步地跨10步，然后会发现，步数显示增加了20步。,step_count.step.other,华为运动__C0,华为运动__C1,0.040659,1,1,1,1,1,1,1
SBERT+HC__华为运动__10010000012392,sbert_hc_K20,SBERT+HC,华为运动,10010000012392,step_count.step.other,问题描述:步数历史详情页，日历史步数下点击条形图多次才可成功建议优化,6,10010000012610,"在从""发现""页面进入到活动页面查看某一个具体活动的详细信息页面，点击页面左上角的返回按钮，没有返回到活动列表页面，而是返回到了""发现""…",other.button_icon.other,华为运动__C4,华为运动__C1,0.018305,0,0,1,0,0,0,0
SBERT+HC__华为运动__10010000012392,sbert_hc_K20,SBERT+HC,华为运动,10010000012392,step_count.step.other,问题描述:步数历史详情页，日历史步数下点击条形图多次才可成功建议优化,7,10010000012494,爬高步数不准确，有时较轻微时，爬高步数算入走路步数,step_count.step.other,华为运动__C0,华为运动__C1,0.062559,1,1,1,1,1,1,1
SBERT+HC__华为运动__10010000012392,sbert_hc_K20,SBERT+HC,华为运动,10010000012392,step_count.step.other,问题描述:步数历史详情页，日历史步数下点击条形图多次才可成功建议优化,8,10010000012498,在跑步的时候，用户跑步的公里数不给于显示，但是在结束运动返回到首页的时候却有步数的显示，前后不一致，,step_count.page_view.other,华为运动__C0,华为运动__C1,0.032121,0,1,1,0,0,0,0
SBERT+HC__华为运动__10010000012392,sbert_hc_K20,SBERT+HC,华为运动,10010000012392,step_count.step.other,问题描述:步数历史详情页，日历史步数下点击条形图多次才可成功建议优化,9,10010000012516,我的成绩单里的步数与实际运动后显示的步数不一致,step_count.step.other,华为运动__C0,华为运动__C1,0.051313,1,1,1,1,1,1,1
SBERT+HC__华为运动__10010000012392,sbert_hc_K20,SBERT+HC,华为运动,10010000012392,step_count.step.other,问题描述:步数历史详情页，日历史步数下点击条形图多次才可成功建议优化,10,10010000012514,"在从跑步页面返回到主页面并且用户有运动量后，在运动模块依旧显示""暂无数据，开始跑步吧""。",run_walk.page_view.other,华为运动__C0,华为运动__C1,0.018441,0,0,1,0,0,0,0
SBERT+HC__华为运动__10010000012392,sbert_hc_K20,SBERT+HC,华为运动,10010000012392,step_count.step.other,问题描述:步数历史详情页，日历史步数下点击条形图多次才可成功建议优化,11,10010000012312,步行记录不能及时更新，有时需要等一段时间才能更新步行记录，有时可以及时更新，这会造成用户体验不好,run_walk.list_item.cannot_or_fail,华为运动__C1,华为运动__C1,0.018476,0,0,0,0,0,0,0
SBERT+HC__华为运动__10010000012392,sbert_hc_K20,SBERT+HC,华为运动,10010000012392,step_count.step.other,问题描述:步数历史详情页，日历史步数下点击条形图多次才可成功建议优化,12,10010000012602,标题栏推荐活动中，只推荐了2个活动，但是活动中有4个活动在进行中,other.other.other,华为运动__C11,华为运动__C1,0.008505,0,0,1,0,0,0,0
SBERT+HC__华为运动__10010000012392,sbert_hc_K20,SBERT+HC,华为运动,10010000012392,step_count.step.other,问题描述:步数历史详情页，日历史步数下点击条形图多次才可成功建议优化,13,10010000012439,在首页点击步数，进入步数页面，显示步数，点击空白处，步数就会消失，在热量页面也是这种现象。影响用户体验,step_count.page_view.other,华为运动__C4,华为运动__C1,0.082585,0,1,1,0,0,0,0
SBERT+HC__华为运动__10010000012392,sbert_hc_K20,SBERT+HC,华为运动,10010000012392,step_count.step.other,问题描述:步数历史详情页，日历史步数下点击条形图多次才可成功建议优化,14,10010000012505,从我的页面中的设置路径进入设置页面，点击检查更新，提示当前是最新版本，但是从我的页面中的账号中心进入，点击设置，点击检查更新提示有最新版本。,settings.page_view.other,华为运动__C4,华为运动__C1,0.019598,0,0,1,0,0,0,0
SBERT+HC__华为运动__10010000012392,sbert_hc_K20,SBERT+HC,华为运动,10010000012392,step_count.step.other,问题描述:步数历史详情页，日历史步数下点击条形图多次才可成功建议优化,15,10010000012585,"从""我的""页面进入到""我的成绩单""页面""，点击分享按钮进行分享时，供用户可选的路径有点少，比如现在用户用的比较多的""qq",share.button_icon.other,华为运动__C4,华为运动__C1,0.01931,0,0,1,0,0,0,0
SBERT+HC__华为运动__10010000012392,sbert_hc_K20,SBERT+HC,华为运动,10010000012392,step_count.step.other,问题描述:步数历史详情页，日历史步数下点击条形图多次才可成功建议优化,16,10010000012532,无法同时满足设定的目标。在首页运动模块的右下角，点击目标旗帜，可以选择运动目标，先选择时间30分钟，选择完成后返回到运动模块界面的时候…,run_walk.page_view.cannot_or_fail,华为运动__C3,华为运动__C1,0.015975,0,0,1,0,0,0,0
SBERT+HC__华为运动__10010000012392,sbert_hc_K20,SBERT+HC,华为运动,10010000012392,step_count.step.other,问题描述:步数历史详情页，日历史步数下点击条形图多次才可成功建议优化,17,10010000012398,点击发现，添加计划，距离，能力，若选择好距离之后不能调自己的时间小时，分钟的上限，只能设置他给的定值。,settings.page_view.cannot_or_fail,华为运动__C3,华为运动__C1,0.008545,0,0,1,0,0,0,0
SBERT+HC__华为运动__10010000012392,sbert_hc_K20,SBERT+HC,华为运动,10010000012392,step_count.step.other,问题描述:步数历史详情页，日历史步数下点击条形图多次才可成功建议优化,18,10010000012380,跑步时步数并没有实时更新，而是等跑完了结束跑步时步数才加上去,step_count.step.other,华为运动__C0,华为运动__C1,0.054878,1,1,1,1,1,1,1
SBERT+HC__华为运动__10010000012392,sbert_hc_K20,SBERT+HC,华为运动,10010000012392,step_count.step.other,问题描述:步数历史详情页，日历史步数下点击条形图多次才可成功建议优化,19,10010000012544,在发现页面，选择活动按钮，进入活动页面后，一些已经结束的活动仍然存在，如果用户没有看到活动已结束的话，就会点进去查看活动的详细信息，浪…,other.button_icon.other,华为运动__C4,华为运动__C1,0.011637,0,0,1,0,0,0,0
SBERT+HC__华为运动__10010000012392,sbert_hc_K20,SBERT+HC,华为运动,10010000012392,step_count.step.other,问题描述:步数历史详情页，日历史步数下点击条形图多次才可成功建议优化,20,10010000012457,最上面记录步行步数，运动处运动类型有可以选择步行，功能重复多余,step_count.list_item.other,华为运动__C0,华为运动__C1,0.043362,0,1,1,0,0,0,0
SBERT+HC__华为运动__10010000012392,sbert_hc_K20,SBERT+HC,华为运动,10010000012392,step_count.step.other,问题描述:步数历史详情页，日历史步数下点击条形图多次才可成功建议优化,21,10010000012485,首页中的每天运动记录柱状高度应该表示的为每天的运动量大小，然而，未来几天还没有测，显示出的柱状图界面容易对用户造成误解,run_walk.page_view.other,华为运动__C0,华为运动__C1,0.007697,0,0,1,0,0,0,0
SBERT+HC__华为运动__10010000012392,sbert_hc_K20,SBERT+HC,华为运动,10010000012392,step_count.step.other,问题描述:步数历史详情页，日历史步数下点击条形图多次才可成功建议优化,22,10010000012429,跑步模式下，建议有一个定位当前点的功能。地图放大之后，找回当前点比较麻烦,gps_track.gps.other,华为运动__C0,华为运动__C1,0.044408,0,0,1,0,0,0,0
SBERT+HC__华为运动__10010000012392,sbert_hc_K20,SBERT+HC,华为运动,10010000012392,step_count.step.other,问题描述:步数历史详情页，日历史步数下点击条形图多次才可成功建议优化,23,10010000012606,首页_排行_排行榜，显示我今日运动步数，不过在首页运动中仍旧没有显示,step_count.page_view.other,华为运动__C1,华为运动__C1,0.032112,0,1,0,0,0,0,0
LLMCluster__华为运动__10010000012392,llmcluster_glm-4-air,LLMCluster,华为运动,10010000012392,step_count.step.other,问题描述:步数历史详情页，日历史步数下点击条形图多次才可成功建议优化,1,10010000012362,目标步数设置时只能1000步1000步的设，不精确,step_count.page_view.other,华为运动__C5,华为运动__C1,0.028595,0,1,1,0,0,0,0
LLMCluster__华为运动__10010000012392,llmcluster_glm-4-air,LLMCluster,华为运动,10010000012392,step_count.step.other,问题描述:步数历史详情页，日历史步数下点击条形图多次才可成功建议优化,2,10010000012528,点击启动运动健康，进入首页，点击窗口上方的“我的”选项卡,run_walk.page_view.other,华为运动__C6,华为运动__C1,0.029565,0,0,1,0,0,0,0
LLMCluster__华为运动__10010000012392,llmcluster_glm-4-air,LLMCluster,华为运动,10010000012392,step_count.step.other,问题描述:步数历史详情页，日历史步数下点击条形图多次才可成功建议优化,3,10010000012577,成功登录，进入发现界面，点击该界面的“我的好友”后进入好友列表界面，见截图1,login.page_view.other,华为运动__C4,华为运动__C1,0.025683,0,0,1,0,0,0,0
LLMCluster__华为运动__10010000012392,llmcluster_glm-4-air,LLMCluster,华为运动,10010000012392,step_count.step.other,问题描述:步数历史详情页，日历史步数下点击条形图多次才可成功建议优化,4,10010000012494,爬高步数不准确，有时较轻微时，爬高步数算入走路步数,step_count.step.other,华为运动__C1,华为运动__C1,0.062559,1,1,0,0,0,0,0
LLMCluster__华为运动__10010000012392,llmcluster_glm-4-air,LLMCluster,华为运动,10010000012392,step_count.step.other,问题描述:步数历史详情页，日历史步数下点击条形图多次才可成功建议优化,5,10010000012524,在排行榜界面点击分享之后没弹出分享到指定地方，而是转到另一个分享页面再点击一次分享，建议只点击一次分享就好,share.page_view.other,华为运动__C6,华为运动__C1,0.04119,0,0,1,0,0,0,0
LLMCluster__华为运动__10010000012392,llmcluster_glm-4-air,LLMCluster,华为运动,10010000012392,step_count.step.other,问题描述:步数历史详情页，日历史步数下点击条形图多次才可成功建议优化,6,10010000012472,成功登录并进入应用首页，未发现睡眠模块的记录功能，只有查看详情功能，见截图1,login.page_view.other,华为运动__C6,华为运动__C1,0.053895,0,0,1,0,0,0,0
LLMCluster__华为运动__10010000012392,llmcluster_glm-4-air,LLMCluster,华为运动,10010000012392,step_count.step.other,问题描述:步数历史详情页，日历史步数下点击条形图多次才可成功建议优化,7,10010000012548,点击查看排行榜，自己出现了两次，步数是一样的，点击分享，观察到自己的好友有两位，点击我的好友，界面显示我的好友只有一位,share.page_view.other,华为运动__C4,华为运动__C1,0.036992,0,0,1,0,0,0,0
LLMCluster__华为运动__10010000012392,llmcluster_glm-4-air,LLMCluster,华为运动,10010000012392,step_count.step.other,问题描述:步数历史详情页，日历史步数下点击条形图多次才可成功建议优化,8,10010000012457,最上面记录步行步数，运动处运动类型有可以选择步行，功能重复多余,step_count.list_item.other,华为运动__C1,华为运动__C1,0.043362,0,1,0,0,0,0,0
LLMCluster__华为运动__10010000012392,llmcluster_glm-4-air,LLMCluster,华为运动,10010000012392,step_count.step.other,问题描述:步数历史详情页，日历史步数下点击条形图多次才可成功建议优化,9,10010000012505,从我的页面中的设置路径进入设置页面，点击检查更新，提示当前是最新版本，但是从我的页面中的账号中心进入，点击设置，点击检查更新提示有最新版本。,settings.page_view.other,华为运动__C6,华为运动__C1,0.019598,0,0,1,0,0,0,0
LLMCluster__华为运动__10010000012392,llmcluster_glm-4-air,LLMCluster,华为运动,10010000012392,step_count.step.other,问题描述:步数历史详情页，日历史步数下点击条形图多次才可成功建议优化,10,10010000012496,成功登录应用进入首页，点击血压模块的记录按钮，见截图1,login.button_icon.other,华为运动__C7,华为运动__C1,0.044375,0,0,1,0,0,0,0
LLMCluster__华为运动__10010000012392,llmcluster_glm-4-air,LLMCluster,华为运动,10010000012392,step_count.step.other,问题描述:步数历史详情页，日历史步数下点击条形图多次才可成功建议优化,11,10010000012376,成功登录应用进入首页，点击首页上方导航栏“我的”进入“我的”界面，点击个人头像进入账户中心，见截图2,login.page_view.other,华为运动__C11,华为运动__C1,0.03711,0,0,1,0,0,0,0
LLMCluster__华为运动__10010000012392,llmcluster_glm-4-air,LLMCluster,华为运动,10010000012392,step_count.step.other,问题描述:步数历史详情页，日历史步数下点击条形图多次才可成功建议优化,12,10010000012429,跑步模式下，建议有一个定位当前点的功能。地图放大之后，找回当前点比较麻烦,gps_track.gps.other,华为运动__C3,华为运动__C1,0.044408,0,0,1,0,0,0,0
LLMCluster__华为运动__10010000012392,llmcluster_glm-4-air,LLMCluster,华为运动,10010000012392,step_count.step.other,问题描述:步数历史详情页，日历史步数下点击条形图多次才可成功建议优化,13,10010000012511,成功登录应用进入首页，点击血糖模块的记录按钮，见截图1,login.button_icon.other,华为运动__C7,华为运动__C1,0.044375,0,0,1,0,0,0,0
LLMCluster__华为运动__10010000012392,llmcluster_glm-4-air,LLMCluster,华为运动,10010000012392,step_count.step.other,问题描述:步数历史详情页，日历史步数下点击条形图多次才可成功建议优化,14,10010000012516,我的成绩单里的步数与实际运动后显示的步数不一致,step_count.step.other,华为运动__C1,华为运动__C1,0.051313,1,1,0,0,0,0,0
LLMCluster__华为运动__10010000012392,llmcluster_glm-4-air,LLMCluster,华为运动,10010000012392,step_count.step.other,问题描述:步数历史详情页，日历史步数下点击条形图多次才可成功建议优化,15,10010000012439,在首页点击步数，进入步数页面，显示步数，点击空白处，步数就会消失，在热量页面也是这种现象。影响用户体验,step_count.page_view.other,华为运动__C1,华为运动__C1,0.082585,0,1,0,0,0,0,0
LLMCluster__华为运动__10010000012392,llmcluster_glm-4-air,LLMCluster,华为运动,10010000012392,step_count.step.other,问题描述:步数历史详情页，日历史步数下点击条形图多次才可成功建议优化,16,10010000012455,在用户好友界面，点击好友出现详细资料界面，好友资料并不详细，点击头像出现的仅是圆形小图标，不是头像大图。,other.button_icon.other,华为运动__C4,华为运动__C1,0.036299,0,0,1,0,0,0,0
LLMCluster__华为运动__10010000012392,llmcluster_glm-4-air,LLMCluster,华为运动,10010000012392,step_count.step.other,问题描述:步数历史详情页，日历史步数下点击条形图多次才可成功建议优化,17,10010000012391,成功登录应用进入首页，点击首页上方导航栏“发现”进入“发现”界面，点击“我的好友”进入好友列表界面，点击扫一扫，添加已经是好友的朋友“…,login.page_view.no_prompt,华为运动__C4,华为运动__C1,0.031701,0,0,1,0,0,0,0
LLMCluster__华为运动__10010000012392,llmcluster_glm-4-air,LLMCluster,华为运动,10010000012392,step_count.step.other,问题描述:步数历史详情页，日历史步数下点击条形图多次才可成功建议优化,18,10010000012380,跑步时步数并没有实时更新，而是等跑完了结束跑步时步数才加上去,step_count.step.other,华为运动__C1,华为运动__C1,0.054878,1,1,0,0,0,0,0
LLMCluster__华为运动__10010000012392,llmcluster_glm-4-air,LLMCluster,华为运动,10010000012392,step_count.step.other,问题描述:步数历史详情页，日历史步数下点击条形图多次才可成功建议优化,19,10010000012432,计步功能算法有严重缺陷，手机拿在手上做小幅度晃动步数都会迅速增加。,step_count.step.other,华为运动__C1,华为运动__C1,0.026532,1,1,0,0,0,0,0
LLMCluster__华为运动__10010000012392,llmcluster_glm-4-air,LLMCluster,华为运动,10010000012392,step_count.step.other,问题描述:步数历史详情页，日历史步数下点击条形图多次才可成功建议优化,20,10010000012676,在我的页面，点击我的信息。查看个人信息，然后查看完了，点击返回按钮。按钮不灵敏，点击多次才能返回。影响用户体验。,other.button_icon.other,华为运动__C6,华为运动__C1,0.059513,0,0,1,0,0,0,0
LLMCluster__华为运动__10010000012392,llmcluster_glm-4-air,LLMCluster,华为运动,10010000012392,step_count.step.other,问题描述:步数历史详情页，日历史步数下点击条形图多次才可成功建议优化,21,10010000012616,发现_我的好友，好友那块有提示，推荐添加的好友，点击查看后，在新的好友添加好友，页面无返回键,other.button_icon.other,华为运动__C4,华为运动__C1,0.009691,0,0,1,0,0,0,0
LLMCluster__华为运动__10010000012392,llmcluster_glm-4-air,LLMCluster,华为运动,10010000012392,step_count.step.other,问题描述:步数历史详情页，日历史步数下点击条形图多次才可成功建议优化,22,10010000012627,问题描述:使用二维码添加好友开启相机失败,other.chat.cannot_or_fail,华为运动__C4,华为运动__C1,0.154775,0,0,1,0,0,0,0
LLMCluster__华为运动__10010000012392,llmcluster_glm-4-air,LLMCluster,华为运动,10010000012392,step_count.step.other,问题描述:步数历史详情页，日历史步数下点击条形图多次才可成功建议优化,23,10010000012648,成功登录应用，进入发现界面，点击该界面的“我的好友”，进入好友列表界面，见截图1,login.page_view.other,华为运动__C4,华为运动__C1,0.025587,0,0,1,0,0,0,0
LLMCluster__华为运动__10010000012392,llmcluster_glm-4-air,LLMCluster,华为运动,10010000012392,step_count.step.other,问题描述:步数历史详情页，日历史步数下点击条形图多次才可成功建议优化,24,10010000012606,首页_排行_排行榜，显示我今日运动步数，不过在首页运动中仍旧没有显示,step_count.page_view.other,华为运动__C1,华为运动__C1,0.032112,0,1,0,0,0,0,0
LLMCluster__华为运动__10010000012392,llmcluster_glm-4-air,LLMCluster,华为运动,10010000012392,step_count.step.other,问题描述:步数历史详情页，日历史步数下点击条形图多次才可成功建议优化,25,10010000012414,成功登录应用，进入发现界面，再进入好友列表界面，点击扫一扫添加好友，见截图1,login.page_view.other,华为运动__C4,华为运动__C1,0.026138,0,0,1,0,0,0,0
LLMCluster__华为运动__10010000012392,llmcluster_glm-4-air,LLMCluster,华为运动,10010000012392,step_count.step.other,问题描述:步数历史详情页，日历史步数下点击条形图多次才可成功建议优化,26,10010000012473,首页中，步数下方的8/60分钟含义不清楚，完全没向用户显示出锁代表含义,step_count.page_view.other,华为运动__C6,华为运动__C1,0.046194,0,1,1,0,0,0,0
LLMCluster__华为运动__10010000012392,llmcluster_glm-4-air,LLMCluster,华为运动,10010000012392,step_count.step.other,问题描述:步数历史详情页，日历史步数下点击条形图多次才可成功建议优化,27,10010000012374,跑步模式中，大步地跨10步，然后会发现，步数显示增加了20步。,step_count.step.other,华为运动__C1,华为运动__C1,0.040659,1,1,0,0,0,0,0
LLMCluster__华为运动__10010000012392,llmcluster_glm-4-air,LLMCluster,华为运动,10010000012392,step_count.step.other,问题描述:步数历史详情页，日历史步数下点击条形图多次才可成功建议优化,28,10010000012303,成功登录应用进入首页，点击体重模块的记录按钮，见截图1,login.button_icon.other,华为运动__C7,华为运动__C1,0.045245,0,0,1,0,0,0,0
TFIDF+HC__华为运动__10010000012662,tfidf_hc_K20,TFIDF+HC,华为运动,10010000012662,run_walk.other.cannot_or_fail,只能看到整体的运动情况，不能看到我每天的运动情况，对很多用户不方便。,1,10010000012617,在我的里面设置个人信息，设置身高时，会出现一个上下滑动选择的控件，这个控件只能上下滑动，不能进行点击操作，非常不方便，用户体验差！！,settings.page_view.cannot_or_fail,华为运动__C12,华为运动__C6,0.07081,0,0,1,0,0,0,0
TFIDF+HC__华为运动__10010000012662,tfidf_hc_K20,TFIDF+HC,华为运动,10010000012662,run_walk.other.cannot_or_fail,只能看到整体的运动情况，不能看到我每天的运动情况，对很多用户不方便。,2,10010000012633,没有体重和周的月曲线图，而且不能动态查询，比较不方便。,other.other.cannot_or_fail,华为运动__C18,华为运动__C6,0.088943,0,0,1,0,0,0,0
TFIDF+HC__华为运动__10010000012662,tfidf_hc_K20,TFIDF+HC,华为运动,10010000012662,run_walk.other.cannot_or_fail,只能看到整体的运动情况，不能看到我每天的运动情况，对很多用户不方便。,3,10010000012430,在活动分享中，用户只能分享到微信朋友圈与微博，不能通过邮箱、qq、Facebook等方式进行分享，用户体验不好,share.share_panel.cannot_or_fail,华为运动__C2,华为运动__C6,0.053609,0,0,1,0,0,0,0
TFIDF+HC__华为运动__10010000012662,tfidf_hc_K20,TFIDF+HC,华为运动,10010000012662,run_walk.other.cannot_or_fail,只能看到整体的运动情况，不能看到我每天的运动情况，对很多用户不方便。,4,10010000012519,用户在想停止跑步时，点击暂停按钮，然后出现的两个按钮含义太模糊，考虑到使用该APP的老年用户很多，此时候的退出或者继续或者运动记录的回…,run_walk.button_icon.other,华为运动__C8,华为运动__C6,0.045382,0,1,1,0,0,0,0
TFIDF+HC__华为运动__10010000012662,tfidf_hc_K20,TFIDF+HC,华为运动,10010000012662,run_walk.other.cannot_or_fail,只能看到整体的运动情况，不能看到我每天的运动情况，对很多用户不方便。,5,10010000012671,没有对个人运动记录，好友数进行显示,run_walk.list_item.other,华为运动__C19,华为运动__C6,0.033918,0,1,1,0,0,0,0
TFIDF+HC__华为运动__10010000012662,tfidf_hc_K20,TFIDF+HC,华为运动,10010000012662,run_walk.other.cannot_or_fail,只能看到整体的运动情况，不能看到我每天的运动情况，对很多用户不方便。,6,10010000012490,在跑步的时候，开启GPS的情况下无法进行GPA定位，不显示用户运动的信息。,gps_track.gps.display_missing,华为运动__C8,华为运动__C6,0.068428,0,0,1,0,0,0,0
TFIDF+HC__华为运动__10010000012662,tfidf_hc_K20,TFIDF+HC,华为运动,10010000012662,run_walk.other.cannot_or_fail,只能看到整体的运动情况，不能看到我每天的运动情况，对很多用户不方便。,7,10010000012485,首页中的每天运动记录柱状高度应该表示的为每天的运动量大小，然而，未来几天还没有测，显示出的柱状图界面容易对用户造成误解,run_walk.page_view.other,华为运动__C19,华为运动__C6,0.128029,0,1,1,0,0,1,0
TFIDF+HC__华为运动__10010000012662,tfidf_hc_K20,TFIDF+HC,华为运动,10010000012662,run_walk.other.cannot_or_fail,只能看到整体的运动情况，不能看到我每天的运动情况，对很多用户不方便。,8,10010000012491,运动过程中，爬了几层楼梯，然而在运动过程中的爬高竟然是0。用户看到自己的运动过程没有被正确记录对软件感到失望,run_walk.list_item.other,华为运动__C6,华为运动__C6,0.09321,0,1,0,0,0,0,0
TFIDF+HC__华为运动__10010000012662,tfidf_hc_K20,TFIDF+HC,华为运动,10010000012662,run_walk.other.cannot_or_fail,只能看到整体的运动情况，不能看到我每天的运动情况，对很多用户不方便。,9,10010000012636,用户可以不设定昵称，这样在查看排行榜时，根本分不清谁是谁，很不方便。,other.other.other,华为运动__C18,华为运动__C6,0.087899,0,0,1,0,0,0,0
TFIDF+HC__华为运动__10010000012662,tfidf_hc_K20,TFIDF+HC,华为运动,10010000012662,run_walk.other.cannot_or_fail,只能看到整体的运动情况，不能看到我每天的运动情况，对很多用户不方便。,10,10010000012586,首页，设定目标之后，不能改变目标，只能开始训练,settings.page_view.cannot_or_fail,华为运动__C9,华为运动__C6,0.051839,0,0,1,0,0,0,0
TFIDF+HC__华为运动__10010000012662,tfidf_hc_K20,TFIDF+HC,华为运动,10010000012662,run_walk.other.cannot_or_fail,只能看到整体的运动情况，不能看到我每天的运动情况，对很多用户不方便。,11,10010000012569,进入首页后只能进行跑步训练，不能进行其他项目训练设置，如塑性等,run_walk.page_view.cannot_or_fail,华为运动__C14,华为运动__C6,0.039476,0,1,1,0,0,0,0
TFIDF+HC__华为运动__10010000012662,tfidf_hc_K20,TFIDF+HC,华为运动,10010000012662,run_walk.other.cannot_or_fail,只能看到整体的运动情况，不能看到我每天的运动情况，对很多用户不方便。,12,10010000012632,在点击开始跑步后，GPS很难定位准确，给用户带来较大不便。,gps_track.gps.other,华为运动__C8,华为运动__C6,0.037641,0,0,1,0,0,0,0
TFIDF+HC__华为运动__10010000012662,tfidf_hc_K20,TFIDF+HC,华为运动,10010000012662,run_walk.other.cannot_or_fail,只能看到整体的运动情况，不能看到我每天的运动情况，对很多用户不方便。,13,10010000012572,"从""我的""页面进入到""我的目标""界面设置目标时，体重目标为""40公斤时""，7000步的运动量目标为少量，体重目标为""91公斤""时，70…",run_walk.page_view.other,华为运动__C9,华为运动__C6,0.037536,0,1,1,0,0,0,0
TFIDF+HC__华为运动__10010000012662,tfidf_hc_K20,TFIDF+HC,华为运动,10010000012662,run_walk.other.cannot_or_fail,只能看到整体的运动情况，不能看到我每天的运动情况，对很多用户不方便。,14,10010000012614,发现，消息栏目，在消息查看的时候，出现重复出现的情况，同一个讨论组，消息不同步，而且重复出现,message_send.chat.other,华为运动__C8,华为运动__C6,0.06583,0,0,1,0,0,0,0
TFIDF+HC__华为运动__10010000012662,tfidf_hc_K20,TFIDF+HC,华为运动,10010000012662,run_walk.other.cannot_or_fail,只能看到整体的运动情况，不能看到我每天的运动情况，对很多用户不方便。,15,10010000012542,运动时运动轨迹不明确，而且GPS定位时过于缓慢，室内运动，跑步机方式运动的话，gps定位不到，显示不出来。属于功能不完整的情况，复现程…,gps_track.gps.display_missing,华为运动__C8,华为运动__C6,0.115319,0,0,1,0,0,0,0
TFIDF+HC__华为运动__10010000012662,tfidf_hc_K20,TFIDF+HC,华为运动,10010000012662,run_walk.other.cannot_or_fail,只能看到整体的运动情况，不能看到我每天的运动情况，对很多用户不方便。,16,10010000012601,运动距离这个不是很人性化，没有单步的幅度变化，直接就是由5公里变成了10公里，中间跨度很大，对于某些运动幅度不是很大的用户来说，这个设…,run_walk.page_view.other,华为运动__C6,华为运动__C6,0.051677,0,1,0,0,0,0,0
TFIDF+HC__华为运动__10010000012662,tfidf_hc_K20,TFIDF+HC,华为运动,10010000012662,run_walk.other.cannot_or_fail,只能看到整体的运动情况，不能看到我每天的运动情况，对很多用户不方便。,17,10010000012502,在准备结束运动的时候，系统提示运动距离短，不会记录数据，这样不方便用户的使用，即使运动距离很少，也应该将用户的运动数据记录。,run_walk.list_item.other,华为运动__C6,华为运动__C6,0.114908,0,1,0,0,0,0,0
TFIDF+HC__华为运动__10010000012662,tfidf_hc_K20,TFIDF+HC,华为运动,10010000012662,run_walk.other.cannot_or_fail,只能看到整体的运动情况，不能看到我每天的运动情况，对很多用户不方便。,18,10010000012499,没有进行运动的过程中，app在后台依然进行数据统计，数据记录不准确。导致用户对自己的运动情况了解不准确，容易造成偏差、功能不完整，复现…,run_walk.list_item.other,华为运动__C6,华为运动__C6,0.133055,0,1,0,0,0,0,0
TFIDF+HC__华为运动__10010000012662,tfidf_hc_K20,TFIDF+HC,华为运动,10010000012662,run_walk.other.cannot_or_fail,只能看到整体的运动情况，不能看到我每天的运动情况，对很多用户不方便。,19,10010000012597,"在""我的""界面点击用户头像不能直接进行头像更换，需要跳转到账号中心，然后再点击用户头像，跳转到个人信息才能进行头像修改，很不方便。",other.page_view.cannot_or_fail,华为运动__C18,华为运动__C6,0.070036,0,0,1,0,0,0,0
TFIDF+HC__华为运动__10010000012662,tfidf_hc_K20,TFIDF+HC,华为运动,10010000012662,run_walk.other.cannot_or_fail,只能看到整体的运动情况，不能看到我每天的运动情况，对很多用户不方便。,20,10010000012667,在我的卡卡中，只能获得卡卡后才能知道卡卡的具体情况，这个用户极为反感，在不知情的情况下就去进行获得是不情愿的，用户体验极差！！！！,other.other.other,华为运动__C2,华为运动__C6,0.101996,0,0,1,0,0,0,0
TFIDF+HC__华为运动__10010000012662,tfidf_hc_K20,TFIDF+HC,华为运动,10010000012662,run_walk.other.cannot_or_fail,只能看到整体的运动情况，不能看到我每天的运动情况，对很多用户不方便。,21,10010000012558,地图不是很清楚，没有0.5公里播报的功能。一般运动类app都有语音提示用户此时已经运动的距离和步数，使用户可以对自己所运动的情况有一个…,step_count.step.other,华为运动__C6,华为运动__C6,0.078387,0,0,0,0,0,0,0
TFIDF+HC__华为运动__10010000012662,tfidf_hc_K20,TFIDF+HC,华为运动,10010000012662,run_walk.other.cannot_or_fail,只能看到整体的运动情况，不能看到我每天的运动情况，对很多用户不方便。,22,10010000012512,将”我的成绩单“分享时，用户只能分享到微信朋友圈与微博，不能通过邮箱、qq、Facebook等方式进行分享，用户体验不好,share.share_panel.cannot_or_fail,华为运动__C2,华为运动__C6,0.051706,0,0,1,0,0,0,0
TFIDF+HC__华为运动__10010000012662,tfidf_hc_K20,TFIDF+HC,华为运动,10010000012662,run_walk.other.cannot_or_fail,只能看到整体的运动情况，不能看到我每天的运动情况，对很多用户不方便。,23,10010000012681,无法收藏发现里面自己运动结果好的运动记录,run_walk.list_item.cannot_or_fail,华为运动__C19,华为运动__C6,0.080083,0,1,1,0,0,0,0
TFIDF+HC__华为运动__10010000012662,tfidf_hc_K20,TFIDF+HC,华为运动,10010000012662,run_walk.other.cannot_or_fail,只能看到整体的运动情况，不能看到我每天的运动情况，对很多用户不方便。,24,10010000012352,对方手机上的跑步记录在我账号上不能进行及时更新，好友手机步行记录为88（因无法获取好友的图片就没上传好友的运动记录），我手机上的好友记…,run_walk.list_item.cannot_or_fail,华为运动__C19,华为运动__C6,0.047648,0,1,1,0,0,0,0
TFIDF+HC__华为运动__10010000012662,tfidf_hc_K20,TFIDF+HC,华为运动,10010000012662,run_walk.other.cannot_or_fail,只能看到整体的运动情况，不能看到我每天的运动情况，对很多用户不方便。,25,10010000012624,在测试app时，运动情况的统计的月度统计应该是1,run_walk.other.other,华为运动__C6,华为运动__C6,0.131886,0,1,0,0,0,0,0
TFIDF+HC__华为运动__10010000012662,tfidf_hc_K20,TFIDF+HC,华为运动,10010000012662,run_walk.other.cannot_or_fail,只能看到整体的运动情况，不能看到我每天的运动情况，对很多用户不方便。,26,10010000012398,点击发现，添加计划，距离，能力，若选择好距离之后不能调自己的时间小时，分钟的上限，只能设置他给的定值。,settings.page_view.cannot_or_fail,华为运动__C2,华为运动__C6,0.033931,0,0,1,0,0,0,0
SBERT+HC__华为运动__10010000012662,sbert_hc_K20,SBERT+HC,华为运动,10010000012662,run_walk.other.cannot_or_fail,只能看到整体的运动情况，不能看到我每天的运动情况，对很多用户不方便。,1,10010000012443,无法自己填写，运动目标，有时目标高于或低于系统设定目标,run_walk.other.cannot_or_fail,华为运动__C3,华为运动__C0,0.01927,1,1,1,1,1,1,1
SBERT+HC__华为运动__10010000012662,sbert_hc_K20,SBERT+HC,华为运动,10010000012662,run_walk.other.cannot_or_fail,只能看到整体的运动情况，不能看到我每天的运动情况，对很多用户不方便。,2,10010000012528,点击启动运动健康，进入首页，点击窗口上方的“我的”选项卡,run_walk.page_view.other,华为运动__C4,华为运动__C0,0.036541,0,1,1,0,0,0,0
SBERT+HC__华为运动__10010000012662,sbert_hc_K20,SBERT+HC,华为运动,10010000012662,run_walk.other.cannot_or_fail,只能看到整体的运动情况，不能看到我每天的运动情况，对很多用户不方便。,3,10010000012634,在我的界面点击头像，进入后修改头像，随后关闭运动健康，再次打开运动健康，进入我的界面，头像仍然是修改前的头像。,run_walk.page_view.other,华为运动__C4,华为运动__C0,0.032284,0,1,1,0,0,0,0
SBERT+HC__华为运动__10010000012662,sbert_hc_K20,SBERT+HC,华为运动,10010000012662,run_walk.other.cannot_or_fail,只能看到整体的运动情况，不能看到我每天的运动情况，对很多用户不方便。,4,10010000012569,进入首页后只能进行跑步训练，不能进行其他项目训练设置，如塑性等,run_walk.page_view.cannot_or_fail,华为运动__C3,华为运动__C0,0.039476,0,1,1,0,0,0,0
SBERT+HC__华为运动__10010000012662,sbert_hc_K20,SBERT+HC,华为运动,10010000012662,run_walk.other.cannot_or_fail,只能看到整体的运动情况，不能看到我每天的运动情况，对很多用户不方便。,5,10010000012542,运动时运动轨迹不明确，而且GPS定位时过于缓慢，室内运动，跑步机方式运动的话，gps定位不到，显示不出来。属于功能不完整的情况，复现程…,gps_track.gps.display_missing,华为运动__C0,华为运动__C0,0.115319,0,0,0,0,0,0,0
SBERT+HC__华为运动__10010000012662,sbert_hc_K20,SBERT+HC,华为运动,10010000012662,run_walk.other.cannot_or_fail,只能看到整体的运动情况，不能看到我每天的运动情况，对很多用户不方便。,6,10010000012454,首页点击开始跑步，会语音提示开始跑步，点击后我并未移动位置，已经开始计时，应该在移动时开始计时，并显示移动路线,run_walk.page_view.other,华为运动__C0,华为运动__C0,0.013309,0,1,0,0,0,0,0
SBERT+HC__华为运动__10010000012662,sbert_hc_K20,SBERT+HC,华为运动,10010000012662,run_walk.other.cannot_or_fail,只能看到整体的运动情况，不能看到我每天的运动情况，对很多用户不方便。,7,10010000012310,选择为比赛做准备时，可选的准备时间只有部分时间，用户体验不够好,other.step.other,华为运动__C3,华为运动__C0,0.018848,0,0,1,0,0,0,0
SBERT+HC__华为运动__10010000012662,sbert_hc_K20,SBERT+HC,华为运动,10010000012662,run_walk.other.cannot_or_fail,只能看到整体的运动情况，不能看到我每天的运动情况，对很多用户不方便。,8,10010000012466,在添加计划里的能力里，时间最多只能到1小时12分，用户体验不够好,other.step.other,华为运动__C3,华为运动__C0,0.045761,0,0,1,0,0,0,0
SBERT+HC__华为运动__10010000012662,sbert_hc_K20,SBERT+HC,华为运动,10010000012662,run_walk.other.cannot_or_fail,只能看到整体的运动情况，不能看到我每天的运动情况，对很多用户不方便。,9,10010000012398,点击发现，添加计划，距离，能力，若选择好距离之后不能调自己的时间小时，分钟的上限，只能设置他给的定值。,settings.page_view.cannot_or_fail,华为运动__C3,华为运动__C0,0.033931,0,0,1,0,0,0,0
SBERT+HC__华为运动__10010000012662,sbert_hc_K20,SBERT+HC,华为运动,10010000012662,run_walk.other.cannot_or_fail,只能看到整体的运动情况，不能看到我每天的运动情况，对很多用户不方便。,10,10010000012606,首页_排行_排行榜，显示我今日运动步数，不过在首页运动中仍旧没有显示,step_count.page_view.other,华为运动__C1,华为运动__C0,0.040415,0,0,1,0,0,0,0
SBERT+HC__华为运动__10010000012662,sbert_hc_K20,SBERT+HC,华为运动,10010000012662,run_walk.other.cannot_or_fail,只能看到整体的运动情况，不能看到我每天的运动情况，对很多用户不方便。,11,10010000012491,运动过程中，爬了几层楼梯，然而在运动过程中的爬高竟然是0。用户看到自己的运动过程没有被正确记录对软件感到失望,run_walk.list_item.other,华为运动__C0,华为运动__C0,0.09321,0,1,0,0,0,0,0
SBERT+HC__华为运动__10010000012662,sbert_hc_K20,SBERT+HC,华为运动,10010000012662,run_walk.other.cannot_or_fail,只能看到整体的运动情况，不能看到我每天的运动情况，对很多用户不方便。,12,10010000012681,无法收藏发现里面自己运动结果好的运动记录,run_walk.list_item.cannot_or_fail,华为运动__C1,华为运动__C0,0.080083,0,1,1,0,0,0,0
SBERT+HC__华为运动__10010000012662,sbert_hc_K20,SBERT+HC,华为运动,10010000012662,run_walk.other.cannot_or_fail,只能看到整体的运动情况，不能看到我每天的运动情况，对很多用户不方便。,13,10010000012598,我的成绩单，信息查看，累计距离不正确,other.step.wrong_value,华为运动__C1,华为运动__C0,0.027996,0,0,1,0,0,0,0
SBERT+HC__华为运动__10010000012662,sbert_hc_K20,SBERT+HC,华为运动,10010000012662,run_walk.other.cannot_or_fail,只能看到整体的运动情况，不能看到我每天的运动情况，对很多用户不方便。,14,10010000012499,没有进行运动的过程中，app在后台依然进行数据统计，数据记录不准确。导致用户对自己的运动情况了解不准确，容易造成偏差、功能不完整，复现…,run_walk.list_item.other,华为运动__C0,华为运动__C0,0.133055,0,1,0,0,0,0,0
SBERT+HC__华为运动__10010000012662,sbert_hc_K20,SBERT+HC,华为运动,10010000012662,run_walk.other.cannot_or_fail,只能看到整体的运动情况，不能看到我每天的运动情况，对很多用户不方便。,15,10010000012312,步行记录不能及时更新，有时需要等一段时间才能更新步行记录，有时可以及时更新，这会造成用户体验不好,run_walk.list_item.cannot_or_fail,华为运动__C1,华为运动__C0,0.023326,0,1,1,0,0,0,0
SBERT+HC__华为运动__10010000012662,sbert_hc_K20,SBERT+HC,华为运动,10010000012662,run_walk.other.cannot_or_fail,只能看到整体的运动情况，不能看到我每天的运动情况，对很多用户不方便。,16,10010000012498,在跑步的时候，用户跑步的公里数不给于显示，但是在结束运动返回到首页的时候却有步数的显示，前后不一致，,step_count.page_view.other,华为运动__C0,华为运动__C0,0.036387,0,0,0,0,0,0,0
SBERT+HC__华为运动__10010000012662,sbert_hc_K20,SBERT+HC,华为运动,10010000012662,run_walk.other.cannot_or_fail,只能看到整体的运动情况，不能看到我每天的运动情况，对很多用户不方便。,17,10010000012629,发现_活动页面，无法进行活动搜索，只能选择推荐的活动,search.page_view.cannot_or_fail,华为运动__C11,华为运动__C0,0.032373,0,0,1,0,0,0,0
SBERT+HC__华为运动__10010000012662,sbert_hc_K20,SBERT+HC,华为运动,10010000012662,run_walk.other.cannot_or_fail,只能看到整体的运动情况，不能看到我每天的运动情况，对很多用户不方便。,18,10010000012324,设定目标:当我设定目标时有马拉松选项，有人不知道马拉松是多远，例如我就不知道，让用户可能盲目的设定，应该在后面给个提示的数目,settings.other.other,华为运动__C3,华为运动__C0,0.021378,0,0,1,0,0,0,0
SBERT+HC__华为运动__10010000012662,sbert_hc_K20,SBERT+HC,华为运动,10010000012662,run_walk.other.cannot_or_fail,只能看到整体的运动情况，不能看到我每天的运动情况，对很多用户不方便。,19,10010000012457,最上面记录步行步数，运动处运动类型有可以选择步行，功能重复多余,step_count.list_item.other,华为运动__C0,华为运动__C0,0.043057,0,0,0,0,0,0,0
SBERT+HC__华为运动__10010000012662,sbert_hc_K20,SBERT+HC,华为运动,10010000012662,run_walk.other.cannot_or_fail,只能看到整体的运动情况，不能看到我每天的运动情况，对很多用户不方便。,20,10010000012632,在点击开始跑步后，GPS很难定位准确，给用户带来较大不便。,gps_track.gps.other,华为运动__C0,华为运动__C0,0.037641,0,0,0,0,0,0,0
SBERT+HC__华为运动__10010000012662,sbert_hc_K20,SBERT+HC,华为运动,10010000012662,run_walk.other.cannot_or_fail,只能看到整体的运动情况，不能看到我每天的运动情况，对很多用户不方便。,21,10010000012558,地图不是很清楚，没有0.5公里播报的功能。一般运动类app都有语音提示用户此时已经运动的距离和步数，使用户可以对自己所运动的情况有一个…,step_count.step.other,华为运动__C0,华为运动__C0,0.078387,0,0,0,0,0,0,0
SBERT+HC__华为运动__10010000012662,sbert_hc_K20,SBERT+HC,华为运动,10010000012662,run_walk.other.cannot_or_fail,只能看到整体的运动情况，不能看到我每天的运动情况，对很多用户不方便。,22,10010000012633,没有体重和周的月曲线图，而且不能动态查询，比较不方便。,other.other.cannot_or_fail,华为运动__C5,华为运动__C0,0.088943,0,0,1,0,0,0,0
SBERT+HC__华为运动__10010000012662,sbert_hc_K20,SBERT+HC,华为运动,10010000012662,run_walk.other.cannot_or_fail,只能看到整体的运动情况，不能看到我每天的运动情况，对很多用户不方便。,23,10010000012568,在进跑步方式的测试时，一直都在进行步行运动，但是记录显示我的总步数为26步，步行65%，跑步35%，爬高0%。与我实际运动的情况不符合…,step_count.list_item.other,华为运动__C0,华为运动__C0,0.054835,0,0,0,0,0,0,0
SBERT+HC__华为运动__10010000012662,sbert_hc_K20,SBERT+HC,华为运动,10010000012662,run_walk.other.cannot_or_fail,只能看到整体的运动情况，不能看到我每天的运动情况，对很多用户不方便。,24,10010000012502,在准备结束运动的时候，系统提示运动距离短，不会记录数据，这样不方便用户的使用，即使运动距离很少，也应该将用户的运动数据记录。,run_walk.list_item.other,华为运动__C0,华为运动__C0,0.114908,0,1,0,0,0,0,0
SBERT+HC__华为运动__10010000012662,sbert_hc_K20,SBERT+HC,华为运动,10010000012662,run_walk.other.cannot_or_fail,只能看到整体的运动情况，不能看到我每天的运动情况，对很多用户不方便。,25,10010000012532,无法同时满足设定的目标。在首页运动模块的右下角，点击目标旗帜，可以选择运动目标，先选择时间30分钟，选择完成后返回到运动模块界面的时候…,run_walk.page_view.cannot_or_fail,华为运动__C3,华为运动__C0,0.041957,0,1,1,0,0,0,0
SBERT+HC__华为运动__10010000012662,sbert_hc_K20,SBERT+HC,华为运动,10010000012662,run_walk.other.cannot_or_fail,只能看到整体的运动情况，不能看到我每天的运动情况，对很多用户不方便。,26,10010000012485,首页中的每天运动记录柱状高度应该表示的为每天的运动量大小，然而，未来几天还没有测，显示出的柱状图界面容易对用户造成误解,run_walk.page_view.other,华为运动__C0,华为运动__C0,0.128029,0,1,0,0,0,0,0
SBERT+HC__华为运动__10010000012662,sbert_hc_K20,SBERT+HC,华为运动,10010000012662,run_walk.other.cannot_or_fail,只能看到整体的运动情况，不能看到我每天的运动情况，对很多用户不方便。,27,10010000012439,在首页点击步数，进入步数页面，显示步数，点击空白处，步数就会消失，在热量页面也是这种现象。影响用户体验,step_count.page_view.other,华为运动__C4,华为运动__C0,0.012835,0,0,1,0,0,0,0
SBERT+HC__华为运动__10010000012662,sbert_hc_K20,SBERT+HC,华为运动,10010000012662,run_walk.other.cannot_or_fail,只能看到整体的运动情况，不能看到我每天的运动情况，对很多用户不方便。,28,10010000012646,发现页面不能进行相关训练搜索，作为初学者，应该预防不合理锻炼对身体造成的伤害，可以进行相关训练视频的推荐进行下载，可以查看对此视频的评…,search.page_view.cannot_or_fail,华为运动__C11,华为运动__C0,0.02886,0,0,1,0,0,0,0
SBERT+HC__华为运动__10010000012662,sbert_hc_K20,SBERT+HC,华为运动,10010000012662,run_walk.other.cannot_or_fail,只能看到整体的运动情况，不能看到我每天的运动情况，对很多用户不方便。,29,10010000012453,在运动跑步页面，GPRS信号很差，跑至空阔出还是差，建议使用感应，GPRS太差，影响用户体验！,run_walk.page_view.other,华为运动__C0,华为运动__C0,0.026724,0,1,0,0,0,0,0
SBERT+HC__华为运动__10010000012662,sbert_hc_K20,SBERT+HC,华为运动,10010000012662,run_walk.other.cannot_or_fail,只能看到整体的运动情况，不能看到我每天的运动情况，对很多用户不方便。,30,10010000012601,运动距离这个不是很人性化，没有单步的幅度变化，直接就是由5公里变成了10公里，中间跨度很大，对于某些运动幅度不是很大的用户来说，这个设…,run_walk.page_view.other,华为运动__C0,华为运动__C0,0.051677,0,1,0,0,0,0,0
SBERT+HC__华为运动__10010000012662,sbert_hc_K20,SBERT+HC,华为运动,10010000012662,run_walk.other.cannot_or_fail,只能看到整体的运动情况，不能看到我每天的运动情况，对很多用户不方便。,31,10010000012352,对方手机上的跑步记录在我账号上不能进行及时更新，好友手机步行记录为88（因无法获取好友的图片就没上传好友的运动记录），我手机上的好友记…,run_walk.list_item.cannot_or_fail,华为运动__C1,华为运动__C0,0.047648,0,1,1,0,0,0,0
SBERT+HC__华为运动__10010000012662,sbert_hc_K20,SBERT+HC,华为运动,10010000012662,run_walk.other.cannot_or_fail,只能看到整体的运动情况，不能看到我每天的运动情况，对很多用户不方便。,32,10010000012582,并没有对自己的个人信息和运动目标进行设置，然而在我的目标和我的信息中，均有默认值的存在，在第一次进入应用的时候就应该提醒用户进行相关的设置,notification.page_view.other,华为运动__C3,华为运动__C0,0.032223,0,0,1,0,0,0,0
SBERT+HC__华为运动__10010000012662,sbert_hc_K20,SBERT+HC,华为运动,10010000012662,run_walk.other.cannot_or_fail,只能看到整体的运动情况，不能看到我每天的运动情况，对很多用户不方便。,33,10010000012514,"在从跑步页面返回到主页面并且用户有运动量后，在运动模块依旧显示""暂无数据，开始跑步吧""。",run_walk.page_view.other,华为运动__C0,华为运动__C0,0.040475,0,1,0,0,0,0,0
SBERT+HC__华为运动__10010000012662,sbert_hc_K20,SBERT+HC,华为运动,10010000012662,run_walk.other.cannot_or_fail,只能看到整体的运动情况，不能看到我每天的运动情况，对很多用户不方便。,34,10010000012617,在我的里面设置个人信息，设置身高时，会出现一个上下滑动选择的控件，这个控件只能上下滑动，不能进行点击操作，非常不方便，用户体验差！！,settings.page_view.cannot_or_fail,华为运动__C0,华为运动__C0,0.07081,0,0,0,0,0,0,0
SBERT+HC__华为运动__10010000012662,sbert_hc_K20,SBERT+HC,华为运动,10010000012662,run_walk.other.cannot_or_fail,只能看到整体的运动情况，不能看到我每天的运动情况，对很多用户不方便。,35,10010000012586,首页，设定目标之后，不能改变目标，只能开始训练,settings.page_view.cannot_or_fail,华为运动__C3,华为运动__C0,0.051839,0,0,1,0,0,0,0
LLMCluster__华为运动__10010000012662,llmcluster_glm-4-air,LLMCluster,华为运动,10010000012662,run_walk.other.cannot_or_fail,只能看到整体的运动情况，不能看到我每天的运动情况，对很多用户不方便。,1,10010000012502,在准备结束运动的时候，系统提示运动距离短，不会记录数据，这样不方便用户的使用，即使运动距离很少，也应该将用户的运动数据记录。,run_walk.list_item.other,华为运动__C3,华为运动__C6,0.114908,0,1,1,0,0,0,0
LLMCluster__华为运动__10010000012662,llmcluster_glm-4-air,LLMCluster,华为运动,10010000012662,run_walk.other.cannot_or_fail,只能看到整体的运动情况，不能看到我每天的运动情况，对很多用户不方便。,2,10010000012575,高度变化时，登高变化不变，对高度变化不够敏感,other.other.other,华为运动__C15,华为运动__C6,0.021668,0,0,1,0,0,0,0
LLMCluster__华为运动__10010000012662,llmcluster_glm-4-air,LLMCluster,华为运动,10010000012662,run_walk.other.cannot_or_fail,只能看到整体的运动情况，不能看到我每天的运动情况，对很多用户不方便。,3,10010000012490,在跑步的时候，开启GPS的情况下无法进行GPA定位，不显示用户运动的信息。,gps_track.gps.display_missing,华为运动__C2,华为运动__C6,0.068428,0,0,1,0,0,0,0
LLMCluster__华为运动__10010000012662,llmcluster_glm-4-air,LLMCluster,华为运动,10010000012662,run_walk.other.cannot_or_fail,只能看到整体的运动情况，不能看到我每天的运动情况，对很多用户不方便。,4,10010000012352,对方手机上的跑步记录在我账号上不能进行及时更新，好友手机步行记录为88（因无法获取好友的图片就没上传好友的运动记录），我手机上的好友记…,run_walk.list_item.cannot_or_fail,华为运动__C4,华为运动__C6,0.047648,0,1,1,0,0,0,0
LLMCluster__华为运动__10010000012662,llmcluster_glm-4-air,LLMCluster,华为运动,10010000012662,run_walk.other.cannot_or_fail,只能看到整体的运动情况，不能看到我每天的运动情况，对很多用户不方便。,5,10010000012568,在进跑步方式的测试时，一直都在进行步行运动，但是记录显示我的总步数为26步，步行65%，跑步35%，爬高0%。与我实际运动的情况不符合…,step_count.list_item.other,华为运动__C8,华为运动__C6,0.054835,0,0,1,0,0,0,0
LLMCluster__华为运动__10010000012662,llmcluster_glm-4-air,LLMCluster,华为运动,10010000012662,run_walk.other.cannot_or_fail,只能看到整体的运动情况，不能看到我每天的运动情况，对很多用户不方便。,6,10010000012601,运动距离这个不是很人性化，没有单步的幅度变化，直接就是由5公里变成了10公里，中间跨度很大，对于某些运动幅度不是很大的用户来说，这个设…,run_walk.page_view.other,华为运动__C6,华为运动__C6,0.051677,0,1,0,0,0,0,0
LLMCluster__华为运动__10010000012662,llmcluster_glm-4-air,LLMCluster,华为运动,10010000012662,run_walk.other.cannot_or_fail,只能看到整体的运动情况，不能看到我每天的运动情况，对很多用户不方便。,7,10010000012542,运动时运动轨迹不明确，而且GPS定位时过于缓慢，室内运动，跑步机方式运动的话，gps定位不到，显示不出来。属于功能不完整的情况，复现程…,gps_track.gps.display_missing,华为运动__C2,华为运动__C6,0.115319,0,0,1,0,0,0,0
LLMCluster__华为运动__10010000012662,llmcluster_glm-4-air,LLMCluster,华为运动,10010000012662,run_walk.other.cannot_or_fail,只能看到整体的运动情况，不能看到我每天的运动情况，对很多用户不方便。,8,10010000012544,在发现页面，选择活动按钮，进入活动页面后，一些已经结束的活动仍然存在，如果用户没有看到活动已结束的话，就会点进去查看活动的详细信息，浪…,other.button_icon.other,华为运动__C6,华为运动__C6,0.054412,0,0,0,0,0,0,0
LLMCluster__华为运动__10010000012662,llmcluster_glm-4-air,LLMCluster,华为运动,10010000012662,run_walk.other.cannot_or_fail,只能看到整体的运动情况，不能看到我每天的运动情况，对很多用户不方便。,9,10010000012512,将”我的成绩单“分享时，用户只能分享到微信朋友圈与微博，不能通过邮箱、qq、Facebook等方式进行分享，用户体验不好,share.share_panel.cannot_or_fail,华为运动__C6,华为运动__C6,0.051706,0,0,0,0,0,0,0
LLMCluster__华为运动__10010000012662,llmcluster_glm-4-air,LLMCluster,华为运动,10010000012662,run_walk.other.cannot_or_fail,只能看到整体的运动情况，不能看到我每天的运动情况，对很多用户不方便。,10,10010000012636,用户可以不设定昵称，这样在查看排行榜时，根本分不清谁是谁，很不方便。,other.other.other,华为运动__C15,华为运动__C6,0.087899,0,0,1,0,0,0,0
LLMCluster__华为运动__10010000012662,llmcluster_glm-4-air,LLMCluster,华为运动,10010000012662,run_walk.other.cannot_or_fail,只能看到整体的运动情况，不能看到我每天的运动情况，对很多用户不方便。,11,10010000012499,没有进行运动的过程中，app在后台依然进行数据统计，数据记录不准确。导致用户对自己的运动情况了解不准确，容易造成偏差、功能不完整，复现…,run_walk.list_item.other,华为运动__C3,华为运动__C6,0.133055,0,1,1,0,0,1,0
LLMCluster__华为运动__10010000012662,llmcluster_glm-4-air,LLMCluster,华为运动,10010000012662,run_walk.other.cannot_or_fail,只能看到整体的运动情况，不能看到我每天的运动情况，对很多用户不方便。,12,10010000012491,运动过程中，爬了几层楼梯，然而在运动过程中的爬高竟然是0。用户看到自己的运动过程没有被正确记录对软件感到失望,run_walk.list_item.other,华为运动__C3,华为运动__C6,0.09321,0,1,1,0,0,0,0
LLMCluster__华为运动__10010000012662,llmcluster_glm-4-air,LLMCluster,华为运动,10010000012662,run_walk.other.cannot_or_fail,只能看到整体的运动情况，不能看到我每天的运动情况，对很多用户不方便。,13,10010000012514,"在从跑步页面返回到主页面并且用户有运动量后，在运动模块依旧显示""暂无数据，开始跑步吧""。",run_walk.page_view.other,华为运动__C3,华为运动__C6,0.040475,0,1,1,0,0,0,0
LLMCluster__华为运动__10010000012662,llmcluster_glm-4-air,LLMCluster,华为运动,10010000012662,run_walk.other.cannot_or_fail,只能看到整体的运动情况，不能看到我每天的运动情况，对很多用户不方便。,14,10010000012597,"在""我的""界面点击用户头像不能直接进行头像更换，需要跳转到账号中心，然后再点击用户头像，跳转到个人信息才能进行头像修改，很不方便。",other.page_view.cannot_or_fail,华为运动__C5,华为运动__C6,0.070036,0,0,1,0,0,0,0
LLMCluster__华为运动__10010000012662,llmcluster_glm-4-air,LLMCluster,华为运动,10010000012662,run_walk.other.cannot_or_fail,只能看到整体的运动情况，不能看到我每天的运动情况，对很多用户不方便。,15,10010000012624,在测试app时，运动情况的统计的月度统计应该是1,run_walk.other.other,华为运动__C8,华为运动__C6,0.131886,0,1,1,0,0,0,0
LLMCluster__华为运动__10010000012662,llmcluster_glm-4-air,LLMCluster,华为运动,10010000012662,run_walk.other.cannot_or_fail,只能看到整体的运动情况，不能看到我每天的运动情况，对很多用户不方便。,16,10010000012349,设定每周运动次数:在设定次数时只能选给定我的次数，没法自己设定,run_walk.other.other,华为运动__C9,华为运动__C6,0.039119,0,1,1,0,0,0,0
LLMCluster__华为运动__10010000012662,llmcluster_glm-4-air,LLMCluster,华为运动,10010000012662,run_walk.other.cannot_or_fail,只能看到整体的运动情况，不能看到我每天的运动情况，对很多用户不方便。,17,10010000012558,地图不是很清楚，没有0.5公里播报的功能。一般运动类app都有语音提示用户此时已经运动的距离和步数，使用户可以对自己所运动的情况有一个…,step_count.step.other,华为运动__C3,华为运动__C6,0.078387,0,0,1,0,0,0,0
LLMCluster__华为运动__10010000012662,llmcluster_glm-4-air,LLMCluster,华为运动,10010000012662,run_walk.other.cannot_or_fail,只能看到整体的运动情况，不能看到我每天的运动情况，对很多用户不方便。,18,10010000012614,发现，消息栏目，在消息查看的时候，出现重复出现的情况，同一个讨论组，消息不同步，而且重复出现,message_send.chat.other,华为运动__C6,华为运动__C6,0.06583,0,0,0,0,0,0,0
LLMCluster__华为运动__10010000012662,llmcluster_glm-4-air,LLMCluster,华为运动,10010000012662,run_walk.other.cannot_or_fail,只能看到整体的运动情况，不能看到我每天的运动情况，对很多用户不方便。,19,10010000012569,进入首页后只能进行跑步训练，不能进行其他项目训练设置，如塑性等,run_walk.page_view.cannot_or_fail,华为运动__C11,华为运动__C6,0.039476,0,1,1,0,0,0,0
LLMCluster__华为运动__10010000012662,llmcluster_glm-4-air,LLMCluster,华为运动,10010000012662,run_walk.other.cannot_or_fail,只能看到整体的运动情况，不能看到我每天的运动情况，对很多用户不方便。,20,10010000012430,在活动分享中，用户只能分享到微信朋友圈与微博，不能通过邮箱、qq、Facebook等方式进行分享，用户体验不好,share.share_panel.cannot_or_fail,华为运动__C6,华为运动__C6,0.053609,0,0,0,0,0,0,0
LLMCluster__华为运动__10010000012662,llmcluster_glm-4-air,LLMCluster,华为运动,10010000012662,run_walk.other.cannot_or_fail,只能看到整体的运动情况，不能看到我每天的运动情况，对很多用户不方便。,21,10010000012485,首页中的每天运动记录柱状高度应该表示的为每天的运动量大小，然而，未来几天还没有测，显示出的柱状图界面容易对用户造成误解,run_walk.page_view.other,华为运动__C6,华为运动__C6,0.128029,0,1,0,0,0,0,0
LLMCluster__华为运动__10010000012662,llmcluster_glm-4-air,LLMCluster,华为运动,10010000012662,run_walk.other.cannot_or_fail,只能看到整体的运动情况，不能看到我每天的运动情况，对很多用户不方便。,22,10010000012586,首页，设定目标之后，不能改变目标，只能开始训练,settings.page_view.cannot_or_fail,华为运动__C9,华为运动__C6,0.051839,0,0,1,0,0,0,0
LLMCluster__华为运动__10010000012662,llmcluster_glm-4-air,LLMCluster,华为运动,10010000012662,run_walk.other.cannot_or_fail,只能看到整体的运动情况，不能看到我每天的运动情况，对很多用户不方便。,23,10010000012617,在我的里面设置个人信息，设置身高时，会出现一个上下滑动选择的控件，这个控件只能上下滑动，不能进行点击操作，非常不方便，用户体验差！！,settings.page_view.cannot_or_fail,华为运动__C5,华为运动__C6,0.07081,0,0,1,0,0,0,0
LLMCluster__华为运动__10010000012662,llmcluster_glm-4-air,LLMCluster,华为运动,10010000012662,run_walk.other.cannot_or_fail,只能看到整体的运动情况，不能看到我每天的运动情况，对很多用户不方便。,24,10010000012633,没有体重和周的月曲线图，而且不能动态查询，比较不方便。,other.other.cannot_or_fail,华为运动__C6,华为运动__C6,0.088943,0,0,0,0,0,0,0
LLMCluster__华为运动__10010000012662,llmcluster_glm-4-air,LLMCluster,华为运动,10010000012662,run_walk.other.cannot_or_fail,只能看到整体的运动情况，不能看到我每天的运动情况，对很多用户不方便。,25,10010000012681,无法收藏发现里面自己运动结果好的运动记录,run_walk.list_item.cannot_or_fail,华为运动__C15,华为运动__C6,0.080083,0,1,1,0,0,0,0
LLMCluster__华为运动__10010000012662,llmcluster_glm-4-air,LLMCluster,华为运动,10010000012662,run_walk.other.cannot_or_fail,只能看到整体的运动情况，不能看到我每天的运动情况，对很多用户不方便。,26,10010000012667,在我的卡卡中，只能获得卡卡后才能知道卡卡的具体情况，这个用户极为反感，在不知情的情况下就去进行获得是不情愿的，用户体验极差！！！！,other.other.other,华为运动__C6,华为运动__C6,0.101996,0,0,0,0,0,0,0
LLMCluster__华为运动__10010000012662,llmcluster_glm-4-air,LLMCluster,华为运动,10010000012662,run_walk.other.cannot_or_fail,只能看到整体的运动情况，不能看到我每天的运动情况，对很多用户不方便。,27,10010000012572,"从""我的""页面进入到""我的目标""界面设置目标时，体重目标为""40公斤时""，7000步的运动量目标为少量，体重目标为""91公斤""时，70…",run_walk.page_view.other,华为运动__C9,华为运动__C6,0.037536,0,1,1,0,0,0,0
LLMCluster__华为运动__10010000012662,llmcluster_glm-4-air,LLMCluster,华为运动,10010000012662,run_walk.other.cannot_or_fail,只能看到整体的运动情况，不能看到我每天的运动情况，对很多用户不方便。,28,10010000012519,用户在想停止跑步时，点击暂停按钮，然后出现的两个按钮含义太模糊，考虑到使用该APP的老年用户很多，此时候的退出或者继续或者运动记录的回…,run_walk.button_icon.other,华为运动__C3,华为运动__C6,0.045382,0,1,1,0,0,0,0
TFIDF+HC__华为运动__10010000012505,tfidf_hc_K20,TFIDF+HC,华为运动,10010000012505,settings.page_view.other,从我的页面中的设置路径进入设置页面，点击检查更新，提示当前是最新版本，但是从我的页面中的账号中心进入，点击设置，点击检查更新提示有最新版本。,1,10010000012439,在首页点击步数，进入步数页面，显示步数，点击空白处，步数就会消失，在热量页面也是这种现象。影响用户体验,step_count.page_view.other,华为运动__C1,华为运动__C12,0.094077,0,0,1,0,0,0,0
TFIDF+HC__华为运动__10010000012505,tfidf_hc_K20,TFIDF+HC,华为运动,10010000012505,settings.page_view.other,从我的页面中的设置路径进入设置页面，点击检查更新，提示当前是最新版本，但是从我的页面中的账号中心进入，点击设置，点击检查更新提示有最新版本。,2,10010000012303,成功登录应用进入首页，点击体重模块的记录按钮，见截图1,login.button_icon.other,华为运动__C12,华为运动__C12,0.068679,0,0,0,0,0,0,0
TFIDF+HC__华为运动__10010000012505,tfidf_hc_K20,TFIDF+HC,华为运动,10010000012505,settings.page_view.other,从我的页面中的设置路径进入设置页面，点击检查更新，提示当前是最新版本，但是从我的页面中的账号中心进入，点击设置，点击检查更新提示有最新版本。,3,10010000012628,在我的页面，还有个头像点击的按钮能跳转到另一个我的页面，这两个页面极为相似，在设计页面时，考虑不周到，可以将两个页面合二为一！！！,other.button_icon.other,华为运动__C12,华为运动__C12,0.149338,0,0,0,0,0,0,0
TFIDF+HC__华为运动__10010000012505,tfidf_hc_K20,TFIDF+HC,华为运动,10010000012505,settings.page_view.other,从我的页面中的设置路径进入设置页面，点击检查更新，提示当前是最新版本，但是从我的页面中的账号中心进入，点击设置，点击检查更新提示有最新版本。,4,10010000012407,我在发现页面里进入表项，选择目标，体重竟然可以选择0，而当用户选择了0之后保存，结果又变成了60,settings.page_view.other,华为运动__C1,华为运动__C12,0.033562,1,1,1,1,1,1,1
TFIDF+HC__华为运动__10010000012505,tfidf_hc_K20,TFIDF+HC,华为运动,10010000012505,settings.page_view.other,从我的页面中的设置路径进入设置页面，点击检查更新，提示当前是最新版本，但是从我的页面中的账号中心进入，点击设置，点击检查更新提示有最新版本。,5,10010000012455,在用户好友界面，点击好友出现详细资料界面，好友资料并不详细，点击头像出现的仅是圆形小图标，不是头像大图。,other.button_icon.other,华为运动__C12,华为运动__C12,0.067656,0,0,0,0,0,0,0
TFIDF+HC__华为运动__10010000012505,tfidf_hc_K20,TFIDF+HC,华为运动,10010000012505,settings.page_view.other,从我的页面中的设置路径进入设置页面，点击检查更新，提示当前是最新版本，但是从我的页面中的账号中心进入，点击设置，点击检查更新提示有最新版本。,6,10010000012519,用户在想停止跑步时，点击暂停按钮，然后出现的两个按钮含义太模糊，考虑到使用该APP的老年用户很多，此时候的退出或者继续或者运动记录的回…,run_walk.button_icon.other,华为运动__C8,华为运动__C12,0.029993,0,0,1,0,0,0,0
TFIDF+HC__华为运动__10010000012505,tfidf_hc_K20,TFIDF+HC,华为运动,10010000012505,settings.page_view.other,从我的页面中的设置路径进入设置页面，点击检查更新，提示当前是最新版本，但是从我的页面中的账号中心进入，点击设置，点击检查更新提示有最新版本。,7,10010000012428,设置体重的时候应该设置为0公斤，保存当前目标，再次查看我的目标，体重目标变成60公斤。,settings.page_view.other,华为运动__C9,华为运动__C12,0.066561,1,1,1,1,1,1,1
TFIDF+HC__华为运动__10010000012505,tfidf_hc_K20,TFIDF+HC,华为运动,10010000012505,settings.page_view.other,从我的页面中的设置路径进入设置页面，点击检查更新，提示当前是最新版本，但是从我的页面中的账号中心进入，点击设置，点击检查更新提示有最新版本。,8,10010000012582,并没有对自己的个人信息和运动目标进行设置，然而在我的目标和我的信息中，均有默认值的存在，在第一次进入应用的时候就应该提醒用户进行相关的设置,notification.page_view.other,华为运动__C12,华为运动__C12,0.090916,0,0,0,0,0,0,0
TFIDF+HC__华为运动__10010000012505,tfidf_hc_K20,TFIDF+HC,华为运动,10010000012505,settings.page_view.other,从我的页面中的设置路径进入设置页面，点击检查更新，提示当前是最新版本，但是从我的页面中的账号中心进入，点击设置，点击检查更新提示有最新版本。,9,10010000012312,步行记录不能及时更新，有时需要等一段时间才能更新步行记录，有时可以及时更新，这会造成用户体验不好,run_walk.list_item.cannot_or_fail,华为运动__C19,华为运动__C12,0.095118,0,0,1,0,0,0,0
TFIDF+HC__华为运动__10010000012505,tfidf_hc_K20,TFIDF+HC,华为运动,10010000012505,settings.page_view.other,从我的页面中的设置路径进入设置页面，点击检查更新，提示当前是最新版本，但是从我的页面中的账号中心进入，点击设置，点击检查更新提示有最新版本。,10,10010000012572,"从""我的""页面进入到""我的目标""界面设置目标时，体重目标为""40公斤时""，7000步的运动量目标为少量，体重目标为""91公斤""时，70…",run_walk.page_view.other,华为运动__C9,华为运动__C12,0.049611,0,0,1,0,0,0,0
TFIDF+HC__华为运动__10010000012505,tfidf_hc_K20,TFIDF+HC,华为运动,10010000012505,settings.page_view.other,从我的页面中的设置路径进入设置页面，点击检查更新，提示当前是最新版本，但是从我的页面中的账号中心进入，点击设置，点击检查更新提示有最新版本。,11,10010000012414,成功登录应用，进入发现界面，再进入好友列表界面，点击扫一扫添加好友，见截图1,login.page_view.other,华为运动__C12,华为运动__C12,0.078333,0,0,0,0,0,0,0
TFIDF+HC__华为运动__10010000012505,tfidf_hc_K20,TFIDF+HC,华为运动,10010000012505,settings.page_view.other,从我的页面中的设置路径进入设置页面，点击检查更新，提示当前是最新版本，但是从我的页面中的账号中心进入，点击设置，点击检查更新提示有最新版本。,12,10010000012393,个人资料中生日这一栏我有异议，首先有必要设为非公开吗？其次作为一个跑步软件，知道用户生日的必要性不高,run_walk.other.other,华为运动__C4,华为运动__C12,0.016016,0,0,1,0,0,0,0
TFIDF+HC__华为运动__10010000012505,tfidf_hc_K20,TFIDF+HC,华为运动,10010000012505,settings.page_view.other,从我的页面中的设置路径进入设置页面，点击检查更新，提示当前是最新版本，但是从我的页面中的账号中心进入，点击设置，点击检查更新提示有最新版本。,13,10010000012594,当前不是最新版本，但是设置中检查更新，显示已为最新版,settings.page_view.other,华为运动__C12,华为运动__C12,0.45245,1,1,0,0,0,0,0
TFIDF+HC__华为运动__10010000012505,tfidf_hc_K20,TFIDF+HC,华为运动,10010000012505,settings.page_view.other,从我的页面中的设置路径进入设置页面，点击检查更新，提示当前是最新版本，但是从我的页面中的账号中心进入，点击设置，点击检查更新提示有最新版本。,14,10010000012597,"在""我的""界面点击用户头像不能直接进行头像更换，需要跳转到账号中心，然后再点击用户头像，跳转到个人信息才能进行头像修改，很不方便。",other.page_view.cannot_or_fail,华为运动__C18,华为运动__C12,0.071662,0,0,1,0,0,0,0
TFIDF+HC__华为运动__10010000012505,tfidf_hc_K20,TFIDF+HC,华为运动,10010000012505,settings.page_view.other,从我的页面中的设置路径进入设置页面，点击检查更新，提示当前是最新版本，但是从我的页面中的账号中心进入，点击设置，点击检查更新提示有最新版本。,15,10010000012569,进入首页后只能进行跑步训练，不能进行其他项目训练设置，如塑性等,run_walk.page_view.cannot_or_fail,华为运动__C14,华为运动__C12,0.058677,0,0,1,0,0,0,0
TFIDF+HC__华为运动__10010000012505,tfidf_hc_K20,TFIDF+HC,华为运动,10010000012505,settings.page_view.other,从我的页面中的设置路径进入设置页面，点击检查更新，提示当前是最新版本，但是从我的页面中的账号中心进入，点击设置，点击检查更新提示有最新版本。,16,10010000012380,跑步时步数并没有实时更新，而是等跑完了结束跑步时步数才加上去,step_count.step.other,华为运动__C19,华为运动__C12,0.048032,0,0,1,0,0,0,0
TFIDF+HC__华为运动__10010000012505,tfidf_hc_K20,TFIDF+HC,华为运动,10010000012505,settings.page_view.other,从我的页面中的设置路径进入设置页面，点击检查更新，提示当前是最新版本，但是从我的页面中的账号中心进入，点击设置，点击检查更新提示有最新版本。,17,10010000012610,"在从""发现""页面进入到活动页面查看某一个具体活动的详细信息页面，点击页面左上角的返回按钮，没有返回到活动列表页面，而是返回到了""发现""…",other.button_icon.other,华为运动__C1,华为运动__C12,0.108372,0,0,1,0,0,0,0
TFIDF+HC__华为运动__10010000012505,tfidf_hc_K20,TFIDF+HC,华为运动,10010000012505,settings.page_view.other,从我的页面中的设置路径进入设置页面，点击检查更新，提示当前是最新版本，但是从我的页面中的账号中心进入，点击设置，点击检查更新提示有最新版本。,18,10010000012528,点击启动运动健康，进入首页，点击窗口上方的“我的”选项卡,run_walk.page_view.other,华为运动__C12,华为运动__C12,0.087038,0,0,0,0,0,0,0
TFIDF+HC__华为运动__10010000012505,tfidf_hc_K20,TFIDF+HC,华为运动,10010000012505,settings.page_view.other,从我的页面中的设置路径进入设置页面，点击检查更新，提示当前是最新版本，但是从我的页面中的账号中心进入，点击设置，点击检查更新提示有最新版本。,19,10010000012577,成功登录，进入发现界面，点击该界面的“我的好友”后进入好友列表界面，见截图1,login.page_view.other,华为运动__C12,华为运动__C12,0.09334,0,0,0,0,0,0,0
TFIDF+HC__华为运动__10010000012505,tfidf_hc_K20,TFIDF+HC,华为运动,10010000012505,settings.page_view.other,从我的页面中的设置路径进入设置页面，点击检查更新，提示当前是最新版本，但是从我的页面中的账号中心进入，点击设置，点击检查更新提示有最新版本。,20,10010000012585,"从""我的""页面进入到""我的成绩单""页面""，点击分享按钮进行分享时，供用户可选的路径有点少，比如现在用户用的比较多的""qq",share.button_icon.other,华为运动__C9,华为运动__C12,0.096278,0,0,1,0,0,0,0
TFIDF+HC__华为运动__10010000012505,tfidf_hc_K20,TFIDF+HC,华为运动,10010000012505,settings.page_view.other,从我的页面中的设置路径进入设置页面，点击检查更新，提示当前是最新版本，但是从我的页面中的账号中心进入，点击设置，点击检查更新提示有最新版本。,21,10010000012629,发现_活动页面，无法进行活动搜索，只能选择推荐的活动,search.page_view.cannot_or_fail,华为运动__C1,华为运动__C12,0.037638,0,0,1,0,0,0,0
TFIDF+HC__华为运动__10010000012505,tfidf_hc_K20,TFIDF+HC,华为运动,10010000012505,settings.page_view.other,从我的页面中的设置路径进入设置页面，点击检查更新，提示当前是最新版本，但是从我的页面中的账号中心进入，点击设置，点击检查更新提示有最新版本。,22,10010000012600,在账号中心，点击头像进去的个性设置中，设置的自己的信息，但是在我的里面点击我的信息，却是默认的信息，之前的改变并没有更新到我的信息里面。,settings.page_view.other,华为运动__C12,华为运动__C12,0.162721,1,1,0,0,0,0,0
TFIDF+HC__华为运动__10010000012505,tfidf_hc_K20,TFIDF+HC,华为运动,10010000012505,settings.page_view.other,从我的页面中的设置路径进入设置页面，点击检查更新，提示当前是最新版本，但是从我的页面中的账号中心进入，点击设置，点击检查更新提示有最新版本。,23,10010000012454,首页点击开始跑步，会语音提示开始跑步，点击后我并未移动位置，已经开始计时，应该在移动时开始计时，并显示移动路线,run_walk.page_view.other,华为运动__C8,华为运动__C12,0.064674,0,0,1,0,0,0,0
TFIDF+HC__华为运动__10010000012505,tfidf_hc_K20,TFIDF+HC,华为运动,10010000012505,settings.page_view.other,从我的页面中的设置路径进入设置页面，点击检查更新，提示当前是最新版本，但是从我的页面中的账号中心进入，点击设置，点击检查更新提示有最新版本。,24,10010000012676,在我的页面，点击我的信息。查看个人信息，然后查看完了，点击返回按钮。按钮不灵敏，点击多次才能返回。影响用户体验。,other.button_icon.other,华为运动__C12,华为运动__C12,0.151635,0,0,0,0,0,0,0
TFIDF+HC__华为运动__10010000012505,tfidf_hc_K20,TFIDF+HC,华为运动,10010000012505,settings.page_view.other,从我的页面中的设置路径进入设置页面，点击检查更新，提示当前是最新版本，但是从我的页面中的账号中心进入，点击设置，点击检查更新提示有最新版本。,25,10010000012358,设置昵称时，实际上是有长度限制的，但没有显示出来,settings.page_view.other,华为运动__C17,华为运动__C12,0.048333,1,1,1,1,1,1,1
TFIDF+HC__华为运动__10010000012505,tfidf_hc_K20,TFIDF+HC,华为运动,10010000012505,settings.page_view.other,从我的页面中的设置路径进入设置页面，点击检查更新，提示当前是最新版本，但是从我的页面中的账号中心进入，点击设置，点击检查更新提示有最新版本。,26,10010000012544,在发现页面，选择活动按钮，进入活动页面后，一些已经结束的活动仍然存在，如果用户没有看到活动已结束的话，就会点进去查看活动的详细信息，浪…,other.button_icon.other,华为运动__C1,华为运动__C12,0.054368,0,0,1,0,0,0,0
TFIDF+HC__华为运动__10010000012505,tfidf_hc_K20,TFIDF+HC,华为运动,10010000012505,settings.page_view.other,从我的页面中的设置路径进入设置页面，点击检查更新，提示当前是最新版本，但是从我的页面中的账号中心进入，点击设置，点击检查更新提示有最新版本。,27,10010000012511,成功登录应用进入首页，点击血糖模块的记录按钮，见截图1,login.button_icon.other,华为运动__C12,华为运动__C12,0.067357,0,0,0,0,0,0,0
TFIDF+HC__华为运动__10010000012505,tfidf_hc_K20,TFIDF+HC,华为运动,10010000012505,settings.page_view.other,从我的页面中的设置路径进入设置页面，点击检查更新，提示当前是最新版本，但是从我的页面中的账号中心进入，点击设置，点击检查更新提示有最新版本。,28,10010000012376,成功登录应用进入首页，点击首页上方导航栏“我的”进入“我的”界面，点击个人头像进入账户中心，见截图2,login.page_view.other,华为运动__C12,华为运动__C12,0.131562,0,0,0,0,0,0,0
TFIDF+HC__华为运动__10010000012505,tfidf_hc_K20,TFIDF+HC,华为运动,10010000012505,settings.page_view.other,从我的页面中的设置路径进入设置页面，点击检查更新，提示当前是最新版本，但是从我的页面中的账号中心进入，点击设置，点击检查更新提示有最新版本。,29,10010000012391,成功登录应用进入首页，点击首页上方导航栏“发现”进入“发现”界面，点击“我的好友”进入好友列表界面，点击扫一扫，添加已经是好友的朋友“…,login.page_view.no_prompt,华为运动__C12,华为运动__C12,0.112327,0,0,0,0,0,0,0
TFIDF+HC__华为运动__10010000012505,tfidf_hc_K20,TFIDF+HC,华为运动,10010000012505,settings.page_view.other,从我的页面中的设置路径进入设置页面，点击检查更新，提示当前是最新版本，但是从我的页面中的账号中心进入，点击设置，点击检查更新提示有最新版本。,30,10010000012648,成功登录应用，进入发现界面，点击该界面的“我的好友”，进入好友列表界面，见截图1,login.page_view.other,华为运动__C12,华为运动__C12,0.092784,0,0,0,0,0,0,0
TFIDF+HC__华为运动__10010000012505,tfidf_hc_K20,TFIDF+HC,华为运动,10010000012505,settings.page_view.other,从我的页面中的设置路径进入设置页面，点击检查更新，提示当前是最新版本，但是从我的页面中的账号中心进入，点击设置，点击检查更新提示有最新版本。,31,10010000012342,在用户登录界面中，没有提示用户用户名和密码上限字符，并且在密码输入31个字符时不让继续输入但是没有提示，功能不完整。,login.page_view.no_prompt,华为运动__C17,华为运动__C12,0.054974,0,0,1,0,0,0,0
TFIDF+HC__华为运动__10010000012505,tfidf_hc_K20,TFIDF+HC,华为运动,10010000012505,settings.page_view.other,从我的页面中的设置路径进入设置页面，点击检查更新，提示当前是最新版本，但是从我的页面中的账号中心进入，点击设置，点击检查更新提示有最新版本。,32,10010000012496,成功登录应用进入首页，点击血压模块的记录按钮，见截图1,login.button_icon.other,华为运动__C12,华为运动__C12,0.067357,0,0,0,0,0,0,0
TFIDF+HC__华为运动__10010000012505,tfidf_hc_K20,TFIDF+HC,华为运动,10010000012505,settings.page_view.other,从我的页面中的设置路径进入设置页面，点击检查更新，提示当前是最新版本，但是从我的页面中的账号中心进入，点击设置，点击检查更新提示有最新版本。,33,10010000012477,在设置昵称的过程中，设置的昵称为空格，但是点击确认后，昵称一栏显示的是未设置。个性签名一栏也是这个情况。,settings.page_view.other,华为运动__C17,华为运动__C12,0.089369,1,1,1,1,1,1,1
TFIDF+HC__华为运动__10010000012505,tfidf_hc_K20,TFIDF+HC,华为运动,10010000012505,settings.page_view.other,从我的页面中的设置路径进入设置页面，点击检查更新，提示当前是最新版本，但是从我的页面中的账号中心进入，点击设置，点击检查更新提示有最新版本。,34,10010000012535,在发现界面中的排行榜中，当我点击爱心小按钮时，他提出HIA没有好友点赞，然而此时我还没有好有，应用应该弹出当前关注我的人数为0，并且提…,share.button_icon.other,华为运动__C2,华为运动__C12,0.090854,0,0,1,0,0,0,0
TFIDF+HC__华为运动__10010000012505,tfidf_hc_K20,TFIDF+HC,华为运动,10010000012505,settings.page_view.other,从我的页面中的设置路径进入设置页面，点击检查更新，提示当前是最新版本，但是从我的页面中的账号中心进入，点击设置，点击检查更新提示有最新版本。,35,10010000012548,点击查看排行榜，自己出现了两次，步数是一样的，点击分享，观察到自己的好友有两位，点击我的好友，界面显示我的好友只有一位,share.page_view.other,华为运动__C12,华为运动__C12,0.091052,0,0,0,0,0,0,0
TFIDF+HC__华为运动__10010000012505,tfidf_hc_K20,TFIDF+HC,华为运动,10010000012505,settings.page_view.other,从我的页面中的设置路径进入设置页面，点击检查更新，提示当前是最新版本，但是从我的页面中的账号中心进入，点击设置，点击检查更新提示有最新版本。,36,10010000012352,对方手机上的跑步记录在我账号上不能进行及时更新，好友手机步行记录为88（因无法获取好友的图片就没上传好友的运动记录），我手机上的好友记…,run_walk.list_item.cannot_or_fail,华为运动__C19,华为运动__C12,0.04853,0,0,1,0,0,0,0
SBERT+HC__华为运动__10010000012505,sbert_hc_K20,SBERT+HC,华为运动,10010000012505,settings.page_view.other,从我的页面中的设置路径进入设置页面，点击检查更新，提示当前是最新版本，但是从我的页面中的账号中心进入，点击设置，点击检查更新提示有最新版本。,1,10010000012616,发现_我的好友，好友那块有提示，推荐添加的好友，点击查看后，在新的好友添加好友，页面无返回键,other.button_icon.other,华为运动__C4,华为运动__C4,0.081611,0,0,0,0,0,0,0
SBERT+HC__华为运动__10010000012505,sbert_hc_K20,SBERT+HC,华为运动,10010000012505,settings.page_view.other,从我的页面中的设置路径进入设置页面，点击检查更新，提示当前是最新版本，但是从我的页面中的账号中心进入，点击设置，点击检查更新提示有最新版本。,2,10010000012461,用户对好友进行备注修改时，没有字数提示要求，但在输入一定字符时不能继续输入,other.chat.cannot_or_fail,华为运动__C8,华为运动__C4,0.032823,0,0,1,0,0,0,0
SBERT+HC__华为运动__10010000012505,sbert_hc_K20,SBERT+HC,华为运动,10010000012505,settings.page_view.other,从我的页面中的设置路径进入设置页面，点击检查更新，提示当前是最新版本，但是从我的页面中的账号中心进入，点击设置，点击检查更新提示有最新版本。,3,10010000012617,在我的里面设置个人信息，设置身高时，会出现一个上下滑动选择的控件，这个控件只能上下滑动，不能进行点击操作，非常不方便，用户体验差！！,settings.page_view.cannot_or_fail,华为运动__C0,华为运动__C4,0.058502,0,1,1,0,0,0,0
SBERT+HC__华为运动__10010000012505,sbert_hc_K20,SBERT+HC,华为运动,10010000012505,settings.page_view.other,从我的页面中的设置路径进入设置页面，点击检查更新，提示当前是最新版本，但是从我的页面中的账号中心进入，点击设置，点击检查更新提示有最新版本。,4,10010000012414,成功登录应用，进入发现界面，再进入好友列表界面，点击扫一扫添加好友，见截图1,login.page_view.other,华为运动__C4,华为运动__C4,0.078333,0,0,0,0,0,0,0
SBERT+HC__华为运动__10010000012505,sbert_hc_K20,SBERT+HC,华为运动,10010000012505,settings.page_view.other,从我的页面中的设置路径进入设置页面，点击检查更新，提示当前是最新版本，但是从我的页面中的账号中心进入，点击设置，点击检查更新提示有最新版本。,5,10010000012393,个人资料中生日这一栏我有异议，首先有必要设为非公开吗？其次作为一个跑步软件，知道用户生日的必要性不高,run_walk.other.other,华为运动__C9,华为运动__C4,0.016016,0,0,1,0,0,0,0
SBERT+HC__华为运动__10010000012505,sbert_hc_K20,SBERT+HC,华为运动,10010000012505,settings.page_view.other,从我的页面中的设置路径进入设置页面，点击检查更新，提示当前是最新版本，但是从我的页面中的账号中心进入，点击设置，点击检查更新提示有最新版本。,6,10010000012572,"从""我的""页面进入到""我的目标""界面设置目标时，体重目标为""40公斤时""，7000步的运动量目标为少量，体重目标为""91公斤""时，70…",run_walk.page_view.other,华为运动__C7,华为运动__C4,0.049611,0,0,1,0,0,0,0
SBERT+HC__华为运动__10010000012505,sbert_hc_K20,SBERT+HC,华为运动,10010000012505,settings.page_view.other,从我的页面中的设置路径进入设置页面，点击检查更新，提示当前是最新版本，但是从我的页面中的账号中心进入，点击设置，点击检查更新提示有最新版本。,7,10010000012454,首页点击开始跑步，会语音提示开始跑步，点击后我并未移动位置，已经开始计时，应该在移动时开始计时，并显示移动路线,run_walk.page_view.other,华为运动__C0,华为运动__C4,0.064674,0,0,1,0,0,0,0
SBERT+HC__华为运动__10010000012505,sbert_hc_K20,SBERT+HC,华为运动,10010000012505,settings.page_view.other,从我的页面中的设置路径进入设置页面，点击检查更新，提示当前是最新版本，但是从我的页面中的账号中心进入，点击设置，点击检查更新提示有最新版本。,8,10010000012648,成功登录应用，进入发现界面，点击该界面的“我的好友”，进入好友列表界面，见截图1,login.page_view.other,华为运动__C4,华为运动__C4,0.092784,0,0,0,0,0,0,0
SBERT+HC__华为运动__10010000012505,sbert_hc_K20,SBERT+HC,华为运动,10010000012505,settings.page_view.other,从我的页面中的设置路径进入设置页面，点击检查更新，提示当前是最新版本，但是从我的页面中的账号中心进入，点击设置，点击检查更新提示有最新版本。,9,10010000012605,编辑个人头像时，写的需要审核，但是未经过审核直接更改成功,other.other.other,华为运动__C2,华为运动__C4,0.026946,0,0,1,0,0,0,0
SBERT+HC__华为运动__10010000012505,sbert_hc_K20,SBERT+HC,华为运动,10010000012505,settings.page_view.other,从我的页面中的设置路径进入设置页面，点击检查更新，提示当前是最新版本，但是从我的页面中的账号中心进入，点击设置，点击检查更新提示有最新版本。,10,10010000012503,新用户登陆前进行注册，注册时使用手机号进行注册，当手机号填错时，多写一位，注册失败，提示信息为获取验证码失败而不是手机号错误,register.other.wrong_value,华为运动__C8,华为运动__C4,0.046146,0,0,1,0,0,0,0
SBERT+HC__华为运动__10010000012505,sbert_hc_K20,SBERT+HC,华为运动,10010000012505,settings.page_view.other,从我的页面中的设置路径进入设置页面，点击检查更新，提示当前是最新版本，但是从我的页面中的账号中心进入，点击设置，点击检查更新提示有最新版本。,11,10010000012420,在跑步界面，点击左下角锁定按钮后，屏幕锁定的只是屏幕下半区显示跑步时间等的区域，上方的地图和底部的三个系统按钮仍然可以操作，这样可能造…,run_walk.button_icon.other,华为运动__C0,华为运动__C4,0.039592,0,0,1,0,0,0,0
SBERT+HC__华为运动__10010000012505,sbert_hc_K20,SBERT+HC,华为运动,10010000012505,settings.page_view.other,从我的页面中的设置路径进入设置页面，点击检查更新，提示当前是最新版本，但是从我的页面中的账号中心进入，点击设置，点击检查更新提示有最新版本。,12,10010000012629,发现_活动页面，无法进行活动搜索，只能选择推荐的活动,search.page_view.cannot_or_fail,华为运动__C11,华为运动__C4,0.037638,0,0,1,0,0,0,0
SBERT+HC__华为运动__10010000012505,sbert_hc_K20,SBERT+HC,华为运动,10010000012505,settings.page_view.other,从我的页面中的设置路径进入设置页面，点击检查更新，提示当前是最新版本，但是从我的页面中的账号中心进入，点击设置，点击检查更新提示有最新版本。,13,10010000012544,在发现页面，选择活动按钮，进入活动页面后，一些已经结束的活动仍然存在，如果用户没有看到活动已结束的话，就会点进去查看活动的详细信息，浪…,other.button_icon.other,华为运动__C4,华为运动__C4,0.054368,0,0,0,0,0,0,0
SBERT+HC__华为运动__10010000012505,sbert_hc_K20,SBERT+HC,华为运动,10010000012505,settings.page_view.other,从我的页面中的设置路径进入设置页面，点击检查更新，提示当前是最新版本，但是从我的页面中的账号中心进入，点击设置，点击检查更新提示有最新版本。,14,10010000012523,图一显示已经修改成功的出生日期为2033，图二是可以勾选日期为2033。2033年的用户的还没有出生，不应该可以将出生日期修改为2033,other.other.other,华为运动__C9,华为运动__C4,0.00828,0,0,1,0,0,0,0
SBERT+HC__华为运动__10010000012505,sbert_hc_K20,SBERT+HC,华为运动,10010000012505,settings.page_view.other,从我的页面中的设置路径进入设置页面，点击检查更新，提示当前是最新版本，但是从我的页面中的账号中心进入，点击设置，点击检查更新提示有最新版本。,15,10010000012600,在账号中心，点击头像进去的个性设置中，设置的自己的信息，但是在我的里面点击我的信息，却是默认的信息，之前的改变并没有更新到我的信息里面。,settings.page_view.other,华为运动__C4,华为运动__C4,0.162721,1,1,0,0,0,0,0
SBERT+HC__华为运动__10010000012505,sbert_hc_K20,SBERT+HC,华为运动,10010000012505,settings.page_view.other,从我的页面中的设置路径进入设置页面，点击检查更新，提示当前是最新版本，但是从我的页面中的账号中心进入，点击设置，点击检查更新提示有最新版本。,16,10010000012391,成功登录应用进入首页，点击首页上方导航栏“发现”进入“发现”界面，点击“我的好友”进入好友列表界面，点击扫一扫，添加已经是好友的朋友“…,login.page_view.no_prompt,华为运动__C4,华为运动__C4,0.112327,0,0,0,0,0,0,0
SBERT+HC__华为运动__10010000012505,sbert_hc_K20,SBERT+HC,华为运动,10010000012505,settings.page_view.other,从我的页面中的设置路径进入设置页面，点击检查更新，提示当前是最新版本，但是从我的页面中的账号中心进入，点击设置，点击检查更新提示有最新版本。,17,10010000012524,在排行榜界面点击分享之后没弹出分享到指定地方，而是转到另一个分享页面再点击一次分享，建议只点击一次分享就好,share.page_view.other,华为运动__C4,华为运动__C4,0.048168,0,0,0,0,0,0,0
SBERT+HC__华为运动__10010000012505,sbert_hc_K20,SBERT+HC,华为运动,10010000012505,settings.page_view.other,从我的页面中的设置路径进入设置页面，点击检查更新，提示当前是最新版本，但是从我的页面中的账号中心进入，点击设置，点击检查更新提示有最新版本。,18,10010000012634,在我的界面点击头像，进入后修改头像，随后关闭运动健康，再次打开运动健康，进入我的界面，头像仍然是修改前的头像。,run_walk.page_view.other,华为运动__C4,华为运动__C4,0.057461,0,0,0,0,0,0,0
SBERT+HC__华为运动__10010000012505,sbert_hc_K20,SBERT+HC,华为运动,10010000012505,settings.page_view.other,从我的页面中的设置路径进入设置页面，点击检查更新，提示当前是最新版本，但是从我的页面中的账号中心进入，点击设置，点击检查更新提示有最新版本。,19,10010000012312,步行记录不能及时更新，有时需要等一段时间才能更新步行记录，有时可以及时更新，这会造成用户体验不好,run_walk.list_item.cannot_or_fail,华为运动__C1,华为运动__C4,0.095118,0,0,1,0,0,0,0
SBERT+HC__华为运动__10010000012505,sbert_hc_K20,SBERT+HC,华为运动,10010000012505,settings.page_view.other,从我的页面中的设置路径进入设置页面，点击检查更新，提示当前是最新版本，但是从我的页面中的账号中心进入，点击设置，点击检查更新提示有最新版本。,20,10010000012549,个性设置的时候，设置生日，选择月份的时候，一个不小心滑过了，直接到下一月份，或者是在选择年份的时候，而不会从头再来。,settings.page_view.other,华为运动__C9,华为运动__C4,0.052468,1,1,1,1,1,1,1
SBERT+HC__华为运动__10010000012505,sbert_hc_K20,SBERT+HC,华为运动,10010000012505,settings.page_view.other,从我的页面中的设置路径进入设置页面，点击检查更新，提示当前是最新版本，但是从我的页面中的账号中心进入，点击设置，点击检查更新提示有最新版本。,21,10010000012428,设置体重的时候应该设置为0公斤，保存当前目标，再次查看我的目标，体重目标变成60公斤。,settings.page_view.other,华为运动__C7,华为运动__C4,0.066561,1,1,1,1,1,1,1
SBERT+HC__华为运动__10010000012505,sbert_hc_K20,SBERT+HC,华为运动,10010000012505,settings.page_view.other,从我的页面中的设置路径进入设置页面，点击检查更新，提示当前是最新版本，但是从我的页面中的账号中心进入，点击设置，点击检查更新提示有最新版本。,22,10010000012342,在用户登录界面中，没有提示用户用户名和密码上限字符，并且在密码输入31个字符时不让继续输入但是没有提示，功能不完整。,login.page_view.no_prompt,华为运动__C8,华为运动__C4,0.054974,0,0,1,0,0,0,0
SBERT+HC__华为运动__10010000012505,sbert_hc_K20,SBERT+HC,华为运动,10010000012505,settings.page_view.other,从我的页面中的设置路径进入设置页面，点击检查更新，提示当前是最新版本，但是从我的页面中的账号中心进入，点击设置，点击检查更新提示有最新版本。,23,10010000012439,在首页点击步数，进入步数页面，显示步数，点击空白处，步数就会消失，在热量页面也是这种现象。影响用户体验,step_count.page_view.other,华为运动__C4,华为运动__C4,0.094077,0,0,0,0,0,0,0
SBERT+HC__华为运动__10010000012505,sbert_hc_K20,SBERT+HC,华为运动,10010000012505,settings.page_view.other,从我的页面中的设置路径进入设置页面，点击检查更新，提示当前是最新版本，但是从我的页面中的账号中心进入，点击设置，点击检查更新提示有最新版本。,24,10010000012548,点击查看排行榜，自己出现了两次，步数是一样的，点击分享，观察到自己的好友有两位，点击我的好友，界面显示我的好友只有一位,share.page_view.other,华为运动__C4,华为运动__C4,0.091052,0,0,0,0,0,0,0
SBERT+HC__华为运动__10010000012505,sbert_hc_K20,SBERT+HC,华为运动,10010000012505,settings.page_view.other,从我的页面中的设置路径进入设置页面，点击检查更新，提示当前是最新版本，但是从我的页面中的账号中心进入，点击设置，点击检查更新提示有最新版本。,25,10010000012610,"在从""发现""页面进入到活动页面查看某一个具体活动的详细信息页面，点击页面左上角的返回按钮，没有返回到活动列表页面，而是返回到了""发现""…",other.button_icon.other,华为运动__C4,华为运动__C4,0.108372,0,0,0,0,0,0,0
SBERT+HC__华为运动__10010000012505,sbert_hc_K20,SBERT+HC,华为运动,10010000012505,settings.page_view.other,从我的页面中的设置路径进入设置页面，点击检查更新，提示当前是最新版本，但是从我的页面中的账号中心进入，点击设置，点击检查更新提示有最新版本。,26,10010000012582,并没有对自己的个人信息和运动目标进行设置，然而在我的目标和我的信息中，均有默认值的存在，在第一次进入应用的时候就应该提醒用户进行相关的设置,notification.page_view.other,华为运动__C3,华为运动__C4,0.090916,0,0,1,0,0,0,0
SBERT+HC__华为运动__10010000012505,sbert_hc_K20,SBERT+HC,华为运动,10010000012505,settings.page_view.other,从我的页面中的设置路径进入设置页面，点击检查更新，提示当前是最新版本，但是从我的页面中的账号中心进入，点击设置，点击检查更新提示有最新版本。,27,10010000012528,点击启动运动健康，进入首页，点击窗口上方的“我的”选项卡,run_walk.page_view.other,华为运动__C4,华为运动__C4,0.087038,0,0,0,0,0,0,0
SBERT+HC__华为运动__10010000012505,sbert_hc_K20,SBERT+HC,华为运动,10010000012505,settings.page_view.other,从我的页面中的设置路径进入设置页面，点击检查更新，提示当前是最新版本，但是从我的页面中的账号中心进入，点击设置，点击检查更新提示有最新版本。,28,10010000012577,成功登录，进入发现界面，点击该界面的“我的好友”后进入好友列表界面，见截图1,login.page_view.other,华为运动__C4,华为运动__C4,0.09334,0,0,0,0,0,0,0
SBERT+HC__华为运动__10010000012505,sbert_hc_K20,SBERT+HC,华为运动,10010000012505,settings.page_view.other,从我的页面中的设置路径进入设置页面，点击检查更新，提示当前是最新版本，但是从我的页面中的账号中心进入，点击设置，点击检查更新提示有最新版本。,29,10010000012585,"从""我的""页面进入到""我的成绩单""页面""，点击分享按钮进行分享时，供用户可选的路径有点少，比如现在用户用的比较多的""qq",share.button_icon.other,华为运动__C4,华为运动__C4,0.096278,0,0,0,0,0,0,0
SBERT+HC__华为运动__10010000012505,sbert_hc_K20,SBERT+HC,华为运动,10010000012505,settings.page_view.other,从我的页面中的设置路径进入设置页面，点击检查更新，提示当前是最新版本，但是从我的页面中的账号中心进入，点击设置，点击检查更新提示有最新版本。,30,10010000012594,当前不是最新版本，但是设置中检查更新，显示已为最新版,settings.page_view.other,华为运动__C12,华为运动__C4,0.45245,1,1,1,1,1,1,1
SBERT+HC__华为运动__10010000012505,sbert_hc_K20,SBERT+HC,华为运动,10010000012505,settings.page_view.other,从我的页面中的设置路径进入设置页面，点击检查更新，提示当前是最新版本，但是从我的页面中的账号中心进入，点击设置，点击检查更新提示有最新版本。,31,10010000012597,"在""我的""界面点击用户头像不能直接进行头像更换，需要跳转到账号中心，然后再点击用户头像，跳转到个人信息才能进行头像修改，很不方便。",other.page_view.cannot_or_fail,华为运动__C4,华为运动__C4,0.071662,0,0,0,0,0,0,0
SBERT+HC__华为运动__10010000012505,sbert_hc_K20,SBERT+HC,华为运动,10010000012505,settings.page_view.other,从我的页面中的设置路径进入设置页面，点击检查更新，提示当前是最新版本，但是从我的页面中的账号中心进入，点击设置，点击检查更新提示有最新版本。,32,10010000012628,在我的页面，还有个头像点击的按钮能跳转到另一个我的页面，这两个页面极为相似，在设计页面时，考虑不周到，可以将两个页面合二为一！！！,other.button_icon.other,华为运动__C4,华为运动__C4,0.149338,0,0,0,0,0,0,0
SBERT+HC__华为运动__10010000012505,sbert_hc_K20,SBERT+HC,华为运动,10010000012505,settings.page_view.other,从我的页面中的设置路径进入设置页面，点击检查更新，提示当前是最新版本，但是从我的页面中的账号中心进入，点击设置，点击检查更新提示有最新版本。,33,10010000012352,对方手机上的跑步记录在我账号上不能进行及时更新，好友手机步行记录为88（因无法获取好友的图片就没上传好友的运动记录），我手机上的好友记…,run_walk.list_item.cannot_or_fail,华为运动__C1,华为运动__C4,0.04853,0,0,1,0,0,0,0
SBERT+HC__华为运动__10010000012505,sbert_hc_K20,SBERT+HC,华为运动,10010000012505,settings.page_view.other,从我的页面中的设置路径进入设置页面，点击检查更新，提示当前是最新版本，但是从我的页面中的账号中心进入，点击设置，点击检查更新提示有最新版本。,34,10010000012567,在用户进入app时、个人信息自动修改为默认值，根据BEE能量代谢表达式，但是一个女性用户与男性用户差距过大，在未提醒修改个人信息的情况…,notification.page_view.other,华为运动__C8,华为运动__C4,0.024051,0,0,1,0,0,0,0
SBERT+HC__华为运动__10010000012505,sbert_hc_K20,SBERT+HC,华为运动,10010000012505,settings.page_view.other,从我的页面中的设置路径进入设置页面，点击检查更新，提示当前是最新版本，但是从我的页面中的账号中心进入，点击设置，点击检查更新提示有最新版本。,35,10010000012392,问题描述:步数历史详情页，日历史步数下点击条形图多次才可成功建议优化,step_count.step.other,华为运动__C1,华为运动__C4,0.019598,0,0,1,0,0,0,0
SBERT+HC__华为运动__10010000012505,sbert_hc_K20,SBERT+HC,华为运动,10010000012505,settings.page_view.other,从我的页面中的设置路径进入设置页面，点击检查更新，提示当前是最新版本，但是从我的页面中的账号中心进入，点击设置，点击检查更新提示有最新版本。,36,10010000012519,用户在想停止跑步时，点击暂停按钮，然后出现的两个按钮含义太模糊，考虑到使用该APP的老年用户很多，此时候的退出或者继续或者运动记录的回…,run_walk.button_icon.other,华为运动__C0,华为运动__C4,0.029993,0,0,1,0,0,0,0
SBERT+HC__华为运动__10010000012505,sbert_hc_K20,SBERT+HC,华为运动,10010000012505,settings.page_view.other,从我的页面中的设置路径进入设置页面，点击检查更新，提示当前是最新版本，但是从我的页面中的账号中心进入，点击设置，点击检查更新提示有最新版本。,37,10010000012676,在我的页面，点击我的信息。查看个人信息，然后查看完了，点击返回按钮。按钮不灵敏，点击多次才能返回。影响用户体验。,other.button_icon.other,华为运动__C4,华为运动__C4,0.151635,0,0,0,0,0,0,0
SBERT+HC__华为运动__10010000012505,sbert_hc_K20,SBERT+HC,华为运动,10010000012505,settings.page_view.other,从我的页面中的设置路径进入设置页面，点击检查更新，提示当前是最新版本，但是从我的页面中的账号中心进入，点击设置，点击检查更新提示有最新版本。,38,10010000012376,成功登录应用进入首页，点击首页上方导航栏“我的”进入“我的”界面，点击个人头像进入账户中心，见截图2,login.page_view.other,华为运动__C4,华为运动__C4,0.131562,0,0,0,0,0,0,0
LLMCluster__华为运动__10010000012505,llmcluster_glm-4-air,LLMCluster,华为运动,10010000012505,settings.page_view.other,从我的页面中的设置路径进入设置页面，点击检查更新，提示当前是最新版本，但是从我的页面中的账号中心进入，点击设置，点击检查更新提示有最新版本。,1,10010000012676,在我的页面，点击我的信息。查看个人信息，然后查看完了，点击返回按钮。按钮不灵敏，点击多次才能返回。影响用户体验。,other.button_icon.other,华为运动__C6,华为运动__C6,0.151635,0,0,0,0,0,0,0
LLMCluster__华为运动__10010000012505,llmcluster_glm-4-air,LLMCluster,华为运动,10010000012505,settings.page_view.other,从我的页面中的设置路径进入设置页面，点击检查更新，提示当前是最新版本，但是从我的页面中的账号中心进入，点击设置，点击检查更新提示有最新版本。,2,10010000012428,设置体重的时候应该设置为0公斤，保存当前目标，再次查看我的目标，体重目标变成60公斤。,settings.page_view.other,华为运动__C5,华为运动__C6,0.066561,1,1,1,1,1,1,1
LLMCluster__华为运动__10010000012505,llmcluster_glm-4-air,LLMCluster,华为运动,10010000012505,settings.page_view.other,从我的页面中的设置路径进入设置页面，点击检查更新，提示当前是最新版本，但是从我的页面中的账号中心进入，点击设置，点击检查更新提示有最新版本。,3,10010000012376,成功登录应用进入首页，点击首页上方导航栏“我的”进入“我的”界面，点击个人头像进入账户中心，见截图2,login.page_view.other,华为运动__C11,华为运动__C6,0.131562,0,0,1,0,0,0,0
LLMCluster__华为运动__10010000012505,llmcluster_glm-4-air,LLMCluster,华为运动,10010000012505,settings.page_view.other,从我的页面中的设置路径进入设置页面，点击检查更新，提示当前是最新版本，但是从我的页面中的账号中心进入，点击设置，点击检查更新提示有最新版本。,4,10010000012569,进入首页后只能进行跑步训练，不能进行其他项目训练设置，如塑性等,run_walk.page_view.cannot_or_fail,华为运动__C11,华为运动__C6,0.058677,0,0,1,0,0,0,0
LLMCluster__华为运动__10010000012505,llmcluster_glm-4-air,LLMCluster,华为运动,10010000012505,settings.page_view.other,从我的页面中的设置路径进入设置页面，点击检查更新，提示当前是最新版本，但是从我的页面中的账号中心进入，点击设置，点击检查更新提示有最新版本。,5,10010000012303,成功登录应用进入首页，点击体重模块的记录按钮，见截图1,login.button_icon.other,华为运动__C7,华为运动__C6,0.068679,0,0,1,0,0,0,0
LLMCluster__华为运动__10010000012505,llmcluster_glm-4-air,LLMCluster,华为运动,10010000012505,settings.page_view.other,从我的页面中的设置路径进入设置页面，点击检查更新，提示当前是最新版本，但是从我的页面中的账号中心进入，点击设置，点击检查更新提示有最新版本。,6,10010000012628,在我的页面，还有个头像点击的按钮能跳转到另一个我的页面，这两个页面极为相似，在设计页面时，考虑不周到，可以将两个页面合二为一！！！,other.button_icon.other,华为运动__C6,华为运动__C6,0.149338,0,0,0,0,0,0,0
LLMCluster__华为运动__10010000012505,llmcluster_glm-4-air,LLMCluster,华为运动,10010000012505,settings.page_view.other,从我的页面中的设置路径进入设置页面，点击检查更新，提示当前是最新版本，但是从我的页面中的账号中心进入，点击设置，点击检查更新提示有最新版本。,7,10010000012548,点击查看排行榜，自己出现了两次，步数是一样的，点击分享，观察到自己的好友有两位，点击我的好友，界面显示我的好友只有一位,share.page_view.other,华为运动__C4,华为运动__C6,0.091052,0,0,1,0,0,0,0
LLMCluster__华为运动__10010000012505,llmcluster_glm-4-air,LLMCluster,华为运动,10010000012505,settings.page_view.other,从我的页面中的设置路径进入设置页面，点击检查更新，提示当前是最新版本，但是从我的页面中的账号中心进入，点击设置，点击检查更新提示有最新版本。,8,10010000012648,成功登录应用，进入发现界面，点击该界面的“我的好友”，进入好友列表界面，见截图1,login.page_view.other,华为运动__C4,华为运动__C6,0.092784,0,0,1,0,0,0,0
LLMCluster__华为运动__10010000012505,llmcluster_glm-4-air,LLMCluster,华为运动,10010000012505,settings.page_view.other,从我的页面中的设置路径进入设置页面，点击检查更新，提示当前是最新版本，但是从我的页面中的账号中心进入，点击设置，点击检查更新提示有最新版本。,9,10010000012585,"从""我的""页面进入到""我的成绩单""页面""，点击分享按钮进行分享时，供用户可选的路径有点少，比如现在用户用的比较多的""qq",share.button_icon.other,华为运动__C6,华为运动__C6,0.096278,0,0,0,0,0,0,0
LLMCluster__华为运动__10010000012505,llmcluster_glm-4-air,LLMCluster,华为运动,10010000012505,settings.page_view.other,从我的页面中的设置路径进入设置页面，点击检查更新，提示当前是最新版本，但是从我的页面中的账号中心进入，点击设置，点击检查更新提示有最新版本。,10,10010000012511,成功登录应用进入首页，点击血糖模块的记录按钮，见截图1,login.button_icon.other,华为运动__C7,华为运动__C6,0.067357,0,0,1,0,0,0,0
LLMCluster__华为运动__10010000012505,llmcluster_glm-4-air,LLMCluster,华为运动,10010000012505,settings.page_view.other,从我的页面中的设置路径进入设置页面，点击检查更新，提示当前是最新版本，但是从我的页面中的账号中心进入，点击设置，点击检查更新提示有最新版本。,11,10010000012597,"在""我的""界面点击用户头像不能直接进行头像更换，需要跳转到账号中心，然后再点击用户头像，跳转到个人信息才能进行头像修改，很不方便。",other.page_view.cannot_or_fail,华为运动__C5,华为运动__C6,0.071662,0,0,1,0,0,0,0
LLMCluster__华为运动__10010000012505,llmcluster_glm-4-air,LLMCluster,华为运动,10010000012505,settings.page_view.other,从我的页面中的设置路径进入设置页面，点击检查更新，提示当前是最新版本，但是从我的页面中的账号中心进入，点击设置，点击检查更新提示有最新版本。,12,10010000012617,在我的里面设置个人信息，设置身高时，会出现一个上下滑动选择的控件，这个控件只能上下滑动，不能进行点击操作，非常不方便，用户体验差！！,settings.page_view.cannot_or_fail,华为运动__C5,华为运动__C6,0.058502,0,1,1,0,0,0,0
LLMCluster__华为运动__10010000012505,llmcluster_glm-4-air,LLMCluster,华为运动,10010000012505,settings.page_view.other,从我的页面中的设置路径进入设置页面，点击检查更新，提示当前是最新版本，但是从我的页面中的账号中心进入，点击设置，点击检查更新提示有最新版本。,13,10010000012594,当前不是最新版本，但是设置中检查更新，显示已为最新版,settings.page_view.other,华为运动__C6,华为运动__C6,0.45245,1,1,0,0,0,0,0
LLMCluster__华为运动__10010000012505,llmcluster_glm-4-air,LLMCluster,华为运动,10010000012505,settings.page_view.other,从我的页面中的设置路径进入设置页面，点击检查更新，提示当前是最新版本，但是从我的页面中的账号中心进入，点击设置，点击检查更新提示有最新版本。,14,10010000012600,在账号中心，点击头像进去的个性设置中，设置的自己的信息，但是在我的里面点击我的信息，却是默认的信息，之前的改变并没有更新到我的信息里面。,settings.page_view.other,华为运动__C5,华为运动__C6,0.162721,1,1,1,1,1,1,1
LLMCluster__华为运动__10010000012505,llmcluster_glm-4-air,LLMCluster,华为运动,10010000012505,settings.page_view.other,从我的页面中的设置路径进入设置页面，点击检查更新，提示当前是最新版本，但是从我的页面中的账号中心进入，点击设置，点击检查更新提示有最新版本。,15,10010000012439,在首页点击步数，进入步数页面，显示步数，点击空白处，步数就会消失，在热量页面也是这种现象。影响用户体验,step_count.page_view.other,华为运动__C1,华为运动__C6,0.094077,0,0,1,0,0,0,0
LLMCluster__华为运动__10010000012505,llmcluster_glm-4-air,LLMCluster,华为运动,10010000012505,settings.page_view.other,从我的页面中的设置路径进入设置页面，点击检查更新，提示当前是最新版本，但是从我的页面中的账号中心进入，点击设置，点击检查更新提示有最新版本。,16,10010000012312,步行记录不能及时更新，有时需要等一段时间才能更新步行记录，有时可以及时更新，这会造成用户体验不好,run_walk.list_item.cannot_or_fail,华为运动__C8,华为运动__C6,0.095118,0,0,1,0,0,0,0
LLMCluster__华为运动__10010000012505,llmcluster_glm-4-air,LLMCluster,华为运动,10010000012505,settings.page_view.other,从我的页面中的设置路径进入设置页面，点击检查更新，提示当前是最新版本，但是从我的页面中的账号中心进入，点击设置，点击检查更新提示有最新版本。,17,10010000012582,并没有对自己的个人信息和运动目标进行设置，然而在我的目标和我的信息中，均有默认值的存在，在第一次进入应用的时候就应该提醒用户进行相关的设置,notification.page_view.other,华为运动__C6,华为运动__C6,0.090916,0,0,0,0,0,0,0
LLMCluster__华为运动__10010000012505,llmcluster_glm-4-air,LLMCluster,华为运动,10010000012505,settings.page_view.other,从我的页面中的设置路径进入设置页面，点击检查更新，提示当前是最新版本，但是从我的页面中的账号中心进入，点击设置，点击检查更新提示有最新版本。,18,10010000012391,成功登录应用进入首页，点击首页上方导航栏“发现”进入“发现”界面，点击“我的好友”进入好友列表界面，点击扫一扫，添加已经是好友的朋友“…,login.page_view.no_prompt,华为运动__C4,华为运动__C6,0.112327,0,0,1,0,0,0,0
LLMCluster__华为运动__10010000012505,llmcluster_glm-4-air,LLMCluster,华为运动,10010000012505,settings.page_view.other,从我的页面中的设置路径进入设置页面，点击检查更新，提示当前是最新版本，但是从我的页面中的账号中心进入，点击设置，点击检查更新提示有最新版本。,19,10010000012634,在我的界面点击头像，进入后修改头像，随后关闭运动健康，再次打开运动健康，进入我的界面，头像仍然是修改前的头像。,run_walk.page_view.other,华为运动__C5,华为运动__C6,0.057461,0,0,1,0,0,0,0
LLMCluster__华为运动__10010000012505,llmcluster_glm-4-air,LLMCluster,华为运动,10010000012505,settings.page_view.other,从我的页面中的设置路径进入设置页面，点击检查更新，提示当前是最新版本，但是从我的页面中的账号中心进入，点击设置，点击检查更新提示有最新版本。,20,10010000012577,成功登录，进入发现界面，点击该界面的“我的好友”后进入好友列表界面，见截图1,login.page_view.other,华为运动__C4,华为运动__C6,0.09334,0,0,1,0,0,0,0
LLMCluster__华为运动__10010000012505,llmcluster_glm-4-air,LLMCluster,华为运动,10010000012505,settings.page_view.other,从我的页面中的设置路径进入设置页面，点击检查更新，提示当前是最新版本，但是从我的页面中的账号中心进入，点击设置，点击检查更新提示有最新版本。,21,10010000012610,"在从""发现""页面进入到活动页面查看某一个具体活动的详细信息页面，点击页面左上角的返回按钮，没有返回到活动列表页面，而是返回到了""发现""…",other.button_icon.other,华为运动__C6,华为运动__C6,0.108372,0,0,0,0,0,0,0
LLMCluster__华为运动__10010000012505,llmcluster_glm-4-air,LLMCluster,华为运动,10010000012505,settings.page_view.other,从我的页面中的设置路径进入设置页面，点击检查更新，提示当前是最新版本，但是从我的页面中的账号中心进入，点击设置，点击检查更新提示有最新版本。,22,10010000012528,点击启动运动健康，进入首页，点击窗口上方的“我的”选项卡,run_walk.page_view.other,华为运动__C6,华为运动__C6,0.087038,0,0,0,0,0,0,0
LLMCluster__华为运动__10010000012505,llmcluster_glm-4-air,LLMCluster,华为运动,10010000012505,settings.page_view.other,从我的页面中的设置路径进入设置页面，点击检查更新，提示当前是最新版本，但是从我的页面中的账号中心进入，点击设置，点击检查更新提示有最新版本。,23,10010000012414,成功登录应用，进入发现界面，再进入好友列表界面，点击扫一扫添加好友，见截图1,login.page_view.other,华为运动__C4,华为运动__C6,0.078333,0,0,1,0,0,0,0
LLMCluster__华为运动__10010000012505,llmcluster_glm-4-air,LLMCluster,华为运动,10010000012505,settings.page_view.other,从我的页面中的设置路径进入设置页面，点击检查更新，提示当前是最新版本，但是从我的页面中的账号中心进入，点击设置，点击检查更新提示有最新版本。,24,10010000012455,在用户好友界面，点击好友出现详细资料界面，好友资料并不详细，点击头像出现的仅是圆形小图标，不是头像大图。,other.button_icon.other,华为运动__C4,华为运动__C6,0.067656,0,0,1,0,0,0,0
LLMCluster__华为运动__10010000012505,llmcluster_glm-4-air,LLMCluster,华为运动,10010000012505,settings.page_view.other,从我的页面中的设置路径进入设置页面，点击检查更新，提示当前是最新版本，但是从我的页面中的账号中心进入，点击设置，点击检查更新提示有最新版本。,25,10010000012342,在用户登录界面中，没有提示用户用户名和密码上限字符，并且在密码输入31个字符时不让继续输入但是没有提示，功能不完整。,login.page_view.no_prompt,华为运动__C5,华为运动__C6,0.054974,0,0,1,0,0,0,0
LLMCluster__华为运动__10010000012505,llmcluster_glm-4-air,LLMCluster,华为运动,10010000012505,settings.page_view.other,从我的页面中的设置路径进入设置页面，点击检查更新，提示当前是最新版本，但是从我的页面中的账号中心进入，点击设置，点击检查更新提示有最新版本。,26,10010000012535,在发现界面中的排行榜中，当我点击爱心小按钮时，他提出HIA没有好友点赞，然而此时我还没有好有，应用应该弹出当前关注我的人数为0，并且提…,share.button_icon.other,华为运动__C11,华为运动__C6,0.090854,0,0,1,0,0,0,0
LLMCluster__华为运动__10010000012505,llmcluster_glm-4-air,LLMCluster,华为运动,10010000012505,settings.page_view.other,从我的页面中的设置路径进入设置页面，点击检查更新，提示当前是最新版本，但是从我的页面中的账号中心进入，点击设置，点击检查更新提示有最新版本。,27,10010000012496,成功登录应用进入首页，点击血压模块的记录按钮，见截图1,login.button_icon.other,华为运动__C7,华为运动__C6,0.067357,0,0,1,0,0,0,0
TFIDF+HC__沪江英语__10010000012071,tfidf_hc_K20,TFIDF+HC,沪江英语,10010000012071,course.list_item.other,人气排序:在所有课程里面点击下面的人气排序安扭，并没有安人气进行降序排序，好无规律,1,10010000012098,课程，查看更多，点击底部排序功能，人气和评价倒序排列功能未实现，人气，评论高的课程未排至前位。,course.list_item.other,沪江英语__C3,沪江英语__C3,0.137175,1,1,0,0,0,0,0
TFIDF+HC__沪江英语__10010000012071,tfidf_hc_K20,TFIDF+HC,沪江英语,10010000012071,course.list_item.other,人气排序:在所有课程里面点击下面的人气排序安扭，并没有安人气进行降序排序，好无规律,2,10010000011990,在具体的某一课程介绍页面，不能够对评价的用户进行咨询，这样，不能很好的进行互动，应该增加一些用户与用户之间的讨论会好一些,course.page_view.cannot_or_fail,沪江英语__C8,沪江英语__C3,0.029445,0,1,1,0,0,0,0
TFIDF+HC__沪江英语__10010000012071,tfidf_hc_K20,TFIDF+HC,沪江英语,10010000012071,course.list_item.other,人气排序:在所有课程里面点击下面的人气排序安扭，并没有安人气进行降序排序，好无规律,3,10010000012247,进入课程页面，点击英语，点击人气按钮，发现不是按人气进行降序排列,course.button_icon.other,沪江英语__C3,沪江英语__C3,0.260006,0,1,0,0,0,0,0
TFIDF+HC__沪江英语__10010000012071,tfidf_hc_K20,TFIDF+HC,沪江英语,10010000012071,course.list_item.other,人气排序:在所有课程里面点击下面的人气排序安扭，并没有安人气进行降序排序，好无规律,4,10010000012283,进入英语界面的时候，清单下方虽然有人气时间评价的排序，但针对人气进行排续的时候并不是按照这些排序的。是功能不完整的情况，复现程度为必现…,sort.page_view.other,沪江英语__C17,沪江英语__C3,0.158222,0,0,1,0,0,0,0
TFIDF+HC__沪江英语__10010000012071,tfidf_hc_K20,TFIDF+HC,沪江英语,10010000012071,course.list_item.other,人气排序:在所有课程里面点击下面的人气排序安扭，并没有安人气进行降序排序，好无规律,5,10010000012195,在课程页面，选择一个课程后，在该课程的详细页面，最下面一栏显示课程的推荐是根据人气、评价、时间等，但是这个顺序是系统默认的，用户不能自…,course.page_view.cannot_or_fail,沪江英语__C6,沪江英语__C3,0.068356,0,1,1,0,0,0,0
TFIDF+HC__沪江英语__10010000012071,tfidf_hc_K20,TFIDF+HC,沪江英语,10010000012071,course.list_item.other,人气排序:在所有课程里面点击下面的人气排序安扭，并没有安人气进行降序排序，好无规律,6,10010000012129,成功登录应用进入英语课程界面，选择类型为阅读的课程，显示类型为阅读的所有课程，但是只有部分课程的名字下方有五星图标和评价数，有的课程下…,login.button_icon.other,沪江英语__C3,沪江英语__C3,0.065929,0,0,0,0,0,0,0
TFIDF+HC__沪江英语__10010000012071,tfidf_hc_K20,TFIDF+HC,沪江英语,10010000012071,course.list_item.other,人气排序:在所有课程里面点击下面的人气排序安扭，并没有安人气进行降序排序，好无规律,7,10010000012065,成功登录应用，进入英语课程界面，点击该界面右下角的时间降序排序图标，可看到英语课程界面的所有课程按照上传时间降序排序，或者进入课程详情…,login.button_icon.other,沪江英语__C3,沪江英语__C3,0.199903,0,0,0,0,0,0,0
TFIDF+HC__沪江英语__10010000012071,tfidf_hc_K20,TFIDF+HC,沪江英语,10010000012071,course.list_item.other,人气排序:在所有课程里面点击下面的人气排序安扭，并没有安人气进行降序排序，好无规律,8,10010000012056,有按时间排序的选项，但是课程介绍却没有关于时间的信息，无法让用户知晓,course.list_item.cannot_or_fail,沪江英语__C8,沪江英语__C3,0.058857,0,1,1,0,0,0,0
TFIDF+HC__沪江英语__10010000012071,tfidf_hc_K20,TFIDF+HC,沪江英语,10010000012071,course.list_item.other,人气排序:在所有课程里面点击下面的人气排序安扭，并没有安人气进行降序排序，好无规律,9,10010000012121,成功登录应用进入英语课程界面，选择人气降序、难度为初级和类型为泛听的课程，查看选择结果显示为初级、类型为泛听的课程，但是并没有按照人气…,login.page_view.wrong_value,沪江英语__C3,沪江英语__C3,0.095761,0,0,0,0,0,0,0
TFIDF+HC__沪江英语__10010000012071,tfidf_hc_K20,TFIDF+HC,沪江英语,10010000012071,course.list_item.other,人气排序:在所有课程里面点击下面的人气排序安扭，并没有安人气进行降序排序，好无规律,10,10010000012115,成功登录应用进入英语课程界面，选择人气降序以及难度为初级的课程，查看选择结果显示为初级课程，但是并没有按照人气降序排序，见截图2,login.page_view.wrong_value,沪江英语__C3,沪江英语__C3,0.181357,0,0,0,0,0,0,0
TFIDF+HC__沪江英语__10010000012071,tfidf_hc_K20,TFIDF+HC,沪江英语,10010000012071,course.list_item.other,人气排序:在所有课程里面点击下面的人气排序安扭，并没有安人气进行降序排序，好无规律,11,10010000012072,英语课程界面按人气排序，按评价排序和按时间排序都语法选择是递增排序或递减排序。,course.page_view.other,沪江英语__C3,沪江英语__C3,0.239208,0,1,0,0,0,0,0
TFIDF+HC__沪江英语__10010000012071,tfidf_hc_K20,TFIDF+HC,沪江英语,10010000012071,course.list_item.other,人气排序:在所有课程里面点击下面的人气排序安扭，并没有安人气进行降序排序，好无规律,12,10010000012322,添加课程后，没有学习即可评价课程，这会导致一些刷分现象么出现。,course.list_item.other,沪江英语__C4,沪江英语__C3,0.018571,1,1,1,1,1,1,1
TFIDF+HC__沪江英语__10010000012071,tfidf_hc_K20,TFIDF+HC,沪江英语,10010000012071,course.list_item.other,人气排序:在所有课程里面点击下面的人气排序安扭，并没有安人气进行降序排序，好无规律,13,10010000012130,按照人气排序功能异常：点击课程，英语，进入英语页面，在右下角点击人气按钮，课程没有按照人气排序，与需求不符。,course.button_icon.other,沪江英语__C3,沪江英语__C3,0.26258,0,1,0,0,0,0,0
TFIDF+HC__沪江英语__10010000012071,tfidf_hc_K20,TFIDF+HC,沪江英语,10010000012071,course.list_item.other,人气排序:在所有课程里面点击下面的人气排序安扭，并没有安人气进行降序排序，好无规律,14,10010000012069,在按人气或评论排序时，排序结果混乱。,sort.list_item.other,沪江英语__C3,沪江英语__C3,0.14869,0,0,0,0,0,0,0
TFIDF+HC__沪江英语__10010000012071,tfidf_hc_K20,TFIDF+HC,沪江英语,10010000012071,course.list_item.other,人气排序:在所有课程里面点击下面的人气排序安扭，并没有安人气进行降序排序，好无规律,15,10010000012198,选择排序方式的时候，点击人气排序，最终结果并没有按照人气的高低进行排序。,sort.other.other,沪江英语__C3,沪江英语__C3,0.277593,0,0,0,0,0,0,0
TFIDF+HC__沪江英语__10010000012071,tfidf_hc_K20,TFIDF+HC,沪江英语,10010000012071,course.list_item.other,人气排序:在所有课程里面点击下面的人气排序安扭，并没有安人气进行降序排序，好无规律,16,10010000012116,点击课程介绍，弹出提示窗口，关闭提示窗口时没有进入相应的课程界面，而是返回到主界面,course.page_view.other,沪江英语__C8,沪江英语__C3,0.027947,0,1,1,0,0,0,0
TFIDF+HC__沪江英语__10010000012071,tfidf_hc_K20,TFIDF+HC,沪江英语,10010000012071,course.list_item.other,人气排序:在所有课程里面点击下面的人气排序安扭，并没有安人气进行降序排序，好无规律,17,10010000012334,在英语课程界面，按人气排序时，并非按照学习人数排序，也不是按照评价人数排序。排序方式不明。,course.page_view.other,沪江英语__C3,沪江英语__C3,0.229957,0,1,0,0,0,0,0
TFIDF+HC__沪江英语__10010000012071,tfidf_hc_K20,TFIDF+HC,沪江英语,10010000012071,course.list_item.other,人气排序:在所有课程里面点击下面的人气排序安扭，并没有安人气进行降序排序，好无规律,18,10010000012058,在使用第三方邮箱登录过程中，输入邮箱等信息完成后，点击下方《沪江用户协议》查看浏览后返回，用户输入信息不存在，直接返回手机号注册，用户…,register.other.other,沪江英语__C1,沪江英语__C3,0.027604,0,0,1,0,0,0,0
TFIDF+HC__沪江英语__10010000012071,tfidf_hc_K20,TFIDF+HC,沪江英语,10010000012071,course.list_item.other,人气排序:在所有课程里面点击下面的人气排序安扭，并没有安人气进行降序排序，好无规律,19,10010000012250,当进入课程界面，点击评价按钮，发现没有按评价降序排列,course.button_icon.other,沪江英语__C3,沪江英语__C3,0.105213,0,1,0,0,0,0,0
TFIDF+HC__沪江英语__10010000012071,tfidf_hc_K20,TFIDF+HC,沪江英语,10010000012071,course.list_item.other,人气排序:在所有课程里面点击下面的人气排序安扭，并没有安人气进行降序排序，好无规律,20,10010000012239,在用户进行浏览课程时，并没有对课程进行更多的了解，只是出现目录和简要介绍，并且不能浏览课程，只能添加课程后才能进行学习。,course.list_item.cannot_or_fail,沪江英语__C4,沪江英语__C3,0.060305,0,1,1,0,0,0,0
TFIDF+HC__沪江英语__10010000012071,tfidf_hc_K20,TFIDF+HC,沪江英语,10010000012071,course.list_item.other,人气排序:在所有课程里面点击下面的人气排序安扭，并没有安人气进行降序排序，好无规律,21,10010000012174,问题描述:已添加课程分享到微信提示没有安装客户端（分享到朋友圈也出现相同情况）,share.list_item.other,沪江英语__C11,沪江英语__C3,0.047535,0,0,1,0,0,0,0
TFIDF+HC__沪江英语__10010000012071,tfidf_hc_K20,TFIDF+HC,沪江英语,10010000012071,course.list_item.other,人气排序:在所有课程里面点击下面的人气排序安扭，并没有安人气进行降序排序，好无规律,22,10010000012061,成功登录并进入英语课程界面，点击评价降序图标后查看课程并没有按照评价数降序排序，见截图2,login.button_icon.other,沪江英语__C3,沪江英语__C3,0.169403,0,0,0,0,0,0,0
TFIDF+HC__沪江英语__10010000012071,tfidf_hc_K20,TFIDF+HC,沪江英语,10010000012071,course.list_item.other,人气排序:在所有课程里面点击下面的人气排序安扭，并没有安人气进行降序排序，好无规律,23,10010000012085,进入英语界面之后，默认人气排序点击全部英语，难度选择高级，类型选择听写。此时可以发现类表中只有三个选择项。,sort.page_view.other,沪江英语__C3,沪江英语__C3,0.106088,0,0,0,0,0,0,0
TFIDF+HC__沪江英语__10010000012071,tfidf_hc_K20,TFIDF+HC,沪江英语,10010000012071,course.list_item.other,人气排序:在所有课程里面点击下面的人气排序安扭，并没有安人气进行降序排序，好无规律,24,10010000012212,手机网络为联通4G，运行内存2G，在沪江英语打开页面，对课程进行筛选，排序，加在课程资源，平均响应时间为2,course.page_view.other,沪江英语__C0,沪江英语__C3,0.055931,0,1,1,0,0,0,0
TFIDF+HC__沪江英语__10010000012071,tfidf_hc_K20,TFIDF+HC,沪江英语,10010000012071,course.list_item.other,人气排序:在所有课程里面点击下面的人气排序安扭，并没有安人气进行降序排序，好无规律,25,10010000012162,进行登录时，如果用户名或者密码没有填写，系统只是提示用户名或者密码不能为空，并没有重新聚焦到信息为空的那一栏。,login.other.cannot_or_fail,沪江英语__C1,沪江英语__C3,0.038165,0,0,1,0,0,0,0
TFIDF+HC__沪江英语__10010000012071,tfidf_hc_K20,TFIDF+HC,沪江英语,10010000012071,course.list_item.other,人气排序:在所有课程里面点击下面的人气排序安扭，并没有安人气进行降序排序，好无规律,26,10010000012064,当点击英语进入后相关界面后。每个栏目的属性应该相同。但其中的迷你小对话等栏目并没有相关评价指数和评价,other.page_view.other,沪江英语__C7,沪江英语__C3,0.026123,0,0,1,0,0,0,0
TFIDF+HC__沪江英语__10010000012071,tfidf_hc_K20,TFIDF+HC,沪江英语,10010000012071,course.list_item.other,人气排序:在所有课程里面点击下面的人气排序安扭，并没有安人气进行降序排序，好无规律,27,10010000012011,在引导页面过程中，仅是帮助用户进行选择语种与随机推荐了课程，并没有对软件做基本的概述与使用方法的介绍或者app特色的介绍，用户体验差，…,course.page_view.other,沪江英语__C4,沪江英语__C3,0.038461,0,1,1,0,0,0,0
TFIDF+HC__沪江英语__10010000012071,tfidf_hc_K20,TFIDF+HC,沪江英语,10010000012071,course.list_item.other,人气排序:在所有课程里面点击下面的人气排序安扭，并没有安人气进行降序排序，好无规律,28,10010000012243,在首次添加课程并制定计划之后，再次进入课程，并进入制定计划页面，显示的每天学习篇数的数值仍然是默认的1，而不是用户首次添加课程制定计划…,course.page_view.other,沪江英语__C4,沪江英语__C3,0.022039,0,1,1,0,0,0,0
TFIDF+HC__沪江英语__10010000012071,tfidf_hc_K20,TFIDF+HC,沪江英语,10010000012071,course.list_item.other,人气排序:在所有课程里面点击下面的人气排序安扭，并没有安人气进行降序排序，好无规律,29,10010000012248,在英语中选择一门科目进行了解时，课程介绍极为模糊，有些甚至没有课程介绍！！！,course.list_item.other,沪江英语__C8,沪江英语__C3,0.040043,1,1,1,1,1,1,1
TFIDF+HC__沪江英语__10010000012071,tfidf_hc_K20,TFIDF+HC,沪江英语,10010000012071,course.list_item.other,人气排序:在所有课程里面点击下面的人气排序安扭，并没有安人气进行降序排序，好无规律,30,10010000012050,当用户在输入账号前，并没有验证码输入验证，但输入结束后突然下边弹出一个验证栏目,other.other.other,沪江英语__C1,沪江英语__C3,0.035547,0,0,1,0,0,0,0
TFIDF+HC__沪江英语__10010000012071,tfidf_hc_K20,TFIDF+HC,沪江英语,10010000012071,course.list_item.other,人气排序:在所有课程里面点击下面的人气排序安扭，并没有安人气进行降序排序，好无规律,31,10010000012044,具体的某一课程，用户评价数量的计算有问题，（以常春藤英语听力为例），显示有32条评论，但是，查看所有的评论发现才有16条，要是用户与用…,playback.list_item.other,沪江英语__C8,沪江英语__C3,0.029245,0,0,1,0,0,0,0
TFIDF+HC__沪江英语__10010000012071,tfidf_hc_K20,TFIDF+HC,沪江英语,10010000012071,course.list_item.other,人气排序:在所有课程里面点击下面的人气排序安扭，并没有安人气进行降序排序，好无规律,32,10010000012158,在用户刷新课程界面时，上方滑动图片闪动，下方内容并没有修改,course.page_view.other,沪江英语__C2,沪江英语__C3,0.038451,0,1,1,0,0,0,0
TFIDF+HC__沪江英语__10010000012071,tfidf_hc_K20,TFIDF+HC,沪江英语,10010000012071,course.list_item.other,人气排序:在所有课程里面点击下面的人气排序安扭，并没有安人气进行降序排序，好无规律,33,10010000012178,排序方式可以加上正反序进行排序，一个功能键完成2种功能,sort.other.other,沪江英语__C3,沪江英语__C3,0.111196,0,0,0,0,0,0,0
TFIDF+HC__沪江英语__10010000012071,tfidf_hc_K20,TFIDF+HC,沪江英语,10010000012071,course.list_item.other,人气排序:在所有课程里面点击下面的人气排序安扭，并没有安人气进行降序排序，好无规律,34,10010000012209,在英语课程按人气排列的列表里，可以看出排在最前面的基本都是有星级的，但是列表中的第四个课程“迷你小对话”，没有任何相关的等级信息，仍然…,course.list_item.other,沪江英语__C7,沪江英语__C3,0.089381,1,1,1,1,1,1,1
TFIDF+HC__沪江英语__10010000012071,tfidf_hc_K20,TFIDF+HC,沪江英语,10010000012071,course.list_item.other,人气排序:在所有课程里面点击下面的人气排序安扭，并没有安人气进行降序排序，好无规律,35,10010000012004,用户体验不好，登录时用户会把焦点放在了点击登录上，容易忽视上面的小图标,login.button_icon.other,沪江英语__C6,沪江英语__C3,0.02602,0,0,1,0,0,0,0
TFIDF+HC__沪江英语__10010000012071,tfidf_hc_K20,TFIDF+HC,沪江英语,10010000012071,course.list_item.other,人气排序:在所有课程里面点击下面的人气排序安扭，并没有安人气进行降序排序，好无规律,36,10010000012104,进入英语课程页面，点击人气，课程应该按照人气进行排名，但是出现人气低的出现在人气高的前面。,course.page_view.other,沪江英语__C3,沪江英语__C3,0.197807,0,1,0,0,0,0,0
TFIDF+HC__沪江英语__10010000012071,tfidf_hc_K20,TFIDF+HC,沪江英语,10010000012071,course.list_item.other,人气排序:在所有课程里面点击下面的人气排序安扭，并没有安人气进行降序排序，好无规律,37,10010000012076,评价排序:当在列表下面点击评价排序时，并没按照评价高低进行排序，毫无规律,sort.list_item.other,沪江英语__C3,沪江英语__C3,0.268319,0,0,0,0,0,0,0
SBERT+HC__沪江英语__10010000012071,sbert_hc_K20,SBERT+HC,沪江英语,10010000012071,course.list_item.other,人气排序:在所有课程里面点击下面的人气排序安扭，并没有安人气进行降序排序，好无规律,1,10010000012104,进入英语课程页面，点击人气，课程应该按照人气进行排名，但是出现人气低的出现在人气高的前面。,course.page_view.other,沪江英语__C1,沪江英语__C3,0.197807,0,1,1,1,1,1,1
SBERT+HC__沪江英语__10010000012071,sbert_hc_K20,SBERT+HC,沪江英语,10010000012071,course.list_item.other,人气排序:在所有课程里面点击下面的人气排序安扭，并没有安人气进行降序排序，好无规律,2,10010000012115,成功登录应用进入英语课程界面，选择人气降序以及难度为初级的课程，查看选择结果显示为初级课程，但是并没有按照人气降序排序，见截图2,login.page_view.wrong_value,沪江英语__C1,沪江英语__C3,0.181357,0,0,1,0,0,0,0
SBERT+HC__沪江英语__10010000012071,sbert_hc_K20,SBERT+HC,沪江英语,10010000012071,course.list_item.other,人气排序:在所有课程里面点击下面的人气排序安扭，并没有安人气进行降序排序，好无规律,3,10010000012121,成功登录应用进入英语课程界面，选择人气降序、难度为初级和类型为泛听的课程，查看选择结果显示为初级、类型为泛听的课程，但是并没有按照人气…,login.page_view.wrong_value,沪江英语__C1,沪江英语__C3,0.095761,0,0,1,0,0,0,0
SBERT+HC__沪江英语__10010000012071,sbert_hc_K20,SBERT+HC,沪江英语,10010000012071,course.list_item.other,人气排序:在所有课程里面点击下面的人气排序安扭，并没有安人气进行降序排序，好无规律,4,10010000012198,选择排序方式的时候，点击人气排序，最终结果并没有按照人气的高低进行排序。,sort.other.other,沪江英语__C3,沪江英语__C3,0.277593,0,0,0,0,0,0,0
SBERT+HC__沪江英语__10010000012071,sbert_hc_K20,SBERT+HC,沪江英语,10010000012071,course.list_item.other,人气排序:在所有课程里面点击下面的人气排序安扭，并没有安人气进行降序排序，好无规律,5,10010000012076,评价排序:当在列表下面点击评价排序时，并没按照评价高低进行排序，毫无规律,sort.list_item.other,沪江英语__C3,沪江英语__C3,0.268319,0,0,0,0,0,0,0
SBERT+HC__沪江英语__10010000012071,sbert_hc_K20,SBERT+HC,沪江英语,10010000012071,course.list_item.other,人气排序:在所有课程里面点击下面的人气排序安扭，并没有安人气进行降序排序，好无规律,6,10010000012069,在按人气或评论排序时，排序结果混乱。,sort.list_item.other,沪江英语__C3,沪江英语__C3,0.14869,0,0,0,0,0,0,0
SBERT+HC__沪江英语__10010000012071,sbert_hc_K20,SBERT+HC,沪江英语,10010000012071,course.list_item.other,人气排序:在所有课程里面点击下面的人气排序安扭，并没有安人气进行降序排序，好无规律,7,10010000012334,在英语课程界面，按人气排序时，并非按照学习人数排序，也不是按照评价人数排序。排序方式不明。,course.page_view.other,沪江英语__C3,沪江英语__C3,0.229957,0,1,0,0,0,0,0
SBERT+HC__沪江英语__10010000012071,sbert_hc_K20,SBERT+HC,沪江英语,10010000012071,course.list_item.other,人气排序:在所有课程里面点击下面的人气排序安扭，并没有安人气进行降序排序，好无规律,8,10010000012283,进入英语界面的时候，清单下方虽然有人气时间评价的排序，但针对人气进行排续的时候并不是按照这些排序的。是功能不完整的情况，复现程度为必现…,sort.page_view.other,沪江英语__C3,沪江英语__C3,0.158222,0,0,0,0,0,0,0
SBERT+HC__沪江英语__10010000012071,sbert_hc_K20,SBERT+HC,沪江英语,10010000012071,course.list_item.other,人气排序:在所有课程里面点击下面的人气排序安扭，并没有安人气进行降序排序，好无规律,9,10010000012061,成功登录并进入英语课程界面，点击评价降序图标后查看课程并没有按照评价数降序排序，见截图2,login.button_icon.other,沪江英语__C1,沪江英语__C3,0.169403,0,0,1,0,0,0,0
SBERT+HC__沪江英语__10010000012071,sbert_hc_K20,SBERT+HC,沪江英语,10010000012071,course.list_item.other,人气排序:在所有课程里面点击下面的人气排序安扭，并没有安人气进行降序排序，好无规律,10,10010000012195,在课程页面，选择一个课程后，在该课程的详细页面，最下面一栏显示课程的推荐是根据人气、评价、时间等，但是这个顺序是系统默认的，用户不能自…,course.page_view.cannot_or_fail,沪江英语__C1,沪江英语__C3,0.068356,0,1,1,0,0,0,0
SBERT+HC__沪江英语__10010000012071,sbert_hc_K20,SBERT+HC,沪江英语,10010000012071,course.list_item.other,人气排序:在所有课程里面点击下面的人气排序安扭，并没有安人气进行降序排序，好无规律,11,10010000012200,在课程页面最上面一栏搜索自己想要的课程，系统不能根据用户输入的信息自动弹出匹配推荐。,search.page_view.cannot_or_fail,沪江英语__C1,沪江英语__C3,0.015484,0,0,1,0,0,0,0
SBERT+HC__沪江英语__10010000012071,sbert_hc_K20,SBERT+HC,沪江英语,10010000012071,course.list_item.other,人气排序:在所有课程里面点击下面的人气排序安扭，并没有安人气进行降序排序，好无规律,12,10010000012145,按照评价排序功能异常：点击课程，英语，进入英语页面，在右下角点击评价按钮，课程没有按照评价排序，去截图，五星评价排在倒数第二位置，与需…,course.button_icon.other,沪江英语__C1,沪江英语__C3,0.092493,0,1,1,0,0,0,0
SBERT+HC__沪江英语__10010000012071,sbert_hc_K20,SBERT+HC,沪江英语,10010000012071,course.list_item.other,人气排序:在所有课程里面点击下面的人气排序安扭，并没有安人气进行降序排序，好无规律,13,10010000012127,英语课程>查看更多，点击右上角类型选择听力或泛听，进入课程学习，发现进入课程后获取不到数据，用户进行不了听力学习。,playback.list_item.other,沪江英语__C1,沪江英语__C3,0.024079,0,0,1,0,0,0,0
SBERT+HC__沪江英语__10010000012071,sbert_hc_K20,SBERT+HC,沪江英语,10010000012071,course.list_item.other,人气排序:在所有课程里面点击下面的人气排序安扭，并没有安人气进行降序排序，好无规律,14,10010000012146,选择课程，自己按类别选择课程和查看课程详情时，加载速度过慢,course.list_item.other,沪江英语__C2,沪江英语__C3,0.014185,1,1,1,1,1,1,1
SBERT+HC__沪江英语__10010000012071,sbert_hc_K20,SBERT+HC,沪江英语,10010000012071,course.list_item.other,人气排序:在所有课程里面点击下面的人气排序安扭，并没有安人气进行降序排序，好无规律,15,10010000012217,进入英语课程，选择某一类课程，出现下拉课程，下拉没有刷新提示，上拉的时候有加载更多。下拉到底，也应该有个提示，提示刷新，或则没有更多了,course.list_item.other,沪江英语__C1,沪江英语__C3,0.033035,1,1,1,1,1,1,1
SBERT+HC__沪江英语__10010000012071,sbert_hc_K20,SBERT+HC,沪江英语,10010000012071,course.list_item.other,人气排序:在所有课程里面点击下面的人气排序安扭，并没有安人气进行降序排序，好无规律,16,10010000012247,进入课程页面，点击英语，点击人气按钮，发现不是按人气进行降序排列,course.button_icon.other,沪江英语__C1,沪江英语__C3,0.260006,0,1,1,1,1,1,1
SBERT+HC__沪江英语__10010000012071,sbert_hc_K20,SBERT+HC,沪江英语,10010000012071,course.list_item.other,人气排序:在所有课程里面点击下面的人气排序安扭，并没有安人气进行降序排序，好无规律,17,10010000012130,按照人气排序功能异常：点击课程，英语，进入英语页面，在右下角点击人气按钮，课程没有按照人气排序，与需求不符。,course.button_icon.other,沪江英语__C1,沪江英语__C3,0.26258,0,1,1,1,1,1,1
SBERT+HC__沪江英语__10010000012071,sbert_hc_K20,SBERT+HC,沪江英语,10010000012071,course.list_item.other,人气排序:在所有课程里面点击下面的人气排序安扭，并没有安人气进行降序排序，好无规律,18,10010000012322,添加课程后，没有学习即可评价课程，这会导致一些刷分现象么出现。,course.list_item.other,沪江英语__C1,沪江英语__C3,0.018571,1,1,1,1,1,1,1
SBERT+HC__沪江英语__10010000012071,sbert_hc_K20,SBERT+HC,沪江英语,10010000012071,course.list_item.other,人气排序:在所有课程里面点击下面的人气排序安扭，并没有安人气进行降序排序，好无规律,19,10010000012108,进入英语课程界面后，用户筛选要进入的相关推荐中，右下方的按人气，评价，时间竟然都不能反转排序。从低到高排序无法实现,course.page_view.cannot_or_fail,沪江英语__C1,沪江英语__C3,0.103382,0,1,1,0,0,1,0
SBERT+HC__沪江英语__10010000012071,sbert_hc_K20,SBERT+HC,沪江英语,10010000012071,course.list_item.other,人气排序:在所有课程里面点击下面的人气排序安扭，并没有安人气进行降序排序，好无规律,20,10010000012227,当选择课程后进行选择每天学习的篇数时，数字上下滑动进行选择，数字滑动的区域太小不能进行准确的滑动。用户体验极为不佳。,course.list_item.cannot_or_fail,沪江英语__C2,沪江英语__C3,0.021611,0,1,1,0,0,0,0
SBERT+HC__沪江英语__10010000012071,sbert_hc_K20,SBERT+HC,沪江英语,10010000012071,course.list_item.other,人气排序:在所有课程里面点击下面的人气排序安扭，并没有安人气进行降序排序，好无规律,21,10010000012316,在英语课程界面，按评价排序时，评价人数不足无法显示分数的课程也参与了评价，这导致少数初始分数较高的课程过只有少数几个人评价了的课程都可…,course.page_view.cannot_or_fail,沪江英语__C1,沪江英语__C3,0.057347,0,1,1,0,0,0,0
SBERT+HC__沪江英语__10010000012071,sbert_hc_K20,SBERT+HC,沪江英语,10010000012071,course.list_item.other,人气排序:在所有课程里面点击下面的人气排序安扭，并没有安人气进行降序排序，好无规律,22,10010000012201,在课程选择页，选择按人气筛选， 置顶课程非人气最高课程,course.list_item.other,沪江英语__C1,沪江英语__C3,0.096001,1,1,1,1,1,1,1
SBERT+HC__沪江英语__10010000012071,sbert_hc_K20,SBERT+HC,沪江英语,10010000012071,course.list_item.other,人气排序:在所有课程里面点击下面的人气排序安扭，并没有安人气进行降序排序，好无规律,23,10010000012209,在英语课程按人气排列的列表里，可以看出排在最前面的基本都是有星级的，但是列表中的第四个课程“迷你小对话”，没有任何相关的等级信息，仍然…,course.list_item.other,沪江英语__C1,沪江英语__C3,0.089381,1,1,1,1,1,1,1
SBERT+HC__沪江英语__10010000012071,sbert_hc_K20,SBERT+HC,沪江英语,10010000012071,course.list_item.other,人气排序:在所有课程里面点击下面的人气排序安扭，并没有安人气进行降序排序，好无规律,24,10010000012085,进入英语界面之后，默认人气排序点击全部英语，难度选择高级，类型选择听写。此时可以发现类表中只有三个选择项。,sort.page_view.other,沪江英语__C1,沪江英语__C3,0.106088,0,0,1,0,0,0,0
SBERT+HC__沪江英语__10010000012071,sbert_hc_K20,SBERT+HC,沪江英语,10010000012071,course.list_item.other,人气排序:在所有课程里面点击下面的人气排序安扭，并没有安人气进行降序排序，好无规律,25,10010000012098,课程，查看更多，点击底部排序功能，人气和评价倒序排列功能未实现，人气，评论高的课程未排至前位。,course.list_item.other,沪江英语__C1,沪江英语__C3,0.137175,1,1,1,1,1,1,1
SBERT+HC__沪江英语__10010000012071,sbert_hc_K20,SBERT+HC,沪江英语,10010000012071,course.list_item.other,人气排序:在所有课程里面点击下面的人气排序安扭，并没有安人气进行降序排序，好无规律,26,10010000012072,英语课程界面按人气排序，按评价排序和按时间排序都语法选择是递增排序或递减排序。,course.page_view.other,沪江英语__C3,沪江英语__C3,0.239208,0,1,0,0,0,0,0
LLMCluster__沪江英语__10010000012071,llmcluster_glm-4-air,LLMCluster,沪江英语,10010000012071,course.list_item.other,人气排序:在所有课程里面点击下面的人气排序安扭，并没有安人气进行降序排序，好无规律,1,10010000012248,在英语中选择一门科目进行了解时，课程介绍极为模糊，有些甚至没有课程介绍！！！,course.list_item.other,沪江英语__C5,沪江英语__C1,0.040043,1,1,1,1,1,1,1
LLMCluster__沪江英语__10010000012071,llmcluster_glm-4-air,LLMCluster,沪江英语,10010000012071,course.list_item.other,人气排序:在所有课程里面点击下面的人气排序安扭，并没有安人气进行降序排序，好无规律,2,10010000012145,按照评价排序功能异常：点击课程，英语，进入英语页面，在右下角点击评价按钮，课程没有按照评价排序，去截图，五星评价排在倒数第二位置，与需…,course.button_icon.other,沪江英语__C14,沪江英语__C1,0.092493,0,1,1,0,0,0,0
LLMCluster__沪江英语__10010000012071,llmcluster_glm-4-air,LLMCluster,沪江英语,10010000012071,course.list_item.other,人气排序:在所有课程里面点击下面的人气排序安扭，并没有安人气进行降序排序，好无规律,3,10010000012065,成功登录应用，进入英语课程界面，点击该界面右下角的时间降序排序图标，可看到英语课程界面的所有课程按照上传时间降序排序，或者进入课程详情…,login.button_icon.other,沪江英语__C9,沪江英语__C1,0.199903,0,0,1,0,0,0,0
LLMCluster__沪江英语__10010000012071,llmcluster_glm-4-air,LLMCluster,沪江英语,10010000012071,course.list_item.other,人气排序:在所有课程里面点击下面的人气排序安扭，并没有安人气进行降序排序，好无规律,4,10010000012212,手机网络为联通4G，运行内存2G，在沪江英语打开页面，对课程进行筛选，排序，加在课程资源，平均响应时间为2,course.page_view.other,沪江英语__C6,沪江英语__C1,0.055931,0,1,1,0,0,0,0
LLMCluster__沪江英语__10010000012071,llmcluster_glm-4-air,LLMCluster,沪江英语,10010000012071,course.list_item.other,人气排序:在所有课程里面点击下面的人气排序安扭，并没有安人气进行降序排序，好无规律,5,10010000012283,进入英语界面的时候，清单下方虽然有人气时间评价的排序，但针对人气进行排续的时候并不是按照这些排序的。是功能不完整的情况，复现程度为必现…,sort.page_view.other,沪江英语__C1,沪江英语__C1,0.158222,0,0,0,0,0,0,0
LLMCluster__沪江英语__10010000012071,llmcluster_glm-4-air,LLMCluster,沪江英语,10010000012071,course.list_item.other,人气排序:在所有课程里面点击下面的人气排序安扭，并没有安人气进行降序排序，好无规律,6,10010000012250,当进入课程界面，点击评价按钮，发现没有按评价降序排列,course.button_icon.other,沪江英语__C1,沪江英语__C1,0.105213,0,1,0,0,0,0,0
LLMCluster__沪江英语__10010000012071,llmcluster_glm-4-air,LLMCluster,沪江英语,10010000012071,course.list_item.other,人气排序:在所有课程里面点击下面的人气排序安扭，并没有安人气进行降序排序，好无规律,7,10010000012178,排序方式可以加上正反序进行排序，一个功能键完成2种功能,sort.other.other,沪江英语__C1,沪江英语__C1,0.111196,0,0,0,0,0,0,0
LLMCluster__沪江英语__10010000012071,llmcluster_glm-4-air,LLMCluster,沪江英语,10010000012071,course.list_item.other,人气排序:在所有课程里面点击下面的人气排序安扭，并没有安人气进行降序排序，好无规律,8,10010000012247,进入课程页面，点击英语，点击人气按钮，发现不是按人气进行降序排列,course.button_icon.other,沪江英语__C1,沪江英语__C1,0.260006,0,1,0,0,0,0,0
LLMCluster__沪江英语__10010000012071,llmcluster_glm-4-air,LLMCluster,沪江英语,10010000012071,course.list_item.other,人气排序:在所有课程里面点击下面的人气排序安扭，并没有安人气进行降序排序，好无规律,9,10010000012239,在用户进行浏览课程时，并没有对课程进行更多的了解，只是出现目录和简要介绍，并且不能浏览课程，只能添加课程后才能进行学习。,course.list_item.cannot_or_fail,沪江英语__C5,沪江英语__C1,0.060305,0,1,1,0,0,0,0
LLMCluster__沪江英语__10010000012071,llmcluster_glm-4-air,LLMCluster,沪江英语,10010000012071,course.list_item.other,人气排序:在所有课程里面点击下面的人气排序安扭，并没有安人气进行降序排序，好无规律,10,10010000012130,按照人气排序功能异常：点击课程，英语，进入英语页面，在右下角点击人气按钮，课程没有按照人气排序，与需求不符。,course.button_icon.other,沪江英语__C1,沪江英语__C1,0.26258,0,1,0,0,0,0,0
LLMCluster__沪江英语__10010000012071,llmcluster_glm-4-air,LLMCluster,沪江英语,10010000012071,course.list_item.other,人气排序:在所有课程里面点击下面的人气排序安扭，并没有安人气进行降序排序，好无规律,11,10010000012000,添加英语课程之后，点击进入课程，课程学习>点击做题：快速做题以后，点击查看结果，等待结果提交之后，点击再来一次出现程序崩溃闪退。,course.list_item.crash,沪江英语__C6,沪江英语__C1,0.039173,0,1,1,0,0,0,0
LLMCluster__沪江英语__10010000012071,llmcluster_glm-4-air,LLMCluster,沪江英语,10010000012071,course.list_item.other,人气排序:在所有课程里面点击下面的人气排序安扭，并没有安人气进行降序排序，好无规律,12,10010000012121,成功登录应用进入英语课程界面，选择人气降序、难度为初级和类型为泛听的课程，查看选择结果显示为初级、类型为泛听的课程，但是并没有按照人气…,login.page_view.wrong_value,沪江英语__C1,沪江英语__C1,0.095761,0,0,0,0,0,0,0
LLMCluster__沪江英语__10010000012071,llmcluster_glm-4-air,LLMCluster,沪江英语,10010000012071,course.list_item.other,人气排序:在所有课程里面点击下面的人气排序安扭，并没有安人气进行降序排序，好无规律,13,10010000012061,成功登录并进入英语课程界面，点击评价降序图标后查看课程并没有按照评价数降序排序，见截图2,login.button_icon.other,沪江英语__C1,沪江英语__C1,0.169403,0,0,0,0,0,0,0
LLMCluster__沪江英语__10010000012071,llmcluster_glm-4-air,LLMCluster,沪江英语,10010000012071,course.list_item.other,人气排序:在所有课程里面点击下面的人气排序安扭，并没有安人气进行降序排序，好无规律,14,10010000012069,在按人气或评论排序时，排序结果混乱。,sort.list_item.other,沪江英语__C1,沪江英语__C1,0.14869,0,0,0,0,0,0,0
LLMCluster__沪江英语__10010000012071,llmcluster_glm-4-air,LLMCluster,沪江英语,10010000012071,course.list_item.other,人气排序:在所有课程里面点击下面的人气排序安扭，并没有安人气进行降序排序，好无规律,15,10010000012281,用户体验差：在选择课程界面时，按照人气、评价、时间排序的顺序，触点不够灵敏，按钮不够灵敏，有时需要多按几下，所以用户有时单手操作时造成…,course.button_icon.other,沪江英语__C5,沪江英语__C1,0.079426,0,1,1,0,0,0,0
LLMCluster__沪江英语__10010000012071,llmcluster_glm-4-air,LLMCluster,沪江英语,10010000012071,course.list_item.other,人气排序:在所有课程里面点击下面的人气排序安扭，并没有安人气进行降序排序，好无规律,16,10010000012334,在英语课程界面，按人气排序时，并非按照学习人数排序，也不是按照评价人数排序。排序方式不明。,course.page_view.other,沪江英语__C1,沪江英语__C1,0.229957,0,1,0,0,0,0,0
LLMCluster__沪江英语__10010000012071,llmcluster_glm-4-air,LLMCluster,沪江英语,10010000012071,course.list_item.other,人气排序:在所有课程里面点击下面的人气排序安扭，并没有安人气进行降序排序，好无规律,17,10010000012098,课程，查看更多，点击底部排序功能，人气和评价倒序排列功能未实现，人气，评论高的课程未排至前位。,course.list_item.other,沪江英语__C1,沪江英语__C1,0.137175,1,1,0,0,0,0,0
LLMCluster__沪江英语__10010000012071,llmcluster_glm-4-air,LLMCluster,沪江英语,10010000012071,course.list_item.other,人气排序:在所有课程里面点击下面的人气排序安扭，并没有安人气进行降序排序，好无规律,18,10010000012104,进入英语课程页面，点击人气，课程应该按照人气进行排名，但是出现人气低的出现在人气高的前面。,course.page_view.other,沪江英语__C1,沪江英语__C1,0.197807,0,1,0,0,0,0,0
LLMCluster__沪江英语__10010000012071,llmcluster_glm-4-air,LLMCluster,沪江英语,10010000012071,course.list_item.other,人气排序:在所有课程里面点击下面的人气排序安扭，并没有安人气进行降序排序，好无规律,19,10010000012209,在英语课程按人气排列的列表里，可以看出排在最前面的基本都是有星级的，但是列表中的第四个课程“迷你小对话”，没有任何相关的等级信息，仍然…,course.list_item.other,沪江英语__C6,沪江英语__C1,0.089381,1,1,1,1,1,1,1
LLMCluster__沪江英语__10010000012071,llmcluster_glm-4-air,LLMCluster,沪江英语,10010000012071,course.list_item.other,人气排序:在所有课程里面点击下面的人气排序安扭，并没有安人气进行降序排序，好无规律,20,10010000012085,进入英语界面之后，默认人气排序点击全部英语，难度选择高级，类型选择听写。此时可以发现类表中只有三个选择项。,sort.page_view.other,沪江英语__C5,沪江英语__C1,0.106088,0,0,1,0,0,0,0
LLMCluster__沪江英语__10010000012071,llmcluster_glm-4-air,LLMCluster,沪江英语,10010000012071,course.list_item.other,人气排序:在所有课程里面点击下面的人气排序安扭，并没有安人气进行降序排序，好无规律,21,10010000012174,问题描述:已添加课程分享到微信提示没有安装客户端（分享到朋友圈也出现相同情况）,share.list_item.other,沪江英语__C6,沪江英语__C1,0.047535,0,0,1,0,0,0,0
LLMCluster__沪江英语__10010000012071,llmcluster_glm-4-air,LLMCluster,沪江英语,10010000012071,course.list_item.other,人气排序:在所有课程里面点击下面的人气排序安扭，并没有安人气进行降序排序，好无规律,22,10010000012072,英语课程界面按人气排序，按评价排序和按时间排序都语法选择是递增排序或递减排序。,course.page_view.other,沪江英语__C1,沪江英语__C1,0.239208,0,1,0,0,0,0,0
LLMCluster__沪江英语__10010000012071,llmcluster_glm-4-air,LLMCluster,沪江英语,10010000012071,course.list_item.other,人气排序:在所有课程里面点击下面的人气排序安扭，并没有安人气进行降序排序，好无规律,23,10010000012050,当用户在输入账号前，并没有验证码输入验证，但输入结束后突然下边弹出一个验证栏目,other.other.other,沪江英语__C9,沪江英语__C1,0.035547,0,0,1,0,0,0,0
LLMCluster__沪江英语__10010000012071,llmcluster_glm-4-air,LLMCluster,沪江英语,10010000012071,course.list_item.other,人气排序:在所有课程里面点击下面的人气排序安扭，并没有安人气进行降序排序，好无规律,24,10010000012011,在引导页面过程中，仅是帮助用户进行选择语种与随机推荐了课程，并没有对软件做基本的概述与使用方法的介绍或者app特色的介绍，用户体验差，…,course.page_view.other,沪江英语__C5,沪江英语__C1,0.038461,0,1,1,0,0,0,0
LLMCluster__沪江英语__10010000012071,llmcluster_glm-4-air,LLMCluster,沪江英语,10010000012071,course.list_item.other,人气排序:在所有课程里面点击下面的人气排序安扭，并没有安人气进行降序排序，好无规律,25,10010000012064,当点击英语进入后相关界面后。每个栏目的属性应该相同。但其中的迷你小对话等栏目并没有相关评价指数和评价,other.page_view.other,沪江英语__C3,沪江英语__C1,0.026123,0,0,1,0,0,0,0
LLMCluster__沪江英语__10010000012071,llmcluster_glm-4-air,LLMCluster,沪江英语,10010000012071,course.list_item.other,人气排序:在所有课程里面点击下面的人气排序安扭，并没有安人气进行降序排序，好无规律,26,10010000012195,在课程页面，选择一个课程后，在该课程的详细页面，最下面一栏显示课程的推荐是根据人气、评价、时间等，但是这个顺序是系统默认的，用户不能自…,course.page_view.cannot_or_fail,沪江英语__C5,沪江英语__C1,0.068356,0,1,1,0,0,0,0
LLMCluster__沪江英语__10010000012071,llmcluster_glm-4-air,LLMCluster,沪江英语,10010000012071,course.list_item.other,人气排序:在所有课程里面点击下面的人气排序安扭，并没有安人气进行降序排序，好无规律,27,10010000012158,在用户刷新课程界面时，上方滑动图片闪动，下方内容并没有修改,course.page_view.other,沪江英语__C5,沪江英语__C1,0.038451,0,1,1,0,0,0,0
LLMCluster__沪江英语__10010000012071,llmcluster_glm-4-air,LLMCluster,沪江英语,10010000012071,course.list_item.other,人气排序:在所有课程里面点击下面的人气排序安扭，并没有安人气进行降序排序，好无规律,28,10010000012162,进行登录时，如果用户名或者密码没有填写，系统只是提示用户名或者密码不能为空，并没有重新聚焦到信息为空的那一栏。,login.other.cannot_or_fail,沪江英语__C5,沪江英语__C1,0.038165,0,0,1,0,0,0,0
LLMCluster__沪江英语__10010000012071,llmcluster_glm-4-air,LLMCluster,沪江英语,10010000012071,course.list_item.other,人气排序:在所有课程里面点击下面的人气排序安扭，并没有安人气进行降序排序，好无规律,29,10010000012115,成功登录应用进入英语课程界面，选择人气降序以及难度为初级的课程，查看选择结果显示为初级课程，但是并没有按照人气降序排序，见截图2,login.page_view.wrong_value,沪江英语__C1,沪江英语__C1,0.181357,0,0,0,0,0,0,0
LLMCluster__沪江英语__10010000012071,llmcluster_glm-4-air,LLMCluster,沪江英语,10010000012071,course.list_item.other,人气排序:在所有课程里面点击下面的人气排序安扭，并没有安人气进行降序排序，好无规律,30,10010000012129,成功登录应用进入英语课程界面，选择类型为阅读的课程，显示类型为阅读的所有课程，但是只有部分课程的名字下方有五星图标和评价数，有的课程下…,login.button_icon.other,沪江英语__C3,沪江英语__C1,0.065929,0,0,1,0,0,0,0
LLMCluster__沪江英语__10010000012071,llmcluster_glm-4-air,LLMCluster,沪江英语,10010000012071,course.list_item.other,人气排序:在所有课程里面点击下面的人气排序安扭，并没有安人气进行降序排序，好无规律,31,10010000012058,在使用第三方邮箱登录过程中，输入邮箱等信息完成后，点击下方《沪江用户协议》查看浏览后返回，用户输入信息不存在，直接返回手机号注册，用户…,register.other.other,沪江英语__C9,沪江英语__C1,0.027604,0,0,1,0,0,0,0
LLMCluster__沪江英语__10010000012071,llmcluster_glm-4-air,LLMCluster,沪江英语,10010000012071,course.list_item.other,人气排序:在所有课程里面点击下面的人气排序安扭，并没有安人气进行降序排序，好无规律,32,10010000012236,成功登录应用进入英语课程界面，点击《常春藤新闻英语听力》课程并成功添加，制作学习计划时，该界面并没有显示如截图2中的多少天可完成学习，…,login.page_view.other,沪江英语__C6,沪江英语__C1,0.037082,0,0,1,0,0,0,0
LLMCluster__沪江英语__10010000012071,llmcluster_glm-4-air,LLMCluster,沪江英语,10010000012071,course.list_item.other,人气排序:在所有课程里面点击下面的人气排序安扭，并没有安人气进行降序排序，好无规律,33,10010000012198,选择排序方式的时候，点击人气排序，最终结果并没有按照人气的高低进行排序。,sort.other.other,沪江英语__C1,沪江英语__C1,0.277593,0,0,0,0,0,0,0
LLMCluster__沪江英语__10010000012071,llmcluster_glm-4-air,LLMCluster,沪江英语,10010000012071,course.list_item.other,人气排序:在所有课程里面点击下面的人气排序安扭，并没有安人气进行降序排序，好无规律,34,10010000012076,评价排序:当在列表下面点击评价排序时，并没按照评价高低进行排序，毫无规律,sort.list_item.other,沪江英语__C1,沪江英语__C1,0.268319,0,0,0,0,0,0,0
LLMCluster__沪江英语__10010000012071,llmcluster_glm-4-air,LLMCluster,沪江英语,10010000012071,course.list_item.other,人气排序:在所有课程里面点击下面的人气排序安扭，并没有安人气进行降序排序，好无规律,35,10010000012201,在课程选择页，选择按人气筛选， 置顶课程非人气最高课程,course.list_item.other,沪江英语__C5,沪江英语__C1,0.096001,1,1,1,1,1,1,1
TFIDF+HC__沪江英语__10010000012248,tfidf_hc_K20,TFIDF+HC,沪江英语,10010000012248,course.list_item.other,在英语中选择一门科目进行了解时，课程介绍极为模糊，有些甚至没有课程介绍！！！,1,10010000012065,成功登录应用，进入英语课程界面，点击该界面右下角的时间降序排序图标，可看到英语课程界面的所有课程按照上传时间降序排序，或者进入课程详情…,login.button_icon.other,沪江英语__C3,沪江英语__C8,0.05292,0,0,1,0,0,0,0
TFIDF+HC__沪江英语__10010000012248,tfidf_hc_K20,TFIDF+HC,沪江英语,10010000012248,course.list_item.other,在英语中选择一门科目进行了解时，课程介绍极为模糊，有些甚至没有课程介绍！！！,2,10010000012195,在课程页面，选择一个课程后，在该课程的详细页面，最下面一栏显示课程的推荐是根据人气、评价、时间等，但是这个顺序是系统默认的，用户不能自…,course.page_view.cannot_or_fail,沪江英语__C6,沪江英语__C8,0.053309,0,1,1,0,0,0,0
TFIDF+HC__沪江英语__10010000012248,tfidf_hc_K20,TFIDF+HC,沪江英语,10010000012248,course.list_item.other,在英语中选择一门科目进行了解时，课程介绍极为模糊，有些甚至没有课程介绍！！！,3,10010000012104,进入英语课程页面，点击人气，课程应该按照人气进行排名，但是出现人气低的出现在人气高的前面。,course.page_view.other,沪江英语__C3,沪江英语__C8,0.044067,0,1,1,0,0,0,0
TFIDF+HC__沪江英语__10010000012248,tfidf_hc_K20,TFIDF+HC,沪江英语,10010000012248,course.list_item.other,在英语中选择一门科目进行了解时，课程介绍极为模糊，有些甚至没有课程介绍！！！,4,10010000011990,在具体的某一课程介绍页面，不能够对评价的用户进行咨询，这样，不能很好的进行互动，应该增加一些用户与用户之间的讨论会好一些,course.page_view.cannot_or_fail,沪江英语__C8,沪江英语__C8,0.107742,0,1,0,0,0,0,0
TFIDF+HC__沪江英语__10010000012248,tfidf_hc_K20,TFIDF+HC,沪江英语,10010000012248,course.list_item.other,在英语中选择一门科目进行了解时，课程介绍极为模糊，有些甚至没有课程介绍！！！,5,10010000012196,选择英语界面时，进行的跳转时间过长，用户体验极为不佳。,other.page_view.other,沪江英语__C6,沪江英语__C8,0.060399,0,0,1,0,0,0,0
TFIDF+HC__沪江英语__10010000012248,tfidf_hc_K20,TFIDF+HC,沪江英语,10010000012248,course.list_item.other,在英语中选择一门科目进行了解时，课程介绍极为模糊，有些甚至没有课程介绍！！！,6,10010000012202,在品牌英语中，赖世雄品牌出现了常春藤英语,other.other.other,沪江英语__C15,沪江英语__C8,0.049082,0,0,1,0,0,0,0
TFIDF+HC__沪江英语__10010000012248,tfidf_hc_K20,TFIDF+HC,沪江英语,10010000012248,course.list_item.other,在英语中选择一门科目进行了解时，课程介绍极为模糊，有些甚至没有课程介绍！！！,7,10010000012097,其他注册方式中选择QQ，提示非官方正版应用，要去应用宝下载，错误代码（100044）,register.other.wrong_value,沪江英语__C19,沪江英语__C8,0.029967,0,0,1,0,0,0,0
TFIDF+HC__沪江英语__10010000012248,tfidf_hc_K20,TFIDF+HC,沪江英语,10010000012248,course.list_item.other,在英语中选择一门科目进行了解时，课程介绍极为模糊，有些甚至没有课程介绍！！！,8,10010000012239,在用户进行浏览课程时，并没有对课程进行更多的了解，只是出现目录和简要介绍，并且不能浏览课程，只能添加课程后才能进行学习。,course.list_item.cannot_or_fail,沪江英语__C4,沪江英语__C8,0.102567,0,1,1,0,0,0,0
TFIDF+HC__沪江英语__10010000012248,tfidf_hc_K20,TFIDF+HC,沪江英语,10010000012248,course.list_item.other,在英语中选择一门科目进行了解时，课程介绍极为模糊，有些甚至没有课程介绍！！！,9,10010000012129,成功登录应用进入英语课程界面，选择类型为阅读的课程，显示类型为阅读的所有课程，但是只有部分课程的名字下方有五星图标和评价数，有的课程下…,login.button_icon.other,沪江英语__C3,沪江英语__C8,0.072403,0,0,1,0,0,0,0
TFIDF+HC__沪江英语__10010000012248,tfidf_hc_K20,TFIDF+HC,沪江英语,10010000012248,course.list_item.other,在英语中选择一门科目进行了解时，课程介绍极为模糊，有些甚至没有课程介绍！！！,10,10010000012227,当选择课程后进行选择每天学习的篇数时，数字上下滑动进行选择，数字滑动的区域太小不能进行准确的滑动。用户体验极为不佳。,course.list_item.cannot_or_fail,沪江英语__C6,沪江英语__C8,0.052023,0,1,1,0,0,0,0
TFIDF+HC__沪江英语__10010000012248,tfidf_hc_K20,TFIDF+HC,沪江英语,10010000012248,course.list_item.other,在英语中选择一门科目进行了解时，课程介绍极为模糊，有些甚至没有课程介绍！！！,11,10010000012025,成功登录应用后，进入课程页面，见截图1,login.page_view.other,沪江英语__C3,沪江英语__C8,0.019027,0,0,1,0,0,0,0
TFIDF+HC__沪江英语__10010000012248,tfidf_hc_K20,TFIDF+HC,沪江英语,10010000012248,course.list_item.other,在英语中选择一门科目进行了解时，课程介绍极为模糊，有些甚至没有课程介绍！！！,12,10010000012071,人气排序:在所有课程里面点击下面的人气排序安扭，并没有安人气进行降序排序，好无规律,course.list_item.other,沪江英语__C3,沪江英语__C8,0.040043,1,1,1,1,1,1,1
TFIDF+HC__沪江英语__10010000012248,tfidf_hc_K20,TFIDF+HC,沪江英语,10010000012248,course.list_item.other,在英语中选择一门科目进行了解时，课程介绍极为模糊，有些甚至没有课程介绍！！！,13,10010000012000,添加英语课程之后，点击进入课程，课程学习>点击做题：快速做题以后，点击查看结果，等待结果提交之后，点击再来一次出现程序崩溃闪退。,course.list_item.crash,沪江英语__C3,沪江英语__C8,0.036708,0,1,1,0,0,0,0
TFIDF+HC__沪江英语__10010000012248,tfidf_hc_K20,TFIDF+HC,沪江英语,10010000012248,course.list_item.other,在英语中选择一门科目进行了解时，课程介绍极为模糊，有些甚至没有课程介绍！！！,14,10010000012056,有按时间排序的选项，但是课程介绍却没有关于时间的信息，无法让用户知晓,course.list_item.cannot_or_fail,沪江英语__C8,沪江英语__C8,0.124842,0,1,0,0,0,0,0
TFIDF+HC__沪江英语__10010000012248,tfidf_hc_K20,TFIDF+HC,沪江英语,10010000012248,course.list_item.other,在英语中选择一门科目进行了解时，课程介绍极为模糊，有些甚至没有课程介绍！！！,15,10010000012130,按照人气排序功能异常：点击课程，英语，进入英语页面，在右下角点击人气按钮，课程没有按照人气排序，与需求不符。,course.button_icon.other,沪江英语__C3,沪江英语__C8,0.046977,0,1,1,0,0,0,0
TFIDF+HC__沪江英语__10010000012248,tfidf_hc_K20,TFIDF+HC,沪江英语,10010000012248,course.list_item.other,在英语中选择一门科目进行了解时，课程介绍极为模糊，有些甚至没有课程介绍！！！,16,10010000012116,点击课程介绍，弹出提示窗口，关闭提示窗口时没有进入相应的课程界面，而是返回到主界面,course.page_view.other,沪江英语__C8,沪江英语__C8,0.11123,0,1,0,0,0,0,0
TFIDF+HC__沪江英语__10010000012248,tfidf_hc_K20,TFIDF+HC,沪江英语,10010000012248,course.list_item.other,在英语中选择一门科目进行了解时，课程介绍极为模糊，有些甚至没有课程介绍！！！,17,10010000012199,在美式英语中，全部美式英语和纯正美式英语内容完全相同，没必要,other.other.other,沪江英语__C15,沪江英语__C8,0.038598,0,0,1,0,0,0,0
TFIDF+HC__沪江英语__10010000012248,tfidf_hc_K20,TFIDF+HC,沪江英语,10010000012248,course.list_item.other,在英语中选择一门科目进行了解时，课程介绍极为模糊，有些甚至没有课程介绍！！！,18,10010000012278,在英语课程页面中，点击英语类型为”少儿英语“，课程中间的英语类型没有更改，仍为”英语“,course.page_view.other,沪江英语__C3,沪江英语__C8,0.081644,0,1,1,0,0,0,0
TFIDF+HC__沪江英语__10010000012248,tfidf_hc_K20,TFIDF+HC,沪江英语,10010000012248,course.list_item.other,在英语中选择一门科目进行了解时，课程介绍极为模糊，有些甚至没有课程介绍！！！,19,10010000012253,在学习时无法进行下载，收藏，分享，选择下一项，选择列表等操作，用户体验极为不好，这个界面直接没有任何作用！！！！,share.page_view.cannot_or_fail,沪江英语__C6,沪江英语__C8,0.181483,0,0,1,0,0,0,0
TFIDF+HC__沪江英语__10010000012248,tfidf_hc_K20,TFIDF+HC,沪江英语,10010000012248,course.list_item.other,在英语中选择一门科目进行了解时，课程介绍极为模糊，有些甚至没有课程介绍！！！,20,10010000011977,当第一次进去应用时，当我点击英语后，推荐给我的兴趣全选，然后点击跳过，直接闪退,other.other.crash,沪江英语__C18,沪江英语__C8,0.018929,0,0,1,0,0,0,0
TFIDF+HC__沪江英语__10010000012248,tfidf_hc_K20,TFIDF+HC,沪江英语,10010000012248,course.list_item.other,在英语中选择一门科目进行了解时，课程介绍极为模糊，有些甚至没有课程介绍！！！,21,10010000012075,当进行第二次登录时，app给的默认用户名不是我的登录账号，输入正确密码也登录不进去！用户体验极为不好！！！,login.other.other,沪江英语__C6,沪江英语__C8,0.145798,0,0,1,0,0,0,0
TFIDF+HC__沪江英语__10010000012248,tfidf_hc_K20,TFIDF+HC,沪江英语,10010000012248,course.list_item.other,在英语中选择一门科目进行了解时，课程介绍极为模糊，有些甚至没有课程介绍！！！,22,10010000012145,按照评价排序功能异常：点击课程，英语，进入英语页面，在右下角点击评价按钮，课程没有按照评价排序，去截图，五星评价排在倒数第二位置，与需…,course.button_icon.other,沪江英语__C3,沪江英语__C8,0.041555,0,1,1,0,0,0,0
TFIDF+HC__沪江英语__10010000012248,tfidf_hc_K20,TFIDF+HC,沪江英语,10010000012248,course.list_item.other,在英语中选择一门科目进行了解时，课程介绍极为模糊，有些甚至没有课程介绍！！！,23,10010000012011,在引导页面过程中，仅是帮助用户进行选择语种与随机推荐了课程，并没有对软件做基本的概述与使用方法的介绍或者app特色的介绍，用户体验差，…,course.page_view.other,沪江英语__C4,沪江英语__C8,0.090268,0,1,1,0,0,0,0
TFIDF+HC__沪江英语__10010000012248,tfidf_hc_K20,TFIDF+HC,沪江英语,10010000012248,course.list_item.other,在英语中选择一门科目进行了解时，课程介绍极为模糊，有些甚至没有课程介绍！！！,24,10010000012211,在英语考试中，考验锦囊中没有包含考验相关，,other.other.other,沪江英语__C7,沪江英语__C8,0.041122,0,0,1,0,0,0,0
TFIDF+HC__沪江英语__10010000012248,tfidf_hc_K20,TFIDF+HC,沪江英语,10010000012248,course.list_item.other,在英语中选择一门科目进行了解时，课程介绍极为模糊，有些甚至没有课程介绍！！！,25,10010000012149,在课程学习界面，选择更多按钮时，出现的并非当前课程的更多信息，或与当前课程相关的信息，而是出现另一门与当前课程没有直接关联的课程信息。,course.button_icon.other,沪江英语__C3,沪江英语__C8,0.052955,0,1,1,0,0,0,0
TFIDF+HC__沪江英语__10010000012248,tfidf_hc_K20,TFIDF+HC,沪江英语,10010000012248,course.list_item.other,在英语中选择一门科目进行了解时，课程介绍极为模糊，有些甚至没有课程介绍！！！,26,10010000012219,在英语页面中，没有搜索框，给用户的体验极为不佳，当用户有准确的学习方向，而不能直接搜索想要学习的方向，还只是进行选择，用户体验极为不佳。,search.page_view.cannot_or_fail,沪江英语__C6,沪江英语__C8,0.060055,0,0,1,0,0,0,0
SBERT+HC__沪江英语__10010000012248,sbert_hc_K20,SBERT+HC,沪江英语,10010000012248,course.list_item.other,在英语中选择一门科目进行了解时，课程介绍极为模糊，有些甚至没有课程介绍！！！,1,10010000012096,逻辑缺陷:选择实用英语的时候选择英语口语，再去选择类型为阅读，竟然可以选，虽然没有结果。可是英语口语怎么会有阅读类型了，应该让阅读安扭置灰,other.other.wrong_value,沪江英语__C8,沪江英语__C1,0.044021,0,0,1,0,0,0,0
SBERT+HC__沪江英语__10010000012248,sbert_hc_K20,SBERT+HC,沪江英语,10010000012248,course.list_item.other,在英语中选择一门科目进行了解时，课程介绍极为模糊，有些甚至没有课程介绍！！！,2,10010000012072,英语课程界面按人气排序，按评价排序和按时间排序都语法选择是递增排序或递减排序。,course.page_view.other,沪江英语__C3,沪江英语__C1,0.023126,0,1,1,0,0,0,0
SBERT+HC__沪江英语__10010000012248,sbert_hc_K20,SBERT+HC,沪江英语,10010000012248,course.list_item.other,在英语中选择一门科目进行了解时，课程介绍极为模糊，有些甚至没有课程介绍！！！,3,10010000012209,在英语课程按人气排列的列表里，可以看出排在最前面的基本都是有星级的，但是列表中的第四个课程“迷你小对话”，没有任何相关的等级信息，仍然…,course.list_item.other,沪江英语__C1,沪江英语__C1,0.03791,1,1,0,0,0,0,0
SBERT+HC__沪江英语__10010000012248,sbert_hc_K20,SBERT+HC,沪江英语,10010000012248,course.list_item.other,在英语中选择一门科目进行了解时，课程介绍极为模糊，有些甚至没有课程介绍！！！,4,10010000011963,进入沪江英语的课程，选择英语，选择具体某一项英语类别的时候，下数据的加载很慢，但是，获取的数据并不多，在进行人气、评价时间排序的时候，…,course.page_view.other,沪江英语__C2,沪江英语__C1,0.04556,0,1,1,0,0,0,0
SBERT+HC__沪江英语__10010000012248,sbert_hc_K20,SBERT+HC,沪江英语,10010000012248,course.list_item.other,在英语中选择一门科目进行了解时，课程介绍极为模糊，有些甚至没有课程介绍！！！,5,10010000012317,功能不太完整，不能够缓存学习，没有单词本，生词也没有音标，收藏的东西很难被找到。属于功能不完整的情况，复现程度为必现，严重等级为严重。,other.other.cannot_or_fail,沪江英语__C11,沪江英语__C1,0.019546,0,0,1,0,0,0,0
SBERT+HC__沪江英语__10010000012248,sbert_hc_K20,SBERT+HC,沪江英语,10010000012248,course.list_item.other,在英语中选择一门科目进行了解时，课程介绍极为模糊，有些甚至没有课程介绍！！！,6,10010000012056,有按时间排序的选项，但是课程介绍却没有关于时间的信息，无法让用户知晓,course.list_item.cannot_or_fail,沪江英语__C19,沪江英语__C1,0.124842,0,1,1,0,0,0,0
SBERT+HC__沪江英语__10010000012248,sbert_hc_K20,SBERT+HC,沪江英语,10010000012248,course.list_item.other,在英语中选择一门科目进行了解时，课程介绍极为模糊，有些甚至没有课程介绍！！！,7,10010000012146,选择课程，自己按类别选择课程和查看课程详情时，加载速度过慢,course.list_item.other,沪江英语__C2,沪江英语__C1,0.047218,1,1,1,1,1,1,1
SBERT+HC__沪江英语__10010000012248,sbert_hc_K20,SBERT+HC,沪江英语,10010000012248,course.list_item.other,在英语中选择一门科目进行了解时，课程介绍极为模糊，有些甚至没有课程介绍！！！,8,10010000012236,成功登录应用进入英语课程界面，点击《常春藤新闻英语听力》课程并成功添加，制作学习计划时，该界面并没有显示如截图2中的多少天可完成学习，…,login.page_view.other,沪江英语__C1,沪江英语__C1,0.035056,0,0,0,0,0,0,0
SBERT+HC__沪江英语__10010000012248,sbert_hc_K20,SBERT+HC,沪江英语,10010000012248,course.list_item.other,在英语中选择一门科目进行了解时，课程介绍极为模糊，有些甚至没有课程介绍！！！,9,10010000012316,在英语课程界面，按评价排序时，评价人数不足无法显示分数的课程也参与了评价，这导致少数初始分数较高的课程过只有少数几个人评价了的课程都可…,course.page_view.cannot_or_fail,沪江英语__C1,沪江英语__C1,0.046141,0,1,0,0,0,0,0
SBERT+HC__沪江英语__10010000012248,sbert_hc_K20,SBERT+HC,沪江英语,10010000012248,course.list_item.other,在英语中选择一门科目进行了解时，课程介绍极为模糊，有些甚至没有课程介绍！！！,10,10010000012129,成功登录应用进入英语课程界面，选择类型为阅读的课程，显示类型为阅读的所有课程，但是只有部分课程的名字下方有五星图标和评价数，有的课程下…,login.button_icon.other,沪江英语__C1,沪江英语__C1,0.072403,0,0,0,0,0,0,0
SBERT+HC__沪江英语__10010000012248,sbert_hc_K20,SBERT+HC,沪江英语,10010000012248,course.list_item.other,在英语中选择一门科目进行了解时，课程介绍极为模糊，有些甚至没有课程介绍！！！,11,10010000012322,添加课程后，没有学习即可评价课程，这会导致一些刷分现象么出现。,course.list_item.other,沪江英语__C1,沪江英语__C1,0.038424,1,1,0,0,0,0,0
SBERT+HC__沪江英语__10010000012248,sbert_hc_K20,SBERT+HC,沪江英语,10010000012248,course.list_item.other,在英语中选择一门科目进行了解时，课程介绍极为模糊，有些甚至没有课程介绍！！！,12,10010000012171,课程难度筛选中，初中级中，出现了初级课程,course.list_item.other,沪江英语__C2,沪江英语__C1,0.041017,1,1,1,1,1,1,1
SBERT+HC__沪江英语__10010000012248,sbert_hc_K20,SBERT+HC,沪江英语,10010000012248,course.list_item.other,在英语中选择一门科目进行了解时，课程介绍极为模糊，有些甚至没有课程介绍！！！,13,10010000012299,英语课程中泛听类型课程，点击进去课程，页面不能加载,course.page_view.cannot_or_fail,沪江英语__C1,沪江英语__C1,0.04582,0,1,0,0,0,0,0
SBERT+HC__沪江英语__10010000012248,sbert_hc_K20,SBERT+HC,沪江英语,10010000012248,course.list_item.other,在英语中选择一门科目进行了解时，课程介绍极为模糊，有些甚至没有课程介绍！！！,14,10010000012044,具体的某一课程，用户评价数量的计算有问题，（以常春藤英语听力为例），显示有32条评论，但是，查看所有的评论发现才有16条，要是用户与用…,playback.list_item.other,沪江英语__C2,沪江英语__C1,0.026149,0,0,1,0,0,0,0
SBERT+HC__沪江英语__10010000012248,sbert_hc_K20,SBERT+HC,沪江英语,10010000012248,course.list_item.other,在英语中选择一门科目进行了解时，课程介绍极为模糊，有些甚至没有课程介绍！！！,15,10010000012076,评价排序:当在列表下面点击评价排序时，并没按照评价高低进行排序，毫无规律,sort.list_item.other,沪江英语__C3,沪江英语__C1,0.015172,0,0,1,0,0,0,0
SBERT+HC__沪江英语__10010000012248,sbert_hc_K20,SBERT+HC,沪江英语,10010000012248,course.list_item.other,在英语中选择一门科目进行了解时，课程介绍极为模糊，有些甚至没有课程介绍！！！,16,10010000012081,跳转到课程页面，英语图标和综合图标，沪江图标未正常显示，无法显示，下拉页面显示后。页面排布如下图。无线网络不佳，换用4 G流量刷新后也…,course.button_icon.cannot_or_fail,沪江英语__C18,沪江英语__C1,0.012233,0,1,1,0,0,0,0
SBERT+HC__沪江英语__10010000012248,sbert_hc_K20,SBERT+HC,沪江英语,10010000012248,course.list_item.other,在英语中选择一门科目进行了解时，课程介绍极为模糊，有些甚至没有课程介绍！！！,17,10010000012279,英语课程列表建议增加在顶部下滑刷新课程功能,course.list_item.other,沪江英语__C1,沪江英语__C1,0.029713,1,1,0,0,0,0,0
SBERT+HC__沪江英语__10010000012248,sbert_hc_K20,SBERT+HC,沪江英语,10010000012248,course.list_item.other,在英语中选择一门科目进行了解时，课程介绍极为模糊，有些甚至没有课程介绍！！！,18,10010000012217,进入英语课程，选择某一类课程，出现下拉课程，下拉没有刷新提示，上拉的时候有加载更多。下拉到底，也应该有个提示，提示刷新，或则没有更多了,course.list_item.other,沪江英语__C1,沪江英语__C1,0.049282,1,1,0,0,0,0,0
SBERT+HC__沪江英语__10010000012248,sbert_hc_K20,SBERT+HC,沪江英语,10010000012248,course.list_item.other,在英语中选择一门科目进行了解时，课程介绍极为模糊，有些甚至没有课程介绍！！！,19,10010000012278,在英语课程页面中，点击英语类型为”少儿英语“，课程中间的英语类型没有更改，仍为”英语“,course.page_view.other,沪江英语__C1,沪江英语__C1,0.081644,0,1,0,0,0,0,0
SBERT+HC__沪江英语__10010000012248,sbert_hc_K20,SBERT+HC,沪江英语,10010000012248,course.list_item.other,在英语中选择一门科目进行了解时，课程介绍极为模糊，有些甚至没有课程介绍！！！,20,10010000012211,在英语考试中，考验锦囊中没有包含考验相关，,other.other.other,沪江英语__C8,沪江英语__C1,0.041122,0,0,1,0,0,0,0
SBERT+HC__沪江英语__10010000012248,sbert_hc_K20,SBERT+HC,沪江英语,10010000012248,course.list_item.other,在英语中选择一门科目进行了解时，课程介绍极为模糊，有些甚至没有课程介绍！！！,21,10010000011993,点击评价从到大小，评价值应该由大到小排列，但没有实现该功能,other.other.other,沪江英语__C3,沪江英语__C1,0.00972,0,0,1,0,0,0,0
SBERT+HC__沪江英语__10010000012248,sbert_hc_K20,SBERT+HC,沪江英语,10010000012248,course.list_item.other,在英语中选择一门科目进行了解时，课程介绍极为模糊，有些甚至没有课程介绍！！！,22,10010000012263,用户体验差：在选择英语四六级体验课程时，每次进入的课程推荐都是相同的，同时对应的级别都是中高级和高级，但是对于中高级水平的同学其实很少…,course.page_view.other,沪江英语__C1,沪江英语__C1,0.029746,0,1,0,0,0,0,0
SBERT+HC__沪江英语__10010000012248,sbert_hc_K20,SBERT+HC,沪江英语,10010000012248,course.list_item.other,在英语中选择一门科目进行了解时，课程介绍极为模糊，有些甚至没有课程介绍！！！,23,10010000012130,按照人气排序功能异常：点击课程，英语，进入英语页面，在右下角点击人气按钮，课程没有按照人气排序，与需求不符。,course.button_icon.other,沪江英语__C1,沪江英语__C1,0.046977,0,1,0,0,0,0,0
SBERT+HC__沪江英语__10010000012248,sbert_hc_K20,SBERT+HC,沪江英语,10010000012248,course.list_item.other,在英语中选择一门科目进行了解时，课程介绍极为模糊，有些甚至没有课程介绍！！！,24,10010000012048,当输入密码时，输入两个字符会产生不对应的提示，应当提示字符不符合要求，但它提示的是不能用纯数字或者纯字母，用户体验极为不好！,other.other.cannot_or_fail,沪江英语__C7,沪江英语__C1,0.036783,0,0,1,0,0,0,0
SBERT+HC__沪江英语__10010000012248,sbert_hc_K20,SBERT+HC,沪江英语,10010000012248,course.list_item.other,在英语中选择一门科目进行了解时，课程介绍极为模糊，有些甚至没有课程介绍！！！,25,10010000012071,人气排序:在所有课程里面点击下面的人气排序安扭，并没有安人气进行降序排序，好无规律,course.list_item.other,沪江英语__C3,沪江英语__C1,0.040043,1,1,1,1,1,1,1
SBERT+HC__沪江英语__10010000012248,sbert_hc_K20,SBERT+HC,沪江英语,10010000012248,course.list_item.other,在英语中选择一门科目进行了解时，课程介绍极为模糊，有些甚至没有课程介绍！！！,26,10010000012283,进入英语界面的时候，清单下方虽然有人气时间评价的排序，但针对人气进行排续的时候并不是按照这些排序的。是功能不完整的情况，复现程度为必现…,sort.page_view.other,沪江英语__C3,沪江英语__C1,0.027581,0,0,1,0,0,0,0
SBERT+HC__沪江英语__10010000012248,sbert_hc_K20,SBERT+HC,沪江英语,10010000012248,course.list_item.other,在英语中选择一门科目进行了解时，课程介绍极为模糊，有些甚至没有课程介绍！！！,27,10010000012135,成功登录应用进入英语课程界面，选择该界面右上角的类型为听力的课程，结果只有部分听力课程有五星图标和评价数显示，还有一部分课程没有五星和…,login.button_icon.other,沪江英语__C1,沪江英语__C1,0.050708,0,0,0,0,0,0,0
SBERT+HC__沪江英语__10010000012248,sbert_hc_K20,SBERT+HC,沪江英语,10010000012248,course.list_item.other,在英语中选择一门科目进行了解时，课程介绍极为模糊，有些甚至没有课程介绍！！！,28,10010000012334,在英语课程界面，按人气排序时，并非按照学习人数排序，也不是按照评价人数排序。排序方式不明。,course.page_view.other,沪江英语__C3,沪江英语__C1,0.030826,0,1,1,0,0,0,0
SBERT+HC__沪江英语__10010000012248,sbert_hc_K20,SBERT+HC,沪江英语,10010000012248,course.list_item.other,在英语中选择一门科目进行了解时，课程介绍极为模糊，有些甚至没有课程介绍！！！,29,10010000012099,进入英语课程界面，选择高级，点击评价，英语课程应该按照评价从高到低进行排序，但是出现评价高的出现在评价低的后面。,course.page_view.other,沪江英语__C1,沪江英语__C1,0.041131,0,1,0,0,0,0,0
SBERT+HC__沪江英语__10010000012248,sbert_hc_K20,SBERT+HC,沪江英语,10010000012248,course.list_item.other,在英语中选择一门科目进行了解时，课程介绍极为模糊，有些甚至没有课程介绍！！！,30,10010000012127,英语课程>查看更多，点击右上角类型选择听力或泛听，进入课程学习，发现进入课程后获取不到数据，用户进行不了听力学习。,playback.list_item.other,沪江英语__C1,沪江英语__C1,0.042245,0,0,0,0,0,0,0
SBERT+HC__沪江英语__10010000012248,sbert_hc_K20,SBERT+HC,沪江英语,10010000012248,course.list_item.other,在英语中选择一门科目进行了解时，课程介绍极为模糊，有些甚至没有课程介绍！！！,31,10010000012115,成功登录应用进入英语课程界面，选择人气降序以及难度为初级的课程，查看选择结果显示为初级课程，但是并没有按照人气降序排序，见截图2,login.page_view.wrong_value,沪江英语__C1,沪江英语__C1,0.049261,0,0,0,0,0,0,0
SBERT+HC__沪江英语__10010000012248,sbert_hc_K20,SBERT+HC,沪江英语,10010000012248,course.list_item.other,在英语中选择一门科目进行了解时，课程介绍极为模糊，有些甚至没有课程介绍！！！,32,10010000012227,当选择课程后进行选择每天学习的篇数时，数字上下滑动进行选择，数字滑动的区域太小不能进行准确的滑动。用户体验极为不佳。,course.list_item.cannot_or_fail,沪江英语__C2,沪江英语__C1,0.052023,0,1,1,0,0,0,0
SBERT+HC__沪江英语__10010000012248,sbert_hc_K20,SBERT+HC,沪江英语,10010000012248,course.list_item.other,在英语中选择一门科目进行了解时，课程介绍极为模糊，有些甚至没有课程介绍！！！,33,10010000012121,成功登录应用进入英语课程界面，选择人气降序、难度为初级和类型为泛听的课程，查看选择结果显示为初级、类型为泛听的课程，但是并没有按照人气…,login.page_view.wrong_value,沪江英语__C1,沪江英语__C1,0.048045,0,0,0,0,0,0,0
SBERT+HC__沪江英语__10010000012248,sbert_hc_K20,SBERT+HC,沪江英语,10010000012248,course.list_item.other,在英语中选择一门科目进行了解时，课程介绍极为模糊，有些甚至没有课程介绍！！！,34,10010000012243,在首次添加课程并制定计划之后，再次进入课程，并进入制定计划页面，显示的每天学习篇数的数值仍然是默认的1，而不是用户首次添加课程制定计划…,course.page_view.other,沪江英语__C2,沪江英语__C1,0.018633,0,1,1,0,0,0,0
SBERT+HC__沪江英语__10010000012248,sbert_hc_K20,SBERT+HC,沪江英语,10010000012248,course.list_item.other,在英语中选择一门科目进行了解时，课程介绍极为模糊，有些甚至没有课程介绍！！！,35,10010000011977,当第一次进去应用时，当我点击英语后，推荐给我的兴趣全选，然后点击跳过，直接闪退,other.other.crash,沪江英语__C13,沪江英语__C1,0.018929,0,0,1,0,0,0,0
SBERT+HC__沪江英语__10010000012248,sbert_hc_K20,SBERT+HC,沪江英语,10010000012248,course.list_item.other,在英语中选择一门科目进行了解时，课程介绍极为模糊，有些甚至没有课程介绍！！！,36,10010000012108,进入英语课程界面后，用户筛选要进入的相关推荐中，右下方的按人气，评价，时间竟然都不能反转排序。从低到高排序无法实现,course.page_view.cannot_or_fail,沪江英语__C1,沪江英语__C1,0.022195,0,1,0,0,0,0,0
SBERT+HC__沪江英语__10010000012248,sbert_hc_K20,SBERT+HC,沪江英语,10010000012248,course.list_item.other,在英语中选择一门科目进行了解时，课程介绍极为模糊，有些甚至没有课程介绍！！！,37,10010000012308,用户进行分享某个课程时，比如分享到qq，出来的只是链接，没有一点文字叙述，比如我看见一个很好的英语课程，分享给你，使得被分享的用户不明…,share.list_item.other,沪江英语__C14,沪江英语__C1,0.032255,0,0,1,0,0,0,0
LLMCluster__沪江英语__10010000012248,llmcluster_glm-4-air,LLMCluster,沪江英语,10010000012248,course.list_item.other,在英语中选择一门科目进行了解时，课程介绍极为模糊，有些甚至没有课程介绍！！！,1,10010000012253,在学习时无法进行下载，收藏，分享，选择下一项，选择列表等操作，用户体验极为不好，这个界面直接没有任何作用！！！！,share.page_view.cannot_or_fail,沪江英语__C9,沪江英语__C5,0.181483,0,0,1,0,0,0,0
LLMCluster__沪江英语__10010000012248,llmcluster_glm-4-air,LLMCluster,沪江英语,10010000012248,course.list_item.other,在英语中选择一门科目进行了解时，课程介绍极为模糊，有些甚至没有课程介绍！！！,2,10010000012202,在品牌英语中，赖世雄品牌出现了常春藤英语,other.other.other,沪江英语__C10,沪江英语__C5,0.049082,0,0,1,0,0,0,0
LLMCluster__沪江英语__10010000012248,llmcluster_glm-4-air,LLMCluster,沪江英语,10010000012248,course.list_item.other,在英语中选择一门科目进行了解时，课程介绍极为模糊，有些甚至没有课程介绍！！！,3,10010000012056,有按时间排序的选项，但是课程介绍却没有关于时间的信息，无法让用户知晓,course.list_item.cannot_or_fail,沪江英语__C5,沪江英语__C5,0.124842,0,1,0,0,0,0,0
LLMCluster__沪江英语__10010000012248,llmcluster_glm-4-air,LLMCluster,沪江英语,10010000012248,course.list_item.other,在英语中选择一门科目进行了解时，课程介绍极为模糊，有些甚至没有课程介绍！！！,4,10010000012316,在英语课程界面，按评价排序时，评价人数不足无法显示分数的课程也参与了评价，这导致少数初始分数较高的课程过只有少数几个人评价了的课程都可…,course.page_view.cannot_or_fail,沪江英语__C1,沪江英语__C5,0.046141,0,1,1,0,0,0,0
LLMCluster__沪江英语__10010000012248,llmcluster_glm-4-air,LLMCluster,沪江英语,10010000012248,course.list_item.other,在英语中选择一门科目进行了解时，课程介绍极为模糊，有些甚至没有课程介绍！！！,5,10010000012097,其他注册方式中选择QQ，提示非官方正版应用，要去应用宝下载，错误代码（100044）,register.other.wrong_value,沪江英语__C2,沪江英语__C5,0.029967,0,0,1,0,0,0,0
LLMCluster__沪江英语__10010000012248,llmcluster_glm-4-air,LLMCluster,沪江英语,10010000012248,course.list_item.other,在英语中选择一门科目进行了解时，课程介绍极为模糊，有些甚至没有课程介绍！！！,6,10010000012211,在英语考试中，考验锦囊中没有包含考验相关，,other.other.other,沪江英语__C9,沪江英语__C5,0.041122,0,0,1,0,0,0,0
LLMCluster__沪江英语__10010000012248,llmcluster_glm-4-air,LLMCluster,沪江英语,10010000012248,course.list_item.other,在英语中选择一门科目进行了解时，课程介绍极为模糊，有些甚至没有课程介绍！！！,7,10010000012115,成功登录应用进入英语课程界面，选择人气降序以及难度为初级的课程，查看选择结果显示为初级课程，但是并没有按照人气降序排序，见截图2,login.page_view.wrong_value,沪江英语__C1,沪江英语__C5,0.049261,0,0,1,0,0,0,0
LLMCluster__沪江英语__10010000012248,llmcluster_glm-4-air,LLMCluster,沪江英语,10010000012248,course.list_item.other,在英语中选择一门科目进行了解时，课程介绍极为模糊，有些甚至没有课程介绍！！！,8,10010000011990,在具体的某一课程介绍页面，不能够对评价的用户进行咨询，这样，不能很好的进行互动，应该增加一些用户与用户之间的讨论会好一些,course.page_view.cannot_or_fail,沪江英语__C6,沪江英语__C5,0.107742,0,1,1,0,0,1,0
LLMCluster__沪江英语__10010000012248,llmcluster_glm-4-air,LLMCluster,沪江英语,10010000012248,course.list_item.other,在英语中选择一门科目进行了解时，课程介绍极为模糊，有些甚至没有课程介绍！！！,9,10010000012247,进入课程页面，点击英语，点击人气按钮，发现不是按人气进行降序排列,course.button_icon.other,沪江英语__C1,沪江英语__C5,0.030063,0,1,1,0,0,0,0
LLMCluster__沪江英语__10010000012248,llmcluster_glm-4-air,LLMCluster,沪江英语,10010000012248,course.list_item.other,在英语中选择一门科目进行了解时，课程介绍极为模糊，有些甚至没有课程介绍！！！,10,10010000012227,当选择课程后进行选择每天学习的篇数时，数字上下滑动进行选择，数字滑动的区域太小不能进行准确的滑动。用户体验极为不佳。,course.list_item.cannot_or_fail,沪江英语__C5,沪江英语__C5,0.052023,0,1,0,0,0,0,0
LLMCluster__沪江英语__10010000012248,llmcluster_glm-4-air,LLMCluster,沪江英语,10010000012248,course.list_item.other,在英语中选择一门科目进行了解时，课程介绍极为模糊，有些甚至没有课程介绍！！！,11,10010000012145,按照评价排序功能异常：点击课程，英语，进入英语页面，在右下角点击评价按钮，课程没有按照评价排序，去截图，五星评价排在倒数第二位置，与需…,course.button_icon.other,沪江英语__C14,沪江英语__C5,0.041555,0,1,1,0,0,0,0
LLMCluster__沪江英语__10010000012248,llmcluster_glm-4-air,LLMCluster,沪江英语,10010000012248,course.list_item.other,在英语中选择一门科目进行了解时，课程介绍极为模糊，有些甚至没有课程介绍！！！,12,10010000012075,当进行第二次登录时，app给的默认用户名不是我的登录账号，输入正确密码也登录不进去！用户体验极为不好！！！,login.other.other,沪江英语__C8,沪江英语__C5,0.145798,0,0,1,0,0,0,0
LLMCluster__沪江英语__10010000012248,llmcluster_glm-4-air,LLMCluster,沪江英语,10010000012248,course.list_item.other,在英语中选择一门科目进行了解时，课程介绍极为模糊，有些甚至没有课程介绍！！！,13,10010000012025,成功登录应用后，进入课程页面，见截图1,login.page_view.other,沪江英语__C14,沪江英语__C5,0.019027,0,0,1,0,0,0,0
LLMCluster__沪江英语__10010000012248,llmcluster_glm-4-air,LLMCluster,沪江英语,10010000012248,course.list_item.other,在英语中选择一门科目进行了解时，课程介绍极为模糊，有些甚至没有课程介绍！！！,14,10010000012219,在英语页面中，没有搜索框，给用户的体验极为不佳，当用户有准确的学习方向，而不能直接搜索想要学习的方向，还只是进行选择，用户体验极为不佳。,search.page_view.cannot_or_fail,沪江英语__C7,沪江英语__C5,0.060055,0,0,1,0,0,0,0
LLMCluster__沪江英语__10010000012248,llmcluster_glm-4-air,LLMCluster,沪江英语,10010000012248,course.list_item.other,在英语中选择一门科目进行了解时，课程介绍极为模糊，有些甚至没有课程介绍！！！,15,10010000012130,按照人气排序功能异常：点击课程，英语，进入英语页面，在右下角点击人气按钮，课程没有按照人气排序，与需求不符。,course.button_icon.other,沪江英语__C1,沪江英语__C5,0.046977,0,1,1,0,0,0,0
LLMCluster__沪江英语__10010000012248,llmcluster_glm-4-air,LLMCluster,沪江英语,10010000012248,course.list_item.other,在英语中选择一门科目进行了解时，课程介绍极为模糊，有些甚至没有课程介绍！！！,16,10010000012065,成功登录应用，进入英语课程界面，点击该界面右下角的时间降序排序图标，可看到英语课程界面的所有课程按照上传时间降序排序，或者进入课程详情…,login.button_icon.other,沪江英语__C9,沪江英语__C5,0.05292,0,0,1,0,0,0,0
LLMCluster__沪江英语__10010000012248,llmcluster_glm-4-air,LLMCluster,沪江英语,10010000012248,course.list_item.other,在英语中选择一门科目进行了解时，课程介绍极为模糊，有些甚至没有课程介绍！！！,17,10010000012000,添加英语课程之后，点击进入课程，课程学习>点击做题：快速做题以后，点击查看结果，等待结果提交之后，点击再来一次出现程序崩溃闪退。,course.list_item.crash,沪江英语__C6,沪江英语__C5,0.036708,0,1,1,0,0,0,0
LLMCluster__沪江英语__10010000012248,llmcluster_glm-4-air,LLMCluster,沪江英语,10010000012248,course.list_item.other,在英语中选择一门科目进行了解时，课程介绍极为模糊，有些甚至没有课程介绍！！！,18,10010000012196,选择英语界面时，进行的跳转时间过长，用户体验极为不佳。,other.page_view.other,沪江英语__C5,沪江英语__C5,0.060399,0,0,0,0,0,0,0
LLMCluster__沪江英语__10010000012248,llmcluster_glm-4-air,LLMCluster,沪江英语,10010000012248,course.list_item.other,在英语中选择一门科目进行了解时，课程介绍极为模糊，有些甚至没有课程介绍！！！,19,10010000012104,进入英语课程页面，点击人气，课程应该按照人气进行排名，但是出现人气低的出现在人气高的前面。,course.page_view.other,沪江英语__C1,沪江英语__C5,0.044067,0,1,1,0,0,0,0
LLMCluster__沪江英语__10010000012248,llmcluster_glm-4-air,LLMCluster,沪江英语,10010000012248,course.list_item.other,在英语中选择一门科目进行了解时，课程介绍极为模糊，有些甚至没有课程介绍！！！,20,10010000012026,在英语界面中，选择展示全部英语后，再选择其他分项，此时再点回全部英语，全部英语下只有一个分项，也就是说，我点击全部英语需要点击两下（可…,other.page_view.other,沪江英语__C6,沪江英语__C5,0.045058,0,0,1,0,0,0,0
LLMCluster__沪江英语__10010000012248,llmcluster_glm-4-air,LLMCluster,沪江英语,10010000012248,course.list_item.other,在英语中选择一门科目进行了解时，课程介绍极为模糊，有些甚至没有课程介绍！！！,21,10010000012149,在课程学习界面，选择更多按钮时，出现的并非当前课程的更多信息，或与当前课程相关的信息，而是出现另一门与当前课程没有直接关联的课程信息。,course.button_icon.other,沪江英语__C5,沪江英语__C5,0.052955,0,1,0,0,0,0,0
LLMCluster__沪江英语__10010000012248,llmcluster_glm-4-air,LLMCluster,沪江英语,10010000012248,course.list_item.other,在英语中选择一门科目进行了解时，课程介绍极为模糊，有些甚至没有课程介绍！！！,22,10010000012239,在用户进行浏览课程时，并没有对课程进行更多的了解，只是出现目录和简要介绍，并且不能浏览课程，只能添加课程后才能进行学习。,course.list_item.cannot_or_fail,沪江英语__C5,沪江英语__C5,0.102567,0,1,0,0,0,0,0
LLMCluster__沪江英语__10010000012248,llmcluster_glm-4-air,LLMCluster,沪江英语,10010000012248,course.list_item.other,在英语中选择一门科目进行了解时，课程介绍极为模糊，有些甚至没有课程介绍！！！,23,10010000012199,在美式英语中，全部美式英语和纯正美式英语内容完全相同，没必要,other.other.other,沪江英语__C5,沪江英语__C5,0.038598,0,0,0,0,0,0,0
LLMCluster__沪江英语__10010000012248,llmcluster_glm-4-air,LLMCluster,沪江英语,10010000012248,course.list_item.other,在英语中选择一门科目进行了解时，课程介绍极为模糊，有些甚至没有课程介绍！！！,24,10010000012209,在英语课程按人气排列的列表里，可以看出排在最前面的基本都是有星级的，但是列表中的第四个课程“迷你小对话”，没有任何相关的等级信息，仍然…,course.list_item.other,沪江英语__C6,沪江英语__C5,0.03791,1,1,1,1,1,1,1
LLMCluster__沪江英语__10010000012248,llmcluster_glm-4-air,LLMCluster,沪江英语,10010000012248,course.list_item.other,在英语中选择一门科目进行了解时，课程介绍极为模糊，有些甚至没有课程介绍！！！,25,10010000012278,在英语课程页面中，点击英语类型为”少儿英语“，课程中间的英语类型没有更改，仍为”英语“,course.page_view.other,沪江英语__C5,沪江英语__C5,0.081644,0,1,0,0,0,0,0
LLMCluster__沪江英语__10010000012248,llmcluster_glm-4-air,LLMCluster,沪江英语,10010000012248,course.list_item.other,在英语中选择一门科目进行了解时，课程介绍极为模糊，有些甚至没有课程介绍！！！,26,10010000012116,点击课程介绍，弹出提示窗口，关闭提示窗口时没有进入相应的课程界面，而是返回到主界面,course.page_view.other,沪江英语__C5,沪江英语__C5,0.11123,0,1,0,0,0,0,0
LLMCluster__沪江英语__10010000012248,llmcluster_glm-4-air,LLMCluster,沪江英语,10010000012248,course.list_item.other,在英语中选择一门科目进行了解时，课程介绍极为模糊，有些甚至没有课程介绍！！！,27,10010000012011,在引导页面过程中，仅是帮助用户进行选择语种与随机推荐了课程，并没有对软件做基本的概述与使用方法的介绍或者app特色的介绍，用户体验差，…,course.page_view.other,沪江英语__C5,沪江英语__C5,0.090268,0,1,0,0,0,0,0
LLMCluster__沪江英语__10010000012248,llmcluster_glm-4-air,LLMCluster,沪江英语,10010000012248,course.list_item.other,在英语中选择一门科目进行了解时，课程介绍极为模糊，有些甚至没有课程介绍！！！,28,10010000012195,在课程页面，选择一个课程后，在该课程的详细页面，最下面一栏显示课程的推荐是根据人气、评价、时间等，但是这个顺序是系统默认的，用户不能自…,course.page_view.cannot_or_fail,沪江英语__C5,沪江英语__C5,0.053309,0,1,0,0,0,0,0
LLMCluster__沪江英语__10010000012248,llmcluster_glm-4-air,LLMCluster,沪江英语,10010000012248,course.list_item.other,在英语中选择一门科目进行了解时，课程介绍极为模糊，有些甚至没有课程介绍！！！,29,10010000012334,在英语课程界面，按人气排序时，并非按照学习人数排序，也不是按照评价人数排序。排序方式不明。,course.page_view.other,沪江英语__C1,沪江英语__C5,0.030826,0,1,1,0,0,0,0
LLMCluster__沪江英语__10010000012248,llmcluster_glm-4-air,LLMCluster,沪江英语,10010000012248,course.list_item.other,在英语中选择一门科目进行了解时，课程介绍极为模糊，有些甚至没有课程介绍！！！,30,10010000012071,人气排序:在所有课程里面点击下面的人气排序安扭，并没有安人气进行降序排序，好无规律,course.list_item.other,沪江英语__C1,沪江英语__C5,0.040043,1,1,1,1,1,1,1
LLMCluster__沪江英语__10010000012248,llmcluster_glm-4-air,LLMCluster,沪江英语,10010000012248,course.list_item.other,在英语中选择一门科目进行了解时，课程介绍极为模糊，有些甚至没有课程介绍！！！,31,10010000012129,成功登录应用进入英语课程界面，选择类型为阅读的课程，显示类型为阅读的所有课程，但是只有部分课程的名字下方有五星图标和评价数，有的课程下…,login.button_icon.other,沪江英语__C3,沪江英语__C5,0.072403,0,0,1,0,0,0,0
TFIDF+HC__沪江英语__10010000012048,tfidf_hc_K20,TFIDF+HC,沪江英语,10010000012048,other.other.cannot_or_fail,当输入密码时，输入两个字符会产生不对应的提示，应当提示字符不符合要求，但它提示的是不能用纯数字或者纯字母，用户体验极为不好！,1,10010000012049,登陆时输入错误密码，会提示用户名密码不相符，不知道是用户名错误还是密码错误，应该提示的更详细一些。,other.other.wrong_value,沪江英语__C1,沪江英语__C6,0.127232,0,1,1,0,0,1,0
TFIDF+HC__沪江英语__10010000012048,tfidf_hc_K20,TFIDF+HC,沪江英语,10010000012048,other.other.cannot_or_fail,当输入密码时，输入两个字符会产生不对应的提示，应当提示字符不符合要求，但它提示的是不能用纯数字或者纯字母，用户体验极为不好！,2,10010000012220,在评价课程界面，点击某个评价进行回复时，输入框出现的“回复xxx”可逐字删除，不能整体删除，并且删除任意个字符后该文本仍然是浅色显示并…,message_send.input_box.cannot_or_fail,沪江英语__C3,沪江英语__C6,0.096684,0,0,1,0,0,0,0
TFIDF+HC__沪江英语__10010000012048,tfidf_hc_K20,TFIDF+HC,沪江英语,10010000012048,other.other.cannot_or_fail,当输入密码时，输入两个字符会产生不对应的提示，应当提示字符不符合要求，但它提示的是不能用纯数字或者纯字母，用户体验极为不好！,3,10010000012196,选择英语界面时，进行的跳转时间过长，用户体验极为不佳。,other.page_view.other,沪江英语__C6,沪江英语__C6,0.118679,0,1,0,0,0,0,0
TFIDF+HC__沪江英语__10010000012048,tfidf_hc_K20,TFIDF+HC,沪江英语,10010000012048,other.other.cannot_or_fail,当输入密码时，输入两个字符会产生不对应的提示，应当提示字符不符合要求，但它提示的是不能用纯数字或者纯字母，用户体验极为不好！,4,10010000012024,注册完成后，进行登陆，登陆一直处于转圈卡屏中，大约3到5秒，影响用户体验。,register.other.other,沪江英语__C1,沪江英语__C6,0.028377,0,0,1,0,0,0,0
TFIDF+HC__沪江英语__10010000012048,tfidf_hc_K20,TFIDF+HC,沪江英语,10010000012048,other.other.cannot_or_fail,当输入密码时，输入两个字符会产生不对应的提示，应当提示字符不符合要求，但它提示的是不能用纯数字或者纯字母，用户体验极为不好！,5,10010000012249,用户体验差：在选择喜欢的内容的时候，界面的十个类别区别很大，但是可以同时选中十个开始推荐课程，这是不合理的情况，应该会有提示，例如“亲…,course.page_view.cannot_or_fail,沪江英语__C6,沪江英语__C6,0.082982,0,0,0,0,0,0,0
TFIDF+HC__沪江英语__10010000012048,tfidf_hc_K20,TFIDF+HC,沪江英语,10010000012048,other.other.cannot_or_fail,当输入密码时，输入两个字符会产生不对应的提示，应当提示字符不符合要求，但它提示的是不能用纯数字或者纯字母，用户体验极为不好！,6,10010000012063,在注册时，输入密码只要求输入一次，这样没有了再次验证的过程，用户输错密码的话就问题大了,register.other.other,沪江英语__C1,沪江英语__C6,0.131215,0,0,1,0,0,0,0
TFIDF+HC__沪江英语__10010000012048,tfidf_hc_K20,TFIDF+HC,沪江英语,10010000012048,other.other.cannot_or_fail,当输入密码时，输入两个字符会产生不对应的提示，应当提示字符不符合要求，但它提示的是不能用纯数字或者纯字母，用户体验极为不好！,7,10010000012263,用户体验差：在选择英语四六级体验课程时，每次进入的课程推荐都是相同的，同时对应的级别都是中高级和高级，但是对于中高级水平的同学其实很少…,course.page_view.other,沪江英语__C6,沪江英语__C6,0.06311,0,0,0,0,0,0,0
TFIDF+HC__沪江英语__10010000012048,tfidf_hc_K20,TFIDF+HC,沪江英语,10010000012048,other.other.cannot_or_fail,当输入密码时，输入两个字符会产生不对应的提示，应当提示字符不符合要求，但它提示的是不能用纯数字或者纯字母，用户体验极为不好！,8,10010000011929,注册的时候输入正确的手机号和图像验证码，输入包含数字和字母的21位密码，点击注册，本应该提示密码超过20位，让用户重新输入密码，但是成…,register.page_view.other,沪江英语__C1,沪江英语__C6,0.156559,0,0,1,0,0,0,0
TFIDF+HC__沪江英语__10010000012048,tfidf_hc_K20,TFIDF+HC,沪江英语,10010000012048,other.other.cannot_or_fail,当输入密码时，输入两个字符会产生不对应的提示，应当提示字符不符合要求，但它提示的是不能用纯数字或者纯字母，用户体验极为不好！,9,10010000012219,在英语页面中，没有搜索框，给用户的体验极为不佳，当用户有准确的学习方向，而不能直接搜索想要学习的方向，还只是进行选择，用户体验极为不佳。,search.page_view.cannot_or_fail,沪江英语__C6,沪江英语__C6,0.122235,0,0,0,0,0,0,0
TFIDF+HC__沪江英语__10010000012048,tfidf_hc_K20,TFIDF+HC,沪江英语,10010000012048,other.other.cannot_or_fail,当输入密码时，输入两个字符会产生不对应的提示，应当提示字符不符合要求，但它提示的是不能用纯数字或者纯字母，用户体验极为不好！,10,10010000012223,用户分享到微博，空间，qq的个人学习情况，在他人点击时，并未看到，而是让 他下载，用户体验不好,share.share_panel.other,沪江英语__C11,沪江英语__C6,0.05941,0,0,1,0,0,0,0
TFIDF+HC__沪江英语__10010000012048,tfidf_hc_K20,TFIDF+HC,沪江英语,10010000012048,other.other.cannot_or_fail,当输入密码时，输入两个字符会产生不对应的提示，应当提示字符不符合要求，但它提示的是不能用纯数字或者纯字母，用户体验极为不好！,11,10010000011988,进入app选择注册时，发送验证码到手机，当手机接受验证码并填写时，出现卡屏现象，不停地转圈圈，影响用户体验。,register.other.other,沪江英语__C1,沪江英语__C6,0.049143,0,0,1,0,0,0,0
TFIDF+HC__沪江英语__10010000012048,tfidf_hc_K20,TFIDF+HC,沪江英语,10010000012048,other.other.cannot_or_fail,当输入密码时，输入两个字符会产生不对应的提示，应当提示字符不符合要求，但它提示的是不能用纯数字或者纯字母，用户体验极为不好！,12,10010000012227,当选择课程后进行选择每天学习的篇数时，数字上下滑动进行选择，数字滑动的区域太小不能进行准确的滑动。用户体验极为不佳。,course.list_item.cannot_or_fail,沪江英语__C6,沪江英语__C6,0.113118,0,0,0,0,0,0,0
TFIDF+HC__沪江英语__10010000012048,tfidf_hc_K20,TFIDF+HC,沪江英语,10010000012048,other.other.cannot_or_fail,当输入密码时，输入两个字符会产生不对应的提示，应当提示字符不符合要求，但它提示的是不能用纯数字或者纯字母，用户体验极为不好！,13,10010000012075,当进行第二次登录时，app给的默认用户名不是我的登录账号，输入正确密码也登录不进去！用户体验极为不好！！！,login.other.other,沪江英语__C6,沪江英语__C6,0.16155,0,0,0,0,0,0,0
TFIDF+HC__沪江英语__10010000012048,tfidf_hc_K20,TFIDF+HC,沪江英语,10010000012048,other.other.cannot_or_fail,当输入密码时，输入两个字符会产生不对应的提示，应当提示字符不符合要求，但它提示的是不能用纯数字或者纯字母，用户体验极为不好！,14,10010000012077,问题描述:随意输入的20个字母用户名提示用户名不可以包含敏感词汇,other.other.cannot_or_fail,沪江英语__C1,沪江英语__C6,0.095311,1,1,1,1,1,1,1
TFIDF+HC__沪江英语__10010000012048,tfidf_hc_K20,TFIDF+HC,沪江英语,10010000012048,other.other.cannot_or_fail,当输入密码时，输入两个字符会产生不对应的提示，应当提示字符不符合要求，但它提示的是不能用纯数字或者纯字母，用户体验极为不好！,15,10010000012046,注册时输入不足要求的密码长度时，进行注册，提示不能是纯数字纯字母，与现实填写不相符，应提示密码不足以8位符号。,register.other.cannot_or_fail,沪江英语__C1,沪江英语__C6,0.244719,0,0,1,0,0,0,0
TFIDF+HC__沪江英语__10010000012048,tfidf_hc_K20,TFIDF+HC,沪江英语,10010000012048,other.other.cannot_or_fail,当输入密码时，输入两个字符会产生不对应的提示，应当提示字符不符合要求，但它提示的是不能用纯数字或者纯字母，用户体验极为不好！,16,10010000012253,在学习时无法进行下载，收藏，分享，选择下一项，选择列表等操作，用户体验极为不好，这个界面直接没有任何作用！！！！,share.page_view.cannot_or_fail,沪江英语__C6,沪江英语__C6,0.105896,0,0,0,0,0,0,0
TFIDF+HC__沪江英语__10010000012048,tfidf_hc_K20,TFIDF+HC,沪江英语,10010000012048,other.other.cannot_or_fail,当输入密码时，输入两个字符会产生不对应的提示，应当提示字符不符合要求，但它提示的是不能用纯数字或者纯字母，用户体验极为不好！,17,10010000012020,用户使用第三方登录，不容易发现登录界面，用户体验差，并且多次点击都无反应，或者反应迟缓，功能缺陷明显。,login.page_view.cannot_or_fail,沪江英语__C1,沪江英语__C6,0.062317,0,0,1,0,0,0,0
TFIDF+HC__沪江英语__10010000012048,tfidf_hc_K20,TFIDF+HC,沪江英语,10010000012048,other.other.cannot_or_fail,当输入密码时，输入两个字符会产生不对应的提示，应当提示字符不符合要求，但它提示的是不能用纯数字或者纯字母，用户体验极为不好！,18,10010000012359,用户在进行注册时，只让输入一遍密码，没有确认密码，此时容易输入错误，导入密码错误。,register.other.wrong_value,沪江英语__C1,沪江英语__C6,0.085678,0,0,1,0,0,0,0
TFIDF+HC__沪江英语__10010000012048,tfidf_hc_K20,TFIDF+HC,沪江英语,10010000012048,other.other.cannot_or_fail,当输入密码时，输入两个字符会产生不对应的提示，应当提示字符不符合要求，但它提示的是不能用纯数字或者纯字母，用户体验极为不好！,19,10010000012162,进行登录时，如果用户名或者密码没有填写，系统只是提示用户名或者密码不能为空，并没有重新聚焦到信息为空的那一栏。,login.other.cannot_or_fail,沪江英语__C1,沪江英语__C6,0.079652,0,0,1,0,0,0,0
TFIDF+HC__沪江英语__10010000012048,tfidf_hc_K20,TFIDF+HC,沪江英语,10010000012048,other.other.cannot_or_fail,当输入密码时，输入两个字符会产生不对应的提示，应当提示字符不符合要求，但它提示的是不能用纯数字或者纯字母，用户体验极为不好！,20,10010000011989,输入正确的手机短信验证码之后，再输入不包含特殊字符且长度超过20的用户名，没有禁止用户输入超过20字符长度的用户名。,other.other.other,沪江英语__C1,沪江英语__C6,0.122511,0,1,1,0,0,0,0
TFIDF+HC__沪江英语__10010000012048,tfidf_hc_K20,TFIDF+HC,沪江英语,10010000012048,other.other.cannot_or_fail,当输入密码时，输入两个字符会产生不对应的提示，应当提示字符不符合要求，但它提示的是不能用纯数字或者纯字母，用户体验极为不好！,21,10010000011978,在用户登录过程中，完成手机号注册时，在修改用户名称界面，用户输入过程中没有提示用户最多输入多少字符，并且没有提示用户名可输入什么类型的字符。,register.page_view.no_prompt,沪江英语__C1,沪江英语__C6,0.152314,0,0,1,0,0,0,0
TFIDF+HC__沪江英语__10010000012048,tfidf_hc_K20,TFIDF+HC,沪江英语,10010000012048,other.other.cannot_or_fail,当输入密码时，输入两个字符会产生不对应的提示，应当提示字符不符合要求，但它提示的是不能用纯数字或者纯字母，用户体验极为不好！,22,10010000012203,在评价课程界面，，输入框中输入大量文字之后，点击发送按钮，只有短暂加载提示，没有任何发送成功或失败的提示，并且评价最终没有发送成功。,message_send.input_box.cannot_or_fail,沪江英语__C3,沪江英语__C6,0.107516,0,0,1,0,0,0,0
TFIDF+HC__沪江英语__10010000012048,tfidf_hc_K20,TFIDF+HC,沪江英语,10010000012048,other.other.cannot_or_fail,当输入密码时，输入两个字符会产生不对应的提示，应当提示字符不符合要求，但它提示的是不能用纯数字或者纯字母，用户体验极为不好！,23,10010000012037,利用第三方登录中QQ登录时不能正常登录，会产生登录失败提示，告诉用户这不是正版QQ。用户体验非常差。,login.other.cannot_or_fail,沪江英语__C1,沪江英语__C6,0.099231,0,0,1,0,0,0,0
TFIDF+HC__沪江英语__10010000012048,tfidf_hc_K20,TFIDF+HC,沪江英语,10010000012048,other.other.cannot_or_fail,当输入密码时，输入两个字符会产生不对应的提示，应当提示字符不符合要求，但它提示的是不能用纯数字或者纯字母，用户体验极为不好！,24,10010000012003,通过手机快速登录方式进行登录，发送手机验证码后登录时，本来快速登录是为了快捷方便，首次登录还需设置密码，用户体验不佳。,login.page_view.other,沪江英语__C1,沪江英语__C6,0.047574,0,0,1,0,0,0,0
TFIDF+HC__沪江英语__10010000012048,tfidf_hc_K20,TFIDF+HC,沪江英语,10010000012048,other.other.cannot_or_fail,当输入密码时，输入两个字符会产生不对应的提示，应当提示字符不符合要求，但它提示的是不能用纯数字或者纯字母，用户体验极为不好！,25,10010000012157,用一个未存在的用户帐号登录，系统只是提示用户名密码不匹配，而没有提示该用户未注册并跳转到注册页面，导致用户一直在修改用户名或者密码，而…,register.page_view.no_prompt,沪江英语__C1,沪江英语__C6,0.083099,0,0,1,0,0,0,0
TFIDF+HC__沪江英语__10010000012048,tfidf_hc_K20,TFIDF+HC,沪江英语,10010000012048,other.other.cannot_or_fail,当输入密码时，输入两个字符会产生不对应的提示，应当提示字符不符合要求，但它提示的是不能用纯数字或者纯字母，用户体验极为不好！,26,10010000012217,进入英语课程，选择某一类课程，出现下拉课程，下拉没有刷新提示，上拉的时候有加载更多。下拉到底，也应该有个提示，提示刷新，或则没有更多了,course.list_item.other,沪江英语__C3,沪江英语__C6,0.074841,0,0,1,0,0,0,0
TFIDF+HC__沪江英语__10010000012048,tfidf_hc_K20,TFIDF+HC,沪江英语,10010000012048,other.other.cannot_or_fail,当输入密码时，输入两个字符会产生不对应的提示，应当提示字符不符合要求，但它提示的是不能用纯数字或者纯字母，用户体验极为不好！,27,10010000012058,在使用第三方邮箱登录过程中，输入邮箱等信息完成后，点击下方《沪江用户协议》查看浏览后返回，用户输入信息不存在，直接返回手机号注册，用户…,register.other.other,沪江英语__C1,沪江英语__C6,0.058887,0,0,1,0,0,0,0
SBERT+HC__沪江英语__10010000012048,sbert_hc_K20,SBERT+HC,沪江英语,10010000012048,other.other.cannot_or_fail,当输入密码时，输入两个字符会产生不对应的提示，应当提示字符不符合要求，但它提示的是不能用纯数字或者纯字母，用户体验极为不好！,1,10010000012037,利用第三方登录中QQ登录时不能正常登录，会产生登录失败提示，告诉用户这不是正版QQ。用户体验非常差。,login.other.cannot_or_fail,沪江英语__C0,沪江英语__C7,0.099231,0,0,1,0,0,0,0
SBERT+HC__沪江英语__10010000012048,sbert_hc_K20,SBERT+HC,沪江英语,10010000012048,other.other.cannot_or_fail,当输入密码时，输入两个字符会产生不对应的提示，应当提示字符不符合要求，但它提示的是不能用纯数字或者纯字母，用户体验极为不好！,2,10010000012359,用户在进行注册时，只让输入一遍密码，没有确认密码，此时容易输入错误，导入密码错误。,register.other.wrong_value,沪江英语__C0,沪江英语__C7,0.085678,0,0,1,0,0,0,0
SBERT+HC__沪江英语__10010000012048,sbert_hc_K20,SBERT+HC,沪江英语,10010000012048,other.other.cannot_or_fail,当输入密码时，输入两个字符会产生不对应的提示，应当提示字符不符合要求，但它提示的是不能用纯数字或者纯字母，用户体验极为不好！,3,10010000012075,当进行第二次登录时，app给的默认用户名不是我的登录账号，输入正确密码也登录不进去！用户体验极为不好！！！,login.other.other,沪江英语__C0,沪江英语__C7,0.16155,0,0,1,0,0,0,0
SBERT+HC__沪江英语__10010000012048,sbert_hc_K20,SBERT+HC,沪江英语,10010000012048,other.other.cannot_or_fail,当输入密码时，输入两个字符会产生不对应的提示，应当提示字符不符合要求，但它提示的是不能用纯数字或者纯字母，用户体验极为不好！,4,10010000012181,使用qq登录沪江英语时提示登入失败，提示应用非官方正式版,login.other.cannot_or_fail,沪江英语__C0,沪江英语__C7,0.060969,0,0,1,0,0,0,0
SBERT+HC__沪江英语__10010000012048,sbert_hc_K20,SBERT+HC,沪江英语,10010000012048,other.other.cannot_or_fail,当输入密码时，输入两个字符会产生不对应的提示，应当提示字符不符合要求，但它提示的是不能用纯数字或者纯字母，用户体验极为不好！,5,10010000011978,在用户登录过程中，完成手机号注册时，在修改用户名称界面，用户输入过程中没有提示用户最多输入多少字符，并且没有提示用户名可输入什么类型的字符。,register.page_view.no_prompt,沪江英语__C7,沪江英语__C7,0.152314,0,0,0,0,0,0,0
SBERT+HC__沪江英语__10010000012048,sbert_hc_K20,SBERT+HC,沪江英语,10010000012048,other.other.cannot_or_fail,当输入密码时，输入两个字符会产生不对应的提示，应当提示字符不符合要求，但它提示的是不能用纯数字或者纯字母，用户体验极为不好！,6,10010000012049,登陆时输入错误密码，会提示用户名密码不相符，不知道是用户名错误还是密码错误，应该提示的更详细一些。,other.other.wrong_value,沪江英语__C0,沪江英语__C7,0.127232,0,1,1,0,0,0,0
SBERT+HC__沪江英语__10010000012048,sbert_hc_K20,SBERT+HC,沪江英语,10010000012048,other.other.cannot_or_fail,当输入密码时，输入两个字符会产生不对应的提示，应当提示字符不符合要求，但它提示的是不能用纯数字或者纯字母，用户体验极为不好！,7,10010000012203,在评价课程界面，，输入框中输入大量文字之后，点击发送按钮，只有短暂加载提示，没有任何发送成功或失败的提示，并且评价最终没有发送成功。,message_send.input_box.cannot_or_fail,沪江英语__C1,沪江英语__C7,0.107516,0,0,1,0,0,0,0
SBERT+HC__沪江英语__10010000012048,sbert_hc_K20,SBERT+HC,沪江英语,10010000012048,other.other.cannot_or_fail,当输入密码时，输入两个字符会产生不对应的提示，应当提示字符不符合要求，但它提示的是不能用纯数字或者纯字母，用户体验极为不好！,8,10010000011965,问题描述:注册界面密码不满足条件时提示不统一,register.page_view.other,沪江英语__C0,沪江英语__C7,0.054936,0,0,1,0,0,0,0
SBERT+HC__沪江英语__10010000012048,sbert_hc_K20,SBERT+HC,沪江英语,10010000012048,other.other.cannot_or_fail,当输入密码时，输入两个字符会产生不对应的提示，应当提示字符不符合要求，但它提示的是不能用纯数字或者纯字母，用户体验极为不好！,9,10010000011962,用户注册页面，注册用户时，没有确认密码功能。为避免注册时输错密码，建议添加确认密码功能。,register.page_view.other,沪江英语__C0,沪江英语__C7,0.050438,0,0,1,0,0,0,0
SBERT+HC__沪江英语__10010000012048,sbert_hc_K20,SBERT+HC,沪江英语,10010000012048,other.other.cannot_or_fail,当输入密码时，输入两个字符会产生不对应的提示，应当提示字符不符合要求，但它提示的是不能用纯数字或者纯字母，用户体验极为不好！,10,10010000012063,在注册时，输入密码只要求输入一次，这样没有了再次验证的过程，用户输错密码的话就问题大了,register.other.other,沪江英语__C0,沪江英语__C7,0.131215,0,0,1,0,0,0,0
SBERT+HC__沪江英语__10010000012048,sbert_hc_K20,SBERT+HC,沪江英语,10010000012048,other.other.cannot_or_fail,当输入密码时，输入两个字符会产生不对应的提示，应当提示字符不符合要求，但它提示的是不能用纯数字或者纯字母，用户体验极为不好！,11,10010000012277,功能不完善：用户不能同时在难度类别里选择两个难度，例如，不能同时选择中级和中高级。因为用户可能对自己的情况了解不是很清楚，不会很明确的…,other.other.cannot_or_fail,沪江英语__C1,沪江英语__C7,0.05504,1,1,1,1,1,1,1
SBERT+HC__沪江英语__10010000012048,sbert_hc_K20,SBERT+HC,沪江英语,10010000012048,other.other.cannot_or_fail,当输入密码时，输入两个字符会产生不对应的提示，应当提示字符不符合要求，但它提示的是不能用纯数字或者纯字母，用户体验极为不好！,12,10010000012196,选择英语界面时，进行的跳转时间过长，用户体验极为不佳。,other.page_view.other,沪江英语__C1,沪江英语__C7,0.118679,0,1,1,0,0,0,0
SBERT+HC__沪江英语__10010000012048,sbert_hc_K20,SBERT+HC,沪江英语,10010000012048,other.other.cannot_or_fail,当输入密码时，输入两个字符会产生不对应的提示，应当提示字符不符合要求，但它提示的是不能用纯数字或者纯字母，用户体验极为不好！,13,10010000012039,正常的密码输入环节应该是手机验证码验证成功后。才由用户自己输入。而这个app竟然在点击了注册按钮之后才发送验证码,register.button_icon.other,沪江英语__C0,沪江英语__C7,0.052063,0,0,1,0,0,0,0
SBERT+HC__沪江英语__10010000012048,sbert_hc_K20,SBERT+HC,沪江英语,10010000012048,other.other.cannot_or_fail,当输入密码时，输入两个字符会产生不对应的提示，应当提示字符不符合要求，但它提示的是不能用纯数字或者纯字母，用户体验极为不好！,14,10010000012162,进行登录时，如果用户名或者密码没有填写，系统只是提示用户名或者密码不能为空，并没有重新聚焦到信息为空的那一栏。,login.other.cannot_or_fail,沪江英语__C0,沪江英语__C7,0.079652,0,0,1,0,0,0,0
SBERT+HC__沪江英语__10010000012048,sbert_hc_K20,SBERT+HC,沪江英语,10010000012048,other.other.cannot_or_fail,当输入密码时，输入两个字符会产生不对应的提示，应当提示字符不符合要求，但它提示的是不能用纯数字或者纯字母，用户体验极为不好！,15,10010000011989,输入正确的手机短信验证码之后，再输入不包含特殊字符且长度超过20的用户名，没有禁止用户输入超过20字符长度的用户名。,other.other.other,沪江英语__C7,沪江英语__C7,0.122511,0,1,0,0,0,0,0
SBERT+HC__沪江英语__10010000012048,sbert_hc_K20,SBERT+HC,沪江英语,10010000012048,other.other.cannot_or_fail,当输入密码时，输入两个字符会产生不对应的提示，应当提示字符不符合要求，但它提示的是不能用纯数字或者纯字母，用户体验极为不好！,16,10010000012077,问题描述:随意输入的20个字母用户名提示用户名不可以包含敏感词汇,other.other.cannot_or_fail,沪江英语__C7,沪江英语__C7,0.095311,1,1,0,0,0,0,0
SBERT+HC__沪江英语__10010000012048,sbert_hc_K20,SBERT+HC,沪江英语,10010000012048,other.other.cannot_or_fail,当输入密码时，输入两个字符会产生不对应的提示，应当提示字符不符合要求，但它提示的是不能用纯数字或者纯字母，用户体验极为不好！,17,10010000012050,当用户在输入账号前，并没有验证码输入验证，但输入结束后突然下边弹出一个验证栏目,other.other.other,沪江英语__C0,沪江英语__C7,0.072025,0,1,1,0,0,0,0
SBERT+HC__沪江英语__10010000012048,sbert_hc_K20,SBERT+HC,沪江英语,10010000012048,other.other.cannot_or_fail,当输入密码时，输入两个字符会产生不对应的提示，应当提示字符不符合要求，但它提示的是不能用纯数字或者纯字母，用户体验极为不好！,18,10010000012003,通过手机快速登录方式进行登录，发送手机验证码后登录时，本来快速登录是为了快捷方便，首次登录还需设置密码，用户体验不佳。,login.page_view.other,沪江英语__C0,沪江英语__C7,0.047574,0,0,1,0,0,0,0
SBERT+HC__沪江英语__10010000012048,sbert_hc_K20,SBERT+HC,沪江英语,10010000012048,other.other.cannot_or_fail,当输入密码时，输入两个字符会产生不对应的提示，应当提示字符不符合要求，但它提示的是不能用纯数字或者纯字母，用户体验极为不好！,19,10010000012285,用户体验差：进入英语界面的时候，括号里的（评价人数）感觉作用不大，很少有人想在列表的信息里看到这个作用不大的东西，第一眼看上去也会产生…,course.page_view.other,沪江英语__C1,沪江英语__C7,0.065952,0,0,1,0,0,0,0
SBERT+HC__沪江英语__10010000012048,sbert_hc_K20,SBERT+HC,沪江英语,10010000012048,other.other.cannot_or_fail,当输入密码时，输入两个字符会产生不对应的提示，应当提示字符不符合要求，但它提示的是不能用纯数字或者纯字母，用户体验极为不好！,20,10010000012169,在手机快速登录页面，只能按顺序从上到下填写信息，有的用户习惯是先获取手机动态码，再填写验证码，在这个应用里只能先填写验证码，没有灵活性。,login.page_view.other,沪江英语__C0,沪江英语__C7,0.026069,0,0,1,0,0,0,0
SBERT+HC__沪江英语__10010000012048,sbert_hc_K20,SBERT+HC,沪江英语,10010000012048,other.other.cannot_or_fail,当输入密码时，输入两个字符会产生不对应的提示，应当提示字符不符合要求，但它提示的是不能用纯数字或者纯字母，用户体验极为不好！,21,10010000011988,进入app选择注册时，发送验证码到手机，当手机接受验证码并填写时，出现卡屏现象，不停地转圈圈，影响用户体验。,register.other.other,沪江英语__C0,沪江英语__C7,0.049143,0,0,1,0,0,0,0
SBERT+HC__沪江英语__10010000012048,sbert_hc_K20,SBERT+HC,沪江英语,10010000012048,other.other.cannot_or_fail,当输入密码时，输入两个字符会产生不对应的提示，应当提示字符不符合要求，但它提示的是不能用纯数字或者纯字母，用户体验极为不好！,22,10010000012157,用一个未存在的用户帐号登录，系统只是提示用户名密码不匹配，而没有提示该用户未注册并跳转到注册页面，导致用户一直在修改用户名或者密码，而…,register.page_view.no_prompt,沪江英语__C0,沪江英语__C7,0.083099,0,0,1,0,0,0,0
SBERT+HC__沪江英语__10010000012048,sbert_hc_K20,SBERT+HC,沪江英语,10010000012048,other.other.cannot_or_fail,当输入密码时，输入两个字符会产生不对应的提示，应当提示字符不符合要求，但它提示的是不能用纯数字或者纯字母，用户体验极为不好！,23,10010000012046,注册时输入不足要求的密码长度时，进行注册，提示不能是纯数字纯字母，与现实填写不相符，应提示密码不足以8位符号。,register.other.cannot_or_fail,沪江英语__C7,沪江英语__C7,0.244719,0,0,0,0,0,0,0
SBERT+HC__沪江英语__10010000012048,sbert_hc_K20,SBERT+HC,沪江英语,10010000012048,other.other.cannot_or_fail,当输入密码时，输入两个字符会产生不对应的提示，应当提示字符不符合要求，但它提示的是不能用纯数字或者纯字母，用户体验极为不好！,24,10010000012002,当选择了注册时，会不经过用户同意直接发送验证码到手机，这影响了用户的使用安全问题。,register.other.other,沪江英语__C0,沪江英语__C7,0.035598,0,0,1,0,0,0,0
SBERT+HC__沪江英语__10010000012048,sbert_hc_K20,SBERT+HC,沪江英语,10010000012048,other.other.cannot_or_fail,当输入密码时，输入两个字符会产生不对应的提示，应当提示字符不符合要求，但它提示的是不能用纯数字或者纯字母，用户体验极为不好！,25,10010000012020,用户使用第三方登录，不容易发现登录界面，用户体验差，并且多次点击都无反应，或者反应迟缓，功能缺陷明显。,login.page_view.cannot_or_fail,沪江英语__C1,沪江英语__C7,0.062317,0,0,1,0,0,0,0
SBERT+HC__沪江英语__10010000012048,sbert_hc_K20,SBERT+HC,沪江英语,10010000012048,other.other.cannot_or_fail,当输入密码时，输入两个字符会产生不对应的提示，应当提示字符不符合要求，但它提示的是不能用纯数字或者纯字母，用户体验极为不好！,26,10010000011929,注册的时候输入正确的手机号和图像验证码，输入包含数字和字母的21位密码，点击注册，本应该提示密码超过20位，让用户重新输入密码，但是成…,register.page_view.other,沪江英语__C7,沪江英语__C7,0.156559,0,0,0,0,0,0,0
LLMCluster__沪江英语__10010000012048,llmcluster_glm-4-air,LLMCluster,沪江英语,10010000012048,other.other.cannot_or_fail,当输入密码时，输入两个字符会产生不对应的提示，应当提示字符不符合要求，但它提示的是不能用纯数字或者纯字母，用户体验极为不好！,1,10010000012263,用户体验差：在选择英语四六级体验课程时，每次进入的课程推荐都是相同的，同时对应的级别都是中高级和高级，但是对于中高级水平的同学其实很少…,course.page_view.other,沪江英语__C6,沪江英语__C4,0.06311,0,0,1,0,0,0,0
LLMCluster__沪江英语__10010000012048,llmcluster_glm-4-air,LLMCluster,沪江英语,10010000012048,other.other.cannot_or_fail,当输入密码时，输入两个字符会产生不对应的提示，应当提示字符不符合要求，但它提示的是不能用纯数字或者纯字母，用户体验极为不好！,2,10010000012011,在引导页面过程中，仅是帮助用户进行选择语种与随机推荐了课程，并没有对软件做基本的概述与使用方法的介绍或者app特色的介绍，用户体验差，…,course.page_view.other,沪江英语__C5,沪江英语__C4,0.046468,0,0,1,0,0,0,0
LLMCluster__沪江英语__10010000012048,llmcluster_glm-4-air,LLMCluster,沪江英语,10010000012048,other.other.cannot_or_fail,当输入密码时，输入两个字符会产生不对应的提示，应当提示字符不符合要求，但它提示的是不能用纯数字或者纯字母，用户体验极为不好！,3,10010000012220,在评价课程界面，点击某个评价进行回复时，输入框出现的“回复xxx”可逐字删除，不能整体删除，并且删除任意个字符后该文本仍然是浅色显示并…,message_send.input_box.cannot_or_fail,沪江英语__C6,沪江英语__C4,0.096684,0,0,1,0,0,0,0
LLMCluster__沪江英语__10010000012048,llmcluster_glm-4-air,LLMCluster,沪江英语,10010000012048,other.other.cannot_or_fail,当输入密码时，输入两个字符会产生不对应的提示，应当提示字符不符合要求，但它提示的是不能用纯数字或者纯字母，用户体验极为不好！,4,10010000012046,注册时输入不足要求的密码长度时，进行注册，提示不能是纯数字纯字母，与现实填写不相符，应提示密码不足以8位符号。,register.other.cannot_or_fail,沪江英语__C4,沪江英语__C4,0.244719,0,0,0,0,0,0,0
LLMCluster__沪江英语__10010000012048,llmcluster_glm-4-air,LLMCluster,沪江英语,10010000012048,other.other.cannot_or_fail,当输入密码时，输入两个字符会产生不对应的提示，应当提示字符不符合要求，但它提示的是不能用纯数字或者纯字母，用户体验极为不好！,5,10010000012196,选择英语界面时，进行的跳转时间过长，用户体验极为不佳。,other.page_view.other,沪江英语__C5,沪江英语__C4,0.118679,0,1,1,0,0,1,0
LLMCluster__沪江英语__10010000012048,llmcluster_glm-4-air,LLMCluster,沪江英语,10010000012048,other.other.cannot_or_fail,当输入密码时，输入两个字符会产生不对应的提示，应当提示字符不符合要求，但它提示的是不能用纯数字或者纯字母，用户体验极为不好！,6,10010000012223,用户分享到微博，空间，qq的个人学习情况，在他人点击时，并未看到，而是让 他下载，用户体验不好,share.share_panel.other,沪江英语__C9,沪江英语__C4,0.05941,0,0,1,0,0,0,0
LLMCluster__沪江英语__10010000012048,llmcluster_glm-4-air,LLMCluster,沪江英语,10010000012048,other.other.cannot_or_fail,当输入密码时，输入两个字符会产生不对应的提示，应当提示字符不符合要求，但它提示的是不能用纯数字或者纯字母，用户体验极为不好！,7,10010000012077,问题描述:随意输入的20个字母用户名提示用户名不可以包含敏感词汇,other.other.cannot_or_fail,沪江英语__C9,沪江英语__C4,0.095311,1,1,1,1,1,1,1
LLMCluster__沪江英语__10010000012048,llmcluster_glm-4-air,LLMCluster,沪江英语,10010000012048,other.other.cannot_or_fail,当输入密码时，输入两个字符会产生不对应的提示，应当提示字符不符合要求，但它提示的是不能用纯数字或者纯字母，用户体验极为不好！,8,10010000012217,进入英语课程，选择某一类课程，出现下拉课程，下拉没有刷新提示，上拉的时候有加载更多。下拉到底，也应该有个提示，提示刷新，或则没有更多了,course.list_item.other,沪江英语__C5,沪江英语__C4,0.074841,0,0,1,0,0,0,0
LLMCluster__沪江英语__10010000012048,llmcluster_glm-4-air,LLMCluster,沪江英语,10010000012048,other.other.cannot_or_fail,当输入密码时，输入两个字符会产生不对应的提示，应当提示字符不符合要求，但它提示的是不能用纯数字或者纯字母，用户体验极为不好！,9,10010000012003,通过手机快速登录方式进行登录，发送手机验证码后登录时，本来快速登录是为了快捷方便，首次登录还需设置密码，用户体验不佳。,login.page_view.other,沪江英语__C4,沪江英语__C4,0.047574,0,0,0,0,0,0,0
LLMCluster__沪江英语__10010000012048,llmcluster_glm-4-air,LLMCluster,沪江英语,10010000012048,other.other.cannot_or_fail,当输入密码时，输入两个字符会产生不对应的提示，应当提示字符不符合要求，但它提示的是不能用纯数字或者纯字母，用户体验极为不好！,10,10010000012157,用一个未存在的用户帐号登录，系统只是提示用户名密码不匹配，而没有提示该用户未注册并跳转到注册页面，导致用户一直在修改用户名或者密码，而…,register.page_view.no_prompt,沪江英语__C4,沪江英语__C4,0.083099,0,0,0,0,0,0,0
LLMCluster__沪江英语__10010000012048,llmcluster_glm-4-air,LLMCluster,沪江英语,10010000012048,other.other.cannot_or_fail,当输入密码时，输入两个字符会产生不对应的提示，应当提示字符不符合要求，但它提示的是不能用纯数字或者纯字母，用户体验极为不好！,11,10010000012227,当选择课程后进行选择每天学习的篇数时，数字上下滑动进行选择，数字滑动的区域太小不能进行准确的滑动。用户体验极为不佳。,course.list_item.cannot_or_fail,沪江英语__C5,沪江英语__C4,0.113118,0,0,1,0,0,0,0
LLMCluster__沪江英语__10010000012048,llmcluster_glm-4-air,LLMCluster,沪江英语,10010000012048,other.other.cannot_or_fail,当输入密码时，输入两个字符会产生不对应的提示，应当提示字符不符合要求，但它提示的是不能用纯数字或者纯字母，用户体验极为不好！,12,10010000012004,用户体验不好，登录时用户会把焦点放在了点击登录上，容易忽视上面的小图标,login.button_icon.other,沪江英语__C5,沪江英语__C4,0.051538,0,0,1,0,0,0,0
LLMCluster__沪江英语__10010000012048,llmcluster_glm-4-air,LLMCluster,沪江英语,10010000012048,other.other.cannot_or_fail,当输入密码时，输入两个字符会产生不对应的提示，应当提示字符不符合要求，但它提示的是不能用纯数字或者纯字母，用户体验极为不好！,13,10010000012203,在评价课程界面，，输入框中输入大量文字之后，点击发送按钮，只有短暂加载提示，没有任何发送成功或失败的提示，并且评价最终没有发送成功。,message_send.input_box.cannot_or_fail,沪江英语__C13,沪江英语__C4,0.107516,0,0,1,0,0,0,0
LLMCluster__沪江英语__10010000012048,llmcluster_glm-4-air,LLMCluster,沪江英语,10010000012048,other.other.cannot_or_fail,当输入密码时，输入两个字符会产生不对应的提示，应当提示字符不符合要求，但它提示的是不能用纯数字或者纯字母，用户体验极为不好！,14,10010000012020,用户使用第三方登录，不容易发现登录界面，用户体验差，并且多次点击都无反应，或者反应迟缓，功能缺陷明显。,login.page_view.cannot_or_fail,沪江英语__C2,沪江英语__C4,0.062317,0,0,1,0,0,0,0
LLMCluster__沪江英语__10010000012048,llmcluster_glm-4-air,LLMCluster,沪江英语,10010000012048,other.other.cannot_or_fail,当输入密码时，输入两个字符会产生不对应的提示，应当提示字符不符合要求，但它提示的是不能用纯数字或者纯字母，用户体验极为不好！,15,10010000012249,用户体验差：在选择喜欢的内容的时候，界面的十个类别区别很大，但是可以同时选中十个开始推荐课程，这是不合理的情况，应该会有提示，例如“亲…,course.page_view.cannot_or_fail,沪江英语__C5,沪江英语__C4,0.082982,0,0,1,0,0,0,0
LLMCluster__沪江英语__10010000012048,llmcluster_glm-4-air,LLMCluster,沪江英语,10010000012048,other.other.cannot_or_fail,当输入密码时，输入两个字符会产生不对应的提示，应当提示字符不符合要求，但它提示的是不能用纯数字或者纯字母，用户体验极为不好！,16,10010000012049,登陆时输入错误密码，会提示用户名密码不相符，不知道是用户名错误还是密码错误，应该提示的更详细一些。,other.other.wrong_value,沪江英语__C14,沪江英语__C4,0.127232,0,1,1,0,0,1,0
LLMCluster__沪江英语__10010000012048,llmcluster_glm-4-air,LLMCluster,沪江英语,10010000012048,other.other.cannot_or_fail,当输入密码时，输入两个字符会产生不对应的提示，应当提示字符不符合要求，但它提示的是不能用纯数字或者纯字母，用户体验极为不好！,17,10010000011978,在用户登录过程中，完成手机号注册时，在修改用户名称界面，用户输入过程中没有提示用户最多输入多少字符，并且没有提示用户名可输入什么类型的字符。,register.page_view.no_prompt,沪江英语__C8,沪江英语__C4,0.152314,0,0,1,0,0,0,0
LLMCluster__沪江英语__10010000012048,llmcluster_glm-4-air,LLMCluster,沪江英语,10010000012048,other.other.cannot_or_fail,当输入密码时，输入两个字符会产生不对应的提示，应当提示字符不符合要求，但它提示的是不能用纯数字或者纯字母，用户体验极为不好！,18,10010000012075,当进行第二次登录时，app给的默认用户名不是我的登录账号，输入正确密码也登录不进去！用户体验极为不好！！！,login.other.other,沪江英语__C8,沪江英语__C4,0.16155,0,0,1,0,0,0,0
LLMCluster__沪江英语__10010000012048,llmcluster_glm-4-air,LLMCluster,沪江英语,10010000012048,other.other.cannot_or_fail,当输入密码时，输入两个字符会产生不对应的提示，应当提示字符不符合要求，但它提示的是不能用纯数字或者纯字母，用户体验极为不好！,19,10010000012253,在学习时无法进行下载，收藏，分享，选择下一项，选择列表等操作，用户体验极为不好，这个界面直接没有任何作用！！！！,share.page_view.cannot_or_fail,沪江英语__C9,沪江英语__C4,0.105896,0,0,1,0,0,0,0
LLMCluster__沪江英语__10010000012048,llmcluster_glm-4-air,LLMCluster,沪江英语,10010000012048,other.other.cannot_or_fail,当输入密码时，输入两个字符会产生不对应的提示，应当提示字符不符合要求，但它提示的是不能用纯数字或者纯字母，用户体验极为不好！,20,10010000012162,进行登录时，如果用户名或者密码没有填写，系统只是提示用户名或者密码不能为空，并没有重新聚焦到信息为空的那一栏。,login.other.cannot_or_fail,沪江英语__C5,沪江英语__C4,0.079652,0,0,1,0,0,0,0
LLMCluster__沪江英语__10010000012048,llmcluster_glm-4-air,LLMCluster,沪江英语,10010000012048,other.other.cannot_or_fail,当输入密码时，输入两个字符会产生不对应的提示，应当提示字符不符合要求，但它提示的是不能用纯数字或者纯字母，用户体验极为不好！,21,10010000012285,用户体验差：进入英语界面的时候，括号里的（评价人数）感觉作用不大，很少有人想在列表的信息里看到这个作用不大的东西，第一眼看上去也会产生…,course.page_view.other,沪江英语__C5,沪江英语__C4,0.065952,0,0,1,0,0,0,0
LLMCluster__沪江英语__10010000012048,llmcluster_glm-4-air,LLMCluster,沪江英语,10010000012048,other.other.cannot_or_fail,当输入密码时，输入两个字符会产生不对应的提示，应当提示字符不符合要求，但它提示的是不能用纯数字或者纯字母，用户体验极为不好！,22,10010000012058,在使用第三方邮箱登录过程中，输入邮箱等信息完成后，点击下方《沪江用户协议》查看浏览后返回，用户输入信息不存在，直接返回手机号注册，用户…,register.other.other,沪江英语__C9,沪江英语__C4,0.058887,0,0,1,0,0,0,0
LLMCluster__沪江英语__10010000012048,llmcluster_glm-4-air,LLMCluster,沪江英语,10010000012048,other.other.cannot_or_fail,当输入密码时，输入两个字符会产生不对应的提示，应当提示字符不符合要求，但它提示的是不能用纯数字或者纯字母，用户体验极为不好！,23,10010000011989,输入正确的手机短信验证码之后，再输入不包含特殊字符且长度超过20的用户名，没有禁止用户输入超过20字符长度的用户名。,other.other.other,沪江英语__C4,沪江英语__C4,0.122511,0,1,0,0,0,0,0
LLMCluster__沪江英语__10010000012048,llmcluster_glm-4-air,LLMCluster,沪江英语,10010000012048,other.other.cannot_or_fail,当输入密码时，输入两个字符会产生不对应的提示，应当提示字符不符合要求，但它提示的是不能用纯数字或者纯字母，用户体验极为不好！,24,10010000012063,在注册时，输入密码只要求输入一次，这样没有了再次验证的过程，用户输错密码的话就问题大了,register.other.other,沪江英语__C4,沪江英语__C4,0.131215,0,0,0,0,0,0,0
LLMCluster__沪江英语__10010000012048,llmcluster_glm-4-air,LLMCluster,沪江英语,10010000012048,other.other.cannot_or_fail,当输入密码时，输入两个字符会产生不对应的提示，应当提示字符不符合要求，但它提示的是不能用纯数字或者纯字母，用户体验极为不好！,25,10010000012359,用户在进行注册时，只让输入一遍密码，没有确认密码，此时容易输入错误，导入密码错误。,register.other.wrong_value,沪江英语__C4,沪江英语__C4,0.085678,0,0,0,0,0,0,0
LLMCluster__沪江英语__10010000012048,llmcluster_glm-4-air,LLMCluster,沪江英语,10010000012048,other.other.cannot_or_fail,当输入密码时，输入两个字符会产生不对应的提示，应当提示字符不符合要求，但它提示的是不能用纯数字或者纯字母，用户体验极为不好！,26,10010000012219,在英语页面中，没有搜索框，给用户的体验极为不佳，当用户有准确的学习方向，而不能直接搜索想要学习的方向，还只是进行选择，用户体验极为不佳。,search.page_view.cannot_or_fail,沪江英语__C7,沪江英语__C4,0.122235,0,0,1,0,0,0,0
LLMCluster__沪江英语__10010000012048,llmcluster_glm-4-air,LLMCluster,沪江英语,10010000012048,other.other.cannot_or_fail,当输入密码时，输入两个字符会产生不对应的提示，应当提示字符不符合要求，但它提示的是不能用纯数字或者纯字母，用户体验极为不好！,27,10010000011929,注册的时候输入正确的手机号和图像验证码，输入包含数字和字母的21位密码，点击注册，本应该提示密码超过20位，让用户重新输入密码，但是成…,register.page_view.other,沪江英语__C4,沪江英语__C4,0.156559,0,0,0,0,0,0,0
LLMCluster__沪江英语__10010000012048,llmcluster_glm-4-air,LLMCluster,沪江英语,10010000012048,other.other.cannot_or_fail,当输入密码时，输入两个字符会产生不对应的提示，应当提示字符不符合要求，但它提示的是不能用纯数字或者纯字母，用户体验极为不好！,28,10010000012037,利用第三方登录中QQ登录时不能正常登录，会产生登录失败提示，告诉用户这不是正版QQ。用户体验非常差。,login.other.cannot_or_fail,沪江英语__C2,沪江英语__C4,0.099231,0,0,1,0,0,0,0
TFIDF+HC__沪江英语__10010000012212,tfidf_hc_K20,TFIDF+HC,沪江英语,10010000012212,course.page_view.other,手机网络为联通4G，运行内存2G，在沪江英语打开页面，对课程进行筛选，排序，加在课程资源，平均响应时间为2,1,10010000012130,按照人气排序功能异常：点击课程，英语，进入英语页面，在右下角点击人气按钮，课程没有按照人气排序，与需求不符。,course.button_icon.other,沪江英语__C3,沪江英语__C0,0.070004,0,1,1,0,0,0,0
TFIDF+HC__沪江英语__10010000012212,tfidf_hc_K20,TFIDF+HC,沪江英语,10010000012212,course.page_view.other,手机网络为联通4G，运行内存2G，在沪江英语打开页面，对课程进行筛选，排序，加在课程资源，平均响应时间为2,2,10010000012072,英语课程界面按人气排序，按评价排序和按时间排序都语法选择是递增排序或递减排序。,course.page_view.other,沪江英语__C3,沪江英语__C0,0.075116,1,1,1,1,1,1,1
TFIDF+HC__沪江英语__10010000012212,tfidf_hc_K20,TFIDF+HC,沪江英语,10010000012212,course.page_view.other,手机网络为联通4G，运行内存2G，在沪江英语打开页面，对课程进行筛选，排序，加在课程资源，平均响应时间为2,3,10010000012216,在课程页面，不能通过左右滑动在“我的”、“课程”、“社团”三个页面直接进行切换。,course.page_view.cannot_or_fail,沪江英语__C5,沪江英语__C0,0.05579,0,1,1,0,0,0,0
TFIDF+HC__沪江英语__10010000012212,tfidf_hc_K20,TFIDF+HC,沪江英语,10010000012212,course.page_view.other,手机网络为联通4G，运行内存2G，在沪江英语打开页面，对课程进行筛选，排序，加在课程资源，平均响应时间为2,4,10010000012266,点击注册登录按钮下方的“先试用一下”标题反应时间较长,register.button_icon.other,沪江英语__C1,沪江英语__C0,0.034948,0,0,1,0,0,0,0
TFIDF+HC__沪江英语__10010000012212,tfidf_hc_K20,TFIDF+HC,沪江英语,10010000012212,course.page_view.other,手机网络为联通4G，运行内存2G，在沪江英语打开页面，对课程进行筛选，排序，加在课程资源，平均响应时间为2,5,10010000012195,在课程页面，选择一个课程后，在该课程的详细页面，最下面一栏显示课程的推荐是根据人气、评价、时间等，但是这个顺序是系统默认的，用户不能自…,course.page_view.cannot_or_fail,沪江英语__C6,沪江英语__C0,0.071744,0,1,1,0,0,0,0
TFIDF+HC__沪江英语__10010000012212,tfidf_hc_K20,TFIDF+HC,沪江英语,10010000012212,course.page_view.other,手机网络为联通4G，运行内存2G，在沪江英语打开页面，对课程进行筛选，排序，加在课程资源，平均响应时间为2,6,10010000012334,在英语课程界面，按人气排序时，并非按照学习人数排序，也不是按照评价人数排序。排序方式不明。,course.page_view.other,沪江英语__C3,沪江英语__C0,0.062685,1,1,1,1,1,1,1
TFIDF+HC__沪江英语__10010000012212,tfidf_hc_K20,TFIDF+HC,沪江英语,10010000012212,course.page_view.other,手机网络为联通4G，运行内存2G，在沪江英语打开页面，对课程进行筛选，排序，加在课程资源，平均响应时间为2,7,10010000012065,成功登录应用，进入英语课程界面，点击该界面右下角的时间降序排序图标，可看到英语课程界面的所有课程按照上传时间降序排序，或者进入课程详情…,login.button_icon.other,沪江英语__C3,沪江英语__C0,0.080404,0,0,1,0,0,0,0
TFIDF+HC__沪江英语__10010000012212,tfidf_hc_K20,TFIDF+HC,沪江英语,10010000012212,course.page_view.other,手机网络为联通4G，运行内存2G，在沪江英语打开页面，对课程进行筛选，排序，加在课程资源，平均响应时间为2,8,10010000012198,选择排序方式的时候，点击人气排序，最终结果并没有按照人气的高低进行排序。,sort.other.other,沪江英语__C3,沪江英语__C0,0.0549,0,0,1,0,0,0,0
TFIDF+HC__沪江英语__10010000012212,tfidf_hc_K20,TFIDF+HC,沪江英语,10010000012212,course.page_view.other,手机网络为联通4G，运行内存2G，在沪江英语打开页面，对课程进行筛选，排序，加在课程资源，平均响应时间为2,9,10010000012006,打开图库查看Bug截图，沪江英语app出现闪退现象，手机自动存了该日志。,other.other.crash,沪江英语__C0,沪江英语__C0,0.103267,0,0,0,0,0,0,0
TFIDF+HC__沪江英语__10010000012212,tfidf_hc_K20,TFIDF+HC,沪江英语,10010000012212,course.page_view.other,手机网络为联通4G，运行内存2G，在沪江英语打开页面，对课程进行筛选，排序，加在课程资源，平均响应时间为2,10,10010000012069,在按人气或评论排序时，排序结果混乱。,sort.list_item.other,沪江英语__C3,沪江英语__C0,0.061507,0,0,1,0,0,0,0
TFIDF+HC__沪江英语__10010000012212,tfidf_hc_K20,TFIDF+HC,沪江英语,10010000012212,course.page_view.other,手机网络为联通4G，运行内存2G，在沪江英语打开页面，对课程进行筛选，排序，加在课程资源，平均响应时间为2,11,10010000012099,进入英语课程界面，选择高级，点击评价，英语课程应该按照评价从高到低进行排序，但是出现评价高的出现在评价低的后面。,course.page_view.other,沪江英语__C3,沪江英语__C0,0.061442,1,1,1,1,1,1,1
TFIDF+HC__沪江英语__10010000012212,tfidf_hc_K20,TFIDF+HC,沪江英语,10010000012212,course.page_view.other,手机网络为联通4G，运行内存2G，在沪江英语打开页面，对课程进行筛选，排序，加在课程资源，平均响应时间为2,12,10010000012302,英语课程中泛听课程进去页面后，各按钮功能没有实现,course.button_icon.other,沪江英语__C3,沪江英语__C0,0.057923,0,1,1,0,0,0,0
TFIDF+HC__沪江英语__10010000012212,tfidf_hc_K20,TFIDF+HC,沪江英语,10010000012212,course.page_view.other,手机网络为联通4G，运行内存2G，在沪江英语打开页面，对课程进行筛选，排序，加在课程资源，平均响应时间为2,13,10010000012201,在课程选择页，选择按人气筛选， 置顶课程非人气最高课程,course.list_item.other,沪江英语__C3,沪江英语__C0,0.091577,0,1,1,0,0,0,0
TFIDF+HC__沪江英语__10010000012212,tfidf_hc_K20,TFIDF+HC,沪江英语,10010000012212,course.page_view.other,手机网络为联通4G，运行内存2G，在沪江英语打开页面，对课程进行筛选，排序，加在课程资源，平均响应时间为2,14,10010000012181,使用qq登录沪江英语时提示登入失败，提示应用非官方正式版,login.other.cannot_or_fail,沪江英语__C1,沪江英语__C0,0.062127,0,0,1,0,0,0,0
TFIDF+HC__沪江英语__10010000012212,tfidf_hc_K20,TFIDF+HC,沪江英语,10010000012212,course.page_view.other,手机网络为联通4G，运行内存2G，在沪江英语打开页面，对课程进行筛选，排序，加在课程资源，平均响应时间为2,15,10010000012239,在用户进行浏览课程时，并没有对课程进行更多的了解，只是出现目录和简要介绍，并且不能浏览课程，只能添加课程后才能进行学习。,course.list_item.cannot_or_fail,沪江英语__C4,沪江英语__C0,0.082466,0,1,1,0,0,0,0
TFIDF+HC__沪江英语__10010000012212,tfidf_hc_K20,TFIDF+HC,沪江英语,10010000012212,course.page_view.other,手机网络为联通4G，运行内存2G，在沪江英语打开页面，对课程进行筛选，排序，加在课程资源，平均响应时间为2,16,10010000012051,在课程页面选择英语，进入英语课程选择页面，点击右上角选择类别为名人传记的英语类别，显示与名人传记不相关的类别。,course.page_view.other,沪江英语__C3,沪江英语__C0,0.061544,1,1,1,1,1,1,1
TFIDF+HC__沪江英语__10010000012212,tfidf_hc_K20,TFIDF+HC,沪江英语,10010000012212,course.page_view.other,手机网络为联通4G，运行内存2G，在沪江英语打开页面，对课程进行筛选，排序，加在课程资源，平均响应时间为2,17,10010000012330,安全性差：在用户没有进行课程学习的时候，也能对课程进行评价，这样容易造成恶意评价，从而导致社交系统的垃圾内容过多难以管理。此处应该设置…,course.page_view.other,沪江英语__C12,沪江英语__C0,0.065841,1,1,1,1,1,1,1
TFIDF+HC__沪江英语__10010000012212,tfidf_hc_K20,TFIDF+HC,沪江英语,10010000012212,course.page_view.other,手机网络为联通4G，运行内存2G，在沪江英语打开页面，对课程进行筛选，排序，加在课程资源，平均响应时间为2,18,10010000012242,在首页面进行注册的时候，通过邮箱和手机分别注册测试，注册成功显示设置用户名界面时，界面无响应，并显示，闪退后将缓存存到某目录下。此BU…,register.page_view.crash,沪江英语__C1,沪江英语__C0,0.055813,0,0,1,0,0,0,0
TFIDF+HC__沪江英语__10010000012212,tfidf_hc_K20,TFIDF+HC,沪江英语,10010000012212,course.page_view.other,手机网络为联通4G，运行内存2G，在沪江英语打开页面，对课程进行筛选，排序，加在课程资源，平均响应时间为2,19,10010000011963,进入沪江英语的课程，选择英语，选择具体某一项英语类别的时候，下数据的加载很慢，但是，获取的数据并不多，在进行人气、评价时间排序的时候，…,course.page_view.other,沪江英语__C3,沪江英语__C0,0.091897,1,1,1,1,1,1,1
TFIDF+HC__沪江英语__10010000012212,tfidf_hc_K20,TFIDF+HC,沪江英语,10010000012212,course.page_view.other,手机网络为联通4G，运行内存2G，在沪江英语打开页面，对课程进行筛选，排序，加在课程资源，平均响应时间为2,20,10010000011994,在进行用户注册的过程中，信息填写完毕后，点击注册按钮，响应时间过于长，等了一会才有反应。登录过程中也是如此。,register.button_icon.other,沪江英语__C1,沪江英语__C0,0.064466,0,0,1,0,0,0,0
TFIDF+HC__沪江英语__10010000012212,tfidf_hc_K20,TFIDF+HC,沪江英语,10010000012212,course.page_view.other,手机网络为联通4G，运行内存2G，在沪江英语打开页面，对课程进行筛选，排序，加在课程资源，平均响应时间为2,21,10010000012145,按照评价排序功能异常：点击课程，英语，进入英语页面，在右下角点击评价按钮，课程没有按照评价排序，去截图，五星评价排在倒数第二位置，与需…,course.button_icon.other,沪江英语__C3,沪江英语__C0,0.065797,0,1,1,0,0,0,0
TFIDF+HC__沪江英语__10010000012212,tfidf_hc_K20,TFIDF+HC,沪江英语,10010000012212,course.page_view.other,手机网络为联通4G，运行内存2G，在沪江英语打开页面，对课程进行筛选，排序，加在课程资源，平均响应时间为2,22,10010000012043,用户使用第三方登录，使用微信登录直接闪退回到注册页面，qq、微博注册均不成功。,register.page_view.crash,沪江英语__C1,沪江英语__C0,0.022293,0,0,1,0,0,0,0
TFIDF+HC__沪江英语__10010000012212,tfidf_hc_K20,TFIDF+HC,沪江英语,10010000012212,course.page_view.other,手机网络为联通4G，运行内存2G，在沪江英语打开页面，对课程进行筛选，排序，加在课程资源，平均响应时间为2,23,10010000011970,点击注册登陆按钮下方的，“先试用一下”标题反应时间较长,register.button_icon.other,沪江英语__C1,沪江英语__C0,0.037661,0,0,1,0,0,0,0
TFIDF+HC__沪江英语__10010000012212,tfidf_hc_K20,TFIDF+HC,沪江英语,10010000012212,course.page_view.other,手机网络为联通4G，运行内存2G，在沪江英语打开页面，对课程进行筛选，排序，加在课程资源，平均响应时间为2,24,10010000012071,人气排序:在所有课程里面点击下面的人气排序安扭，并没有安人气进行降序排序，好无规律,course.list_item.other,沪江英语__C3,沪江英语__C0,0.055931,0,1,1,0,0,0,0
SBERT+HC__沪江英语__10010000012212,sbert_hc_K20,SBERT+HC,沪江英语,10010000012212,course.page_view.other,手机网络为联通4G，运行内存2G，在沪江英语打开页面，对课程进行筛选，排序，加在课程资源，平均响应时间为2,1,10010000012243,在首次添加课程并制定计划之后，再次进入课程，并进入制定计划页面，显示的每天学习篇数的数值仍然是默认的1，而不是用户首次添加课程制定计划…,course.page_view.other,沪江英语__C2,沪江英语__C6,0.031911,1,1,1,1,1,1,1
SBERT+HC__沪江英语__10010000012212,sbert_hc_K20,SBERT+HC,沪江英语,10010000012212,course.page_view.other,手机网络为联通4G，运行内存2G，在沪江英语打开页面，对课程进行筛选，排序，加在课程资源，平均响应时间为2,2,10010000012251,首次添加课程时，进入制定计划页面，显示的每天学习的篇数即是该课程的总篇数。为保证学习质量，应对每天学习篇数进行一定限制。,course.page_view.other,沪江英语__C2,沪江英语__C6,0.039711,1,1,1,1,1,1,1
SBERT+HC__沪江英语__10010000012212,sbert_hc_K20,SBERT+HC,沪江英语,10010000012212,course.page_view.other,手机网络为联通4G，运行内存2G，在沪江英语打开页面，对课程进行筛选，排序，加在课程资源，平均响应时间为2,3,10010000012227,当选择课程后进行选择每天学习的篇数时，数字上下滑动进行选择，数字滑动的区域太小不能进行准确的滑动。用户体验极为不佳。,course.list_item.cannot_or_fail,沪江英语__C2,沪江英语__C6,0.034529,0,1,1,0,0,0,0
SBERT+HC__沪江英语__10010000012212,sbert_hc_K20,SBERT+HC,沪江英语,10010000012212,course.page_view.other,手机网络为联通4G，运行内存2G，在沪江英语打开页面，对课程进行筛选，排序，加在课程资源，平均响应时间为2,4,10010000012181,使用qq登录沪江英语时提示登入失败，提示应用非官方正式版,login.other.cannot_or_fail,沪江英语__C0,沪江英语__C6,0.062127,0,0,1,0,0,0,0
SBERT+HC__沪江英语__10010000012212,sbert_hc_K20,SBERT+HC,沪江英语,10010000012212,course.page_view.other,手机网络为联通4G，运行内存2G，在沪江英语打开页面，对课程进行筛选，排序，加在课程资源，平均响应时间为2,5,10010000011988,进入app选择注册时，发送验证码到手机，当手机接受验证码并填写时，出现卡屏现象，不停地转圈圈，影响用户体验。,register.other.other,沪江英语__C0,沪江英语__C6,0.036751,0,0,1,0,0,0,0
SBERT+HC__沪江英语__10010000012212,sbert_hc_K20,SBERT+HC,沪江英语,10010000012212,course.page_view.other,手机网络为联通4G，运行内存2G，在沪江英语打开页面，对课程进行筛选，排序，加在课程资源，平均响应时间为2,6,10010000012003,通过手机快速登录方式进行登录，发送手机验证码后登录时，本来快速登录是为了快捷方便，首次登录还需设置密码，用户体验不佳。,login.page_view.other,沪江英语__C0,沪江英语__C6,0.038423,0,0,1,0,0,0,0
SBERT+HC__沪江英语__10010000012212,sbert_hc_K20,SBERT+HC,沪江英语,10010000012212,course.page_view.other,手机网络为联通4G，运行内存2G，在沪江英语打开页面，对课程进行筛选，排序，加在课程资源，平均响应时间为2,7,10010000012169,在手机快速登录页面，只能按顺序从上到下填写信息，有的用户习惯是先获取手机动态码，再填写验证码，在这个应用里只能先填写验证码，没有灵活性。,login.page_view.other,沪江英语__C0,沪江英语__C6,0.038426,0,0,1,0,0,0,0
SBERT+HC__沪江英语__10010000012212,sbert_hc_K20,SBERT+HC,沪江英语,10010000012212,course.page_view.other,手机网络为联通4G，运行内存2G，在沪江英语打开页面，对课程进行筛选，排序，加在课程资源，平均响应时间为2,8,10010000012081,跳转到课程页面，英语图标和综合图标，沪江图标未正常显示，无法显示，下拉页面显示后。页面排布如下图。无线网络不佳，换用4 G流量刷新后也…,course.button_icon.cannot_or_fail,沪江英语__C18,沪江英语__C6,0.07772,0,1,1,0,0,0,0
SBERT+HC__沪江英语__10010000012212,sbert_hc_K20,SBERT+HC,沪江英语,10010000012212,course.page_view.other,手机网络为联通4G，运行内存2G，在沪江英语打开页面，对课程进行筛选，排序，加在课程资源，平均响应时间为2,9,10010000012061,成功登录并进入英语课程界面，点击评价降序图标后查看课程并没有按照评价数降序排序，见截图2,login.button_icon.other,沪江英语__C1,沪江英语__C6,0.061713,0,0,1,0,0,0,0
SBERT+HC__沪江英语__10010000012212,sbert_hc_K20,SBERT+HC,沪江英语,10010000012212,course.page_view.other,手机网络为联通4G，运行内存2G，在沪江英语打开页面，对课程进行筛选，排序，加在课程资源，平均响应时间为2,10,10010000011963,进入沪江英语的课程，选择英语，选择具体某一项英语类别的时候，下数据的加载很慢，但是，获取的数据并不多，在进行人气、评价时间排序的时候，…,course.page_view.other,沪江英语__C2,沪江英语__C6,0.091897,1,1,1,1,1,1,1
SBERT+HC__沪江英语__10010000012212,sbert_hc_K20,SBERT+HC,沪江英语,10010000012212,course.page_view.other,手机网络为联通4G，运行内存2G，在沪江英语打开页面，对课程进行筛选，排序，加在课程资源，平均响应时间为2,11,10010000012276,成功登录应用进入“我的”界面，点击课程《常春藤新闻英语听力》进入其详情界面，点击三点图标，显示“退订课程”，见截图1，而课程《流利英语…,login.button_icon.other,沪江英语__C1,沪江英语__C6,0.039709,0,0,1,0,0,0,0
SBERT+HC__沪江英语__10010000012212,sbert_hc_K20,SBERT+HC,沪江英语,10010000012212,course.page_view.other,手机网络为联通4G，运行内存2G，在沪江英语打开页面，对课程进行筛选，排序，加在课程资源，平均响应时间为2,12,10010000012006,打开图库查看Bug截图，沪江英语app出现闪退现象，手机自动存了该日志。,other.other.crash,沪江英语__C6,沪江英语__C6,0.103267,0,0,0,0,0,0,0
SBERT+HC__沪江英语__10010000012212,sbert_hc_K20,SBERT+HC,沪江英语,10010000012212,course.page_view.other,手机网络为联通4G，运行内存2G，在沪江英语打开页面，对课程进行筛选，排序，加在课程资源，平均响应时间为2,13,10010000012179,手机快速登录页面，及时手机动态码超时填写也能正常登录。,login.page_view.other,沪江英语__C0,沪江英语__C6,0.043151,0,0,1,0,0,0,0
SBERT+HC__沪江英语__10010000012212,sbert_hc_K20,SBERT+HC,沪江英语,10010000012212,course.page_view.other,手机网络为联通4G，运行内存2G，在沪江英语打开页面，对课程进行筛选，排序，加在课程资源，平均响应时间为2,14,10010000012093,在HTC ONE (安卓5.0.2)设备上分享课程给微信好友，在已打开并登陆微信的情况下，多次尝试全部提示分享失败。,share.list_item.cannot_share,沪江英语__C14,沪江英语__C6,0.037665,0,0,1,0,0,0,0
SBERT+HC__沪江英语__10010000012212,sbert_hc_K20,SBERT+HC,沪江英语,10010000012212,course.page_view.other,手机网络为联通4G，运行内存2G，在沪江英语打开页面，对课程进行筛选，排序，加在课程资源，平均响应时间为2,15,10010000012115,成功登录应用进入英语课程界面，选择人气降序以及难度为初级的课程，查看选择结果显示为初级课程，但是并没有按照人气降序排序，见截图2,login.page_view.wrong_value,沪江英语__C1,沪江英语__C6,0.070422,0,0,1,0,0,0,0
SBERT+HC__沪江英语__10010000012212,sbert_hc_K20,SBERT+HC,沪江英语,10010000012212,course.page_view.other,手机网络为联通4G，运行内存2G，在沪江英语打开页面，对课程进行筛选，排序，加在课程资源，平均响应时间为2,16,10010000012242,在首页面进行注册的时候，通过邮箱和手机分别注册测试，注册成功显示设置用户名界面时，界面无响应，并显示，闪退后将缓存存到某目录下。此BU…,register.page_view.crash,沪江英语__C0,沪江英语__C6,0.055813,0,0,1,0,0,0,0
SBERT+HC__沪江英语__10010000012212,sbert_hc_K20,SBERT+HC,沪江英语,10010000012212,course.page_view.other,手机网络为联通4G，运行内存2G，在沪江英语打开页面，对课程进行筛选，排序，加在课程资源，平均响应时间为2,17,10010000012014,手机快速登录方式登录，获取验证码60秒内均有效，动态获取动态码后，输入动态码，不直接登录，点击返回，在重新进入手机快速登录页面，刚才填…,login.page_view.wrong_value,沪江英语__C0,沪江英语__C6,0.045164,0,0,1,0,0,0,0
SBERT+HC__沪江英语__10010000012212,sbert_hc_K20,SBERT+HC,沪江英语,10010000012212,course.page_view.other,手机网络为联通4G，运行内存2G，在沪江英语打开页面，对课程进行筛选，排序，加在课程资源，平均响应时间为2,18,10010000012065,成功登录应用，进入英语课程界面，点击该界面右下角的时间降序排序图标，可看到英语课程界面的所有课程按照上传时间降序排序，或者进入课程详情…,login.button_icon.other,沪江英语__C1,沪江英语__C6,0.080404,0,0,1,0,0,0,0
SBERT+HC__沪江英语__10010000012212,sbert_hc_K20,SBERT+HC,沪江英语,10010000012212,course.page_view.other,手机网络为联通4G，运行内存2G，在沪江英语打开页面，对课程进行筛选，排序，加在课程资源，平均响应时间为2,19,10010000012017,当手机号码已经注册后，想起用第三方登录，第三方登录中点击微信登陆不能使用，只会弹出一个界面然后闪退这个界面，回到第三方登录界面。,register.page_view.crash,沪江英语__C0,沪江英语__C6,0.017551,0,0,1,0,0,0,0
SBERT+HC__沪江英语__10010000012212,sbert_hc_K20,SBERT+HC,沪江英语,10010000012212,course.page_view.other,手机网络为联通4G，运行内存2G，在沪江英语打开页面，对课程进行筛选，排序，加在课程资源，平均响应时间为2,20,10010000012025,成功登录应用后，进入课程页面，见截图1,login.page_view.other,沪江英语__C1,沪江英语__C6,0.045681,0,0,1,0,0,0,0
SBERT+HC__沪江英语__10010000012212,sbert_hc_K20,SBERT+HC,沪江英语,10010000012212,course.page_view.other,手机网络为联通4G，运行内存2G，在沪江英语打开页面，对课程进行筛选，排序，加在课程资源，平均响应时间为2,21,10010000012236,成功登录应用进入英语课程界面，点击《常春藤新闻英语听力》课程并成功添加，制作学习计划时，该界面并没有显示如截图2中的多少天可完成学习，…,login.page_view.other,沪江英语__C1,沪江英语__C6,0.041439,0,0,1,0,0,0,0
SBERT+HC__沪江英语__10010000012212,sbert_hc_K20,SBERT+HC,沪江英语,10010000012212,course.page_view.other,手机网络为联通4G，运行内存2G，在沪江英语打开页面，对课程进行筛选，排序，加在课程资源，平均响应时间为2,22,10010000012174,问题描述:已添加课程分享到微信提示没有安装客户端（分享到朋友圈也出现相同情况）,share.list_item.other,沪江英语__C14,沪江英语__C6,0.008724,0,0,1,0,0,0,0
SBERT+HC__沪江英语__10010000012212,sbert_hc_K20,SBERT+HC,沪江英语,10010000012212,course.page_view.other,手机网络为联通4G，运行内存2G，在沪江英语打开页面，对课程进行筛选，排序，加在课程资源，平均响应时间为2,23,10010000012091,刚才操作时，网络不佳，但是再刷新时若是因为网络原因刷新不出来课程,course.list_item.other,沪江英语__C18,沪江英语__C6,0.060484,0,1,1,0,0,0,0
SBERT+HC__沪江英语__10010000012212,sbert_hc_K20,SBERT+HC,沪江英语,10010000012212,course.page_view.other,手机网络为联通4G，运行内存2G，在沪江英语打开页面，对课程进行筛选，排序，加在课程资源，平均响应时间为2,24,10010000012041,"添加课程后选择篇数建议能循环滚动，比如1向下划到20,20向上划到1",course.list_item.other,沪江英语__C2,沪江英语__C6,0.029185,0,1,1,0,0,0,0
SBERT+HC__沪江英语__10010000012212,sbert_hc_K20,SBERT+HC,沪江英语,10010000012212,course.page_view.other,手机网络为联通4G，运行内存2G，在沪江英语打开页面，对课程进行筛选，排序，加在课程资源，平均响应时间为2,25,10010000012262,成功登录应用进入“我的”界面，课程《常春藤新闻英语听力》的三点图标在课程详情界面的右上角，见截图1，而课程《流利英语口语1》的三点图标…,login.button_icon.other,沪江英语__C1,沪江英语__C6,0.041935,0,0,1,0,0,0,0
SBERT+HC__沪江英语__10010000012212,sbert_hc_K20,SBERT+HC,沪江英语,10010000012212,course.page_view.other,手机网络为联通4G，运行内存2G，在沪江英语打开页面，对课程进行筛选，排序，加在课程资源，平均响应时间为2,26,10010000012015,在网络稳定且手机状态正常的情况下，课程不能正常使用，图片不能正常加载。,course.list_item.cannot_or_fail,沪江英语__C18,沪江英语__C6,0.045506,0,1,1,0,0,0,0
SBERT+HC__沪江英语__10010000012212,sbert_hc_K20,SBERT+HC,沪江英语,10010000012212,course.page_view.other,手机网络为联通4G，运行内存2G，在沪江英语打开页面，对课程进行筛选，排序，加在课程资源，平均响应时间为2,27,10010000012122,在HTC ONE (安卓5.0.2)上分享课程到微信朋友圈，已提前登陆并打开微信的情况下多次尝试均提示失败。,share.list_item.cannot_share,沪江英语__C14,沪江英语__C6,0.03735,0,0,1,0,0,0,0
SBERT+HC__沪江英语__10010000012212,sbert_hc_K20,SBERT+HC,沪江英语,10010000012212,course.page_view.other,手机网络为联通4G，运行内存2G，在沪江英语打开页面，对课程进行筛选，排序，加在课程资源，平均响应时间为2,28,10010000012281,用户体验差：在选择课程界面时，按照人气、评价、时间排序的顺序，触点不够灵敏，按钮不够灵敏，有时需要多按几下，所以用户有时单手操作时造成…,course.button_icon.other,沪江英语__C1,沪江英语__C6,0.03956,0,1,1,0,0,0,0
LLMCluster__沪江英语__10010000012212,llmcluster_glm-4-air,LLMCluster,沪江英语,10010000012212,course.page_view.other,手机网络为联通4G，运行内存2G，在沪江英语打开页面，对课程进行筛选，排序，加在课程资源，平均响应时间为2,1,10010000012242,在首页面进行注册的时候，通过邮箱和手机分别注册测试，注册成功显示设置用户名界面时，界面无响应，并显示，闪退后将缓存存到某目录下。此BU…,register.page_view.crash,沪江英语__C4,沪江英语__C6,0.055813,0,0,1,0,0,0,0
LLMCluster__沪江英语__10010000012212,llmcluster_glm-4-air,LLMCluster,沪江英语,10010000012212,course.page_view.other,手机网络为联通4G，运行内存2G，在沪江英语打开页面，对课程进行筛选，排序，加在课程资源，平均响应时间为2,2,10010000011970,点击注册登陆按钮下方的，“先试用一下”标题反应时间较长,register.button_icon.other,沪江英语__C5,沪江英语__C6,0.037661,0,0,1,0,0,0,0
LLMCluster__沪江英语__10010000012212,llmcluster_glm-4-air,LLMCluster,沪江英语,10010000012212,course.page_view.other,手机网络为联通4G，运行内存2G，在沪江英语打开页面，对课程进行筛选，排序，加在课程资源，平均响应时间为2,3,10010000012279,英语课程列表建议增加在顶部下滑刷新课程功能,course.list_item.other,沪江英语__C5,沪江英语__C6,0.044767,0,1,1,0,0,0,0
LLMCluster__沪江英语__10010000012212,llmcluster_glm-4-air,LLMCluster,沪江英语,10010000012212,course.page_view.other,手机网络为联通4G，运行内存2G，在沪江英语打开页面，对课程进行筛选，排序，加在课程资源，平均响应时间为2,4,10010000012201,在课程选择页，选择按人气筛选， 置顶课程非人气最高课程,course.list_item.other,沪江英语__C5,沪江英语__C6,0.091577,0,1,1,0,0,0,0
LLMCluster__沪江英语__10010000012212,llmcluster_glm-4-air,LLMCluster,沪江英语,10010000012212,course.page_view.other,手机网络为联通4G，运行内存2G，在沪江英语打开页面，对课程进行筛选，排序，加在课程资源，平均响应时间为2,5,10010000012216,在课程页面，不能通过左右滑动在“我的”、“课程”、“社团”三个页面直接进行切换。,course.page_view.cannot_or_fail,沪江英语__C5,沪江英语__C6,0.05579,0,1,1,0,0,0,0
LLMCluster__沪江英语__10010000012212,llmcluster_glm-4-air,LLMCluster,沪江英语,10010000012212,course.page_view.other,手机网络为联通4G，运行内存2G，在沪江英语打开页面，对课程进行筛选，排序，加在课程资源，平均响应时间为2,6,10010000012330,安全性差：在用户没有进行课程学习的时候，也能对课程进行评价，这样容易造成恶意评价，从而导致社交系统的垃圾内容过多难以管理。此处应该设置…,course.page_view.other,沪江英语__C9,沪江英语__C6,0.065841,1,1,1,1,1,1,1
LLMCluster__沪江英语__10010000012212,llmcluster_glm-4-air,LLMCluster,沪江英语,10010000012212,course.page_view.other,手机网络为联通4G，运行内存2G，在沪江英语打开页面，对课程进行筛选，排序，加在课程资源，平均响应时间为2,7,10010000012302,英语课程中泛听课程进去页面后，各按钮功能没有实现,course.button_icon.other,沪江英语__C6,沪江英语__C6,0.057923,0,1,0,0,0,0,0
LLMCluster__沪江英语__10010000012212,llmcluster_glm-4-air,LLMCluster,沪江英语,10010000012212,course.page_view.other,手机网络为联通4G，运行内存2G，在沪江英语打开页面，对课程进行筛选，排序，加在课程资源，平均响应时间为2,8,10010000011994,在进行用户注册的过程中，信息填写完毕后，点击注册按钮，响应时间过于长，等了一会才有反应。登录过程中也是如此。,register.button_icon.other,沪江英语__C4,沪江英语__C6,0.064466,0,0,1,0,0,0,0
LLMCluster__沪江英语__10010000012212,llmcluster_glm-4-air,LLMCluster,沪江英语,10010000012212,course.page_view.other,手机网络为联通4G，运行内存2G，在沪江英语打开页面，对课程进行筛选，排序，加在课程资源，平均响应时间为2,9,10010000012069,在按人气或评论排序时，排序结果混乱。,sort.list_item.other,沪江英语__C1,沪江英语__C6,0.061507,0,0,1,0,0,0,0
LLMCluster__沪江英语__10010000012212,llmcluster_glm-4-air,LLMCluster,沪江英语,10010000012212,course.page_view.other,手机网络为联通4G，运行内存2G，在沪江英语打开页面，对课程进行筛选，排序，加在课程资源，平均响应时间为2,10,10010000012181,使用qq登录沪江英语时提示登入失败，提示应用非官方正式版,login.other.cannot_or_fail,沪江英语__C2,沪江英语__C6,0.062127,0,0,1,0,0,0,0
LLMCluster__沪江英语__10010000012212,llmcluster_glm-4-air,LLMCluster,沪江英语,10010000012212,course.page_view.other,手机网络为联通4G，运行内存2G，在沪江英语打开页面，对课程进行筛选，排序，加在课程资源，平均响应时间为2,11,10010000012130,按照人气排序功能异常：点击课程，英语，进入英语页面，在右下角点击人气按钮，课程没有按照人气排序，与需求不符。,course.button_icon.other,沪江英语__C1,沪江英语__C6,0.070004,0,1,1,0,0,0,0
LLMCluster__沪江英语__10010000012212,llmcluster_glm-4-air,LLMCluster,沪江英语,10010000012212,course.page_view.other,手机网络为联通4G，运行内存2G，在沪江英语打开页面，对课程进行筛选，排序，加在课程资源，平均响应时间为2,12,10010000012072,英语课程界面按人气排序，按评价排序和按时间排序都语法选择是递增排序或递减排序。,course.page_view.other,沪江英语__C1,沪江英语__C6,0.075116,1,1,1,1,1,1,1
LLMCluster__沪江英语__10010000012212,llmcluster_glm-4-air,LLMCluster,沪江英语,10010000012212,course.page_view.other,手机网络为联通4G，运行内存2G，在沪江英语打开页面，对课程进行筛选，排序，加在课程资源，平均响应时间为2,13,10010000012071,人气排序:在所有课程里面点击下面的人气排序安扭，并没有安人气进行降序排序，好无规律,course.list_item.other,沪江英语__C1,沪江英语__C6,0.055931,0,1,1,0,0,0,0
LLMCluster__沪江英语__10010000012212,llmcluster_glm-4-air,LLMCluster,沪江英语,10010000012212,course.page_view.other,手机网络为联通4G，运行内存2G，在沪江英语打开页面，对课程进行筛选，排序，加在课程资源，平均响应时间为2,14,10010000012006,打开图库查看Bug截图，沪江英语app出现闪退现象，手机自动存了该日志。,other.other.crash,沪江英语__C9,沪江英语__C6,0.103267,0,0,1,0,0,0,0
LLMCluster__沪江英语__10010000012212,llmcluster_glm-4-air,LLMCluster,沪江英语,10010000012212,course.page_view.other,手机网络为联通4G，运行内存2G，在沪江英语打开页面，对课程进行筛选，排序，加在课程资源，平均响应时间为2,15,10010000012334,在英语课程界面，按人气排序时，并非按照学习人数排序，也不是按照评价人数排序。排序方式不明。,course.page_view.other,沪江英语__C1,沪江英语__C6,0.062685,1,1,1,1,1,1,1
LLMCluster__沪江英语__10010000012212,llmcluster_glm-4-air,LLMCluster,沪江英语,10010000012212,course.page_view.other,手机网络为联通4G，运行内存2G，在沪江英语打开页面，对课程进行筛选，排序，加在课程资源，平均响应时间为2,16,10010000012145,按照评价排序功能异常：点击课程，英语，进入英语页面，在右下角点击评价按钮，课程没有按照评价排序，去截图，五星评价排在倒数第二位置，与需…,course.button_icon.other,沪江英语__C14,沪江英语__C6,0.065797,0,1,1,0,0,0,0
LLMCluster__沪江英语__10010000012212,llmcluster_glm-4-air,LLMCluster,沪江英语,10010000012212,course.page_view.other,手机网络为联通4G，运行内存2G，在沪江英语打开页面，对课程进行筛选，排序，加在课程资源，平均响应时间为2,17,10010000012239,在用户进行浏览课程时，并没有对课程进行更多的了解，只是出现目录和简要介绍，并且不能浏览课程，只能添加课程后才能进行学习。,course.list_item.cannot_or_fail,沪江英语__C5,沪江英语__C6,0.082466,0,1,1,0,0,0,0
LLMCluster__沪江英语__10010000012212,llmcluster_glm-4-air,LLMCluster,沪江英语,10010000012212,course.page_view.other,手机网络为联通4G，运行内存2G，在沪江英语打开页面，对课程进行筛选，排序，加在课程资源，平均响应时间为2,18,10010000012195,在课程页面，选择一个课程后，在该课程的详细页面，最下面一栏显示课程的推荐是根据人气、评价、时间等，但是这个顺序是系统默认的，用户不能自…,course.page_view.cannot_or_fail,沪江英语__C5,沪江英语__C6,0.071744,0,1,1,0,0,0,0
LLMCluster__沪江英语__10010000012212,llmcluster_glm-4-air,LLMCluster,沪江英语,10010000012212,course.page_view.other,手机网络为联通4G，运行内存2G，在沪江英语打开页面，对课程进行筛选，排序，加在课程资源，平均响应时间为2,19,10010000012099,进入英语课程界面，选择高级，点击评价，英语课程应该按照评价从高到低进行排序，但是出现评价高的出现在评价低的后面。,course.page_view.other,沪江英语__C1,沪江英语__C6,0.061442,1,1,1,1,1,1,1
LLMCluster__沪江英语__10010000012212,llmcluster_glm-4-air,LLMCluster,沪江英语,10010000012212,course.page_view.other,手机网络为联通4G，运行内存2G，在沪江英语打开页面，对课程进行筛选，排序，加在课程资源，平均响应时间为2,20,10010000012051,在课程页面选择英语，进入英语课程选择页面，点击右上角选择类别为名人传记的英语类别，显示与名人传记不相关的类别。,course.page_view.other,沪江英语__C5,沪江英语__C6,0.061544,1,1,1,1,1,1,1
LLMCluster__沪江英语__10010000012212,llmcluster_glm-4-air,LLMCluster,沪江英语,10010000012212,course.page_view.other,手机网络为联通4G，运行内存2G，在沪江英语打开页面，对课程进行筛选，排序，加在课程资源，平均响应时间为2,21,10010000011963,进入沪江英语的课程，选择英语，选择具体某一项英语类别的时候，下数据的加载很慢，但是，获取的数据并不多，在进行人气、评价时间排序的时候，…,course.page_view.other,沪江英语__C7,沪江英语__C6,0.091897,1,1,1,1,1,1,1
LLMCluster__沪江英语__10010000012212,llmcluster_glm-4-air,LLMCluster,沪江英语,10010000012212,course.page_view.other,手机网络为联通4G，运行内存2G，在沪江英语打开页面，对课程进行筛选，排序，加在课程资源，平均响应时间为2,22,10010000012198,选择排序方式的时候，点击人气排序，最终结果并没有按照人气的高低进行排序。,sort.other.other,沪江英语__C1,沪江英语__C6,0.0549,0,0,1,0,0,0,0
LLMCluster__沪江英语__10010000012212,llmcluster_glm-4-air,LLMCluster,沪江英语,10010000012212,course.page_view.other,手机网络为联通4G，运行内存2G，在沪江英语打开页面，对课程进行筛选，排序，加在课程资源，平均响应时间为2,23,10010000012065,成功登录应用，进入英语课程界面，点击该界面右下角的时间降序排序图标，可看到英语课程界面的所有课程按照上传时间降序排序，或者进入课程详情…,login.button_icon.other,沪江英语__C9,沪江英语__C6,0.080404,0,0,1,0,0,0,0
LLMCluster__沪江英语__10010000012212,llmcluster_glm-4-air,LLMCluster,沪江英语,10010000012212,course.page_view.other,手机网络为联通4G，运行内存2G，在沪江英语打开页面，对课程进行筛选，排序，加在课程资源，平均响应时间为2,24,10010000012266,点击注册登录按钮下方的“先试用一下”标题反应时间较长,register.button_icon.other,沪江英语__C5,沪江英语__C6,0.034948,0,0,1,0,0,0,0
TFIDF+HC__沪江英语__10010000012202,tfidf_hc_K20,TFIDF+HC,沪江英语,10010000012202,other.other.other,在品牌英语中，赖世雄品牌出现了常春藤英语,1,10010000012276,成功登录应用进入“我的”界面，点击课程《常春藤新闻英语听力》进入其详情界面，点击三点图标，显示“退订课程”，见截图1，而课程《流利英语…,login.button_icon.other,沪江英语__C3,沪江英语__C15,0.072223,0,0,1,0,0,0,0
TFIDF+HC__沪江英语__10010000012202,tfidf_hc_K20,TFIDF+HC,沪江英语,10010000012202,other.other.other,在品牌英语中，赖世雄品牌出现了常春藤英语,2,10010000012044,具体的某一课程，用户评价数量的计算有问题，（以常春藤英语听力为例），显示有32条评论，但是，查看所有的评论发现才有16条，要是用户与用…,playback.list_item.other,沪江英语__C8,沪江英语__C15,0.090393,0,0,1,0,0,0,0
TFIDF+HC__沪江英语__10010000012202,tfidf_hc_K20,TFIDF+HC,沪江英语,10010000012202,other.other.other,在品牌英语中，赖世雄品牌出现了常春藤英语,3,10010000012256,app悬浮窗口，隐藏功能出现不明提示框，并且在隐藏后不能再找到重新出现，切换网络功能未实现。,other.other.cannot_or_fail,沪江英语__C0,沪江英语__C15,0.027969,0,1,1,0,0,0,0
TFIDF+HC__沪江英语__10010000012202,tfidf_hc_K20,TFIDF+HC,沪江英语,10010000012202,other.other.other,在品牌英语中，赖世雄品牌出现了常春藤英语,4,10010000012236,成功登录应用进入英语课程界面，点击《常春藤新闻英语听力》课程并成功添加，制作学习计划时，该界面并没有显示如截图2中的多少天可完成学习，…,login.page_view.other,沪江英语__C3,沪江英语__C15,0.076413,0,0,1,0,0,0,0
TFIDF+HC__沪江英语__10010000012202,tfidf_hc_K20,TFIDF+HC,沪江英语,10010000012202,other.other.other,在品牌英语中，赖世雄品牌出现了常春藤英语,5,10010000012143,进入英语课程页面，点击评价，出现评价低的出现在评价高的前面。,course.page_view.other,沪江英语__C3,沪江英语__C15,0.06004,0,0,1,0,0,0,0
TFIDF+HC__沪江英语__10010000012202,tfidf_hc_K20,TFIDF+HC,沪江英语,10010000012202,other.other.other,在品牌英语中，赖世雄品牌出现了常春藤英语,6,10010000012278,在英语课程页面中，点击英语类型为”少儿英语“，课程中间的英语类型没有更改，仍为”英语“,course.page_view.other,沪江英语__C3,沪江英语__C15,0.085683,0,0,1,0,0,0,0
TFIDF+HC__沪江英语__10010000012202,tfidf_hc_K20,TFIDF+HC,沪江英语,10010000012202,other.other.other,在品牌英语中，赖世雄品牌出现了常春藤英语,7,10010000012171,课程难度筛选中，初中级中，出现了初级课程,course.list_item.other,沪江英语__C15,沪江英语__C15,0.095224,0,0,0,0,0,0,0
TFIDF+HC__沪江英语__10010000012202,tfidf_hc_K20,TFIDF+HC,沪江英语,10010000012202,other.other.other,在品牌英语中，赖世雄品牌出现了常春藤英语,8,10010000012211,在英语考试中，考验锦囊中没有包含考验相关，,other.other.other,沪江英语__C7,沪江英语__C15,0.038809,1,1,1,1,1,1,1
TFIDF+HC__沪江英语__10010000012202,tfidf_hc_K20,TFIDF+HC,沪江英语,10010000012202,other.other.other,在品牌英语中，赖世雄品牌出现了常春藤英语,9,10010000012104,进入英语课程页面，点击人气，课程应该按照人气进行排名，但是出现人气低的出现在人气高的前面。,course.page_view.other,沪江英语__C3,沪江英语__C15,0.045514,0,0,1,0,0,0,0
TFIDF+HC__沪江英语__10010000012202,tfidf_hc_K20,TFIDF+HC,沪江英语,10010000012202,other.other.other,在品牌英语中，赖世雄品牌出现了常春藤英语,10,10010000012006,打开图库查看Bug截图，沪江英语app出现闪退现象，手机自动存了该日志。,other.other.crash,沪江英语__C0,沪江英语__C15,0.038488,0,1,1,0,0,0,0
TFIDF+HC__沪江英语__10010000012202,tfidf_hc_K20,TFIDF+HC,沪江英语,10010000012202,other.other.other,在品牌英语中，赖世雄品牌出现了常春藤英语,11,10010000012096,逻辑缺陷:选择实用英语的时候选择英语口语，再去选择类型为阅读，竟然可以选，虽然没有结果。可是英语口语怎么会有阅读类型了，应该让阅读安扭置灰,other.other.wrong_value,沪江英语__C13,沪江英语__C15,0.042738,0,1,1,0,0,0,0
TFIDF+HC__沪江英语__10010000012202,tfidf_hc_K20,TFIDF+HC,沪江英语,10010000012202,other.other.other,在品牌英语中，赖世雄品牌出现了常春藤英语,12,10010000011963,进入沪江英语的课程，选择英语，选择具体某一项英语类别的时候，下数据的加载很慢，但是，获取的数据并不多，在进行人气、评价时间排序的时候，…,course.page_view.other,沪江英语__C3,沪江英语__C15,0.040558,0,0,1,0,0,0,0
TFIDF+HC__沪江英语__10010000012202,tfidf_hc_K20,TFIDF+HC,沪江英语,10010000012202,other.other.other,在品牌英语中，赖世雄品牌出现了常春藤英语,13,10010000012099,进入英语课程界面，选择高级，点击评价，英语课程应该按照评价从高到低进行排序，但是出现评价高的出现在评价低的后面。,course.page_view.other,沪江英语__C3,沪江英语__C15,0.056002,0,0,1,0,0,0,0
TFIDF+HC__沪江英语__10010000012202,tfidf_hc_K20,TFIDF+HC,沪江英语,10010000012202,other.other.other,在品牌英语中，赖世雄品牌出现了常春藤英语,14,10010000012248,在英语中选择一门科目进行了解时，课程介绍极为模糊，有些甚至没有课程介绍！！！,course.list_item.other,沪江英语__C8,沪江英语__C15,0.049082,0,0,1,0,0,0,0
TFIDF+HC__沪江英语__10010000012202,tfidf_hc_K20,TFIDF+HC,沪江英语,10010000012202,other.other.other,在品牌英语中，赖世雄品牌出现了常春藤英语,15,10010000012107,下拉框的课程，和英语页面的主页重复,course.page_view.other,沪江英语__C3,沪江英语__C15,0.027061,0,0,1,0,0,0,0
TFIDF+HC__沪江英语__10010000012202,tfidf_hc_K20,TFIDF+HC,沪江英语,10010000012202,other.other.other,在品牌英语中，赖世雄品牌出现了常春藤英语,16,10010000012085,进入英语界面之后，默认人气排序点击全部英语，难度选择高级，类型选择听写。此时可以发现类表中只有三个选择项。,sort.page_view.other,沪江英语__C3,沪江英语__C15,0.035776,0,0,1,0,0,0,0
TFIDF+HC__沪江英语__10010000012202,tfidf_hc_K20,TFIDF+HC,沪江英语,10010000012202,other.other.other,在品牌英语中，赖世雄品牌出现了常春藤英语,17,10010000012130,按照人气排序功能异常：点击课程，英语，进入英语页面，在右下角点击人气按钮，课程没有按照人气排序，与需求不符。,course.button_icon.other,沪江英语__C3,沪江英语__C15,0.038228,0,0,1,0,0,0,0
TFIDF+HC__沪江英语__10010000012202,tfidf_hc_K20,TFIDF+HC,沪江英语,10010000012202,other.other.other,在品牌英语中，赖世雄品牌出现了常春藤英语,18,10010000012262,成功登录应用进入“我的”界面，课程《常春藤新闻英语听力》的三点图标在课程详情界面的右上角，见截图1，而课程《流利英语口语1》的三点图标…,login.button_icon.other,沪江英语__C3,沪江英语__C15,0.070659,0,0,1,0,0,0,0
TFIDF+HC__沪江英语__10010000012202,tfidf_hc_K20,TFIDF+HC,沪江英语,10010000012202,other.other.other,在品牌英语中，赖世雄品牌出现了常春藤英语,19,10010000012108,进入英语课程界面后，用户筛选要进入的相关推荐中，右下方的按人气，评价，时间竟然都不能反转排序。从低到高排序无法实现,course.page_view.cannot_or_fail,沪江英语__C3,沪江英语__C15,0.027555,0,0,1,0,0,0,0
TFIDF+HC__沪江英语__10010000012202,tfidf_hc_K20,TFIDF+HC,沪江英语,10010000012202,other.other.other,在品牌英语中，赖世雄品牌出现了常春藤英语,20,10010000012065,成功登录应用，进入英语课程界面，点击该界面右下角的时间降序排序图标，可看到英语课程界面的所有课程按照上传时间降序排序，或者进入课程详情…,login.button_icon.other,沪江英语__C3,沪江英语__C15,0.02657,0,0,1,0,0,0,0
TFIDF+HC__沪江英语__10010000012202,tfidf_hc_K20,TFIDF+HC,沪江英语,10010000012202,other.other.other,在品牌英语中，赖世雄品牌出现了常春藤英语,21,10010000012026,在英语界面中，选择展示全部英语后，再选择其他分项，此时再点回全部英语，全部英语下只有一个分项，也就是说，我点击全部英语需要点击两下（可…,other.page_view.other,沪江英语__C3,沪江英语__C15,0.05849,0,1,1,0,0,0,0
TFIDF+HC__沪江英语__10010000012202,tfidf_hc_K20,TFIDF+HC,沪江英语,10010000012202,other.other.other,在品牌英语中，赖世雄品牌出现了常春藤英语,22,10010000012199,在美式英语中，全部美式英语和纯正美式英语内容完全相同，没必要,other.other.other,沪江英语__C15,沪江英语__C15,0.086834,1,1,0,0,0,0,0
TFIDF+HC__沪江英语__10010000012202,tfidf_hc_K20,TFIDF+HC,沪江英语,10010000012202,other.other.other,在品牌英语中，赖世雄品牌出现了常春藤英语,23,10010000012051,在课程页面选择英语，进入英语课程选择页面，点击右上角选择类别为名人传记的英语类别，显示与名人传记不相关的类别。,course.page_view.other,沪江英语__C3,沪江英语__C15,0.040906,0,0,1,0,0,0,0
SBERT+HC__沪江英语__10010000012202,sbert_hc_K20,SBERT+HC,沪江英语,10010000012202,other.other.other,在品牌英语中，赖世雄品牌出现了常春藤英语,1,10010000012108,进入英语课程界面后，用户筛选要进入的相关推荐中，右下方的按人气，评价，时间竟然都不能反转排序。从低到高排序无法实现,course.page_view.cannot_or_fail,沪江英语__C1,沪江英语__C10,0.027555,0,0,1,0,0,0,0
SBERT+HC__沪江英语__10010000012202,sbert_hc_K20,SBERT+HC,沪江英语,10010000012202,other.other.other,在品牌英语中，赖世雄品牌出现了常春藤英语,2,10010000012051,在课程页面选择英语，进入英语课程选择页面，点击右上角选择类别为名人传记的英语类别，显示与名人传记不相关的类别。,course.page_view.other,沪江英语__C1,沪江英语__C10,0.040906,0,0,1,0,0,0,0
SBERT+HC__沪江英语__10010000012202,sbert_hc_K20,SBERT+HC,沪江英语,10010000012202,other.other.other,在品牌英语中，赖世雄品牌出现了常春藤英语,3,10010000011977,当第一次进去应用时，当我点击英语后，推荐给我的兴趣全选，然后点击跳过，直接闪退,other.other.crash,沪江英语__C13,沪江英语__C10,0.018472,0,1,1,0,0,0,0
SBERT+HC__沪江英语__10010000012202,sbert_hc_K20,SBERT+HC,沪江英语,10010000012202,other.other.other,在品牌英语中，赖世雄品牌出现了常春藤英语,4,10010000012279,英语课程列表建议增加在顶部下滑刷新课程功能,course.list_item.other,沪江英语__C1,沪江英语__C10,0.024819,0,0,1,0,0,0,0
SBERT+HC__沪江英语__10010000012202,sbert_hc_K20,SBERT+HC,沪江英语,10010000012202,other.other.other,在品牌英语中，赖世雄品牌出现了常春藤英语,5,10010000012026,在英语界面中，选择展示全部英语后，再选择其他分项，此时再点回全部英语，全部英语下只有一个分项，也就是说，我点击全部英语需要点击两下（可…,other.page_view.other,沪江英语__C1,沪江英语__C10,0.05849,0,1,1,0,0,0,0
SBERT+HC__沪江英语__10010000012202,sbert_hc_K20,SBERT+HC,沪江英语,10010000012202,other.other.other,在品牌英语中，赖世雄品牌出现了常春藤英语,6,10010000012096,逻辑缺陷:选择实用英语的时候选择英语口语，再去选择类型为阅读，竟然可以选，虽然没有结果。可是英语口语怎么会有阅读类型了，应该让阅读安扭置灰,other.other.wrong_value,沪江英语__C8,沪江英语__C10,0.042738,0,1,1,0,0,0,0
SBERT+HC__沪江英语__10010000012202,sbert_hc_K20,SBERT+HC,沪江英语,10010000012202,other.other.other,在品牌英语中，赖世雄品牌出现了常春藤英语,7,10010000012263,用户体验差：在选择英语四六级体验课程时，每次进入的课程推荐都是相同的，同时对应的级别都是中高级和高级，但是对于中高级水平的同学其实很少…,course.page_view.other,沪江英语__C1,沪江英语__C10,0.018625,0,0,1,0,0,0,0
SBERT+HC__沪江英语__10010000012202,sbert_hc_K20,SBERT+HC,沪江英语,10010000012202,other.other.other,在品牌英语中，赖世雄品牌出现了常春藤英语,8,10010000012196,选择英语界面时，进行的跳转时间过长，用户体验极为不佳。,other.page_view.other,沪江英语__C1,沪江英语__C10,0.024213,0,1,1,0,0,0,0
SBERT+HC__沪江英语__10010000012202,sbert_hc_K20,SBERT+HC,沪江英语,10010000012202,other.other.other,在品牌英语中，赖世雄品牌出现了常春藤英语,9,10010000012135,成功登录应用进入英语课程界面，选择该界面右上角的类型为听力的课程，结果只有部分听力课程有五星图标和评价数显示，还有一部分课程没有五星和…,login.button_icon.other,沪江英语__C1,沪江英语__C10,0.013583,0,0,1,0,0,0,0
SBERT+HC__沪江英语__10010000012202,sbert_hc_K20,SBERT+HC,沪江英语,10010000012202,other.other.other,在品牌英语中，赖世雄品牌出现了常春藤英语,10,10010000012278,在英语课程页面中，点击英语类型为”少儿英语“，课程中间的英语类型没有更改，仍为”英语“,course.page_view.other,沪江英语__C1,沪江英语__C10,0.085683,0,0,1,0,0,0,0
SBERT+HC__沪江英语__10010000012202,sbert_hc_K20,SBERT+HC,沪江英语,10010000012202,other.other.other,在品牌英语中，赖世雄品牌出现了常春藤英语,11,10010000012121,成功登录应用进入英语课程界面，选择人气降序、难度为初级和类型为泛听的课程，查看选择结果显示为初级、类型为泛听的课程，但是并没有按照人气…,login.page_view.wrong_value,沪江英语__C1,沪江英语__C10,0.012996,0,0,1,0,0,0,0
SBERT+HC__沪江英语__10010000012202,sbert_hc_K20,SBERT+HC,沪江英语,10010000012202,other.other.other,在品牌英语中，赖世雄品牌出现了常春藤英语,12,10010000012209,在英语课程按人气排列的列表里，可以看出排在最前面的基本都是有星级的，但是列表中的第四个课程“迷你小对话”，没有任何相关的等级信息，仍然…,course.list_item.other,沪江英语__C1,沪江英语__C10,0.021863,0,0,1,0,0,0,0
SBERT+HC__沪江英语__10010000012202,sbert_hc_K20,SBERT+HC,沪江英语,10010000012202,other.other.other,在品牌英语中，赖世雄品牌出现了常春藤英语,13,10010000012099,进入英语课程界面，选择高级，点击评价，英语课程应该按照评价从高到低进行排序，但是出现评价高的出现在评价低的后面。,course.page_view.other,沪江英语__C1,沪江英语__C10,0.056002,0,0,1,0,0,0,0
SBERT+HC__沪江英语__10010000012202,sbert_hc_K20,SBERT+HC,沪江英语,10010000012202,other.other.other,在品牌英语中，赖世雄品牌出现了常春藤英语,14,10010000012085,进入英语界面之后，默认人气排序点击全部英语，难度选择高级，类型选择听写。此时可以发现类表中只有三个选择项。,sort.page_view.other,沪江英语__C1,沪江英语__C10,0.035776,0,0,1,0,0,0,0
SBERT+HC__沪江英语__10010000012202,sbert_hc_K20,SBERT+HC,沪江英语,10010000012202,other.other.other,在品牌英语中，赖世雄品牌出现了常春藤英语,15,10010000011963,进入沪江英语的课程，选择英语，选择具体某一项英语类别的时候，下数据的加载很慢，但是，获取的数据并不多，在进行人气、评价时间排序的时候，…,course.page_view.other,沪江英语__C2,沪江英语__C10,0.040558,0,0,1,0,0,0,0
SBERT+HC__沪江英语__10010000012202,sbert_hc_K20,SBERT+HC,沪江英语,10010000012202,other.other.other,在品牌英语中，赖世雄品牌出现了常春藤英语,16,10010000012248,在英语中选择一门科目进行了解时，课程介绍极为模糊，有些甚至没有课程介绍！！！,course.list_item.other,沪江英语__C1,沪江英语__C10,0.049082,0,0,1,0,0,0,0
SBERT+HC__沪江英语__10010000012202,sbert_hc_K20,SBERT+HC,沪江英语,10010000012202,other.other.other,在品牌英语中，赖世雄品牌出现了常春藤英语,17,10010000012217,进入英语课程，选择某一类课程，出现下拉课程，下拉没有刷新提示，上拉的时候有加载更多。下拉到底，也应该有个提示，提示刷新，或则没有更多了,course.list_item.other,沪江英语__C1,沪江英语__C10,0.027485,0,0,1,0,0,0,0
SBERT+HC__沪江英语__10010000012202,sbert_hc_K20,SBERT+HC,沪江英语,10010000012202,other.other.other,在品牌英语中，赖世雄品牌出现了常春藤英语,18,10010000012129,成功登录应用进入英语课程界面，选择类型为阅读的课程，显示类型为阅读的所有课程，但是只有部分课程的名字下方有五星图标和评价数，有的课程下…,login.button_icon.other,沪江英语__C1,沪江英语__C10,0.013863,0,0,1,0,0,0,0
SBERT+HC__沪江英语__10010000012202,sbert_hc_K20,SBERT+HC,沪江英语,10010000012202,other.other.other,在品牌英语中，赖世雄品牌出现了常春藤英语,19,10010000012285,用户体验差：进入英语界面的时候，括号里的（评价人数）感觉作用不大，很少有人想在列表的信息里看到这个作用不大的东西，第一眼看上去也会产生…,course.page_view.other,沪江英语__C1,沪江英语__C10,0.01403,0,0,1,0,0,0,0
SBERT+HC__沪江英语__10010000012202,sbert_hc_K20,SBERT+HC,沪江英语,10010000012202,other.other.other,在品牌英语中，赖世雄品牌出现了常春藤英语,20,10010000012299,英语课程中泛听类型课程，点击进去课程，页面不能加载,course.page_view.cannot_or_fail,沪江英语__C1,沪江英语__C10,0.029121,0,0,1,0,0,0,0
SBERT+HC__沪江英语__10010000012202,sbert_hc_K20,SBERT+HC,沪江英语,10010000012202,other.other.other,在品牌英语中，赖世雄品牌出现了常春藤英语,21,10010000012199,在美式英语中，全部美式英语和纯正美式英语内容完全相同，没必要,other.other.other,沪江英语__C16,沪江英语__C10,0.086834,1,1,1,1,1,1,1
LLMCluster__沪江英语__10010000012202,llmcluster_glm-4-air,LLMCluster,沪江英语,10010000012202,other.other.other,在品牌英语中，赖世雄品牌出现了常春藤英语,1,10010000012248,在英语中选择一门科目进行了解时，课程介绍极为模糊，有些甚至没有课程介绍！！！,course.list_item.other,沪江英语__C5,沪江英语__C10,0.049082,0,0,1,0,0,0,0
LLMCluster__沪江英语__10010000012202,llmcluster_glm-4-air,LLMCluster,沪江英语,10010000012202,other.other.other,在品牌英语中，赖世雄品牌出现了常春藤英语,2,10010000012104,进入英语课程页面，点击人气，课程应该按照人气进行排名，但是出现人气低的出现在人气高的前面。,course.page_view.other,沪江英语__C1,沪江英语__C10,0.045514,0,0,1,0,0,0,0
LLMCluster__沪江英语__10010000012202,llmcluster_glm-4-air,LLMCluster,沪江英语,10010000012202,other.other.other,在品牌英语中，赖世雄品牌出现了常春藤英语,3,10010000012107,下拉框的课程，和英语页面的主页重复,course.page_view.other,沪江英语__C5,沪江英语__C10,0.027061,0,0,1,0,0,0,0
LLMCluster__沪江英语__10010000012202,llmcluster_glm-4-air,LLMCluster,沪江英语,10010000012202,other.other.other,在品牌英语中，赖世雄品牌出现了常春藤英语,4,10010000012199,在美式英语中，全部美式英语和纯正美式英语内容完全相同，没必要,other.other.other,沪江英语__C5,沪江英语__C10,0.086834,1,1,1,1,1,1,1
LLMCluster__沪江英语__10010000012202,llmcluster_glm-4-air,LLMCluster,沪江英语,10010000012202,other.other.other,在品牌英语中，赖世雄品牌出现了常春藤英语,5,10010000012278,在英语课程页面中，点击英语类型为”少儿英语“，课程中间的英语类型没有更改，仍为”英语“,course.page_view.other,沪江英语__C5,沪江英语__C10,0.085683,0,0,1,0,0,0,0
LLMCluster__沪江英语__10010000012202,llmcluster_glm-4-air,LLMCluster,沪江英语,10010000012202,other.other.other,在品牌英语中，赖世雄品牌出现了常春藤英语,6,10010000012026,在英语界面中，选择展示全部英语后，再选择其他分项，此时再点回全部英语，全部英语下只有一个分项，也就是说，我点击全部英语需要点击两下（可…,other.page_view.other,沪江英语__C6,沪江英语__C10,0.05849,0,1,1,0,0,0,0
LLMCluster__沪江英语__10010000012202,llmcluster_glm-4-air,LLMCluster,沪江英语,10010000012202,other.other.other,在品牌英语中，赖世雄品牌出现了常春藤英语,7,10010000012099,进入英语课程界面，选择高级，点击评价，英语课程应该按照评价从高到低进行排序，但是出现评价高的出现在评价低的后面。,course.page_view.other,沪江英语__C1,沪江英语__C10,0.056002,0,0,1,0,0,0,0
LLMCluster__沪江英语__10010000012202,llmcluster_glm-4-air,LLMCluster,沪江英语,10010000012202,other.other.other,在品牌英语中，赖世雄品牌出现了常春藤英语,8,10010000012143,进入英语课程页面，点击评价，出现评价低的出现在评价高的前面。,course.page_view.other,沪江英语__C1,沪江英语__C10,0.06004,0,0,1,0,0,0,0
LLMCluster__沪江英语__10010000012202,llmcluster_glm-4-air,LLMCluster,沪江英语,10010000012202,other.other.other,在品牌英语中，赖世雄品牌出现了常春藤英语,9,10010000012108,进入英语课程界面后，用户筛选要进入的相关推荐中，右下方的按人气，评价，时间竟然都不能反转排序。从低到高排序无法实现,course.page_view.cannot_or_fail,沪江英语__C1,沪江英语__C10,0.027555,0,0,1,0,0,0,0
LLMCluster__沪江英语__10010000012202,llmcluster_glm-4-air,LLMCluster,沪江英语,10010000012202,other.other.other,在品牌英语中，赖世雄品牌出现了常春藤英语,10,10010000012236,成功登录应用进入英语课程界面，点击《常春藤新闻英语听力》课程并成功添加，制作学习计划时，该界面并没有显示如截图2中的多少天可完成学习，…,login.page_view.other,沪江英语__C6,沪江英语__C10,0.076413,0,0,1,0,0,0,0
LLMCluster__沪江英语__10010000012202,llmcluster_glm-4-air,LLMCluster,沪江英语,10010000012202,other.other.other,在品牌英语中，赖世雄品牌出现了常春藤英语,11,10010000012171,课程难度筛选中，初中级中，出现了初级课程,course.list_item.other,沪江英语__C6,沪江英语__C10,0.095224,0,0,1,0,0,0,0
LLMCluster__沪江英语__10010000012202,llmcluster_glm-4-air,LLMCluster,沪江英语,10010000012202,other.other.other,在品牌英语中，赖世雄品牌出现了常春藤英语,12,10010000012044,具体的某一课程，用户评价数量的计算有问题，（以常春藤英语听力为例），显示有32条评论，但是，查看所有的评论发现才有16条，要是用户与用…,playback.list_item.other,沪江英语__C6,沪江英语__C10,0.090393,0,0,1,0,0,0,0
LLMCluster__沪江英语__10010000012202,llmcluster_glm-4-air,LLMCluster,沪江英语,10010000012202,other.other.other,在品牌英语中，赖世雄品牌出现了常春藤英语,13,10010000012276,成功登录应用进入“我的”界面，点击课程《常春藤新闻英语听力》进入其详情界面，点击三点图标，显示“退订课程”，见截图1，而课程《流利英语…,login.button_icon.other,沪江英语__C9,沪江英语__C10,0.072223,0,0,1,0,0,0,0
LLMCluster__沪江英语__10010000012202,llmcluster_glm-4-air,LLMCluster,沪江英语,10010000012202,other.other.other,在品牌英语中，赖世雄品牌出现了常春藤英语,14,10010000012096,逻辑缺陷:选择实用英语的时候选择英语口语，再去选择类型为阅读，竟然可以选，虽然没有结果。可是英语口语怎么会有阅读类型了，应该让阅读安扭置灰,other.other.wrong_value,沪江英语__C6,沪江英语__C10,0.042738,0,1,1,0,0,0,0
LLMCluster__沪江英语__10010000012202,llmcluster_glm-4-air,LLMCluster,沪江英语,10010000012202,other.other.other,在品牌英语中，赖世雄品牌出现了常春藤英语,15,10010000012262,成功登录应用进入“我的”界面，课程《常春藤新闻英语听力》的三点图标在课程详情界面的右上角，见截图1，而课程《流利英语口语1》的三点图标…,login.button_icon.other,沪江英语__C5,沪江英语__C10,0.070659,0,0,1,0,0,0,0
LLMCluster__沪江英语__10010000012202,llmcluster_glm-4-air,LLMCluster,沪江英语,10010000012202,other.other.other,在品牌英语中，赖世雄品牌出现了常春藤英语,16,10010000012256,app悬浮窗口，隐藏功能出现不明提示框，并且在隐藏后不能再找到重新出现，切换网络功能未实现。,other.other.cannot_or_fail,沪江英语__C8,沪江英语__C10,0.027969,0,1,1,0,0,0,0
LLMCluster__沪江英语__10010000012202,llmcluster_glm-4-air,LLMCluster,沪江英语,10010000012202,other.other.other,在品牌英语中，赖世雄品牌出现了常春藤英语,17,10010000011963,进入沪江英语的课程，选择英语，选择具体某一项英语类别的时候，下数据的加载很慢，但是，获取的数据并不多，在进行人气、评价时间排序的时候，…,course.page_view.other,沪江英语__C7,沪江英语__C10,0.040558,0,0,1,0,0,0,0
LLMCluster__沪江英语__10010000012202,llmcluster_glm-4-air,LLMCluster,沪江英语,10010000012202,other.other.other,在品牌英语中，赖世雄品牌出现了常春藤英语,18,10010000012085,进入英语界面之后，默认人气排序点击全部英语，难度选择高级，类型选择听写。此时可以发现类表中只有三个选择项。,sort.page_view.other,沪江英语__C5,沪江英语__C10,0.035776,0,0,1,0,0,0,0
LLMCluster__沪江英语__10010000012202,llmcluster_glm-4-air,LLMCluster,沪江英语,10010000012202,other.other.other,在品牌英语中，赖世雄品牌出现了常春藤英语,19,10010000012130,按照人气排序功能异常：点击课程，英语，进入英语页面，在右下角点击人气按钮，课程没有按照人气排序，与需求不符。,course.button_icon.other,沪江英语__C1,沪江英语__C10,0.038228,0,0,1,0,0,0,0
LLMCluster__沪江英语__10010000012202,llmcluster_glm-4-air,LLMCluster,沪江英语,10010000012202,other.other.other,在品牌英语中，赖世雄品牌出现了常春藤英语,20,10010000012051,在课程页面选择英语，进入英语课程选择页面，点击右上角选择类别为名人传记的英语类别，显示与名人传记不相关的类别。,course.page_view.other,沪江英语__C5,沪江英语__C10,0.040906,0,0,1,0,0,0,0
LLMCluster__沪江英语__10010000012202,llmcluster_glm-4-air,LLMCluster,沪江英语,10010000012202,other.other.other,在品牌英语中，赖世雄品牌出现了常春藤英语,21,10010000012006,打开图库查看Bug截图，沪江英语app出现闪退现象，手机自动存了该日志。,other.other.crash,沪江英语__C9,沪江英语__C10,0.038488,0,1,1,0,0,0,0
LLMCluster__沪江英语__10010000012202,llmcluster_glm-4-air,LLMCluster,沪江英语,10010000012202,other.other.other,在品牌英语中，赖世雄品牌出现了常春藤英语,22,10010000012211,在英语考试中，考验锦囊中没有包含考验相关，,other.other.other,沪江英语__C9,沪江英语__C10,0.038809,1,1,1,1,1,1,1
TFIDF+HC__途牛__10010000005136,tfidf_hc_K20,TFIDF+HC,途牛,10010000005136,message_send.input_box.other,"评论他人发送的图文时,弹出输入法时,评论输入框内的文字只能显示下半部分。",1,10010000004307,评论他人的帖子，编辑文字时，文字只出现半行,comment.list_item.other,途牛__C3,途牛__C3,0.212501,0,0,0,0,0,0,0
TFIDF+HC__途牛__10010000005136,tfidf_hc_K20,TFIDF+HC,途牛,10010000005136,message_send.input_box.other,"评论他人发送的图文时,弹出输入法时,评论输入框内的文字只能显示下半部分。",2,10010000002573,在聊天信息输入过程中，输入法弹出之后，点击表情Button，输入法消失之前，包含有大量表情的布局就出现在了输入法上方，并随着输入法消失…,message_send.chat.layout_issue,途牛__C3,途牛__C3,0.125081,0,1,0,0,0,0,0
TFIDF+HC__途牛__10010000005136,tfidf_hc_K20,TFIDF+HC,途牛,10010000005136,message_send.input_box.other,"评论他人发送的图文时,弹出输入法时,评论输入框内的文字只能显示下半部分。",3,10010000004959,已发送的图片无法添加为表情，长按后应出现按钮：添加为表情,message_send.button_icon.cannot_or_fail,途牛__C4,途牛__C3,0.045618,0,1,1,0,0,0,0
TFIDF+HC__途牛__10010000005136,tfidf_hc_K20,TFIDF+HC,途牛,10010000005136,message_send.input_box.other,"评论他人发送的图文时,弹出输入法时,评论输入框内的文字只能显示下半部分。",4,10010000006994,对自己的图文信息应该可以进行成功评论。途牛软件有评论输入框，但没有发送该评论的功能。,message_send.input_box.other,途牛__C3,途牛__C3,0.206627,1,1,0,0,0,0,0
TFIDF+HC__途牛__10010000005136,tfidf_hc_K20,TFIDF+HC,途牛,10010000005136,message_send.input_box.other,"评论他人发送的图文时,弹出输入法时,评论输入框内的文字只能显示下半部分。",5,10010000003871,在私聊页面进入设置，选择投诉该用户，输入法自动弹出来之后又自动关闭，需要用户点击输入框才会弹出输入法（讯飞输入法）！,private_chat.input_box.other,途牛__C3,途牛__C3,0.175371,0,0,0,0,0,0,0
TFIDF+HC__途牛__10010000005136,tfidf_hc_K20,TFIDF+HC,途牛,10010000005136,message_send.input_box.other,"评论他人发送的图文时,弹出输入法时,评论输入框内的文字只能显示下半部分。",6,10010000002809,在荣耀6x手机中，当评论时会出现评论的字只显示一半，且无发表评论按钮，不友好,comment.button_icon.other,途牛__C3,途牛__C3,0.137599,0,0,0,0,0,0,0
TFIDF+HC__途牛__10010000005136,tfidf_hc_K20,TFIDF+HC,途牛,10010000005136,message_send.input_box.other,"评论他人发送的图文时,弹出输入法时,评论输入框内的文字只能显示下半部分。",7,10010000003064,输入框输入更多输入框不能自适应内容,other.input_box.cannot_or_fail,途牛__C3,途牛__C3,0.121456,0,0,0,0,0,0,0
TFIDF+HC__途牛__10010000005136,tfidf_hc_K20,TFIDF+HC,途牛,10010000005136,message_send.input_box.other,"评论他人发送的图文时,弹出输入法时,评论输入框内的文字只能显示下半部分。",8,10010000002984,当发送表情输入后，想删除重新进行输入时。删除的部分只能将表情转化成的文字符号一个个删除。不能整个表情一起进行删除。用户体验度不好。,message_send.other.cannot_or_fail,途牛__C4,途牛__C3,0.076809,0,1,1,0,0,0,0
TFIDF+HC__途牛__10010000005136,tfidf_hc_K20,TFIDF+HC,途牛,10010000005136,message_send.input_box.other,"评论他人发送的图文时,弹出输入法时,评论输入框内的文字只能显示下半部分。",9,10010000002439,进入非个人主页，发起私聊时，私聊过程中图片发送错误，刚刚发送的图片无法撤回，无撤回功能。,private_chat.image_banner.wrong_value,途牛__C4,途牛__C3,0.058048,0,0,1,0,0,0,0
TFIDF+HC__途牛__10010000005136,tfidf_hc_K20,TFIDF+HC,途牛,10010000005136,message_send.input_box.other,"评论他人发送的图文时,弹出输入法时,评论输入框内的文字只能显示下半部分。",10,10010000002642,聊天时输入表情，输入框显示的是该表情的文字描述，只有当发送给对方时才会显示为表情图片。体验不好。,message_send.input_box.other,途牛__C4,途牛__C3,0.105958,1,1,1,1,1,1,1
TFIDF+HC__途牛__10010000005136,tfidf_hc_K20,TFIDF+HC,途牛,10010000005136,message_send.input_box.other,"评论他人发送的图文时,弹出输入法时,评论输入框内的文字只能显示下半部分。",11,10010000003331,聊天对话框：输入框删除发送表情，仅删除表情对应的文字，需多次删除才能成功删掉一个表情。,message_send.input_box.other,途牛__C4,途牛__C3,0.067102,1,1,1,1,1,1,1
TFIDF+HC__途牛__10010000005136,tfidf_hc_K20,TFIDF+HC,途牛,10010000005136,message_send.input_box.other,"评论他人发送的图文时,弹出输入法时,评论输入框内的文字只能显示下半部分。",12,10010000003021,评论发帖信息时，评论输入框应该显示完整的输入信息，但是测试时发现输入的信息只显示了一半。,comment.input_box.other,途牛__C3,途牛__C3,0.191821,0,0,0,0,0,0,0
TFIDF+HC__途牛__10010000005136,tfidf_hc_K20,TFIDF+HC,途牛,10010000005136,message_send.input_box.other,"评论他人发送的图文时,弹出输入法时,评论输入框内的文字只能显示下半部分。",13,10010000005472,评论帖子的时候，输入的表情无法正常显示,comment.list_item.cannot_or_fail,途牛__C4,途牛__C3,0.107856,0,0,1,0,0,0,0
TFIDF+HC__途牛__10010000005136,tfidf_hc_K20,TFIDF+HC,途牛,10010000005136,message_send.input_box.other,"评论他人发送的图文时,弹出输入法时,评论输入框内的文字只能显示下半部分。",14,10010000005996,选择表情后，如果无法发送完整的文字就无法发送表情,message_send.other.cannot_or_fail,途牛__C4,途牛__C3,0.06395,0,1,1,0,0,0,0
TFIDF+HC__途牛__10010000005136,tfidf_hc_K20,TFIDF+HC,途牛,10010000005136,message_send.input_box.other,"评论他人发送的图文时,弹出输入法时,评论输入框内的文字只能显示下半部分。",15,10010000006656,当一个账号在电脑模拟器和手机端同时登录时，给他人发送消息时，只能在一个客户端显示，且接收的消息也只能在另一个客户端显示，造成消息不能同…,login.chat.cannot_or_fail,途牛__C12,途牛__C3,0.05905,0,0,1,0,0,0,0
TFIDF+HC__途牛__10010000005136,tfidf_hc_K20,TFIDF+HC,途牛,10010000005136,message_send.input_box.other,"评论他人发送的图文时,弹出输入法时,评论输入框内的文字只能显示下半部分。",16,10010000004063,评论他人的帖子时输入框被挡住上半部分。,comment.input_box.other,途牛__C3,途牛__C3,0.280133,0,0,0,0,0,0,0
TFIDF+HC__途牛__10010000005136,tfidf_hc_K20,TFIDF+HC,途牛,10010000005136,message_send.input_box.other,"评论他人发送的图文时,弹出输入法时,评论输入框内的文字只能显示下半部分。",17,10010000004269,评论提示内容和输入的文字只会显示一半,comment.list_item.other,途牛__C3,途牛__C3,0.204171,0,0,0,0,0,0,0
TFIDF+HC__途牛__10010000005136,tfidf_hc_K20,TFIDF+HC,途牛,10010000005136,message_send.input_box.other,"评论他人发送的图文时,弹出输入法时,评论输入框内的文字只能显示下半部分。",18,10010000004823,在发帖后进入帖子里面，点击评论的那个小按钮，输入框显示有问题，只能显示一半的高度，输进去的字只能显示一般高度,comment.input_box.other,途牛__C3,途牛__C3,0.170356,0,0,0,0,0,0,0
TFIDF+HC__途牛__10010000005136,tfidf_hc_K20,TFIDF+HC,途牛,10010000005136,message_send.input_box.other,"评论他人发送的图文时,弹出输入法时,评论输入框内的文字只能显示下半部分。",19,10010000003131,第一个人发送的语音会覆盖后面所有联系人发的语音。即使删除删除屏蔽与第一个人的聊天记录也还是会覆盖。,message_send.list_item.wrong_value,途牛__C18,途牛__C3,0.044543,0,1,1,0,0,0,0
TFIDF+HC__途牛__10010000005136,tfidf_hc_K20,TFIDF+HC,途牛,10010000005136,message_send.input_box.other,"评论他人发送的图文时,弹出输入法时,评论输入框内的文字只能显示下半部分。",20,10010000007166,当发送图片时，不能发送，发送的图片也看不到,message_send.image_banner.cannot_send,途牛__C4,途牛__C3,0.087341,0,1,1,0,0,0,0
TFIDF+HC__途牛__10010000005136,tfidf_hc_K20,TFIDF+HC,途牛,10010000005136,message_send.input_box.other,"评论他人发送的图文时,弹出输入法时,评论输入框内的文字只能显示下半部分。",21,10010000004525,在评论他人所发图片是经常出现闪退现象,comment.list_item.crash,途牛__C4,途牛__C3,0.133675,0,0,1,0,0,0,0
TFIDF+HC__途牛__10010000005136,tfidf_hc_K20,TFIDF+HC,途牛,10010000005136,message_send.input_box.other,"评论他人发送的图文时,弹出输入法时,评论输入框内的文字只能显示下半部分。",22,10010000002365,私聊时发送的文字和表情并长按选择图片和文字表情。文字和表情确定可以复制、删除而图片只能删除和保存，不能复制,private_chat.image_banner.cannot_or_fail,途牛__C4,途牛__C3,0.07554,0,0,1,0,0,0,0
TFIDF+HC__途牛__10010000005136,tfidf_hc_K20,TFIDF+HC,途牛,10010000005136,message_send.input_box.other,"评论他人发送的图文时,弹出输入法时,评论输入框内的文字只能显示下半部分。",23,10010000006944,步骤9收回输入键盘后，评论输入框中应该有信息显示“ninhao”，但是测试时发现收回键盘时，评论输入框中的信息被清空。,comment.input_box.other,途牛__C3,途牛__C3,0.163559,0,0,0,0,0,0,0
TFIDF+HC__途牛__10010000005136,tfidf_hc_K20,TFIDF+HC,途牛,10010000005136,message_send.input_box.other,"评论他人发送的图文时,弹出输入法时,评论输入框内的文字只能显示下半部分。",24,10010000006850,输入框不能随着输入的信息内容而自适应地扩展，当用户一次要发送较多的信息时就只能显示部分信息，用户体验不好。,message_send.input_box.cannot_or_fail,途牛__C3,途牛__C3,0.110013,0,1,0,0,0,0,0
TFIDF+HC__途牛__10010000005136,tfidf_hc_K20,TFIDF+HC,途牛,10010000005136,message_send.input_box.other,"评论他人发送的图文时,弹出输入法时,评论输入框内的文字只能显示下半部分。",25,10010000005103,在输入比单行输入框多的文字的时候，输入框的前面没有提示，让用户以为，只输入当前界面的这么多文字呢，最好有个省略号，提示一下,other.input_box.no_prompt,途牛__C3,途牛__C3,0.120007,0,0,0,0,0,0,0
TFIDF+HC__途牛__10010000005136,tfidf_hc_K20,TFIDF+HC,途牛,10010000005136,message_send.input_box.other,"评论他人发送的图文时,弹出输入法时,评论输入框内的文字只能显示下半部分。",26,10010000005188,"评论内容时,输入框内的内容在未发送的情况下隐藏输入法时被清空。",message_send.input_box.other,途牛__C3,途牛__C3,0.27132,1,1,0,0,0,0,0
TFIDF+HC__途牛__10010000005136,tfidf_hc_K20,TFIDF+HC,途牛,10010000005136,message_send.input_box.other,"评论他人发送的图文时,弹出输入法时,评论输入框内的文字只能显示下半部分。",27,10010000006872,问大家相关信息选择完成并发布，只有转发和评论功能，不能删除。,comment.list_item.cannot_delete,途牛__C4,途牛__C3,0.050032,0,0,1,0,0,0,0
TFIDF+HC__途牛__10010000005136,tfidf_hc_K20,TFIDF+HC,途牛,10010000005136,message_send.input_box.other,"评论他人发送的图文时,弹出输入法时,评论输入框内的文字只能显示下半部分。",28,10010000006329,他人发来的图片或表情无法直接收藏，只能先保存到手机,other.image_banner.cannot_or_fail,途牛__C4,途牛__C3,0.07061,0,0,1,0,0,0,0
TFIDF+HC__途牛__10010000005136,tfidf_hc_K20,TFIDF+HC,途牛,10010000005136,message_send.input_box.other,"评论他人发送的图文时,弹出输入法时,评论输入框内的文字只能显示下半部分。",29,10010000006831,带的输入法里面存储的表情不能发，发出来显示乱码,other.other.cannot_send,途牛__C4,途牛__C3,0.073646,0,0,1,0,0,0,0
TFIDF+HC__途牛__10010000005136,tfidf_hc_K20,TFIDF+HC,途牛,10010000005136,message_send.input_box.other,"评论他人发送的图文时,弹出输入法时,评论输入框内的文字只能显示下半部分。",30,10010000002663,私聊列表中联系人只显示初始昵称，不能显示修改后的昵称。,private_chat.list_item.cannot_or_fail,途牛__C12,途牛__C3,0.052306,0,0,1,0,0,0,0
TFIDF+HC__途牛__10010000005136,tfidf_hc_K20,TFIDF+HC,途牛,10010000005136,message_send.input_box.other,"评论他人发送的图文时,弹出输入法时,评论输入框内的文字只能显示下半部分。",31,10010000005660,预期情况下，用户2为被投诉用户，即在该系统中为禁言用户，其应该只能接收被人发送的消息，而不能发送给被人消息。,message_send.chat.cannot_send,途牛__C12,途牛__C3,0.047158,0,1,1,0,0,0,0
TFIDF+HC__途牛__10010000005136,tfidf_hc_K20,TFIDF+HC,途牛,10010000005136,message_send.input_box.other,"评论他人发送的图文时,弹出输入法时,评论输入框内的文字只能显示下半部分。",32,10010000002665,评论的时候编辑文字的时候只能出现一半，不能显示完整的评论框和文字,comment.list_item.cannot_or_fail,途牛__C4,途牛__C3,0.173899,0,0,1,0,0,0,0
TFIDF+HC__途牛__10010000005136,tfidf_hc_K20,TFIDF+HC,途牛,10010000005136,message_send.input_box.other,"评论他人发送的图文时,弹出输入法时,评论输入框内的文字只能显示下半部分。",33,10010000006846,途牛私聊时，给陌生人发送图片显示模糊,private_chat.image_banner.other,途牛__C4,途牛__C3,0.06183,0,0,1,0,0,0,0
TFIDF+HC__途牛__10010000005136,tfidf_hc_K20,TFIDF+HC,途牛,10010000005136,message_send.input_box.other,"评论他人发送的图文时,弹出输入法时,评论输入框内的文字只能显示下半部分。",34,10010000004524,在聊天文本框内输入空格或者回车无法发送消息！必须输入文字、符号、或者表情才可发送！,message_send.input_box.cannot_or_fail,途牛__C12,途牛__C3,0.081995,0,1,1,0,0,0,0
SBERT+HC__途牛__10010000005136,sbert_hc_K20,SBERT+HC,途牛,10010000005136,message_send.input_box.other,"评论他人发送的图文时,弹出输入法时,评论输入框内的文字只能显示下半部分。",1,10010000006787,在看别人写的优美游记时，点击作者想和作者私聊时，程序闪退回到桌面,private_chat.chat.crash,途牛__C5,途牛__C1,0.008626,0,0,1,0,0,0,0
SBERT+HC__途牛__10010000005136,sbert_hc_K20,SBERT+HC,途牛,10010000005136,message_send.input_box.other,"评论他人发送的图文时,弹出输入法时,评论输入框内的文字只能显示下半部分。",2,10010000004063,评论他人的帖子时输入框被挡住上半部分。,comment.input_box.other,途牛__C1,途牛__C1,0.280133,0,0,0,0,0,0,0
SBERT+HC__途牛__10010000005136,sbert_hc_K20,SBERT+HC,途牛,10010000005136,message_send.input_box.other,"评论他人发送的图文时,弹出输入法时,评论输入框内的文字只能显示下半部分。",3,10010000006478,评论之后，左下角评论的数量不发生变化，需重新进入才可以，例如我评论了一条“哟哟哟”，左下角的评论是还是28，数量没变,comment.list_item.other,途牛__C1,途牛__C1,0.101988,0,0,0,0,0,0,0
SBERT+HC__途牛__10010000005136,sbert_hc_K20,SBERT+HC,途牛,10010000005136,message_send.input_box.other,"评论他人发送的图文时,弹出输入法时,评论输入框内的文字只能显示下半部分。",4,10010000006363,互动状态界面，点击右上角，页面出现不在提醒和取消按钮，取消按钮只出现了一半，影响视觉效果。,notification.button_icon.other,途牛__C5,途牛__C1,0.014519,0,0,1,0,0,0,0
SBERT+HC__途牛__10010000005136,sbert_hc_K20,SBERT+HC,途牛,10010000005136,message_send.input_box.other,"评论他人发送的图文时,弹出输入法时,评论输入框内的文字只能显示下半部分。",5,10010000002665,评论的时候编辑文字的时候只能出现一半，不能显示完整的评论框和文字,comment.list_item.cannot_or_fail,途牛__C1,途牛__C1,0.173899,0,0,0,0,0,0,0
SBERT+HC__途牛__10010000005136,sbert_hc_K20,SBERT+HC,途牛,10010000005136,message_send.input_box.other,"评论他人发送的图文时,弹出输入法时,评论输入框内的文字只能显示下半部分。",6,10010000004269,评论提示内容和输入的文字只会显示一半,comment.list_item.other,途牛__C1,途牛__C1,0.204171,0,0,0,0,0,0,0
SBERT+HC__途牛__10010000005136,sbert_hc_K20,SBERT+HC,途牛,10010000005136,message_send.input_box.other,"评论他人发送的图文时,弹出输入法时,评论输入框内的文字只能显示下半部分。",7,10010000003034,私聊时，选择表情，会以文字描述的形式出现在输入框里，删除时，只能连续删除所有的字符才可以，需要点击四下按钮,private_chat.input_box.other,途牛__C0,途牛__C1,0.061095,0,0,1,0,0,0,0
SBERT+HC__途牛__10010000005136,sbert_hc_K20,SBERT+HC,途牛,10010000005136,message_send.input_box.other,"评论他人发送的图文时,弹出输入法时,评论输入框内的文字只能显示下半部分。",8,10010000003021,评论发帖信息时，评论输入框应该显示完整的输入信息，但是测试时发现输入的信息只显示了一半。,comment.input_box.other,途牛__C1,途牛__C1,0.191821,0,0,0,0,0,0,0
SBERT+HC__途牛__10010000005136,sbert_hc_K20,SBERT+HC,途牛,10010000005136,message_send.input_box.other,"评论他人发送的图文时,弹出输入法时,评论输入框内的文字只能显示下半部分。",9,10010000002836,发送图片时，点击选择九张图片后，点击预览，然后闪退，出现下图画面，自己发出去的文字出现在了左边，而且点击返回后到了此用户的主页，相应选…,message_send.image_banner.crash,途牛__C0,途牛__C1,0.044936,0,1,1,0,0,0,0
SBERT+HC__途牛__10010000005136,sbert_hc_K20,SBERT+HC,途牛,10010000005136,message_send.input_box.other,"评论他人发送的图文时,弹出输入法时,评论输入框内的文字只能显示下半部分。",10,10010000006257,评论别人的问题无发表评论按钮，点击回车才能发表评论,comment.button_icon.other,途牛__C1,途牛__C1,0.12471,0,0,0,0,0,0,0
SBERT+HC__途牛__10010000005136,sbert_hc_K20,SBERT+HC,途牛,10010000005136,message_send.input_box.other,"评论他人发送的图文时,弹出输入法时,评论输入框内的文字只能显示下半部分。",11,10010000006994,对自己的图文信息应该可以进行成功评论。途牛软件有评论输入框，但没有发送该评论的功能。,message_send.input_box.other,途牛__C1,途牛__C1,0.206627,1,1,0,0,0,0,0
SBERT+HC__途牛__10010000005136,sbert_hc_K20,SBERT+HC,途牛,10010000005136,message_send.input_box.other,"评论他人发送的图文时,弹出输入法时,评论输入框内的文字只能显示下半部分。",12,10010000004877,在消息页面外收不到消息提醒。点击右上角的消息图标进到消息页面后才出现消息提示的声音。而且在其他界面没有醒目的消息提示显示（只有右上角图…,message_send.button_icon.cannot_or_fail,途牛__C1,途牛__C1,0.021656,0,1,0,0,0,0,0
SBERT+HC__途牛__10010000005136,sbert_hc_K20,SBERT+HC,途牛,10010000005136,message_send.input_box.other,"评论他人发送的图文时,弹出输入法时,评论输入框内的文字只能显示下半部分。",13,10010000006895,投诉界面里，用户只能输入文字，不能上传图片等,other.page_view.cannot_or_fail,途牛__C0,途牛__C1,0.061456,0,0,1,0,0,0,0
SBERT+HC__途牛__10010000005136,sbert_hc_K20,SBERT+HC,途牛,10010000005136,message_send.input_box.other,"评论他人发送的图文时,弹出输入法时,评论输入框内的文字只能显示下半部分。",14,10010000006564,输入文字多行，文本框不会随着文字的增多或者减少而上下变化，用户根本看不到已经输入的哪些内容，发送后才知道。当然输入表情问题也是一样的。,message_send.input_box.other,途牛__C1,途牛__C1,0.08028,1,1,0,0,0,0,0
SBERT+HC__途牛__10010000005136,sbert_hc_K20,SBERT+HC,途牛,10010000005136,message_send.input_box.other,"评论他人发送的图文时,弹出输入法时,评论输入框内的文字只能显示下半部分。",15,10010000002642,聊天时输入表情，输入框显示的是该表情的文字描述，只有当发送给对方时才会显示为表情图片。体验不好。,message_send.input_box.other,途牛__C0,途牛__C1,0.105958,1,1,1,1,1,1,1
SBERT+HC__途牛__10010000005136,sbert_hc_K20,SBERT+HC,途牛,10010000005136,message_send.input_box.other,"评论他人发送的图文时,弹出输入法时,评论输入框内的文字只能显示下半部分。",16,10010000005207,投诉该用户时不能添加图片 而且没有提示还剩多少个字可以输入,other.image_banner.no_prompt,途牛__C0,途牛__C1,0.034047,0,0,1,0,0,0,0
SBERT+HC__途牛__10010000005136,sbert_hc_K20,SBERT+HC,途牛,10010000005136,message_send.input_box.other,"评论他人发送的图文时,弹出输入法时,评论输入框内的文字只能显示下半部分。",17,10010000002986,未互相关注和相互关注进行私聊时，输入表情时在输入框中是以文字形式出现的，而未解析成图片表情,private_chat.input_box.other,途牛__C0,途牛__C1,0.067133,0,0,1,0,0,0,0
SBERT+HC__途牛__10010000005136,sbert_hc_K20,SBERT+HC,途牛,10010000005136,message_send.input_box.other,"评论他人发送的图文时,弹出输入法时,评论输入框内的文字只能显示下半部分。",18,10010000002573,在聊天信息输入过程中，输入法弹出之后，点击表情Button，输入法消失之前，包含有大量表情的布局就出现在了输入法上方，并随着输入法消失…,message_send.chat.layout_issue,途牛__C0,途牛__C1,0.125081,0,1,1,0,0,0,0
SBERT+HC__途牛__10010000005136,sbert_hc_K20,SBERT+HC,途牛,10010000005136,message_send.input_box.other,"评论他人发送的图文时,弹出输入法时,评论输入框内的文字只能显示下半部分。",19,10010000002809,在荣耀6x手机中，当评论时会出现评论的字只显示一半，且无发表评论按钮，不友好,comment.button_icon.other,途牛__C1,途牛__C1,0.137599,0,0,0,0,0,0,0
SBERT+HC__途牛__10010000005136,sbert_hc_K20,SBERT+HC,途牛,10010000005136,message_send.input_box.other,"评论他人发送的图文时,弹出输入法时,评论输入框内的文字只能显示下半部分。",20,10010000005472,评论帖子的时候，输入的表情无法正常显示,comment.list_item.cannot_or_fail,途牛__C1,途牛__C1,0.107856,0,0,0,0,0,0,0
SBERT+HC__途牛__10010000005136,sbert_hc_K20,SBERT+HC,途牛,10010000005136,message_send.input_box.other,"评论他人发送的图文时,弹出输入法时,评论输入框内的文字只能显示下半部分。",21,10010000006168,评论之后或者进入这个页面，点击左上角的返回，会自动退出,comment.page_view.other,途牛__C1,途牛__C1,0.05332,0,0,0,0,0,0,0
SBERT+HC__途牛__10010000005136,sbert_hc_K20,SBERT+HC,途牛,10010000005136,message_send.input_box.other,"评论他人发送的图文时,弹出输入法时,评论输入框内的文字只能显示下半部分。",22,10010000004506,在私聊窗口页面―>点击文本输入框右侧“表情”图标，查看表情，发现自带表情种类太少，无法满足用户需求。,private_chat.input_box.cannot_or_fail,途牛__C0,途牛__C1,0.03749,0,0,1,0,0,0,0
SBERT+HC__途牛__10010000005136,sbert_hc_K20,SBERT+HC,途牛,10010000005136,message_send.input_box.other,"评论他人发送的图文时,弹出输入法时,评论输入框内的文字只能显示下半部分。",23,10010000005188,"评论内容时,输入框内的内容在未发送的情况下隐藏输入法时被清空。",message_send.input_box.other,途牛__C1,途牛__C1,0.27132,1,1,0,0,0,0,0
SBERT+HC__途牛__10010000005136,sbert_hc_K20,SBERT+HC,途牛,10010000005136,message_send.input_box.other,"评论他人发送的图文时,弹出输入法时,评论输入框内的文字只能显示下半部分。",24,10010000006596,"在测试私聊路径时,点击某人头像准备进入个人主页时,出现闪退的现象",private_chat.chat.crash,途牛__C5,途牛__C1,0.072861,0,0,1,0,0,0,0
SBERT+HC__途牛__10010000005136,sbert_hc_K20,SBERT+HC,途牛,10010000005136,message_send.input_box.other,"评论他人发送的图文时,弹出输入法时,评论输入框内的文字只能显示下半部分。",25,10010000003601,在私聊时，点击发送表情的按钮，当下面的表情处于第一页时继续右划表情，竟然回到了上页退出了私聊页面,private_chat.button_icon.other,途牛__C1,途牛__C1,0.016489,0,0,0,0,0,0,0
SBERT+HC__途牛__10010000005136,sbert_hc_K20,SBERT+HC,途牛,10010000005136,message_send.input_box.other,"评论他人发送的图文时,弹出输入法时,评论输入框内的文字只能显示下半部分。",26,10010000005730,发送表情消息时，点击消息框，会出现表情选择框和文字输入框并排出现！！！,message_send.input_box.other,途牛__C0,途牛__C1,0.067242,1,1,1,1,1,1,1
SBERT+HC__途牛__10010000005136,sbert_hc_K20,SBERT+HC,途牛,10010000005136,message_send.input_box.other,"评论他人发送的图文时,弹出输入法时,评论输入框内的文字只能显示下半部分。",27,10010000006798,当在输入框输入完表情之后无法提供缩略图预览（微信或者QQ都有提供预览）,other.input_box.cannot_or_fail,途牛__C0,途牛__C1,0.048451,0,0,1,0,0,0,0
SBERT+HC__途牛__10010000005136,sbert_hc_K20,SBERT+HC,途牛,10010000005136,message_send.input_box.other,"评论他人发送的图文时,弹出输入法时,评论输入框内的文字只能显示下半部分。",28,10010000000889,"在对楼主发的贴进行评论时，""说俩句，撩撩楼主""的文本框在输入信息时，会出现输入内容的上部分被遮住。",comment.input_box.other,途牛__C5,途牛__C1,0.09817,0,0,1,0,0,0,0
SBERT+HC__途牛__10010000005136,sbert_hc_K20,SBERT+HC,途牛,10010000005136,message_send.input_box.other,"评论他人发送的图文时,弹出输入法时,评论输入框内的文字只能显示下半部分。",29,10010000005991,现象：发送表情时在输入框看到的是文字描述而不是表情,message_send.input_box.other,途牛__C0,途牛__C1,0.070757,1,1,1,1,1,1,1
SBERT+HC__途牛__10010000005136,sbert_hc_K20,SBERT+HC,途牛,10010000005136,message_send.input_box.other,"评论他人发送的图文时,弹出输入法时,评论输入框内的文字只能显示下半部分。",30,10010000004823,在发帖后进入帖子里面，点击评论的那个小按钮，输入框显示有问题，只能显示一半的高度，输进去的字只能显示一般高度,comment.input_box.other,途牛__C1,途牛__C1,0.170356,0,0,0,0,0,0,0
SBERT+HC__途牛__10010000005136,sbert_hc_K20,SBERT+HC,途牛,10010000005136,message_send.input_box.other,"评论他人发送的图文时,弹出输入法时,评论输入框内的文字只能显示下半部分。",31,10010000004307,评论他人的帖子，编辑文字时，文字只出现半行,comment.list_item.other,途牛__C1,途牛__C1,0.212501,0,0,0,0,0,0,0
SBERT+HC__途牛__10010000005136,sbert_hc_K20,SBERT+HC,途牛,10010000005136,message_send.input_box.other,"评论他人发送的图文时,弹出输入法时,评论输入框内的文字只能显示下半部分。",32,10010000005461,评论信息中添加表情图标应该显示图标，而不是“（表情）”,comment.button_icon.other,途牛__C0,途牛__C1,0.056171,0,0,1,0,0,0,0
SBERT+HC__途牛__10010000005136,sbert_hc_K20,SBERT+HC,途牛,10010000005136,message_send.input_box.other,"评论他人发送的图文时,弹出输入法时,评论输入框内的文字只能显示下半部分。",33,10010000005824,在评论区中，回复后不会立即更新，要重新进入评论区才显示，评论后点返回评论条数不会立即更新,comment.list_item.other,途牛__C1,途牛__C1,0.110597,0,0,0,0,0,0,0
SBERT+HC__途牛__10010000005136,sbert_hc_K20,SBERT+HC,途牛,10010000005136,message_send.input_box.other,"评论他人发送的图文时,弹出输入法时,评论输入框内的文字只能显示下半部分。",34,10010000004826,在首次和粉丝建立对话的过程中，进入自己的粉丝页面，只有点击头像才能进入粉丝的个人主页，点击头像右侧区域不能跳转，应该让整个ViewGr…,other.page_view.cannot_or_fail,途牛__C5,途牛__C1,0.013373,0,0,1,0,0,0,0
SBERT+HC__途牛__10010000005136,sbert_hc_K20,SBERT+HC,途牛,10010000005136,message_send.input_box.other,"评论他人发送的图文时,弹出输入法时,评论输入框内的文字只能显示下半部分。",35,10010000006783,当点击表情输入时，显示在文本框里的是“[文字]”当想删除表情时，只能一个一个字符删除，当发送只删除了一半的表情字符时，被删除一半的表情…,message_send.input_box.other,途牛__C0,途牛__C1,0.068877,1,1,1,1,1,1,1
SBERT+HC__途牛__10010000005136,sbert_hc_K20,SBERT+HC,途牛,10010000005136,message_send.input_box.other,"评论他人发送的图文时,弹出输入法时,评论输入框内的文字只能显示下半部分。",36,10010000006999,本来在问大家功能里，自己都可以点击“我来回答”，本来是评论来着，刚开始在自己发布的信息里评论，显示的是有两人评论，重新点进去问大家功能…,comment.list_item.cannot_delete,途牛__C1,途牛__C1,0.078066,0,0,0,0,0,0,0
SBERT+HC__途牛__10010000005136,sbert_hc_K20,SBERT+HC,途牛,10010000005136,message_send.input_box.other,"评论他人发送的图文时,弹出输入法时,评论输入框内的文字只能显示下半部分。",37,10010000006514,私聊页面右上角“更多”图标点进去 的投诉功能 ，当用户点击发送时，投诉发送按钮没有视觉上的变化，即点击前点击后按钮的颜色是一样的，这可…,private_chat.button_icon.other,途牛__C1,途牛__C1,0.016186,0,0,0,0,0,0,0
SBERT+HC__途牛__10010000005136,sbert_hc_K20,SBERT+HC,途牛,10010000005136,message_send.input_box.other,"评论他人发送的图文时,弹出输入法时,评论输入框内的文字只能显示下半部分。",38,10010000006944,步骤9收回输入键盘后，评论输入框中应该有信息显示“ninhao”，但是测试时发现收回键盘时，评论输入框中的信息被清空。,comment.input_box.other,途牛__C9,途牛__C1,0.163559,0,0,1,0,0,0,0
LLMCluster__途牛__10010000005136,llmcluster_glm-4-air,LLMCluster,途牛,10010000005136,message_send.input_box.other,"评论他人发送的图文时,弹出输入法时,评论输入框内的文字只能显示下半部分。",1,10010000002509,发送表情切换到自定义表情时，输入框大小改变，降低用户体验。,message_send.input_box.other,途牛__C5,途牛__C29,0.045778,1,1,1,1,1,1,1
LLMCluster__途牛__10010000005136,llmcluster_glm-4-air,LLMCluster,途牛,10010000005136,message_send.input_box.other,"评论他人发送的图文时,弹出输入法时,评论输入框内的文字只能显示下半部分。",2,10010000006832,不能在聊天界面的输入框+号旁下拉获取当前位置,message_send.input_box.cannot_or_fail,途牛__C2,途牛__C29,0.050189,0,1,1,0,0,0,0
LLMCluster__途牛__10010000005136,llmcluster_glm-4-air,LLMCluster,途牛,10010000005136,message_send.input_box.other,"评论他人发送的图文时,弹出输入法时,评论输入框内的文字只能显示下半部分。",3,10010000002573,在聊天信息输入过程中，输入法弹出之后，点击表情Button，输入法消失之前，包含有大量表情的布局就出现在了输入法上方，并随着输入法消失…,message_send.chat.layout_issue,途牛__C29,途牛__C29,0.125081,0,1,0,0,0,0,0
LLMCluster__途牛__10010000005136,llmcluster_glm-4-air,LLMCluster,途牛,10010000005136,message_send.input_box.other,"评论他人发送的图文时,弹出输入法时,评论输入框内的文字只能显示下半部分。",4,10010000006846,途牛私聊时，给陌生人发送图片显示模糊,private_chat.image_banner.other,途牛__C1,途牛__C29,0.06183,0,0,1,0,0,0,0
LLMCluster__途牛__10010000005136,llmcluster_glm-4-air,LLMCluster,途牛,10010000005136,message_send.input_box.other,"评论他人发送的图文时,弹出输入法时,评论输入框内的文字只能显示下半部分。",5,10010000004427,删除不想发送的聊天表情时(已经出现在输入框) 删除是一个字符一个字符删除的 不是一起全部删除,message_send.input_box.other,途牛__C5,途牛__C29,0.05503,1,1,1,1,1,1,1
LLMCluster__途牛__10010000005136,llmcluster_glm-4-air,LLMCluster,途牛,10010000005136,message_send.input_box.other,"评论他人发送的图文时,弹出输入法时,评论输入框内的文字只能显示下半部分。",6,10010000002809,在荣耀6x手机中，当评论时会出现评论的字只显示一半，且无发表评论按钮，不友好,comment.button_icon.other,途牛__C22,途牛__C29,0.137599,0,0,1,0,0,0,0
LLMCluster__途牛__10010000005136,llmcluster_glm-4-air,LLMCluster,途牛,10010000005136,message_send.input_box.other,"评论他人发送的图文时,弹出输入法时,评论输入框内的文字只能显示下半部分。",7,10010000004823,在发帖后进入帖子里面，点击评论的那个小按钮，输入框显示有问题，只能显示一半的高度，输进去的字只能显示一般高度,comment.input_box.other,途牛__C29,途牛__C29,0.170356,0,0,0,0,0,0,0
LLMCluster__途牛__10010000005136,llmcluster_glm-4-air,LLMCluster,途牛,10010000005136,message_send.input_box.other,"评论他人发送的图文时,弹出输入法时,评论输入框内的文字只能显示下半部分。",8,10010000005103,在输入比单行输入框多的文字的时候，输入框的前面没有提示，让用户以为，只输入当前界面的这么多文字呢，最好有个省略号，提示一下,other.input_box.no_prompt,途牛__C29,途牛__C29,0.120007,0,0,0,0,0,0,0
LLMCluster__途牛__10010000005136,llmcluster_glm-4-air,LLMCluster,途牛,10010000005136,message_send.input_box.other,"评论他人发送的图文时,弹出输入法时,评论输入框内的文字只能显示下半部分。",9,10010000004063,评论他人的帖子时输入框被挡住上半部分。,comment.input_box.other,途牛__C29,途牛__C29,0.280133,0,0,0,0,0,0,0
LLMCluster__途牛__10010000005136,llmcluster_glm-4-air,LLMCluster,途牛,10010000005136,message_send.input_box.other,"评论他人发送的图文时,弹出输入法时,评论输入框内的文字只能显示下半部分。",10,10010000003871,在私聊页面进入设置，选择投诉该用户，输入法自动弹出来之后又自动关闭，需要用户点击输入框才会弹出输入法（讯飞输入法）！,private_chat.input_box.other,途牛__C29,途牛__C29,0.175371,0,0,0,0,0,0,0
LLMCluster__途牛__10010000005136,llmcluster_glm-4-air,LLMCluster,途牛,10010000005136,message_send.input_box.other,"评论他人发送的图文时,弹出输入法时,评论输入框内的文字只能显示下半部分。",11,10010000006850,输入框不能随着输入的信息内容而自适应地扩展，当用户一次要发送较多的信息时就只能显示部分信息，用户体验不好。,message_send.input_box.cannot_or_fail,途牛__C29,途牛__C29,0.110013,0,1,0,0,0,0,0
LLMCluster__途牛__10010000005136,llmcluster_glm-4-air,LLMCluster,途牛,10010000005136,message_send.input_box.other,"评论他人发送的图文时,弹出输入法时,评论输入框内的文字只能显示下半部分。",12,10010000003064,输入框输入更多输入框不能自适应内容,other.input_box.cannot_or_fail,途牛__C29,途牛__C29,0.121456,0,0,0,0,0,0,0
LLMCluster__途牛__10010000005136,llmcluster_glm-4-air,LLMCluster,途牛,10010000005136,message_send.input_box.other,"评论他人发送的图文时,弹出输入法时,评论输入框内的文字只能显示下半部分。",13,10010000003034,私聊时，选择表情，会以文字描述的形式出现在输入框里，删除时，只能连续删除所有的字符才可以，需要点击四下按钮,private_chat.input_box.other,途牛__C5,途牛__C29,0.061095,0,0,1,0,0,0,0
LLMCluster__途牛__10010000005136,llmcluster_glm-4-air,LLMCluster,途牛,10010000005136,message_send.input_box.other,"评论他人发送的图文时,弹出输入法时,评论输入框内的文字只能显示下半部分。",14,10010000005188,"评论内容时,输入框内的内容在未发送的情况下隐藏输入法时被清空。",message_send.input_box.other,途牛__C29,途牛__C29,0.27132,1,1,0,0,0,0,0
LLMCluster__途牛__10010000005136,llmcluster_glm-4-air,LLMCluster,途牛,10010000005136,message_send.input_box.other,"评论他人发送的图文时,弹出输入法时,评论输入框内的文字只能显示下半部分。",15,10010000007166,当发送图片时，不能发送，发送的图片也看不到,message_send.image_banner.cannot_send,途牛__C29,途牛__C29,0.087341,0,1,0,0,0,0,0
LLMCluster__途牛__10010000005136,llmcluster_glm-4-air,LLMCluster,途牛,10010000005136,message_send.input_box.other,"评论他人发送的图文时,弹出输入法时,评论输入框内的文字只能显示下半部分。",16,10010000004269,评论提示内容和输入的文字只会显示一半,comment.list_item.other,途牛__C29,途牛__C29,0.204171,0,0,0,0,0,0,0
LLMCluster__途牛__10010000005136,llmcluster_glm-4-air,LLMCluster,途牛,10010000005136,message_send.input_box.other,"评论他人发送的图文时,弹出输入法时,评论输入框内的文字只能显示下半部分。",17,10010000002665,评论的时候编辑文字的时候只能出现一半，不能显示完整的评论框和文字,comment.list_item.cannot_or_fail,途牛__C29,途牛__C29,0.173899,0,0,0,0,0,0,0
LLMCluster__途牛__10010000005136,llmcluster_glm-4-air,LLMCluster,途牛,10010000005136,message_send.input_box.other,"评论他人发送的图文时,弹出输入法时,评论输入框内的文字只能显示下半部分。",18,10010000003331,聊天对话框：输入框删除发送表情，仅删除表情对应的文字，需多次删除才能成功删掉一个表情。,message_send.input_box.other,途牛__C5,途牛__C29,0.067102,1,1,1,1,1,1,1
LLMCluster__途牛__10010000005136,llmcluster_glm-4-air,LLMCluster,途牛,10010000005136,message_send.input_box.other,"评论他人发送的图文时,弹出输入法时,评论输入框内的文字只能显示下半部分。",19,10010000003131,第一个人发送的语音会覆盖后面所有联系人发的语音。即使删除删除屏蔽与第一个人的聊天记录也还是会覆盖。,message_send.list_item.wrong_value,途牛__C23,途牛__C29,0.044543,0,1,1,0,0,0,0
LLMCluster__途牛__10010000005136,llmcluster_glm-4-air,LLMCluster,途牛,10010000005136,message_send.input_box.other,"评论他人发送的图文时,弹出输入法时,评论输入框内的文字只能显示下半部分。",20,10010000006664,聊天记录中，用户自己发送的消息，有时却出现在对方用户发送消息的位置！一般情况下用户自己发送的消息在右侧，对方发送的消息在左侧，此处却不…,message_send.list_item.wrong_value,途牛__C9,途牛__C29,0.046539,0,1,1,0,0,0,0
LLMCluster__途牛__10010000005136,llmcluster_glm-4-air,LLMCluster,途牛,10010000005136,message_send.input_box.other,"评论他人发送的图文时,弹出输入法时,评论输入框内的文字只能显示下半部分。",21,10010000002642,聊天时输入表情，输入框显示的是该表情的文字描述，只有当发送给对方时才会显示为表情图片。体验不好。,message_send.input_box.other,途牛__C29,途牛__C29,0.105958,1,1,0,0,0,0,0
LLMCluster__途牛__10010000005136,llmcluster_glm-4-air,LLMCluster,途牛,10010000005136,message_send.input_box.other,"评论他人发送的图文时,弹出输入法时,评论输入框内的文字只能显示下半部分。",22,10010000006945,当进入途牛旅行APP，进入非自己个人主页，在个人主页左下角找到“发起私聊”入口，进入私聊后，点击聊天页面输入框左侧 “语音输入”图标，…,private_chat.input_box.other,途牛__C1,途牛__C29,0.055951,0,0,1,0,0,0,0
LLMCluster__途牛__10010000005136,llmcluster_glm-4-air,LLMCluster,途牛,10010000005136,message_send.input_box.other,"评论他人发送的图文时,弹出输入法时,评论输入框内的文字只能显示下半部分。",23,10010000005742,当多个用户给同一个人发送语音是，用户接收到的语音时间显示正常，但实际上一直是第一个人的语音，发送方是正常的。,message_send.step.other,途牛__C4,途牛__C29,0.040632,0,1,1,0,0,0,0
LLMCluster__途牛__10010000005136,llmcluster_glm-4-air,LLMCluster,途牛,10010000005136,message_send.input_box.other,"评论他人发送的图文时,弹出输入法时,评论输入框内的文字只能显示下半部分。",24,10010000004959,已发送的图片无法添加为表情，长按后应出现按钮：添加为表情,message_send.button_icon.cannot_or_fail,途牛__C29,途牛__C29,0.045618,0,1,0,0,0,0,0
LLMCluster__途牛__10010000005136,llmcluster_glm-4-air,LLMCluster,途牛,10010000005136,message_send.input_box.other,"评论他人发送的图文时,弹出输入法时,评论输入框内的文字只能显示下半部分。",25,10010000006031,在选择表情后，点击表情界面的删除按钮并不能删除完整的表情，而是删除表情对于的词语的一部分。对于用户来说比较麻烦，不符合用户一般的习惯。,other.button_icon.cannot_delete,途牛__C5,途牛__C29,0.039128,0,0,1,0,0,0,0
LLMCluster__途牛__10010000005136,llmcluster_glm-4-air,LLMCluster,途牛,10010000005136,message_send.input_box.other,"评论他人发送的图文时,弹出输入法时,评论输入框内的文字只能显示下半部分。",26,10010000006944,步骤9收回输入键盘后，评论输入框中应该有信息显示“ninhao”，但是测试时发现收回键盘时，评论输入框中的信息被清空。,comment.input_box.other,途牛__C29,途牛__C29,0.163559,0,0,0,0,0,0,0
LLMCluster__途牛__10010000005136,llmcluster_glm-4-air,LLMCluster,途牛,10010000005136,message_send.input_box.other,"评论他人发送的图文时,弹出输入法时,评论输入框内的文字只能显示下半部分。",27,10010000004307,评论他人的帖子，编辑文字时，文字只出现半行,comment.list_item.other,途牛__C29,途牛__C29,0.212501,0,0,0,0,0,0,0
LLMCluster__途牛__10010000005136,llmcluster_glm-4-air,LLMCluster,途牛,10010000005136,message_send.input_box.other,"评论他人发送的图文时,弹出输入法时,评论输入框内的文字只能显示下半部分。",28,10010000004525,在评论他人所发图片是经常出现闪退现象,comment.list_item.crash,途牛__C29,途牛__C29,0.133675,0,0,0,0,0,0,0
LLMCluster__途牛__10010000005136,llmcluster_glm-4-air,LLMCluster,途牛,10010000005136,message_send.input_box.other,"评论他人发送的图文时,弹出输入法时,评论输入框内的文字只能显示下半部分。",29,10010000003021,评论发帖信息时，评论输入框应该显示完整的输入信息，但是测试时发现输入的信息只显示了一半。,comment.input_box.other,途牛__C22,途牛__C29,0.191821,0,0,1,0,0,0,0
LLMCluster__途牛__10010000005136,llmcluster_glm-4-air,LLMCluster,途牛,10010000005136,message_send.input_box.other,"评论他人发送的图文时,弹出输入法时,评论输入框内的文字只能显示下半部分。",30,10010000006994,对自己的图文信息应该可以进行成功评论。途牛软件有评论输入框，但没有发送该评论的功能。,message_send.input_box.other,途牛__C29,途牛__C29,0.206627,1,1,0,0,0,0,0
LLMCluster__途牛__10010000005136,llmcluster_glm-4-air,LLMCluster,途牛,10010000005136,message_send.input_box.other,"评论他人发送的图文时,弹出输入法时,评论输入框内的文字只能显示下半部分。",31,10010000006257,评论别人的问题无发表评论按钮，点击回车才能发表评论,comment.button_icon.other,途牛__C22,途牛__C29,0.12471,0,0,1,0,0,0,0
LLMCluster__途牛__10010000005136,llmcluster_glm-4-air,LLMCluster,途牛,10010000005136,message_send.input_box.other,"评论他人发送的图文时,弹出输入法时,评论输入框内的文字只能显示下半部分。",32,10010000006329,他人发来的图片或表情无法直接收藏，只能先保存到手机,other.image_banner.cannot_or_fail,途牛__C29,途牛__C29,0.07061,0,0,0,0,0,0,0
TFIDF+HC__途牛__10010000002893,tfidf_hc_K20,TFIDF+HC,途牛,10010000002893,message_send.input_box.other,发送消息时，在文本输入框中输入“[大笑]”，消息发送后出现[大笑]表情，,1,10010000003828,用户进入非自己个人主页，在个人主页左下角找到“发起私聊”入口，进入私聊，发起对话。点击聊天页面文本输入框最右侧“+”按钮，“选择照片”…,private_chat.input_box.other,途牛__C0,途牛__C3,0.092989,0,0,1,0,0,0,0
TFIDF+HC__途牛__10010000002893,tfidf_hc_K20,TFIDF+HC,途牛,10010000002893,message_send.input_box.other,发送消息时，在文本输入框中输入“[大笑]”，消息发送后出现[大笑]表情，,2,10010000006944,步骤9收回输入键盘后，评论输入框中应该有信息显示“ninhao”，但是测试时发现收回键盘时，评论输入框中的信息被清空。,comment.input_box.other,途牛__C3,途牛__C3,0.101075,0,0,0,0,0,0,0
TFIDF+HC__途牛__10010000002893,tfidf_hc_K20,TFIDF+HC,途牛,10010000002893,message_send.input_box.other,发送消息时，在文本输入框中输入“[大笑]”，消息发送后出现[大笑]表情，,3,10010000005730,发送表情消息时，点击消息框，会出现表情选择框和文字输入框并排出现！！！,message_send.input_box.other,途牛__C4,途牛__C3,0.137478,1,1,1,1,1,1,1
TFIDF+HC__途牛__10010000002893,tfidf_hc_K20,TFIDF+HC,途牛,10010000002893,message_send.input_box.other,发送消息时，在文本输入框中输入“[大笑]”，消息发送后出现[大笑]表情，,4,10010000006275,陌生人之间发送消息有延迟出现，需要提高收发消息的时间延缓。,message_send.chat.freeze,途牛__C12,途牛__C3,0.078045,0,1,1,0,0,0,0
TFIDF+HC__途牛__10010000002893,tfidf_hc_K20,TFIDF+HC,途牛,10010000002893,message_send.input_box.other,发送消息时，在文本输入框中输入“[大笑]”，消息发送后出现[大笑]表情，,5,10010000006118,发送消息不能发送为空，即使含多个空格也不能发送,message_send.chat.cannot_send,途牛__C12,途牛__C3,0.080199,0,1,1,0,0,0,0
TFIDF+HC__途牛__10010000002893,tfidf_hc_K20,TFIDF+HC,途牛,10010000002893,message_send.input_box.other,发送消息时，在文本输入框中输入“[大笑]”，消息发送后出现[大笑]表情，,6,10010000003466,进入私聊以后，然后发送文字，在编辑输入框中输入很多的文字但是编辑框并没有自动换行之类的，对用户体验有很严重的影响。,private_chat.input_box.other,途牛__C3,途牛__C3,0.103739,0,0,0,0,0,0,0
TFIDF+HC__途牛__10010000002893,tfidf_hc_K20,TFIDF+HC,途牛,10010000002893,message_send.input_box.other,发送消息时，在文本输入框中输入“[大笑]”，消息发送后出现[大笑]表情，,7,10010000006997,数据和wifi都断了之后，消息发不出去。长按没发出去的消息，没有去取消发送的功能，建议增加,message_send.chat.cannot_send,途牛__C12,途牛__C3,0.08595,0,1,1,0,0,0,0
TFIDF+HC__途牛__10010000002893,tfidf_hc_K20,TFIDF+HC,途牛,10010000002893,message_send.input_box.other,发送消息时，在文本输入框中输入“[大笑]”，消息发送后出现[大笑]表情，,8,10010000005433,别人屏蔽你然后你给他发送消息时没有提示你不能发送,message_send.chat.cannot_send,途牛__C12,途牛__C3,0.086919,0,1,1,0,0,0,0
TFIDF+HC__途牛__10010000002893,tfidf_hc_K20,TFIDF+HC,途牛,10010000002893,message_send.input_box.other,发送消息时，在文本输入框中输入“[大笑]”，消息发送后出现[大笑]表情，,9,10010000003603,在文本框只输入空格或者换行无法发送消息，只有带文字和符号的才可以发送消息！,message_send.input_box.cannot_or_fail,途牛__C12,途牛__C3,0.14846,0,1,1,0,0,1,0
TFIDF+HC__途牛__10010000002893,tfidf_hc_K20,TFIDF+HC,途牛,10010000002893,message_send.input_box.other,发送消息时，在文本输入框中输入“[大笑]”，消息发送后出现[大笑]表情，,10,10010000005939,与好友进行私聊的时候，如果消息输入框中输入多行消息的时候，前面已将输入的消息会不可见。当用户需要进行复制、粘贴的时候，需要进行滑动多次…,private_chat.input_box.other,途牛__C3,途牛__C3,0.108073,0,0,0,0,0,0,0
TFIDF+HC__途牛__10010000002893,tfidf_hc_K20,TFIDF+HC,途牛,10010000002893,message_send.input_box.other,发送消息时，在文本输入框中输入“[大笑]”，消息发送后出现[大笑]表情，,11,10010000006051,不能判断“[微笑]”类似的字符是用户输入还是通过点击表情发送，都会发送为表情（如果用户想要发送“[微笑]”怎么办？）,message_send.other.cannot_or_fail,途牛__C4,途牛__C3,0.233522,0,1,1,1,1,1,1
TFIDF+HC__途牛__10010000002893,tfidf_hc_K20,TFIDF+HC,途牛,10010000002893,message_send.input_box.other,发送消息时，在文本输入框中输入“[大笑]”，消息发送后出现[大笑]表情，,12,10010000003310,选择表情后，在文本框内显示，删除时，不能一次删除整个表情,other.input_box.cannot_or_fail,途牛__C4,途牛__C3,0.105793,0,0,1,0,0,0,0
TFIDF+HC__途牛__10010000002893,tfidf_hc_K20,TFIDF+HC,途牛,10010000002893,message_send.input_box.other,发送消息时，在文本输入框中输入“[大笑]”，消息发送后出现[大笑]表情，,13,10010000005857,与好友进行私聊的时候，如果在消息输入框中输入多行消息时候。前面的消息会不可见。,private_chat.input_box.other,途牛__C3,途牛__C3,0.160346,0,0,0,0,0,0,0
TFIDF+HC__途牛__10010000002893,tfidf_hc_K20,TFIDF+HC,途牛,10010000002893,message_send.input_box.other,发送消息时，在文本输入框中输入“[大笑]”，消息发送后出现[大笑]表情，,14,10010000004128,用户进入非自己个人主页，在个人主页左下角找到“发起私聊”入口，进入私聊，发起对话。点击聊天页面文本输入框最右侧“+”按钮，“选择照片”…,private_chat.input_box.crash,途牛__C0,途牛__C3,0.092989,0,0,1,0,0,0,0
TFIDF+HC__途牛__10010000002893,tfidf_hc_K20,TFIDF+HC,途牛,10010000002893,message_send.input_box.other,发送消息时，在文本输入框中输入“[大笑]”，消息发送后出现[大笑]表情，,15,10010000005603,当用户被投诉后，应该被禁言，不能发送消息。实际用户被投诉之后，只能发送消息，但不能接收消息。,message_send.chat.cannot_send,途牛__C12,途牛__C3,0.090997,0,1,1,0,0,0,0
TFIDF+HC__途牛__10010000002893,tfidf_hc_K20,TFIDF+HC,途牛,10010000002893,message_send.input_box.other,发送消息时，在文本输入框中输入“[大笑]”，消息发送后出现[大笑]表情，,16,10010000006641,输入框无法通过回车键发送消息，也不能设置成回车键发送,message_send.input_box.cannot_or_fail,途牛__C12,途牛__C3,0.091204,0,1,1,0,0,0,0
TFIDF+HC__途牛__10010000002893,tfidf_hc_K20,TFIDF+HC,途牛,10010000002893,message_send.input_box.other,发送消息时，在文本输入框中输入“[大笑]”，消息发送后出现[大笑]表情，,17,10010000006656,当一个账号在电脑模拟器和手机端同时登录时，给他人发送消息时，只能在一个客户端显示，且接收的消息也只能在另一个客户端显示，造成消息不能同…,login.chat.cannot_or_fail,途牛__C12,途牛__C3,0.070955,0,0,1,0,0,0,0
TFIDF+HC__途牛__10010000002893,tfidf_hc_K20,TFIDF+HC,途牛,10010000002893,message_send.input_box.other,发送消息时，在文本输入框中输入“[大笑]”，消息发送后出现[大笑]表情，,18,10010000003528,在消息发送失败后，网络恢复正常后，点击消息重送无反应。,message_send.chat.cannot_send,途牛__C12,途牛__C3,0.0965,0,1,1,0,0,0,0
TFIDF+HC__途牛__10010000002893,tfidf_hc_K20,TFIDF+HC,途牛,10010000002893,message_send.input_box.other,发送消息时，在文本输入框中输入“[大笑]”，消息发送后出现[大笑]表情，,19,10010000002931,"发送消息时不能使用键盘发送,只能用鼠标点击发送图标进行发送。很大程度的影响了用户体验。",message_send.input_box.cannot_or_fail,途牛__C12,途牛__C3,0.088848,0,1,1,0,0,0,0
TFIDF+HC__途牛__10010000002893,tfidf_hc_K20,TFIDF+HC,途牛,10010000002893,message_send.input_box.other,发送消息时，在文本输入框中输入“[大笑]”，消息发送后出现[大笑]表情，,20,10010000004506,在私聊窗口页面―>点击文本输入框右侧“表情”图标，查看表情，发现自带表情种类太少，无法满足用户需求。,private_chat.input_box.cannot_or_fail,途牛__C4,途牛__C3,0.106773,0,0,1,0,0,0,0
TFIDF+HC__途牛__10010000002893,tfidf_hc_K20,TFIDF+HC,途牛,10010000002893,message_send.input_box.other,发送消息时，在文本输入框中输入“[大笑]”，消息发送后出现[大笑]表情，,21,10010000003883,点击私聊界面文本输入框右侧“表情”按钮，要先选择表情，再点击“发送”才可将表情发送，操作繁琐。如果能够直接点击表情就可以发送，用户使用…,private_chat.input_box.other,途牛__C4,途牛__C3,0.120957,0,0,1,0,0,0,0
TFIDF+HC__途牛__10010000002893,tfidf_hc_K20,TFIDF+HC,途牛,10010000002893,message_send.input_box.other,发送消息时，在文本输入框中输入“[大笑]”，消息发送后出现[大笑]表情，,22,10010000003071,给对方发送消息后不显示未读或者已读的提示。,message_send.chat.display_missing,途牛__C12,途牛__C3,0.06248,0,1,1,0,0,0,0
TFIDF+HC__途牛__10010000002893,tfidf_hc_K20,TFIDF+HC,途牛,10010000002893,message_send.input_box.other,发送消息时，在文本输入框中输入“[大笑]”，消息发送后出现[大笑]表情，,23,10010000004415,发送私聊消息时，不能发送超过1分钟的语音消息,private_chat.chat.cannot_send,途牛__C18,途牛__C3,0.104548,0,0,1,0,0,0,0
TFIDF+HC__途牛__10010000002893,tfidf_hc_K20,TFIDF+HC,途牛,10010000002893,message_send.input_box.other,发送消息时，在文本输入框中输入“[大笑]”，消息发送后出现[大笑]表情，,24,10010000006747,聊天过程中，当消息发送过快是会发生APP闪退的情况,message_send.chat.crash,途牛__C4,途牛__C3,0.078892,0,1,1,0,0,0,0
SBERT+HC__途牛__10010000002893,sbert_hc_K20,SBERT+HC,途牛,10010000002893,message_send.input_box.other,发送消息时，在文本输入框中输入“[大笑]”，消息发送后出现[大笑]表情，,1,10010000005996,选择表情后，如果无法发送完整的文字就无法发送表情,message_send.other.cannot_or_fail,途牛__C0,途牛__C0,0.056456,0,1,0,0,0,0,0
SBERT+HC__途牛__10010000002893,sbert_hc_K20,SBERT+HC,途牛,10010000002893,message_send.input_box.other,发送消息时，在文本输入框中输入“[大笑]”，消息发送后出现[大笑]表情，,2,10010000005939,与好友进行私聊的时候，如果消息输入框中输入多行消息的时候，前面已将输入的消息会不可见。当用户需要进行复制、粘贴的时候，需要进行滑动多次…,private_chat.input_box.other,途牛__C1,途牛__C0,0.108073,0,0,1,0,0,0,0
SBERT+HC__途牛__10010000002893,sbert_hc_K20,SBERT+HC,途牛,10010000002893,message_send.input_box.other,发送消息时，在文本输入框中输入“[大笑]”，消息发送后出现[大笑]表情，,3,10010000002642,聊天时输入表情，输入框显示的是该表情的文字描述，只有当发送给对方时才会显示为表情图片。体验不好。,message_send.input_box.other,途牛__C0,途牛__C0,0.089488,1,1,0,0,0,0,0
SBERT+HC__途牛__10010000002893,sbert_hc_K20,SBERT+HC,途牛,10010000002893,message_send.input_box.other,发送消息时，在文本输入框中输入“[大笑]”，消息发送后出现[大笑]表情，,4,10010000002903,在私聊页面添加表情之后，点击表情区域的右下角取消按钮，不能删除一整个表情，而是删除表情的字符。会导致发送内容错乱！,private_chat.button_icon.cannot_delete,途牛__C0,途牛__C0,0.056442,0,0,0,0,0,0,0
SBERT+HC__途牛__10010000002893,sbert_hc_K20,SBERT+HC,途牛,10010000002893,message_send.input_box.other,发送消息时，在文本输入框中输入“[大笑]”，消息发送后出现[大笑]表情，,5,10010000004655,在私聊过程中，添加文字描述后，必须点击发送按钮才能发送文字，而输入换行后不能快捷实现。,private_chat.button_icon.cannot_or_fail,途牛__C1,途牛__C0,0.052447,0,0,1,0,0,0,0
SBERT+HC__途牛__10010000002893,sbert_hc_K20,SBERT+HC,途牛,10010000002893,message_send.input_box.other,发送消息时，在文本输入框中输入“[大笑]”，消息发送后出现[大笑]表情，,6,10010000002931,"发送消息时不能使用键盘发送,只能用鼠标点击发送图标进行发送。很大程度的影响了用户体验。",message_send.input_box.cannot_or_fail,途牛__C1,途牛__C0,0.088848,0,1,1,0,0,0,0
SBERT+HC__途牛__10010000002893,sbert_hc_K20,SBERT+HC,途牛,10010000002893,message_send.input_box.other,发送消息时，在文本输入框中输入“[大笑]”，消息发送后出现[大笑]表情，,7,10010000005857,与好友进行私聊的时候，如果在消息输入框中输入多行消息时候。前面的消息会不可见。,private_chat.input_box.other,途牛__C1,途牛__C0,0.160346,0,0,1,0,0,0,0
SBERT+HC__途牛__10010000002893,sbert_hc_K20,SBERT+HC,途牛,10010000002893,message_send.input_box.other,发送消息时，在文本输入框中输入“[大笑]”，消息发送后出现[大笑]表情，,8,10010000005991,现象：发送表情时在输入框看到的是文字描述而不是表情,message_send.input_box.other,途牛__C0,途牛__C0,0.07979,1,1,0,0,0,0,0
SBERT+HC__途牛__10010000002893,sbert_hc_K20,SBERT+HC,途牛,10010000002893,message_send.input_box.other,发送消息时，在文本输入框中输入“[大笑]”，消息发送后出现[大笑]表情，,9,10010000002669,在发送表情时，添加表情过程中会出现偶尔的卡顿现象。,message_send.other.freeze,途牛__C0,途牛__C0,0.058069,0,1,0,0,0,0,0
SBERT+HC__途牛__10010000002893,sbert_hc_K20,SBERT+HC,途牛,10010000002893,message_send.input_box.other,发送消息时，在文本输入框中输入“[大笑]”，消息发送后出现[大笑]表情，,10,10010000002573,在聊天信息输入过程中，输入法弹出之后，点击表情Button，输入法消失之前，包含有大量表情的布局就出现在了输入法上方，并随着输入法消失…,message_send.chat.layout_issue,途牛__C0,途牛__C0,0.087436,0,1,0,0,0,0,0
SBERT+HC__途牛__10010000002893,sbert_hc_K20,SBERT+HC,途牛,10010000002893,message_send.input_box.other,发送消息时，在文本输入框中输入“[大笑]”，消息发送后出现[大笑]表情，,11,10010000004605,在私聊界面，在输入框，输入无限个表情，发送时，出现崩溃。可以有个限制。,private_chat.input_box.crash,途牛__C1,途牛__C0,0.105187,0,0,1,0,0,0,0
SBERT+HC__途牛__10010000002893,sbert_hc_K20,SBERT+HC,途牛,10010000002893,message_send.input_box.other,发送消息时，在文本输入框中输入“[大笑]”，消息发送后出现[大笑]表情，,12,10010000006195,当聊天输入框内有文字时，想要粘贴一段文字进去，长按光标位置，会使图中包含粘贴操作框闪现一秒消失之后再跳出来，然后才稳定存在，这样很影响…,message_send.input_box.other,途牛__C1,途牛__C0,0.04308,1,1,1,1,1,1,1
SBERT+HC__途牛__10010000002893,sbert_hc_K20,SBERT+HC,途牛,10010000002893,message_send.input_box.other,发送消息时，在文本输入框中输入“[大笑]”，消息发送后出现[大笑]表情，,13,10010000003034,私聊时，选择表情，会以文字描述的形式出现在输入框里，删除时，只能连续删除所有的字符才可以，需要点击四下按钮,private_chat.input_box.other,途牛__C0,途牛__C0,0.062652,0,0,0,0,0,0,0
SBERT+HC__途牛__10010000002893,sbert_hc_K20,SBERT+HC,途牛,10010000002893,message_send.input_box.other,发送消息时，在文本输入框中输入“[大笑]”，消息发送后出现[大笑]表情，,14,10010000006235,发送语音，点击话筒，会卡顿一下再提示可以说话，导致发出的语音前面有一段空白,message_send.audio.freeze,途牛__C6,途牛__C0,0.017246,0,1,1,0,0,0,0
SBERT+HC__途牛__10010000002893,sbert_hc_K20,SBERT+HC,途牛,10010000002893,message_send.input_box.other,发送消息时，在文本输入框中输入“[大笑]”，消息发送后出现[大笑]表情，,15,10010000003182,发表情时，不是直接发出，若是文字中的括号缺失，则表情就不能发出。例如［大笑,other.other.cannot_send,途牛__C0,途牛__C0,0.094806,0,0,0,0,0,0,0
SBERT+HC__途牛__10010000002893,sbert_hc_K20,SBERT+HC,途牛,10010000002893,message_send.input_box.other,发送消息时，在文本输入框中输入“[大笑]”，消息发送后出现[大笑]表情，,16,10010000003601,在私聊时，点击发送表情的按钮，当下面的表情处于第一页时继续右划表情，竟然回到了上页退出了私聊页面,private_chat.button_icon.other,途牛__C1,途牛__C0,0.051981,0,0,1,0,0,0,0
SBERT+HC__途牛__10010000002893,sbert_hc_K20,SBERT+HC,途牛,10010000002893,message_send.input_box.other,发送消息时，在文本输入框中输入“[大笑]”，消息发送后出现[大笑]表情，,17,10010000004896,重启程序后给别人发消息时很多都是未发送，即消息框前面有红色感叹号，点感叹号重新发送也没有发送成功，重新换多个陌生人私聊也是发消息，图片…,private_chat.image_banner.other,途牛__C1,途牛__C0,0.067232,0,0,1,0,0,0,0
SBERT+HC__途牛__10010000002893,sbert_hc_K20,SBERT+HC,途牛,10010000002893,message_send.input_box.other,发送消息时，在文本输入框中输入“[大笑]”，消息发送后出现[大笑]表情，,18,10010000004827,在私聊，当连续不停地发消息，再继续发9张图片，发送完刷新后，发现我的用户头像突然出现在左侧。左侧本应该是对方发的消息，右侧本应该是我的…,private_chat.image_banner.wrong_value,途牛__C1,途牛__C0,0.050627,0,0,1,0,0,0,0
SBERT+HC__途牛__10010000002893,sbert_hc_K20,SBERT+HC,途牛,10010000002893,message_send.input_box.other,发送消息时，在文本输入框中输入“[大笑]”，消息发送后出现[大笑]表情，,19,10010000004465,接收消息:语音接收消息，容易发生错乱。消息显示错误。,message_send.chat.wrong_value,途牛__C6,途牛__C0,0.050614,0,1,1,0,0,0,0
SBERT+HC__途牛__10010000002893,sbert_hc_K20,SBERT+HC,途牛,10010000002893,message_send.input_box.other,发送消息时，在文本输入框中输入“[大笑]”，消息发送后出现[大笑]表情，,20,10010000005730,发送表情消息时，点击消息框，会出现表情选择框和文字输入框并排出现！！！,message_send.input_box.other,途牛__C0,途牛__C0,0.137478,1,1,0,0,0,0,0
SBERT+HC__途牛__10010000002893,sbert_hc_K20,SBERT+HC,途牛,10010000002893,message_send.input_box.other,发送消息时，在文本输入框中输入“[大笑]”，消息发送后出现[大笑]表情，,21,10010000004524,在聊天文本框内输入空格或者回车无法发送消息！必须输入文字、符号、或者表情才可发送！,message_send.input_box.cannot_or_fail,途牛__C1,途牛__C0,0.105379,0,1,1,0,0,1,0
SBERT+HC__途牛__10010000002893,sbert_hc_K20,SBERT+HC,途牛,10010000002893,message_send.input_box.other,发送消息时，在文本输入框中输入“[大笑]”，消息发送后出现[大笑]表情，,22,10010000005433,别人屏蔽你然后你给他发送消息时没有提示你不能发送,message_send.chat.cannot_send,途牛__C1,途牛__C0,0.086919,0,1,1,0,0,0,0
SBERT+HC__途牛__10010000002893,sbert_hc_K20,SBERT+HC,途牛,10010000002893,message_send.input_box.other,发送消息时，在文本输入框中输入“[大笑]”，消息发送后出现[大笑]表情，,23,10010000007080,私聊发送一张照片，对方回复“好看”，网络信号弱的时候，输入框出现“正在建立好友关系”，输入框不应该出现提示，并且应该保持可以输入。,private_chat.input_box.other,途牛__C1,途牛__C0,0.095561,0,0,1,0,0,0,0
SBERT+HC__途牛__10010000002893,sbert_hc_K20,SBERT+HC,途牛,10010000002893,message_send.input_box.other,发送消息时，在文本输入框中输入“[大笑]”，消息发送后出现[大笑]表情，,24,10010000005290,当多人同时发消息给你时会出现闪退现象。,message_send.chat.crash,途牛__C1,途牛__C0,0.041818,0,1,1,0,0,0,0
SBERT+HC__途牛__10010000002893,sbert_hc_K20,SBERT+HC,途牛,10010000002893,message_send.input_box.other,发送消息时，在文本输入框中输入“[大笑]”，消息发送后出现[大笑]表情，,25,10010000003603,在文本框只输入空格或者换行无法发送消息，只有带文字和符号的才可以发送消息！,message_send.input_box.cannot_or_fail,途牛__C1,途牛__C0,0.14846,0,1,1,0,1,1,1
SBERT+HC__途牛__10010000002893,sbert_hc_K20,SBERT+HC,途牛,10010000002893,message_send.input_box.other,发送消息时，在文本输入框中输入“[大笑]”，消息发送后出现[大笑]表情，,26,10010000006564,输入文字多行，文本框不会随着文字的增多或者减少而上下变化，用户根本看不到已经输入的哪些内容，发送后才知道。当然输入表情问题也是一样的。,message_send.input_box.other,途牛__C1,途牛__C0,0.081572,1,1,1,1,1,1,1
SBERT+HC__途牛__10010000002893,sbert_hc_K20,SBERT+HC,途牛,10010000002893,message_send.input_box.other,发送消息时，在文本输入框中输入“[大笑]”，消息发送后出现[大笑]表情，,27,10010000003828,用户进入非自己个人主页，在个人主页左下角找到“发起私聊”入口，进入私聊，发起对话。点击聊天页面文本输入框最右侧“+”按钮，“选择照片”…,private_chat.input_box.other,途牛__C1,途牛__C0,0.092989,0,0,1,0,0,0,0
SBERT+HC__途牛__10010000002893,sbert_hc_K20,SBERT+HC,途牛,10010000002893,message_send.input_box.other,发送消息时，在文本输入框中输入“[大笑]”，消息发送后出现[大笑]表情，,28,10010000006051,不能判断“[微笑]”类似的字符是用户输入还是通过点击表情发送，都会发送为表情（如果用户想要发送“[微笑]”怎么办？）,message_send.other.cannot_or_fail,途牛__C0,途牛__C0,0.233522,0,1,0,0,0,0,0
SBERT+HC__途牛__10010000002893,sbert_hc_K20,SBERT+HC,途牛,10010000002893,message_send.input_box.other,发送消息时，在文本输入框中输入“[大笑]”，消息发送后出现[大笑]表情，,29,10010000007205,当输入文本过多，再次输入，聊天会变得卡顿,message_send.chat.freeze,途牛__C1,途牛__C0,0.064619,0,1,1,0,0,0,0
SBERT+HC__途牛__10010000002893,sbert_hc_K20,SBERT+HC,途牛,10010000002893,message_send.input_box.other,发送消息时，在文本输入框中输入“[大笑]”，消息发送后出现[大笑]表情，,30,10010000006118,发送消息不能发送为空，即使含多个空格也不能发送,message_send.chat.cannot_send,途牛__C1,途牛__C0,0.080199,0,1,1,0,0,0,0
SBERT+HC__途牛__10010000002893,sbert_hc_K20,SBERT+HC,途牛,10010000002893,message_send.input_box.other,发送消息时，在文本输入框中输入“[大笑]”，消息发送后出现[大笑]表情，,31,10010000003298,发送表情点击表情符号是文字显示，取消发送一个表情不能一键删除，需四次才能取消发送的内容,message_send.other.cannot_or_fail,途牛__C0,途牛__C0,0.063629,0,1,0,0,0,0,0
SBERT+HC__途牛__10010000002893,sbert_hc_K20,SBERT+HC,途牛,10010000002893,message_send.input_box.other,发送消息时，在文本输入框中输入“[大笑]”，消息发送后出现[大笑]表情，,32,10010000003883,点击私聊界面文本输入框右侧“表情”按钮，要先选择表情，再点击“发送”才可将表情发送，操作繁琐。如果能够直接点击表情就可以发送，用户使用…,private_chat.input_box.other,途牛__C0,途牛__C0,0.120957,0,0,0,0,0,0,0
LLMCluster__途牛__10010000002893,llmcluster_glm-4-air,LLMCluster,途牛,10010000002893,message_send.input_box.other,发送消息时，在文本输入框中输入“[大笑]”，消息发送后出现[大笑]表情，,1,10010000006656,当一个账号在电脑模拟器和手机端同时登录时，给他人发送消息时，只能在一个客户端显示，且接收的消息也只能在另一个客户端显示，造成消息不能同…,login.chat.cannot_or_fail,途牛__C29,途牛__C29,0.070955,0,0,0,0,0,0,0
LLMCluster__途牛__10010000002893,llmcluster_glm-4-air,LLMCluster,途牛,10010000002893,message_send.input_box.other,发送消息时，在文本输入框中输入“[大笑]”，消息发送后出现[大笑]表情，,2,10010000006944,步骤9收回输入键盘后，评论输入框中应该有信息显示“ninhao”，但是测试时发现收回键盘时，评论输入框中的信息被清空。,comment.input_box.other,途牛__C29,途牛__C29,0.101075,0,0,0,0,0,0,0
LLMCluster__途牛__10010000002893,llmcluster_glm-4-air,LLMCluster,途牛,10010000002893,message_send.input_box.other,发送消息时，在文本输入框中输入“[大笑]”，消息发送后出现[大笑]表情，,3,10010000004415,发送私聊消息时，不能发送超过1分钟的语音消息,private_chat.chat.cannot_send,途牛__C29,途牛__C29,0.104548,0,0,0,0,0,0,0
LLMCluster__途牛__10010000002893,llmcluster_glm-4-air,LLMCluster,途牛,10010000002893,message_send.input_box.other,发送消息时，在文本输入框中输入“[大笑]”，消息发送后出现[大笑]表情，,4,10010000006051,不能判断“[微笑]”类似的字符是用户输入还是通过点击表情发送，都会发送为表情（如果用户想要发送“[微笑]”怎么办？）,message_send.other.cannot_or_fail,途牛__C29,途牛__C29,0.233522,0,1,0,0,0,0,0
LLMCluster__途牛__10010000002893,llmcluster_glm-4-air,LLMCluster,途牛,10010000002893,message_send.input_box.other,发送消息时，在文本输入框中输入“[大笑]”，消息发送后出现[大笑]表情，,5,10010000003310,选择表情后，在文本框内显示，删除时，不能一次删除整个表情,other.input_box.cannot_or_fail,途牛__C29,途牛__C29,0.105793,0,0,0,0,0,0,0
LLMCluster__途牛__10010000002893,llmcluster_glm-4-air,LLMCluster,途牛,10010000002893,message_send.input_box.other,发送消息时，在文本输入框中输入“[大笑]”，消息发送后出现[大笑]表情，,6,10010000005083,一个在线用户给另一个离线用户发送消息，另一个离线用户登录查看信息时，面板显示的是第一条信息而非最后一条,login.chat.other,途牛__C9,途牛__C29,0.053029,0,0,1,0,0,0,0
LLMCluster__途牛__10010000002893,llmcluster_glm-4-air,LLMCluster,途牛,10010000002893,message_send.input_box.other,发送消息时，在文本输入框中输入“[大笑]”，消息发送后出现[大笑]表情，,7,10010000003716,私聊输入多个表情，删除一个表情时，点击删除功能按钮，只能一点一点删除，不能一下子删除一整个表情。,private_chat.button_icon.cannot_or_fail,途牛__C5,途牛__C29,0.050845,0,0,1,0,0,0,0
LLMCluster__途牛__10010000002893,llmcluster_glm-4-air,LLMCluster,途牛,10010000002893,message_send.input_box.other,发送消息时，在文本输入框中输入“[大笑]”，消息发送后出现[大笑]表情，,8,10010000003702,我发送大量表情，但是另外一个人没有收到，大量发送表情还会导致信息收不到,message_send.other.cannot_or_fail,途牛__C1,途牛__C29,0.073686,0,1,1,0,0,0,0
LLMCluster__途牛__10010000002893,llmcluster_glm-4-air,LLMCluster,途牛,10010000002893,message_send.input_box.other,发送消息时，在文本输入框中输入“[大笑]”，消息发送后出现[大笑]表情，,9,10010000005603,当用户被投诉后，应该被禁言，不能发送消息。实际用户被投诉之后，只能发送消息，但不能接收消息。,message_send.chat.cannot_send,途牛__C29,途牛__C29,0.090997,0,1,0,0,0,0,0
LLMCluster__途牛__10010000002893,llmcluster_glm-4-air,LLMCluster,途牛,10010000002893,message_send.input_box.other,发送消息时，在文本输入框中输入“[大笑]”，消息发送后出现[大笑]表情，,10,10010000004506,在私聊窗口页面―>点击文本输入框右侧“表情”图标，查看表情，发现自带表情种类太少，无法满足用户需求。,private_chat.input_box.cannot_or_fail,途牛__C29,途牛__C29,0.106773,0,0,0,0,0,0,0
LLMCluster__途牛__10010000002893,llmcluster_glm-4-air,LLMCluster,途牛,10010000002893,message_send.input_box.other,发送消息时，在文本输入框中输入“[大笑]”，消息发送后出现[大笑]表情，,11,10010000006997,数据和wifi都断了之后，消息发不出去。长按没发出去的消息，没有去取消发送的功能，建议增加,message_send.chat.cannot_send,途牛__C29,途牛__C29,0.08595,0,1,0,0,0,0,0
LLMCluster__途牛__10010000002893,llmcluster_glm-4-air,LLMCluster,途牛,10010000002893,message_send.input_box.other,发送消息时，在文本输入框中输入“[大笑]”，消息发送后出现[大笑]表情，,12,10010000005433,别人屏蔽你然后你给他发送消息时没有提示你不能发送,message_send.chat.cannot_send,途牛__C29,途牛__C29,0.086919,0,1,0,0,0,0,0
LLMCluster__途牛__10010000002893,llmcluster_glm-4-air,LLMCluster,途牛,10010000002893,message_send.input_box.other,发送消息时，在文本输入框中输入“[大笑]”，消息发送后出现[大笑]表情，,13,10010000005857,与好友进行私聊的时候，如果在消息输入框中输入多行消息时候。前面的消息会不可见。,private_chat.input_box.other,途牛__C29,途牛__C29,0.160346,0,0,0,0,0,0,0
LLMCluster__途牛__10010000002893,llmcluster_glm-4-air,LLMCluster,途牛,10010000002893,message_send.input_box.other,发送消息时，在文本输入框中输入“[大笑]”，消息发送后出现[大笑]表情，,14,10010000003375,进入“私聊”模式，点击选择表情符号，当点击删除按钮时，不能删除整个表情，只能删除单个符号,private_chat.button_icon.cannot_delete,途牛__C5,途牛__C29,0.056161,0,0,1,0,0,0,0
LLMCluster__途牛__10010000002893,llmcluster_glm-4-air,LLMCluster,途牛,10010000002893,message_send.input_box.other,发送消息时，在文本输入框中输入“[大笑]”，消息发送后出现[大笑]表情，,15,10010000003021,评论发帖信息时，评论输入框应该显示完整的输入信息，但是测试时发现输入的信息只显示了一半。,comment.input_box.other,途牛__C22,途牛__C29,0.08849,0,0,1,0,0,0,0
LLMCluster__途牛__10010000002893,llmcluster_glm-4-air,LLMCluster,途牛,10010000002893,message_send.input_box.other,发送消息时，在文本输入框中输入“[大笑]”，消息发送后出现[大笑]表情，,16,10010000003182,发表情时，不是直接发出，若是文字中的括号缺失，则表情就不能发出。例如［大笑,other.other.cannot_send,途牛__C5,途牛__C29,0.094806,0,0,1,0,0,0,0
LLMCluster__途牛__10010000002893,llmcluster_glm-4-air,LLMCluster,途牛,10010000002893,message_send.input_box.other,发送消息时，在文本输入框中输入“[大笑]”，消息发送后出现[大笑]表情，,17,10010000003034,私聊时，选择表情，会以文字描述的形式出现在输入框里，删除时，只能连续删除所有的字符才可以，需要点击四下按钮,private_chat.input_box.other,途牛__C5,途牛__C29,0.062652,0,0,1,0,0,0,0
LLMCluster__途牛__10010000002893,llmcluster_glm-4-air,LLMCluster,途牛,10010000002893,message_send.input_box.other,发送消息时，在文本输入框中输入“[大笑]”，消息发送后出现[大笑]表情，,18,10010000005730,发送表情消息时，点击消息框，会出现表情选择框和文字输入框并排出现！！！,message_send.input_box.other,途牛__C29,途牛__C29,0.137478,1,1,0,0,0,0,0
LLMCluster__途牛__10010000002893,llmcluster_glm-4-air,LLMCluster,途牛,10010000002893,message_send.input_box.other,发送消息时，在文本输入框中输入“[大笑]”，消息发送后出现[大笑]表情，,19,10010000004128,用户进入非自己个人主页，在个人主页左下角找到“发起私聊”入口，进入私聊，发起对话。点击聊天页面文本输入框最右侧“+”按钮，“选择照片”…,private_chat.input_box.crash,途牛__C29,途牛__C29,0.092989,0,0,0,0,0,0,0
LLMCluster__途牛__10010000002893,llmcluster_glm-4-air,LLMCluster,途牛,10010000002893,message_send.input_box.other,发送消息时，在文本输入框中输入“[大笑]”，消息发送后出现[大笑]表情，,20,10010000002509,发送表情切换到自定义表情时，输入框大小改变，降低用户体验。,message_send.input_box.other,途牛__C5,途牛__C29,0.080954,1,1,1,1,1,1,1
LLMCluster__途牛__10010000002893,llmcluster_glm-4-air,LLMCluster,途牛,10010000002893,message_send.input_box.other,发送消息时，在文本输入框中输入“[大笑]”，消息发送后出现[大笑]表情，,21,10010000005939,与好友进行私聊的时候，如果消息输入框中输入多行消息的时候，前面已将输入的消息会不可见。当用户需要进行复制、粘贴的时候，需要进行滑动多次…,private_chat.input_box.other,途牛__C29,途牛__C29,0.108073,0,0,0,0,0,0,0
LLMCluster__途牛__10010000002893,llmcluster_glm-4-air,LLMCluster,途牛,10010000002893,message_send.input_box.other,发送消息时，在文本输入框中输入“[大笑]”，消息发送后出现[大笑]表情，,22,10010000003828,用户进入非自己个人主页，在个人主页左下角找到“发起私聊”入口，进入私聊，发起对话。点击聊天页面文本输入框最右侧“+”按钮，“选择照片”…,private_chat.input_box.other,途牛__C29,途牛__C29,0.092989,0,0,0,0,0,0,0
LLMCluster__途牛__10010000002893,llmcluster_glm-4-air,LLMCluster,途牛,10010000002893,message_send.input_box.other,发送消息时，在文本输入框中输入“[大笑]”，消息发送后出现[大笑]表情，,23,10010000006664,聊天记录中，用户自己发送的消息，有时却出现在对方用户发送消息的位置！一般情况下用户自己发送的消息在右侧，对方发送的消息在左侧，此处却不…,message_send.list_item.wrong_value,途牛__C9,途牛__C29,0.091198,0,1,1,0,0,0,0
LLMCluster__途牛__10010000002893,llmcluster_glm-4-air,LLMCluster,途牛,10010000002893,message_send.input_box.other,发送消息时，在文本输入框中输入“[大笑]”，消息发送后出现[大笑]表情，,24,10010000004769,准备私聊和在私聊中发送表情，图片会出现闪退。点别人头像准备私聊时，没有进去聊天界面，强制退出了程序。发送表情也会有强制退出。途牛私聊选…,private_chat.page_view.crash,途牛__C1,途牛__C29,0.046583,0,0,1,0,0,0,0
LLMCluster__途牛__10010000002893,llmcluster_glm-4-air,LLMCluster,途牛,10010000002893,message_send.input_box.other,发送消息时，在文本输入框中输入“[大笑]”，消息发送后出现[大笑]表情，,25,10010000004827,在私聊，当连续不停地发消息，再继续发9张图片，发送完刷新后，发现我的用户头像突然出现在左侧。左侧本应该是对方发的消息，右侧本应该是我的…,private_chat.image_banner.wrong_value,途牛__C9,途牛__C29,0.050627,0,0,1,0,0,0,0
LLMCluster__途牛__10010000002893,llmcluster_glm-4-air,LLMCluster,途牛,10010000002893,message_send.input_box.other,发送消息时，在文本输入框中输入“[大笑]”，消息发送后出现[大笑]表情，,26,10010000003603,在文本框只输入空格或者换行无法发送消息，只有带文字和符号的才可以发送消息！,message_send.input_box.cannot_or_fail,途牛__C29,途牛__C29,0.14846,0,1,0,0,0,0,0
LLMCluster__途牛__10010000002893,llmcluster_glm-4-air,LLMCluster,途牛,10010000002893,message_send.input_box.other,发送消息时，在文本输入框中输入“[大笑]”，消息发送后出现[大笑]表情，,27,10010000004943,查看私聊的图片，左右切换时会出现卡顿，滑动方向暂时白屏情况,private_chat.image_banner.freeze,途牛__C1,途牛__C29,0.01646,0,0,1,0,0,0,0
LLMCluster__途牛__10010000002893,llmcluster_glm-4-air,LLMCluster,途牛,10010000002893,message_send.input_box.other,发送消息时，在文本输入框中输入“[大笑]”，消息发送后出现[大笑]表情，,28,10010000003883,点击私聊界面文本输入框右侧“表情”按钮，要先选择表情，再点击“发送”才可将表情发送，操作繁琐。如果能够直接点击表情就可以发送，用户使用…,private_chat.input_box.other,途牛__C5,途牛__C29,0.120957,0,0,1,0,0,0,0
LLMCluster__途牛__10010000002893,llmcluster_glm-4-air,LLMCluster,途牛,10010000002893,message_send.input_box.other,发送消息时，在文本输入框中输入“[大笑]”，消息发送后出现[大笑]表情，,29,10010000002931,"发送消息时不能使用键盘发送,只能用鼠标点击发送图标进行发送。很大程度的影响了用户体验。",message_send.input_box.cannot_or_fail,途牛__C29,途牛__C29,0.088848,0,1,0,0,0,0,0
LLMCluster__途牛__10010000002893,llmcluster_glm-4-air,LLMCluster,途牛,10010000002893,message_send.input_box.other,发送消息时，在文本输入框中输入“[大笑]”，消息发送后出现[大笑]表情，,30,10010000003331,聊天对话框：输入框删除发送表情，仅删除表情对应的文字，需多次删除才能成功删掉一个表情。,message_send.input_box.other,途牛__C5,途牛__C29,0.075215,1,1,1,1,1,1,1
LLMCluster__途牛__10010000002893,llmcluster_glm-4-air,LLMCluster,途牛,10010000002893,message_send.input_box.other,发送消息时，在文本输入框中输入“[大笑]”，消息发送后出现[大笑]表情，,31,10010000003528,在消息发送失败后，网络恢复正常后，点击消息重送无反应。,message_send.chat.cannot_send,途牛__C29,途牛__C29,0.0965,0,1,0,0,0,0,0
LLMCluster__途牛__10010000002893,llmcluster_glm-4-air,LLMCluster,途牛,10010000002893,message_send.input_box.other,发送消息时，在文本输入框中输入“[大笑]”，消息发送后出现[大笑]表情，,32,10010000006783,当点击表情输入时，显示在文本框里的是“[文字]”当想删除表情时，只能一个一个字符删除，当发送只删除了一半的表情字符时，被删除一半的表情…,message_send.input_box.other,途牛__C5,途牛__C29,0.1291,1,1,1,1,1,1,1
LLMCluster__途牛__10010000002893,llmcluster_glm-4-air,LLMCluster,途牛,10010000002893,message_send.input_box.other,发送消息时，在文本输入框中输入“[大笑]”，消息发送后出现[大笑]表情，,33,10010000006945,当进入途牛旅行APP，进入非自己个人主页，在个人主页左下角找到“发起私聊”入口，进入私聊后，点击聊天页面输入框左侧 “语音输入”图标，…,private_chat.input_box.other,途牛__C1,途牛__C29,0.066738,0,0,1,0,0,0,0
LLMCluster__途牛__10010000002893,llmcluster_glm-4-air,LLMCluster,途牛,10010000002893,message_send.input_box.other,发送消息时，在文本输入框中输入“[大笑]”，消息发送后出现[大笑]表情，,34,10010000006747,聊天过程中，当消息发送过快是会发生APP闪退的情况,message_send.chat.crash,途牛__C1,途牛__C29,0.078892,0,1,1,0,0,0,0
LLMCluster__途牛__10010000002893,llmcluster_glm-4-air,LLMCluster,途牛,10010000002893,message_send.input_box.other,发送消息时，在文本输入框中输入“[大笑]”，消息发送后出现[大笑]表情，,35,10010000003466,进入私聊以后，然后发送文字，在编辑输入框中输入很多的文字但是编辑框并没有自动换行之类的，对用户体验有很严重的影响。,private_chat.input_box.other,途牛__C29,途牛__C29,0.103739,0,0,0,0,0,0,0
TFIDF+HC__途牛__10010000004561,tfidf_hc_K20,TFIDF+HC,途牛,10010000004561,groupchat.chat.cannot_or_fail,不能通过添加好友发起群聊，无法添加好友,1,10010000005201,互加好友后，第一个好友发来语音，但是接下来其他好友发来的语音无论语音长短或者内容，点开语音都还是第一个好友的语音,playback.chat.other,途牛__C18,途牛__C1,0.164855,0,0,1,0,0,0,0
TFIDF+HC__途牛__10010000004561,tfidf_hc_K20,TFIDF+HC,途牛,10010000004561,groupchat.chat.cannot_or_fail,不能通过添加好友发起群聊，无法添加好友,2,10010000004576,当向好友发送图片时，点击加号，选择图片，客户端崩溃。,message_send.image_banner.crash,途牛__C4,途牛__C1,0.088826,0,0,1,0,0,0,0
TFIDF+HC__途牛__10010000004561,tfidf_hc_K20,TFIDF+HC,途牛,10010000004561,groupchat.chat.cannot_or_fail,不能通过添加好友发起群聊，无法添加好友,3,10010000002916,不支持通过搜索用户名的方式添加好友，不方便用户使用。,search.chat.other,途牛__C1,途牛__C1,0.192234,0,0,0,0,0,0,0
TFIDF+HC__途牛__10010000004561,tfidf_hc_K20,TFIDF+HC,途牛,10010000004561,groupchat.chat.cannot_or_fail,不能通过添加好友发起群聊，无法添加好友,4,10010000005120,在表情项里，如果我要添加图片，这时候只能一张一张添加，不能一起添加，有点浪费时间，重复步骤。,other.image_banner.cannot_or_fail,途牛__C4,途牛__C1,0.09567,0,0,1,0,0,0,0
TFIDF+HC__途牛__10010000004561,tfidf_hc_K20,TFIDF+HC,途牛,10010000004561,groupchat.chat.cannot_or_fail,不能通过添加好友发起群聊，无法添加好友,5,10010000003925,定位。 发布帖子时，无法定位，无法发布帖子。,gps_track.list_item.cannot_or_fail,途牛__C10,途牛__C1,0.058985,0,0,1,0,0,0,0
TFIDF+HC__途牛__10010000004561,tfidf_hc_K20,TFIDF+HC,途牛,10010000004561,groupchat.chat.cannot_or_fail,不能通过添加好友发起群聊，无法添加好友,6,10010000004673,收到好友消息，没有提示，必须点开好友头像，发起私聊，才能看到好友发给我的消息,private_chat.chat.no_prompt,途牛__C12,途牛__C1,0.155133,0,0,1,0,0,0,0
TFIDF+HC__途牛__10010000004561,tfidf_hc_K20,TFIDF+HC,途牛,10010000004561,groupchat.chat.cannot_or_fail,不能通过添加好友发起群聊，无法添加好友,7,10010000006476,与某用户聊天时只能通过一直往上翻查找聊天记录，右上角点开没有查看聊天记录的功能，用户体验性较不好。,search.list_item.other,途牛__C12,途牛__C1,0.05991,0,0,1,0,0,0,0
TFIDF+HC__途牛__10010000004561,tfidf_hc_K20,TFIDF+HC,途牛,10010000004561,groupchat.chat.cannot_or_fail,不能通过添加好友发起群聊，无法添加好友,8,10010000003642,进入在线客服后，下排添加表情，发图等按钮无效，无法与客服沟通,other.button_icon.cannot_or_fail,途牛__C4,途牛__C1,0.072416,0,0,1,0,0,0,0
TFIDF+HC__途牛__10010000004561,tfidf_hc_K20,TFIDF+HC,途牛,10010000004561,groupchat.chat.cannot_or_fail,不能通过添加好友发起群聊，无法添加好友,9,10010000005191,麻烦，不能通过手机号，昵称搜索添加，要通过帖子等加关注加好友,search.list_item.cannot_or_fail,途牛__C1,途牛__C1,0.234098,0,0,0,0,0,0,0
TFIDF+HC__途牛__10010000004561,tfidf_hc_K20,TFIDF+HC,途牛,10010000004561,groupchat.chat.cannot_or_fail,不能通过添加好友发起群聊，无法添加好友,10,10010000006371,搜索当地门票，搜索不到，无法正常搜寻门票，进行购票活动，无法达到预期效果。,search.other.cannot_or_fail,途牛__C10,途牛__C1,0.042246,0,0,1,0,0,0,0
TFIDF+HC__途牛__10010000004561,tfidf_hc_K20,TFIDF+HC,途牛,10010000004561,groupchat.chat.cannot_or_fail,不能通过添加好友发起群聊，无法添加好友,11,10010000004815,自己向好友发送图片，在聊天见界面中加载不出来,message_send.page_view.load_fail,途牛__C4,途牛__C1,0.101155,0,0,1,0,0,0,0
TFIDF+HC__途牛__10010000004561,tfidf_hc_K20,TFIDF+HC,途牛,10010000004561,groupchat.chat.cannot_or_fail,不能通过添加好友发起群聊，无法添加好友,12,10010000003275,找人只能通过发布状态来找，不能通过搜索昵称或者ID来找，功能不完全,search.other.cannot_or_fail,途牛__C1,途牛__C1,0.119657,0,0,0,0,0,0,0
TFIDF+HC__途牛__10010000004561,tfidf_hc_K20,TFIDF+HC,途牛,10010000004561,groupchat.chat.cannot_or_fail,不能通过添加好友发起群聊，无法添加好友,13,10010000005260,经常性的在关注里或者粉丝里或者最近联系人中选择好友发起私聊，聊天窗口死机。如截图,private_chat.chat.freeze,途牛__C12,途牛__C1,0.102298,0,0,1,0,0,0,0
TFIDF+HC__途牛__10010000004561,tfidf_hc_K20,TFIDF+HC,途牛,10010000004561,groupchat.chat.cannot_or_fail,不能通过添加好友发起群聊，无法添加好友,14,10010000004410,第一次好友发的语音能够收到，接下来其他好友发的语音就不变了，一直重复第一个好友发的语音。,playback.chat.other,途牛__C18,途牛__C1,0.141775,0,0,1,0,0,0,0
TFIDF+HC__途牛__10010000004561,tfidf_hc_K20,TFIDF+HC,途牛,10010000004561,groupchat.chat.cannot_or_fail,不能通过添加好友发起群聊，无法添加好友,15,10010000006225,帖子有时候发表失败，特别是带上表情符，添加好友步骤繁琐,other.list_item.cannot_or_fail,途牛__C1,途牛__C1,0.147383,0,0,0,0,0,0,0
TFIDF+HC__途牛__10010000004561,tfidf_hc_K20,TFIDF+HC,途牛,10010000004561,groupchat.chat.cannot_or_fail,不能通过添加好友发起群聊，无法添加好友,16,10010000006105,添加图片的时候只能一张一张添加，并且不能添加动图。,other.image_banner.cannot_or_fail,途牛__C4,途牛__C1,0.124759,0,0,1,0,0,0,0
TFIDF+HC__途牛__10010000004561,tfidf_hc_K20,TFIDF+HC,途牛,10010000004561,groupchat.chat.cannot_or_fail,不能通过添加好友发起群聊，无法添加好友,17,10010000005953,关于群聊，可以分类，分成我创建的群和我加入的群,groupchat.chat.other,途牛__C16,途牛__C1,0.095682,0,1,1,0,0,0,0
TFIDF+HC__途牛__10010000004561,tfidf_hc_K20,TFIDF+HC,途牛,10010000004561,groupchat.chat.cannot_or_fail,不能通过添加好友发起群聊，无法添加好友,18,10010000004489,"无法寻找用户,无法与指定联系人添加好友!",other.chat.cannot_or_fail,途牛__C1,途牛__C1,0.198742,0,0,0,0,0,0,0
TFIDF+HC__途牛__10010000004561,tfidf_hc_K20,TFIDF+HC,途牛,10010000004561,groupchat.chat.cannot_or_fail,不能通过添加好友发起群聊，无法添加好友,19,10010000003593,用户想要添加指定的好友时，没有对应的功能图标，让用户添加好友，无法直接关注指定好友,other.button_icon.cannot_or_fail,途牛__C1,途牛__C1,0.231826,0,0,0,0,0,0,0
TFIDF+HC__途牛__10010000004561,tfidf_hc_K20,TFIDF+HC,途牛,10010000004561,groupchat.chat.cannot_or_fail,不能通过添加好友发起群聊，无法添加好友,20,10010000004775,用户无法添加好友和群组，想要和好友联系，必须当好友发表内容，才可以联系，不方便用户之间的交流,groupchat.chat.cannot_or_fail,途牛__C1,途牛__C1,0.248602,1,1,0,0,0,0,0
TFIDF+HC__途牛__10010000004561,tfidf_hc_K20,TFIDF+HC,途牛,10010000004561,groupchat.chat.cannot_or_fail,不能通过添加好友发起群聊，无法添加好友,21,10010000004959,已发送的图片无法添加为表情，长按后应出现按钮：添加为表情,message_send.button_icon.cannot_or_fail,途牛__C4,途牛__C1,0.135666,0,0,1,0,0,0,0
TFIDF+HC__途牛__10010000004561,tfidf_hc_K20,TFIDF+HC,途牛,10010000004561,groupchat.chat.cannot_or_fail,不能通过添加好友发起群聊，无法添加好友,22,10010000003698,如果需要加好友，必须先关注同一个人才能互相关注，可以考虑增加直接搜索加好友功能,search.chat.other,途牛__C1,途牛__C1,0.162867,0,0,0,0,0,0,0
TFIDF+HC__途牛__10010000004561,tfidf_hc_K20,TFIDF+HC,途牛,10010000004561,groupchat.chat.cannot_or_fail,不能通过添加好友发起群聊，无法添加好友,23,10010000004615,点开个人主页右下角那个加号，还以为是可以关注通过帐号查找的用户，但是没有那个功能，没有添加好友的功能，或者是这个功能不明显,search.chat.other,途牛__C1,途牛__C1,0.126118,0,0,0,0,0,0,0
TFIDF+HC__途牛__10010000004561,tfidf_hc_K20,TFIDF+HC,途牛,10010000004561,groupchat.chat.cannot_or_fail,不能通过添加好友发起群聊，无法添加好友,24,10010000006786,软件中没有提供好友搜索的功能（或者有，但是很难找到入口），当两个用户想互相添加好友时，没有一个快捷方便的方法找到对方，成为对方的好友，…,search.chat.other,途牛__C1,途牛__C1,0.139572,0,0,0,0,0,0,0
TFIDF+HC__途牛__10010000004561,tfidf_hc_K20,TFIDF+HC,途牛,10010000004561,groupchat.chat.cannot_or_fail,不能通过添加好友发起群聊，无法添加好友,25,10010000002891,添加文字描述时，全部输入空格信息，如“ ”，无法发送,message_send.other.cannot_or_fail,途牛__C4,途牛__C1,0.071396,0,0,1,0,0,0,0
TFIDF+HC__途牛__10010000004561,tfidf_hc_K20,TFIDF+HC,途牛,10010000004561,groupchat.chat.cannot_or_fail,不能通过添加好友发起群聊，无法添加好友,26,10010000003707,无法添加好友，只能添加系统推荐的陌生人,other.chat.cannot_or_fail,途牛__C1,途牛__C1,0.331705,0,0,0,0,0,0,0
TFIDF+HC__途牛__10010000004561,tfidf_hc_K20,TFIDF+HC,途牛,10010000004561,groupchat.chat.cannot_or_fail,不能通过添加好友发起群聊，无法添加好友,27,10010000004684,添加好友功能复杂，不知道如何搜索添加好友,search.chat.other,途牛__C1,途牛__C1,0.339313,0,0,0,0,0,0,0
TFIDF+HC__途牛__10010000004561,tfidf_hc_K20,TFIDF+HC,途牛,10010000004561,groupchat.chat.cannot_or_fail,不能通过添加好友发起群聊，无法添加好友,28,10010000006277,在进入个人页面后，在没有好友的情况下，不能根据账号查找并好友，只能关注推荐的，没有提供一个便捷的方式添加好友。,search.page_view.cannot_or_fail,途牛__C12,途牛__C1,0.167249,0,0,1,0,0,0,0
TFIDF+HC__途牛__10010000004561,tfidf_hc_K20,TFIDF+HC,途牛,10010000004561,groupchat.chat.cannot_or_fail,不能通过添加好友发起群聊，无法添加好友,29,10010000004946,发送的表情足够多了，无法发送，直接闪退，再次发起私聊无法相应到服务器。,private_chat.chat.crash,途牛__C4,途牛__C1,0.062786,0,0,1,0,0,0,0
TFIDF+HC__途牛__10010000004561,tfidf_hc_K20,TFIDF+HC,途牛,10010000004561,groupchat.chat.cannot_or_fail,不能通过添加好友发起群聊，无法添加好友,30,10010000006513,火车票定购，无法搜索到，火车票，高速，普通，都无法搜索，无法进行网上搜索和购票。,search.other.cannot_or_fail,途牛__C10,途牛__C1,0.051522,0,0,1,0,0,0,0
TFIDF+HC__途牛__10010000004561,tfidf_hc_K20,TFIDF+HC,途牛,10010000004561,groupchat.chat.cannot_or_fail,不能通过添加好友发起群聊，无法添加好友,31,10010000005832,在联系人页面，只能看到已有的好友，而不能添加好友，这对用户来说很不方便,other.page_view.cannot_or_fail,途牛__C1,途牛__C1,0.183951,0,0,0,0,0,0,0
TFIDF+HC__途牛__10010000004561,tfidf_hc_K20,TFIDF+HC,途牛,10010000004561,groupchat.chat.cannot_or_fail,不能通过添加好友发起群聊，无法添加好友,32,10010000006553,接受好友语音时，无论哪个好友，所收语音永远是第一条语音,playback.chat.other,途牛__C18,途牛__C1,0.080456,0,0,1,0,0,0,0
TFIDF+HC__途牛__10010000004561,tfidf_hc_K20,TFIDF+HC,途牛,10010000004561,groupchat.chat.cannot_or_fail,不能通过添加好友发起群聊，无法添加好友,33,10010000006508,"无法加好友,或加好友的途径不易发现",other.chat.cannot_or_fail,途牛__C1,途牛__C1,0.248867,0,0,0,0,0,0,0
TFIDF+HC__途牛__10010000004561,tfidf_hc_K20,TFIDF+HC,途牛,10010000004561,groupchat.chat.cannot_or_fail,不能通过添加好友发起群聊，无法添加好友,34,10010000005959,缺少搜索陌生人添加好友的功能，熟人间难以建立交流。,search.chat.other,途牛__C1,途牛__C1,0.157512,0,0,0,0,0,0,0
SBERT+HC__途牛__10010000004561,sbert_hc_K20,SBERT+HC,途牛,10010000004561,groupchat.chat.cannot_or_fail,不能通过添加好友发起群聊，无法添加好友,1,10010000006862,好友之间不能相互推荐，没有推荐好友功能,other.chat.cannot_or_fail,途牛__C14,途牛__C14,0.089961,0,0,0,0,0,0,0
SBERT+HC__途牛__10010000004561,sbert_hc_K20,SBERT+HC,途牛,10010000004561,groupchat.chat.cannot_or_fail,不能通过添加好友发起群聊，无法添加好友,2,10010000006246,分享只能分享到微博，其他分享都不可用,share.share_panel.other,途牛__C1,途牛__C14,0.005452,0,0,1,0,0,0,0
SBERT+HC__途牛__10010000004561,sbert_hc_K20,SBERT+HC,途牛,10010000004561,groupchat.chat.cannot_or_fail,不能通过添加好友发起群聊，无法添加好友,3,10010000002468,要建立与已经关注人的私聊路径，但是没有出现联系人列表，只有最近联系人列表，无法建立新的私聊路径。要与已经关注的人建立私聊路径，只能通过…,private_chat.list_item.cannot_or_fail,途牛__C1,途牛__C14,0.047667,0,0,1,0,0,0,0
SBERT+HC__途牛__10010000004561,sbert_hc_K20,SBERT+HC,途牛,10010000004561,groupchat.chat.cannot_or_fail,不能通过添加好友发起群聊，无法添加好友,4,10010000006259,进入群聊列表，无法查找群组，或者新建群组！对用户不友好,search.list_item.cannot_or_fail,途牛__C1,途牛__C14,0.102074,0,0,1,0,0,0,0
SBERT+HC__途牛__10010000004561,sbert_hc_K20,SBERT+HC,途牛,10010000004561,groupchat.chat.cannot_or_fail,不能通过添加好友发起群聊，无法添加好友,5,10010000005316,没有好友备注功能和好友搜索功能，很难第一时间找到自己的好友,search.chat.other,途牛__C14,途牛__C14,0.104241,0,0,0,0,0,0,0
SBERT+HC__途牛__10010000004561,sbert_hc_K20,SBERT+HC,途牛,10010000004561,groupchat.chat.cannot_or_fail,不能通过添加好友发起群聊，无法添加好友,6,10010000007117,无法分享动态到微信QQ微博朋友圈,share.share_panel.cannot_share,途牛__C1,途牛__C14,0.028569,0,0,1,0,0,0,0
SBERT+HC__途牛__10010000004561,sbert_hc_K20,SBERT+HC,途牛,10010000004561,groupchat.chat.cannot_or_fail,不能通过添加好友发起群聊，无法添加好友,7,10010000003593,用户想要添加指定的好友时，没有对应的功能图标，让用户添加好友，无法直接关注指定好友,other.button_icon.cannot_or_fail,途牛__C14,途牛__C14,0.231826,0,0,0,0,0,0,0
SBERT+HC__途牛__10010000004561,sbert_hc_K20,SBERT+HC,途牛,10010000004561,groupchat.chat.cannot_or_fail,不能通过添加好友发起群聊，无法添加好友,8,10010000006508,"无法加好友,或加好友的途径不易发现",other.chat.cannot_or_fail,途牛__C14,途牛__C14,0.248867,0,0,0,0,0,0,0
SBERT+HC__途牛__10010000004561,sbert_hc_K20,SBERT+HC,途牛,10010000004561,groupchat.chat.cannot_or_fail,不能通过添加好友发起群聊，无法添加好友,9,10010000004489,"无法寻找用户,无法与指定联系人添加好友!",other.chat.cannot_or_fail,途牛__C14,途牛__C14,0.198742,0,0,0,0,0,0,0
SBERT+HC__途牛__10010000004561,sbert_hc_K20,SBERT+HC,途牛,10010000004561,groupchat.chat.cannot_or_fail,不能通过添加好友发起群聊，无法添加好友,10,10010000005403,没有通过账号搜索添加联系人进行私聊的功能,search.chat.other,途牛__C1,途牛__C14,0.086846,0,0,1,0,0,0,0
SBERT+HC__途牛__10010000004561,sbert_hc_K20,SBERT+HC,途牛,10010000004561,groupchat.chat.cannot_or_fail,不能通过添加好友发起群聊，无法添加好友,11,10010000004775,用户无法添加好友和群组，想要和好友联系，必须当好友发表内容，才可以联系，不方便用户之间的交流,groupchat.chat.cannot_or_fail,途牛__C14,途牛__C14,0.248602,1,1,0,0,0,0,0
SBERT+HC__途牛__10010000004561,sbert_hc_K20,SBERT+HC,途牛,10010000004561,groupchat.chat.cannot_or_fail,不能通过添加好友发起群聊，无法添加好友,12,10010000003575,在群聊页面没有建立群聊或加入群聊的功能,groupchat.page_view.other,途牛__C1,途牛__C14,0.114148,0,1,1,0,0,1,0
SBERT+HC__途牛__10010000004561,sbert_hc_K20,SBERT+HC,途牛,10010000004561,groupchat.chat.cannot_or_fail,不能通过添加好友发起群聊，无法添加好友,13,10010000004866,用户交互性·太差·，用户无法进行好友添加,other.chat.cannot_or_fail,途牛__C14,途牛__C14,0.093776,0,0,0,0,0,0,0
SBERT+HC__途牛__10010000004561,sbert_hc_K20,SBERT+HC,途牛,10010000004561,groupchat.chat.cannot_or_fail,不能通过添加好友发起群聊，无法添加好友,14,10010000006277,在进入个人页面后，在没有好友的情况下，不能根据账号查找并好友，只能关注推荐的，没有提供一个便捷的方式添加好友。,search.page_view.cannot_or_fail,途牛__C14,途牛__C14,0.167249,0,0,0,0,0,0,0
SBERT+HC__途牛__10010000004561,sbert_hc_K20,SBERT+HC,途牛,10010000004561,groupchat.chat.cannot_or_fail,不能通过添加好友发起群聊，无法添加好友,15,10010000004684,添加好友功能复杂，不知道如何搜索添加好友,search.chat.other,途牛__C14,途牛__C14,0.339313,0,0,0,0,0,0,0
SBERT+HC__途牛__10010000004561,sbert_hc_K20,SBERT+HC,途牛,10010000004561,groupchat.chat.cannot_or_fail,不能通过添加好友发起群聊，无法添加好友,16,10010000007080,私聊发送一张照片，对方回复“好看”，网络信号弱的时候，输入框出现“正在建立好友关系”，输入框不应该出现提示，并且应该保持可以输入。,private_chat.input_box.other,途牛__C1,途牛__C14,0.034103,0,0,1,0,0,0,0
SBERT+HC__途牛__10010000004561,sbert_hc_K20,SBERT+HC,途牛,10010000004561,groupchat.chat.cannot_or_fail,不能通过添加好友发起群聊，无法添加好友,17,10010000005770,无法搜索到自己发的帖子和朋友发的帖子,search.list_item.cannot_or_fail,途牛__C1,途牛__C14,0.046612,0,0,1,0,0,0,0
SBERT+HC__途牛__10010000004561,sbert_hc_K20,SBERT+HC,途牛,10010000004561,groupchat.chat.cannot_or_fail,不能通过添加好友发起群聊，无法添加好友,18,10010000006416,好友页面显示对方名字，到私聊页面就不显示了,private_chat.page_view.display_missing,途牛__C1,途牛__C14,0.046244,0,0,1,0,0,0,0
SBERT+HC__途牛__10010000004561,sbert_hc_K20,SBERT+HC,途牛,10010000004561,groupchat.chat.cannot_or_fail,不能通过添加好友发起群聊，无法添加好友,19,10010000005983,分享不出去（微信、朋友圈、新浪微博、QQ）,share.share_panel.other,途牛__C1,途牛__C14,0.014021,0,0,1,0,0,0,0
SBERT+HC__途牛__10010000004561,sbert_hc_K20,SBERT+HC,途牛,10010000004561,groupchat.chat.cannot_or_fail,不能通过添加好友发起群聊，无法添加好友,20,10010000004708,不能给互粉好友添加备注，这样。就不能很好的区分好友了,other.chat.cannot_or_fail,途牛__C14,途牛__C14,0.130294,0,0,0,0,0,0,0
SBERT+HC__途牛__10010000004561,sbert_hc_K20,SBERT+HC,途牛,10010000004561,groupchat.chat.cannot_or_fail,不能通过添加好友发起群聊，无法添加好友,21,10010000006674,没法实现添加联系人功能，没法创建新的聊天群组。,groupchat.chat.other,途牛__C14,途牛__C14,0.065963,0,1,0,0,0,0,0
SBERT+HC__途牛__10010000004561,sbert_hc_K20,SBERT+HC,途牛,10010000004561,groupchat.chat.cannot_or_fail,不能通过添加好友发起群聊，无法添加好友,22,10010000005865,不能给好友添加备注，这样，不能区分好友,other.chat.cannot_or_fail,途牛__C14,途牛__C14,0.152507,0,0,0,0,0,0,0
SBERT+HC__途牛__10010000004561,sbert_hc_K20,SBERT+HC,途牛,10010000004561,groupchat.chat.cannot_or_fail,不能通过添加好友发起群聊，无法添加好友,23,10010000002814,无法直接通过ID或者昵称寻找好友进行添加,other.chat.cannot_or_fail,途牛__C14,途牛__C14,0.124561,0,0,0,0,0,0,0
SBERT+HC__途牛__10010000004561,sbert_hc_K20,SBERT+HC,途牛,10010000004561,groupchat.chat.cannot_or_fail,不能通过添加好友发起群聊，无法添加好友,24,10010000005832,在联系人页面，只能看到已有的好友，而不能添加好友，这对用户来说很不方便,other.page_view.cannot_or_fail,途牛__C14,途牛__C14,0.183951,0,0,0,0,0,0,0
SBERT+HC__途牛__10010000004561,sbert_hc_K20,SBERT+HC,途牛,10010000004561,groupchat.chat.cannot_or_fail,不能通过添加好友发起群聊，无法添加好友,25,10010000006771,查找用户不合理，查找更新的帖子不易发现，，不易发现想要添加的好友。,search.list_item.other,途牛__C1,途牛__C14,0.069575,0,0,1,0,0,0,0
SBERT+HC__途牛__10010000004561,sbert_hc_K20,SBERT+HC,途牛,10010000004561,groupchat.chat.cannot_or_fail,不能通过添加好友发起群聊，无法添加好友,26,10010000005369,无法给私聊的人设置备注，在和多人聊天的时候不太方便,private_chat.page_view.cannot_or_fail,途牛__C1,途牛__C14,0.019274,0,0,1,0,0,0,0
SBERT+HC__途牛__10010000004561,sbert_hc_K20,SBERT+HC,途牛,10010000004561,groupchat.chat.cannot_or_fail,不能通过添加好友发起群聊，无法添加好友,27,10010000005492,分享动态到朋友圈，微信，调不出微信和朋友圈接口,share.share_panel.other,途牛__C1,途牛__C14,0.02621,0,0,1,0,0,0,0
SBERT+HC__途牛__10010000004561,sbert_hc_K20,SBERT+HC,途牛,10010000004561,groupchat.chat.cannot_or_fail,不能通过添加好友发起群聊，无法添加好友,28,10010000004815,自己向好友发送图片，在聊天见界面中加载不出来,message_send.page_view.load_fail,途牛__C0,途牛__C14,0.101155,0,0,1,0,0,0,0
SBERT+HC__途牛__10010000004561,sbert_hc_K20,SBERT+HC,途牛,10010000004561,groupchat.chat.cannot_or_fail,不能通过添加好友发起群聊，无法添加好友,29,10010000003707,无法添加好友，只能添加系统推荐的陌生人,other.chat.cannot_or_fail,途牛__C14,途牛__C14,0.331705,0,0,0,0,0,0,0
SBERT+HC__途牛__10010000004561,sbert_hc_K20,SBERT+HC,途牛,10010000004561,groupchat.chat.cannot_or_fail,不能通过添加好友发起群聊，无法添加好友,30,10010000006124,没有互相关注的好友，点击聊天设置时，屏蔽选项不显示,message_send.page_view.display_missing,途牛__C14,途牛__C14,0.045864,0,0,0,0,0,0,0
SBERT+HC__途牛__10010000004561,sbert_hc_K20,SBERT+HC,途牛,10010000004561,groupchat.chat.cannot_or_fail,不能通过添加好友发起群聊，无法添加好友,31,10010000002636,关注列表和联系人列表中均无法搜索好友,search.list_item.cannot_or_fail,途牛__C14,途牛__C14,0.056918,0,0,0,0,0,0,0
SBERT+HC__途牛__10010000004561,sbert_hc_K20,SBERT+HC,途牛,10010000004561,groupchat.chat.cannot_or_fail,不能通过添加好友发起群聊，无法添加好友,32,10010000005191,麻烦，不能通过手机号，昵称搜索添加，要通过帖子等加关注加好友,search.list_item.cannot_or_fail,途牛__C1,途牛__C14,0.234098,0,0,1,0,0,0,0
SBERT+HC__途牛__10010000004561,sbert_hc_K20,SBERT+HC,途牛,10010000004561,groupchat.chat.cannot_or_fail,不能通过添加好友发起群聊，无法添加好友,33,10010000005706,联系人页面没有添加或者查找联系人的功能,search.page_view.other,途牛__C1,途牛__C14,0.049018,0,0,1,0,0,0,0
SBERT+HC__途牛__10010000004561,sbert_hc_K20,SBERT+HC,途牛,10010000004561,groupchat.chat.cannot_or_fail,不能通过添加好友发起群聊，无法添加好友,34,10010000002797,无法手动输入寻找认识的好友，稍有不便,other.chat.cannot_or_fail,途牛__C14,途牛__C14,0.057554,0,0,0,0,0,0,0
SBERT+HC__途牛__10010000004561,sbert_hc_K20,SBERT+HC,途牛,10010000004561,groupchat.chat.cannot_or_fail,不能通过添加好友发起群聊，无法添加好友,35,10010000003271,分享时只可以分享到微博，无法分享到微信和qq，点击没有反应,share.share_panel.cannot_share,途牛__C1,途牛__C14,0.025375,0,0,1,0,0,0,0
SBERT+HC__途牛__10010000004561,sbert_hc_K20,SBERT+HC,途牛,10010000004561,groupchat.chat.cannot_or_fail,不能通过添加好友发起群聊，无法添加好友,36,10010000003060,分享到微信 朋友圈 qq点击无效 无任何反应 而且无法分享,share.share_panel.cannot_share,途牛__C1,途牛__C14,0.025422,0,0,1,0,0,0,0
SBERT+HC__途牛__10010000004561,sbert_hc_K20,SBERT+HC,途牛,10010000004561,groupchat.chat.cannot_or_fail,不能通过添加好友发起群聊，无法添加好友,37,10010000005144,"手机截屏后无法分享到朋友圈,QQ或微博",share.share_panel.cannot_share,途牛__C1,途牛__C14,0.025882,0,0,1,0,0,0,0
SBERT+HC__途牛__10010000004561,sbert_hc_K20,SBERT+HC,途牛,10010000004561,groupchat.chat.cannot_or_fail,不能通过添加好友发起群聊，无法添加好友,38,10010000007068,联系人页面的群聊功能没有添加其他人进入群聊的按钮,groupchat.button_icon.other,途牛__C1,途牛__C14,0.110072,0,1,1,0,0,1,0
LLMCluster__途牛__10010000004561,llmcluster_glm-4-air,LLMCluster,途牛,10010000004561,groupchat.chat.cannot_or_fail,不能通过添加好友发起群聊，无法添加好友,1,10010000006225,帖子有时候发表失败，特别是带上表情符，添加好友步骤繁琐,other.list_item.cannot_or_fail,途牛__C29,途牛__C3,0.147383,0,0,1,0,0,0,0
LLMCluster__途牛__10010000004561,llmcluster_glm-4-air,LLMCluster,途牛,10010000004561,groupchat.chat.cannot_or_fail,不能通过添加好友发起群聊，无法添加好友,2,10010000003275,找人只能通过发布状态来找，不能通过搜索昵称或者ID来找，功能不完全,search.other.cannot_or_fail,途牛__C29,途牛__C3,0.119657,0,0,1,0,0,0,0
LLMCluster__途牛__10010000004561,llmcluster_glm-4-air,LLMCluster,途牛,10010000004561,groupchat.chat.cannot_or_fail,不能通过添加好友发起群聊，无法添加好友,3,10010000005260,经常性的在关注里或者粉丝里或者最近联系人中选择好友发起私聊，聊天窗口死机。如截图,private_chat.chat.freeze,途牛__C29,途牛__C3,0.102298,0,0,1,0,0,0,0
LLMCluster__途牛__10010000004561,llmcluster_glm-4-air,LLMCluster,途牛,10010000004561,groupchat.chat.cannot_or_fail,不能通过添加好友发起群聊，无法添加好友,4,10010000004410,第一次好友发的语音能够收到，接下来其他好友发的语音就不变了，一直重复第一个好友发的语音。,playback.chat.other,途牛__C29,途牛__C3,0.141775,0,0,1,0,0,0,0
LLMCluster__途牛__10010000004561,llmcluster_glm-4-air,LLMCluster,途牛,10010000004561,groupchat.chat.cannot_or_fail,不能通过添加好友发起群聊，无法添加好友,5,10010000006277,在进入个人页面后，在没有好友的情况下，不能根据账号查找并好友，只能关注推荐的，没有提供一个便捷的方式添加好友。,search.page_view.cannot_or_fail,途牛__C29,途牛__C3,0.167249,0,0,1,0,0,0,0
LLMCluster__途牛__10010000004561,llmcluster_glm-4-air,LLMCluster,途牛,10010000004561,groupchat.chat.cannot_or_fail,不能通过添加好友发起群聊，无法添加好友,6,10010000002916,不支持通过搜索用户名的方式添加好友，不方便用户使用。,search.chat.other,途牛__C29,途牛__C3,0.192234,0,0,1,0,0,0,0
LLMCluster__途牛__10010000004561,llmcluster_glm-4-air,LLMCluster,途牛,10010000004561,groupchat.chat.cannot_or_fail,不能通过添加好友发起群聊，无法添加好友,7,10010000006508,"无法加好友,或加好友的途径不易发现",other.chat.cannot_or_fail,途牛__C29,途牛__C3,0.248867,0,0,1,0,0,0,0
LLMCluster__途牛__10010000004561,llmcluster_glm-4-air,LLMCluster,途牛,10010000004561,groupchat.chat.cannot_or_fail,不能通过添加好友发起群聊，无法添加好友,8,10010000004959,已发送的图片无法添加为表情，长按后应出现按钮：添加为表情,message_send.button_icon.cannot_or_fail,途牛__C29,途牛__C3,0.135666,0,0,1,0,0,0,0
LLMCluster__途牛__10010000004561,llmcluster_glm-4-air,LLMCluster,途牛,10010000004561,groupchat.chat.cannot_or_fail,不能通过添加好友发起群聊，无法添加好友,9,10010000006786,软件中没有提供好友搜索的功能（或者有，但是很难找到入口），当两个用户想互相添加好友时，没有一个快捷方便的方法找到对方，成为对方的好友，…,search.chat.other,途牛__C3,途牛__C3,0.139572,0,0,0,0,0,0,0
LLMCluster__途牛__10010000004561,llmcluster_glm-4-air,LLMCluster,途牛,10010000004561,groupchat.chat.cannot_or_fail,不能通过添加好友发起群聊，无法添加好友,10,10010000004615,点开个人主页右下角那个加号，还以为是可以关注通过帐号查找的用户，但是没有那个功能，没有添加好友的功能，或者是这个功能不明显,search.chat.other,途牛__C29,途牛__C3,0.126118,0,0,1,0,0,0,0
LLMCluster__途牛__10010000004561,llmcluster_glm-4-air,LLMCluster,途牛,10010000004561,groupchat.chat.cannot_or_fail,不能通过添加好友发起群聊，无法添加好友,11,10010000004489,"无法寻找用户,无法与指定联系人添加好友!",other.chat.cannot_or_fail,途牛__C29,途牛__C3,0.198742,0,0,1,0,0,0,0
LLMCluster__途牛__10010000004561,llmcluster_glm-4-air,LLMCluster,途牛,10010000004561,groupchat.chat.cannot_or_fail,不能通过添加好友发起群聊，无法添加好友,12,10010000003707,无法添加好友，只能添加系统推荐的陌生人,other.chat.cannot_or_fail,途牛__C29,途牛__C3,0.331705,0,0,1,0,0,0,0
LLMCluster__途牛__10010000004561,llmcluster_glm-4-air,LLMCluster,途牛,10010000004561,groupchat.chat.cannot_or_fail,不能通过添加好友发起群聊，无法添加好友,13,10010000003593,用户想要添加指定的好友时，没有对应的功能图标，让用户添加好友，无法直接关注指定好友,other.button_icon.cannot_or_fail,途牛__C29,途牛__C3,0.231826,0,0,1,0,0,0,0
LLMCluster__途牛__10010000004561,llmcluster_glm-4-air,LLMCluster,途牛,10010000004561,groupchat.chat.cannot_or_fail,不能通过添加好友发起群聊，无法添加好友,14,10010000007068,联系人页面的群聊功能没有添加其他人进入群聊的按钮,groupchat.button_icon.other,途牛__C29,途牛__C3,0.110072,0,1,1,0,0,0,0
LLMCluster__途牛__10010000004561,llmcluster_glm-4-air,LLMCluster,途牛,10010000004561,groupchat.chat.cannot_or_fail,不能通过添加好友发起群聊，无法添加好友,15,10010000004684,添加好友功能复杂，不知道如何搜索添加好友,search.chat.other,途牛__C29,途牛__C3,0.339313,0,0,1,0,0,0,0
LLMCluster__途牛__10010000004561,llmcluster_glm-4-air,LLMCluster,途牛,10010000004561,groupchat.chat.cannot_or_fail,不能通过添加好友发起群聊，无法添加好友,16,10010000003698,如果需要加好友，必须先关注同一个人才能互相关注，可以考虑增加直接搜索加好友功能,search.chat.other,途牛__C29,途牛__C3,0.162867,0,0,1,0,0,0,0
LLMCluster__途牛__10010000004561,llmcluster_glm-4-air,LLMCluster,途牛,10010000004561,groupchat.chat.cannot_or_fail,不能通过添加好友发起群聊，无法添加好友,17,10010000005959,缺少搜索陌生人添加好友的功能，熟人间难以建立交流。,search.chat.other,途牛__C29,途牛__C3,0.157512,0,0,1,0,0,0,0
LLMCluster__途牛__10010000004561,llmcluster_glm-4-air,LLMCluster,途牛,10010000004561,groupchat.chat.cannot_or_fail,不能通过添加好友发起群聊，无法添加好友,18,10010000005191,麻烦，不能通过手机号，昵称搜索添加，要通过帖子等加关注加好友,search.list_item.cannot_or_fail,途牛__C29,途牛__C3,0.234098,0,0,1,0,0,0,0
LLMCluster__途牛__10010000004561,llmcluster_glm-4-air,LLMCluster,途牛,10010000004561,groupchat.chat.cannot_or_fail,不能通过添加好友发起群聊，无法添加好友,19,10010000004775,用户无法添加好友和群组，想要和好友联系，必须当好友发表内容，才可以联系，不方便用户之间的交流,groupchat.chat.cannot_or_fail,途牛__C29,途牛__C3,0.248602,1,1,1,1,1,1,1
LLMCluster__途牛__10010000004561,llmcluster_glm-4-air,LLMCluster,途牛,10010000004561,groupchat.chat.cannot_or_fail,不能通过添加好友发起群聊，无法添加好友,20,10010000005832,在联系人页面，只能看到已有的好友，而不能添加好友，这对用户来说很不方便,other.page_view.cannot_or_fail,途牛__C29,途牛__C3,0.183951,0,0,1,0,0,0,0
LLMCluster__途牛__10010000004561,llmcluster_glm-4-air,LLMCluster,途牛,10010000004561,groupchat.chat.cannot_or_fail,不能通过添加好友发起群聊，无法添加好友,21,10010000005201,互加好友后，第一个好友发来语音，但是接下来其他好友发来的语音无论语音长短或者内容，点开语音都还是第一个好友的语音,playback.chat.other,途牛__C29,途牛__C3,0.164855,0,0,1,0,0,0,0
TFIDF+HC__途牛__10010000006825,tfidf_hc_K20,TFIDF+HC,途牛,10010000006825,notification.other.cannot_or_fail,在首次，系统提醒位置获取时，选择拒绝，之后再次进入，不能获取位置信息,1,10010000005450,发起结伴功能中，选择位置界面，搜索关键字，不能准确匹配，甚至出现完全不匹配结果。,search.page_view.cannot_or_fail,途牛__C12,途牛__C10,0.070938,0,0,1,0,0,0,0
TFIDF+HC__途牛__10010000006825,tfidf_hc_K20,TFIDF+HC,途牛,10010000006825,notification.other.cannot_or_fail,在首次，系统提醒位置获取时，选择拒绝，之后再次进入，不能获取位置信息,2,10010000003188,获取我的定位权限之后，不能准确定位,gps_track.gps.permission,途牛__C10,途牛__C10,0.131658,0,0,0,0,0,0,0
TFIDF+HC__途牛__10010000006825,tfidf_hc_K20,TFIDF+HC,途牛,10010000006825,notification.other.cannot_or_fail,在首次，系统提醒位置获取时，选择拒绝，之后再次进入，不能获取位置信息,3,10010000003176,通过任务途径进入，页面无法加载出来,other.page_view.load_fail,途牛__C9,途牛__C10,0.051728,0,0,1,0,0,0,0
TFIDF+HC__途牛__10010000006825,tfidf_hc_K20,TFIDF+HC,途牛,10010000006825,notification.other.cannot_or_fail,在首次，系统提醒位置获取时，选择拒绝，之后再次进入，不能获取位置信息,4,10010000006725,在投诉用户页面进行编辑投诉的理由，然后返回到上一页面。再次进入编辑文字的界面。返现之前编辑的文字消失。用户之前的数据无法保存。这样会让…,other.page_view.cannot_or_fail,途牛__C3,途牛__C10,0.049032,0,0,1,0,0,0,0
TFIDF+HC__途牛__10010000006825,tfidf_hc_K20,TFIDF+HC,途牛,10010000006825,notification.other.cannot_or_fail,在首次，系统提醒位置获取时，选择拒绝，之后再次进入，不能获取位置信息,5,10010000005945,给对方发送大量表情之后，推出软件再次进入聊天界面之后，点击对方软件无反应，无法进行聊天。持续点击对方，软件会闪退。,message_send.page_view.crash,途牛__C3,途牛__C10,0.070342,0,0,1,0,0,0,0
TFIDF+HC__途牛__10010000006825,tfidf_hc_K20,TFIDF+HC,途牛,10010000006825,notification.other.cannot_or_fail,在首次，系统提醒位置获取时，选择拒绝，之后再次进入，不能获取位置信息,6,10010000002179,手机gps已打开，但软件仍无法获取位置。,gps_track.gps.cannot_or_fail,途牛__C10,途牛__C10,0.151958,0,0,0,0,0,0,0
TFIDF+HC__途牛__10010000006825,tfidf_hc_K20,TFIDF+HC,途牛,10010000006825,notification.other.cannot_or_fail,在首次，系统提醒位置获取时，选择拒绝，之后再次进入，不能获取位置信息,7,10010000002734,私聊界面发送图片时，选择图片时，图片无法预览,private_chat.page_view.cannot_or_fail,途牛__C4,途牛__C10,0.069459,0,0,1,0,0,0,0
TFIDF+HC__途牛__10010000006825,tfidf_hc_K20,TFIDF+HC,途牛,10010000006825,notification.other.cannot_or_fail,在首次，系统提醒位置获取时，选择拒绝，之后再次进入，不能获取位置信息,8,10010000002188,在kikbug里启动土牛后，在“我的”界面右上角点击“专属客服”，会导致途牛非正常退出，之后会返回kikbug界面，然后再次返回途牛，…,other.page_view.cannot_input,途牛__C0,途牛__C10,0.055302,0,0,1,0,0,0,0
TFIDF+HC__途牛__10010000006825,tfidf_hc_K20,TFIDF+HC,途牛,10010000006825,notification.other.cannot_or_fail,在首次，系统提醒位置获取时，选择拒绝，之后再次进入，不能获取位置信息,9,10010000006732,手机已打开gps但仍无法获取位置。,gps_track.gps.cannot_or_fail,途牛__C10,途牛__C10,0.162933,0,0,0,0,0,0,0
TFIDF+HC__途牛__10010000006825,tfidf_hc_K20,TFIDF+HC,途牛,10010000006825,notification.other.cannot_or_fail,在首次，系统提醒位置获取时，选择拒绝，之后再次进入，不能获取位置信息,10,10010000005215,在结伴模块中，选择想去哪儿，进入搜索地点界面，选择好地点。在我想去的地点旁点击删除按钮，再点击其上的完成按钮，选择好的地点会仍然会进入…,search.button_icon.other,途牛__C10,途牛__C10,0.069594,0,0,0,0,0,0,0
TFIDF+HC__途牛__10010000006825,tfidf_hc_K20,TFIDF+HC,途牛,10010000006825,notification.other.cannot_or_fail,在首次，系统提醒位置获取时，选择拒绝，之后再次进入，不能获取位置信息,11,10010000002955,私聊中发送图片，正常显示，退出私聊再次进入后，图片在聊天界面无法显示。,private_chat.page_view.cannot_or_fail,途牛__C4,途牛__C10,0.077174,0,0,1,0,0,0,0
TFIDF+HC__途牛__10010000006825,tfidf_hc_K20,TFIDF+HC,途牛,10010000006825,notification.other.cannot_or_fail,在首次，系统提醒位置获取时，选择拒绝，之后再次进入，不能获取位置信息,12,10010000002926,要发送图片时，选择好了图片，点击预览后，往左滑动预览各张图片，滑到最后一张再往左滑出现白屏然后闪退回原来选择图片的界面，而且原来选择的…,message_send.page_view.crash,途牛__C4,途牛__C10,0.05301,0,0,1,0,0,0,0
TFIDF+HC__途牛__10010000006825,tfidf_hc_K20,TFIDF+HC,途牛,10010000006825,notification.other.cannot_or_fail,在首次，系统提醒位置获取时，选择拒绝，之后再次进入，不能获取位置信息,13,10010000006832,不能在聊天界面的输入框+号旁下拉获取当前位置,message_send.input_box.cannot_or_fail,途牛__C3,途牛__C10,0.112205,0,0,1,0,0,0,0
TFIDF+HC__途牛__10010000006825,tfidf_hc_K20,TFIDF+HC,途牛,10010000006825,notification.other.cannot_or_fail,在首次，系统提醒位置获取时，选择拒绝，之后再次进入，不能获取位置信息,14,10010000003034,私聊时，选择表情，会以文字描述的形式出现在输入框里，删除时，只能连续删除所有的字符才可以，需要点击四下按钮,private_chat.input_box.other,途牛__C4,途牛__C10,0.050136,0,0,1,0,0,0,0
TFIDF+HC__途牛__10010000006825,tfidf_hc_K20,TFIDF+HC,途牛,10010000006825,notification.other.cannot_or_fail,在首次，系统提醒位置获取时，选择拒绝，之后再次进入，不能获取位置信息,15,10010000003175,在选择图片时，出现卡顿现象，之后出现闪退。,other.image_banner.crash,途牛__C4,途牛__C10,0.07422,0,0,1,0,0,0,0
TFIDF+HC__途牛__10010000006825,tfidf_hc_K20,TFIDF+HC,途牛,10010000006825,notification.other.cannot_or_fail,在首次，系统提醒位置获取时，选择拒绝，之后再次进入，不能获取位置信息,16,10010000006952,在首次，系统提醒位置获取时，选择拒绝，之后再次进入，不能获取位置信息，影响体验,notification.other.cannot_or_fail,途牛__C10,途牛__C10,0.937213,1,1,0,0,0,0,0
TFIDF+HC__途牛__10010000006825,tfidf_hc_K20,TFIDF+HC,途牛,10010000006825,notification.other.cannot_or_fail,在首次，系统提醒位置获取时，选择拒绝，之后再次进入，不能获取位置信息,17,10010000001430,手机开启了位置服务，也给予了应用位置权限，但是还是无法获取当前城市。,other.other.permission,途牛__C10,途牛__C10,0.106025,0,0,0,0,0,0,0
TFIDF+HC__途牛__10010000006825,tfidf_hc_K20,TFIDF+HC,途牛,10010000006825,notification.other.cannot_or_fail,在首次，系统提醒位置获取时，选择拒绝，之后再次进入，不能获取位置信息,18,10010000005033,无法设置图片保存位置，只能保存到默认位置,settings.page_view.cannot_or_fail,途牛__C4,途牛__C10,0.093446,0,0,1,0,0,0,0
TFIDF+HC__途牛__10010000006825,tfidf_hc_K20,TFIDF+HC,途牛,10010000006825,notification.other.cannot_or_fail,在首次，系统提醒位置获取时，选择拒绝，之后再次进入，不能获取位置信息,19,10010000004830,聊天好友改了昵称之后在聊天界面有的不显示改完后的昵称，只有在个人主页才能看到改完后的昵称。有时候系统会自动闪退再次进入时有的聊天好友的…,message_send.page_view.crash,途牛__C12,途牛__C10,0.066173,0,0,1,0,0,0,0
TFIDF+HC__途牛__10010000006825,tfidf_hc_K20,TFIDF+HC,途牛,10010000006825,notification.other.cannot_or_fail,在首次，系统提醒位置获取时，选择拒绝，之后再次进入，不能获取位置信息,20,10010000002755,"重启途牛,再次进入刚才发送大量表情的页面时,系统卡死,异常退出。",message_send.page_view.freeze,途牛__C3,途牛__C10,0.08374,0,0,1,0,0,0,0
TFIDF+HC__途牛__10010000006825,tfidf_hc_K20,TFIDF+HC,途牛,10010000006825,notification.other.cannot_or_fail,在首次，系统提醒位置获取时，选择拒绝，之后再次进入，不能获取位置信息,21,10010000005744,定位当前位置，“无法获取您的位置，请开启定位服务”,gps_track.gps.cannot_or_fail,途牛__C10,途牛__C10,0.142082,0,0,0,0,0,0,0
TFIDF+HC__途牛__10010000006825,tfidf_hc_K20,TFIDF+HC,途牛,10010000006825,notification.other.cannot_or_fail,在首次，系统提醒位置获取时，选择拒绝，之后再次进入，不能获取位置信息,22,10010000003546,互相关注的人发语音，发送完毕后再次点击收听，手机会卡死，将内存清空再次进入第一次点私聊页面闪退，第二次我发送过去的消息没有历史记录。,private_chat.page_view.crash,途牛__C9,途牛__C10,0.094589,0,0,1,0,0,0,0
TFIDF+HC__途牛__10010000006825,tfidf_hc_K20,TFIDF+HC,途牛,10010000006825,notification.other.cannot_or_fail,在首次，系统提醒位置获取时，选择拒绝，之后再次进入，不能获取位置信息,23,10010000001868,"选择时间只能选择今天,有一次按了两次今天后,之后再选择时间,今天也不能选择了",other.step.cannot_or_fail,途牛__C4,途牛__C10,0.084778,0,0,1,0,0,0,0
TFIDF+HC__途牛__10010000006825,tfidf_hc_K20,TFIDF+HC,途牛,10010000006825,notification.other.cannot_or_fail,在首次，系统提醒位置获取时，选择拒绝，之后再次进入，不能获取位置信息,24,10010000004915,用户头像选择本地图片不能修改，选择照相时可以修改，之后，本地图片也可以修改了,other.image_banner.cannot_or_fail,途牛__C4,途牛__C10,0.065285,0,0,1,0,0,0,0
TFIDF+HC__途牛__10010000006825,tfidf_hc_K20,TFIDF+HC,途牛,10010000006825,notification.other.cannot_or_fail,在首次，系统提醒位置获取时，选择拒绝，之后再次进入，不能获取位置信息,25,10010000004139,除了途牛自带的表情，APP显示可以添加表情，选择添加表情并选择图片之后，系统会出现两种结果，一种是页面返回对话界面，像什么都没发生一样…,private_chat.page_view.wrong_value,途牛__C4,途牛__C10,0.072757,0,0,1,0,0,0,0
TFIDF+HC__途牛__10010000006825,tfidf_hc_K20,TFIDF+HC,途牛,10010000006825,notification.other.cannot_or_fail,在首次，系统提醒位置获取时，选择拒绝，之后再次进入，不能获取位置信息,26,10010000001801,问题描述:选择火车票往返时，选择返程时间失败,other.step.cannot_or_fail,途牛__C4,途牛__C10,0.065979,0,0,1,0,0,0,0
TFIDF+HC__途牛__10010000006825,tfidf_hc_K20,TFIDF+HC,途牛,10010000006825,notification.other.cannot_or_fail,在首次，系统提醒位置获取时，选择拒绝，之后再次进入，不能获取位置信息,27,10010000002350,进入个人页面中，上传头像照片时，选择较大点的图片上传后，程序就崩溃,other.page_view.crash,途牛__C0,途牛__C10,0.057943,0,0,1,0,0,0,0
SBERT+HC__途牛__10010000006825,sbert_hc_K20,SBERT+HC,途牛,10010000006825,notification.other.cannot_or_fail,在首次，系统提醒位置获取时，选择拒绝，之后再次进入，不能获取位置信息,1,10010000004349,即使对于此APP开启定位功能，依然在使用时无法自动定位，需要手动定位。,gps_track.gps.cannot_or_fail,途牛__C8,途牛__C8,0.035179,0,0,0,0,0,0,0
SBERT+HC__途牛__10010000006825,sbert_hc_K20,SBERT+HC,途牛,10010000006825,notification.other.cannot_or_fail,在首次，系统提醒位置获取时，选择拒绝，之后再次进入，不能获取位置信息,2,10010000004241,打开软件首页，地点定位功能不能使用。,gps_track.page_view.cannot_or_fail,途牛__C18,途牛__C8,0.03582,0,0,1,0,0,0,0
SBERT+HC__途牛__10010000006825,sbert_hc_K20,SBERT+HC,途牛,10010000006825,notification.other.cannot_or_fail,在首次，系统提醒位置获取时，选择拒绝，之后再次进入，不能获取位置信息,3,10010000006457,应用退出，不能接收信息，后台保存才能接收信息，且少部分出现打开后台挂着的应用时才延迟接到信息。,other.other.freeze,途牛__C1,途牛__C8,0.039192,0,0,1,0,0,0,0
SBERT+HC__途牛__10010000006825,sbert_hc_K20,SBERT+HC,途牛,10010000006825,notification.other.cannot_or_fail,在首次，系统提醒位置获取时，选择拒绝，之后再次进入，不能获取位置信息,4,10010000005412,被投诉的账号只能接受不能发送消息，而实际上权限弄反了，成为只能发送不能接受信息,message_send.chat.cannot_send,途牛__C1,途牛__C8,0.023871,0,0,1,0,0,0,0
SBERT+HC__途牛__10010000006825,sbert_hc_K20,SBERT+HC,途牛,10010000006825,notification.other.cannot_or_fail,在首次，系统提醒位置获取时，选择拒绝，之后再次进入，不能获取位置信息,5,10010000006347,支持定位以后，也不能自动检测出当前位置，不能自动定位。,gps_track.gps.cannot_or_fail,途牛__C8,途牛__C8,0.081193,0,0,0,0,0,0,0
SBERT+HC__途牛__10010000006825,sbert_hc_K20,SBERT+HC,途牛,10010000006825,notification.other.cannot_or_fail,在首次，系统提醒位置获取时，选择拒绝，之后再次进入，不能获取位置信息,6,10010000006243,无法使用第三方登陆，点击后QQ会出现授权失败，点击新浪微博后会出现访问出错界面，点击微信图标无响应,share.button_icon.freeze,途牛__C1,途牛__C8,0.010541,0,0,1,0,0,0,0
SBERT+HC__途牛__10010000006825,sbert_hc_K20,SBERT+HC,途牛,10010000006825,notification.other.cannot_or_fail,在首次，系统提醒位置获取时，选择拒绝，之后再次进入，不能获取位置信息,7,10010000003188,获取我的定位权限之后，不能准确定位,gps_track.gps.permission,途牛__C8,途牛__C8,0.131658,0,0,0,0,0,0,0
SBERT+HC__途牛__10010000006825,sbert_hc_K20,SBERT+HC,途牛,10010000006825,notification.other.cannot_or_fail,在首次，系统提醒位置获取时，选择拒绝，之后再次进入，不能获取位置信息,8,10010000006641,输入框无法通过回车键发送消息，也不能设置成回车键发送,message_send.input_box.cannot_or_fail,途牛__C1,途牛__C8,0.020342,0,0,1,0,0,0,0
SBERT+HC__途牛__10010000006825,sbert_hc_K20,SBERT+HC,途牛,10010000006825,notification.other.cannot_or_fail,在首次，系统提醒位置获取时，选择拒绝，之后再次进入，不能获取位置信息,9,10010000003925,定位。 发布帖子时，无法定位，无法发布帖子。,gps_track.list_item.cannot_or_fail,途牛__C1,途牛__C8,0.032128,0,0,1,0,0,0,0
SBERT+HC__途牛__10010000006825,sbert_hc_K20,SBERT+HC,途牛,10010000006825,notification.other.cannot_or_fail,在首次，系统提醒位置获取时，选择拒绝，之后再次进入，不能获取位置信息,10,10010000004477,被屏蔽方收不到对方信息，也不知道自已经被屏蔽，一直等待。,notification.other.cannot_or_fail,途牛__C17,途牛__C8,0.015287,1,1,1,1,1,1,1
SBERT+HC__途牛__10010000006825,sbert_hc_K20,SBERT+HC,途牛,10010000006825,notification.other.cannot_or_fail,在首次，系统提醒位置获取时，选择拒绝，之后再次进入，不能获取位置信息,11,10010000005392,别人发的信息，应用若未开启，不会有信息提醒，只有开启应用后才提醒。,notification.other.other,途牛__C1,途牛__C8,0.064352,0,1,1,0,0,0,0
SBERT+HC__途牛__10010000006825,sbert_hc_K20,SBERT+HC,途牛,10010000006825,notification.other.cannot_or_fail,在首次，系统提醒位置获取时，选择拒绝，之后再次进入，不能获取位置信息,12,10010000002316,定位权限已被允许但是 无法获取定位信息,gps_track.gps.permission,途牛__C8,途牛__C8,0.094959,0,0,0,0,0,0,0
SBERT+HC__途牛__10010000006825,sbert_hc_K20,SBERT+HC,途牛,10010000006825,notification.other.cannot_or_fail,在首次，系统提醒位置获取时，选择拒绝，之后再次进入，不能获取位置信息,13,10010000006005,在发图文模块中，点击当前地点，进入搜索地点界面，点击当前位置，就会不正常的退出。,search.page_view.other,途牛__C5,途牛__C8,0.04456,0,0,1,0,0,0,0
SBERT+HC__途牛__10010000006825,sbert_hc_K20,SBERT+HC,途牛,10010000006825,notification.other.cannot_or_fail,在首次，系统提醒位置获取时，选择拒绝，之后再次进入，不能获取位置信息,14,10010000007006,在进入对话后，无法查看对方的信息(点击对方用户名不能跳转到对方的页面),other.page_view.cannot_or_fail,途牛__C1,途牛__C8,0.026881,0,0,1,0,0,0,0
SBERT+HC__途牛__10010000006825,sbert_hc_K20,SBERT+HC,途牛,10010000006825,notification.other.cannot_or_fail,在首次，系统提醒位置获取时，选择拒绝，之后再次进入，不能获取位置信息,15,10010000004180,当退出登录后，再次登录，如果在未登录的这段时间有人私聊自己，则系统首页和个人中心页面右上角的消息框有时会提示有未读信息有时候不会提示、,login.page_view.other,途牛__C1,途牛__C8,0.054402,0,0,1,0,0,0,0
SBERT+HC__途牛__10010000006825,sbert_hc_K20,SBERT+HC,途牛,10010000006825,notification.other.cannot_or_fail,在首次，系统提醒位置获取时，选择拒绝，之后再次进入，不能获取位置信息,16,10010000004365,登录失败后，没反应，重新登录成功后又出现修改提示（提示修改头像等等第一次登录的提示内容）,login.other.cannot_or_fail,途牛__C1,途牛__C8,0.021255,0,0,1,0,0,0,0
SBERT+HC__途牛__10010000006825,sbert_hc_K20,SBERT+HC,途牛,10010000006825,notification.other.cannot_or_fail,在首次，系统提醒位置获取时，选择拒绝，之后再次进入，不能获取位置信息,17,10010000005553,无法定位到当前位置 (定位权限已打开),gps_track.gps.permission,途牛__C8,途牛__C8,0.066711,0,0,0,0,0,0,0
SBERT+HC__途牛__10010000006825,sbert_hc_K20,SBERT+HC,途牛,10010000006825,notification.other.cannot_or_fail,在首次，系统提醒位置获取时，选择拒绝，之后再次进入，不能获取位置信息,18,10010000005598,定位失败。 发布帖子时，定位不成功，导致无法发布。而且其他定位也不成功。,gps_track.list_item.cannot_or_fail,途牛__C1,途牛__C8,0.035128,0,0,1,0,0,0,0
SBERT+HC__途牛__10010000006825,sbert_hc_K20,SBERT+HC,途牛,10010000006825,notification.other.cannot_or_fail,在首次，系统提醒位置获取时，选择拒绝，之后再次进入，不能获取位置信息,19,10010000004549,在打开手机定位服务状态下，步骤3中的定位提示“无法获取您的位置，请刷新或选择距您较近的城市”。,gps_track.gps.cannot_or_fail,途牛__C8,途牛__C8,0.091602,0,0,0,0,0,0,0
SBERT+HC__途牛__10010000006825,sbert_hc_K20,SBERT+HC,途牛,10010000006825,notification.other.cannot_or_fail,在首次，系统提醒位置获取时，选择拒绝，之后再次进入，不能获取位置信息,20,10010000004035,私聊时，输入法输入信息后单击输入上的回车按钮，无法发送，而出现换行,private_chat.button_icon.cannot_or_fail,途牛__C1,途牛__C8,0.028913,0,0,1,0,0,0,0
SBERT+HC__途牛__10010000006825,sbert_hc_K20,SBERT+HC,途牛,10010000006825,notification.other.cannot_or_fail,在首次，系统提醒位置获取时，选择拒绝，之后再次进入，不能获取位置信息,21,10010000003670,部分机型（比如我的手机）将应用的通知的优先级设为最高后，他人给我私信后通知栏依然不收到通知,notification.other.other,途牛__C1,途牛__C8,0.007495,0,1,1,0,0,0,0
SBERT+HC__途牛__10010000006825,sbert_hc_K20,SBERT+HC,途牛,10010000006825,notification.other.cannot_or_fail,在首次，系统提醒位置获取时，选择拒绝，之后再次进入，不能获取位置信息,22,10010000003506,发送信息长按无法显示的取消按钮无反应,message_send.button_icon.cannot_or_fail,途牛__C1,途牛__C8,0.029143,0,0,1,0,0,0,0
SBERT+HC__途牛__10010000006825,sbert_hc_K20,SBERT+HC,途牛,10010000006825,notification.other.cannot_or_fail,在首次，系统提醒位置获取时，选择拒绝，之后再次进入，不能获取位置信息,23,10010000005160,用户打完要发送的话后，点击回车键无法换行，必须要点击屏幕上的回车键符号才能发送，这是一个不方便的问题，尤其是对弈使用安卓模拟器的客户。…,message_send.input_box.cannot_or_fail,途牛__C1,途牛__C8,0.008249,0,0,1,0,0,0,0
SBERT+HC__途牛__10010000006825,sbert_hc_K20,SBERT+HC,途牛,10010000006825,notification.other.cannot_or_fail,在首次，系统提醒位置获取时，选择拒绝，之后再次进入，不能获取位置信息,24,10010000004578,后台运行时别人发送信息自己是收不到的，只有在程序运行时才能收到信息，而且发送消息有一定的延迟。,message_send.chat.freeze,途牛__C1,途牛__C8,0.026531,0,0,1,0,0,0,0
SBERT+HC__途牛__10010000006825,sbert_hc_K20,SBERT+HC,途牛,10010000006825,notification.other.cannot_or_fail,在首次，系统提醒位置获取时，选择拒绝，之后再次进入，不能获取位置信息,25,10010000004584,信息提醒系统在后台情况下无法运行，同时信息接收会有延时。,notification.other.cannot_or_fail,途牛__C1,途牛__C8,0.068186,1,1,1,1,1,1,1
SBERT+HC__途牛__10010000006825,sbert_hc_K20,SBERT+HC,途牛,10010000006825,notification.other.cannot_or_fail,在首次，系统提醒位置获取时，选择拒绝，之后再次进入，不能获取位置信息,26,10010000005744,定位当前位置，“无法获取您的位置，请开启定位服务”,gps_track.gps.cannot_or_fail,途牛__C8,途牛__C8,0.142082,0,0,0,0,0,0,0
SBERT+HC__途牛__10010000006825,sbert_hc_K20,SBERT+HC,途牛,10010000006825,notification.other.cannot_or_fail,在首次，系统提醒位置获取时，选择拒绝，之后再次进入，不能获取位置信息,27,10010000006832,不能在聊天界面的输入框+号旁下拉获取当前位置,message_send.input_box.cannot_or_fail,途牛__C1,途牛__C8,0.112205,0,0,1,0,0,0,0
SBERT+HC__途牛__10010000006825,sbert_hc_K20,SBERT+HC,途牛,10010000006825,notification.other.cannot_or_fail,在首次，系统提醒位置获取时，选择拒绝，之后再次进入，不能获取位置信息,28,10010000006952,在首次，系统提醒位置获取时，选择拒绝，之后再次进入，不能获取位置信息，影响体验,notification.other.cannot_or_fail,途牛__C8,途牛__C8,0.937213,1,1,0,0,0,0,0
LLMCluster__途牛__10010000006825,llmcluster_glm-4-air,LLMCluster,途牛,10010000006825,notification.other.cannot_or_fail,在首次，系统提醒位置获取时，选择拒绝，之后再次进入，不能获取位置信息,1,10010000004915,用户头像选择本地图片不能修改，选择照相时可以修改，之后，本地图片也可以修改了,other.image_banner.cannot_or_fail,途牛__C29,途牛__C29,0.065285,0,0,0,0,0,0,0
LLMCluster__途牛__10010000006825,llmcluster_glm-4-air,LLMCluster,途牛,10010000006825,notification.other.cannot_or_fail,在首次，系统提醒位置获取时，选择拒绝，之后再次进入，不能获取位置信息,2,10010000003546,互相关注的人发语音，发送完毕后再次点击收听，手机会卡死，将内存清空再次进入第一次点私聊页面闪退，第二次我发送过去的消息没有历史记录。,private_chat.page_view.crash,途牛__C29,途牛__C29,0.094589,0,0,0,0,0,0,0
LLMCluster__途牛__10010000006825,llmcluster_glm-4-air,LLMCluster,途牛,10010000006825,notification.other.cannot_or_fail,在首次，系统提醒位置获取时，选择拒绝，之后再次进入，不能获取位置信息,3,10010000005796,注册必须使用手机号，不能使用邮箱等其他的信息，有泄露的风险,register.other.cannot_or_fail,途牛__C11,途牛__C29,0.028175,0,0,1,0,0,0,0
LLMCluster__途牛__10010000006825,llmcluster_glm-4-air,LLMCluster,途牛,10010000006825,notification.other.cannot_or_fail,在首次，系统提醒位置获取时，选择拒绝，之后再次进入，不能获取位置信息,4,10010000002955,私聊中发送图片，正常显示，退出私聊再次进入后，图片在聊天界面无法显示。,private_chat.page_view.cannot_or_fail,途牛__C29,途牛__C29,0.077174,0,0,0,0,0,0,0
LLMCluster__途牛__10010000006825,llmcluster_glm-4-air,LLMCluster,途牛,10010000006825,notification.other.cannot_or_fail,在首次，系统提醒位置获取时，选择拒绝，之后再次进入，不能获取位置信息,5,10010000002734,私聊界面发送图片时，选择图片时，图片无法预览,private_chat.page_view.cannot_or_fail,途牛__C29,途牛__C29,0.069459,0,0,0,0,0,0,0
LLMCluster__途牛__10010000006825,llmcluster_glm-4-air,LLMCluster,途牛,10010000006825,notification.other.cannot_or_fail,在首次，系统提醒位置获取时，选择拒绝，之后再次进入，不能获取位置信息,6,10010000004319,私聊中，添加图片时，采用照相功能进行图片添加时，图片照了之后，不进行发送，或者是图片没有照！,private_chat.image_banner.other,途牛__C1,途牛__C29,0.033187,0,0,1,0,0,0,0
LLMCluster__途牛__10010000006825,llmcluster_glm-4-air,LLMCluster,途牛,10010000006825,notification.other.cannot_or_fail,在首次，系统提醒位置获取时，选择拒绝，之后再次进入，不能获取位置信息,7,10010000002316,定位权限已被允许但是 无法获取定位信息,gps_track.gps.permission,途牛__C2,途牛__C29,0.094959,0,0,1,0,0,0,0
LLMCluster__途牛__10010000006825,llmcluster_glm-4-air,LLMCluster,途牛,10010000006825,notification.other.cannot_or_fail,在首次，系统提醒位置获取时，选择拒绝，之后再次进入，不能获取位置信息,8,10010000002179,手机gps已打开，但软件仍无法获取位置。,gps_track.gps.cannot_or_fail,途牛__C29,途牛__C29,0.151958,0,0,0,0,0,0,0
LLMCluster__途牛__10010000006825,llmcluster_glm-4-air,LLMCluster,途牛,10010000006825,notification.other.cannot_or_fail,在首次，系统提醒位置获取时，选择拒绝，之后再次进入，不能获取位置信息,9,10010000004913,聊天页面添加联系人功能位置不明确,message_send.page_view.wrong_value,途牛__C20,途牛__C29,0.063099,0,0,1,0,0,0,0
LLMCluster__途牛__10010000006825,llmcluster_glm-4-air,LLMCluster,途牛,10010000006825,notification.other.cannot_or_fail,在首次，系统提醒位置获取时，选择拒绝，之后再次进入，不能获取位置信息,10,10010000006952,在首次，系统提醒位置获取时，选择拒绝，之后再次进入，不能获取位置信息，影响体验,notification.other.cannot_or_fail,途牛__C2,途牛__C29,0.937213,1,1,1,1,1,1,1
LLMCluster__途牛__10010000006825,llmcluster_glm-4-air,LLMCluster,途牛,10010000006825,notification.other.cannot_or_fail,在首次，系统提醒位置获取时，选择拒绝，之后再次进入，不能获取位置信息,11,10010000002755,"重启途牛,再次进入刚才发送大量表情的页面时,系统卡死,异常退出。",message_send.page_view.freeze,途牛__C29,途牛__C29,0.08374,0,0,0,0,0,0,0
LLMCluster__途牛__10010000006825,llmcluster_glm-4-air,LLMCluster,途牛,10010000006825,notification.other.cannot_or_fail,在首次，系统提醒位置获取时，选择拒绝，之后再次进入，不能获取位置信息,12,10010000001801,问题描述:选择火车票往返时，选择返程时间失败,other.step.cannot_or_fail,途牛__C29,途牛__C29,0.065979,0,0,0,0,0,0,0
LLMCluster__途牛__10010000006825,llmcluster_glm-4-air,LLMCluster,途牛,10010000006825,notification.other.cannot_or_fail,在首次，系统提醒位置获取时，选择拒绝，之后再次进入，不能获取位置信息,13,10010000003034,私聊时，选择表情，会以文字描述的形式出现在输入框里，删除时，只能连续删除所有的字符才可以，需要点击四下按钮,private_chat.input_box.other,途牛__C5,途牛__C29,0.050136,0,0,1,0,0,0,0
LLMCluster__途牛__10010000006825,llmcluster_glm-4-air,LLMCluster,途牛,10010000006825,notification.other.cannot_or_fail,在首次，系统提醒位置获取时，选择拒绝，之后再次进入，不能获取位置信息,14,10010000003176,通过任务途径进入，页面无法加载出来,other.page_view.load_fail,途牛__C29,途牛__C29,0.051728,0,0,0,0,0,0,0
LLMCluster__途牛__10010000006825,llmcluster_glm-4-air,LLMCluster,途牛,10010000006825,notification.other.cannot_or_fail,在首次，系统提醒位置获取时，选择拒绝，之后再次进入，不能获取位置信息,15,10010000004300,在选择私聊用户时，a:只可以从应用推荐的用户中选择私聊对象，不能有针对性的搜索。b:私聊对象可以从推荐的用户中任意选择，这一点对被选择…,search.image_banner.cannot_or_fail,途牛__C14,途牛__C29,0.04169,0,0,1,0,0,0,0
LLMCluster__途牛__10010000006825,llmcluster_glm-4-air,LLMCluster,途牛,10010000006825,notification.other.cannot_or_fail,在首次，系统提醒位置获取时，选择拒绝，之后再次进入，不能获取位置信息,16,10010000005215,在结伴模块中，选择想去哪儿，进入搜索地点界面，选择好地点。在我想去的地点旁点击删除按钮，再点击其上的完成按钮，选择好的地点会仍然会进入…,search.button_icon.other,途牛__C29,途牛__C29,0.069594,0,0,0,0,0,0,0
LLMCluster__途牛__10010000006825,llmcluster_glm-4-air,LLMCluster,途牛,10010000006825,notification.other.cannot_or_fail,在首次，系统提醒位置获取时，选择拒绝，之后再次进入，不能获取位置信息,17,10010000002371,在未登陆途牛的情况下，进入其他用户的主页，选择发起私聊，选择动态密码登陆，填入一个未注册的手机号，然后进入注册界面，填写手机号并注册，…,register.page_view.cannot_or_fail,途牛__C7,途牛__C29,0.060731,0,0,1,0,0,0,0
LLMCluster__途牛__10010000006825,llmcluster_glm-4-air,LLMCluster,途牛,10010000006825,notification.other.cannot_or_fail,在首次，系统提醒位置获取时，选择拒绝，之后再次进入，不能获取位置信息,18,10010000007099,发布帖子，添加图片时，反应较慢，而且有的图片添加上去显示不出来。,other.list_item.display_missing,途牛__C1,途牛__C29,0.011689,0,0,1,0,0,0,0
LLMCluster__途牛__10010000006825,llmcluster_glm-4-air,LLMCluster,途牛,10010000006825,notification.other.cannot_or_fail,在首次，系统提醒位置获取时，选择拒绝，之后再次进入，不能获取位置信息,19,10010000006732,手机已打开gps但仍无法获取位置。,gps_track.gps.cannot_or_fail,途牛__C29,途牛__C29,0.162933,0,0,0,0,0,0,0
LLMCluster__途牛__10010000006825,llmcluster_glm-4-air,LLMCluster,途牛,10010000006825,notification.other.cannot_or_fail,在首次，系统提醒位置获取时，选择拒绝，之后再次进入，不能获取位置信息,20,10010000002350,进入个人页面中，上传头像照片时，选择较大点的图片上传后，程序就崩溃,other.page_view.crash,途牛__C29,途牛__C29,0.057943,0,0,0,0,0,0,0
LLMCluster__途牛__10010000006825,llmcluster_glm-4-air,LLMCluster,途牛,10010000006825,notification.other.cannot_or_fail,在首次，系统提醒位置获取时，选择拒绝，之后再次进入，不能获取位置信息,21,10010000001430,手机开启了位置服务，也给予了应用位置权限，但是还是无法获取当前城市。,other.other.permission,途牛__C29,途牛__C29,0.106025,0,0,0,0,0,0,0
LLMCluster__途牛__10010000006825,llmcluster_glm-4-air,LLMCluster,途牛,10010000006825,notification.other.cannot_or_fail,在首次，系统提醒位置获取时，选择拒绝，之后再次进入，不能获取位置信息,22,10010000003375,进入“私聊”模式，点击选择表情符号，当点击删除按钮时，不能删除整个表情，只能删除单个符号,private_chat.button_icon.cannot_delete,途牛__C5,途牛__C29,0.041775,0,0,1,0,0,0,0
LLMCluster__途牛__10010000006825,llmcluster_glm-4-air,LLMCluster,途牛,10010000006825,notification.other.cannot_or_fail,在首次，系统提醒位置获取时，选择拒绝，之后再次进入，不能获取位置信息,23,10010000003317,不能使用第三方账号登陆，其中QQ和微博登陆登陆失败，微信按钮点击无反应。,share.button_icon.cannot_or_fail,途牛__C7,途牛__C29,0.011141,0,0,1,0,0,0,0
LLMCluster__途牛__10010000006825,llmcluster_glm-4-air,LLMCluster,途牛,10010000006825,notification.other.cannot_or_fail,在首次，系统提醒位置获取时，选择拒绝，之后再次进入，不能获取位置信息,24,10010000004152,知道对方id，但没有搜索功能，不能了解对方的近日旅游信息,search.other.cannot_or_fail,途牛__C3,途牛__C29,0.029751,0,0,1,0,0,0,0
LLMCluster__途牛__10010000006825,llmcluster_glm-4-air,LLMCluster,途牛,10010000006825,notification.other.cannot_or_fail,在首次，系统提醒位置获取时，选择拒绝，之后再次进入，不能获取位置信息,25,10010000005945,给对方发送大量表情之后，推出软件再次进入聊天界面之后，点击对方软件无反应，无法进行聊天。持续点击对方，软件会闪退。,message_send.page_view.crash,途牛__C29,途牛__C29,0.070342,0,0,0,0,0,0,0
LLMCluster__途牛__10010000006825,llmcluster_glm-4-air,LLMCluster,途牛,10010000006825,notification.other.cannot_or_fail,在首次，系统提醒位置获取时，选择拒绝，之后再次进入，不能获取位置信息,26,10010000004139,除了途牛自带的表情，APP显示可以添加表情，选择添加表情并选择图片之后，系统会出现两种结果，一种是页面返回对话界面，像什么都没发生一样…,private_chat.page_view.wrong_value,途牛__C29,途牛__C29,0.072757,0,0,0,0,0,0,0
LLMCluster__途牛__10010000006825,llmcluster_glm-4-air,LLMCluster,途牛,10010000006825,notification.other.cannot_or_fail,在首次，系统提醒位置获取时，选择拒绝，之后再次进入，不能获取位置信息,27,10010000006347,支持定位以后，也不能自动检测出当前位置，不能自动定位。,gps_track.gps.cannot_or_fail,途牛__C2,途牛__C29,0.081193,0,0,1,0,0,0,0
LLMCluster__途牛__10010000006825,llmcluster_glm-4-air,LLMCluster,途牛,10010000006825,notification.other.cannot_or_fail,在首次，系统提醒位置获取时，选择拒绝，之后再次进入，不能获取位置信息,28,10010000006832,不能在聊天界面的输入框+号旁下拉获取当前位置,message_send.input_box.cannot_or_fail,途牛__C2,途牛__C29,0.112205,0,0,1,0,0,0,0
LLMCluster__途牛__10010000006825,llmcluster_glm-4-air,LLMCluster,途牛,10010000006825,notification.other.cannot_or_fail,在首次，系统提醒位置获取时，选择拒绝，之后再次进入，不能获取位置信息,29,10010000003175,在选择图片时，出现卡顿现象，之后出现闪退。,other.image_banner.crash,途牛__C29,途牛__C29,0.07422,0,0,0,0,0,0,0
LLMCluster__途牛__10010000006825,llmcluster_glm-4-air,LLMCluster,途牛,10010000006825,notification.other.cannot_or_fail,在首次，系统提醒位置获取时，选择拒绝，之后再次进入，不能获取位置信息,30,10010000004830,聊天好友改了昵称之后在聊天界面有的不显示改完后的昵称，只有在个人主页才能看到改完后的昵称。有时候系统会自动闪退再次进入时有的聊天好友的…,message_send.page_view.crash,途牛__C29,途牛__C29,0.066173,0,0,0,0,0,0,0
LLMCluster__途牛__10010000006825,llmcluster_glm-4-air,LLMCluster,途牛,10010000006825,notification.other.cannot_or_fail,在首次，系统提醒位置获取时，选择拒绝，之后再次进入，不能获取位置信息,31,10010000003188,获取我的定位权限之后，不能准确定位,gps_track.gps.permission,途牛__C29,途牛__C29,0.131658,0,0,0,0,0,0,0
LLMCluster__途牛__10010000006825,llmcluster_glm-4-air,LLMCluster,途牛,10010000006825,notification.other.cannot_or_fail,在首次，系统提醒位置获取时，选择拒绝，之后再次进入，不能获取位置信息,32,10010000005744,定位当前位置，“无法获取您的位置，请开启定位服务”,gps_track.gps.cannot_or_fail,途牛__C29,途牛__C29,0.142082,0,0,0,0,0,0,0
LLMCluster__途牛__10010000006825,llmcluster_glm-4-air,LLMCluster,途牛,10010000006825,notification.other.cannot_or_fail,在首次，系统提醒位置获取时，选择拒绝，之后再次进入，不能获取位置信息,33,10010000004236,语音信息第一次接收的是正确的，之后接收的都是第一次听到的那个语音，而且重启程序并不能解决问题。,playback.audio.cannot_or_fail,途牛__C23,途牛__C29,0.0529,0,0,1,0,0,0,0
LLMCluster__途牛__10010000006825,llmcluster_glm-4-air,LLMCluster,途牛,10010000006825,notification.other.cannot_or_fail,在首次，系统提醒位置获取时，选择拒绝，之后再次进入，不能获取位置信息,34,10010000003144,当发送的信息太长时，有闪退现象。再次启动时，打开长信息对话框会出现卡顿现象,message_send.other.crash,途牛__C1,途牛__C29,0.048294,0,0,1,0,0,0,0
LLMCluster__途牛__10010000006825,llmcluster_glm-4-air,LLMCluster,途牛,10010000006825,notification.other.cannot_or_fail,在首次，系统提醒位置获取时，选择拒绝，之后再次进入，不能获取位置信息,35,10010000004390,登录界面提供动态密码登录，但未注册用户登录时，点击获取动态密码，闪现用户未注册之后就出现加载中，直到用户点击手机屏幕才消失,register.page_view.other,途牛__C11,途牛__C29,0.048786,0,0,1,0,0,0,0
TFIDF+HC__途牛__10010000005172,tfidf_hc_K20,TFIDF+HC,途牛,10010000005172,other.image_banner.cannot_or_fail,图片存储在相应路径下，与手机相册没有绑定，无法在手机相册查看存储的图。,1,10010000002860,选择图片时，无法实时更新，手机图库里有的照片，选择的时候找不到,other.image_banner.cannot_or_fail,途牛__C4,途牛__C4,0.062826,1,1,0,0,0,0,0
TFIDF+HC__途牛__10010000005172,tfidf_hc_K20,TFIDF+HC,途牛,10010000005172,other.image_banner.cannot_or_fail,图片存储在相应路径下，与手机相册没有绑定，无法在手机相册查看存储的图。,2,10010000007006,在进入对话后，无法查看对方的信息(点击对方用户名不能跳转到对方的页面),other.page_view.cannot_or_fail,途牛__C12,途牛__C4,0.033251,0,1,1,0,0,0,0
TFIDF+HC__途牛__10010000005172,tfidf_hc_K20,TFIDF+HC,途牛,10010000005172,other.image_banner.cannot_or_fail,图片存储在相应路径下，与手机相册没有绑定，无法在手机相册查看存储的图。,3,10010000005642,vivo x5max在网络良好且未登录的的情况下，与好友进行聊天时登陆账户，偶现图片验证码一直刷不出来，重启app时，可以看到图片验证码。,login.image_banner.other,途牛__C4,途牛__C4,0.045133,0,0,0,0,0,0,0
TFIDF+HC__途牛__10010000005172,tfidf_hc_K20,TFIDF+HC,途牛,10010000005172,other.image_banner.cannot_or_fail,图片存储在相应路径下，与手机相册没有绑定，无法在手机相册查看存储的图。,4,10010000004513,未登录时，无法与陌生人私聊，使用手机动态登陆,login.chat.cannot_or_fail,途牛__C5,途牛__C4,0.059299,0,0,1,0,0,0,0
TFIDF+HC__途牛__10010000005172,tfidf_hc_K20,TFIDF+HC,途牛,10010000005172,other.image_banner.cannot_or_fail,图片存储在相应路径下，与手机相册没有绑定，无法在手机相册查看存储的图。,5,10010000004676,原先私聊别人的表情，语音，图片在手机屏幕的左侧出现，误以为别人回消息了，实际上是自己上一次的发的消息,private_chat.image_banner.other,途牛__C12,途牛__C4,0.050673,0,0,1,0,0,0,0
TFIDF+HC__途牛__10010000005172,tfidf_hc_K20,TFIDF+HC,途牛,10010000005172,other.image_banner.cannot_or_fail,图片存储在相应路径下，与手机相册没有绑定，无法在手机相册查看存储的图。,6,10010000004593,表情收藏:只能收藏本地相册中的图片，而且不能选择原图，因此图片容易失真,other.image_banner.cannot_or_fail,途牛__C4,途牛__C4,0.067786,1,1,0,0,0,0,0
TFIDF+HC__途牛__10010000005172,tfidf_hc_K20,TFIDF+HC,途牛,10010000005172,other.image_banner.cannot_or_fail,图片存储在相应路径下，与手机相册没有绑定，无法在手机相册查看存储的图。,7,10010000006831,带的输入法里面存储的表情不能发，发出来显示乱码,other.other.cannot_send,途牛__C4,途牛__C4,0.11452,0,1,0,0,0,0,0
TFIDF+HC__途牛__10010000005172,tfidf_hc_K20,TFIDF+HC,途牛,10010000005172,other.image_banner.cannot_or_fail,图片存储在相应路径下，与手机相册没有绑定，无法在手机相册查看存储的图。,8,10010000006222,使用手机APP注册时。必须要使用手机注册，等同于泄露手机号,register.other.other,途牛__C5,途牛__C4,0.084406,0,0,1,0,0,0,0
TFIDF+HC__途牛__10010000005172,tfidf_hc_K20,TFIDF+HC,途牛,10010000005172,other.image_banner.cannot_or_fail,图片存储在相应路径下，与手机相册没有绑定，无法在手机相册查看存储的图。,9,10010000002519,"新用户在使用手机号注册途牛时，手机号填写不正确，不给提示“手机格式正确”，直接显示已发送验证码,导致用户无法收到验证码，还得从头检查哪里错了",register.other.wrong_value,途牛__C5,途牛__C4,0.058485,0,0,1,0,0,0,0
TFIDF+HC__途牛__10010000005172,tfidf_hc_K20,TFIDF+HC,途牛,10010000005172,other.image_banner.cannot_or_fail,图片存储在相应路径下，与手机相册没有绑定，无法在手机相册查看存储的图。,10,10010000006527,可以修改昵称，但是无法更改自己所选的图片做头像。影响客户体验。,other.image_banner.cannot_or_fail,途牛__C5,途牛__C4,0.024942,1,1,1,1,1,1,1
TFIDF+HC__途牛__10010000005172,tfidf_hc_K20,TFIDF+HC,途牛,10010000005172,other.image_banner.cannot_or_fail,图片存储在相应路径下，与手机相册没有绑定，无法在手机相册查看存储的图。,11,10010000006513,火车票定购，无法搜索到，火车票，高速，普通，都无法搜索，无法进行网上搜索和购票。,search.other.cannot_or_fail,途牛__C10,途牛__C4,0.033044,0,0,1,0,0,0,0
TFIDF+HC__途牛__10010000005172,tfidf_hc_K20,TFIDF+HC,途牛,10010000005172,other.image_banner.cannot_or_fail,图片存储在相应路径下，与手机相册没有绑定，无法在手机相册查看存储的图。,12,10010000002468,要建立与已经关注人的私聊路径，但是没有出现联系人列表，只有最近联系人列表，无法建立新的私聊路径。要与已经关注的人建立私聊路径，只能通过…,private_chat.list_item.cannot_or_fail,途牛__C1,途牛__C4,0.060537,0,0,1,0,0,0,0
TFIDF+HC__途牛__10010000005172,tfidf_hc_K20,TFIDF+HC,途牛,10010000005172,other.image_banner.cannot_or_fail,图片存储在相应路径下，与手机相册没有绑定，无法在手机相册查看存储的图。,13,10010000005349,图片加载不出，不能完全加载手机相册中的图片，但是通过点击预览可以查看未加载的图片,other.image_banner.cannot_or_fail,途牛__C4,途牛__C4,0.174671,1,1,0,0,0,0,0
TFIDF+HC__途牛__10010000005172,tfidf_hc_K20,TFIDF+HC,途牛,10010000005172,other.image_banner.cannot_or_fail,图片存储在相应路径下，与手机相册没有绑定，无法在手机相册查看存储的图。,14,10010000002371,在未登陆途牛的情况下，进入其他用户的主页，选择发起私聊，选择动态密码登陆，填入一个未注册的手机号，然后进入注册界面，填写手机号并注册，…,register.page_view.cannot_or_fail,途牛__C5,途牛__C4,0.063048,0,0,1,0,0,0,0
TFIDF+HC__途牛__10010000005172,tfidf_hc_K20,TFIDF+HC,途牛,10010000005172,other.image_banner.cannot_or_fail,图片存储在相应路径下，与手机相册没有绑定，无法在手机相册查看存储的图。,15,10010000004946,发送的表情足够多了，无法发送，直接闪退，再次发起私聊无法相应到服务器。,private_chat.chat.crash,途牛__C4,途牛__C4,0.04934,0,0,0,0,0,0,0
TFIDF+HC__途牛__10010000005172,tfidf_hc_K20,TFIDF+HC,途牛,10010000005172,other.image_banner.cannot_or_fail,图片存储在相应路径下，与手机相册没有绑定，无法在手机相册查看存储的图。,16,10010000002985,没有查询用户功能，无法进行查询用户、关注用户。用户想关注自己认识的好友，无法进行查询！,other.chat.cannot_or_fail,途牛__C1,途牛__C4,0.037666,0,1,1,0,0,0,0
TFIDF+HC__途牛__10010000005172,tfidf_hc_K20,TFIDF+HC,途牛,10010000005172,other.image_banner.cannot_or_fail,图片存储在相应路径下，与手机相册没有绑定，无法在手机相册查看存储的图。,17,10010000006525,用户修改昵称后，无法在私聊界面显示,private_chat.page_view.cannot_or_fail,途牛__C5,途牛__C4,0.067902,0,0,1,0,0,0,0
TFIDF+HC__途牛__10010000005172,tfidf_hc_K20,TFIDF+HC,途牛,10010000005172,other.image_banner.cannot_or_fail,图片存储在相应路径下，与手机相册没有绑定，无法在手机相册查看存储的图。,18,10010000006329,他人发来的图片或表情无法直接收藏，只能先保存到手机,other.image_banner.cannot_or_fail,途牛__C4,途牛__C4,0.067993,1,1,0,0,0,0,0
TFIDF+HC__途牛__10010000005172,tfidf_hc_K20,TFIDF+HC,途牛,10010000005172,other.image_banner.cannot_or_fail,图片存储在相应路径下，与手机相册没有绑定，无法在手机相册查看存储的图。,19,10010000005649,"在测试发送表情时,点击表情里的加号,跳转到相册里选择其他图片,此时退出相册,会有小概率复现闪退的现象，截图为闪退后截的图以证明（自动退…",message_send.page_view.crash,途牛__C4,途牛__C4,0.072212,0,0,0,0,0,0,0
TFIDF+HC__途牛__10010000005172,tfidf_hc_K20,TFIDF+HC,途牛,10010000005172,other.image_banner.cannot_or_fail,图片存储在相应路径下，与手机相册没有绑定，无法在手机相册查看存储的图。,20,10010000003687,头像无法更换，无法正常选择并保存，提示“无法保存裁剪的图片。”,other.image_banner.cannot_or_fail,途牛__C4,途牛__C4,0.065748,1,1,0,0,0,0,0
TFIDF+HC__途牛__10010000005172,tfidf_hc_K20,TFIDF+HC,途牛,10010000005172,other.image_banner.cannot_or_fail,图片存储在相应路径下，与手机相册没有绑定，无法在手机相册查看存储的图。,21,10010000003925,定位。 发布帖子时，无法定位，无法发布帖子。,gps_track.list_item.cannot_or_fail,途牛__C10,途牛__C4,0.044641,0,0,1,0,0,0,0
TFIDF+HC__途牛__10010000005172,tfidf_hc_K20,TFIDF+HC,途牛,10010000005172,other.image_banner.cannot_or_fail,图片存储在相应路径下，与手机相册没有绑定，无法在手机相册查看存储的图。,22,10010000007181,用户无法在通讯录中添加旅游好友结伴旅游，我们在测试时都得先发个微游记，才能找到关注的对象，而没有直接通过手机联系人添加功能,other.chat.cannot_or_fail,途牛__C1,途牛__C4,0.046326,0,1,1,0,0,0,0
TFIDF+HC__途牛__10010000005172,tfidf_hc_K20,TFIDF+HC,途牛,10010000005172,other.image_banner.cannot_or_fail,图片存储在相应路径下，与手机相册没有绑定，无法在手机相册查看存储的图。,23,10010000003264,在手机静音模式下，发送语音无法收听。,message_send.audio.cannot_or_fail,途牛__C18,途牛__C4,0.090275,0,0,1,0,0,0,0
TFIDF+HC__途牛__10010000005172,tfidf_hc_K20,TFIDF+HC,途牛,10010000005172,other.image_banner.cannot_or_fail,图片存储在相应路径下，与手机相册没有绑定，无法在手机相册查看存储的图。,24,10010000006371,搜索当地门票，搜索不到，无法正常搜寻门票，进行购票活动，无法达到预期效果。,search.other.cannot_or_fail,途牛__C10,途牛__C4,0.026966,0,0,1,0,0,0,0
TFIDF+HC__途牛__10010000005172,tfidf_hc_K20,TFIDF+HC,途牛,10010000005172,other.image_banner.cannot_or_fail,图片存储在相应路径下，与手机相册没有绑定，无法在手机相册查看存储的图。,25,10010000005302,当进入一个页面之后很久才能显示出相应的图片，用户体验较差，应改进布局，以及图片显示方式！,other.page_view.layout_issue,途牛__C5,途牛__C4,0.048423,0,1,1,0,0,0,0
TFIDF+HC__途牛__10010000005172,tfidf_hc_K20,TFIDF+HC,途牛,10010000005172,other.image_banner.cannot_or_fail,图片存储在相应路径下，与手机相册没有绑定，无法在手机相册查看存储的图。,26,10010000003094,在手机定位工作正常的情况下，无法获取定位。,gps_track.gps.cannot_or_fail,途牛__C10,途牛__C4,0.105947,0,0,1,0,0,0,0
TFIDF+HC__途牛__10010000005172,tfidf_hc_K20,TFIDF+HC,途牛,10010000005172,other.image_banner.cannot_or_fail,图片存储在相应路径下，与手机相册没有绑定，无法在手机相册查看存储的图。,27,10010000002056,注册界面只能用手机注册，但是登录界面却提示可以使用手机号邮箱等,register.page_view.other,途牛__C5,途牛__C4,0.065239,0,0,1,0,0,0,0
TFIDF+HC__途牛__10010000005172,tfidf_hc_K20,TFIDF+HC,途牛,10010000005172,other.image_banner.cannot_or_fail,图片存储在相应路径下，与手机相册没有绑定，无法在手机相册查看存储的图。,28,10010000005149,图片多次保存未提示已存在，相册无法找到该图片，得到指定路径找，体验麻烦。,other.image_banner.no_prompt,途牛__C4,途牛__C4,0.10943,0,1,0,0,0,0,0
TFIDF+HC__途牛__10010000005172,tfidf_hc_K20,TFIDF+HC,途牛,10010000005172,other.image_banner.cannot_or_fail,图片存储在相应路径下，与手机相册没有绑定，无法在手机相册查看存储的图。,29,10010000006198,未登录时，无法与他人私聊，必须使用手机动态登录,login.chat.cannot_or_fail,途牛__C5,途牛__C4,0.056547,0,0,1,0,0,0,0
TFIDF+HC__途牛__10010000005172,tfidf_hc_K20,TFIDF+HC,途牛,10010000005172,other.image_banner.cannot_or_fail,图片存储在相应路径下，与手机相册没有绑定，无法在手机相册查看存储的图。,30,10010000004932,乐视手机，语音内容为杂间，无法正确传送语音内容,playback.audio.cannot_or_fail,途牛__C18,途牛__C4,0.043101,0,0,1,0,0,0,0
TFIDF+HC__途牛__10010000005172,tfidf_hc_K20,TFIDF+HC,途牛,10010000005172,other.image_banner.cannot_or_fail,图片存储在相应路径下，与手机相册没有绑定，无法在手机相册查看存储的图。,31,10010000006146,头像，在使用相册图片时无法保存到截图头像,other.image_banner.cannot_or_fail,途牛__C4,途牛__C4,0.098116,1,1,0,0,0,0,0
SBERT+HC__途牛__10010000005172,sbert_hc_K20,SBERT+HC,途牛,10010000005172,other.image_banner.cannot_or_fail,图片存储在相应路径下，与手机相册没有绑定，无法在手机相册查看存储的图。,1,10010000005629,"同一个手机上，可以用不同的账号登陆， 但是不能共享私聊的对象和信息，图片中显示了之前聊天的对象以及聊天内容。 所谓的""私聊""便不是私聊…",private_chat.image_banner.cannot_or_fail,途牛__C1,途牛__C0,0.025279,0,0,1,0,0,0,0
SBERT+HC__途牛__10010000005172,sbert_hc_K20,SBERT+HC,途牛,10010000005172,other.image_banner.cannot_or_fail,图片存储在相应路径下，与手机相册没有绑定，无法在手机相册查看存储的图。,2,10010000005144,"手机截屏后无法分享到朋友圈,QQ或微博",share.share_panel.cannot_share,途牛__C1,途牛__C0,0.03655,0,0,1,0,0,0,0
SBERT+HC__途牛__10010000005172,sbert_hc_K20,SBERT+HC,途牛,10010000005172,other.image_banner.cannot_or_fail,图片存储在相应路径下，与手机相册没有绑定，无法在手机相册查看存储的图。,3,10010000005149,图片多次保存未提示已存在，相册无法找到该图片，得到指定路径找，体验麻烦。,other.image_banner.no_prompt,途牛__C0,途牛__C0,0.10943,0,1,0,0,0,0,0
SBERT+HC__途牛__10010000005172,sbert_hc_K20,SBERT+HC,途牛,10010000005172,other.image_banner.cannot_or_fail,图片存储在相应路径下，与手机相册没有绑定，无法在手机相册查看存储的图。,4,10010000005947,长时间使用后出现图片视图加载不出的情况，联系人头像也加载不出，可以登录且网络信号良好。,login.image_banner.other,途牛__C0,途牛__C0,0.014617,0,0,0,0,0,0,0
SBERT+HC__途牛__10010000005172,sbert_hc_K20,SBERT+HC,途牛,10010000005172,other.image_banner.cannot_or_fail,图片存储在相应路径下，与手机相册没有绑定，无法在手机相册查看存储的图。,5,10010000001430,手机开启了位置服务，也给予了应用位置权限，但是还是无法获取当前城市。,other.other.permission,途牛__C8,途牛__C0,0.030872,0,1,1,0,0,0,0
SBERT+HC__途牛__10010000005172,sbert_hc_K20,SBERT+HC,途牛,10010000005172,other.image_banner.cannot_or_fail,图片存储在相应路径下，与手机相册没有绑定，无法在手机相册查看存储的图。,6,10010000006527,可以修改昵称，但是无法更改自己所选的图片做头像。影响客户体验。,other.image_banner.cannot_or_fail,途牛__C14,途牛__C0,0.024942,1,1,1,1,1,1,1
SBERT+HC__途牛__10010000005172,sbert_hc_K20,SBERT+HC,途牛,10010000005172,other.image_banner.cannot_or_fail,图片存储在相应路径下，与手机相册没有绑定，无法在手机相册查看存储的图。,7,10010000000825,个人资料设置中设置头像时无法获取本地照片！,settings.page_view.cannot_or_fail,途牛__C0,途牛__C0,0.010503,0,0,0,0,0,0,0
SBERT+HC__途牛__10010000005172,sbert_hc_K20,SBERT+HC,途牛,10010000005172,other.image_banner.cannot_or_fail,图片存储在相应路径下，与手机相册没有绑定，无法在手机相册查看存储的图。,8,10010000006222,使用手机APP注册时。必须要使用手机注册，等同于泄露手机号,register.other.other,途牛__C1,途牛__C0,0.084406,0,0,1,0,0,0,0
SBERT+HC__途牛__10010000005172,sbert_hc_K20,SBERT+HC,途牛,10010000005172,other.image_banner.cannot_or_fail,图片存储在相应路径下，与手机相册没有绑定，无法在手机相册查看存储的图。,9,10010000007181,用户无法在通讯录中添加旅游好友结伴旅游，我们在测试时都得先发个微游记，才能找到关注的对象，而没有直接通过手机联系人添加功能,other.chat.cannot_or_fail,途牛__C1,途牛__C0,0.046326,0,1,1,0,0,0,0
SBERT+HC__途牛__10010000005172,sbert_hc_K20,SBERT+HC,途牛,10010000005172,other.image_banner.cannot_or_fail,图片存储在相应路径下，与手机相册没有绑定，无法在手机相册查看存储的图。,10,10010000004088,个人资料的手机号主界面可以直接显示出来，点击手机号却不可以看到，应该两边都不能,other.page_view.cannot_or_fail,途牛__C1,途牛__C0,0.049484,0,1,1,0,0,0,0
SBERT+HC__途牛__10010000005172,sbert_hc_K20,SBERT+HC,途牛,10010000005172,other.image_banner.cannot_or_fail,图片存储在相应路径下，与手机相册没有绑定，无法在手机相册查看存储的图。,11,10010000005349,图片加载不出，不能完全加载手机相册中的图片，但是通过点击预览可以查看未加载的图片,other.image_banner.cannot_or_fail,途牛__C0,途牛__C0,0.174671,1,1,0,0,0,0,0
SBERT+HC__途牛__10010000005172,sbert_hc_K20,SBERT+HC,途牛,10010000005172,other.image_banner.cannot_or_fail,图片存储在相应路径下，与手机相册没有绑定，无法在手机相册查看存储的图。,12,10010000005393,接受到的图片只能删除 不能转发 要点击图片，右上角的菜单保存，容易忽略，对需要的图片不能进行所需要的处理。,other.image_banner.cannot_or_fail,途牛__C0,途牛__C0,0.042566,1,1,0,0,0,0,0
SBERT+HC__途牛__10010000005172,sbert_hc_K20,SBERT+HC,途牛,10010000005172,other.image_banner.cannot_or_fail,图片存储在相应路径下，与手机相册没有绑定，无法在手机相册查看存储的图。,13,10010000003527,在私聊发送图片时应用崩溃退出，该BUG偶尔出现，并且无规律。,private_chat.image_banner.crash,途牛__C1,途牛__C0,0.021392,0,0,1,0,0,0,0
SBERT+HC__途牛__10010000005172,sbert_hc_K20,SBERT+HC,途牛,10010000005172,other.image_banner.cannot_or_fail,图片存储在相应路径下，与手机相册没有绑定，无法在手机相册查看存储的图。,14,10010000002740,严重问题，将图片聊天记录清空后，无法再进入私聊界面。可能是从服务器下载图片需要时间，当还没有下载完全的时候，就调用控件的设置方法，将图…,private_chat.page_view.crash,途牛__C0,途牛__C0,0.038798,0,0,0,0,0,0,0
SBERT+HC__途牛__10010000005172,sbert_hc_K20,SBERT+HC,途牛,10010000005172,other.image_banner.cannot_or_fail,图片存储在相应路径下，与手机相册没有绑定，无法在手机相册查看存储的图。,15,10010000006146,头像，在使用相册图片时无法保存到截图头像,other.image_banner.cannot_or_fail,途牛__C0,途牛__C0,0.098116,1,1,0,0,0,0,0
SBERT+HC__途牛__10010000005172,sbert_hc_K20,SBERT+HC,途牛,10010000005172,other.image_banner.cannot_or_fail,图片存储在相应路径下，与手机相册没有绑定，无法在手机相册查看存储的图。,16,10010000003263,私聊中发送图片时，图片选择列表长时间无法预览本地图片。,private_chat.list_item.cannot_or_fail,途牛__C0,途牛__C0,0.042836,0,0,0,0,0,0,0
SBERT+HC__途牛__10010000005172,sbert_hc_K20,SBERT+HC,途牛,10010000005172,other.image_banner.cannot_or_fail,图片存储在相应路径下，与手机相册没有绑定，无法在手机相册查看存储的图。,17,10010000002734,私聊界面发送图片时，选择图片时，图片无法预览,private_chat.page_view.cannot_or_fail,途牛__C0,途牛__C0,0.050207,0,0,0,0,0,0,0
SBERT+HC__途牛__10010000005172,sbert_hc_K20,SBERT+HC,途牛,10010000005172,other.image_banner.cannot_or_fail,图片存储在相应路径下，与手机相册没有绑定，无法在手机相册查看存储的图。,18,10010000005243,对于私聊中的图片只能选择保存到手机中，不能进行其他对图片的处理。,private_chat.image_banner.cannot_or_fail,途牛__C0,途牛__C0,0.06505,0,0,0,0,0,0,0
SBERT+HC__途牛__10010000005172,sbert_hc_K20,SBERT+HC,途牛,10010000005172,other.image_banner.cannot_or_fail,图片存储在相应路径下，与手机相册没有绑定，无法在手机相册查看存储的图。,19,10010000006719,断网后图片发不出去，但联上网络后图片不能自动恢复发送,message_send.image_banner.cannot_send,途牛__C0,途牛__C0,0.021896,0,0,0,0,0,0,0
SBERT+HC__途牛__10010000005172,sbert_hc_K20,SBERT+HC,途牛,10010000005172,other.image_banner.cannot_or_fail,图片存储在相应路径下，与手机相册没有绑定，无法在手机相册查看存储的图。,20,10010000004349,即使对于此APP开启定位功能，依然在使用时无法自动定位，需要手动定位。,gps_track.gps.cannot_or_fail,途牛__C8,途牛__C0,0.026539,0,0,1,0,0,0,0
SBERT+HC__途牛__10010000005172,sbert_hc_K20,SBERT+HC,途牛,10010000005172,other.image_banner.cannot_or_fail,图片存储在相应路径下，与手机相册没有绑定，无法在手机相册查看存储的图。,21,10010000005904,手机上方私聊提示窗口点击无法进入私聊界面,private_chat.page_view.load_fail,途牛__C1,途牛__C0,0.039247,0,0,1,0,0,0,0
SBERT+HC__途牛__10010000005172,sbert_hc_K20,SBERT+HC,途牛,10010000005172,other.image_banner.cannot_or_fail,图片存储在相应路径下，与手机相册没有绑定，无法在手机相册查看存储的图。,22,10010000004340,接收好友的图片，手机不同，图片可能加载不出来，有的可以，有的不行,other.image_banner.load_fail,途牛__C0,途牛__C0,0.057102,0,1,0,0,0,0,0
SBERT+HC__途牛__10010000005172,sbert_hc_K20,SBERT+HC,途牛,10010000005172,other.image_banner.cannot_or_fail,图片存储在相应路径下，与手机相册没有绑定，无法在手机相册查看存储的图。,23,10010000006732,手机已打开gps但仍无法获取位置。,gps_track.gps.cannot_or_fail,途牛__C8,途牛__C0,0.039956,0,0,1,0,0,0,0
SBERT+HC__途牛__10010000005172,sbert_hc_K20,SBERT+HC,途牛,10010000005172,other.image_banner.cannot_or_fail,图片存储在相应路径下，与手机相册没有绑定，无法在手机相册查看存储的图。,24,10010000006329,他人发来的图片或表情无法直接收藏，只能先保存到手机,other.image_banner.cannot_or_fail,途牛__C0,途牛__C0,0.067993,1,1,0,0,0,0,0
SBERT+HC__途牛__10010000005172,sbert_hc_K20,SBERT+HC,途牛,10010000005172,other.image_banner.cannot_or_fail,图片存储在相应路径下，与手机相册没有绑定，无法在手机相册查看存储的图。,25,10010000003094,在手机定位工作正常的情况下，无法获取定位。,gps_track.gps.cannot_or_fail,途牛__C8,途牛__C0,0.105947,0,0,1,0,0,0,0
SBERT+HC__途牛__10010000005172,sbert_hc_K20,SBERT+HC,途牛,10010000005172,other.image_banner.cannot_or_fail,图片存储在相应路径下，与手机相册没有绑定，无法在手机相册查看存储的图。,26,10010000006162,联系人列表没有做在线与否的判断，不能根据在线与否的情况提供不同的头像视图（或其他易理解的区别证据）。,other.list_item.cannot_or_fail,途牛__C18,途牛__C0,0.02075,0,1,1,0,0,0,0
SBERT+HC__途牛__10010000005172,sbert_hc_K20,SBERT+HC,途牛,10010000005172,other.image_banner.cannot_or_fail,图片存储在相应路径下，与手机相册没有绑定，无法在手机相册查看存储的图。,27,10010000004162,图片虽可以保存到本地，但不能收藏图片,other.image_banner.cannot_or_fail,途牛__C0,途牛__C0,0.042564,1,1,0,0,0,0,0
SBERT+HC__途牛__10010000005172,sbert_hc_K20,SBERT+HC,途牛,10010000005172,other.image_banner.cannot_or_fail,图片存储在相应路径下，与手机相册没有绑定，无法在手机相册查看存储的图。,28,10010000005033,无法设置图片保存位置，只能保存到默认位置,settings.page_view.cannot_or_fail,途牛__C0,途牛__C0,0.046402,0,0,0,0,0,0,0
SBERT+HC__途牛__10010000005172,sbert_hc_K20,SBERT+HC,途牛,10010000005172,other.image_banner.cannot_or_fail,图片存储在相应路径下，与手机相册没有绑定，无法在手机相册查看存储的图。,29,10010000004092,我的行程界面，手机已允许定位，但目的地无法定位。,gps_track.page_view.cannot_or_fail,途牛__C8,途牛__C0,0.045756,0,0,1,0,0,0,0
SBERT+HC__途牛__10010000005172,sbert_hc_K20,SBERT+HC,途牛,10010000005172,other.image_banner.cannot_or_fail,图片存储在相应路径下，与手机相册没有绑定，无法在手机相册查看存储的图。,30,10010000006667,在私聊中 不能使用其他的url地址的图片,private_chat.image_banner.cannot_or_fail,途牛__C1,途牛__C0,0.024969,0,0,1,0,0,0,0
SBERT+HC__途牛__10010000005172,sbert_hc_K20,SBERT+HC,途牛,10010000005172,other.image_banner.cannot_or_fail,图片存储在相应路径下，与手机相册没有绑定，无法在手机相册查看存储的图。,31,10010000002860,选择图片时，无法实时更新，手机图库里有的照片，选择的时候找不到,other.image_banner.cannot_or_fail,途牛__C0,途牛__C0,0.062826,1,1,0,0,0,0,0
SBERT+HC__途牛__10010000005172,sbert_hc_K20,SBERT+HC,途牛,10010000005172,other.image_banner.cannot_or_fail,图片存储在相应路径下，与手机相册没有绑定，无法在手机相册查看存储的图。,32,10010000005302,当进入一个页面之后很久才能显示出相应的图片，用户体验较差，应改进布局，以及图片显示方式！,other.page_view.layout_issue,途牛__C5,途牛__C0,0.048423,0,1,1,0,0,0,0
SBERT+HC__途牛__10010000005172,sbert_hc_K20,SBERT+HC,途牛,10010000005172,other.image_banner.cannot_or_fail,图片存储在相应路径下，与手机相册没有绑定，无法在手机相册查看存储的图。,33,10010000004676,原先私聊别人的表情，语音，图片在手机屏幕的左侧出现，误以为别人回消息了，实际上是自己上一次的发的消息,private_chat.image_banner.other,途牛__C1,途牛__C0,0.050673,0,0,1,0,0,0,0
SBERT+HC__途牛__10010000005172,sbert_hc_K20,SBERT+HC,途牛,10010000005172,other.image_banner.cannot_or_fail,图片存储在相应路径下，与手机相册没有绑定，无法在手机相册查看存储的图。,34,10010000004545,无法定位，手机开了定位，软件定位权限也开了。之前下载了最新版本途牛可以定位，这个版本不可以,gps_track.gps.permission,途牛__C8,途牛__C0,0.035435,0,0,1,0,0,0,0
SBERT+HC__途牛__10010000005172,sbert_hc_K20,SBERT+HC,途牛,10010000005172,other.image_banner.cannot_or_fail,图片存储在相应路径下，与手机相册没有绑定，无法在手机相册查看存储的图。,35,10010000004008,未互相关注和相互关注进行私聊时，点进用户发来的图片查看大图时，点击保存到手机实际并未保存,private_chat.image_banner.other,途牛__C0,途牛__C0,0.090445,0,0,0,0,0,0,0
SBERT+HC__途牛__10010000005172,sbert_hc_K20,SBERT+HC,途牛,10010000005172,other.image_banner.cannot_or_fail,图片存储在相应路径下，与手机相册没有绑定，无法在手机相册查看存储的图。,36,10010000002179,手机gps已打开，但软件仍无法获取位置。,gps_track.gps.cannot_or_fail,途牛__C8,途牛__C0,0.037723,0,0,1,0,0,0,0
LLMCluster__途牛__10010000005172,llmcluster_glm-4-air,LLMCluster,途牛,10010000005172,other.image_banner.cannot_or_fail,图片存储在相应路径下，与手机相册没有绑定，无法在手机相册查看存储的图。,1,10010000003401,无法通过搜索昵称或手机号直接找到想要关注的用户。,search.other.cannot_or_fail,途牛__C3,途牛__C29,0.036963,0,0,1,0,0,0,0
LLMCluster__途牛__10010000005172,llmcluster_glm-4-air,LLMCluster,途牛,10010000005172,other.image_banner.cannot_or_fail,图片存储在相应路径下，与手机相册没有绑定，无法在手机相册查看存储的图。,2,10010000006831,带的输入法里面存储的表情不能发，发出来显示乱码,other.other.cannot_send,途牛__C29,途牛__C29,0.11452,0,1,0,0,0,0,0
LLMCluster__途牛__10010000005172,llmcluster_glm-4-air,LLMCluster,途牛,10010000005172,other.image_banner.cannot_or_fail,图片存储在相应路径下，与手机相册没有绑定，无法在手机相册查看存储的图。,3,10010000003687,头像无法更换，无法正常选择并保存，提示“无法保存裁剪的图片。”,other.image_banner.cannot_or_fail,途牛__C29,途牛__C29,0.065748,1,1,0,0,0,0,0
LLMCluster__途牛__10010000005172,llmcluster_glm-4-air,LLMCluster,途牛,10010000005172,other.image_banner.cannot_or_fail,图片存储在相应路径下，与手机相册没有绑定，无法在手机相册查看存储的图。,4,10010000006926,想和我关注的人建立私聊，找了好久都没找见我的关注在哪里，最后发现是在消息—>互动状态里，与系统的通知是并列的，且没有相关的图标指明。这…,private_chat.button_icon.other,途牛__C14,途牛__C29,0.038855,0,0,1,0,0,0,0
LLMCluster__途牛__10010000005172,llmcluster_glm-4-air,LLMCluster,途牛,10010000005172,other.image_banner.cannot_or_fail,图片存储在相应路径下，与手机相册没有绑定，无法在手机相册查看存储的图。,5,10010000004513,未登录时，无法与陌生人私聊，使用手机动态登陆,login.chat.cannot_or_fail,途牛__C29,途牛__C29,0.059299,0,0,0,0,0,0,0
LLMCluster__途牛__10010000005172,llmcluster_glm-4-air,LLMCluster,途牛,10010000005172,other.image_banner.cannot_or_fail,图片存储在相应路径下，与手机相册没有绑定，无法在手机相册查看存储的图。,6,10010000005258,无法设置备注，很多联系人只有一些随机号同时没有头像，无法辨认,settings.page_view.cannot_or_fail,途牛__C3,途牛__C29,0.03794,0,0,1,0,0,0,0
LLMCluster__途牛__10010000005172,llmcluster_glm-4-air,LLMCluster,途牛,10010000005172,other.image_banner.cannot_or_fail,图片存储在相应路径下，与手机相册没有绑定，无法在手机相册查看存储的图。,7,10010000002860,选择图片时，无法实时更新，手机图库里有的照片，选择的时候找不到,other.image_banner.cannot_or_fail,途牛__C29,途牛__C29,0.062826,1,1,0,0,0,0,0
LLMCluster__途牛__10010000005172,llmcluster_glm-4-air,LLMCluster,途牛,10010000005172,other.image_banner.cannot_or_fail,图片存储在相应路径下，与手机相册没有绑定，无法在手机相册查看存储的图。,8,10010000007099,发布帖子，添加图片时，反应较慢，而且有的图片添加上去显示不出来。,other.list_item.display_missing,途牛__C1,途牛__C29,0.034799,0,1,1,0,0,0,0
LLMCluster__途牛__10010000005172,llmcluster_glm-4-air,LLMCluster,途牛,10010000005172,other.image_banner.cannot_or_fail,图片存储在相应路径下，与手机相册没有绑定，无法在手机相册查看存储的图。,9,10010000005149,图片多次保存未提示已存在，相册无法找到该图片，得到指定路径找，体验麻烦。,other.image_banner.no_prompt,途牛__C29,途牛__C29,0.10943,0,1,0,0,0,0,0
LLMCluster__途牛__10010000005172,llmcluster_glm-4-air,LLMCluster,途牛,10010000005172,other.image_banner.cannot_or_fail,图片存储在相应路径下，与手机相册没有绑定，无法在手机相册查看存储的图。,10,10010000004970,私聊中发送给对方的图片很模糊，看不清楚，影响聊天质量,private_chat.image_banner.other,途牛__C1,途牛__C29,0.024924,0,0,1,0,0,0,0
LLMCluster__途牛__10010000005172,llmcluster_glm-4-air,LLMCluster,途牛,10010000005172,other.image_banner.cannot_or_fail,图片存储在相应路径下，与手机相册没有绑定，无法在手机相册查看存储的图。,11,10010000003264,在手机静音模式下，发送语音无法收听。,message_send.audio.cannot_or_fail,途牛__C29,途牛__C29,0.090275,0,0,0,0,0,0,0
LLMCluster__途牛__10010000005172,llmcluster_glm-4-air,LLMCluster,途牛,10010000005172,other.image_banner.cannot_or_fail,图片存储在相应路径下，与手机相册没有绑定，无法在手机相册查看存储的图。,12,10010000006074,在私聊中无法发送动态图，例如以.gif结尾的图片。,private_chat.image_banner.cannot_or_fail,途牛__C1,途牛__C29,0.0351,0,0,1,0,0,0,0
LLMCluster__途牛__10010000005172,llmcluster_glm-4-air,LLMCluster,途牛,10010000005172,other.image_banner.cannot_or_fail,图片存储在相应路径下，与手机相册没有绑定，无法在手机相册查看存储的图。,13,10010000006525,用户修改昵称后，无法在私聊界面显示,private_chat.page_view.cannot_or_fail,途牛__C29,途牛__C29,0.067902,0,0,0,0,0,0,0
LLMCluster__途牛__10010000005172,llmcluster_glm-4-air,LLMCluster,途牛,10010000005172,other.image_banner.cannot_or_fail,图片存储在相应路径下，与手机相册没有绑定，无法在手机相册查看存储的图。,14,10010000004943,查看私聊的图片，左右切换时会出现卡顿，滑动方向暂时白屏情况,private_chat.image_banner.freeze,途牛__C1,途牛__C29,0.034464,0,0,1,0,0,0,0
LLMCluster__途牛__10010000005172,llmcluster_glm-4-air,LLMCluster,途牛,10010000005172,other.image_banner.cannot_or_fail,图片存储在相应路径下，与手机相册没有绑定，无法在手机相册查看存储的图。,15,10010000004932,乐视手机，语音内容为杂间，无法正确传送语音内容,playback.audio.cannot_or_fail,途牛__C4,途牛__C29,0.043101,0,0,1,0,0,0,0
LLMCluster__途牛__10010000005172,llmcluster_glm-4-air,LLMCluster,途牛,10010000005172,other.image_banner.cannot_or_fail,图片存储在相应路径下，与手机相册没有绑定，无法在手机相册查看存储的图。,16,10010000003166,私聊发送图片 选择图片时图片显示不出来,private_chat.image_banner.display_missing,途牛__C1,途牛__C29,0.043211,0,0,1,0,0,0,0
LLMCluster__途牛__10010000005172,llmcluster_glm-4-air,LLMCluster,途牛,10010000005172,other.image_banner.cannot_or_fail,图片存储在相应路径下，与手机相册没有绑定，无法在手机相册查看存储的图。,17,10010000004561,不能通过添加好友发起群聊，无法添加好友,groupchat.chat.cannot_or_fail,途牛__C3,途牛__C29,0.020867,0,0,1,0,0,0,0
LLMCluster__途牛__10010000005172,llmcluster_glm-4-air,LLMCluster,途牛,10010000005172,other.image_banner.cannot_or_fail,图片存储在相应路径下，与手机相册没有绑定，无法在手机相册查看存储的图。,18,10010000003094,在手机定位工作正常的情况下，无法获取定位。,gps_track.gps.cannot_or_fail,途牛__C29,途牛__C29,0.105947,0,0,0,0,0,0,0
LLMCluster__途牛__10010000005172,llmcluster_glm-4-air,LLMCluster,途牛,10010000005172,other.image_banner.cannot_or_fail,图片存储在相应路径下，与手机相册没有绑定，无法在手机相册查看存储的图。,19,10010000006222,使用手机APP注册时。必须要使用手机注册，等同于泄露手机号,register.other.other,途牛__C29,途牛__C29,0.084406,0,0,0,0,0,0,0
LLMCluster__途牛__10010000005172,llmcluster_glm-4-air,LLMCluster,途牛,10010000005172,other.image_banner.cannot_or_fail,图片存储在相应路径下，与手机相册没有绑定，无法在手机相册查看存储的图。,20,10010000005649,"在测试发送表情时,点击表情里的加号,跳转到相册里选择其他图片,此时退出相册,会有小概率复现闪退的现象，截图为闪退后截的图以证明（自动退…",message_send.page_view.crash,途牛__C29,途牛__C29,0.072212,0,0,0,0,0,0,0
LLMCluster__途牛__10010000005172,llmcluster_glm-4-air,LLMCluster,途牛,10010000005172,other.image_banner.cannot_or_fail,图片存储在相应路径下，与手机相册没有绑定，无法在手机相册查看存储的图。,21,10010000006710,无法通过搜索用户名或手机号进行关注。应该在联系人右上角增加搜索功能以便能搜索到用户。或者添加读取手机联系人（使用途牛app）的功能。,search.other.cannot_or_fail,途牛__C3,途牛__C29,0.040404,0,0,1,0,0,0,0
LLMCluster__途牛__10010000005172,llmcluster_glm-4-air,LLMCluster,途牛,10010000005172,other.image_banner.cannot_or_fail,图片存储在相应路径下，与手机相册没有绑定，无法在手机相册查看存储的图。,22,10010000004676,原先私聊别人的表情，语音，图片在手机屏幕的左侧出现，误以为别人回消息了，实际上是自己上一次的发的消息,private_chat.image_banner.other,途牛__C29,途牛__C29,0.050673,0,0,0,0,0,0,0
LLMCluster__途牛__10010000005172,llmcluster_glm-4-air,LLMCluster,途牛,10010000005172,other.image_banner.cannot_or_fail,图片存储在相应路径下，与手机相册没有绑定，无法在手机相册查看存储的图。,23,10010000006371,搜索当地门票，搜索不到，无法正常搜寻门票，进行购票活动，无法达到预期效果。,search.other.cannot_or_fail,途牛__C12,途牛__C29,0.026966,0,0,1,0,0,0,0
LLMCluster__途牛__10010000005172,llmcluster_glm-4-air,LLMCluster,途牛,10010000005172,other.image_banner.cannot_or_fail,图片存储在相应路径下，与手机相册没有绑定，无法在手机相册查看存储的图。,24,10010000003925,定位。 发布帖子时，无法定位，无法发布帖子。,gps_track.list_item.cannot_or_fail,途牛__C29,途牛__C29,0.044641,0,0,0,0,0,0,0
LLMCluster__途牛__10010000005172,llmcluster_glm-4-air,LLMCluster,途牛,10010000005172,other.image_banner.cannot_or_fail,图片存储在相应路径下，与手机相册没有绑定，无法在手机相册查看存储的图。,25,10010000006198,未登录时，无法与他人私聊，必须使用手机动态登录,login.chat.cannot_or_fail,途牛__C29,途牛__C29,0.056547,0,0,0,0,0,0,0
LLMCluster__途牛__10010000005172,llmcluster_glm-4-air,LLMCluster,途牛,10010000005172,other.image_banner.cannot_or_fail,图片存储在相应路径下，与手机相册没有绑定，无法在手机相册查看存储的图。,26,10010000004319,私聊中，添加图片时，采用照相功能进行图片添加时，图片照了之后，不进行发送，或者是图片没有照！,private_chat.image_banner.other,途牛__C1,途牛__C29,0.051283,0,0,1,0,0,0,0
LLMCluster__途牛__10010000005172,llmcluster_glm-4-air,LLMCluster,途牛,10010000005172,other.image_banner.cannot_or_fail,图片存储在相应路径下，与手机相册没有绑定，无法在手机相册查看存储的图。,27,10010000005642,vivo x5max在网络良好且未登录的的情况下，与好友进行聊天时登陆账户，偶现图片验证码一直刷不出来，重启app时，可以看到图片验证码。,login.image_banner.other,途牛__C29,途牛__C29,0.045133,0,0,0,0,0,0,0
LLMCluster__途牛__10010000005172,llmcluster_glm-4-air,LLMCluster,途牛,10010000005172,other.image_banner.cannot_or_fail,图片存储在相应路径下，与手机相册没有绑定，无法在手机相册查看存储的图。,28,10010000007181,用户无法在通讯录中添加旅游好友结伴旅游，我们在测试时都得先发个微游记，才能找到关注的对象，而没有直接通过手机联系人添加功能,other.chat.cannot_or_fail,途牛__C3,途牛__C29,0.046326,0,1,1,0,0,0,0
LLMCluster__途牛__10010000005172,llmcluster_glm-4-air,LLMCluster,途牛,10010000005172,other.image_banner.cannot_or_fail,图片存储在相应路径下，与手机相册没有绑定，无法在手机相册查看存储的图。,29,10010000004593,表情收藏:只能收藏本地相册中的图片，而且不能选择原图，因此图片容易失真,other.image_banner.cannot_or_fail,途牛__C29,途牛__C29,0.067786,1,1,0,0,0,0,0
LLMCluster__途牛__10010000005172,llmcluster_glm-4-air,LLMCluster,途牛,10010000005172,other.image_banner.cannot_or_fail,图片存储在相应路径下，与手机相册没有绑定，无法在手机相册查看存储的图。,30,10010000002468,要建立与已经关注人的私聊路径，但是没有出现联系人列表，只有最近联系人列表，无法建立新的私聊路径。要与已经关注的人建立私聊路径，只能通过…,private_chat.list_item.cannot_or_fail,途牛__C29,途牛__C29,0.060537,0,0,0,0,0,0,0
LLMCluster__途牛__10010000005172,llmcluster_glm-4-air,LLMCluster,途牛,10010000005172,other.image_banner.cannot_or_fail,图片存储在相应路径下，与手机相册没有绑定，无法在手机相册查看存储的图。,31,10010000002371,在未登陆途牛的情况下，进入其他用户的主页，选择发起私聊，选择动态密码登陆，填入一个未注册的手机号，然后进入注册界面，填写手机号并注册，…,register.page_view.cannot_or_fail,途牛__C7,途牛__C29,0.063048,0,0,1,0,0,0,0
LLMCluster__途牛__10010000005172,llmcluster_glm-4-air,LLMCluster,途牛,10010000005172,other.image_banner.cannot_or_fail,图片存储在相应路径下，与手机相册没有绑定，无法在手机相册查看存储的图。,32,10010000004041,登录途牛后，无法定位到用户当前所在位置，无法找到附近的用户并进行私聊！比方说，我当前所在地为太原市，定位竟然时上海！,login.chat.cannot_or_fail,途牛__C2,途牛__C29,0.031239,0,0,1,0,0,0,0
LLMCluster__途牛__10010000005172,llmcluster_glm-4-air,LLMCluster,途牛,10010000005172,other.image_banner.cannot_or_fail,图片存储在相应路径下，与手机相册没有绑定，无法在手机相册查看存储的图。,33,10010000004946,发送的表情足够多了，无法发送，直接闪退，再次发起私聊无法相应到服务器。,private_chat.chat.crash,途牛__C1,途牛__C29,0.04934,0,0,1,0,0,0,0
LLMCluster__途牛__10010000005172,llmcluster_glm-4-air,LLMCluster,途牛,10010000005172,other.image_banner.cannot_or_fail,图片存储在相应路径下，与手机相册没有绑定，无法在手机相册查看存储的图。,34,10010000002216,登录功能下的找回密码功能，若输入相关信息时未输入手机号，直接点击找回密码，错误信息提示“手机号码格式错误”，应提示“未输入手机号码”,login.other.wrong_value,途牛__C11,途牛__C29,0.052461,0,0,1,0,0,0,0
LLMCluster__途牛__10010000005172,llmcluster_glm-4-air,LLMCluster,途牛,10010000005172,other.image_banner.cannot_or_fail,图片存储在相应路径下，与手机相册没有绑定，无法在手机相册查看存储的图。,35,10010000005349,图片加载不出，不能完全加载手机相册中的图片，但是通过点击预览可以查看未加载的图片,other.image_banner.cannot_or_fail,途牛__C29,途牛__C29,0.174671,1,1,0,0,0,0,0
LLMCluster__途牛__10010000005172,llmcluster_glm-4-air,LLMCluster,途牛,10010000005172,other.image_banner.cannot_or_fail,图片存储在相应路径下，与手机相册没有绑定，无法在手机相册查看存储的图。,36,10010000006146,头像，在使用相册图片时无法保存到截图头像,other.image_banner.cannot_or_fail,途牛__C29,途牛__C29,0.098116,1,1,0,0,0,0,0
TFIDF+HC__雅思听力__10010000001339,tfidf_hc_K20,TFIDF+HC,雅思听力,10010000001339,other.other.freeze,"ListView滑动栏加载卡顿,有顿挫感",1,10010000000192,进入注册页面，光标停留在重复密码上,register.page_view.other,雅思听力__C0,雅思听力__C10,0.0,0,0,1,0,0,0,0
TFIDF+HC__雅思听力__10010000001339,tfidf_hc_K20,TFIDF+HC,雅思听力,10010000001339,other.other.freeze,"ListView滑动栏加载卡顿,有顿挫感",2,10010000001387,"在Vivo Xshot机型,安卓4.3系统下出现INSTALL_FAILED_INSUFFICIENT_STORAGE 即安装失败问题。",other.other.cannot_or_fail,雅思听力__C10,雅思听力__C10,0.183118,0,1,0,0,0,0,0
TFIDF+HC__雅思听力__10010000001339,tfidf_hc_K20,TFIDF+HC,雅思听力,10010000001339,other.other.freeze,"ListView滑动栏加载卡顿,有顿挫感",3,10010000000324,点击清理垃圾，若重复点击清理垃圾按钮，会重复出现Toast提示，按几次按钮出现几次，可设置判断减少出现提示,settings.button_icon.other,雅思听力__C2,雅思听力__C10,0.025188,0,0,1,0,0,0,0
TFIDF+HC__雅思听力__10010000001339,tfidf_hc_K20,TFIDF+HC,雅思听力,10010000001339,other.other.freeze,"ListView滑动栏加载卡顿,有顿挫感",4,10010000000517,测试时随便填好，然后点击完成，出现提交界面，但点了提交后无反应,other.page_view.cannot_or_fail,雅思听力__C5,雅思听力__C10,0.0,0,1,1,0,0,0,0
TFIDF+HC__雅思听力__10010000001339,tfidf_hc_K20,TFIDF+HC,雅思听力,10010000001339,other.other.freeze,"ListView滑动栏加载卡顿,有顿挫感",5,10010000000197,用户输入手机号码不可以登录或者注册，直接阻碍用户体验功能。且不可以通过Qq等方式快速登录,register.other.cannot_or_fail,雅思听力__C0,雅思听力__C10,0.0,0,0,1,0,0,0,0
TFIDF+HC__雅思听力__10010000001339,tfidf_hc_K20,TFIDF+HC,雅思听力,10010000001339,other.other.freeze,"ListView滑动栏加载卡顿,有顿挫感",6,10010000000763,第三方登录：微信登录页面无法显示，QQ无法获取权限,login.page_view.permission,雅思听力__C18,雅思听力__C10,0.0,0,0,1,0,0,0,0
TFIDF+HC__雅思听力__10010000001339,tfidf_hc_K20,TFIDF+HC,雅思听力,10010000001339,other.other.freeze,"ListView滑动栏加载卡顿,有顿挫感",7,10010000000700,"分享漫听软件时,分享到微信和微信朋友圈功能不能实现",share.share_panel.cannot_or_fail,雅思听力__C2,雅思听力__C10,0.010976,0,0,1,0,0,0,0
TFIDF+HC__雅思听力__10010000001339,tfidf_hc_K20,TFIDF+HC,雅思听力,10010000001339,other.other.freeze,"ListView滑动栏加载卡顿,有顿挫感",8,10010000000618,取消更新后下次打开应用点击更新会出现未知错误,other.other.wrong_value,雅思听力__C6,雅思听力__C10,0.0,0,1,1,0,0,0,0
TFIDF+HC__雅思听力__10010000001339,tfidf_hc_K20,TFIDF+HC,雅思听力,10010000001339,other.other.freeze,"ListView滑动栏加载卡顿,有顿挫感",9,10010000000392,登录进入app，关闭更新提示后，一直处于刷新状态,login.other.other,雅思听力__C6,雅思听力__C10,0.0,0,0,1,0,0,0,0
TFIDF+HC__雅思听力__10010000001339,tfidf_hc_K20,TFIDF+HC,雅思听力,10010000001339,other.other.freeze,"ListView滑动栏加载卡顿,有顿挫感",10,10010000001364,"在Vivo Xshot机型,Android4.3系统上出现 INSTALL_FAILED_INSUFFICIENT_STORAGE 即…",other.other.cannot_or_fail,雅思听力__C10,雅思听力__C10,0.183379,0,1,0,0,0,0,0
TFIDF+HC__雅思听力__10010000001339,tfidf_hc_K20,TFIDF+HC,雅思听力,10010000001339,other.other.freeze,"ListView滑动栏加载卡顿,有顿挫感",11,10010000000168,在登陆界面上的第三方登陆中 微信账号无法登陆，登陆失败。例如：点击微信图标，软件无反应只提示登陆失败,other.button_icon.cannot_or_fail,雅思听力__C0,雅思听力__C10,0.0,0,1,1,0,0,0,0
TFIDF+HC__雅思听力__10010000001339,tfidf_hc_K20,TFIDF+HC,雅思听力,10010000001339,other.other.freeze,"ListView滑动栏加载卡顿,有顿挫感",12,10010000001262,使用微信实现第三方登录时一直登不上去而且要等待很久,login.other.other,雅思听力__C18,雅思听力__C10,0.0,0,0,1,0,0,0,0
TFIDF+HC__雅思听力__10010000001339,tfidf_hc_K20,TFIDF+HC,雅思听力,10010000001339,other.other.freeze,"ListView滑动栏加载卡顿,有顿挫感",13,10010000000241,178开头的手机号无法注册，显示手机号不完整,register.other.cannot_or_fail,雅思听力__C0,雅思听力__C10,0.0,0,0,1,0,0,0,0
TFIDF+HC__雅思听力__10010000001339,tfidf_hc_K20,TFIDF+HC,雅思听力,10010000001339,other.other.freeze,"ListView滑动栏加载卡顿,有顿挫感",14,10010000000344,"登录时忘记密码，重新设置密码时光标出现在""重复密码""一栏，而不是""密码""一栏。",login.page_view.other,雅思听力__C0,雅思听力__C10,0.016912,0,0,1,0,0,0,0
TFIDF+HC__雅思听力__10010000001339,tfidf_hc_K20,TFIDF+HC,雅思听力,10010000001339,other.other.freeze,"ListView滑动栏加载卡顿,有顿挫感",15,10010000001846,微信登录界面无法弹出，QQ登录显示无权限，只有微博登录正常,login.page_view.permission,雅思听力__C18,雅思听力__C10,0.003998,0,0,1,0,0,0,0
TFIDF+HC__雅思听力__10010000001339,tfidf_hc_K20,TFIDF+HC,雅思听力,10010000001339,other.other.freeze,"ListView滑动栏加载卡顿,有顿挫感",16,10010000001630,第三方账户不能登录，必须用手机再次登录,login.other.cannot_or_fail,雅思听力__C18,雅思听力__C10,0.0,0,0,1,0,0,0,0
TFIDF+HC__雅思听力__10010000001339,tfidf_hc_K20,TFIDF+HC,雅思听力,10010000001339,other.other.freeze,"ListView滑动栏加载卡顿,有顿挫感",17,10010000000131,进入用户注册页面后，点击“验证码”获取验证码,register.page_view.other,雅思听力__C0,雅思听力__C10,0.0,0,0,1,0,0,0,0
TFIDF+HC__雅思听力__10010000001339,tfidf_hc_K20,TFIDF+HC,雅思听力,10010000001339,other.other.freeze,"ListView滑动栏加载卡顿,有顿挫感",18,10010000000163,其他用户主页学分右边的剪头点击无反应,other.other.cannot_or_fail,雅思听力__C5,雅思听力__C10,0.0,0,1,1,0,0,0,0
TFIDF+HC__雅思听力__10010000001339,tfidf_hc_K20,TFIDF+HC,雅思听力,10010000001339,other.other.freeze,"ListView滑动栏加载卡顿,有顿挫感",19,10010000000512,用户密码为简单数字时，注册不成功，但又没提示,register.other.other,雅思听力__C0,雅思听力__C10,0.0,0,0,1,0,0,0,0
TFIDF+HC__雅思听力__10010000001339,tfidf_hc_K20,TFIDF+HC,雅思听力,10010000001339,other.other.freeze,"ListView滑动栏加载卡顿,有顿挫感",20,10010000001261,对原本下载的QQ版本无法使用第三方登录,login.other.cannot_or_fail,雅思听力__C18,雅思听力__C10,0.01155,0,0,1,0,0,0,0
TFIDF+HC__雅思听力__10010000001339,tfidf_hc_K20,TFIDF+HC,雅思听力,10010000001339,other.other.freeze,"ListView滑动栏加载卡顿,有顿挫感",21,10010000000162,微信登录点击多次出现加载页面，未跳转,login.page_view.other,雅思听力__C18,雅思听力__C10,0.042583,0,0,1,0,0,0,0
TFIDF+HC__雅思听力__10010000001339,tfidf_hc_K20,TFIDF+HC,雅思听力,10010000001339,other.other.freeze,"ListView滑动栏加载卡顿,有顿挫感",22,10010000000325,版本更新提示点击取消时会处在一直加载的进度圈，点击屏幕后才会消失并进入当前版本应用,other.other.load_fail,雅思听力__C6,雅思听力__C10,0.025531,0,1,1,0,0,0,0
TFIDF+HC__雅思听力__10010000001339,tfidf_hc_K20,TFIDF+HC,雅思听力,10010000001339,other.other.freeze,"ListView滑动栏加载卡顿,有顿挫感",23,10010000000242,练习报告页面，点击分享按钮，选择分享到微信朋友圈，无法分享，提示图片大小超过32kb，正在对图片进行压缩,share.button_icon.cannot_share,雅思听力__C2,雅思听力__C10,0.0,0,0,1,0,0,0,0
TFIDF+HC__雅思听力__10010000001339,tfidf_hc_K20,TFIDF+HC,雅思听力,10010000001339,other.other.freeze,"ListView滑动栏加载卡顿,有顿挫感",24,10010000004186,splash界面快速滑动会在第三个界面卡顿，并会跳过第四个界面,other.page_view.freeze,雅思听力__C19,雅思听力__C10,0.110287,0,1,1,0,0,0,0
TFIDF+HC__雅思听力__10010000001339,tfidf_hc_K20,TFIDF+HC,雅思听力,10010000001339,other.other.freeze,"ListView滑动栏加载卡顿,有顿挫感",25,10010000000584,用户登录后页面显示提示更新信息，更新后还一直显示，体验性很不好！,login.page_view.other,雅思听力__C6,雅思听力__C10,0.0,0,0,1,0,0,0,0
TFIDF+HC__雅思听力__10010000001339,tfidf_hc_K20,TFIDF+HC,雅思听力,10010000001339,other.other.freeze,"ListView滑动栏加载卡顿,有顿挫感",26,10010000000239,练习报告页面，点击分享按钮，选择分享到微信好友，无法分享，提示图片大小超过32kb，正在对图片进行压缩,share.button_icon.cannot_share,雅思听力__C2,雅思听力__C10,0.0,0,0,1,0,0,0,0
TFIDF+HC__雅思听力__10010000001339,tfidf_hc_K20,TFIDF+HC,雅思听力,10010000001339,other.other.freeze,"ListView滑动栏加载卡顿,有顿挫感",27,10010000001394,"无法使用QQ登录,提示为非官方应用。",login.other.cannot_or_fail,雅思听力__C18,雅思听力__C10,0.013912,0,0,1,0,0,0,0
TFIDF+HC__雅思听力__10010000001339,tfidf_hc_K20,TFIDF+HC,雅思听力,10010000001339,other.other.freeze,"ListView滑动栏加载卡顿,有顿挫感",28,10010000001798,1 当收听演讲时候，点击分享到微信按钮，没有任何反应，也不能分享成功。,share.button_icon.cannot_share,雅思听力__C2,雅思听力__C10,0.003719,0,0,1,0,0,0,0
TFIDF+HC__雅思听力__10010000001339,tfidf_hc_K20,TFIDF+HC,雅思听力,10010000001339,other.other.freeze,"ListView滑动栏加载卡顿,有顿挫感",29,10010000000274,句库中选择某个句子，点击右下角对号图标，句子直接被删除。点击句子后应变为删除图标，且删除前应有对话框确认,other.button_icon.other,雅思听力__C9,雅思听力__C10,0.002584,0,1,1,0,0,0,0
TFIDF+HC__雅思听力__10010000001339,tfidf_hc_K20,TFIDF+HC,雅思听力,10010000001339,other.other.freeze,"ListView滑动栏加载卡顿,有顿挫感",30,10010000000439,控制用户一秒之内，多次点击按钮，连续弹出toast,other.button_icon.other,雅思听力__C2,雅思听力__C10,0.042996,0,1,1,0,0,0,0
SBERT+HC__雅思听力__10010000001339,sbert_hc_K20,SBERT+HC,雅思听力,10010000001339,other.other.freeze,"ListView滑动栏加载卡顿,有顿挫感",1,10010000004186,splash界面快速滑动会在第三个界面卡顿，并会跳过第四个界面,other.page_view.freeze,雅思听力__C13,雅思听力__C1,0.110287,0,1,1,0,0,0,0
SBERT+HC__雅思听力__10010000001339,sbert_hc_K20,SBERT+HC,雅思听力,10010000001339,other.other.freeze,"ListView滑动栏加载卡顿,有顿挫感",2,10010000001043,个人信息——我的收藏为0，清空按钮仍然可以点击,other.button_icon.other,雅思听力__C8,雅思听力__C1,0.0,0,1,1,0,0,0,0
SBERT+HC__雅思听力__10010000001339,sbert_hc_K20,SBERT+HC,雅思听力,10010000001339,other.other.freeze,"ListView滑动栏加载卡顿,有顿挫感",3,10010000001977,进入后广告跳过图标太小，点起来麻烦,other.button_icon.other,雅思听力__C16,雅思听力__C1,0.0,0,1,1,0,0,0,0
SBERT+HC__雅思听力__10010000001339,sbert_hc_K20,SBERT+HC,雅思听力,10010000001339,other.other.freeze,"ListView滑动栏加载卡顿,有顿挫感",4,10010000002021,点击练习按钮之后，页面右上角的按钮会提供“关闭”、“筛选”、“重置”三个选项，点击“关闭”、“重置”时页面都会响应，但是点击“筛选”时…,other.button_icon.cannot_or_fail,雅思听力__C8,雅思听力__C1,0.0,0,1,1,0,0,0,0
SBERT+HC__雅思听力__10010000001339,sbert_hc_K20,SBERT+HC,雅思听力,10010000001339,other.other.freeze,"ListView滑动栏加载卡顿,有顿挫感",5,10010000000239,练习报告页面，点击分享按钮，选择分享到微信好友，无法分享，提示图片大小超过32kb，正在对图片进行压缩,share.button_icon.cannot_share,雅思听力__C3,雅思听力__C1,0.0,0,0,1,0,0,0,0
SBERT+HC__雅思听力__10010000001339,sbert_hc_K20,SBERT+HC,雅思听力,10010000001339,other.other.freeze,"ListView滑动栏加载卡顿,有顿挫感",6,10010000000163,其他用户主页学分右边的剪头点击无反应,other.other.cannot_or_fail,雅思听力__C8,雅思听力__C1,0.0,0,1,1,0,0,0,0
SBERT+HC__雅思听力__10010000001339,sbert_hc_K20,SBERT+HC,雅思听力,10010000001339,other.other.freeze,"ListView滑动栏加载卡顿,有顿挫感",7,10010000001981,当点击练习功能时，右上角的选项中，有三个选择：“关闭”、“筛选”、“重置”，当点击：“关闭”、“重置”时，页面都会有反应，但是当点击“…,other.page_view.freeze,雅思听力__C8,雅思听力__C1,0.00426,0,1,1,0,0,0,0
SBERT+HC__雅思听力__10010000001339,sbert_hc_K20,SBERT+HC,雅思听力,10010000001339,other.other.freeze,"ListView滑动栏加载卡顿,有顿挫感",8,10010000001334,在后台kill掉程序后，再次打开时，出现黑屏。程序无响应。,other.other.freeze,雅思听力__C2,雅思听力__C1,0.037675,1,1,1,1,1,1,1
SBERT+HC__雅思听力__10010000001339,sbert_hc_K20,SBERT+HC,雅思听力,10010000001339,other.other.freeze,"ListView滑动栏加载卡顿,有顿挫感",9,10010000001044,个人信息——我的报告为0，清空按钮仍然可以点击,other.button_icon.other,雅思听力__C8,雅思听力__C1,0.0,0,1,1,0,0,0,0
SBERT+HC__雅思听力__10010000001339,sbert_hc_K20,SBERT+HC,雅思听力,10010000001339,other.other.freeze,"ListView滑动栏加载卡顿,有顿挫感",10,10010000001959,信息与评论区在一块，压缩了信息查看窗口，起不到强调的重要性，且打开字体极小，虽然可以放大，但是用户不好掌控，容易使人厌烦。,comment.list_item.other,雅思听力__C4,雅思听力__C1,0.0,0,0,1,0,0,0,0
SBERT+HC__雅思听力__10010000001339,sbert_hc_K20,SBERT+HC,雅思听力,10010000001339,other.other.freeze,"ListView滑动栏加载卡顿,有顿挫感",11,10010000000574,布局偏上，应当在屏幕中间。屏幕下方太空泛。,other.other.layout_issue,雅思听力__C1,雅思听力__C1,0.0,0,1,0,0,0,0,0
SBERT+HC__雅思听力__10010000001339,sbert_hc_K20,SBERT+HC,雅思听力,10010000001339,other.other.freeze,"ListView滑动栏加载卡顿,有顿挫感",12,10010000001140,在句库界面，选择一个句子进行听力时，没有进度显示，缺少暂停按钮。点击“打钩”icon就是将当前句删除，而没有给用户提示。,playback.button_icon.other,雅思听力__C8,雅思听力__C1,0.01827,0,0,1,0,0,0,0
SBERT+HC__雅思听力__10010000001339,sbert_hc_K20,SBERT+HC,雅思听力,10010000001339,other.other.freeze,"ListView滑动栏加载卡顿,有顿挫感",13,10010000001410,官方指南中的文章录音中，语速选择按钮设计不当。当选择语速增加或减速没有确切的键可以点击。当想减速时，点击语速可能是加速。,playback.button_icon.other,雅思听力__C8,雅思听力__C1,0.013342,0,0,1,0,0,0,0
SBERT+HC__雅思听力__10010000001339,sbert_hc_K20,SBERT+HC,雅思听力,10010000001339,other.other.freeze,"ListView滑动栏加载卡顿,有顿挫感",14,10010000001413,进入主界面，上方的灰色部分看着很单调，没有展现该软件的特点。页面布局单调,other.page_view.layout_issue,雅思听力__C4,雅思听力__C1,0.003522,0,1,1,0,0,0,0
SBERT+HC__雅思听力__10010000001339,sbert_hc_K20,SBERT+HC,雅思听力,10010000001339,other.other.freeze,"ListView滑动栏加载卡顿,有顿挫感",15,10010000001690,点进去之后提示更新，点击关闭一直在等待。需手工按返回键才可以继续使用,other.button_icon.other,雅思听力__C8,雅思听力__C1,0.0,0,1,1,0,0,0,0
SBERT+HC__雅思听力__10010000001339,sbert_hc_K20,SBERT+HC,雅思听力,10010000001339,other.other.freeze,"ListView滑动栏加载卡顿,有顿挫感",16,10010000001086,当用户点击筛选按钮时，单次筛选按钮未作上限，和全部按钮形成冲突,other.button_icon.other,雅思听力__C8,雅思听力__C1,0.0,0,1,1,0,0,0,0
SBERT+HC__雅思听力__10010000001339,sbert_hc_K20,SBERT+HC,雅思听力,10010000001339,other.other.freeze,"ListView滑动栏加载卡顿,有顿挫感",17,10010000001056,在“全真模考”公里模块中，拉动进度条，会有声音出现，用户体验差,playback.slider.other,雅思听力__C9,雅思听力__C1,0.01211,0,0,1,0,0,0,0
SBERT+HC__雅思听力__10010000001339,sbert_hc_K20,SBERT+HC,雅思听力,10010000001339,other.other.freeze,"ListView滑动栏加载卡顿,有顿挫感",18,10010000001134,页面排版残缺，整体视觉效果差。考试倒计时的位置设置不明显，且过于单调。TOP10 字体设置太小。,settings.page_view.other,雅思听力__C4,雅思听力__C1,0.00724,0,0,1,0,0,0,0
SBERT+HC__雅思听力__10010000001339,sbert_hc_K20,SBERT+HC,雅思听力,10010000001339,other.other.freeze,"ListView滑动栏加载卡顿,有顿挫感",19,10010000001287,筛选对话框标签字体设置太小，颜色太浅。关闭及重置两个按钮不突出。,settings.button_icon.other,雅思听力__C4,雅思听力__C1,0.0,0,0,1,0,0,0,0
SBERT+HC__雅思听力__10010000001339,sbert_hc_K20,SBERT+HC,雅思听力,10010000001339,other.other.freeze,"ListView滑动栏加载卡顿,有顿挫感",20,10010000001983,播放音频文件时，想要暂停它必须要点击右边的小箭头，再去点暂停键，建议直接在小箭头后面直接加上暂停键。,playback.audio.other,雅思听力__C8,雅思听力__C1,0.005893,0,0,1,0,0,0,0
SBERT+HC__雅思听力__10010000001339,sbert_hc_K20,SBERT+HC,雅思听力,10010000001339,other.other.freeze,"ListView滑动栏加载卡顿,有顿挫感",21,10010000000324,点击清理垃圾，若重复点击清理垃圾按钮，会重复出现Toast提示，按几次按钮出现几次，可设置判断减少出现提示,settings.button_icon.other,雅思听力__C8,雅思听力__C1,0.025188,0,0,1,0,0,0,0
SBERT+HC__雅思听力__10010000001339,sbert_hc_K20,SBERT+HC,雅思听力,10010000001339,other.other.freeze,"ListView滑动栏加载卡顿,有顿挫感",22,10010000001122,在后台关闭退出此应用再次启动时出现了闪退现象。,other.other.crash,雅思听力__C2,雅思听力__C1,0.008814,0,1,1,0,0,0,0
SBERT+HC__雅思听力__10010000001339,sbert_hc_K20,SBERT+HC,雅思听力,10010000001339,other.other.freeze,"ListView滑动栏加载卡顿,有顿挫感",23,10010000000439,控制用户一秒之内，多次点击按钮，连续弹出toast,other.button_icon.other,雅思听力__C8,雅思听力__C1,0.042996,0,1,1,0,0,0,0
SBERT+HC__雅思听力__10010000001339,sbert_hc_K20,SBERT+HC,雅思听力,10010000001339,other.other.freeze,"ListView滑动栏加载卡顿,有顿挫感",24,10010000000814,每点击进入阅读一篇文章或者是观看视频，阅读次数 记录没有+1。,playback.list_item.other,雅思听力__C3,雅思听力__C1,0.003673,0,0,1,0,0,0,0
LLMCluster__雅思听力__10010000001339,llmcluster_glm-4-air,LLMCluster,雅思听力,10010000001339,other.other.freeze,"ListView滑动栏加载卡顿,有顿挫感",1,10010000000561,考试地点栏目选项太偏下。布局不合理。,other.other.layout_issue,雅思听力__C4,雅思听力__C4,0.01434,0,1,0,0,0,0,0
LLMCluster__雅思听力__10010000001339,llmcluster_glm-4-air,LLMCluster,雅思听力,10010000001339,other.other.freeze,"ListView滑动栏加载卡顿,有顿挫感",2,10010000000242,练习报告页面，点击分享按钮，选择分享到微信朋友圈，无法分享，提示图片大小超过32kb，正在对图片进行压缩,share.button_icon.cannot_share,雅思听力__C9,雅思听力__C4,0.0,0,0,1,0,0,0,0
LLMCluster__雅思听力__10010000001339,llmcluster_glm-4-air,LLMCluster,雅思听力,10010000001339,other.other.freeze,"ListView滑动栏加载卡顿,有顿挫感",3,10010000000162,微信登录点击多次出现加载页面，未跳转,login.page_view.other,雅思听力__C2,雅思听力__C4,0.042583,0,0,1,0,0,0,0
LLMCluster__雅思听力__10010000001339,llmcluster_glm-4-air,LLMCluster,雅思听力,10010000001339,other.other.freeze,"ListView滑动栏加载卡顿,有顿挫感",4,10010000000517,测试时随便填好，然后点击完成，出现提交界面，但点了提交后无反应,other.page_view.cannot_or_fail,雅思听力__C9,雅思听力__C4,0.0,0,1,1,0,0,0,0
LLMCluster__雅思听力__10010000001339,llmcluster_glm-4-air,LLMCluster,雅思听力,10010000001339,other.other.freeze,"ListView滑动栏加载卡顿,有顿挫感",5,10010000001134,页面排版残缺，整体视觉效果差。考试倒计时的位置设置不明显，且过于单调。TOP10 字体设置太小。,settings.page_view.other,雅思听力__C4,雅思听力__C4,0.00724,0,0,0,0,0,0,0
LLMCluster__雅思听力__10010000001339,llmcluster_glm-4-air,LLMCluster,雅思听力,10010000001339,other.other.freeze,"ListView滑动栏加载卡顿,有顿挫感",6,10010000001151,我的页面布局太繁琐，记录学习的日期占用多半空间。,other.page_view.layout_issue,雅思听力__C4,雅思听力__C4,0.0,0,1,0,0,0,0,0
LLMCluster__雅思听力__10010000001339,llmcluster_glm-4-air,LLMCluster,雅思听力,10010000001339,other.other.freeze,"ListView滑动栏加载卡顿,有顿挫感",7,10010000000574,布局偏上，应当在屏幕中间。屏幕下方太空泛。,other.other.layout_issue,雅思听力__C4,雅思听力__C4,0.0,0,1,0,0,0,0,0
LLMCluster__雅思听力__10010000001339,llmcluster_glm-4-air,LLMCluster,雅思听力,10010000001339,other.other.freeze,"ListView滑动栏加载卡顿,有顿挫感",8,10010000000197,用户输入手机号码不可以登录或者注册，直接阻碍用户体验功能。且不可以通过Qq等方式快速登录,register.other.cannot_or_fail,雅思听力__C9,雅思听力__C4,0.0,0,0,1,0,0,0,0
LLMCluster__雅思听力__10010000001339,llmcluster_glm-4-air,LLMCluster,雅思听力,10010000001339,other.other.freeze,"ListView滑动栏加载卡顿,有顿挫感",9,10010000001421,在“我的”页面里，页面布局有缺陷，颜色为黑色，不好看。布局也比较单一。,other.page_view.layout_issue,雅思听力__C4,雅思听力__C4,0.003517,0,1,0,0,0,0,0
LLMCluster__雅思听力__10010000001339,llmcluster_glm-4-air,LLMCluster,雅思听力,10010000001339,other.other.freeze,"ListView滑动栏加载卡顿,有顿挫感",10,10010000000540,在2G或者3G网络上请求延迟比较大，建立连接速度慢。,other.other.freeze,雅思听力__C9,雅思听力__C4,0.0,1,1,1,1,1,1,1
LLMCluster__雅思听力__10010000001339,llmcluster_glm-4-air,LLMCluster,雅思听力,10010000001339,other.other.freeze,"ListView滑动栏加载卡顿,有顿挫感",11,10010000001107,学习模块首部图片广告区域无法来回循环切换,other.page_view.cannot_or_fail,雅思听力__C4,雅思听力__C4,0.0,0,1,0,0,0,0,0
LLMCluster__雅思听力__10010000001339,llmcluster_glm-4-air,LLMCluster,雅思听力,10010000001339,other.other.freeze,"ListView滑动栏加载卡顿,有顿挫感",12,10010000001064,进行学习设置的时候，提示时只出现一个提示栏，应该设置为铃声或者对话框形式,settings.page_view.other,雅思听力__C4,雅思听力__C4,0.01046,0,0,0,0,0,0,0
LLMCluster__雅思听力__10010000001339,llmcluster_glm-4-air,LLMCluster,雅思听力,10010000001339,other.other.freeze,"ListView滑动栏加载卡顿,有顿挫感",13,10010000000168,在登陆界面上的第三方登陆中 微信账号无法登陆，登陆失败。例如：点击微信图标，软件无反应只提示登陆失败,other.button_icon.cannot_or_fail,雅思听力__C2,雅思听力__C4,0.0,0,1,1,0,0,0,0
LLMCluster__雅思听力__10010000001339,llmcluster_glm-4-air,LLMCluster,雅思听力,10010000001339,other.other.freeze,"ListView滑动栏加载卡顿,有顿挫感",14,10010000000163,其他用户主页学分右边的剪头点击无反应,other.other.cannot_or_fail,雅思听力__C9,雅思听力__C4,0.0,0,1,1,0,0,0,0
LLMCluster__雅思听力__10010000001339,llmcluster_glm-4-air,LLMCluster,雅思听力,10010000001339,other.other.freeze,"ListView滑动栏加载卡顿,有顿挫感",15,10010000001304,意见反馈界面，当昵称过长时 界面布局分布异常,other.page_view.layout_issue,雅思听力__C4,雅思听力__C4,0.0,0,1,0,0,0,0,0
LLMCluster__雅思听力__10010000001339,llmcluster_glm-4-air,LLMCluster,雅思听力,10010000001339,other.other.freeze,"ListView滑动栏加载卡顿,有顿挫感",16,10010000000439,控制用户一秒之内，多次点击按钮，连续弹出toast,other.button_icon.other,雅思听力__C9,雅思听力__C4,0.042996,0,1,1,0,0,0,0
LLMCluster__雅思听力__10010000001339,llmcluster_glm-4-air,LLMCluster,雅思听力,10010000001339,other.other.freeze,"ListView滑动栏加载卡顿,有顿挫感",17,10010000001287,筛选对话框标签字体设置太小，颜色太浅。关闭及重置两个按钮不突出。,settings.button_icon.other,雅思听力__C4,雅思听力__C4,0.0,0,0,0,0,0,0,0
LLMCluster__雅思听力__10010000001339,llmcluster_glm-4-air,LLMCluster,雅思听力,10010000001339,other.other.freeze,"ListView滑动栏加载卡顿,有顿挫感",18,10010000000325,版本更新提示点击取消时会处在一直加载的进度圈，点击屏幕后才会消失并进入当前版本应用,other.other.load_fail,雅思听力__C8,雅思听力__C4,0.025531,0,1,1,0,0,0,0
LLMCluster__雅思听力__10010000001339,llmcluster_glm-4-air,LLMCluster,雅思听力,10010000001339,other.other.freeze,"ListView滑动栏加载卡顿,有顿挫感",19,10010000001387,"在Vivo Xshot机型,安卓4.3系统下出现INSTALL_FAILED_INSUFFICIENT_STORAGE 即安装失败问题。",other.other.cannot_or_fail,雅思听力__C7,雅思听力__C4,0.183118,0,1,1,1,1,1,1
LLMCluster__雅思听力__10010000001339,llmcluster_glm-4-air,LLMCluster,雅思听力,10010000001339,other.other.freeze,"ListView滑动栏加载卡顿,有顿挫感",20,10010000001632,漫听不能简单明了的显示如何选择句子,other.other.cannot_or_fail,雅思听力__C4,雅思听力__C4,0.0,0,1,0,0,0,0,0
LLMCluster__雅思听力__10010000001339,llmcluster_glm-4-air,LLMCluster,雅思听力,10010000001339,other.other.freeze,"ListView滑动栏加载卡顿,有顿挫感",21,10010000000324,点击清理垃圾，若重复点击清理垃圾按钮，会重复出现Toast提示，按几次按钮出现几次，可设置判断减少出现提示,settings.button_icon.other,雅思听力__C9,雅思听力__C4,0.025188,0,0,1,0,0,0,0
LLMCluster__雅思听力__10010000001339,llmcluster_glm-4-air,LLMCluster,雅思听力,10010000001339,other.other.freeze,"ListView滑动栏加载卡顿,有顿挫感",22,10010000000573,只有单独的英语界面或者单独的汉语界面，应该加一个页面一句英语一句汉语翻译并且已读过的跟正在读的的不容易区分，正在播放句子的应该颜色应该…,playback.page_view.other,雅思听力__C4,雅思听力__C4,0.007133,0,0,0,0,0,0,0
LLMCluster__雅思听力__10010000001339,llmcluster_glm-4-air,LLMCluster,雅思听力,10010000001339,other.other.freeze,"ListView滑动栏加载卡顿,有顿挫感",23,10010000000274,句库中选择某个句子，点击右下角对号图标，句子直接被删除。点击句子后应变为删除图标，且删除前应有对话框确认,other.button_icon.other,雅思听力__C9,雅思听力__C4,0.002584,0,1,1,0,0,0,0
LLMCluster__雅思听力__10010000001339,llmcluster_glm-4-air,LLMCluster,雅思听力,10010000001339,other.other.freeze,"ListView滑动栏加载卡顿,有顿挫感",24,10010000000241,178开头的手机号无法注册，显示手机号不完整,register.other.cannot_or_fail,雅思听力__C1,雅思听力__C4,0.0,0,0,1,0,0,0,0
LLMCluster__雅思听力__10010000001339,llmcluster_glm-4-air,LLMCluster,雅思听力,10010000001339,other.other.freeze,"ListView滑动栏加载卡顿,有顿挫感",25,10010000000192,进入注册页面，光标停留在重复密码上,register.page_view.other,雅思听力__C3,雅思听力__C4,0.0,0,0,1,0,0,0,0
LLMCluster__雅思听力__10010000001339,llmcluster_glm-4-air,LLMCluster,雅思听力,10010000001339,other.other.freeze,"ListView滑动栏加载卡顿,有顿挫感",26,10010000000131,进入用户注册页面后，点击“验证码”获取验证码,register.page_view.other,雅思听力__C3,雅思听力__C4,0.0,0,0,1,0,0,0,0
LLMCluster__雅思听力__10010000001339,llmcluster_glm-4-air,LLMCluster,雅思听力,10010000001339,other.other.freeze,"ListView滑动栏加载卡顿,有顿挫感",27,10010000000538,在wifi环境下，页面图片无法显示,other.page_view.cannot_or_fail,雅思听力__C9,雅思听力__C4,0.068417,0,1,1,0,0,0,0
LLMCluster__雅思听力__10010000001339,llmcluster_glm-4-air,LLMCluster,雅思听力,10010000001339,other.other.freeze,"ListView滑动栏加载卡顿,有顿挫感",28,10010000000392,登录进入app，关闭更新提示后，一直处于刷新状态,login.other.other,雅思听力__C8,雅思听力__C4,0.0,0,0,1,0,0,0,0
LLMCluster__雅思听力__10010000001339,llmcluster_glm-4-air,LLMCluster,雅思听力,10010000001339,other.other.freeze,"ListView滑动栏加载卡顿,有顿挫感",29,10010000000239,练习报告页面，点击分享按钮，选择分享到微信好友，无法分享，提示图片大小超过32kb，正在对图片进行压缩,share.button_icon.cannot_share,雅思听力__C9,雅思听力__C4,0.0,0,0,1,0,0,0,0
LLMCluster__雅思听力__10010000001339,llmcluster_glm-4-air,LLMCluster,雅思听力,10010000001339,other.other.freeze,"ListView滑动栏加载卡顿,有顿挫感",30,10010000001137,一个单词的读音 ， 每个发音应该相应的读音。在相应的读音前。发音icon设置太小，用户体验不佳。,settings.page_view.other,雅思听力__C4,雅思听力__C4,0.011561,0,0,0,0,0,0,0
LLMCluster__雅思听力__10010000001339,llmcluster_glm-4-air,LLMCluster,雅思听力,10010000001339,other.other.freeze,"ListView滑动栏加载卡顿,有顿挫感",31,10010000000344,"登录时忘记密码，重新设置密码时光标出现在""重复密码""一栏，而不是""密码""一栏。",login.page_view.other,雅思听力__C3,雅思听力__C4,0.016912,0,0,1,0,0,0,0
LLMCluster__雅思听力__10010000001339,llmcluster_glm-4-air,LLMCluster,雅思听力,10010000001339,other.other.freeze,"ListView滑动栏加载卡顿,有顿挫感",32,10010000004186,splash界面快速滑动会在第三个界面卡顿，并会跳过第四个界面,other.page_view.freeze,雅思听力__C9,雅思听力__C4,0.110287,0,1,1,0,0,1,0
LLMCluster__雅思听力__10010000001339,llmcluster_glm-4-air,LLMCluster,雅思听力,10010000001339,other.other.freeze,"ListView滑动栏加载卡顿,有顿挫感",33,10010000001413,进入主界面，上方的灰色部分看着很单调，没有展现该软件的特点。页面布局单调,other.page_view.layout_issue,雅思听力__C4,雅思听力__C4,0.003522,0,1,0,0,0,0,0
LLMCluster__雅思听力__10010000001339,llmcluster_glm-4-air,LLMCluster,雅思听力,10010000001339,other.other.freeze,"ListView滑动栏加载卡顿,有顿挫感",34,10010000000512,用户密码为简单数字时，注册不成功，但又没提示,register.other.other,雅思听力__C3,雅思听力__C4,0.0,0,0,1,0,0,0,0
LLMCluster__雅思听力__10010000001339,llmcluster_glm-4-air,LLMCluster,雅思听力,10010000001339,other.other.freeze,"ListView滑动栏加载卡顿,有顿挫感",35,10010000001364,"在Vivo Xshot机型,Android4.3系统上出现 INSTALL_FAILED_INSUFFICIENT_STORAGE 即…",other.other.cannot_or_fail,雅思听力__C7,雅思听力__C4,0.183379,0,1,1,0,1,1,1
TFIDF+HC__雅思听力__10010000004630,tfidf_hc_K20,TFIDF+HC,雅思听力,10010000004630,login.page_view.other,在忘记密码界面点击获取验证码后，会限制60秒后才能继续获取，但返回登录界面再进去忘记密码界面，则该时间重置。,1,10010000000834,注册登录界面忘记密码选项 在没有注册的情况的下也能使用 收到修改密码的验证码,register.page_view.other,雅思听力__C0,雅思听力__C0,0.191343,0,0,0,0,0,0,0
TFIDF+HC__雅思听力__10010000004630,tfidf_hc_K20,TFIDF+HC,雅思听力,10010000004630,login.page_view.other,在忘记密码界面点击获取验证码后，会限制60秒后才能继续获取，但返回登录界面再进去忘记密码界面，则该时间重置。,2,10010000004774,用户注册界面，快速点击获取验证码，获取验证码按钮的背景会保持被按下的状态,register.button_icon.other,雅思听力__C0,雅思听力__C0,0.223151,0,0,0,0,0,0,0
TFIDF+HC__雅思听力__10010000004630,tfidf_hc_K20,TFIDF+HC,雅思听力,10010000004630,login.page_view.other,在忘记密码界面点击获取验证码后，会限制60秒后才能继续获取，但返回登录界面再进去忘记密码界面，则该时间重置。,3,10010000000344,"登录时忘记密码，重新设置密码时光标出现在""重复密码""一栏，而不是""密码""一栏。",login.page_view.other,雅思听力__C0,雅思听力__C0,0.150385,1,1,0,0,0,0,0
TFIDF+HC__雅思听力__10010000004630,tfidf_hc_K20,TFIDF+HC,雅思听力,10010000004630,login.page_view.other,在忘记密码界面点击获取验证码后，会限制60秒后才能继续获取，但返回登录界面再进去忘记密码界面，则该时间重置。,4,10010000001304,意见反馈界面，当昵称过长时 界面布局分布异常,other.page_view.layout_issue,雅思听力__C1,雅思听力__C0,0.083588,0,0,1,0,0,0,0
TFIDF+HC__雅思听力__10010000004630,tfidf_hc_K20,TFIDF+HC,雅思听力,10010000004630,login.page_view.other,在忘记密码界面点击获取验证码后，会限制60秒后才能继续获取，但返回登录界面再进去忘记密码界面，则该时间重置。,5,10010000000763,第三方登录：微信登录页面无法显示，QQ无法获取权限,login.page_view.permission,雅思听力__C18,雅思听力__C0,0.075953,0,1,1,0,0,0,0
TFIDF+HC__雅思听力__10010000004630,tfidf_hc_K20,TFIDF+HC,雅思听力,10010000004630,login.page_view.other,在忘记密码界面点击获取验证码后，会限制60秒后才能继续获取，但返回登录界面再进去忘记密码界面，则该时间重置。,6,10010000001261,对原本下载的QQ版本无法使用第三方登录,login.other.cannot_or_fail,雅思听力__C18,雅思听力__C0,0.0109,0,1,1,0,0,0,0
TFIDF+HC__雅思听力__10010000004630,tfidf_hc_K20,TFIDF+HC,雅思听力,10010000004630,login.page_view.other,在忘记密码界面点击获取验证码后，会限制60秒后才能继续获取，但返回登录界面再进去忘记密码界面，则该时间重置。,7,10010000000517,测试时随便填好，然后点击完成，出现提交界面，但点了提交后无反应,other.page_view.cannot_or_fail,雅思听力__C5,雅思听力__C0,0.075812,0,0,1,0,0,0,0
TFIDF+HC__雅思听力__10010000004630,tfidf_hc_K20,TFIDF+HC,雅思听力,10010000004630,login.page_view.other,在忘记密码界面点击获取验证码后，会限制60秒后才能继续获取，但返回登录界面再进去忘记密码界面，则该时间重置。,8,10010000001630,第三方账户不能登录，必须用手机再次登录,login.other.cannot_or_fail,雅思听力__C18,雅思听力__C0,0.036993,0,1,1,0,0,0,0
TFIDF+HC__雅思听力__10010000004630,tfidf_hc_K20,TFIDF+HC,雅思听力,10010000004630,login.page_view.other,在忘记密码界面点击获取验证码后，会限制60秒后才能继续获取，但返回登录界面再进去忘记密码界面，则该时间重置。,9,10010000001846,微信登录界面无法弹出，QQ登录显示无权限，只有微博登录正常,login.page_view.permission,雅思听力__C18,雅思听力__C0,0.088284,0,1,1,0,0,0,0
TFIDF+HC__雅思听力__10010000004630,tfidf_hc_K20,TFIDF+HC,雅思听力,10010000004630,login.page_view.other,在忘记密码界面点击获取验证码后，会限制60秒后才能继续获取，但返回登录界面再进去忘记密码界面，则该时间重置。,10,10010000001394,"无法使用QQ登录,提示为非官方应用。",login.other.cannot_or_fail,雅思听力__C18,雅思听力__C0,0.013805,0,1,1,0,0,0,0
TFIDF+HC__雅思听力__10010000004630,tfidf_hc_K20,TFIDF+HC,雅思听力,10010000004630,login.page_view.other,在忘记密码界面点击获取验证码后，会限制60秒后才能继续获取，但返回登录界面再进去忘记密码界面，则该时间重置。,11,10010000001408,进入软件就有更新，但更新后无法安装,other.other.cannot_or_fail,雅思听力__C6,雅思听力__C0,0.029657,0,0,1,0,0,0,0
TFIDF+HC__雅思听力__10010000004630,tfidf_hc_K20,TFIDF+HC,雅思听力,10010000004630,login.page_view.other,在忘记密码界面点击获取验证码后，会限制60秒后才能继续获取，但返回登录界面再进去忘记密码界面，则该时间重置。,12,10010000001067,在登陆首页当用户忘记密码时，正确输入短信验证码时，提示用户重新设置密码时，强行退出,settings.page_view.other,雅思听力__C0,雅思听力__C0,0.146217,0,0,0,0,0,0,0
TFIDF+HC__雅思听力__10010000004630,tfidf_hc_K20,TFIDF+HC,雅思听力,10010000004630,login.page_view.other,在忘记密码界面点击获取验证码后，会限制60秒后才能继续获取，但返回登录界面再进去忘记密码界面，则该时间重置。,13,10010000000573,只有单独的英语界面或者单独的汉语界面，应该加一个页面一句英语一句汉语翻译并且已读过的跟正在读的的不容易区分，正在播放句子的应该颜色应该…,playback.page_view.other,雅思听力__C16,雅思听力__C0,0.057239,0,0,1,0,0,0,0
TFIDF+HC__雅思听力__10010000004630,tfidf_hc_K20,TFIDF+HC,雅思听力,10010000004630,login.page_view.other,在忘记密码界面点击获取验证码后，会限制60秒后才能继续获取，但返回登录界面再进去忘记密码界面，则该时间重置。,14,10010000001047,重置密码时，二次登陆无法登陆，且无相应提示,other.other.cannot_or_fail,雅思听力__C0,雅思听力__C0,0.063003,0,0,0,0,0,0,0
TFIDF+HC__雅思听力__10010000004630,tfidf_hc_K20,TFIDF+HC,雅思听力,10010000004630,login.page_view.other,在忘记密码界面点击获取验证码后，会限制60秒后才能继续获取，但返回登录界面再进去忘记密码界面，则该时间重置。,15,10010000000325,版本更新提示点击取消时会处在一直加载的进度圈，点击屏幕后才会消失并进入当前版本应用,other.other.load_fail,雅思听力__C6,雅思听力__C0,0.055198,0,0,1,0,0,0,0
TFIDF+HC__雅思听力__10010000004630,tfidf_hc_K20,TFIDF+HC,雅思听力,10010000004630,login.page_view.other,在忘记密码界面点击获取验证码后，会限制60秒后才能继续获取，但返回登录界面再进去忘记密码界面，则该时间重置。,16,10010000000131,进入用户注册页面后，点击“验证码”获取验证码,register.page_view.other,雅思听力__C0,雅思听力__C0,0.183728,0,0,0,0,0,0,0
TFIDF+HC__雅思听力__10010000004630,tfidf_hc_K20,TFIDF+HC,雅思听力,10010000004630,login.page_view.other,在忘记密码界面点击获取验证码后，会限制60秒后才能继续获取，但返回登录界面再进去忘记密码界面，则该时间重置。,17,10010000001002,忘记密码提示框未对手机号码输入框长度做出正确限制,other.input_box.other,雅思听力__C0,雅思听力__C0,0.14951,0,0,0,0,0,0,0
TFIDF+HC__雅思听力__10010000004630,tfidf_hc_K20,TFIDF+HC,雅思听力,10010000004630,login.page_view.other,在忘记密码界面点击获取验证码后，会限制60秒后才能继续获取，但返回登录界面再进去忘记密码界面，则该时间重置。,18,10010000000162,微信登录点击多次出现加载页面，未跳转,login.page_view.other,雅思听力__C18,雅思听力__C0,0.039217,1,1,1,1,1,1,1
TFIDF+HC__雅思听力__10010000004630,tfidf_hc_K20,TFIDF+HC,雅思听力,10010000004630,login.page_view.other,在忘记密码界面点击获取验证码后，会限制60秒后才能继续获取，但返回登录界面再进去忘记密码界面，则该时间重置。,19,10010000000512,用户密码为简单数字时，注册不成功，但又没提示,register.other.other,雅思听力__C0,雅思听力__C0,0.052182,0,0,0,0,0,0,0
TFIDF+HC__雅思听力__10010000004630,tfidf_hc_K20,TFIDF+HC,雅思听力,10010000004630,login.page_view.other,在忘记密码界面点击获取验证码后，会限制60秒后才能继续获取，但返回登录界面再进去忘记密码界面，则该时间重置。,20,10010000001413,进入主界面，上方的灰色部分看着很单调，没有展现该软件的特点。页面布局单调,other.page_view.layout_issue,雅思听力__C1,雅思听力__C0,0.056114,0,0,1,0,0,0,0
TFIDF+HC__雅思听力__10010000004630,tfidf_hc_K20,TFIDF+HC,雅思听力,10010000004630,login.page_view.other,在忘记密码界面点击获取验证码后，会限制60秒后才能继续获取，但返回登录界面再进去忘记密码界面，则该时间重置。,21,10010000001690,点进去之后提示更新，点击关闭一直在等待。需手工按返回键才可以继续使用,other.button_icon.other,雅思听力__C6,雅思听力__C0,0.090894,0,0,1,0,0,0,0
TFIDF+HC__雅思听力__10010000004630,tfidf_hc_K20,TFIDF+HC,雅思听力,10010000004630,login.page_view.other,在忘记密码界面点击获取验证码后，会限制60秒后才能继续获取，但返回登录界面再进去忘记密码界面，则该时间重置。,22,10010000000192,进入注册页面，光标停留在重复密码上,register.page_view.other,雅思听力__C0,雅思听力__C0,0.067044,0,0,0,0,0,0,0
TFIDF+HC__雅思听力__10010000004630,tfidf_hc_K20,TFIDF+HC,雅思听力,10010000004630,login.page_view.other,在忘记密码界面点击获取验证码后，会限制60秒后才能继续获取，但返回登录界面再进去忘记密码界面，则该时间重置。,23,10010000000835,注册登录时在收验证码时退出界面 再注册时验证码不可用,register.page_view.other,雅思听力__C0,雅思听力__C0,0.118874,0,0,0,0,0,0,0
TFIDF+HC__雅思听力__10010000004630,tfidf_hc_K20,TFIDF+HC,雅思听力,10010000004630,login.page_view.other,在忘记密码界面点击获取验证码后，会限制60秒后才能继续获取，但返回登录界面再进去忘记密码界面，则该时间重置。,24,10010000001981,当点击练习功能时，右上角的选项中，有三个选择：“关闭”、“筛选”、“重置”，当点击：“关闭”、“重置”时，页面都会有反应，但是当点击“…,other.page_view.freeze,雅思听力__C17,雅思听力__C0,0.047969,0,0,1,0,0,0,0
TFIDF+HC__雅思听力__10010000004630,tfidf_hc_K20,TFIDF+HC,雅思听力,10010000004630,login.page_view.other,在忘记密码界面点击获取验证码后，会限制60秒后才能继续获取，但返回登录界面再进去忘记密码界面，则该时间重置。,25,10010000001027,短信登陆验证码文本输入框对输入类型未限制,other.input_box.other,雅思听力__C0,雅思听力__C0,0.059081,0,0,0,0,0,0,0
TFIDF+HC__雅思听力__10010000004630,tfidf_hc_K20,TFIDF+HC,雅思听力,10010000004630,login.page_view.other,在忘记密码界面点击获取验证码后，会限制60秒后才能继续获取，但返回登录界面再进去忘记密码界面，则该时间重置。,26,10010000000877,登录进入应用后，应用一直处于刷新状态,login.other.other,雅思听力__C6,雅思听力__C0,0.033044,0,1,1,0,0,0,0
TFIDF+HC__雅思听力__10010000004630,tfidf_hc_K20,TFIDF+HC,雅思听力,10010000004630,login.page_view.other,在忘记密码界面点击获取验证码后，会限制60秒后才能继续获取，但返回登录界面再进去忘记密码界面，则该时间重置。,27,10010000004186,splash界面快速滑动会在第三个界面卡顿，并会跳过第四个界面,other.page_view.freeze,雅思听力__C19,雅思听力__C0,0.091799,0,0,1,0,0,0,0
TFIDF+HC__雅思听力__10010000004630,tfidf_hc_K20,TFIDF+HC,雅思听力,10010000004630,login.page_view.other,在忘记密码界面点击获取验证码后，会限制60秒后才能继续获取，但返回登录界面再进去忘记密码界面，则该时间重置。,28,10010000004725,注册界面，快速点击获取验证码会收到多条短信,register.page_view.other,雅思听力__C0,雅思听力__C0,0.213606,0,0,0,0,0,0,0
TFIDF+HC__雅思听力__10010000004630,tfidf_hc_K20,TFIDF+HC,雅思听力,10010000004630,login.page_view.other,在忘记密码界面点击获取验证码后，会限制60秒后才能继续获取，但返回登录界面再进去忘记密码界面，则该时间重置。,29,10010000000392,登录进入app，关闭更新提示后，一直处于刷新状态,login.other.other,雅思听力__C6,雅思听力__C0,0.03054,0,1,1,0,0,0,0
TFIDF+HC__雅思听力__10010000004630,tfidf_hc_K20,TFIDF+HC,雅思听力,10010000004630,login.page_view.other,在忘记密码界面点击获取验证码后，会限制60秒后才能继续获取，但返回登录界面再进去忘记密码界面，则该时间重置。,30,10010000001012,忘记密码输入框的长度未作出正确限制,other.input_box.other,雅思听力__C0,雅思听力__C0,0.166202,0,0,0,0,0,0,0
TFIDF+HC__雅思听力__10010000004630,tfidf_hc_K20,TFIDF+HC,雅思听力,10010000004630,login.page_view.other,在忘记密码界面点击获取验证码后，会限制60秒后才能继续获取，但返回登录界面再进去忘记密码界面，则该时间重置。,31,10010000002021,点击练习按钮之后，页面右上角的按钮会提供“关闭”、“筛选”、“重置”三个选项，点击“关闭”、“重置”时页面都会响应，但是点击“筛选”时…,other.button_icon.cannot_or_fail,雅思听力__C17,雅思听力__C0,0.055382,0,0,1,0,0,0,0
TFIDF+HC__雅思听力__10010000004630,tfidf_hc_K20,TFIDF+HC,雅思听力,10010000004630,login.page_view.other,在忘记密码界面点击获取验证码后，会限制60秒后才能继续获取，但返回登录界面再进去忘记密码界面，则该时间重置。,32,10010000001028,短信登陆验证码文本输入框对输入长度未做限制,other.input_box.other,雅思听力__C0,雅思听力__C0,0.058647,0,0,0,0,0,0,0
TFIDF+HC__雅思听力__10010000004630,tfidf_hc_K20,TFIDF+HC,雅思听力,10010000004630,login.page_view.other,在忘记密码界面点击获取验证码后，会限制60秒后才能继续获取，但返回登录界面再进去忘记密码界面，则该时间重置。,33,10010000001140,在句库界面，选择一个句子进行听力时，没有进度显示，缺少暂停按钮。点击“打钩”icon就是将当前句删除，而没有给用户提示。,playback.button_icon.other,雅思听力__C9,雅思听力__C0,0.047722,0,0,1,0,0,0,0
TFIDF+HC__雅思听力__10010000004630,tfidf_hc_K20,TFIDF+HC,雅思听力,10010000004630,login.page_view.other,在忘记密码界面点击获取验证码后，会限制60秒后才能继续获取，但返回登录界面再进去忘记密码界面，则该时间重置。,34,10010000001129,下载完更新安装包后，安装过程中失败。应用无法更新。,other.other.cannot_or_fail,雅思听力__C6,雅思听力__C0,0.017706,0,0,1,0,0,0,0
SBERT+HC__雅思听力__10010000004630,sbert_hc_K20,SBERT+HC,雅思听力,10010000004630,login.page_view.other,在忘记密码界面点击获取验证码后，会限制60秒后才能继续获取，但返回登录界面再进去忘记密码界面，则该时间重置。,1,10010000001028,短信登陆验证码文本输入框对输入长度未做限制,other.input_box.other,雅思听力__C19,雅思听力__C10,0.058647,0,0,1,0,0,0,0
SBERT+HC__雅思听力__10010000004630,sbert_hc_K20,SBERT+HC,雅思听力,10010000004630,login.page_view.other,在忘记密码界面点击获取验证码后，会限制60秒后才能继续获取，但返回登录界面再进去忘记密码界面，则该时间重置。,2,10010000001044,个人信息——我的报告为0，清空按钮仍然可以点击,other.button_icon.other,雅思听力__C8,雅思听力__C10,0.018217,0,0,1,0,0,0,0
SBERT+HC__雅思听力__10010000004630,sbert_hc_K20,SBERT+HC,雅思听力,10010000004630,login.page_view.other,在忘记密码界面点击获取验证码后，会限制60秒后才能继续获取，但返回登录界面再进去忘记密码界面，则该时间重置。,3,10010000001846,微信登录界面无法弹出，QQ登录显示无权限，只有微博登录正常,login.page_view.permission,雅思听力__C5,雅思听力__C10,0.088284,0,1,1,0,0,0,0
SBERT+HC__雅思听力__10010000004630,sbert_hc_K20,SBERT+HC,雅思听力,10010000004630,login.page_view.other,在忘记密码界面点击获取验证码后，会限制60秒后才能继续获取，但返回登录界面再进去忘记密码界面，则该时间重置。,4,10010000001140,在句库界面，选择一个句子进行听力时，没有进度显示，缺少暂停按钮。点击“打钩”icon就是将当前句删除，而没有给用户提示。,playback.button_icon.other,雅思听力__C8,雅思听力__C10,0.047722,0,0,1,0,0,0,0
SBERT+HC__雅思听力__10010000004630,sbert_hc_K20,SBERT+HC,雅思听力,10010000004630,login.page_view.other,在忘记密码界面点击获取验证码后，会限制60秒后才能继续获取，但返回登录界面再进去忘记密码界面，则该时间重置。,5,10010000000834,注册登录界面忘记密码选项 在没有注册的情况的下也能使用 收到修改密码的验证码,register.page_view.other,雅思听力__C10,雅思听力__C10,0.191343,0,0,0,0,0,0,0
SBERT+HC__雅思听力__10010000004630,sbert_hc_K20,SBERT+HC,雅思听力,10010000004630,login.page_view.other,在忘记密码界面点击获取验证码后，会限制60秒后才能继续获取，但返回登录界面再进去忘记密码界面，则该时间重置。,6,10010000000192,进入注册页面，光标停留在重复密码上,register.page_view.other,雅思听力__C10,雅思听力__C10,0.067044,0,0,0,0,0,0,0
SBERT+HC__雅思听力__10010000004630,sbert_hc_K20,SBERT+HC,雅思听力,10010000004630,login.page_view.other,在忘记密码界面点击获取验证码后，会限制60秒后才能继续获取，但返回登录界面再进去忘记密码界面，则该时间重置。,7,10010000000325,版本更新提示点击取消时会处在一直加载的进度圈，点击屏幕后才会消失并进入当前版本应用,other.other.load_fail,雅思听力__C2,雅思听力__C10,0.055198,0,0,1,0,0,0,0
SBERT+HC__雅思听力__10010000004630,sbert_hc_K20,SBERT+HC,雅思听力,10010000004630,login.page_view.other,在忘记密码界面点击获取验证码后，会限制60秒后才能继续获取，但返回登录界面再进去忘记密码界面，则该时间重置。,8,10010000000618,取消更新后下次打开应用点击更新会出现未知错误,other.other.wrong_value,雅思听力__C2,雅思听力__C10,0.033931,0,0,1,0,0,0,0
SBERT+HC__雅思听力__10010000004630,sbert_hc_K20,SBERT+HC,雅思听力,10010000004630,login.page_view.other,在忘记密码界面点击获取验证码后，会限制60秒后才能继续获取，但返回登录界面再进去忘记密码界面，则该时间重置。,9,10010000000162,微信登录点击多次出现加载页面，未跳转,login.page_view.other,雅思听力__C5,雅思听力__C10,0.039217,1,1,1,1,1,1,1
SBERT+HC__雅思听力__10010000004630,sbert_hc_K20,SBERT+HC,雅思听力,10010000004630,login.page_view.other,在忘记密码界面点击获取验证码后，会限制60秒后才能继续获取，但返回登录界面再进去忘记密码界面，则该时间重置。,10,10010000004725,注册界面，快速点击获取验证码会收到多条短信,register.page_view.other,雅思听力__C10,雅思听力__C10,0.213606,0,0,0,0,0,0,0
SBERT+HC__雅思听力__10010000004630,sbert_hc_K20,SBERT+HC,雅思听力,10010000004630,login.page_view.other,在忘记密码界面点击获取验证码后，会限制60秒后才能继续获取，但返回登录界面再进去忘记密码界面，则该时间重置。,11,10010000001002,忘记密码提示框未对手机号码输入框长度做出正确限制,other.input_box.other,雅思听力__C7,雅思听力__C10,0.14951,0,0,1,0,0,0,0
SBERT+HC__雅思听力__10010000004630,sbert_hc_K20,SBERT+HC,雅思听力,10010000004630,login.page_view.other,在忘记密码界面点击获取验证码后，会限制60秒后才能继续获取，但返回登录界面再进去忘记密码界面，则该时间重置。,12,10010000001288,退出应用时，没有友好提示。而是直接退出。每次打开应用时，都有更新提示。,other.other.crash,雅思听力__C2,雅思听力__C10,0.01192,0,0,1,0,0,0,0
SBERT+HC__雅思听力__10010000004630,sbert_hc_K20,SBERT+HC,雅思听力,10010000004630,login.page_view.other,在忘记密码界面点击获取验证码后，会限制60秒后才能继续获取，但返回登录界面再进去忘记密码界面，则该时间重置。,13,10010000000392,登录进入app，关闭更新提示后，一直处于刷新状态,login.other.other,雅思听力__C2,雅思听力__C10,0.03054,0,1,1,0,0,0,0
SBERT+HC__雅思听力__10010000004630,sbert_hc_K20,SBERT+HC,雅思听力,10010000004630,login.page_view.other,在忘记密码界面点击获取验证码后，会限制60秒后才能继续获取，但返回登录界面再进去忘记密码界面，则该时间重置。,14,10010000000344,"登录时忘记密码，重新设置密码时光标出现在""重复密码""一栏，而不是""密码""一栏。",login.page_view.other,雅思听力__C10,雅思听力__C10,0.150385,1,1,0,0,0,0,0
SBERT+HC__雅思听力__10010000004630,sbert_hc_K20,SBERT+HC,雅思听力,10010000004630,login.page_view.other,在忘记密码界面点击获取验证码后，会限制60秒后才能继续获取，但返回登录界面再进去忘记密码界面，则该时间重置。,15,10010000001067,在登陆首页当用户忘记密码时，正确输入短信验证码时，提示用户重新设置密码时，强行退出,settings.page_view.other,雅思听力__C10,雅思听力__C10,0.146217,0,0,0,0,0,0,0
SBERT+HC__雅思听力__10010000004630,sbert_hc_K20,SBERT+HC,雅思听力,10010000004630,login.page_view.other,在忘记密码界面点击获取验证码后，会限制60秒后才能继续获取，但返回登录界面再进去忘记密码界面，则该时间重置。,16,10010000004774,用户注册界面，快速点击获取验证码，获取验证码按钮的背景会保持被按下的状态,register.button_icon.other,雅思听力__C10,雅思听力__C10,0.223151,0,0,0,0,0,0,0
SBERT+HC__雅思听力__10010000004630,sbert_hc_K20,SBERT+HC,雅思听力,10010000004630,login.page_view.other,在忘记密码界面点击获取验证码后，会限制60秒后才能继续获取，但返回登录界面再进去忘记密码界面，则该时间重置。,17,10010000000877,登录进入应用后，应用一直处于刷新状态,login.other.other,雅思听力__C2,雅思听力__C10,0.033044,0,1,1,0,0,0,0
SBERT+HC__雅思听力__10010000004630,sbert_hc_K20,SBERT+HC,雅思听力,10010000004630,login.page_view.other,在忘记密码界面点击获取验证码后，会限制60秒后才能继续获取，但返回登录界面再进去忘记密码界面，则该时间重置。,18,10010000001690,点进去之后提示更新，点击关闭一直在等待。需手工按返回键才可以继续使用,other.button_icon.other,雅思听力__C8,雅思听力__C10,0.090894,0,0,1,0,0,0,0
SBERT+HC__雅思听力__10010000004630,sbert_hc_K20,SBERT+HC,雅思听力,10010000004630,login.page_view.other,在忘记密码界面点击获取验证码后，会限制60秒后才能继续获取，但返回登录界面再进去忘记密码界面，则该时间重置。,19,10010000000559,用于账户安全的手机短信验证码没做加密处理，可修改任意已注册账户的密码。（软件最新版本也有此问题）,register.other.other,雅思听力__C10,雅思听力__C10,0.050803,0,0,0,0,0,0,0
SBERT+HC__雅思听力__10010000004630,sbert_hc_K20,SBERT+HC,雅思听力,10010000004630,login.page_view.other,在忘记密码界面点击获取验证码后，会限制60秒后才能继续获取，但返回登录界面再进去忘记密码界面，则该时间重置。,20,10010000000517,测试时随便填好，然后点击完成，出现提交界面，但点了提交后无反应,other.page_view.cannot_or_fail,雅思听力__C8,雅思听力__C10,0.075812,0,0,1,0,0,0,0
SBERT+HC__雅思听力__10010000004630,sbert_hc_K20,SBERT+HC,雅思听力,10010000004630,login.page_view.other,在忘记密码界面点击获取验证码后，会限制60秒后才能继续获取，但返回登录界面再进去忘记密码界面，则该时间重置。,21,10010000000439,控制用户一秒之内，多次点击按钮，连续弹出toast,other.button_icon.other,雅思听力__C8,雅思听力__C10,0.034712,0,0,1,0,0,0,0
SBERT+HC__雅思听力__10010000004630,sbert_hc_K20,SBERT+HC,雅思听力,10010000004630,login.page_view.other,在忘记密码界面点击获取验证码后，会限制60秒后才能继续获取，但返回登录界面再进去忘记密码界面，则该时间重置。,22,10010000001047,重置密码时，二次登陆无法登陆，且无相应提示,other.other.cannot_or_fail,雅思听力__C10,雅思听力__C10,0.063003,0,0,0,0,0,0,0
SBERT+HC__雅思听力__10010000004630,sbert_hc_K20,SBERT+HC,雅思听力,10010000004630,login.page_view.other,在忘记密码界面点击获取验证码后，会限制60秒后才能继续获取，但返回登录界面再进去忘记密码界面，则该时间重置。,23,10010000001139,下载完听力资料后，点击一下没反应，须点击两次才可进入进行听力。听力已听的句数，并没有进行实时的反馈。,playback.audio.other,雅思听力__C9,雅思听力__C10,0.036843,0,0,1,0,0,0,0
SBERT+HC__雅思听力__10010000004630,sbert_hc_K20,SBERT+HC,雅思听力,10010000004630,login.page_view.other,在忘记密码界面点击获取验证码后，会限制60秒后才能继续获取，但返回登录界面再进去忘记密码界面，则该时间重置。,24,10010000000197,用户输入手机号码不可以登录或者注册，直接阻碍用户体验功能。且不可以通过Qq等方式快速登录,register.other.cannot_or_fail,雅思听力__C10,雅思听力__C10,0.027941,0,0,0,0,0,0,0
SBERT+HC__雅思听力__10010000004630,sbert_hc_K20,SBERT+HC,雅思听力,10010000004630,login.page_view.other,在忘记密码界面点击获取验证码后，会限制60秒后才能继续获取，但返回登录界面再进去忘记密码界面，则该时间重置。,25,10010000001262,使用微信实现第三方登录时一直登不上去而且要等待很久,login.other.other,雅思听力__C5,雅思听力__C10,0.022043,0,1,1,0,0,0,0
SBERT+HC__雅思听力__10010000004630,sbert_hc_K20,SBERT+HC,雅思听力,10010000004630,login.page_view.other,在忘记密码界面点击获取验证码后，会限制60秒后才能继续获取，但返回登录界面再进去忘记密码界面，则该时间重置。,26,10010000000324,点击清理垃圾，若重复点击清理垃圾按钮，会重复出现Toast提示，按几次按钮出现几次，可设置判断减少出现提示,settings.button_icon.other,雅思听力__C8,雅思听力__C10,0.029722,0,0,1,0,0,0,0
SBERT+HC__雅思听力__10010000004630,sbert_hc_K20,SBERT+HC,雅思听力,10010000004630,login.page_view.other,在忘记密码界面点击获取验证码后，会限制60秒后才能继续获取，但返回登录界面再进去忘记密码界面，则该时间重置。,27,10010000001012,忘记密码输入框的长度未作出正确限制,other.input_box.other,雅思听力__C10,雅思听力__C10,0.166202,0,0,0,0,0,0,0
SBERT+HC__雅思听力__10010000004630,sbert_hc_K20,SBERT+HC,雅思听力,10010000004630,login.page_view.other,在忘记密码界面点击获取验证码后，会限制60秒后才能继续获取，但返回登录界面再进去忘记密码界面，则该时间重置。,28,10010000000835,注册登录时在收验证码时退出界面 再注册时验证码不可用,register.page_view.other,雅思听力__C10,雅思听力__C10,0.118874,0,0,0,0,0,0,0
SBERT+HC__雅思听力__10010000004630,sbert_hc_K20,SBERT+HC,雅思听力,10010000004630,login.page_view.other,在忘记密码界面点击获取验证码后，会限制60秒后才能继续获取，但返回登录界面再进去忘记密码界面，则该时间重置。,29,10010000001042,个人信息——学习设置打开时，数据刷新速度过慢为1.7秒以上,settings.page_view.other,雅思听力__C17,雅思听力__C10,0.015861,0,0,1,0,0,0,0
SBERT+HC__雅思听力__10010000004630,sbert_hc_K20,SBERT+HC,雅思听力,10010000004630,login.page_view.other,在忘记密码界面点击获取验证码后，会限制60秒后才能继续获取，但返回登录界面再进去忘记密码界面，则该时间重置。,30,10010000001122,在后台关闭退出此应用再次启动时出现了闪退现象。,other.other.crash,雅思听力__C2,雅思听力__C10,0.019556,0,0,1,0,0,0,0
SBERT+HC__雅思听力__10010000004630,sbert_hc_K20,SBERT+HC,雅思听力,10010000004630,login.page_view.other,在忘记密码界面点击获取验证码后，会限制60秒后才能继续获取，但返回登录界面再进去忘记密码界面，则该时间重置。,31,10010000000168,在登陆界面上的第三方登陆中 微信账号无法登陆，登陆失败。例如：点击微信图标，软件无反应只提示登陆失败,other.button_icon.cannot_or_fail,雅思听力__C5,雅思听力__C10,0.039008,0,0,1,0,0,0,0
SBERT+HC__雅思听力__10010000004630,sbert_hc_K20,SBERT+HC,雅思听力,10010000004630,login.page_view.other,在忘记密码界面点击获取验证码后，会限制60秒后才能继续获取，但返回登录界面再进去忘记密码界面，则该时间重置。,32,10010000000512,用户密码为简单数字时，注册不成功，但又没提示,register.other.other,雅思听力__C10,雅思听力__C10,0.052182,0,0,0,0,0,0,0
LLMCluster__雅思听力__10010000004630,llmcluster_glm-4-air,LLMCluster,雅思听力,10010000004630,login.page_view.other,在忘记密码界面点击获取验证码后，会限制60秒后才能继续获取，但返回登录界面再进去忘记密码界面，则该时间重置。,1,10010000000168,在登陆界面上的第三方登陆中 微信账号无法登陆，登陆失败。例如：点击微信图标，软件无反应只提示登陆失败,other.button_icon.cannot_or_fail,雅思听力__C2,雅思听力__C3,0.039008,0,0,1,0,0,0,0
LLMCluster__雅思听力__10010000004630,llmcluster_glm-4-air,LLMCluster,雅思听力,10010000004630,login.page_view.other,在忘记密码界面点击获取验证码后，会限制60秒后才能继续获取，但返回登录界面再进去忘记密码界面，则该时间重置。,2,10010000001304,意见反馈界面，当昵称过长时 界面布局分布异常,other.page_view.layout_issue,雅思听力__C4,雅思听力__C3,0.083588,0,0,1,0,0,0,0
LLMCluster__雅思听力__10010000004630,llmcluster_glm-4-air,LLMCluster,雅思听力,10010000004630,login.page_view.other,在忘记密码界面点击获取验证码后，会限制60秒后才能继续获取，但返回登录界面再进去忘记密码界面，则该时间重置。,3,10010000004725,注册界面，快速点击获取验证码会收到多条短信,register.page_view.other,雅思听力__C3,雅思听力__C3,0.213606,0,0,0,0,0,0,0
LLMCluster__雅思听力__10010000004630,llmcluster_glm-4-air,LLMCluster,雅思听力,10010000004630,login.page_view.other,在忘记密码界面点击获取验证码后，会限制60秒后才能继续获取，但返回登录界面再进去忘记密码界面，则该时间重置。,4,10010000004774,用户注册界面，快速点击获取验证码，获取验证码按钮的背景会保持被按下的状态,register.button_icon.other,雅思听力__C3,雅思听力__C3,0.223151,0,0,0,0,0,0,0
LLMCluster__雅思听力__10010000004630,llmcluster_glm-4-air,LLMCluster,雅思听力,10010000004630,login.page_view.other,在忘记密码界面点击获取验证码后，会限制60秒后才能继续获取，但返回登录界面再进去忘记密码界面，则该时间重置。,5,10010000001012,忘记密码输入框的长度未作出正确限制,other.input_box.other,雅思听力__C3,雅思听力__C3,0.166202,0,0,0,0,0,0,0
LLMCluster__雅思听力__10010000004630,llmcluster_glm-4-air,LLMCluster,雅思听力,10010000004630,login.page_view.other,在忘记密码界面点击获取验证码后，会限制60秒后才能继续获取，但返回登录界面再进去忘记密码界面，则该时间重置。,6,10010000000131,进入用户注册页面后，点击“验证码”获取验证码,register.page_view.other,雅思听力__C3,雅思听力__C3,0.183728,0,0,0,0,0,0,0
LLMCluster__雅思听力__10010000004630,llmcluster_glm-4-air,LLMCluster,雅思听力,10010000004630,login.page_view.other,在忘记密码界面点击获取验证码后，会限制60秒后才能继续获取，但返回登录界面再进去忘记密码界面，则该时间重置。,7,10010000001067,在登陆首页当用户忘记密码时，正确输入短信验证码时，提示用户重新设置密码时，强行退出,settings.page_view.other,雅思听力__C3,雅思听力__C3,0.146217,0,0,0,0,0,0,0
LLMCluster__雅思听力__10010000004630,llmcluster_glm-4-air,LLMCluster,雅思听力,10010000004630,login.page_view.other,在忘记密码界面点击获取验证码后，会限制60秒后才能继续获取，但返回登录界面再进去忘记密码界面，则该时间重置。,8,10010000001047,重置密码时，二次登陆无法登陆，且无相应提示,other.other.cannot_or_fail,雅思听力__C3,雅思听力__C3,0.063003,0,0,0,0,0,0,0
LLMCluster__雅思听力__10010000004630,llmcluster_glm-4-air,LLMCluster,雅思听力,10010000004630,login.page_view.other,在忘记密码界面点击获取验证码后，会限制60秒后才能继续获取，但返回登录界面再进去忘记密码界面，则该时间重置。,9,10010000001630,第三方账户不能登录，必须用手机再次登录,login.other.cannot_or_fail,雅思听力__C2,雅思听力__C3,0.036993,0,1,1,0,0,0,0
LLMCluster__雅思听力__10010000004630,llmcluster_glm-4-air,LLMCluster,雅思听力,10010000004630,login.page_view.other,在忘记密码界面点击获取验证码后，会限制60秒后才能继续获取，但返回登录界面再进去忘记密码界面，则该时间重置。,10,10010000001028,短信登陆验证码文本输入框对输入长度未做限制,other.input_box.other,雅思听力__C9,雅思听力__C3,0.058647,0,0,1,0,0,0,0
LLMCluster__雅思听力__10010000004630,llmcluster_glm-4-air,LLMCluster,雅思听力,10010000004630,login.page_view.other,在忘记密码界面点击获取验证码后，会限制60秒后才能继续获取，但返回登录界面再进去忘记密码界面，则该时间重置。,11,10010000001846,微信登录界面无法弹出，QQ登录显示无权限，只有微博登录正常,login.page_view.permission,雅思听力__C2,雅思听力__C3,0.088284,0,1,1,0,0,0,0
LLMCluster__雅思听力__10010000004630,llmcluster_glm-4-air,LLMCluster,雅思听力,10010000004630,login.page_view.other,在忘记密码界面点击获取验证码后，会限制60秒后才能继续获取，但返回登录界面再进去忘记密码界面，则该时间重置。,12,10010000000324,点击清理垃圾，若重复点击清理垃圾按钮，会重复出现Toast提示，按几次按钮出现几次，可设置判断减少出现提示,settings.button_icon.other,雅思听力__C9,雅思听力__C3,0.029722,0,0,1,0,0,0,0
LLMCluster__雅思听力__10010000004630,llmcluster_glm-4-air,LLMCluster,雅思听力,10010000004630,login.page_view.other,在忘记密码界面点击获取验证码后，会限制60秒后才能继续获取，但返回登录界面再进去忘记密码界面，则该时间重置。,13,10010000001690,点进去之后提示更新，点击关闭一直在等待。需手工按返回键才可以继续使用,other.button_icon.other,雅思听力__C8,雅思听力__C3,0.090894,0,0,1,0,0,0,0
LLMCluster__雅思听力__10010000004630,llmcluster_glm-4-air,LLMCluster,雅思听力,10010000004630,login.page_view.other,在忘记密码界面点击获取验证码后，会限制60秒后才能继续获取，但返回登录界面再进去忘记密码界面，则该时间重置。,14,10010000000392,登录进入app，关闭更新提示后，一直处于刷新状态,login.other.other,雅思听力__C8,雅思听力__C3,0.03054,0,1,1,0,0,0,0
LLMCluster__雅思听力__10010000004630,llmcluster_glm-4-air,LLMCluster,雅思听力,10010000004630,login.page_view.other,在忘记密码界面点击获取验证码后，会限制60秒后才能继续获取，但返回登录界面再进去忘记密码界面，则该时间重置。,15,10010000001035,个人信息———出生日期时间设置不合理页：设置为2018年9月4日,settings.page_view.other,雅思听力__C9,雅思听力__C3,0.027563,0,0,1,0,0,0,0
LLMCluster__雅思听力__10010000004630,llmcluster_glm-4-air,LLMCluster,雅思听力,10010000004630,login.page_view.other,在忘记密码界面点击获取验证码后，会限制60秒后才能继续获取，但返回登录界面再进去忘记密码界面，则该时间重置。,16,10010000000834,注册登录界面忘记密码选项 在没有注册的情况的下也能使用 收到修改密码的验证码,register.page_view.other,雅思听力__C3,雅思听力__C3,0.191343,0,0,0,0,0,0,0
LLMCluster__雅思听力__10010000004630,llmcluster_glm-4-air,LLMCluster,雅思听力,10010000004630,login.page_view.other,在忘记密码界面点击获取验证码后，会限制60秒后才能继续获取，但返回登录界面再进去忘记密码界面，则该时间重置。,17,10010000001413,进入主界面，上方的灰色部分看着很单调，没有展现该软件的特点。页面布局单调,other.page_view.layout_issue,雅思听力__C4,雅思听力__C3,0.056114,0,0,1,0,0,0,0
LLMCluster__雅思听力__10010000004630,llmcluster_glm-4-air,LLMCluster,雅思听力,10010000004630,login.page_view.other,在忘记密码界面点击获取验证码后，会限制60秒后才能继续获取，但返回登录界面再进去忘记密码界面，则该时间重置。,18,10010000000325,版本更新提示点击取消时会处在一直加载的进度圈，点击屏幕后才会消失并进入当前版本应用,other.other.load_fail,雅思听力__C8,雅思听力__C3,0.055198,0,0,1,0,0,0,0
LLMCluster__雅思听力__10010000004630,llmcluster_glm-4-air,LLMCluster,雅思听力,10010000004630,login.page_view.other,在忘记密码界面点击获取验证码后，会限制60秒后才能继续获取，但返回登录界面再进去忘记密码界面，则该时间重置。,19,10010000001981,当点击练习功能时，右上角的选项中，有三个选择：“关闭”、“筛选”、“重置”，当点击：“关闭”、“重置”时，页面都会有反应，但是当点击“…,other.page_view.freeze,雅思听力__C4,雅思听力__C3,0.047969,0,0,1,0,0,0,0
LLMCluster__雅思听力__10010000004630,llmcluster_glm-4-air,LLMCluster,雅思听力,10010000004630,login.page_view.other,在忘记密码界面点击获取验证码后，会限制60秒后才能继续获取，但返回登录界面再进去忘记密码界面，则该时间重置。,20,10010000000763,第三方登录：微信登录页面无法显示，QQ无法获取权限,login.page_view.permission,雅思听力__C2,雅思听力__C3,0.075953,0,1,1,0,0,0,0
LLMCluster__雅思听力__10010000004630,llmcluster_glm-4-air,LLMCluster,雅思听力,10010000004630,login.page_view.other,在忘记密码界面点击获取验证码后，会限制60秒后才能继续获取，但返回登录界面再进去忘记密码界面，则该时间重置。,21,10010000000344,"登录时忘记密码，重新设置密码时光标出现在""重复密码""一栏，而不是""密码""一栏。",login.page_view.other,雅思听力__C3,雅思听力__C3,0.150385,1,1,0,0,0,0,0
LLMCluster__雅思听力__10010000004630,llmcluster_glm-4-air,LLMCluster,雅思听力,10010000004630,login.page_view.other,在忘记密码界面点击获取验证码后，会限制60秒后才能继续获取，但返回登录界面再进去忘记密码界面，则该时间重置。,22,10010000000192,进入注册页面，光标停留在重复密码上,register.page_view.other,雅思听力__C3,雅思听力__C3,0.067044,0,0,0,0,0,0,0
LLMCluster__雅思听力__10010000004630,llmcluster_glm-4-air,LLMCluster,雅思听力,10010000004630,login.page_view.other,在忘记密码界面点击获取验证码后，会限制60秒后才能继续获取，但返回登录界面再进去忘记密码界面，则该时间重置。,23,10010000000162,微信登录点击多次出现加载页面，未跳转,login.page_view.other,雅思听力__C2,雅思听力__C3,0.039217,1,1,1,1,1,1,1
LLMCluster__雅思听力__10010000004630,llmcluster_glm-4-air,LLMCluster,雅思听力,10010000004630,login.page_view.other,在忘记密码界面点击获取验证码后，会限制60秒后才能继续获取，但返回登录界面再进去忘记密码界面，则该时间重置。,24,10010000001002,忘记密码提示框未对手机号码输入框长度做出正确限制,other.input_box.other,雅思听力__C1,雅思听力__C3,0.14951,0,0,1,0,0,0,0
LLMCluster__雅思听力__10010000004630,llmcluster_glm-4-air,LLMCluster,雅思听力,10010000004630,login.page_view.other,在忘记密码界面点击获取验证码后，会限制60秒后才能继续获取，但返回登录界面再进去忘记密码界面，则该时间重置。,25,10010000004186,splash界面快速滑动会在第三个界面卡顿，并会跳过第四个界面,other.page_view.freeze,雅思听力__C9,雅思听力__C3,0.091799,0,0,1,0,0,0,0
LLMCluster__雅思听力__10010000004630,llmcluster_glm-4-air,LLMCluster,雅思听力,10010000004630,login.page_view.other,在忘记密码界面点击获取验证码后，会限制60秒后才能继续获取，但返回登录界面再进去忘记密码界面，则该时间重置。,26,10010000000877,登录进入应用后，应用一直处于刷新状态,login.other.other,雅思听力__C8,雅思听力__C3,0.033044,0,1,1,0,0,0,0
LLMCluster__雅思听力__10010000004630,llmcluster_glm-4-air,LLMCluster,雅思听力,10010000004630,login.page_view.other,在忘记密码界面点击获取验证码后，会限制60秒后才能继续获取，但返回登录界面再进去忘记密码界面，则该时间重置。,27,10010000000835,注册登录时在收验证码时退出界面 再注册时验证码不可用,register.page_view.other,雅思听力__C3,雅思听力__C3,0.118874,0,0,0,0,0,0,0
LLMCluster__雅思听力__10010000004630,llmcluster_glm-4-air,LLMCluster,雅思听力,10010000004630,login.page_view.other,在忘记密码界面点击获取验证码后，会限制60秒后才能继续获取，但返回登录界面再进去忘记密码界面，则该时间重置。,28,10010000000573,只有单独的英语界面或者单独的汉语界面，应该加一个页面一句英语一句汉语翻译并且已读过的跟正在读的的不容易区分，正在播放句子的应该颜色应该…,playback.page_view.other,雅思听力__C4,雅思听力__C3,0.057239,0,0,1,0,0,0,0
LLMCluster__雅思听力__10010000004630,llmcluster_glm-4-air,LLMCluster,雅思听力,10010000004630,login.page_view.other,在忘记密码界面点击获取验证码后，会限制60秒后才能继续获取，但返回登录界面再进去忘记密码界面，则该时间重置。,29,10010000000517,测试时随便填好，然后点击完成，出现提交界面，但点了提交后无反应,other.page_view.cannot_or_fail,雅思听力__C9,雅思听力__C3,0.075812,0,0,1,0,0,0,0
LLMCluster__雅思听力__10010000004630,llmcluster_glm-4-air,LLMCluster,雅思听力,10010000004630,login.page_view.other,在忘记密码界面点击获取验证码后，会限制60秒后才能继续获取，但返回登录界面再进去忘记密码界面，则该时间重置。,30,10010000001027,短信登陆验证码文本输入框对输入类型未限制,other.input_box.other,雅思听力__C9,雅思听力__C3,0.059081,0,0,1,0,0,0,0
TFIDF+HC__雅思听力__10010000000274,tfidf_hc_K20,TFIDF+HC,雅思听力,10010000000274,other.button_icon.other,句库中选择某个句子，点击右下角对号图标，句子直接被删除。点击句子后应变为删除图标，且删除前应有对话框确认,1,10010000000517,测试时随便填好，然后点击完成，出现提交界面，但点了提交后无反应,other.page_view.cannot_or_fail,雅思听力__C5,雅思听力__C9,0.032082,0,1,1,0,0,0,0
TFIDF+HC__雅思听力__10010000000274,tfidf_hc_K20,TFIDF+HC,雅思听力,10010000000274,other.button_icon.other,句库中选择某个句子，点击右下角对号图标，句子直接被删除。点击句子后应变为删除图标，且删除前应有对话框确认,2,10010000001134,页面排版残缺，整体视觉效果差。考试倒计时的位置设置不明显，且过于单调。TOP10 字体设置太小。,settings.page_view.other,雅思听力__C12,雅思听力__C9,0.015912,0,0,1,0,0,0,0
TFIDF+HC__雅思听力__10010000000274,tfidf_hc_K20,TFIDF+HC,雅思听力,10010000000274,other.button_icon.other,句库中选择某个句子，点击右下角对号图标，句子直接被删除。点击句子后应变为删除图标，且删除前应有对话框确认,3,10010000001983,播放音频文件时，想要暂停它必须要点击右边的小箭头，再去点暂停键，建议直接在小箭头后面直接加上暂停键。,playback.audio.other,雅思听力__C5,雅思听力__C9,0.054122,0,0,1,0,0,0,0
TFIDF+HC__雅思听力__10010000000274,tfidf_hc_K20,TFIDF+HC,雅思听力,10010000000274,other.button_icon.other,句库中选择某个句子，点击右下角对号图标，句子直接被删除。点击句子后应变为删除图标，且删除前应有对话框确认,4,10010000001981,当点击练习功能时，右上角的选项中，有三个选择：“关闭”、“筛选”、“重置”，当点击：“关闭”、“重置”时，页面都会有反应，但是当点击“…,other.page_view.freeze,雅思听力__C17,雅思听力__C9,0.05351,0,1,1,0,0,0,0
TFIDF+HC__雅思听力__10010000000274,tfidf_hc_K20,TFIDF+HC,雅思听力,10010000000274,other.button_icon.other,句库中选择某个句子，点击右下角对号图标，句子直接被删除。点击句子后应变为删除图标，且删除前应有对话框确认,5,10010000001287,筛选对话框标签字体设置太小，颜色太浅。关闭及重置两个按钮不突出。,settings.button_icon.other,雅思听力__C12,雅思听力__C9,0.060443,0,0,1,0,0,0,0
TFIDF+HC__雅思听力__10010000000274,tfidf_hc_K20,TFIDF+HC,雅思听力,10010000000274,other.button_icon.other,句库中选择某个句子，点击右下角对号图标，句子直接被删除。点击句子后应变为删除图标，且删除前应有对话框确认,6,10010000000163,其他用户主页学分右边的剪头点击无反应,other.other.cannot_or_fail,雅思听力__C5,雅思听力__C9,0.030747,0,1,1,0,0,0,0
TFIDF+HC__雅思听力__10010000000274,tfidf_hc_K20,TFIDF+HC,雅思听力,10010000000274,other.button_icon.other,句库中选择某个句子，点击右下角对号图标，句子直接被删除。点击句子后应变为删除图标，且删除前应有对话框确认,7,10010000001148,评论区排版差，用户进行评论后，没有收到一个及时的反馈。在删除评论时，提示语有误。,comment.list_item.other,雅思听力__C7,雅思听力__C9,0.071128,0,0,1,0,0,0,0
TFIDF+HC__雅思听力__10010000000274,tfidf_hc_K20,TFIDF+HC,雅思听力,10010000000274,other.button_icon.other,句库中选择某个句子，点击右下角对号图标，句子直接被删除。点击句子后应变为删除图标，且删除前应有对话框确认,8,10010000001690,点进去之后提示更新，点击关闭一直在等待。需手工按返回键才可以继续使用,other.button_icon.other,雅思听力__C6,雅思听力__C9,0.033864,1,1,1,1,1,1,1
TFIDF+HC__雅思听力__10010000000274,tfidf_hc_K20,TFIDF+HC,雅思听力,10010000000274,other.button_icon.other,句库中选择某个句子，点击右下角对号图标，句子直接被删除。点击句子后应变为删除图标，且删除前应有对话框确认,9,10010000001410,官方指南中的文章录音中，语速选择按钮设计不当。当选择语速增加或减速没有确切的键可以点击。当想减速时，点击语速可能是加速。,playback.button_icon.other,雅思听力__C3,雅思听力__C9,0.052119,0,0,1,0,0,0,0
TFIDF+HC__雅思听力__10010000000274,tfidf_hc_K20,TFIDF+HC,雅思听力,10010000000274,other.button_icon.other,句库中选择某个句子，点击右下角对号图标，句子直接被删除。点击句子后应变为删除图标，且删除前应有对话框确认,10,10010000000324,点击清理垃圾，若重复点击清理垃圾按钮，会重复出现Toast提示，按几次按钮出现几次，可设置判断减少出现提示,settings.button_icon.other,雅思听力__C2,雅思听力__C9,0.02183,0,0,1,0,0,0,0
TFIDF+HC__雅思听力__10010000000274,tfidf_hc_K20,TFIDF+HC,雅思听力,10010000000274,other.button_icon.other,句库中选择某个句子，点击右下角对号图标，句子直接被删除。点击句子后应变为删除图标，且删除前应有对话框确认,11,10010000000439,控制用户一秒之内，多次点击按钮，连续弹出toast,other.button_icon.other,雅思听力__C2,雅思听力__C9,0.018633,1,1,1,1,1,1,1
TFIDF+HC__雅思听力__10010000000274,tfidf_hc_K20,TFIDF+HC,雅思听力,10010000000274,other.button_icon.other,句库中选择某个句子，点击右下角对号图标，句子直接被删除。点击句子后应变为删除图标，且删除前应有对话框确认,12,10010000000700,"分享漫听软件时,分享到微信和微信朋友圈功能不能实现",share.share_panel.cannot_or_fail,雅思听力__C2,雅思听力__C9,0.0,0,0,1,0,0,0,0
TFIDF+HC__雅思听力__10010000000274,tfidf_hc_K20,TFIDF+HC,雅思听力,10010000000274,other.button_icon.other,句库中选择某个句子，点击右下角对号图标，句子直接被删除。点击句子后应变为删除图标，且删除前应有对话框确认,13,10010000000131,进入用户注册页面后，点击“验证码”获取验证码,register.page_view.other,雅思听力__C0,雅思听力__C9,0.03365,0,0,1,0,0,0,0
TFIDF+HC__雅思听力__10010000000274,tfidf_hc_K20,TFIDF+HC,雅思听力,10010000000274,other.button_icon.other,句库中选择某个句子，点击右下角对号图标，句子直接被删除。点击句子后应变为删除图标，且删除前应有对话框确认,14,10010000002021,点击练习按钮之后，页面右上角的按钮会提供“关闭”、“筛选”、“重置”三个选项，点击“关闭”、“重置”时页面都会响应，但是点击“筛选”时…,other.button_icon.cannot_or_fail,雅思听力__C17,雅思听力__C9,0.047059,0,1,1,0,0,0,0
TFIDF+HC__雅思听力__10010000000274,tfidf_hc_K20,TFIDF+HC,雅思听力,10010000000274,other.button_icon.other,句库中选择某个句子，点击右下角对号图标，句子直接被删除。点击句子后应变为删除图标，且删除前应有对话框确认,15,10010000001632,漫听不能简单明了的显示如何选择句子,other.other.cannot_or_fail,雅思听力__C9,雅思听力__C9,0.102276,0,1,0,0,0,0,0
TFIDF+HC__雅思听力__10010000000274,tfidf_hc_K20,TFIDF+HC,雅思听力,10010000000274,other.button_icon.other,句库中选择某个句子，点击右下角对号图标，句子直接被删除。点击句子后应变为删除图标，且删除前应有对话框确认,16,10010000001977,进入后广告跳过图标太小，点起来麻烦,other.button_icon.other,雅思听力__C12,雅思听力__C9,0.060553,1,1,1,1,1,1,1
TFIDF+HC__雅思听力__10010000000274,tfidf_hc_K20,TFIDF+HC,雅思听力,10010000000274,other.button_icon.other,句库中选择某个句子，点击右下角对号图标，句子直接被删除。点击句子后应变为删除图标，且删除前应有对话框确认,17,10010000001140,在句库界面，选择一个句子进行听力时，没有进度显示，缺少暂停按钮。点击“打钩”icon就是将当前句删除，而没有给用户提示。,playback.button_icon.other,雅思听力__C9,雅思听力__C9,0.195671,0,0,0,0,0,0,0
TFIDF+HC__雅思听力__10010000000274,tfidf_hc_K20,TFIDF+HC,雅思听力,10010000000274,other.button_icon.other,句库中选择某个句子，点击右下角对号图标，句子直接被删除。点击句子后应变为删除图标，且删除前应有对话框确认,18,10010000001840,长按二维码没有反应，图二按日期右边的链接无反应。没有与微信公众号很好的链接,share.share_panel.cannot_or_fail,雅思听力__C5,雅思听力__C9,0.038344,0,0,1,0,0,0,0
TFIDF+HC__雅思听力__10010000000274,tfidf_hc_K20,TFIDF+HC,雅思听力,10010000000274,other.button_icon.other,句库中选择某个句子，点击右下角对号图标，句子直接被删除。点击句子后应变为删除图标，且删除前应有对话框确认,19,10010000000239,练习报告页面，点击分享按钮，选择分享到微信好友，无法分享，提示图片大小超过32kb，正在对图片进行压缩,share.button_icon.cannot_share,雅思听力__C2,雅思听力__C9,0.054287,0,0,1,0,0,0,0
TFIDF+HC__雅思听力__10010000000274,tfidf_hc_K20,TFIDF+HC,雅思听力,10010000000274,other.button_icon.other,句库中选择某个句子，点击右下角对号图标，句子直接被删除。点击句子后应变为删除图标，且删除前应有对话框确认,20,10010000000325,版本更新提示点击取消时会处在一直加载的进度圈，点击屏幕后才会消失并进入当前版本应用,other.other.load_fail,雅思听力__C6,雅思听力__C9,0.04481,0,1,1,0,0,0,0
TFIDF+HC__雅思听力__10010000000274,tfidf_hc_K20,TFIDF+HC,雅思听力,10010000000274,other.button_icon.other,句库中选择某个句子，点击右下角对号图标，句子直接被删除。点击句子后应变为删除图标，且删除前应有对话框确认,21,10010000001064,进行学习设置的时候，提示时只出现一个提示栏，应该设置为铃声或者对话框形式,settings.page_view.other,雅思听力__C16,雅思听力__C9,0.052152,0,0,1,0,0,0,0
TFIDF+HC__雅思听力__10010000000274,tfidf_hc_K20,TFIDF+HC,雅思听力,10010000000274,other.button_icon.other,句库中选择某个句子，点击右下角对号图标，句子直接被删除。点击句子后应变为删除图标，且删除前应有对话框确认,22,10010000001139,下载完听力资料后，点击一下没反应，须点击两次才可进入进行听力。听力已听的句数，并没有进行实时的反馈。,playback.audio.other,雅思听力__C7,雅思听力__C9,0.061431,0,0,1,0,0,0,0
TFIDF+HC__雅思听力__10010000000274,tfidf_hc_K20,TFIDF+HC,雅思听力,10010000000274,other.button_icon.other,句库中选择某个句子，点击右下角对号图标，句子直接被删除。点击句子后应变为删除图标，且删除前应有对话框确认,23,10010000000242,练习报告页面，点击分享按钮，选择分享到微信朋友圈，无法分享，提示图片大小超过32kb，正在对图片进行压缩,share.button_icon.cannot_share,雅思听力__C2,雅思听力__C9,0.053818,0,0,1,0,0,0,0
TFIDF+HC__雅思听力__10010000000274,tfidf_hc_K20,TFIDF+HC,雅思听力,10010000000274,other.button_icon.other,句库中选择某个句子，点击右下角对号图标，句子直接被删除。点击句子后应变为删除图标，且删除前应有对话框确认,24,10010000000573,只有单独的英语界面或者单独的汉语界面，应该加一个页面一句英语一句汉语翻译并且已读过的跟正在读的的不容易区分，正在播放句子的应该颜色应该…,playback.page_view.other,雅思听力__C16,雅思听力__C9,0.078024,0,0,1,0,0,0,0
TFIDF+HC__雅思听力__10010000000274,tfidf_hc_K20,TFIDF+HC,雅思听力,10010000000274,other.button_icon.other,句库中选择某个句子，点击右下角对号图标，句子直接被删除。点击句子后应变为删除图标，且删除前应有对话框确认,25,10010000000168,在登陆界面上的第三方登陆中 微信账号无法登陆，登陆失败。例如：点击微信图标，软件无反应只提示登陆失败,other.button_icon.cannot_or_fail,雅思听力__C0,雅思听力__C9,0.064546,0,1,1,0,0,0,0
TFIDF+HC__雅思听力__10010000000274,tfidf_hc_K20,TFIDF+HC,雅思听力,10010000000274,other.button_icon.other,句库中选择某个句子，点击右下角对号图标，句子直接被删除。点击句子后应变为删除图标，且删除前应有对话框确认,26,10010000002008,无设置图标或文字提示视频的下载与播放,playback.button_icon.other,雅思听力__C4,雅思听力__C9,0.047521,0,0,1,0,0,0,0
TFIDF+HC__雅思听力__10010000000274,tfidf_hc_K20,TFIDF+HC,雅思听力,10010000000274,other.button_icon.other,句库中选择某个句子，点击右下角对号图标，句子直接被删除。点击句子后应变为删除图标，且删除前应有对话框确认,27,10010000001798,1 当收听演讲时候，点击分享到微信按钮，没有任何反应，也不能分享成功。,share.button_icon.cannot_share,雅思听力__C2,雅思听力__C9,0.034232,0,0,1,0,0,0,0
SBERT+HC__雅思听力__10010000000274,sbert_hc_K20,SBERT+HC,雅思听力,10010000000274,other.button_icon.other,句库中选择某个句子，点击右下角对号图标，句子直接被删除。点击句子后应变为删除图标，且删除前应有对话框确认,1,10010000001287,筛选对话框标签字体设置太小，颜色太浅。关闭及重置两个按钮不突出。,settings.button_icon.other,雅思听力__C4,雅思听力__C8,0.060443,0,0,1,0,0,0,0
SBERT+HC__雅思听力__10010000000274,sbert_hc_K20,SBERT+HC,雅思听力,10010000000274,other.button_icon.other,句库中选择某个句子，点击右下角对号图标，句子直接被删除。点击句子后应变为删除图标，且删除前应有对话框确认,2,10010000001114,课程评论区留言功能语音功能当用户退出当前页面留言语音未自动停止,playback.page_view.other,雅思听力__C6,雅思听力__C8,0.004938,0,0,1,0,0,0,0
SBERT+HC__雅思听力__10010000000274,sbert_hc_K20,SBERT+HC,雅思听力,10010000000274,other.button_icon.other,句库中选择某个句子，点击右下角对号图标，句子直接被删除。点击句子后应变为删除图标，且删除前应有对话框确认,3,10010000000324,点击清理垃圾，若重复点击清理垃圾按钮，会重复出现Toast提示，按几次按钮出现几次，可设置判断减少出现提示,settings.button_icon.other,雅思听力__C8,雅思听力__C8,0.02183,0,0,0,0,0,0,0
SBERT+HC__雅思听力__10010000000274,sbert_hc_K20,SBERT+HC,雅思听力,10010000000274,other.button_icon.other,句库中选择某个句子，点击右下角对号图标，句子直接被删除。点击句子后应变为删除图标，且删除前应有对话框确认,4,10010000001632,漫听不能简单明了的显示如何选择句子,other.other.cannot_or_fail,雅思听力__C0,雅思听力__C8,0.102276,0,1,1,0,0,0,0
SBERT+HC__雅思听力__10010000000274,sbert_hc_K20,SBERT+HC,雅思听力,10010000000274,other.button_icon.other,句库中选择某个句子，点击右下角对号图标，句子直接被删除。点击句子后应变为删除图标，且删除前应有对话框确认,5,10010000001140,在句库界面，选择一个句子进行听力时，没有进度显示，缺少暂停按钮。点击“打钩”icon就是将当前句删除，而没有给用户提示。,playback.button_icon.other,雅思听力__C8,雅思听力__C8,0.195671,0,0,0,0,0,0,0
SBERT+HC__雅思听力__10010000000274,sbert_hc_K20,SBERT+HC,雅思听力,10010000000274,other.button_icon.other,句库中选择某个句子，点击右下角对号图标，句子直接被删除。点击句子后应变为删除图标，且删除前应有对话框确认,6,10010000000325,版本更新提示点击取消时会处在一直加载的进度圈，点击屏幕后才会消失并进入当前版本应用,other.other.load_fail,雅思听力__C2,雅思听力__C8,0.04481,0,1,1,0,0,0,0
SBERT+HC__雅思听力__10010000000274,sbert_hc_K20,SBERT+HC,雅思听力,10010000000274,other.button_icon.other,句库中选择某个句子，点击右下角对号图标，句子直接被删除。点击句子后应变为删除图标，且删除前应有对话框确认,7,10010000000239,练习报告页面，点击分享按钮，选择分享到微信好友，无法分享，提示图片大小超过32kb，正在对图片进行压缩,share.button_icon.cannot_share,雅思听力__C3,雅思听力__C8,0.054287,0,0,1,0,0,0,0
SBERT+HC__雅思听力__10010000000274,sbert_hc_K20,SBERT+HC,雅思听力,10010000000274,other.button_icon.other,句库中选择某个句子，点击右下角对号图标，句子直接被删除。点击句子后应变为删除图标，且删除前应有对话框确认,8,10010000000242,练习报告页面，点击分享按钮，选择分享到微信朋友圈，无法分享，提示图片大小超过32kb，正在对图片进行压缩,share.button_icon.cannot_share,雅思听力__C3,雅思听力__C8,0.053818,0,0,1,0,0,0,0
SBERT+HC__雅思听力__10010000000274,sbert_hc_K20,SBERT+HC,雅思听力,10010000000274,other.button_icon.other,句库中选择某个句子，点击右下角对号图标，句子直接被删除。点击句子后应变为删除图标，且删除前应有对话框确认,9,10010000000163,其他用户主页学分右边的剪头点击无反应,other.other.cannot_or_fail,雅思听力__C8,雅思听力__C8,0.030747,0,1,0,0,0,0,0
SBERT+HC__雅思听力__10010000000274,sbert_hc_K20,SBERT+HC,雅思听力,10010000000274,other.button_icon.other,句库中选择某个句子，点击右下角对号图标，句子直接被删除。点击句子后应变为删除图标，且删除前应有对话框确认,10,10010000001043,个人信息——我的收藏为0，清空按钮仍然可以点击,other.button_icon.other,雅思听力__C8,雅思听力__C8,0.02693,1,1,0,0,0,0,0
SBERT+HC__雅思听力__10010000000274,sbert_hc_K20,SBERT+HC,雅思听力,10010000000274,other.button_icon.other,句库中选择某个句子，点击右下角对号图标，句子直接被删除。点击句子后应变为删除图标，且删除前应有对话框确认,11,10010000000584,用户登录后页面显示提示更新信息，更新后还一直显示，体验性很不好！,login.page_view.other,雅思听力__C6,雅思听力__C8,0.013394,0,0,1,0,0,0,0
SBERT+HC__雅思听力__10010000000274,sbert_hc_K20,SBERT+HC,雅思听力,10010000000274,other.button_icon.other,句库中选择某个句子，点击右下角对号图标，句子直接被删除。点击句子后应变为删除图标，且删除前应有对话框确认,12,10010000001981,当点击练习功能时，右上角的选项中，有三个选择：“关闭”、“筛选”、“重置”，当点击：“关闭”、“重置”时，页面都会有反应，但是当点击“…,other.page_view.freeze,雅思听力__C8,雅思听力__C8,0.05351,0,1,0,0,0,0,0
SBERT+HC__雅思听力__10010000000274,sbert_hc_K20,SBERT+HC,雅思听力,10010000000274,other.button_icon.other,句库中选择某个句子，点击右下角对号图标，句子直接被删除。点击句子后应变为删除图标，且删除前应有对话框确认,13,10010000001690,点进去之后提示更新，点击关闭一直在等待。需手工按返回键才可以继续使用,other.button_icon.other,雅思听力__C8,雅思听力__C8,0.033864,1,1,0,0,0,0,0
SBERT+HC__雅思听力__10010000000274,sbert_hc_K20,SBERT+HC,雅思听力,10010000000274,other.button_icon.other,句库中选择某个句子，点击右下角对号图标，句子直接被删除。点击句子后应变为删除图标，且删除前应有对话框确认,14,10010000001798,1 当收听演讲时候，点击分享到微信按钮，没有任何反应，也不能分享成功。,share.button_icon.cannot_share,雅思听力__C5,雅思听力__C8,0.034232,0,0,1,0,0,0,0
SBERT+HC__雅思听力__10010000000274,sbert_hc_K20,SBERT+HC,雅思听力,10010000000274,other.button_icon.other,句库中选择某个句子，点击右下角对号图标，句子直接被删除。点击句子后应变为删除图标，且删除前应有对话框确认,15,10010000000517,测试时随便填好，然后点击完成，出现提交界面，但点了提交后无反应,other.page_view.cannot_or_fail,雅思听力__C8,雅思听力__C8,0.032082,0,1,0,0,0,0,0
SBERT+HC__雅思听力__10010000000274,sbert_hc_K20,SBERT+HC,雅思听力,10010000000274,other.button_icon.other,句库中选择某个句子，点击右下角对号图标，句子直接被删除。点击句子后应变为删除图标，且删除前应有对话框确认,16,10010000001067,在登陆首页当用户忘记密码时，正确输入短信验证码时，提示用户重新设置密码时，强行退出,settings.page_view.other,雅思听力__C10,雅思听力__C8,0.008337,0,0,1,0,0,0,0
SBERT+HC__雅思听力__10010000000274,sbert_hc_K20,SBERT+HC,雅思听力,10010000000274,other.button_icon.other,句库中选择某个句子，点击右下角对号图标，句子直接被删除。点击句子后应变为删除图标，且删除前应有对话框确认,17,10010000001148,评论区排版差，用户进行评论后，没有收到一个及时的反馈。在删除评论时，提示语有误。,comment.list_item.other,雅思听力__C6,雅思听力__C8,0.071128,0,0,1,0,0,0,0
SBERT+HC__雅思听力__10010000000274,sbert_hc_K20,SBERT+HC,雅思听力,10010000000274,other.button_icon.other,句库中选择某个句子，点击右下角对号图标，句子直接被删除。点击句子后应变为删除图标，且删除前应有对话框确认,18,10010000001027,短信登陆验证码文本输入框对输入类型未限制,other.input_box.other,雅思听力__C19,雅思听力__C8,0.014773,0,1,1,0,0,0,0
SBERT+HC__雅思听力__10010000000274,sbert_hc_K20,SBERT+HC,雅思听力,10010000000274,other.button_icon.other,句库中选择某个句子，点击右下角对号图标，句子直接被删除。点击句子后应变为删除图标，且删除前应有对话框确认,19,10010000000814,每点击进入阅读一篇文章或者是观看视频，阅读次数 记录没有+1。,playback.list_item.other,雅思听力__C3,雅思听力__C8,0.017624,0,0,1,0,0,0,0
SBERT+HC__雅思听力__10010000000274,sbert_hc_K20,SBERT+HC,雅思听力,10010000000274,other.button_icon.other,句库中选择某个句子，点击右下角对号图标，句子直接被删除。点击句子后应变为删除图标，且删除前应有对话框确认,20,10010000001064,进行学习设置的时候，提示时只出现一个提示栏，应该设置为铃声或者对话框形式,settings.page_view.other,雅思听力__C6,雅思听力__C8,0.052152,0,0,1,0,0,0,0
SBERT+HC__雅思听力__10010000000274,sbert_hc_K20,SBERT+HC,雅思听力,10010000000274,other.button_icon.other,句库中选择某个句子，点击右下角对号图标，句子直接被删除。点击句子后应变为删除图标，且删除前应有对话框确认,21,10010000000162,微信登录点击多次出现加载页面，未跳转,login.page_view.other,雅思听力__C5,雅思听力__C8,0.020849,0,0,1,0,0,0,0
SBERT+HC__雅思听力__10010000000274,sbert_hc_K20,SBERT+HC,雅思听力,10010000000274,other.button_icon.other,句库中选择某个句子，点击右下角对号图标，句子直接被删除。点击句子后应变为删除图标，且删除前应有对话框确认,22,10010000000736,在练习模块中，进行筛选时，不能够根据筛选条件，给出正确的列表信息,other.page_view.cannot_or_fail,雅思听力__C0,雅思听力__C8,0.02051,0,1,1,0,0,0,0
SBERT+HC__雅思听力__10010000000274,sbert_hc_K20,SBERT+HC,雅思听力,10010000000274,other.button_icon.other,句库中选择某个句子，点击右下角对号图标，句子直接被删除。点击句子后应变为删除图标，且删除前应有对话框确认,23,10010000001028,短信登陆验证码文本输入框对输入长度未做限制,other.input_box.other,雅思听力__C19,雅思听力__C8,0.014665,0,1,1,0,0,0,0
SBERT+HC__雅思听力__10010000000274,sbert_hc_K20,SBERT+HC,雅思听力,10010000000274,other.button_icon.other,句库中选择某个句子，点击右下角对号图标，句子直接被删除。点击句子后应变为删除图标，且删除前应有对话框确认,24,10010000001304,意见反馈界面，当昵称过长时 界面布局分布异常,other.page_view.layout_issue,雅思听力__C6,雅思听力__C8,0.002328,0,1,1,0,0,0,0
SBERT+HC__雅思听力__10010000000274,sbert_hc_K20,SBERT+HC,雅思听力,10010000000274,other.button_icon.other,句库中选择某个句子，点击右下角对号图标，句子直接被删除。点击句子后应变为删除图标，且删除前应有对话框确认,25,10010000001983,播放音频文件时，想要暂停它必须要点击右边的小箭头，再去点暂停键，建议直接在小箭头后面直接加上暂停键。,playback.audio.other,雅思听力__C8,雅思听力__C8,0.054122,0,0,0,0,0,0,0
SBERT+HC__雅思听力__10010000000274,sbert_hc_K20,SBERT+HC,雅思听力,10010000000274,other.button_icon.other,句库中选择某个句子，点击右下角对号图标，句子直接被删除。点击句子后应变为删除图标，且删除前应有对话框确认,26,10010000000817,评论区 用户回复的bar与用户评论的bar占用相同大小的空间，排版差。用户在对文章或视频做出评论后 ，没有进行一个反馈动作。,playback.list_item.other,雅思听力__C6,雅思听力__C8,0.014556,0,0,1,0,0,0,0
SBERT+HC__雅思听力__10010000000274,sbert_hc_K20,SBERT+HC,雅思听力,10010000000274,other.button_icon.other,句库中选择某个句子，点击右下角对号图标，句子直接被删除。点击句子后应变为删除图标，且删除前应有对话框确认,27,10010000001139,下载完听力资料后，点击一下没反应，须点击两次才可进入进行听力。听力已听的句数，并没有进行实时的反馈。,playback.audio.other,雅思听力__C9,雅思听力__C8,0.061431,0,0,1,0,0,0,0
SBERT+HC__雅思听力__10010000000274,sbert_hc_K20,SBERT+HC,雅思听力,10010000000274,other.button_icon.other,句库中选择某个句子，点击右下角对号图标，句子直接被删除。点击句子后应变为删除图标，且删除前应有对话框确认,28,10010000001086,当用户点击筛选按钮时，单次筛选按钮未作上限，和全部按钮形成冲突,other.button_icon.other,雅思听力__C8,雅思听力__C8,0.021642,1,1,0,0,0,0,0
SBERT+HC__雅思听力__10010000000274,sbert_hc_K20,SBERT+HC,雅思听力,10010000000274,other.button_icon.other,句库中选择某个句子，点击右下角对号图标，句子直接被删除。点击句子后应变为删除图标，且删除前应有对话框确认,29,10010000000439,控制用户一秒之内，多次点击按钮，连续弹出toast,other.button_icon.other,雅思听力__C8,雅思听力__C8,0.018633,1,1,0,0,0,0,0
SBERT+HC__雅思听力__10010000000274,sbert_hc_K20,SBERT+HC,雅思听力,10010000000274,other.button_icon.other,句库中选择某个句子，点击右下角对号图标，句子直接被删除。点击句子后应变为删除图标，且删除前应有对话框确认,30,10010000002021,点击练习按钮之后，页面右上角的按钮会提供“关闭”、“筛选”、“重置”三个选项，点击“关闭”、“重置”时页面都会响应，但是点击“筛选”时…,other.button_icon.cannot_or_fail,雅思听力__C8,雅思听力__C8,0.047059,0,1,0,0,0,0,0
SBERT+HC__雅思听力__10010000000274,sbert_hc_K20,SBERT+HC,雅思听力,10010000000274,other.button_icon.other,句库中选择某个句子，点击右下角对号图标，句子直接被删除。点击句子后应变为删除图标，且删除前应有对话框确认,31,10010000001044,个人信息——我的报告为0，清空按钮仍然可以点击,other.button_icon.other,雅思听力__C8,雅思听力__C8,0.02707,1,1,0,0,0,0,0
SBERT+HC__雅思听力__10010000000274,sbert_hc_K20,SBERT+HC,雅思听力,10010000000274,other.button_icon.other,句库中选择某个句子，点击右下角对号图标，句子直接被删除。点击句子后应变为删除图标，且删除前应有对话框确认,32,10010000001125,评论区留言字符长度未作出相关提示,comment.list_item.other,雅思听力__C6,雅思听力__C8,0.0,0,0,1,0,0,0,0
LLMCluster__雅思听力__10010000000274,llmcluster_glm-4-air,LLMCluster,雅思听力,10010000000274,other.button_icon.other,句库中选择某个句子，点击右下角对号图标，句子直接被删除。点击句子后应变为删除图标，且删除前应有对话框确认,1,10010000001983,播放音频文件时，想要暂停它必须要点击右边的小箭头，再去点暂停键，建议直接在小箭头后面直接加上暂停键。,playback.audio.other,雅思听力__C5,雅思听力__C9,0.054122,0,0,1,0,0,0,0
LLMCluster__雅思听力__10010000000274,llmcluster_glm-4-air,LLMCluster,雅思听力,10010000000274,other.button_icon.other,句库中选择某个句子，点击右下角对号图标，句子直接被删除。点击句子后应变为删除图标，且删除前应有对话框确认,2,10010000000325,版本更新提示点击取消时会处在一直加载的进度圈，点击屏幕后才会消失并进入当前版本应用,other.other.load_fail,雅思听力__C8,雅思听力__C9,0.04481,0,1,1,0,0,0,0
LLMCluster__雅思听力__10010000000274,llmcluster_glm-4-air,LLMCluster,雅思听力,10010000000274,other.button_icon.other,句库中选择某个句子，点击右下角对号图标，句子直接被删除。点击句子后应变为删除图标，且删除前应有对话框确认,3,10010000000162,微信登录点击多次出现加载页面，未跳转,login.page_view.other,雅思听力__C2,雅思听力__C9,0.020849,0,0,1,0,0,0,0
LLMCluster__雅思听力__10010000000274,llmcluster_glm-4-air,LLMCluster,雅思听力,10010000000274,other.button_icon.other,句库中选择某个句子，点击右下角对号图标，句子直接被删除。点击句子后应变为删除图标，且删除前应有对话框确认,4,10010000001690,点进去之后提示更新，点击关闭一直在等待。需手工按返回键才可以继续使用,other.button_icon.other,雅思听力__C8,雅思听力__C9,0.033864,1,1,1,1,1,1,1
LLMCluster__雅思听力__10010000000274,llmcluster_glm-4-air,LLMCluster,雅思听力,10010000000274,other.button_icon.other,句库中选择某个句子，点击右下角对号图标，句子直接被删除。点击句子后应变为删除图标，且删除前应有对话框确认,5,10010000001288,退出应用时，没有友好提示。而是直接退出。每次打开应用时，都有更新提示。,other.other.crash,雅思听力__C8,雅思听力__C9,0.035352,0,1,1,0,0,0,0
LLMCluster__雅思听力__10010000000274,llmcluster_glm-4-air,LLMCluster,雅思听力,10010000000274,other.button_icon.other,句库中选择某个句子，点击右下角对号图标，句子直接被删除。点击句子后应变为删除图标，且删除前应有对话框确认,6,10010000002008,无设置图标或文字提示视频的下载与播放,playback.button_icon.other,雅思听力__C4,雅思听力__C9,0.047521,0,0,1,0,0,0,0
LLMCluster__雅思听力__10010000000274,llmcluster_glm-4-air,LLMCluster,雅思听力,10010000000274,other.button_icon.other,句库中选择某个句子，点击右下角对号图标，句子直接被删除。点击句子后应变为删除图标，且删除前应有对话框确认,7,10010000001148,评论区排版差，用户进行评论后，没有收到一个及时的反馈。在删除评论时，提示语有误。,comment.list_item.other,雅思听力__C9,雅思听力__C9,0.071128,0,0,0,0,0,0,0
LLMCluster__雅思听力__10010000000274,llmcluster_glm-4-air,LLMCluster,雅思听力,10010000000274,other.button_icon.other,句库中选择某个句子，点击右下角对号图标，句子直接被删除。点击句子后应变为删除图标，且删除前应有对话框确认,8,10010000000573,只有单独的英语界面或者单独的汉语界面，应该加一个页面一句英语一句汉语翻译并且已读过的跟正在读的的不容易区分，正在播放句子的应该颜色应该…,playback.page_view.other,雅思听力__C4,雅思听力__C9,0.078024,0,0,1,0,0,0,0
LLMCluster__雅思听力__10010000000274,llmcluster_glm-4-air,LLMCluster,雅思听力,10010000000274,other.button_icon.other,句库中选择某个句子，点击右下角对号图标，句子直接被删除。点击句子后应变为删除图标，且删除前应有对话框确认,9,10010000001977,进入后广告跳过图标太小，点起来麻烦,other.button_icon.other,雅思听力__C4,雅思听力__C9,0.060553,1,1,1,1,1,1,1
LLMCluster__雅思听力__10010000000274,llmcluster_glm-4-air,LLMCluster,雅思听力,10010000000274,other.button_icon.other,句库中选择某个句子，点击右下角对号图标，句子直接被删除。点击句子后应变为删除图标，且删除前应有对话框确认,10,10010000000168,在登陆界面上的第三方登陆中 微信账号无法登陆，登陆失败。例如：点击微信图标，软件无反应只提示登陆失败,other.button_icon.cannot_or_fail,雅思听力__C2,雅思听力__C9,0.064546,0,1,1,0,0,0,0
LLMCluster__雅思听力__10010000000274,llmcluster_glm-4-air,LLMCluster,雅思听力,10010000000274,other.button_icon.other,句库中选择某个句子，点击右下角对号图标，句子直接被删除。点击句子后应变为删除图标，且删除前应有对话框确认,11,10010000001134,页面排版残缺，整体视觉效果差。考试倒计时的位置设置不明显，且过于单调。TOP10 字体设置太小。,settings.page_view.other,雅思听力__C4,雅思听力__C9,0.015912,0,0,1,0,0,0,0
LLMCluster__雅思听力__10010000000274,llmcluster_glm-4-air,LLMCluster,雅思听力,10010000000274,other.button_icon.other,句库中选择某个句子，点击右下角对号图标，句子直接被删除。点击句子后应变为删除图标，且删除前应有对话框确认,12,10010000000239,练习报告页面，点击分享按钮，选择分享到微信好友，无法分享，提示图片大小超过32kb，正在对图片进行压缩,share.button_icon.cannot_share,雅思听力__C9,雅思听力__C9,0.054287,0,0,0,0,0,0,0
LLMCluster__雅思听力__10010000000274,llmcluster_glm-4-air,LLMCluster,雅思听力,10010000000274,other.button_icon.other,句库中选择某个句子，点击右下角对号图标，句子直接被删除。点击句子后应变为删除图标，且删除前应有对话框确认,13,10010000001139,下载完听力资料后，点击一下没反应，须点击两次才可进入进行听力。听力已听的句数，并没有进行实时的反馈。,playback.audio.other,雅思听力__C5,雅思听力__C9,0.061431,0,0,1,0,0,0,0
LLMCluster__雅思听力__10010000000274,llmcluster_glm-4-air,LLMCluster,雅思听力,10010000000274,other.button_icon.other,句库中选择某个句子，点击右下角对号图标，句子直接被删除。点击句子后应变为删除图标，且删除前应有对话框确认,14,10010000000324,点击清理垃圾，若重复点击清理垃圾按钮，会重复出现Toast提示，按几次按钮出现几次，可设置判断减少出现提示,settings.button_icon.other,雅思听力__C9,雅思听力__C9,0.02183,0,0,0,0,0,0,0
LLMCluster__雅思听力__10010000000274,llmcluster_glm-4-air,LLMCluster,雅思听力,10010000000274,other.button_icon.other,句库中选择某个句子，点击右下角对号图标，句子直接被删除。点击句子后应变为删除图标，且删除前应有对话框确认,15,10010000001064,进行学习设置的时候，提示时只出现一个提示栏，应该设置为铃声或者对话框形式,settings.page_view.other,雅思听力__C4,雅思听力__C9,0.052152,0,0,1,0,0,0,0
LLMCluster__雅思听力__10010000000274,llmcluster_glm-4-air,LLMCluster,雅思听力,10010000000274,other.button_icon.other,句库中选择某个句子，点击右下角对号图标，句子直接被删除。点击句子后应变为删除图标，且删除前应有对话框确认,16,10010000000242,练习报告页面，点击分享按钮，选择分享到微信朋友圈，无法分享，提示图片大小超过32kb，正在对图片进行压缩,share.button_icon.cannot_share,雅思听力__C9,雅思听力__C9,0.053818,0,0,0,0,0,0,0
LLMCluster__雅思听力__10010000000274,llmcluster_glm-4-air,LLMCluster,雅思听力,10010000000274,other.button_icon.other,句库中选择某个句子，点击右下角对号图标，句子直接被删除。点击句子后应变为删除图标，且删除前应有对话框确认,17,10010000001959,信息与评论区在一块，压缩了信息查看窗口，起不到强调的重要性，且打开字体极小，虽然可以放大，但是用户不好掌控，容易使人厌烦。,comment.list_item.other,雅思听力__C4,雅思听力__C9,0.017222,0,0,1,0,0,0,0
LLMCluster__雅思听力__10010000000274,llmcluster_glm-4-air,LLMCluster,雅思听力,10010000000274,other.button_icon.other,句库中选择某个句子，点击右下角对号图标，句子直接被删除。点击句子后应变为删除图标，且删除前应有对话框确认,18,10010000002021,点击练习按钮之后，页面右上角的按钮会提供“关闭”、“筛选”、“重置”三个选项，点击“关闭”、“重置”时页面都会响应，但是点击“筛选”时…,other.button_icon.cannot_or_fail,雅思听力__C6,雅思听力__C9,0.047059,0,1,1,0,0,0,0
LLMCluster__雅思听力__10010000000274,llmcluster_glm-4-air,LLMCluster,雅思听力,10010000000274,other.button_icon.other,句库中选择某个句子，点击右下角对号图标，句子直接被删除。点击句子后应变为删除图标，且删除前应有对话框确认,19,10010000001798,1 当收听演讲时候，点击分享到微信按钮，没有任何反应，也不能分享成功。,share.button_icon.cannot_share,雅思听力__C9,雅思听力__C9,0.034232,0,0,0,0,0,0,0
LLMCluster__雅思听力__10010000000274,llmcluster_glm-4-air,LLMCluster,雅思听力,10010000000274,other.button_icon.other,句库中选择某个句子，点击右下角对号图标，句子直接被删除。点击句子后应变为删除图标，且删除前应有对话框确认,20,10010000001140,在句库界面，选择一个句子进行听力时，没有进度显示，缺少暂停按钮。点击“打钩”icon就是将当前句删除，而没有给用户提示。,playback.button_icon.other,雅思听力__C5,雅思听力__C9,0.195671,0,0,1,0,0,0,0
LLMCluster__雅思听力__10010000000274,llmcluster_glm-4-air,LLMCluster,雅思听力,10010000000274,other.button_icon.other,句库中选择某个句子，点击右下角对号图标，句子直接被删除。点击句子后应变为删除图标，且删除前应有对话框确认,21,10010000001632,漫听不能简单明了的显示如何选择句子,other.other.cannot_or_fail,雅思听力__C4,雅思听力__C9,0.102276,0,1,1,0,0,0,0
LLMCluster__雅思听力__10010000000274,llmcluster_glm-4-air,LLMCluster,雅思听力,10010000000274,other.button_icon.other,句库中选择某个句子，点击右下角对号图标，句子直接被删除。点击句子后应变为删除图标，且删除前应有对话框确认,22,10010000001410,官方指南中的文章录音中，语速选择按钮设计不当。当选择语速增加或减速没有确切的键可以点击。当想减速时，点击语速可能是加速。,playback.button_icon.other,雅思听力__C5,雅思听力__C9,0.052119,0,0,1,0,0,0,0
LLMCluster__雅思听力__10010000000274,llmcluster_glm-4-air,LLMCluster,雅思听力,10010000000274,other.button_icon.other,句库中选择某个句子，点击右下角对号图标，句子直接被删除。点击句子后应变为删除图标，且删除前应有对话框确认,23,10010000001981,当点击练习功能时，右上角的选项中，有三个选择：“关闭”、“筛选”、“重置”，当点击：“关闭”、“重置”时，页面都会有反应，但是当点击“…,other.page_view.freeze,雅思听力__C4,雅思听力__C9,0.05351,0,1,1,0,0,0,0
LLMCluster__雅思听力__10010000000274,llmcluster_glm-4-air,LLMCluster,雅思听力,10010000000274,other.button_icon.other,句库中选择某个句子，点击右下角对号图标，句子直接被删除。点击句子后应变为删除图标，且删除前应有对话框确认,24,10010000001287,筛选对话框标签字体设置太小，颜色太浅。关闭及重置两个按钮不突出。,settings.button_icon.other,雅思听力__C4,雅思听力__C9,0.060443,0,0,1,0,0,0,0
LLMCluster__雅思听力__10010000000274,llmcluster_glm-4-air,LLMCluster,雅思听力,10010000000274,other.button_icon.other,句库中选择某个句子，点击右下角对号图标，句子直接被删除。点击句子后应变为删除图标，且删除前应有对话框确认,25,10010000000131,进入用户注册页面后，点击“验证码”获取验证码,register.page_view.other,雅思听力__C3,雅思听力__C9,0.03365,0,0,1,0,0,0,0
TFIDF+HC__雅思听力__10010000001110,tfidf_hc_K20,TFIDF+HC,雅思听力,10010000001110,playback.list_item.other,资料、微课、机经课程未按播放次数排序输出,1,10010000001064,进行学习设置的时候，提示时只出现一个提示栏，应该设置为铃声或者对话框形式,settings.page_view.other,雅思听力__C16,雅思听力__C4,0.003101,0,0,1,0,0,0,0
TFIDF+HC__雅思听力__10010000001110,tfidf_hc_K20,TFIDF+HC,雅思听力,10010000001110,playback.list_item.other,资料、微课、机经课程未按播放次数排序输出,2,10010000000242,练习报告页面，点击分享按钮，选择分享到微信朋友圈，无法分享，提示图片大小超过32kb，正在对图片进行压缩,share.button_icon.cannot_share,雅思听力__C2,雅思听力__C4,0.0096,0,0,1,0,0,0,0
TFIDF+HC__雅思听力__10010000001110,tfidf_hc_K20,TFIDF+HC,雅思听力,10010000001110,playback.list_item.other,资料、微课、机经课程未按播放次数排序输出,3,10010000000163,其他用户主页学分右边的剪头点击无反应,other.other.cannot_or_fail,雅思听力__C5,雅思听力__C4,0.0,0,0,1,0,0,0,0
TFIDF+HC__雅思听力__10010000001110,tfidf_hc_K20,TFIDF+HC,雅思听力,10010000001110,playback.list_item.other,资料、微课、机经课程未按播放次数排序输出,4,10010000000324,点击清理垃圾，若重复点击清理垃圾按钮，会重复出现Toast提示，按几次按钮出现几次，可设置判断减少出现提示,settings.button_icon.other,雅思听力__C2,雅思听力__C4,0.02539,0,0,1,0,0,0,0
TFIDF+HC__雅思听力__10010000001110,tfidf_hc_K20,TFIDF+HC,雅思听力,10010000001110,playback.list_item.other,资料、微课、机经课程未按播放次数排序输出,5,10010000001056,在“全真模考”公里模块中，拉动进度条，会有声音出现，用户体验差,playback.slider.other,雅思听力__C14,雅思听力__C4,0.003457,0,1,1,0,0,0,0
TFIDF+HC__雅思听力__10010000001110,tfidf_hc_K20,TFIDF+HC,雅思听力,10010000001110,playback.list_item.other,资料、微课、机经课程未按播放次数排序输出,6,10010000002008,无设置图标或文字提示视频的下载与播放,playback.button_icon.other,雅思听力__C4,雅思听力__C4,0.040705,0,1,0,0,0,0,0
TFIDF+HC__雅思听力__10010000001110,tfidf_hc_K20,TFIDF+HC,雅思听力,10010000001110,playback.list_item.other,资料、微课、机经课程未按播放次数排序输出,7,10010000000814,每点击进入阅读一篇文章或者是观看视频，阅读次数 记录没有+1。,playback.list_item.other,雅思听力__C13,雅思听力__C4,0.026199,1,1,1,1,1,1,1
TFIDF+HC__雅思听力__10010000001110,tfidf_hc_K20,TFIDF+HC,雅思听力,10010000001110,playback.list_item.other,资料、微课、机经课程未按播放次数排序输出,8,10010000001125,评论区留言字符长度未作出相关提示,comment.list_item.other,雅思听力__C7,雅思听力__C4,0.012946,0,0,1,0,0,0,0
TFIDF+HC__雅思听力__10010000001110,tfidf_hc_K20,TFIDF+HC,雅思听力,10010000001110,playback.list_item.other,资料、微课、机经课程未按播放次数排序输出,9,10010000001139,下载完听力资料后，点击一下没反应，须点击两次才可进入进行听力。听力已听的句数，并没有进行实时的反馈。,playback.audio.other,雅思听力__C7,雅思听力__C4,0.037739,0,1,1,0,0,0,0
TFIDF+HC__雅思听力__10010000001110,tfidf_hc_K20,TFIDF+HC,雅思听力,10010000001110,playback.list_item.other,资料、微课、机经课程未按播放次数排序输出,10,10010000000197,用户输入手机号码不可以登录或者注册，直接阻碍用户体验功能。且不可以通过Qq等方式快速登录,register.other.cannot_or_fail,雅思听力__C0,雅思听力__C4,0.007549,0,0,1,0,0,0,0
TFIDF+HC__雅思听力__10010000001110,tfidf_hc_K20,TFIDF+HC,雅思听力,10010000001110,playback.list_item.other,资料、微课、机经课程未按播放次数排序输出,11,10010000000720,在手机登录app时，进行升级安装，不能够正常安装新版本,login.other.cannot_or_fail,雅思听力__C14,雅思听力__C4,0.004605,0,0,1,0,0,0,0
TFIDF+HC__雅思听力__10010000001110,tfidf_hc_K20,TFIDF+HC,雅思听力,10010000001110,playback.list_item.other,资料、微课、机经课程未按播放次数排序输出,12,10010000000573,只有单独的英语界面或者单独的汉语界面，应该加一个页面一句英语一句汉语翻译并且已读过的跟正在读的的不容易区分，正在播放句子的应该颜色应该…,playback.page_view.other,雅思听力__C16,雅思听力__C4,0.017058,0,1,1,0,0,0,0
TFIDF+HC__雅思听力__10010000001110,tfidf_hc_K20,TFIDF+HC,雅思听力,10010000001110,playback.list_item.other,资料、微课、机经课程未按播放次数排序输出,13,10010000000168,在登陆界面上的第三方登陆中 微信账号无法登陆，登陆失败。例如：点击微信图标，软件无反应只提示登陆失败,other.button_icon.cannot_or_fail,雅思听力__C0,雅思听力__C4,0.009593,0,0,1,0,0,0,0
TFIDF+HC__雅思听力__10010000001110,tfidf_hc_K20,TFIDF+HC,雅思听力,10010000001110,playback.list_item.other,资料、微课、机经课程未按播放次数排序输出,14,10010000001057,在“精听”功能模块中的“官方指南”、“剑桥听力”，”全真模拟”功能中，拉动进度条，会有声音出现，用户体验差,playback.slider.other,雅思听力__C14,雅思听力__C4,0.018423,0,1,1,0,0,0,0
TFIDF+HC__雅思听力__10010000001110,tfidf_hc_K20,TFIDF+HC,雅思听力,10010000001110,playback.list_item.other,资料、微课、机经课程未按播放次数排序输出,15,10010000001148,评论区排版差，用户进行评论后，没有收到一个及时的反馈。在删除评论时，提示语有误。,comment.list_item.other,雅思听力__C7,雅思听力__C4,0.009819,0,0,1,0,0,0,0
TFIDF+HC__雅思听力__10010000001110,tfidf_hc_K20,TFIDF+HC,雅思听力,10010000001110,playback.list_item.other,资料、微课、机经课程未按播放次数排序输出,16,10010000001114,课程评论区留言功能语音功能当用户退出当前页面留言语音未自动停止,playback.page_view.other,雅思听力__C7,雅思听力__C4,0.056639,0,1,1,0,0,0,0
TFIDF+HC__雅思听力__10010000001110,tfidf_hc_K20,TFIDF+HC,雅思听力,10010000001110,playback.list_item.other,资料、微课、机经课程未按播放次数排序输出,17,10010000000274,句库中选择某个句子，点击右下角对号图标，句子直接被删除。点击句子后应变为删除图标，且删除前应有对话框确认,other.button_icon.other,雅思听力__C9,雅思听力__C4,0.0,0,0,1,0,0,0,0
TFIDF+HC__雅思听力__10010000001110,tfidf_hc_K20,TFIDF+HC,雅思听力,10010000001110,playback.list_item.other,资料、微课、机经课程未按播放次数排序输出,18,10010000001137,一个单词的读音 ， 每个发音应该相应的读音。在相应的读音前。发音icon设置太小，用户体验不佳。,settings.page_view.other,雅思听力__C14,雅思听力__C4,0.0,0,0,1,0,0,0,0
TFIDF+HC__雅思听力__10010000001110,tfidf_hc_K20,TFIDF+HC,雅思听力,10010000001110,playback.list_item.other,资料、微课、机经课程未按播放次数排序输出,19,10010000000325,版本更新提示点击取消时会处在一直加载的进度圈，点击屏幕后才会消失并进入当前版本应用,other.other.load_fail,雅思听力__C6,雅思听力__C4,0.0,0,0,1,0,0,0,0
TFIDF+HC__雅思听力__10010000001110,tfidf_hc_K20,TFIDF+HC,雅思听力,10010000001110,playback.list_item.other,资料、微课、机经课程未按播放次数排序输出,20,10010000000239,练习报告页面，点击分享按钮，选择分享到微信好友，无法分享，提示图片大小超过32kb，正在对图片进行压缩,share.button_icon.cannot_share,雅思听力__C2,雅思听力__C4,0.009683,0,0,1,0,0,0,0
TFIDF+HC__雅思听力__10010000001110,tfidf_hc_K20,TFIDF+HC,雅思听力,10010000001110,playback.list_item.other,资料、微课、机经课程未按播放次数排序输出,21,10010000001983,播放音频文件时，想要暂停它必须要点击右边的小箭头，再去点暂停键，建议直接在小箭头后面直接加上暂停键。,playback.audio.other,雅思听力__C5,雅思听力__C4,0.020338,0,1,1,0,0,0,0
TFIDF+HC__雅思听力__10010000001110,tfidf_hc_K20,TFIDF+HC,雅思听力,10010000001110,playback.list_item.other,资料、微课、机经课程未按播放次数排序输出,22,10010000000817,评论区 用户回复的bar与用户评论的bar占用相同大小的空间，排版差。用户在对文章或视频做出评论后 ，没有进行一个反馈动作。,playback.list_item.other,雅思听力__C7,雅思听力__C4,0.00933,1,1,1,1,1,1,1
TFIDF+HC__雅思听力__10010000001110,tfidf_hc_K20,TFIDF+HC,雅思听力,10010000001110,playback.list_item.other,资料、微课、机经课程未按播放次数排序输出,23,10010000000131,进入用户注册页面后，点击“验证码”获取验证码,register.page_view.other,雅思听力__C0,雅思听力__C4,0.0,0,0,1,0,0,0,0
TFIDF+HC__雅思听力__10010000001110,tfidf_hc_K20,TFIDF+HC,雅思听力,10010000001110,playback.list_item.other,资料、微课、机经课程未按播放次数排序输出,24,10010000000192,进入注册页面，光标停留在重复密码上,register.page_view.other,雅思听力__C0,雅思听力__C4,0.0,0,0,1,0,0,0,0
TFIDF+HC__雅思听力__10010000001110,tfidf_hc_K20,TFIDF+HC,雅思听力,10010000001110,playback.list_item.other,资料、微课、机经课程未按播放次数排序输出,25,10010000000241,178开头的手机号无法注册，显示手机号不完整,register.other.cannot_or_fail,雅思听力__C0,雅思听力__C4,0.011388,0,0,1,0,0,0,0
TFIDF+HC__雅思听力__10010000001110,tfidf_hc_K20,TFIDF+HC,雅思听力,10010000001110,playback.list_item.other,资料、微课、机经课程未按播放次数排序输出,26,10010000001979,在播放列表播放重要词汇时，没有中文注释,playback.list_item.other,雅思听力__C4,雅思听力__C4,0.075233,1,1,0,0,0,0,0
TFIDF+HC__雅思听力__10010000001110,tfidf_hc_K20,TFIDF+HC,雅思听力,10010000001110,playback.list_item.other,资料、微课、机经课程未按播放次数排序输出,27,10010000000162,微信登录点击多次出现加载页面，未跳转,login.page_view.other,雅思听力__C18,雅思听力__C4,0.031681,0,0,1,0,0,0,0
TFIDF+HC__雅思听力__10010000001110,tfidf_hc_K20,TFIDF+HC,雅思听力,10010000001110,playback.list_item.other,资料、微课、机经课程未按播放次数排序输出,28,10010000001059,在“学习”模块中，不能copy资料内容，用户体验差,other.page_view.cannot_or_fail,雅思听力__C14,雅思听力__C4,0.043953,0,0,1,0,0,0,0
TFIDF+HC__雅思听力__10010000001110,tfidf_hc_K20,TFIDF+HC,雅思听力,10010000001110,playback.list_item.other,资料、微课、机经课程未按播放次数排序输出,29,10010000000736,在练习模块中，进行筛选时，不能够根据筛选条件，给出正确的列表信息,other.page_view.cannot_or_fail,雅思听力__C14,雅思听力__C4,0.003312,0,0,1,0,0,0,0
SBERT+HC__雅思听力__10010000001110,sbert_hc_K20,SBERT+HC,雅思听力,10010000001110,playback.list_item.other,资料、微课、机经课程未按播放次数排序输出,1,10010000001550,注册时输入特殊字符时提示信息有误,register.other.other,雅思听力__C10,雅思听力__C0,0.007212,0,0,1,0,0,0,0
SBERT+HC__雅思听力__10010000001110,sbert_hc_K20,SBERT+HC,雅思听力,10010000001110,playback.list_item.other,资料、微课、机经课程未按播放次数排序输出,2,10010000001059,在“学习”模块中，不能copy资料内容，用户体验差,other.page_view.cannot_or_fail,雅思听力__C18,雅思听力__C0,0.043953,0,0,1,0,0,0,0
SBERT+HC__雅思听力__10010000001110,sbert_hc_K20,SBERT+HC,雅思听力,10010000001110,playback.list_item.other,资料、微课、机经课程未按播放次数排序输出,3,10010000001413,进入主界面，上方的灰色部分看着很单调，没有展现该软件的特点。页面布局单调,other.page_view.layout_issue,雅思听力__C4,雅思听力__C0,0.0,0,0,1,0,0,0,0
SBERT+HC__雅思听力__10010000001110,sbert_hc_K20,SBERT+HC,雅思听力,10010000001110,playback.list_item.other,资料、微课、机经课程未按播放次数排序输出,4,10010000001064,进行学习设置的时候，提示时只出现一个提示栏，应该设置为铃声或者对话框形式,settings.page_view.other,雅思听力__C6,雅思听力__C0,0.003101,0,0,1,0,0,0,0
SBERT+HC__雅思听力__10010000001110,sbert_hc_K20,SBERT+HC,雅思听力,10010000001110,playback.list_item.other,资料、微课、机经课程未按播放次数排序输出,5,10010000000540,在2G或者3G网络上请求延迟比较大，建立连接速度慢。,other.other.freeze,雅思听力__C17,雅思听力__C0,0.0,0,0,1,0,0,0,0
SBERT+HC__雅思听力__10010000001110,sbert_hc_K20,SBERT+HC,雅思听力,10010000001110,playback.list_item.other,资料、微课、机经课程未按播放次数排序输出,6,10010000000736,在练习模块中，进行筛选时，不能够根据筛选条件，给出正确的列表信息,other.page_view.cannot_or_fail,雅思听力__C0,雅思听力__C0,0.003312,0,0,0,0,0,0,0
SBERT+HC__雅思听力__10010000001110,sbert_hc_K20,SBERT+HC,雅思听力,10010000001110,playback.list_item.other,资料、微课、机经课程未按播放次数排序输出,7,10010000001005,当手机号码输入框输13位数字时，输入错误的提示指向不明,other.input_box.wrong_value,雅思听力__C7,雅思听力__C0,0.030311,0,0,1,0,0,0,0
SBERT+HC__雅思听力__10010000001110,sbert_hc_K20,SBERT+HC,雅思听力,10010000001110,playback.list_item.other,资料、微课、机经课程未按播放次数排序输出,8,10010000001107,学习模块首部图片广告区域无法来回循环切换,other.page_view.cannot_or_fail,雅思听力__C18,雅思听力__C0,0.0,0,0,1,0,0,0,0
SBERT+HC__雅思听力__10010000001110,sbert_hc_K20,SBERT+HC,雅思听力,10010000001110,playback.list_item.other,资料、微课、机经课程未按播放次数排序输出,9,10010000001632,漫听不能简单明了的显示如何选择句子,other.other.cannot_or_fail,雅思听力__C0,雅思听力__C0,0.0,0,0,0,0,0,0,0
SBERT+HC__雅思听力__10010000001110,sbert_hc_K20,SBERT+HC,雅思听力,10010000001110,playback.list_item.other,资料、微课、机经课程未按播放次数排序输出,10,10010000001287,筛选对话框标签字体设置太小，颜色太浅。关闭及重置两个按钮不突出。,settings.button_icon.other,雅思听力__C4,雅思听力__C0,0.008486,0,0,1,0,0,0,0
SBERT+HC__雅思听力__10010000001110,sbert_hc_K20,SBERT+HC,雅思听力,10010000001110,playback.list_item.other,资料、微课、机经课程未按播放次数排序输出,11,10010000001304,意见反馈界面，当昵称过长时 界面布局分布异常,other.page_view.layout_issue,雅思听力__C6,雅思听力__C0,0.0,0,0,1,0,0,0,0
SBERT+HC__雅思听力__10010000001110,sbert_hc_K20,SBERT+HC,雅思听力,10010000001110,playback.list_item.other,资料、微课、机经课程未按播放次数排序输出,12,10010000001114,课程评论区留言功能语音功能当用户退出当前页面留言语音未自动停止,playback.page_view.other,雅思听力__C6,雅思听力__C0,0.056639,0,1,1,0,0,0,0
SBERT+HC__雅思听力__10010000001110,sbert_hc_K20,SBERT+HC,雅思听力,10010000001110,playback.list_item.other,资料、微课、机经课程未按播放次数排序输出,13,10010000000814,每点击进入阅读一篇文章或者是观看视频，阅读次数 记录没有+1。,playback.list_item.other,雅思听力__C3,雅思听力__C0,0.026199,1,1,1,1,1,1,1
SBERT+HC__雅思听力__10010000001110,sbert_hc_K20,SBERT+HC,雅思听力,10010000001110,playback.list_item.other,资料、微课、机经课程未按播放次数排序输出,14,10010000001012,忘记密码输入框的长度未作出正确限制,other.input_box.other,雅思听力__C10,雅思听力__C0,0.021334,0,0,1,0,0,0,0
SBERT+HC__雅思听力__10010000001110,sbert_hc_K20,SBERT+HC,雅思听力,10010000001110,playback.list_item.other,资料、微课、机经课程未按播放次数排序输出,15,10010000001421,在“我的”页面里，页面布局有缺陷，颜色为黑色，不好看。布局也比较单一。,other.page_view.layout_issue,雅思听力__C4,雅思听力__C0,0.0,0,0,1,0,0,0,0
SBERT+HC__雅思听力__10010000001110,sbert_hc_K20,SBERT+HC,雅思听力,10010000001110,playback.list_item.other,资料、微课、机经课程未按播放次数排序输出,16,10010000001151,我的页面布局太繁琐，记录学习的日期占用多半空间。,other.page_view.layout_issue,雅思听力__C4,雅思听力__C0,0.0,0,0,1,0,0,0,0
SBERT+HC__雅思听力__10010000001110,sbert_hc_K20,SBERT+HC,雅思听力,10010000001110,playback.list_item.other,资料、微课、机经课程未按播放次数排序输出,17,10010000000517,测试时随便填好，然后点击完成，出现提交界面，但点了提交后无反应,other.page_view.cannot_or_fail,雅思听力__C8,雅思听力__C0,0.003219,0,0,1,0,0,0,0
SBERT+HC__雅思听力__10010000001110,sbert_hc_K20,SBERT+HC,雅思听力,10010000001110,playback.list_item.other,资料、微课、机经课程未按播放次数排序输出,18,10010000000561,考试地点栏目选项太偏下。布局不合理。,other.other.layout_issue,雅思听力__C4,雅思听力__C0,0.0,0,0,1,0,0,0,0
SBERT+HC__雅思听力__10010000001110,sbert_hc_K20,SBERT+HC,雅思听力,10010000001110,playback.list_item.other,资料、微课、机经课程未按播放次数排序输出,19,10010000001959,信息与评论区在一块，压缩了信息查看窗口，起不到强调的重要性，且打开字体极小，虽然可以放大，但是用户不好掌控，容易使人厌烦。,comment.list_item.other,雅思听力__C4,雅思听力__C0,0.006516,0,0,1,0,0,0,0
SBERT+HC__雅思听力__10010000001110,sbert_hc_K20,SBERT+HC,雅思听力,10010000001110,playback.list_item.other,资料、微课、机经课程未按播放次数排序输出,20,10010000001410,官方指南中的文章录音中，语速选择按钮设计不当。当选择语速增加或减速没有确切的键可以点击。当想减速时，点击语速可能是加速。,playback.button_icon.other,雅思听力__C8,雅思听力__C0,0.003345,0,1,1,0,0,0,0
SBERT+HC__雅思听力__10010000001110,sbert_hc_K20,SBERT+HC,雅思听力,10010000001110,playback.list_item.other,资料、微课、机经课程未按播放次数排序输出,21,10010000001008,当手机号码输入框输13位数字时，做出的错误提示不能正确指导用户,other.input_box.wrong_value,雅思听力__C7,雅思听力__C0,0.02711,0,0,1,0,0,0,0
SBERT+HC__雅思听力__10010000001110,sbert_hc_K20,SBERT+HC,雅思听力,10010000001110,playback.list_item.other,资料、微课、机经课程未按播放次数排序输出,22,10010000001134,页面排版残缺，整体视觉效果差。考试倒计时的位置设置不明显，且过于单调。TOP10 字体设置太小。,settings.page_view.other,雅思听力__C4,雅思听力__C0,0.008709,0,0,1,0,0,0,0
SBERT+HC__雅思听力__10010000001110,sbert_hc_K20,SBERT+HC,雅思听力,10010000001110,playback.list_item.other,资料、微课、机经课程未按播放次数排序输出,23,10010000001125,评论区留言字符长度未作出相关提示,comment.list_item.other,雅思听力__C6,雅思听力__C0,0.012946,0,0,1,0,0,0,0
SBERT+HC__雅思听力__10010000001110,sbert_hc_K20,SBERT+HC,雅思听力,10010000001110,playback.list_item.other,资料、微课、机经课程未按播放次数排序输出,24,10010000000817,评论区 用户回复的bar与用户评论的bar占用相同大小的空间，排版差。用户在对文章或视频做出评论后 ，没有进行一个反馈动作。,playback.list_item.other,雅思听力__C6,雅思听力__C0,0.00933,1,1,1,1,1,1,1
SBERT+HC__雅思听力__10010000001110,sbert_hc_K20,SBERT+HC,雅思听力,10010000001110,playback.list_item.other,资料、微课、机经课程未按播放次数排序输出,25,10010000001148,评论区排版差，用户进行评论后，没有收到一个及时的反馈。在删除评论时，提示语有误。,comment.list_item.other,雅思听力__C6,雅思听力__C0,0.009819,0,0,1,0,0,0,0
SBERT+HC__雅思听力__10010000001110,sbert_hc_K20,SBERT+HC,雅思听力,10010000001110,playback.list_item.other,资料、微课、机经课程未按播放次数排序输出,26,10010000001002,忘记密码提示框未对手机号码输入框长度做出正确限制,other.input_box.other,雅思听力__C7,雅思听力__C0,0.023758,0,0,1,0,0,0,0
SBERT+HC__雅思听力__10010000001110,sbert_hc_K20,SBERT+HC,雅思听力,10010000001110,playback.list_item.other,资料、微课、机经课程未按播放次数排序输出,27,10010000001042,个人信息——学习设置打开时，数据刷新速度过慢为1.7秒以上,settings.page_view.other,雅思听力__C17,雅思听力__C0,0.007332,0,0,1,0,0,0,0
SBERT+HC__雅思听力__10010000001110,sbert_hc_K20,SBERT+HC,雅思听力,10010000001110,playback.list_item.other,资料、微课、机经课程未按播放次数排序输出,28,10010000001090,筛选状态下，学术筛选结果显示错误（状态为筛选前状态，筛选结果不生效），本人初步判断学术条件下未成功调用筛选方法,other.other.wrong_value,雅思听力__C0,雅思听力__C0,0.003365,0,0,0,0,0,0,0
LLMCluster__雅思听力__10010000001110,llmcluster_glm-4-air,LLMCluster,雅思听力,10010000001110,playback.list_item.other,资料、微课、机经课程未按播放次数排序输出,1,10010000000600,手机号码注册178开头的不能用，显示手机号码输入不完整，最新的手机号码没有更新,register.other.cannot_or_fail,雅思听力__C1,雅思听力__C9,0.016097,0,0,1,0,0,0,0
LLMCluster__雅思听力__10010000001110,llmcluster_glm-4-air,LLMCluster,雅思听力,10010000001110,playback.list_item.other,资料、微课、机经课程未按播放次数排序输出,2,10010000000574,布局偏上，应当在屏幕中间。屏幕下方太空泛。,other.other.layout_issue,雅思听力__C4,雅思听力__C9,0.0,0,0,1,0,0,0,0
LLMCluster__雅思听力__10010000001110,llmcluster_glm-4-air,LLMCluster,雅思听力,10010000001110,playback.list_item.other,资料、微课、机经课程未按播放次数排序输出,3,10010000001059,在“学习”模块中，不能copy资料内容，用户体验差,other.page_view.cannot_or_fail,雅思听力__C9,雅思听力__C9,0.043953,0,0,0,0,0,0,0
LLMCluster__雅思听力__10010000001110,llmcluster_glm-4-air,LLMCluster,雅思听力,10010000001110,playback.list_item.other,资料、微课、机经课程未按播放次数排序输出,4,10010000000614,手机号位数未规定11位，始终显示不完整手机号，没有注册按钮。,register.button_icon.other,雅思听力__C1,雅思听力__C9,0.027847,0,0,1,0,0,0,0
LLMCluster__雅思听力__10010000001110,llmcluster_glm-4-air,LLMCluster,雅思听力,10010000001110,playback.list_item.other,资料、微课、机经课程未按播放次数排序输出,5,10010000001983,播放音频文件时，想要暂停它必须要点击右边的小箭头，再去点暂停键，建议直接在小箭头后面直接加上暂停键。,playback.audio.other,雅思听力__C5,雅思听力__C9,0.020338,0,1,1,0,0,0,0
LLMCluster__雅思听力__10010000001110,llmcluster_glm-4-air,LLMCluster,雅思听力,10010000001110,playback.list_item.other,资料、微课、机经课程未按播放次数排序输出,6,10010000000540,在2G或者3G网络上请求延迟比较大，建立连接速度慢。,other.other.freeze,雅思听力__C9,雅思听力__C9,0.0,0,0,0,0,0,0,0
LLMCluster__雅思听力__10010000001110,llmcluster_glm-4-air,LLMCluster,雅思听力,10010000001110,playback.list_item.other,资料、微课、机经课程未按播放次数排序输出,7,10010000000242,练习报告页面，点击分享按钮，选择分享到微信朋友圈，无法分享，提示图片大小超过32kb，正在对图片进行压缩,share.button_icon.cannot_share,雅思听力__C9,雅思听力__C9,0.0096,0,0,0,0,0,0,0
LLMCluster__雅思听力__10010000001110,llmcluster_glm-4-air,LLMCluster,雅思听力,10010000001110,playback.list_item.other,资料、微课、机经课程未按播放次数排序输出,8,10010000000168,在登陆界面上的第三方登陆中 微信账号无法登陆，登陆失败。例如：点击微信图标，软件无反应只提示登陆失败,other.button_icon.cannot_or_fail,雅思听力__C2,雅思听力__C9,0.009593,0,0,1,0,0,0,0
LLMCluster__雅思听力__10010000001110,llmcluster_glm-4-air,LLMCluster,雅思听力,10010000001110,playback.list_item.other,资料、微课、机经课程未按播放次数排序输出,9,10010000000162,微信登录点击多次出现加载页面，未跳转,login.page_view.other,雅思听力__C2,雅思听力__C9,0.031681,0,0,1,0,0,0,0
LLMCluster__雅思听力__10010000001110,llmcluster_glm-4-air,LLMCluster,雅思听力,10010000001110,playback.list_item.other,资料、微课、机经课程未按播放次数排序输出,10,10010000000325,版本更新提示点击取消时会处在一直加载的进度圈，点击屏幕后才会消失并进入当前版本应用,other.other.load_fail,雅思听力__C8,雅思听力__C9,0.0,0,0,1,0,0,0,0
LLMCluster__雅思听力__10010000001110,llmcluster_glm-4-air,LLMCluster,雅思听力,10010000001110,playback.list_item.other,资料、微课、机经课程未按播放次数排序输出,11,10010000002008,无设置图标或文字提示视频的下载与播放,playback.button_icon.other,雅思听力__C4,雅思听力__C9,0.040705,0,1,1,0,0,0,0
LLMCluster__雅思听力__10010000001110,llmcluster_glm-4-air,LLMCluster,雅思听力,10010000001110,playback.list_item.other,资料、微课、机经课程未按播放次数排序输出,12,10010000001139,下载完听力资料后，点击一下没反应，须点击两次才可进入进行听力。听力已听的句数，并没有进行实时的反馈。,playback.audio.other,雅思听力__C5,雅思听力__C9,0.037739,0,1,1,0,0,0,0
LLMCluster__雅思听力__10010000001110,llmcluster_glm-4-air,LLMCluster,雅思听力,10010000001110,playback.list_item.other,资料、微课、机经课程未按播放次数排序输出,13,10010000000512,用户密码为简单数字时，注册不成功，但又没提示,register.other.other,雅思听力__C3,雅思听力__C9,0.008832,0,0,1,0,0,0,0
LLMCluster__雅思听力__10010000001110,llmcluster_glm-4-air,LLMCluster,雅思听力,10010000001110,playback.list_item.other,资料、微课、机经课程未按播放次数排序输出,14,10010000000192,进入注册页面，光标停留在重复密码上,register.page_view.other,雅思听力__C3,雅思听力__C9,0.0,0,0,1,0,0,0,0
LLMCluster__雅思听力__10010000001110,llmcluster_glm-4-air,LLMCluster,雅思听力,10010000001110,playback.list_item.other,资料、微课、机经课程未按播放次数排序输出,15,10010000000239,练习报告页面，点击分享按钮，选择分享到微信好友，无法分享，提示图片大小超过32kb，正在对图片进行压缩,share.button_icon.cannot_share,雅思听力__C9,雅思听力__C9,0.009683,0,0,0,0,0,0,0
LLMCluster__雅思听力__10010000001110,llmcluster_glm-4-air,LLMCluster,雅思听力,10010000001110,playback.list_item.other,资料、微课、机经课程未按播放次数排序输出,16,10010000000392,登录进入app，关闭更新提示后，一直处于刷新状态,login.other.other,雅思听力__C8,雅思听力__C9,0.0,0,0,1,0,0,0,0
LLMCluster__雅思听力__10010000001110,llmcluster_glm-4-air,LLMCluster,雅思听力,10010000001110,playback.list_item.other,资料、微课、机经课程未按播放次数排序输出,17,10010000000817,评论区 用户回复的bar与用户评论的bar占用相同大小的空间，排版差。用户在对文章或视频做出评论后 ，没有进行一个反馈动作。,playback.list_item.other,雅思听力__C9,雅思听力__C9,0.00933,1,1,0,0,0,0,0
LLMCluster__雅思听力__10010000001110,llmcluster_glm-4-air,LLMCluster,雅思听力,10010000001110,playback.list_item.other,资料、微课、机经课程未按播放次数排序输出,18,10010000000131,进入用户注册页面后，点击“验证码”获取验证码,register.page_view.other,雅思听力__C3,雅思听力__C9,0.0,0,0,1,0,0,0,0
LLMCluster__雅思听力__10010000001110,llmcluster_glm-4-air,LLMCluster,雅思听力,10010000001110,playback.list_item.other,资料、微课、机经课程未按播放次数排序输出,19,10010000000197,用户输入手机号码不可以登录或者注册，直接阻碍用户体验功能。且不可以通过Qq等方式快速登录,register.other.cannot_or_fail,雅思听力__C9,雅思听力__C9,0.007549,0,0,0,0,0,0,0
LLMCluster__雅思听力__10010000001110,llmcluster_glm-4-air,LLMCluster,雅思听力,10010000001110,playback.list_item.other,资料、微课、机经课程未按播放次数排序输出,20,10010000000241,178开头的手机号无法注册，显示手机号不完整,register.other.cannot_or_fail,雅思听力__C1,雅思听力__C9,0.011388,0,0,1,0,0,0,0
LLMCluster__雅思听力__10010000001110,llmcluster_glm-4-air,LLMCluster,雅思听力,10010000001110,playback.list_item.other,资料、微课、机经课程未按播放次数排序输出,21,10010000001979,在播放列表播放重要词汇时，没有中文注释,playback.list_item.other,雅思听力__C5,雅思听力__C9,0.075233,1,1,1,1,1,1,1
LLMCluster__雅思听力__10010000001110,llmcluster_glm-4-air,LLMCluster,雅思听力,10010000001110,playback.list_item.other,资料、微课、机经课程未按播放次数排序输出,22,10010000000573,只有单独的英语界面或者单独的汉语界面，应该加一个页面一句英语一句汉语翻译并且已读过的跟正在读的的不容易区分，正在播放句子的应该颜色应该…,playback.page_view.other,雅思听力__C4,雅思听力__C9,0.017058,0,1,1,0,0,0,0
LLMCluster__雅思听力__10010000001110,llmcluster_glm-4-air,LLMCluster,雅思听力,10010000001110,playback.list_item.other,资料、微课、机经课程未按播放次数排序输出,23,10010000000517,测试时随便填好，然后点击完成，出现提交界面，但点了提交后无反应,other.page_view.cannot_or_fail,雅思听力__C9,雅思听力__C9,0.003219,0,0,0,0,0,0,0
LLMCluster__雅思听力__10010000001110,llmcluster_glm-4-air,LLMCluster,雅思听力,10010000001110,playback.list_item.other,资料、微课、机经课程未按播放次数排序输出,24,10010000000814,每点击进入阅读一篇文章或者是观看视频，阅读次数 记录没有+1。,playback.list_item.other,雅思听力__C9,雅思听力__C9,0.026199,1,1,0,0,0,0,0
LLMCluster__雅思听力__10010000001110,llmcluster_glm-4-air,LLMCluster,雅思听力,10010000001110,playback.list_item.other,资料、微课、机经课程未按播放次数排序输出,25,10010000000274,句库中选择某个句子，点击右下角对号图标，句子直接被删除。点击句子后应变为删除图标，且删除前应有对话框确认,other.button_icon.other,雅思听力__C9,雅思听力__C9,0.0,0,0,0,0,0,0,0
LLMCluster__雅思听力__10010000001110,llmcluster_glm-4-air,LLMCluster,雅思听力,10010000001110,playback.list_item.other,资料、微课、机经课程未按播放次数排序输出,26,10010000001114,课程评论区留言功能语音功能当用户退出当前页面留言语音未自动停止,playback.page_view.other,雅思听力__C9,雅思听力__C9,0.056639,0,1,0,0,0,0,0
LLMCluster__雅思听力__10010000001110,llmcluster_glm-4-air,LLMCluster,雅思听力,10010000001110,playback.list_item.other,资料、微课、机经课程未按播放次数排序输出,27,10010000000763,第三方登录：微信登录页面无法显示，QQ无法获取权限,login.page_view.permission,雅思听力__C2,雅思听力__C9,0.008178,0,0,1,0,0,0,0
LLMCluster__雅思听力__10010000001110,llmcluster_glm-4-air,LLMCluster,雅思听力,10010000001110,playback.list_item.other,资料、微课、机经课程未按播放次数排序输出,28,10010000000344,"登录时忘记密码，重新设置密码时光标出现在""重复密码""一栏，而不是""密码""一栏。",login.page_view.other,雅思听力__C3,雅思听力__C9,0.002507,0,0,1,0,0,0,0
LLMCluster__雅思听力__10010000001110,llmcluster_glm-4-air,LLMCluster,雅思听力,10010000001110,playback.list_item.other,资料、微课、机经课程未按播放次数排序输出,29,10010000000700,"分享漫听软件时,分享到微信和微信朋友圈功能不能实现",share.share_panel.cannot_or_fail,雅思听力__C9,雅思听力__C9,0.015095,0,0,0,0,0,0,0
LLMCluster__雅思听力__10010000001110,llmcluster_glm-4-air,LLMCluster,雅思听力,10010000001110,playback.list_item.other,资料、微课、机经课程未按播放次数排序输出,30,10010000000163,其他用户主页学分右边的剪头点击无反应,other.other.cannot_or_fail,雅思听力__C9,雅思听力__C9,0.0,0,0,0,0,0,0,0
LLMCluster__雅思听力__10010000001110,llmcluster_glm-4-air,LLMCluster,雅思听力,10010000001110,playback.list_item.other,资料、微课、机经课程未按播放次数排序输出,31,10010000000538,在wifi环境下，页面图片无法显示,other.page_view.cannot_or_fail,雅思听力__C9,雅思听力__C9,0.0,0,0,0,0,0,0,0
LLMCluster__雅思听力__10010000001110,llmcluster_glm-4-air,LLMCluster,雅思听力,10010000001110,playback.list_item.other,资料、微课、机经课程未按播放次数排序输出,32,10010000000561,考试地点栏目选项太偏下。布局不合理。,other.other.layout_issue,雅思听力__C4,雅思听力__C9,0.0,0,0,1,0,0,0,0
LLMCluster__雅思听力__10010000001110,llmcluster_glm-4-air,LLMCluster,雅思听力,10010000001110,playback.list_item.other,资料、微课、机经课程未按播放次数排序输出,33,10010000000559,用于账户安全的手机短信验证码没做加密处理，可修改任意已注册账户的密码。（软件最新版本也有此问题）,register.other.other,雅思听力__C3,雅思听力__C9,0.003378,0,0,1,0,0,0,0
LLMCluster__雅思听力__10010000001110,llmcluster_glm-4-air,LLMCluster,雅思听力,10010000001110,playback.list_item.other,资料、微课、机经课程未按播放次数排序输出,34,10010000000439,控制用户一秒之内，多次点击按钮，连续弹出toast,other.button_icon.other,雅思听力__C9,雅思听力__C9,0.016819,0,0,0,0,0,0,0
LLMCluster__雅思听力__10010000001110,llmcluster_glm-4-air,LLMCluster,雅思听力,10010000001110,playback.list_item.other,资料、微课、机经课程未按播放次数排序输出,35,10010000000324,点击清理垃圾，若重复点击清理垃圾按钮，会重复出现Toast提示，按几次按钮出现几次，可设置判断减少出现提示,settings.button_icon.other,雅思听力__C9,雅思听力__C9,0.02539,0,0,0,0,0,0,0
TFIDF+HC__雅思听力__10010000001114,tfidf_hc_K20,TFIDF+HC,雅思听力,10010000001114,playback.page_view.other,课程评论区留言功能语音功能当用户退出当前页面留言语音未自动停止,1,10010000001086,当用户点击筛选按钮时，单次筛选按钮未作上限，和全部按钮形成冲突,other.button_icon.other,雅思听力__C17,雅思听力__C7,0.039841,0,0,1,0,0,0,0
TFIDF+HC__雅思听力__10010000001114,tfidf_hc_K20,TFIDF+HC,雅思听力,10010000001114,playback.page_view.other,课程评论区留言功能语音功能当用户退出当前页面留言语音未自动停止,2,10010000001421,在“我的”页面里，页面布局有缺陷，颜色为黑色，不好看。布局也比较单一。,other.page_view.layout_issue,雅思听力__C1,雅思听力__C7,0.018713,0,0,1,0,0,0,0
TFIDF+HC__雅思听力__10010000001114,tfidf_hc_K20,TFIDF+HC,雅思听力,10010000001114,playback.page_view.other,课程评论区留言功能语音功能当用户退出当前页面留言语音未自动停止,3,10010000000700,"分享漫听软件时,分享到微信和微信朋友圈功能不能实现",share.share_panel.cannot_or_fail,雅思听力__C2,雅思听力__C7,0.049151,0,0,1,0,0,0,0
TFIDF+HC__雅思听力__10010000001114,tfidf_hc_K20,TFIDF+HC,雅思听力,10010000001114,playback.page_view.other,课程评论区留言功能语音功能当用户退出当前页面留言语音未自动停止,4,10010000001981,当点击练习功能时，右上角的选项中，有三个选择：“关闭”、“筛选”、“重置”，当点击：“关闭”、“重置”时，页面都会有反应，但是当点击“…,other.page_view.freeze,雅思听力__C17,雅思听力__C7,0.043214,0,0,1,0,0,0,0
TFIDF+HC__雅思听力__10010000001114,tfidf_hc_K20,TFIDF+HC,雅思听力,10010000001114,playback.page_view.other,课程评论区留言功能语音功能当用户退出当前页面留言语音未自动停止,5,10010000001125,评论区留言字符长度未作出相关提示,comment.list_item.other,雅思听力__C7,雅思听力__C7,0.220386,0,0,0,0,0,0,0
TFIDF+HC__雅思听力__10010000001114,tfidf_hc_K20,TFIDF+HC,雅思听力,10010000001114,playback.page_view.other,课程评论区留言功能语音功能当用户退出当前页面留言语音未自动停止,6,10010000001067,在登陆首页当用户忘记密码时，正确输入短信验证码时，提示用户重新设置密码时，强行退出,settings.page_view.other,雅思听力__C0,雅思听力__C7,0.06099,0,0,1,0,0,0,0
TFIDF+HC__雅思听力__10010000001114,tfidf_hc_K20,TFIDF+HC,雅思听力,10010000001114,playback.page_view.other,课程评论区留言功能语音功能当用户退出当前页面留言语音未自动停止,7,10010000002021,点击练习按钮之后，页面右上角的按钮会提供“关闭”、“筛选”、“重置”三个选项，点击“关闭”、“重置”时页面都会响应，但是点击“筛选”时…,other.button_icon.cannot_or_fail,雅思听力__C17,雅思听力__C7,0.011319,0,0,1,0,0,0,0
TFIDF+HC__雅思听力__10010000001114,tfidf_hc_K20,TFIDF+HC,雅思听力,10010000001114,playback.page_view.other,课程评论区留言功能语音功能当用户退出当前页面留言语音未自动停止,8,10010000000325,版本更新提示点击取消时会处在一直加载的进度圈，点击屏幕后才会消失并进入当前版本应用,other.other.load_fail,雅思听力__C6,雅思听力__C7,0.025344,0,0,1,0,0,0,0
TFIDF+HC__雅思听力__10010000001114,tfidf_hc_K20,TFIDF+HC,雅思听力,10010000001114,playback.page_view.other,课程评论区留言功能语音功能当用户退出当前页面留言语音未自动停止,9,10010000000197,用户输入手机号码不可以登录或者注册，直接阻碍用户体验功能。且不可以通过Qq等方式快速登录,register.other.cannot_or_fail,雅思听力__C0,雅思听力__C7,0.045961,0,0,1,0,0,0,0
TFIDF+HC__雅思听力__10010000001114,tfidf_hc_K20,TFIDF+HC,雅思听力,10010000001114,playback.page_view.other,课程评论区留言功能语音功能当用户退出当前页面留言语音未自动停止,10,10010000001140,在句库界面，选择一个句子进行听力时，没有进度显示，缺少暂停按钮。点击“打钩”icon就是将当前句删除，而没有给用户提示。,playback.button_icon.other,雅思听力__C9,雅思听力__C7,0.034275,0,1,1,0,0,0,0
TFIDF+HC__雅思听力__10010000001114,tfidf_hc_K20,TFIDF+HC,雅思听力,10010000001114,playback.page_view.other,课程评论区留言功能语音功能当用户退出当前页面留言语音未自动停止,11,10010000000835,注册登录时在收验证码时退出界面 再注册时验证码不可用,register.page_view.other,雅思听力__C0,雅思听力__C7,0.026473,0,0,1,0,0,0,0
TFIDF+HC__雅思听力__10010000001114,tfidf_hc_K20,TFIDF+HC,雅思听力,10010000001114,playback.page_view.other,课程评论区留言功能语音功能当用户退出当前页面留言语音未自动停止,12,10010000000512,用户密码为简单数字时，注册不成功，但又没提示,register.other.other,雅思听力__C0,雅思听力__C7,0.027748,0,0,1,0,0,0,0
TFIDF+HC__雅思听力__10010000001114,tfidf_hc_K20,TFIDF+HC,雅思听力,10010000001114,playback.page_view.other,课程评论区留言功能语音功能当用户退出当前页面留言语音未自动停止,13,10010000000192,进入注册页面，光标停留在重复密码上,register.page_view.other,雅思听力__C0,雅思听力__C7,0.055505,0,0,1,0,0,0,0
TFIDF+HC__雅思听力__10010000001114,tfidf_hc_K20,TFIDF+HC,雅思听力,10010000001114,playback.page_view.other,课程评论区留言功能语音功能当用户退出当前页面留言语音未自动停止,14,10010000001122,在后台关闭退出此应用再次启动时出现了闪退现象。,other.other.crash,雅思听力__C8,雅思听力__C7,0.042807,0,0,1,0,0,0,0
TFIDF+HC__雅思听力__10010000001114,tfidf_hc_K20,TFIDF+HC,雅思听力,10010000001114,playback.page_view.other,课程评论区留言功能语音功能当用户退出当前页面留言语音未自动停止,15,10010000000131,进入用户注册页面后，点击“验证码”获取验证码,register.page_view.other,雅思听力__C0,雅思听力__C7,0.025588,0,0,1,0,0,0,0
TFIDF+HC__雅思听力__10010000001114,tfidf_hc_K20,TFIDF+HC,雅思听力,10010000001114,playback.page_view.other,课程评论区留言功能语音功能当用户退出当前页面留言语音未自动停止,16,10010000001110,资料、微课、机经课程未按播放次数排序输出,playback.list_item.other,雅思听力__C4,雅思听力__C7,0.056639,0,1,1,0,0,0,0
TFIDF+HC__雅思听力__10010000001114,tfidf_hc_K20,TFIDF+HC,雅思听力,10010000001114,playback.page_view.other,课程评论区留言功能语音功能当用户退出当前页面留言语音未自动停止,17,10010000001009,手机注册页面输入框未对手机号码输入框做出长度限制,register.input_box.other,雅思听力__C0,雅思听力__C7,0.022142,0,0,1,0,0,0,0
TFIDF+HC__雅思听力__10010000001114,tfidf_hc_K20,TFIDF+HC,雅思听力,10010000001114,playback.page_view.other,课程评论区留言功能语音功能当用户退出当前页面留言语音未自动停止,18,10010000001148,评论区排版差，用户进行评论后，没有收到一个及时的反馈。在删除评论时，提示语有误。,comment.list_item.other,雅思听力__C7,雅思听力__C7,0.105789,0,0,0,0,0,0,0
TFIDF+HC__雅思听力__10010000001114,tfidf_hc_K20,TFIDF+HC,雅思听力,10010000001114,playback.page_view.other,课程评论区留言功能语音功能当用户退出当前页面留言语音未自动停止,19,10010000000439,控制用户一秒之内，多次点击按钮，连续弹出toast,other.button_icon.other,雅思听力__C2,雅思听力__C7,0.013066,0,0,1,0,0,0,0
TFIDF+HC__雅思听力__10010000001114,tfidf_hc_K20,TFIDF+HC,雅思听力,10010000001114,playback.page_view.other,课程评论区留言功能语音功能当用户退出当前页面留言语音未自动停止,20,10010000001057,在“精听”功能模块中的“官方指南”、“剑桥听力”，”全真模拟”功能中，拉动进度条，会有声音出现，用户体验差,playback.slider.other,雅思听力__C14,雅思听力__C7,0.076121,0,1,1,0,0,0,0
TFIDF+HC__雅思听力__10010000001114,tfidf_hc_K20,TFIDF+HC,雅思听力,10010000001114,playback.page_view.other,课程评论区留言功能语音功能当用户退出当前页面留言语音未自动停止,21,10010000000584,用户登录后页面显示提示更新信息，更新后还一直显示，体验性很不好！,login.page_view.other,雅思听力__C6,雅思听力__C7,0.019376,0,0,1,0,0,0,0
TFIDF+HC__雅思听力__10010000001114,tfidf_hc_K20,TFIDF+HC,雅思听力,10010000001114,playback.page_view.other,课程评论区留言功能语音功能当用户退出当前页面留言语音未自动停止,22,10010000001059,在“学习”模块中，不能copy资料内容，用户体验差,other.page_view.cannot_or_fail,雅思听力__C14,雅思听力__C7,0.020305,0,0,1,0,0,0,0
TFIDF+HC__雅思听力__10010000001114,tfidf_hc_K20,TFIDF+HC,雅思听力,10010000001114,playback.page_view.other,课程评论区留言功能语音功能当用户退出当前页面留言语音未自动停止,23,10010000001345,1用户进行注册时，输入11位手机号码，若用户随意输入完整的11位数字，此时提示的是请输入完整的手机号码，而不是请输入正确的手机号码，提…,register.other.other,雅思听力__C0,雅思听力__C7,0.011132,0,0,1,0,0,0,0
TFIDF+HC__雅思听力__10010000001114,tfidf_hc_K20,TFIDF+HC,雅思听力,10010000001114,playback.page_view.other,课程评论区留言功能语音功能当用户退出当前页面留言语音未自动停止,24,10010000001959,信息与评论区在一块，压缩了信息查看窗口，起不到强调的重要性，且打开字体极小，虽然可以放大，但是用户不好掌控，容易使人厌烦。,comment.list_item.other,雅思听力__C3,雅思听力__C7,0.038355,0,0,1,0,0,0,0
TFIDF+HC__雅思听力__10010000001114,tfidf_hc_K20,TFIDF+HC,雅思听力,10010000001114,playback.page_view.other,课程评论区留言功能语音功能当用户退出当前页面留言语音未自动停止,25,10010000000817,评论区 用户回复的bar与用户评论的bar占用相同大小的空间，排版差。用户在对文章或视频做出评论后 ，没有进行一个反馈动作。,playback.list_item.other,雅思听力__C7,雅思听力__C7,0.085059,0,1,0,0,0,0,0
TFIDF+HC__雅思听力__10010000001114,tfidf_hc_K20,TFIDF+HC,雅思听力,10010000001114,playback.page_view.other,课程评论区留言功能语音功能当用户退出当前页面留言语音未自动停止,26,10010000001359,用户进行注册时，提示输入11位手机号码，若用户随意输入完整的11位数字，此时提示的是请输入完整的手机号码，而不是请输入正确的手机号码，…,register.other.other,雅思听力__C0,雅思听力__C7,0.011247,0,0,1,0,0,0,0
TFIDF+HC__雅思听力__10010000001114,tfidf_hc_K20,TFIDF+HC,雅思听力,10010000001114,playback.page_view.other,课程评论区留言功能语音功能当用户退出当前页面留言语音未自动停止,27,10010000001288,退出应用时，没有友好提示。而是直接退出。每次打开应用时，都有更新提示。,other.other.crash,雅思听力__C6,雅思听力__C7,0.037357,0,0,1,0,0,0,0
TFIDF+HC__雅思听力__10010000001114,tfidf_hc_K20,TFIDF+HC,雅思听力,10010000001114,playback.page_view.other,课程评论区留言功能语音功能当用户退出当前页面留言语音未自动停止,28,10010000001011,手机注册页面未对手机号码输入框做出长度限制,register.input_box.other,雅思听力__C0,雅思听力__C7,0.024853,0,0,1,0,0,0,0
SBERT+HC__雅思听力__10010000001114,sbert_hc_K20,SBERT+HC,雅思听力,10010000001114,playback.page_view.other,课程评论区留言功能语音功能当用户退出当前页面留言语音未自动停止,1,10010000000324,点击清理垃圾，若重复点击清理垃圾按钮，会重复出现Toast提示，按几次按钮出现几次，可设置判断减少出现提示,settings.button_icon.other,雅思听力__C8,雅思听力__C6,0.005058,0,0,1,0,0,0,0
SBERT+HC__雅思听力__10010000001114,sbert_hc_K20,SBERT+HC,雅思听力,10010000001114,playback.page_view.other,课程评论区留言功能语音功能当用户退出当前页面留言语音未自动停止,2,10010000001690,点进去之后提示更新，点击关闭一直在等待。需手工按返回键才可以继续使用,other.button_icon.other,雅思听力__C8,雅思听力__C6,0.002062,0,0,1,0,0,0,0
SBERT+HC__雅思听力__10010000001114,sbert_hc_K20,SBERT+HC,雅思听力,10010000001114,playback.page_view.other,课程评论区留言功能语音功能当用户退出当前页面留言语音未自动停止,3,10010000001139,下载完听力资料后，点击一下没反应，须点击两次才可进入进行听力。听力已听的句数，并没有进行实时的反馈。,playback.audio.other,雅思听力__C9,雅思听力__C6,0.0,0,1,1,0,0,0,0
SBERT+HC__雅思听力__10010000001114,sbert_hc_K20,SBERT+HC,雅思听力,10010000001114,playback.page_view.other,课程评论区留言功能语音功能当用户退出当前页面留言语音未自动停止,4,10010000000584,用户登录后页面显示提示更新信息，更新后还一直显示，体验性很不好！,login.page_view.other,雅思听力__C6,雅思听力__C6,0.019376,0,0,0,0,0,0,0
SBERT+HC__雅思听力__10010000001114,sbert_hc_K20,SBERT+HC,雅思听力,10010000001114,playback.page_view.other,课程评论区留言功能语音功能当用户退出当前页面留言语音未自动停止,5,10010000001304,意见反馈界面，当昵称过长时 界面布局分布异常,other.page_view.layout_issue,雅思听力__C6,雅思听力__C6,0.018367,0,0,0,0,0,0,0
SBERT+HC__雅思听力__10010000001114,sbert_hc_K20,SBERT+HC,雅思听力,10010000001114,playback.page_view.other,课程评论区留言功能语音功能当用户退出当前页面留言语音未自动停止,6,10010000000817,评论区 用户回复的bar与用户评论的bar占用相同大小的空间，排版差。用户在对文章或视频做出评论后 ，没有进行一个反馈动作。,playback.list_item.other,雅思听力__C6,雅思听力__C6,0.085059,0,1,0,0,0,0,0
SBERT+HC__雅思听力__10010000001114,sbert_hc_K20,SBERT+HC,雅思听力,10010000001114,playback.page_view.other,课程评论区留言功能语音功能当用户退出当前页面留言语音未自动停止,7,10010000001288,退出应用时，没有友好提示。而是直接退出。每次打开应用时，都有更新提示。,other.other.crash,雅思听力__C2,雅思听力__C6,0.037357,0,0,1,0,0,0,0
SBERT+HC__雅思听力__10010000001114,sbert_hc_K20,SBERT+HC,雅思听力,10010000001114,playback.page_view.other,课程评论区留言功能语音功能当用户退出当前页面留言语音未自动停止,8,10010000001981,当点击练习功能时，右上角的选项中，有三个选择：“关闭”、“筛选”、“重置”，当点击：“关闭”、“重置”时，页面都会有反应，但是当点击“…,other.page_view.freeze,雅思听力__C8,雅思听力__C6,0.043214,0,0,1,0,0,0,0
SBERT+HC__雅思听力__10010000001114,sbert_hc_K20,SBERT+HC,雅思听力,10010000001114,playback.page_view.other,课程评论区留言功能语音功能当用户退出当前页面留言语音未自动停止,9,10010000000325,版本更新提示点击取消时会处在一直加载的进度圈，点击屏幕后才会消失并进入当前版本应用,other.other.load_fail,雅思听力__C2,雅思听力__C6,0.025344,0,0,1,0,0,0,0
SBERT+HC__雅思听力__10010000001114,sbert_hc_K20,SBERT+HC,雅思听力,10010000001114,playback.page_view.other,课程评论区留言功能语音功能当用户退出当前页面留言语音未自动停止,10,10010000000163,其他用户主页学分右边的剪头点击无反应,other.other.cannot_or_fail,雅思听力__C8,雅思听力__C6,0.016994,0,0,1,0,0,0,0
SBERT+HC__雅思听力__10010000001114,sbert_hc_K20,SBERT+HC,雅思听力,10010000001114,playback.page_view.other,课程评论区留言功能语音功能当用户退出当前页面留言语音未自动停止,11,10010000001137,一个单词的读音 ， 每个发音应该相应的读音。在相应的读音前。发音icon设置太小，用户体验不佳。,settings.page_view.other,雅思听力__C9,雅思听力__C6,0.05986,0,0,1,0,0,0,0
SBERT+HC__雅思听力__10010000001114,sbert_hc_K20,SBERT+HC,雅思听力,10010000001114,playback.page_view.other,课程评论区留言功能语音功能当用户退出当前页面留言语音未自动停止,12,10010000001028,短信登陆验证码文本输入框对输入长度未做限制,other.input_box.other,雅思听力__C19,雅思听力__C6,0.005778,0,0,1,0,0,0,0
SBERT+HC__雅思听力__10010000001114,sbert_hc_K20,SBERT+HC,雅思听力,10010000001114,playback.page_view.other,课程评论区留言功能语音功能当用户退出当前页面留言语音未自动停止,13,10010000001148,评论区排版差，用户进行评论后，没有收到一个及时的反馈。在删除评论时，提示语有误。,comment.list_item.other,雅思听力__C6,雅思听力__C6,0.105789,0,0,0,0,0,0,0
SBERT+HC__雅思听力__10010000001114,sbert_hc_K20,SBERT+HC,雅思听力,10010000001114,playback.page_view.other,课程评论区留言功能语音功能当用户退出当前页面留言语音未自动停止,14,10010000001067,在登陆首页当用户忘记密码时，正确输入短信验证码时，提示用户重新设置密码时，强行退出,settings.page_view.other,雅思听力__C10,雅思听力__C6,0.06099,0,0,1,0,0,0,0
SBERT+HC__雅思听力__10010000001114,sbert_hc_K20,SBERT+HC,雅思听力,10010000001114,playback.page_view.other,课程评论区留言功能语音功能当用户退出当前页面留言语音未自动停止,15,10010000004774,用户注册界面，快速点击获取验证码，获取验证码按钮的背景会保持被按下的状态,register.button_icon.other,雅思听力__C10,雅思听力__C6,0.010793,0,0,1,0,0,0,0
SBERT+HC__雅思听力__10010000001114,sbert_hc_K20,SBERT+HC,雅思听力,10010000001114,playback.page_view.other,课程评论区留言功能语音功能当用户退出当前页面留言语音未自动停止,16,10010000000392,登录进入app，关闭更新提示后，一直处于刷新状态,login.other.other,雅思听力__C2,雅思听力__C6,0.0,0,0,1,0,0,0,0
SBERT+HC__雅思听力__10010000001114,sbert_hc_K20,SBERT+HC,雅思听力,10010000001114,playback.page_view.other,课程评论区留言功能语音功能当用户退出当前页面留言语音未自动停止,17,10010000001057,在“精听”功能模块中的“官方指南”、“剑桥听力”，”全真模拟”功能中，拉动进度条，会有声音出现，用户体验差,playback.slider.other,雅思听力__C9,雅思听力__C6,0.076121,0,1,1,0,0,0,0
SBERT+HC__雅思听力__10010000001114,sbert_hc_K20,SBERT+HC,雅思听力,10010000001114,playback.page_view.other,课程评论区留言功能语音功能当用户退出当前页面留言语音未自动停止,18,10010000000274,句库中选择某个句子，点击右下角对号图标，句子直接被删除。点击句子后应变为删除图标，且删除前应有对话框确认,other.button_icon.other,雅思听力__C8,雅思听力__C6,0.004938,0,0,1,0,0,0,0
SBERT+HC__雅思听力__10010000001114,sbert_hc_K20,SBERT+HC,雅思听力,10010000001114,playback.page_view.other,课程评论区留言功能语音功能当用户退出当前页面留言语音未自动停止,19,10010000001064,进行学习设置的时候，提示时只出现一个提示栏，应该设置为铃声或者对话框形式,settings.page_view.other,雅思听力__C6,雅思听力__C6,0.00241,0,0,0,0,0,0,0
SBERT+HC__雅思听力__10010000001114,sbert_hc_K20,SBERT+HC,雅思听力,10010000001114,playback.page_view.other,课程评论区留言功能语音功能当用户退出当前页面留言语音未自动停止,20,10010000001798,1 当收听演讲时候，点击分享到微信按钮，没有任何反应，也不能分享成功。,share.button_icon.cannot_share,雅思听力__C5,雅思听力__C6,0.0303,0,0,1,0,0,0,0
SBERT+HC__雅思听力__10010000001114,sbert_hc_K20,SBERT+HC,雅思听力,10010000001114,playback.page_view.other,课程评论区留言功能语音功能当用户退出当前页面留言语音未自动停止,21,10010000004725,注册界面，快速点击获取验证码会收到多条短信,register.page_view.other,雅思听力__C10,雅思听力__C6,0.003665,0,0,1,0,0,0,0
SBERT+HC__雅思听力__10010000001114,sbert_hc_K20,SBERT+HC,雅思听力,10010000001114,playback.page_view.other,课程评论区留言功能语音功能当用户退出当前页面留言语音未自动停止,22,10010000000192,进入注册页面，光标停留在重复密码上,register.page_view.other,雅思听力__C10,雅思听力__C6,0.055505,0,0,1,0,0,0,0
SBERT+HC__雅思听力__10010000001114,sbert_hc_K20,SBERT+HC,雅思听力,10010000001114,playback.page_view.other,课程评论区留言功能语音功能当用户退出当前页面留言语音未自动停止,23,10010000002021,点击练习按钮之后，页面右上角的按钮会提供“关闭”、“筛选”、“重置”三个选项，点击“关闭”、“重置”时页面都会响应，但是点击“筛选”时…,other.button_icon.cannot_or_fail,雅思听力__C8,雅思听力__C6,0.011319,0,0,1,0,0,0,0
SBERT+HC__雅思听力__10010000001114,sbert_hc_K20,SBERT+HC,雅思听力,10010000001114,playback.page_view.other,课程评论区留言功能语音功能当用户退出当前页面留言语音未自动停止,24,10010000000517,测试时随便填好，然后点击完成，出现提交界面，但点了提交后无反应,other.page_view.cannot_or_fail,雅思听力__C8,雅思听力__C6,0.005146,0,0,1,0,0,0,0
SBERT+HC__雅思听力__10010000001114,sbert_hc_K20,SBERT+HC,雅思听力,10010000001114,playback.page_view.other,课程评论区留言功能语音功能当用户退出当前页面留言语音未自动停止,25,10010000001125,评论区留言字符长度未作出相关提示,comment.list_item.other,雅思听力__C6,雅思听力__C6,0.220386,0,0,0,0,0,0,0
SBERT+HC__雅思听力__10010000001114,sbert_hc_K20,SBERT+HC,雅思听力,10010000001114,playback.page_view.other,课程评论区留言功能语音功能当用户退出当前页面留言语音未自动停止,26,10010000001140,在句库界面，选择一个句子进行听力时，没有进度显示，缺少暂停按钮。点击“打钩”icon就是将当前句删除，而没有给用户提示。,playback.button_icon.other,雅思听力__C8,雅思听力__C6,0.034275,0,1,1,0,0,0,0
SBERT+HC__雅思听力__10010000001114,sbert_hc_K20,SBERT+HC,雅思听力,10010000001114,playback.page_view.other,课程评论区留言功能语音功能当用户退出当前页面留言语音未自动停止,27,10010000001027,短信登陆验证码文本输入框对输入类型未限制,other.input_box.other,雅思听力__C19,雅思听力__C6,0.005821,0,0,1,0,0,0,0
LLMCluster__雅思听力__10010000001114,llmcluster_glm-4-air,LLMCluster,雅思听力,10010000001114,playback.page_view.other,课程评论区留言功能语音功能当用户退出当前页面留言语音未自动停止,1,10010000001011,手机注册页面未对手机号码输入框做出长度限制,register.input_box.other,雅思听力__C1,雅思听力__C9,0.024853,0,0,1,0,0,0,0
LLMCluster__雅思听力__10010000001114,llmcluster_glm-4-air,LLMCluster,雅思听力,10010000001114,playback.page_view.other,课程评论区留言功能语音功能当用户退出当前页面留言语音未自动停止,2,10010000001421,在“我的”页面里，页面布局有缺陷，颜色为黑色，不好看。布局也比较单一。,other.page_view.layout_issue,雅思听力__C4,雅思听力__C9,0.018713,0,0,1,0,0,0,0
LLMCluster__雅思听力__10010000001114,llmcluster_glm-4-air,LLMCluster,雅思听力,10010000001114,playback.page_view.other,课程评论区留言功能语音功能当用户退出当前页面留言语音未自动停止,3,10010000000131,进入用户注册页面后，点击“验证码”获取验证码,register.page_view.other,雅思听力__C3,雅思听力__C9,0.025588,0,0,1,0,0,0,0
LLMCluster__雅思听力__10010000001114,llmcluster_glm-4-air,LLMCluster,雅思听力,10010000001114,playback.page_view.other,课程评论区留言功能语音功能当用户退出当前页面留言语音未自动停止,4,10010000000162,微信登录点击多次出现加载页面，未跳转,login.page_view.other,雅思听力__C2,雅思听力__C9,0.024528,0,0,1,0,0,0,0
LLMCluster__雅思听力__10010000001114,llmcluster_glm-4-air,LLMCluster,雅思听力,10010000001114,playback.page_view.other,课程评论区留言功能语音功能当用户退出当前页面留言语音未自动停止,5,10010000001122,在后台关闭退出此应用再次启动时出现了闪退现象。,other.other.crash,雅思听力__C8,雅思听力__C9,0.042807,0,0,1,0,0,0,0
LLMCluster__雅思听力__10010000001114,llmcluster_glm-4-air,LLMCluster,雅思听力,10010000001114,playback.page_view.other,课程评论区留言功能语音功能当用户退出当前页面留言语音未自动停止,6,10010000001288,退出应用时，没有友好提示。而是直接退出。每次打开应用时，都有更新提示。,other.other.crash,雅思听力__C8,雅思听力__C9,0.037357,0,0,1,0,0,0,0
LLMCluster__雅思听力__10010000001114,llmcluster_glm-4-air,LLMCluster,雅思听力,10010000001114,playback.page_view.other,课程评论区留言功能语音功能当用户退出当前页面留言语音未自动停止,7,10010000001057,在“精听”功能模块中的“官方指南”、“剑桥听力”，”全真模拟”功能中，拉动进度条，会有声音出现，用户体验差,playback.slider.other,雅思听力__C5,雅思听力__C9,0.076121,0,1,1,0,0,0,0
LLMCluster__雅思听力__10010000001114,llmcluster_glm-4-air,LLMCluster,雅思听力,10010000001114,playback.page_view.other,课程评论区留言功能语音功能当用户退出当前页面留言语音未自动停止,8,10010000001148,评论区排版差，用户进行评论后，没有收到一个及时的反馈。在删除评论时，提示语有误。,comment.list_item.other,雅思听力__C9,雅思听力__C9,0.105789,0,0,0,0,0,0,0
LLMCluster__雅思听力__10010000001114,llmcluster_glm-4-air,LLMCluster,雅思听力,10010000001114,playback.page_view.other,课程评论区留言功能语音功能当用户退出当前页面留言语音未自动停止,9,10010000001981,当点击练习功能时，右上角的选项中，有三个选择：“关闭”、“筛选”、“重置”，当点击：“关闭”、“重置”时，页面都会有反应，但是当点击“…,other.page_view.freeze,雅思听力__C4,雅思听力__C9,0.043214,0,0,1,0,0,0,0
LLMCluster__雅思听力__10010000001114,llmcluster_glm-4-air,LLMCluster,雅思听力,10010000001114,playback.page_view.other,课程评论区留言功能语音功能当用户退出当前页面留言语音未自动停止,10,10010000001140,在句库界面，选择一个句子进行听力时，没有进度显示，缺少暂停按钮。点击“打钩”icon就是将当前句删除，而没有给用户提示。,playback.button_icon.other,雅思听力__C5,雅思听力__C9,0.034275,0,1,1,0,0,0,0
LLMCluster__雅思听力__10010000001114,llmcluster_glm-4-air,LLMCluster,雅思听力,10010000001114,playback.page_view.other,课程评论区留言功能语音功能当用户退出当前页面留言语音未自动停止,11,10010000000325,版本更新提示点击取消时会处在一直加载的进度圈，点击屏幕后才会消失并进入当前版本应用,other.other.load_fail,雅思听力__C8,雅思听力__C9,0.025344,0,0,1,0,0,0,0
LLMCluster__雅思听力__10010000001114,llmcluster_glm-4-air,LLMCluster,雅思听力,10010000001114,playback.page_view.other,课程评论区留言功能语音功能当用户退出当前页面留言语音未自动停止,12,10010000000700,"分享漫听软件时,分享到微信和微信朋友圈功能不能实现",share.share_panel.cannot_or_fail,雅思听力__C9,雅思听力__C9,0.049151,0,0,0,0,0,0,0
LLMCluster__雅思听力__10010000001114,llmcluster_glm-4-air,LLMCluster,雅思听力,10010000001114,playback.page_view.other,课程评论区留言功能语音功能当用户退出当前页面留言语音未自动停止,13,10010000000835,注册登录时在收验证码时退出界面 再注册时验证码不可用,register.page_view.other,雅思听力__C3,雅思听力__C9,0.026473,0,0,1,0,0,0,0
LLMCluster__雅思听力__10010000001114,llmcluster_glm-4-air,LLMCluster,雅思听力,10010000001114,playback.page_view.other,课程评论区留言功能语音功能当用户退出当前页面留言语音未自动停止,14,10010000000584,用户登录后页面显示提示更新信息，更新后还一直显示，体验性很不好！,login.page_view.other,雅思听力__C8,雅思听力__C9,0.019376,0,0,1,0,0,0,0
LLMCluster__雅思听力__10010000001114,llmcluster_glm-4-air,LLMCluster,雅思听力,10010000001114,playback.page_view.other,课程评论区留言功能语音功能当用户退出当前页面留言语音未自动停止,15,10010000001110,资料、微课、机经课程未按播放次数排序输出,playback.list_item.other,雅思听力__C9,雅思听力__C9,0.056639,0,1,0,0,0,0,0
LLMCluster__雅思听力__10010000001114,llmcluster_glm-4-air,LLMCluster,雅思听力,10010000001114,playback.page_view.other,课程评论区留言功能语音功能当用户退出当前页面留言语音未自动停止,16,10010000000538,在wifi环境下，页面图片无法显示,other.page_view.cannot_or_fail,雅思听力__C9,雅思听力__C9,0.014377,0,0,0,0,0,0,0
LLMCluster__雅思听力__10010000001114,llmcluster_glm-4-air,LLMCluster,雅思听力,10010000001114,playback.page_view.other,课程评论区留言功能语音功能当用户退出当前页面留言语音未自动停止,17,10010000004774,用户注册界面，快速点击获取验证码，获取验证码按钮的背景会保持被按下的状态,register.button_icon.other,雅思听力__C3,雅思听力__C9,0.010793,0,0,1,0,0,0,0
LLMCluster__雅思听力__10010000001114,llmcluster_glm-4-air,LLMCluster,雅思听力,10010000001114,playback.page_view.other,课程评论区留言功能语音功能当用户退出当前页面留言语音未自动停止,18,10010000002021,点击练习按钮之后，页面右上角的按钮会提供“关闭”、“筛选”、“重置”三个选项，点击“关闭”、“重置”时页面都会响应，但是点击“筛选”时…,other.button_icon.cannot_or_fail,雅思听力__C6,雅思听力__C9,0.011319,0,0,1,0,0,0,0
LLMCluster__雅思听力__10010000001114,llmcluster_glm-4-air,LLMCluster,雅思听力,10010000001114,playback.page_view.other,课程评论区留言功能语音功能当用户退出当前页面留言语音未自动停止,19,10010000000512,用户密码为简单数字时，注册不成功，但又没提示,register.other.other,雅思听力__C3,雅思听力__C9,0.027748,0,0,1,0,0,0,0
LLMCluster__雅思听力__10010000001114,llmcluster_glm-4-air,LLMCluster,雅思听力,10010000001114,playback.page_view.other,课程评论区留言功能语音功能当用户退出当前页面留言语音未自动停止,20,10010000000163,其他用户主页学分右边的剪头点击无反应,other.other.cannot_or_fail,雅思听力__C9,雅思听力__C9,0.016994,0,0,0,0,0,0,0
LLMCluster__雅思听力__10010000001114,llmcluster_glm-4-air,LLMCluster,雅思听力,10010000001114,playback.page_view.other,课程评论区留言功能语音功能当用户退出当前页面留言语音未自动停止,21,10010000001067,在登陆首页当用户忘记密码时，正确输入短信验证码时，提示用户重新设置密码时，强行退出,settings.page_view.other,雅思听力__C3,雅思听力__C9,0.06099,0,0,1,0,0,0,0
LLMCluster__雅思听力__10010000001114,llmcluster_glm-4-air,LLMCluster,雅思听力,10010000001114,playback.page_view.other,课程评论区留言功能语音功能当用户退出当前页面留言语音未自动停止,22,10010000000817,评论区 用户回复的bar与用户评论的bar占用相同大小的空间，排版差。用户在对文章或视频做出评论后 ，没有进行一个反馈动作。,playback.list_item.other,雅思听力__C9,雅思听力__C9,0.085059,0,1,0,0,0,0,0
LLMCluster__雅思听力__10010000001114,llmcluster_glm-4-air,LLMCluster,雅思听力,10010000001114,playback.page_view.other,课程评论区留言功能语音功能当用户退出当前页面留言语音未自动停止,23,10010000001959,信息与评论区在一块，压缩了信息查看窗口，起不到强调的重要性，且打开字体极小，虽然可以放大，但是用户不好掌控，容易使人厌烦。,comment.list_item.other,雅思听力__C4,雅思听力__C9,0.038355,0,0,1,0,0,0,0
LLMCluster__雅思听力__10010000001114,llmcluster_glm-4-air,LLMCluster,雅思听力,10010000001114,playback.page_view.other,课程评论区留言功能语音功能当用户退出当前页面留言语音未自动停止,24,10010000000197,用户输入手机号码不可以登录或者注册，直接阻碍用户体验功能。且不可以通过Qq等方式快速登录,register.other.cannot_or_fail,雅思听力__C9,雅思听力__C9,0.045961,0,0,0,0,0,0,0
LLMCluster__雅思听力__10010000001114,llmcluster_glm-4-air,LLMCluster,雅思听力,10010000001114,playback.page_view.other,课程评论区留言功能语音功能当用户退出当前页面留言语音未自动停止,25,10010000000192,进入注册页面，光标停留在重复密码上,register.page_view.other,雅思听力__C3,雅思听力__C9,0.055505,0,0,1,0,0,0,0
LLMCluster__雅思听力__10010000001114,llmcluster_glm-4-air,LLMCluster,雅思听力,10010000001114,playback.page_view.other,课程评论区留言功能语音功能当用户退出当前页面留言语音未自动停止,26,10010000001125,评论区留言字符长度未作出相关提示,comment.list_item.other,雅思听力__C9,雅思听力__C9,0.220386,0,0,0,0,0,0,0
LLMCluster__雅思听力__10010000001114,llmcluster_glm-4-air,LLMCluster,雅思听力,10010000001114,playback.page_view.other,课程评论区留言功能语音功能当用户退出当前页面留言语音未自动停止,27,10010000001056,在“全真模考”公里模块中，拉动进度条，会有声音出现，用户体验差,playback.slider.other,雅思听力__C5,雅思听力__C9,0.034032,0,1,1,0,0,0,0
LLMCluster__雅思听力__10010000001114,llmcluster_glm-4-air,LLMCluster,雅思听力,10010000001114,playback.page_view.other,课程评论区留言功能语音功能当用户退出当前页面留言语音未自动停止,28,10010000001086,当用户点击筛选按钮时，单次筛选按钮未作上限，和全部按钮形成冲突,other.button_icon.other,雅思听力__C6,雅思听力__C9,0.039841,0,0,1,0,0,0,0
