__sheet__,app,id,id_norm,issue_key,issue_key_norm,text_used,raw_text_len,norm_text_len,has_anchor
jayme,jayme,10010000009466,10010000009466,register.other.cannot_or_fail,register.other.cannot_or_fail,注册账号时若输入字符无法显示，将导致无法用邮箱注册,25,24,1
jayme,jayme,10010000008326,10010000008326,groupchat.chat.cannot_or_fail,groupchat.chat.cannot_or_fail,必须选择至少一个好友才可以创建群聊，单独自己不可以,25,24,1
jayme,jayme,10010000007965,10010000007965,register.input_box.cannot_input,register.input_box.cannot_input,说可以用手机或邮箱注册，但输入框不接受任何字符输入，所以实际上无法完成邮箱注册。而且同时输入框最右没有一键删除所输入内容的叉号按钮，所…,68,63,1
jayme,jayme,10010000009059,10010000009059,register.page_view.cannot_input,register.page_view.cannot_input,在用户注册界面输入手机号码或邮箱时，只能输入数字，不能输入英文，不知是测试手机的原因还是程序设定,48,45,1
jayme,jayme,10010000008719,10010000008719,register.page_view.cannot_or_fail,register.page_view.cannot_or_fail,在注册页面无法使用邮箱进行注册,15,15,1
jayme,jayme,10010000008005,10010000008005,register.other.other,register.other.other,写的有邮箱注册，但是无邮箱特殊符号@,18,16,1
jayme,jayme,10010000008227,10010000008227,register.other.cannot_or_fail,register.other.cannot_or_fail,注册时输入不进去@，无法用邮箱进行注册,19,17,1
jayme,jayme,10010000007984,10010000007984,register.other.cannot_or_fail,register.other.cannot_or_fail,注册杰迷吧的时候，提示可以用手机和邮箱注册，可是实际上邮箱并不能注册,34,32,1
jayme,jayme,10010000007892,10010000007892,register.other.cannot_or_fail,register.other.cannot_or_fail,当进行注册时，实验邮箱注册时无法弹出@符号，也没有邮箱提示。给用户注册带来麻烦,39,35,1
jayme,jayme,10010000009472,10010000009472,register.page_view.cannot_input,register.page_view.cannot_input,注册页面提示可以使用邮箱注册，但是注册的时候不能输入字母。用邮箱注册的功能不能实现。,42,39,1
jayme,jayme,10010000007514,10010000007514,register.other.cannot_input,register.other.cannot_input,步骤2后使用邮箱注册时，无法输入@符号及其以后的信息，见截图1，因此无法通过邮箱进行注册,44,40,1
jayme,jayme,10010000008834,10010000008834,register.page_view.other,register.page_view.other,在注册界面，提醒用户可以选择手机注册或者邮箱注册，但是只能选择手机注册，邮箱注册功能没有实现。,47,43,1
jayme,jayme,10010000007803,10010000007803,register.share_panel.cannot_input,register.share_panel.cannot_input,邮箱注册时，只能输入前面的数字，不能输入后面的“@qq.com”。,33,26,1
jayme,jayme,10010000007895,10010000007895,register.other.other,register.other.other,首次使用进行注册（功能不完整）,15,13,1
jayme,jayme,10010000007951,10010000007951,register.input_box.only_number,register.input_box.only_number,进入app，进行注册账号时，提示可以使用手机号或者邮箱注册，但是使用邮箱无法注册，只能输入数字并不能切换键盘，并且在输入过程中控制只能…,68,62,1
jayme,jayme,10010000008404,10010000008404,register.input_box.cannot_input,register.input_box.cannot_input,当首次进入APP是，显示周杰伦的欢迎视频，视频播放完成有出现“注册”页面，提示“请输入电话号码或邮箱”，但是输入时该输入框只能输入数字…,68,59,1
jayme,jayme,10010000008879,10010000008879,groupchat.other.wrong_value,groupchat.other.wrong_value,当该群显示为任何人都可以加入时，群主可以修改加人的方式，比如需管理员审核。预期结果原本是组内其他人拉人时需要管理员审核，而群主拉人时不…,68,63,1
jayme,jayme,10010000009341,10010000009341,groupchat.chat.other,groupchat.chat.other,测试功能：将好友拉入群组,12,11,1
jayme,jayme,10010000008770,10010000008770,groupchat.other.other,groupchat.other.other,群成员在拉人时，只需要单方面邀请便可以将该成员拉入组内，这会给对方造成比较大的麻烦，有时候不想进的组也可以拉你进入。,58,54,1
jayme,jayme,10010000008514,10010000008514,groupchat.other.other,groupchat.other.other,群主可以无条件地把人拉入群内，无论此人是否同意,23,22,1
jayme,jayme,10010000009244,10010000009244,other.chat.other,other.chat.other,拉黑一个好友之后，仍然能够不经过对方同意便拉对方进入群内。,29,27,1
jayme,jayme,10010000009220,10010000009220,other.other.other,other.other.other,（1）步骤重现：,8,5,1
jayme,jayme,10010000008504,10010000008504,groupchat.chat.other,groupchat.chat.other,A用户建立群组,7,7,1
jayme,jayme,10010000008737,10010000008737,groupchat.other.other,groupchat.other.other,当群主添加群成员时，不用经过成员的同意就可以直接拉人进群。,29,27,1
jayme,jayme,10010000009554,10010000009554,groupchat.other.other,groupchat.other.other,当入群条件为群主同意后可加，允许成员添加时，成员能在群主不同意的情况下拉入成员。,40,37,1
jayme,jayme,10010000009019,10010000009019,other.other.other,other.other.other,当别人拉你进群的时候，不需要经过自己的同意就被直接拉进群了，这样很容易让推销的一些人随意拉进去，会影响用户的体验。,57,53,1
jayme,jayme,10010000008594,10010000008594,groupchat.page_view.permission,groupchat.page_view.permission,操作人员是非群主，在群聊页面，点击群组设置标志，页面转到群组设置页面，点击添加新成员，页面转到添加成员页面，有最近联系人列表，点击要拉…,68,60,1
jayme,jayme,10010000008956,10010000008956,groupchat.chat.other,groupchat.chat.other,拉人进群组是不需要本人同意的，这是非常尴尬的局面，可能会导致被凑人数，随便搜到然后拉入，我的测试正是有这样才能两个号就可以测试,63,59,1
jayme,jayme,10010000009218,10010000009218,groupchat.image_banner.other,groupchat.image_banner.other,在创建群聊时，用户可以选择添加自己的好友加入群，也可以添加陌生人加入群，并且这种添加不需要经过被添加人的同意，即用户可以随意添加任何人…,68,63,1
jayme,jayme,10010000009147,10010000009147,groupchat.chat.other,groupchat.chat.other,不经用户同意即可将其拉入群聊，影响用户使用。建议让用户选择是否加入。,34,31,1
jayme,jayme,10010000009578,10010000009578,groupchat.chat.other,groupchat.chat.other,当用户被别人拉入群时，不经过用户同意，用户就进入群聊，可能导致用户进入许多不想进的群。,43,39,1
jayme,jayme,10010000008814,10010000008814,groupchat.chat.other,groupchat.chat.other,创建群组时，群限制有不允许任何人加入该群,20,19,1
jayme,jayme,10010000009051,10010000009051,groupchat.page_view.other,groupchat.page_view.other,由于APP内没有被加群的相关中设置，用户可以被任意用户拉进群聊，即使把对方拉入黑名单，对方也是有权拉人进群，可能会造成一些骚扰。,64,59,1
jayme,jayme,10010000009066,10010000009066,groupchat.chat.cannot_or_fail,groupchat.chat.cannot_or_fail,不经过同意便可以给陌生人发送消息，拉黑后才能防止骚扰。但是，创建群聊时可以拉入陌生人，并且不需要经过他同意。就算用户被拉黑，也能将拉黑…,68,61,1
jayme,jayme,10010000008897,10010000008897,groupchat.chat.display_missing,groupchat.chat.display_missing,改了头像之后显示成功，但是在群聊里不显示改过的头像,25,24,1
jayme,jayme,10010000008900,10010000008900,groupchat.other.wrong_value,groupchat.other.wrong_value,在外面看群头像是最新的更新后的头像，但点进群看到的群成员头像是未更新的老头像,38,37,1
jayme,jayme,10010000009486,10010000009486,groupchat.chat.other,groupchat.chat.other,当改完名字或头像时，只有进入其个人主页才能看见更新后的资料，在群组中显示的信息都是第一次登陆时使用的头像和名称。,56,53,1
jayme,jayme,10010000009381,10010000009381,groupchat.page_view.other,groupchat.page_view.other,新建群聊，进入群聊页面,11,10,1
jayme,jayme,10010000008825,10010000008825,groupchat.chat.other,groupchat.chat.other,(1)进入群聊,7,5,1
jayme,jayme,10010000009141,10010000009141,other.chat.other,other.chat.other,每当在好友,5,5,1
jayme,jayme,10010000009360,10010000009360,other.other.other,other.other.other,昵称不一致，用户已改昵称与头像，但群里其他用户只能看到默认昵称与头像。,35,32,1
jayme,jayme,10010000009017,10010000009017,groupchat.page_view.wrong_value,groupchat.page_view.wrong_value,在群组设置页面，点击更改头像后选择手机相册，当选择两张图片是的提示信息错误，应该提示不能选择多张图片,50,47,1
jayme,jayme,10010000009543,10010000009543,groupchat.chat.other,groupchat.chat.other,在个人聊天或者是群聊的过程中,14,14,1
jayme,jayme,10010000008963,10010000008963,groupchat.page_view.other,groupchat.page_view.other,这个bug较小些了，但还是很有必要对其重视。当用户与用户私聊的时候，用户聊天界面里是只显示头像与聊天框的。在群聊中，会出现两种不同的情…,68,62,1
jayme,jayme,10010000009119,10010000009119,groupchat.page_view.cannot_or_fail,groupchat.page_view.cannot_or_fail,用户更改头像后，在群聊天的界面不能显示更改后的头像信息,27,26,1
jayme,jayme,10010000009737,10010000009737,other.list_item.other,other.list_item.other,更改群头像后，在我的孙列表里面显示的还为原来的头像，在群的里面是更改后的,36,34,1
jayme,jayme,10010000008801,10010000008801,search.chat.other,search.chat.other,当发起群聊时，通过搜索选择一大批用户，被选择的用户头像会显示在下方，然后当点击用户头像的时候，就相当于取消这个用户的选中状态，但是系统…,68,62,1
jayme,jayme,10010000007924,10010000007924,groupchat.chat.cannot_or_fail,groupchat.chat.cannot_or_fail,群组组员信息更新:群组中组员更改个人信息，如头像，名称，群组中无法更新至最新，还是初始信息。,46,40,1
jayme,jayme,10010000009764,10010000009764,groupchat.chat.freeze,groupchat.chat.freeze,修改头像后，在群聊消息中的头像显示延迟。,20,18,1
jayme,jayme,10010000008811,10010000008811,groupchat.page_view.other,groupchat.page_view.other,通过点击群组成员头像进入该成员个人页面，发现其信息修改之后，在群组中并未显现，并通过多次刷新，没有成功将成员默认头像及名称显现成成员自…,68,63,1
jayme,jayme,10010000009453,10010000009453,share.share_panel.cannot_share,share.share_panel.cannot_share,功能不全：如果用户想在第三方的群或者分享到本软件其他群，群成员无法复制群号码，只能群主复制群号码，造成群无法分享，功能不完全，用户体验较差。,70,63,1
jayme,jayme,10010000007651,10010000007651,register.list_item.cannot_or_fail,register.list_item.cannot_or_fail,发表帖子或者查看最新帖子时没有分享到其他其他软件的功能，若发现有用的信息只能注册后才能查看，非此软件注册用户无法获得好友在此软件分享的…,68,65,1
jayme,jayme,10010000008441,10010000008441,share.chat.cannot_or_fail,share.chat.cannot_or_fail,群聊时，不能收藏表情，长按表情有个分享功能，分享到qq，没有分享到微信好友，微博其他选项，我点击分享到qq时，手机反应很慢，最后手机卡…,68,59,1
jayme,jayme,10010000008147,10010000008147,share.button_icon.wrong_value,share.button_icon.wrong_value,聊天界面成功分享内容到QQ后，提示框按钮文字内容有错误同时在QQ聊天界面中，分享内容来源也有问题。,49,46,1
jayme,jayme,10010000007938,10010000007938,message_send.input_box.other,message_send.input_box.other,在红米Note手机上使用，长按 聊天输入框内的内容,25,23,1
jayme,jayme,10010000009591,10010000009591,other.other.other,other.other.other,（1）步骤重现：,8,5,1
jayme,jayme,10010000008217,10010000008217,groupchat.other.cannot_or_fail,groupchat.other.cannot_or_fail,没有踢人出群的提示，只有群里面的人主动突出，才能退出群，这样，当有人做出不符合群规范的事情，管理员无法对其做任何事情,58,53,1
jayme,jayme,10010000008938,10010000008938,groupchat.page_view.other,groupchat.page_view.other,被踢出群组后仍然能够看到在消息页面该群组,20,20,1
jayme,jayme,10010000007480,10010000007480,message_send.page_view.other,message_send.page_view.other,消息盒子点击编辑进去之后，退出时会有不正常的退出，界面显示黑色。,32,29,1
jayme,jayme,10010000007636,10010000007636,message_send.chat.other,message_send.chat.other,在消息盒子,5,5,1
jayme,jayme,10010000007630,10010000007630,message_send.chat.other,message_send.chat.other,点击消息盒子,6,6,1
jayme,jayme,10010000008880,10010000008880,message_send.input_box.other,message_send.input_box.other,快捷回复出现之后，用户选择一句话进行发送。语句直接发送出去。我认为快捷回复的内容应该先跳转到发送消息的文本框内，经用户确认之后再进行发…,68,63,1
jayme,jayme,10010000007632,10010000007632,message_send.chat.other,message_send.chat.other,点击消息盒子,6,6,1
jayme,jayme,10010000007626,10010000007626,message_send.page_view.other,message_send.page_view.other,对自己发的帖子进行评论时，杰迷吧页面，右上角的消息盒子右上角没有出现新信息提示，即没有出现红色小点，而且自己评论自己发的帖子时，会显示…,68,62,1
jayme,jayme,10010000007641,10010000007641,other.other.other,other.other.other,在杰迷吧,4,4,1
jayme,jayme,10010000007625,10010000007625,message_send.list_item.other,message_send.list_item.other,自己对自己发的帖子点赞时，没有也在消息盒子提示有新的消息，消息盒子右上角没有出现红色小点。,45,42,1
jayme,jayme,10010000008732,10010000008732,comment.other.other,comment.other.other,当添加完快捷回复的语句之后，没有办法进行修改,22,21,1
jayme,jayme,10010000007453,10010000007453,comment.other.other,comment.other.other,查看信息，回复我的贴子，回复我的回贴，@我的，赞我的,26,21,0
jayme,jayme,10010000008587,10010000008587,comment.other.cannot_or_fail,comment.other.cannot_or_fail,用户不能修改任意已有的快捷回复信息（不论是系统最初提供的还是用户自己创建的）,38,36,1
jayme,jayme,10010000008848,10010000008848,comment.input_box.other,comment.input_box.other,快捷回复和群名称编辑的时候，输入框设置了tirm（）,26,23,1
jayme,jayme,10010000008485,10010000008485,comment.button_icon.cannot_or_fail,comment.button_icon.cannot_or_fail,单击任意一条快捷回复信息右边的按钮，不能出现诸如“修改”、“删除”等按钮以对该条快捷回复信息进行相应的操作,53,47,1
jayme,jayme,10010000009412,10010000009412,comment.page_view.other,comment.page_view.other,当一个帖子有很多楼的跟帖时，当评论很高的楼时，评论成功后返回到“帖子详情”页面时跳会到了5楼左右。如图1，我在第65楼的跟帖中回复“t…,68,60,1
jayme,jayme,10010000009292,10010000009292,other.other.other,other.other.other,输入：创键群时输入群名称，填写相关信息，并保存,23,20,1
jayme,jayme,10010000008224,10010000008224,groupchat.chat.cannot_input,groupchat.chat.cannot_input,发起群聊，添加好友，创建群时，填入群名，系统默认的输入不能输入其他字符，只能通过第三方输入法输入其他个性字符,54,49,1
jayme,jayme,10010000009655,10010000009655,other.input_box.other,other.input_box.other,输入框未能显示出群名称输入字符数的限制是多少,22,22,1
jayme,jayme,10010000008480,10010000008480,other.page_view.other,other.page_view.other,任务二，填写群信息，修改群信息页面时，页面指示不清,25,22,1
jayme,jayme,10010000009818,10010000009818,groupchat.chat.cannot_or_fail,groupchat.chat.cannot_or_fail,群组名称在需求书上是要求，不多于64个字符，空格也是字符，在群组名称中填写空格这一字符，并不能添加成功,51,47,1
jayme,jayme,10010000008008,10010000008008,groupchat.page_view.no_prompt,groupchat.page_view.no_prompt,创建群组的时候，第一步勾选了好友，第二部填写群名称的时候界面没有提示不可以超过多少位字符，但在我字符数满了的时候就再也输入不了字符了。…,68,63,1
jayme,jayme,10010000008886,10010000008886,other.other.other,other.other.other,如图1与图2，当输入“x”与“d”时，未能显示出群信息。,28,21,1
jayme,jayme,10010000008121,10010000008121,other.other.no_prompt,other.other.no_prompt,进行完操作9之后，群名称到达限制的字数无提示。,23,21,1
jayme,jayme,10010000008170,10010000008170,other.other.other,other.other.other,用户建群时为群起名字的时候应有字数提示最大值和当前字数，,28,27,1
jayme,jayme,10010000009015,10010000009015,other.other.other,other.other.other,填写群名超过64个字，可以创建成功，不提示超过字数，但是自动截断,32,29,1
jayme,jayme,10010000008799,10010000008799,other.other.other,other.other.other,没有给出输入最多字数的提示。应该在即将到达最多字数时给出倒数计数提示。,35,33,1
jayme,jayme,10010000009438,10010000009438,search.chat.no_prompt,search.chat.no_prompt,在我的群组的搜索框中可以输入比群组名称更长的字符串！没有提示已达最大字数。,37,35,1
jayme,jayme,10010000007483,10010000007483,notification.button_icon.other,notification.button_icon.other,编辑当中，输入超过最大字数的字数，不会提醒。只有在点击发表按钮的时候会提醒。,38,34,1
jayme,jayme,10010000008859,10010000008859,other.other.layout_issue,other.other.layout_issue,群名称在编辑里面，字数超出限制，显示红色，而群简介里面，超出限制，没有任何提示,39,34,1
jayme,jayme,10010000008153,10010000008153,groupchat.chat.no_prompt,groupchat.chat.no_prompt,在创建群聊的时候，输入群名称，当群名称字数达到最大数字的时候没有提示用户已达最大字数！,43,40,1
jayme,jayme,10010000008215,10010000008215,other.other.layout_issue,other.other.layout_issue,输入群名称超出了64个字符之后，并不会进行提示，只是无法进行继续输入了，应该在此处加入一个提示的弹窗，说明字数的上限,58,54,1
jayme,jayme,10010000009956,10010000009956,groupchat.other.wrong_value,groupchat.other.wrong_value,创建群名以及申请加入群填写申请理由的时候，超过限制字数还可以继续输入，虽然最终创建的结果是在规定字数以内，但是软甲提醒的不明显。,64,60,1
jayme,jayme,10010000009046,10010000009046,groupchat.button_icon.no_prompt,groupchat.button_icon.no_prompt,当发起群聊添加联系人21名时，依然能点击确定按钮，输入群名称后点击右上角按钮，群创建不成功但是没有提示,51,48,1
jayme,jayme,10010000009501,10010000009501,groupchat.other.other,groupchat.other.other,在创建群时，同一群主可以建有相同群名称的群,21,20,1
jayme,jayme,10010000008165,10010000008165,search.other.other,search.other.other,用户可以创建群名称相同的群，当用户要搜索一个特定群时，用户需要查看名称相同的群，操作较为麻烦。,47,43,1
jayme,jayme,10010000009053,10010000009053,groupchat.other.no_prompt,groupchat.other.no_prompt,创建群名长度为65，应用没有提示。,17,15,1
jayme,jayme,10010000009670,10010000009670,groupchat.other.other,groupchat.other.other,如图1与图2，用群名称“ubwuxbsjxbxjxhsjsbsvshshsbsbbsbwbsjshwjwhwbshsbxbbxbxbx…,68,65,1
jayme,jayme,10010000008392,10010000008392,other.page_view.other,other.page_view.other,任务一，朋友页面右上角—更多,14,12,1
jayme,jayme,10010000009397,10010000009397,search.other.cannot_or_fail,search.other.cannot_or_fail,当查找加入群时，搜索自己创建的群名为“乱七八糟群”的群，不能搜索到,33,29,1
jayme,jayme,10010000008069,10010000008069,search.button_icon.other,search.button_icon.other,正常登陆软件点击创建群组后，进入选择联系人界面，通过搜索（放大镜图标）添加联系人时，点击确定后群名称对话框内汉字出现短暂性重影（2秒左右）。,70,62,1
jayme,jayme,10010000009418,10010000009418,groupchat.chat.cannot_or_fail,groupchat.chat.cannot_or_fail,创建群组是，群名称没有相关提示不能超过64个字符,24,23,1
jayme,jayme,10010000009266,10010000009266,groupchat.other.display_missing,groupchat.other.display_missing,创建群的时候，群名称最多只能显示64个字符，超过的字符用...表示，显示不出来,39,33,1
jayme,jayme,10010000009174,10010000009174,settings.page_view.no_prompt,settings.page_view.no_prompt,在填写群信息时，将群名称设置为空或者群名称超过64个字符，点击“确定”，创建不成功但是没有提示,47,42,1
jayme,jayme,10010000009104,10010000009104,groupchat.chat.other,groupchat.chat.other,创建群聊时，规则为群名称不允许为空，且最多不得超过 64 个字符，但是我在创建群聊时输入超过64个字符没有任何提示，而且可以成功创建。,67,60,1
jayme,jayme,10010000008286,10010000008286,other.other.cannot_or_fail,other.other.cannot_or_fail,群名称不能大于64个字符，输入群名称过程中，输入到64个字符，就输入不进去了，但是创建的时候可以创建成功，并不提示群名称不能大于64个字符。,70,64,1
jayme,jayme,10010000008613,10010000008613,groupchat.button_icon.other,groupchat.button_icon.other,进入聊天界面，点击群组图标进入“我的群组”界面，点击该界面右上角三道杠图标可发起群聊，进入添加成员界面，选择好友“夏璨”，点击确定按钮…,68,58,1
jayme,jayme,10010000008218,10010000008218,groupchat.button_icon.other,groupchat.button_icon.other,进入聊天界面，点击群组图标进入“我的群组”界面，点击该界面右上角三道杠图标可发起群聊,42,38,1
jayme,jayme,10010000008406,10010000008406,groupchat.chat.other,groupchat.chat.other,用例名称：创建群组,9,8,1
jayme,jayme,10010000008407,10010000008407,settings.page_view.other,settings.page_view.other,创建一个“默默默默”群之后，再创建一个群，群名称设置为“默默默默”，仍可创建。,39,31,1
jayme,jayme,10010000008088,10010000008088,search.page_view.no_prompt,search.page_view.no_prompt,当用户发起群聊，进入搜索和群名设置，人员和群名全部重复，应用没有提示重复创建，而是重复建立多个相同群组,51,47,1
jayme,jayme,10010000009487,10010000009487,groupchat.page_view.freeze,groupchat.page_view.freeze,创建群组时，在群信息设置处，左上角的群名有瞬间的延迟，会从相对左下方向右上方移动。,41,37,1
jayme,jayme,10010000008951,10010000008951,search.other.other,search.other.other,创建群，输入群名称时，表情也可以作为名称，由于手机输入法自带表情不一致导致查找群时使用关键字搜索不到，,51,47,1
jayme,jayme,10010000008257,10010000008257,other.other.other,other.other.other,前提：群成功创建,8,7,1
jayme,jayme,10010000009337,10010000009337,groupchat.chat.other,groupchat.chat.other,创建群聊时，填写群聊名称。限制长度为64个字符，但是在用户第一次填写群聊名称时没有指明，而仅仅在创建群聊之后，修改群名称才出现明确的字…,68,62,1
jayme,jayme,10010000008845,10010000008845,groupchat.chat.other,groupchat.chat.other,用例名称：创建名称相同的群聊,14,13,1
jayme,jayme,10010000008091,10010000008091,groupchat.page_view.other,groupchat.page_view.other,创建群组的界面，蓝色的群名称字体太小，整个界面看起来不协调。,30,27,1
jayme,jayme,10010000009560,10010000009560,groupchat.other.cannot_or_fail,groupchat.other.cannot_or_fail,创建群时，群名称键入空格键提示群名称为空白无法建群。但空白占用了字符数，超过64字符的空白格也算字符。,51,47,1
jayme,jayme,10010000009433,10010000009433,groupchat.chat.other,groupchat.chat.other,需求要求不允许使用空白作为群名称，但是app只过滤了常用的空白副符，unicode的一些不常见的可以创建没有名称的群聊,59,57,1
jayme,jayme,10010000009078,10010000009078,other.page_view.other,other.page_view.other,当点击朋友页面右上角—更多,13,12,1
jayme,jayme,10010000008411,10010000008411,search.chat.other,search.chat.other,点击发起群聊，在新建群聊时下面有最近联系人可供选择，上面有添加成员的搜索。由于没有任何提示，在没有进行搜索前，用户根据经验认知，会得出…,68,61,1
jayme,jayme,10010000009158,10010000009158,groupchat.page_view.cannot_or_fail,groupchat.page_view.cannot_or_fail,聊天页面右上角任务栏，发起群聊，点击添加最近联系人，需要点击至少一个人才能点击确定，一个人无法建群。,50,45,1
jayme,jayme,10010000008795,10010000008795,login.page_view.other,login.page_view.other,登录后，打开聊天界面，点击右上角的发起群聊，可以向最近联系人发起，不管该联系人是否被加为好友都可以发起群聊。,54,49,1
jayme,jayme,10010000007987,10010000007987,groupchat.page_view.other,groupchat.page_view.other,群组页面右上角—更多,10,9,1
jayme,jayme,10010000008168,10010000008168,groupchat.page_view.permission,groupchat.page_view.permission,新建群的入口，点击朋友页面右上角更多“发起群聊”之后，需要选择（至少一个）好友，才可以点击确定，进入新建群的页面（设置群名称、权限等）,67,56,1
jayme,jayme,10010000008527,10010000008527,groupchat.page_view.permission,groupchat.page_view.permission,新建群的入口，点击朋友页面右上角更多“发起群聊”之后，需要选择（至少一个）好友，才可以点击确定，进入新建群的页面（设置群名称、权限等）,67,56,1
jayme,jayme,10010000007967,10010000007967,other.page_view.other,other.page_view.other,当点击朋友页面右上角—更多,13,12,1
jayme,jayme,10010000009607,10010000009607,groupchat.chat.cannot_or_fail,groupchat.chat.cannot_or_fail,一个人无法发起群聊，即无法建群。但是却可以存在一个人的群。,29,26,1
jayme,jayme,10010000009060,10010000009060,search.other.other,search.other.other,查找群：搜索框中输入一位数字进行搜索，搜索结果出错（出现名字中没有该数字的结果）,40,36,1
jayme,jayme,10010000009979,10010000009979,search.other.other,search.other.other,查找群：搜索框中输入一位字符进行搜索，搜索结果出错（出现名字中没有该字符的结果）,40,36,1
jayme,jayme,10010000009919,10010000009919,search.chat.cannot_or_fail,search.chat.cannot_or_fail,输入数字、字母、中文、空格、符号查询群组时，输入数字、字母、空格不能查找显示对应的群组,43,36,1
jayme,jayme,10010000009795,10010000009795,search.other.cannot_or_fail,search.other.cannot_or_fail,搜索时通过数字，字母，符号，中文，空格等查找时，中文和符号能准确查找，数字，字母和空格不能准确查找，,50,42,1
jayme,jayme,10010000009727,10010000009727,other.other.other,other.other.other,输入字母时，不是存在该字母的提示并显示，而是把中文的也提示了出来,32,30,1
jayme,jayme,10010000009320,10010000009320,search.chat.other,search.chat.other,在我的群组中通过搜索框进行群组搜索，输入数字，出现与数字不匹配的群名称。,36,33,1
jayme,jayme,10010000008176,10010000008176,other.page_view.other,other.page_view.other,"在""我的所有群""界面中，第一个群旁边有一个数字1，用户并不清除这代表什么意思。",39,34,1
jayme,jayme,10010000009150,10010000009150,groupchat.other.cannot_or_fail,groupchat.other.cannot_or_fail,每个群都有唯一的群号，但群号都是数字。如果有人新建群，并以与群号相同的数字命名群昵称，这样就无法实现精确匹配了。,56,51,1
jayme,jayme,10010000008233,10010000008233,search.button_icon.other,search.button_icon.other,在我的群组界面时，点击搜索按钮，输入文字搜索结果正常，输入数字1时，搜索结果不正常。,42,37,1
jayme,jayme,10010000009422,10010000009422,search.page_view.other,search.page_view.other,搜索是如果是数字会将群的id也搜索在内，而群昵称中有很多不包含该数字，该情况会是使用这错乱，并且增加使用者的搜索力度，添加麻烦，可以设…,68,62,1
jayme,jayme,10010000009313,10010000009313,search.chat.other,search.chat.other,点击群组查找群，输入阿拉伯数字，如1，22等，会出现与搜索条件无关的群组。,37,32,1
jayme,jayme,10010000009899,10010000009899,search.other.other,search.other.other,当进行我加入的群搜索时，搜索结果里有和输入内容不相关的选项，导致搜索结果很多，不方便选择,44,41,1
jayme,jayme,10010000008989,10010000008989,search.other.other,search.other.other,点击他人发的群号码时只有拨打号码等选项而无搜索的选项,26,26,1
jayme,jayme,10010000008132,10010000008132,search.button_icon.other,search.button_icon.other,用户以为在“查找群”旁边单击即可输入搜索信息，但是实际上用户必须单击右上角的搜索小图标后才会出现搜索框,51,48,1
jayme,jayme,10010000009517,10010000009517,search.other.cannot_or_fail,search.other.cannot_or_fail,有的时候通过群号搜索不能找到群。,16,15,0
jayme,jayme,10010000009660,10010000009660,search.other.cannot_or_fail,search.other.cannot_or_fail,有的时候通过群号搜索不能找到群。,16,15,0
jayme,jayme,10010000009135,10010000009135,search.other.no_prompt,search.other.no_prompt,输入没有查找结果的搜索条件后，系统没有提示“没有找到相关群”,30,27,1
jayme,jayme,10010000009390,10010000009390,search.page_view.cannot_input,search.page_view.cannot_input,在查找群时，当输入的群号没有找到相应的群组时，就什么提示也没有，也不显示搜索，也不退出，只是停留在那个页面。,54,48,1
jayme,jayme,10010000009450,10010000009450,search.other.other,search.other.other,在查找群功能中，输入表情符号，搜索结果不符合用户要求。,27,24,1
jayme,jayme,10010000009420,10010000009420,search.other.other,search.other.other,在查找群时，输入群号，提示的群不符合设计需求，提示无关信息！,30,26,1
jayme,jayme,10010000009002,10010000009002,search.input_box.no_prompt,search.input_box.no_prompt,"在查找群过程中，在输入框中输入123,110等信息，搜索结果不符合用户需求，搜索框未提示以什么方式搜索。",52,47,1
jayme,jayme,10010000008889,10010000008889,other.other.other,other.other.other,【预置条件】,6,4,1
jayme,jayme,10010000009429,10010000009429,search.other.other,search.other.other,在群搜索的时候，输入的文本无规律时，即使没有搜索到结果，也没有 提示,34,30,1
jayme,jayme,10010000008231,10010000008231,search.button_icon.cannot_or_fail,search.button_icon.cannot_or_fail,点击搜索按钮，输入群信息，在搜索结果中选择未加入的群，并点击，无法查看群信息，并提示未找到群资料，属于用户体验bug,58,52,1
jayme,jayme,10010000009123,10010000009123,search.button_icon.other,search.button_icon.other,点击搜索按钮，输入群信息，选择已加入的群组，点击，可直接进入聊天，点击群头像，只显示群信息，与需求（即显示“开始聊天”按钮）不符,64,53,1
jayme,jayme,10010000009521,10010000009521,search.other.other,search.other.other,在查找不存在的群，没有反馈结果,15,14,1
jayme,jayme,10010000009026,10010000009026,search.other.other,search.other.other,在查找群的时候，如果不存在该群名称，搜索结果无任何反馈,27,25,1
jayme,jayme,10010000009479,10010000009479,search.chat.other,search.chat.other,"通过关键字“杰伦”和“杰”查找群组, 无相关群组信息,",27,20,1
jayme,jayme,10010000008469,10010000008469,search.page_view.freeze,search.page_view.freeze,进入查找群的入口，输入关键词，页面有一分钟就像卡机一样什么反应也没有，一分钟之后才显示搜索出来的结果。应该显示一个正在搜索的提示，不然…,68,62,1
jayme,jayme,10010000008193,10010000008193,search.other.wrong_value,search.other.wrong_value,功能性错误：查找群，筛选显示的不是app中的群，而是已经加入的群。,33,29,1
jayme,jayme,10010000008243,10010000008243,search.other.other,search.other.other,查找群时，输入群昵称搜索不到群,15,14,1
jayme,jayme,10010000009809,10010000009809,search.other.cannot_or_fail,search.other.cannot_or_fail,查找群时，搜索框再左边点击不能搜索。用户体验不够好,25,23,1
jayme,jayme,10010000009452,10010000009452,search.other.other,search.other.other,加入群，查找群时，输入一串数字，没有搜索结果，就一直如下图所示，应Toast提醒用户没有搜索结果。,49,43,1
jayme,jayme,10010000008244,10010000008244,search.list_item.other,search.list_item.other,查找群时，在搜索框内输入“测试”进行搜索，出来一个群列表，但是在我已加入的群后面却未见提示“我的群”，不方便用户的使用,59,51,1
jayme,jayme,10010000008548,10010000008548,search.other.other,search.other.other,查找群时，没有此群时没有任何提示。,17,15,1
jayme,jayme,10010000009179,10010000009179,search.other.no_prompt,search.other.no_prompt,查找群时，输入一个不存在的群，无提示，一片空白。,24,20,1
jayme,jayme,10010000009703,10010000009703,search.other.other,search.other.other,查找群后，发现存在只有一个人的群。,17,15,1
jayme,jayme,10010000008128,10010000008128,search.page_view.no_prompt,search.page_view.no_prompt,输入b，查找群后，在查询结果中页面最下面没有提示已看完全部内容。,32,29,1
jayme,jayme,10010000008911,10010000008911,other.other.other,other.other.other,朋友,2,2,1
jayme,jayme,10010000008878,10010000008878,other.other.other,other.other.other,（1）步骤重现：,8,5,1
jayme,jayme,10010000008430,10010000008430,search.other.cannot_or_fail,search.other.cannot_or_fail,网络未连接时，查找群信息失败，但是未给出任何提示,24,22,1
jayme,jayme,10010000009389,10010000009389,other.other.other,other.other.other,朋友,2,2,1
jayme,jayme,10010000009402,10010000009402,other.other.other,other.other.other,朋友,2,2,1
jayme,jayme,10010000009488,10010000009488,other.other.other,other.other.other,朋友,2,2,1
jayme,jayme,10010000009498,10010000009498,other.other.other,other.other.other,朋友,2,2,1
jayme,jayme,10010000009942,10010000009942,search.other.wrong_value,search.other.wrong_value,在查找群时，搜索框中输入内容时，显示的是群名称，和用户输入不符，没有说明是按群名搜索还是群ID搜索。显示不明确，容易给用户产生错误的感觉。,69,62,1
jayme,jayme,10010000009176,10010000009176,search.other.other,search.other.other,查找群的功能中，搜索框应提示支持搜索的关键字。例如“输入群名/群号模糊搜索”。,39,33,1
jayme,jayme,10010000009281,10010000009281,search.chat.other,search.chat.other,点击群组查找群，输入群组名称，有相同名称的不同群组出现，用户容易加错群。,36,32,1
jayme,jayme,10010000009088,10010000009088,search.other.other,search.other.other,"在查找群的时候，如果用户查找已加入的群名称时候，应该优先显示，如图所示，名称为""啊""的是我已加入的，应该显示在第一行，然而得下拉才能找…",68,59,1
jayme,jayme,10010000008958,10010000008958,search.other.other,search.other.other,通过群号和群名称查找群所得结果混在一起，没有被区分出来。,28,26,1
jayme,jayme,10010000008397,10010000008397,search.chat.wrong_value,search.chat.wrong_value,每次在搜索框中，输入40进行模糊搜索查找群组时，得到的结果和预期相差比较大，没有按照搜索关键字的顺序对结果排序，例如:结果排名第一的是…,68,62,1
jayme,jayme,10010000008502,10010000008502,search.other.other,search.other.other,进行第二部的步骤时：在搜索框里进行群名字的模糊搜索,25,24,1
jayme,jayme,10010000008589,10010000008589,search.other.other,search.other.other,查找群时可以无限输入，创建时只能创建64个字符，不想符合,28,26,1
jayme,jayme,10010000008426,10010000008426,search.other.other,search.other.other,在查找群时，如果进行模糊搜索，所搜索的结果无序,23,21,1
jayme,jayme,10010000008596,10010000008596,register.other.cannot_or_fail,register.other.cannot_or_fail,注册用户时只能使用 数字 不能出现字符如@ 以及字母等,27,23,1
jayme,jayme,10010000008851,10010000008851,register.other.cannot_input,register.other.cannot_input,进行步骤1时，只能输入数字，无法输入字母和符号。所以无法完成注册。,33,29,1
jayme,jayme,10010000009617,10010000009617,register.other.only_number,register.other.only_number,在注册时，只能输入11位数字，不能再输入@符号和多余的数字，给用户造成极大的不变！！！,43,36,1
jayme,jayme,10010000007996,10010000007996,search.other.other,search.other.other,当搜索条件较少时，搜索匹配度明显不高，有些搜索结果与搜索条件不符。,33,30,1
jayme,jayme,10010000008166,10010000008166,search.other.other,search.other.other,显示搜索条件匹配的结果时，无关结果显示,19,18,1
jayme,jayme,10010000009977,10010000009977,search.other.other,search.other.other,输入搜索信息后，会显示与所输入信息无关的结果,22,21,1
jayme,jayme,10010000008297,10010000008297,search.button_icon.other,search.button_icon.other,输入查找信息后，界面内没有搜索按钮，是用不方便,23,21,1
jayme,jayme,10010000008299,10010000008299,search.button_icon.cannot_or_fail,search.button_icon.cannot_or_fail,输入搜索信息后，再单击“重输”按钮，不能清空文本,24,20,1
jayme,jayme,10010000009251,10010000009251,search.other.other,search.other.other,输入：搜索框输入群名称,11,10,1
jayme,jayme,10010000009937,10010000009937,search.other.other,search.other.other,输入：搜索框输入群信息,11,10,1
jayme,jayme,10010000008017,10010000008017,search.input_box.cannot_or_fail,search.input_box.cannot_or_fail,搜索时，文本框前后加 空格 会导致，无法正常查询到相关联系人，对于文本卡的trim()方法没有调用,49,42,1
jayme,jayme,10010000008614,10010000008614,search.other.other,search.other.other,搜索时输入 ‘,7,5,1
jayme,jayme,10010000008042,10010000008042,search.chat.cannot_or_fail,search.chat.cannot_or_fail,点击搜索框，输入群信息，无法单独查找群，查找结果包括个人，群组，公众号等，属于用户体验bug,46,40,1
jayme,jayme,10010000008970,10010000008970,other.other.other,other.other.other,朋友,2,2,1
jayme,jayme,10010000009635,10010000009635,search.page_view.other,search.page_view.other,前提：进入查找界面,9,8,1
jayme,jayme,10010000009916,10010000009916,register.other.other,register.other.other,用户注册接收验证码是出现一分钟内不得重复请求验证码。不利于用户快速注册。,36,34,1
jayme,jayme,10010000008277,10010000008277,register.other.other,register.other.other,当用手机号注册新用户账号的时候，注册时验证码位数过长，不是一般APP的六位数字，影响用户体验。,47,43,1
jayme,jayme,10010000008482,10010000008482,register.other.wrong_value,register.other.wrong_value,注册时收到的短信验证码输入后显示短信验证码不正确，不能使用手机号注册，严重影响APP的功能体验。,48,45,1
jayme,jayme,10010000008632,10010000008632,register.other.wrong_value,register.other.wrong_value,用户注册的过程中部分手机号码段输入错误无法识别,23,23,1
jayme,jayme,10010000008380,10010000008380,register.other.other,register.other.other,用户在使用手机号码注册新用户账号时，输入密码系统只提示输入一遍，而没有确认密码十用户再输一遍密码予以确认，密码的确认性不完善。,63,59,1
jayme,jayme,10010000009644,10010000009644,register.other.cannot_or_fail,register.other.cannot_or_fail,用户注册时输入密码仅一次，由于密码输入是无法在屏幕上显示，用户极有可能输入与内心所想的不同的密码，如此一来，下次登录时就会遇到很大的问题,68,64,1
jayme,jayme,10010000008338,10010000008338,register.other.cannot_or_fail,register.other.cannot_or_fail,当使用手机号注册新的用户账号时，没有密码可见的小眼睛，输入密码时只有小圆点，无法查看到输入的具体密码。这样很容易使得用户注册时不小心打…,68,63,1
jayme,jayme,10010000007615,10010000007615,other.other.wrong_value,other.other.wrong_value,输入验证码时，如输入错误，可能存在危险风险，应提示用户10分钟可再次获取验证码,39,36,1
jayme,jayme,10010000008555,10010000008555,search.input_box.other,search.input_box.other,查找群图标不是一个输入框而是点击图标之后才会进入输入界面，给用户错觉,34,33,1
jayme,jayme,10010000008882,10010000008882,other.other.other,other.other.other,朋友,2,2,1
jayme,jayme,10010000008960,10010000008960,search.button_icon.other,search.button_icon.other,查找群或添加成员或其他查找功能，只能点击搜索图标才有反应。用户体验度不好。若是点击图标所在的一条任意位置都可以较好。,58,54,1
jayme,jayme,10010000008734,10010000008734,search.button_icon.other,search.button_icon.other,"点击加入群后，要再次点击搜索图标，才能输入搜索条件。用户在不知道的情况下会多次点击""查找群""所在的位置，而得不到响应，然后尝试点击搜索…",68,60,1
jayme,jayme,10010000009457,10010000009457,search.other.other,search.other.other,"查找群时,输入”15“,显示的群信息,有包含”1“、”5“,以及”15“的,显示的群过多,没有分类和排序,不方便用户查找",60,44,1
jayme,jayme,10010000008287,10010000008287,search.chat.other,search.chat.other,打开查找群功能没有推荐群组，不够完美,18,17,1
jayme,jayme,10010000008293,10010000008293,search.input_box.cannot_or_fail,search.input_box.cannot_or_fail,点击“查找群”不能直接弹出文本输入框,18,16,1
jayme,jayme,10010000009935,10010000009935,search.other.other,search.other.other,在查找群时，只能找到已加入的群。,16,14,1
jayme,jayme,10010000009631,10010000009631,search.other.other,search.other.other,查找群时应支持根据群号来查找群的功能,18,18,1
jayme,jayme,10010000008731,10010000008731,search.other.other,search.other.other,查找群时，查找出的群没有明确分清已加入群或者未加入群。,27,25,1
jayme,jayme,10010000009250,10010000009250,search.page_view.other,search.page_view.other,聊天主界面有查找功能可以，只有查找好友的，没有查找群的功能,29,27,1
jayme,jayme,10010000008230,10010000008230,search.other.other,search.other.other,应用查找群，要先点击搜索框才能输入，不方便用户。,24,21,1
jayme,jayme,10010000009265,10010000009265,search.other.cannot_or_fail,search.other.cannot_or_fail,点击搜索，然后查找群，点击查找群，无法点击，点击放大镜才能进入，给用户造成误导。,40,34,1
jayme,jayme,10010000009032,10010000009032,search.button_icon.other,search.button_icon.other,在查找群的页面上，只能通过点击搜索小图标才能输入群号进行查找，用起来不是很方便，较麻烦,43,40,1
jayme,jayme,10010000009329,10010000009329,search.button_icon.other,search.button_icon.other,在查找群时，只能点击放大镜图标进行查找，再点击左面白框和查找群字时，不会有任何反应！！,43,38,1
jayme,jayme,10010000009793,10010000009793,search.button_icon.other,search.button_icon.other,群搜索的时候，操作繁琐，要先点击右上角的放大镜图标，由于用户的行为习惯，喜欢直接点解”查找群”,47,41,1
jayme,jayme,10010000008993,10010000008993,search.other.other,search.other.other,查找群时，点击上方的横条并没有出现搜索框，只能点击右上角放大镜才能出现，但是现在的app普遍都是点击上方就可出现搜索框，此app与用户…,68,63,1
jayme,jayme,10010000009287,10010000009287,search.chat.other,search.chat.other,测试用例：查找群组请并请求加入,15,14,1
jayme,jayme,10010000008544,10010000008544,search.button_icon.other,search.button_icon.other,朋友界面的搜索按钮只能查找对应关键字的个人用户或者已加入的群组,31,31,1
jayme,jayme,10010000009622,10010000009622,search.other.other,search.other.other,测试功能:查找群,8,7,1
jayme,jayme,10010000008295,10010000008295,search.other.other,search.other.other,测试功能:查找群,8,7,1
jayme,jayme,10010000009497,10010000009497,search.other.other,search.other.other,查找群时，点击热门群推荐，没有反应。,18,15,1
jayme,jayme,10010000009492,10010000009492,playback.image_banner.other,playback.image_banner.other,群里的语音，图片，手写，涂鸦功能均可使用。,21,17,0
jayme,jayme,10010000008891,10010000008891,groupchat.button_icon.cannot_or_fail,groupchat.button_icon.cannot_or_fail,在群聊体验中的涂鸦功能，其中单色可以直接选取，但是涂鸦盘里的颜色若只是单击并不能进行替换，而是需要双击，或者单击之后有确定按钮，给用户…,68,62,1
jayme,jayme,10010000009733,10010000009733,message_send.page_view.other,message_send.page_view.other,聊天界面消息查看，当还没有到下一屏幕时，还有文字提示标签，屏幕转换不流畅用户体验差，严重程度较轻,48,44,1
jayme,jayme,10010000007904,10010000007904,message_send.page_view.wrong_value,message_send.page_view.wrong_value,聊天界面的的上方的更多消息查看，当没有跨越一屏幕的时候，还是会有那个文字提示标签在那里，用户体验有问题，让人误以为有聊天记录，最好是有…,68,62,1
jayme,jayme,10010000009917,10010000009917,message_send.page_view.wrong_value,message_send.page_view.wrong_value,聊天界面的的上方的更多消息查看，当没有跨越一屏幕的时候，还是会有那个文字提示标签在那里，用户体验有问题，让人误以为有聊天记录，最好是有…,68,62,1
jayme,jayme,10010000009700,10010000009700,other.other.other,other.other.other,如果网络不好，网络加载出错会重复提示。,19,17,1
jayme,jayme,10010000009335,10010000009335,playback.audio.load_fail,playback.audio.load_fail,点击视频不能正常播放，还会在网络良好的状态下现实网络异常,28,27,1
jayme,jayme,10010000008417,10010000008417,playback.other.other,playback.other.other,网络状况良好情况下查看视频，跳转到网页后提示网络有问题,27,26,1
jayme,jayme,10010000009333,10010000009333,groupchat.page_view.other,groupchat.page_view.other,断开手机网络，进行刷新，这时候，群组设置界面和正常联网一样，没有任何提示，但是，修改资料，却会提示网络不可用。应该在断网的情况下，刷新…,68,58,1
jayme,jayme,10010000010033,10010000010033,message_send.button_icon.cannot_or_fail,message_send.button_icon.cannot_or_fail,因为网络的原因，无法发出去的消息，长按，没有重新发送的按钮，体验不好。,35,30,1
jayme,jayme,10010000008743,10010000008743,message_send.page_view.cannot_send,message_send.page_view.cannot_send,当无网络时，消息不能发出，但没有超时限制，一直在尝试发出，直到再次连上网络。这样会占据太多内存，应该设置超时机制，如2分钟发不出则给一…,68,60,1
jayme,jayme,10010000007923,10010000007923,search.other.no_prompt,search.other.no_prompt,在成功登陆之后，断开网络，然后搜索已存在的群，没有提示网络已断开,32,29,1
jayme,jayme,10010000008007,10010000008007,groupchat.chat.other,groupchat.chat.other,在发起群聊之后，添加好有的时候断开网络，输入关键字不会提示网络已断开！,35,32,1
jayme,jayme,10010000008317,10010000008317,search.page_view.no_prompt,search.page_view.no_prompt,登陆之后，从朋友页面发起群聊，点击搜索，断开网络，输入关键字，没有提示网络已断开，而是一直显示搜索！,50,43,1
jayme,jayme,10010000009705,10010000009705,groupchat.chat.no_prompt,groupchat.chat.no_prompt,在有网络的情况下进入我的群组，断开网络，在搜寻框中输入没有加入的群的名字，没有提示网络断开，而是提示无相关结果。,56,51,1
jayme,jayme,10010000008708,10010000008708,other.other.other,other.other.other,当我的手机断开网络的时候,12,12,1
jayme,jayme,10010000008433,10010000008433,search.page_view.load_fail,search.page_view.load_fail,查找群组并加入后，查看聊天图片，页面显示空白，无提示信息。建议增加提示信息：群组无聊天图片，从而区分是网速慢加载不出来还是的确没有聊天…,68,61,1
jayme,jayme,10010000008648,10010000008648,message_send.chat.cannot_send,message_send.chat.cannot_send,在有网的情况下，消息发不出去。,15,13,1
jayme,jayme,10010000008748,10010000008748,message_send.image_banner.load_fail,message_send.image_banner.load_fail,数据传输很慢，使用带宽100m的WIFI和4G网络都测试过，加载头像和发送过来的语音和图片都很慢，有时直接加载失败,57,54,1
jayme,jayme,10010000008723,10010000008723,groupchat.page_view.other,groupchat.page_view.other,该bug比较严重。个人是在网络环境比较好的实验室环境下测试的，手机运行正常，但是使用该软件在进行加入群，创建群，打开群设置，查看用户主…,68,61,1
jayme,jayme,10010000007613,10010000007613,other.step.load_fail,other.step.load_fail,通过第三方软件如qq微信登陆时，反应时间较长，如果是网络异常应该有相信提示信息。,40,37,1
jayme,jayme,10010000008241,10010000008241,search.page_view.no_prompt,search.page_view.no_prompt,从群组页面右上角发起群聊，输入搜索好友关键字，出现好友列表之后，断开网络，再次输入一样的关键字，没有提示网络已断开，而是出现刚才的好友列表！,70,63,1
jayme,jayme,10010000008062,10010000008062,search.page_view.no_prompt,search.page_view.no_prompt,通过朋友页面右上角发起群聊之后，搜索好友，输入关键字，出现好友列表之后，断开网络，清空搜索框，再输入刚才的关键字，没有提示网络断开，依…,68,59,1
jayme,jayme,10010000010027,10010000010027,other.step.other,other.step.other,使用app的过程中有电话进来，结束后再次返回出现较长时间等待的情况，反应较慢。和网络信号不太好的时候的反应是一样的。,58,54,0
jayme,jayme,10010000008866,10010000008866,groupchat.page_view.other,groupchat.page_view.other,在添加群组时，先点击要选择的联系人，然后把网络关掉，点击确定，此时仍可以进去创建群组界面，然后创建时才会提示网络连接不可用。应该在点击…,68,61,1
jayme,jayme,10010000008942,10010000008942,other.input_box.cannot_or_fail,other.input_box.cannot_or_fail,加入群，输入申请条件的时候，不能大于255，但是输入框中的字符大于255后，还是可以输入。,45,40,1
jayme,jayme,10010000008126,10010000008126,search.other.other,search.other.other,进行主要步骤的步骤2时候（如图，已经输入大于255个字符），发现搜索框并未对输入字符数进行限制,47,43,1
jayme,jayme,10010000008756,10010000008756,search.other.other,search.other.other,进行主要步骤的步骤2时候（如图，已经输入大于255个字符），发现搜索框并未对输入字符数进行限制,47,43,1
jayme,jayme,10010000009014,10010000009014,other.other.other,other.other.other,群简介的输入字符输入长度超255,16,16,1
jayme,jayme,10010000008721,10010000008721,message_send.page_view.other,message_send.page_view.other,输入群公告信息，提示创建公告成功，在聊天页面没有显示,26,24,1
jayme,jayme,10010000008507,10010000008507,groupchat.page_view.wrong_value,groupchat.page_view.wrong_value,在聊天群里设置群公告，输入公告里正常的数字或汉字可以正常发布，并且在群聊天记录中可以查看到相关数据。但是如果群公告输入的是空格，则在群…,68,63,1
jayme,jayme,10010000008509,10010000008509,groupchat.image_banner.other,groupchat.image_banner.other,在加入群聊的时候，正如图片上写的热门群推荐，但是却没有热门群的内容出现，这是一个bug.,44,40,1
jayme,jayme,10010000008901,10010000008901,search.other.other,search.other.other,当输入“bbmsjshsm”（该关键字不存在于系统内现有群的群名），搜索栏下面的“热门群推荐”信息没有发生改变，或者“热门群推荐”消失…,68,57,1
jayme,jayme,10010000009191,10010000009191,search.other.other,search.other.other,刚进入系统时，搜索栏下面显示“热门群推荐”。,22,18,1
jayme,jayme,10010000009535,10010000009535,search.page_view.layout_issue,search.page_view.layout_issue,在查找群页面，页面布局不佳，点击热门群推荐时，跳转一个新页面可选择热门群，而页面其他内容可以重新布局,50,46,1
jayme,jayme,10010000009735,10010000009735,other.other.other,other.other.other,下版本可以考虑添加“热门群推荐功能”,18,16,1
jayme,jayme,10010000008939,10010000008939,other.page_view.other,other.page_view.other,版本原因，加群界面没有热门群推荐信息。,19,17,1
jayme,jayme,10010000008333,10010000008333,other.other.other,other.other.other,"正如需求所述,当前版本的杰迷吧并没有上限热门群推荐",25,24,1
jayme,jayme,10010000007948,10010000007948,other.other.other,other.other.other,表情好难看啊！建议更新下表情包,15,14,1
jayme,jayme,10010000008601,10010000008601,message_send.input_box.other,message_send.input_box.other,表情发送:用键盘上的表情发现与填写不符合,20,19,1
jayme,jayme,10010000009531,10010000009531,message_send.other.cannot_or_fail,message_send.other.cannot_or_fail,发送表情时，只能输入四行表情，无法在多输入！！！,24,19,1
jayme,jayme,10010000009430,10010000009430,message_send.other.cannot_or_fail,message_send.other.cannot_or_fail,remixOS基于安卓的电脑平台使用该软件，无法发送表情,28,27,1
jayme,jayme,10010000009424,10010000009424,message_send.other.cannot_or_fail,message_send.other.cannot_or_fail,在RemixOS（基于安卓5.1）X86设备环境下，无法发送表情。,33,28,1
jayme,jayme,10010000008781,10010000008781,other.other.cannot_or_fail,other.other.cannot_or_fail,修改群公告为表情。群内无法正常显示群公告内容，并且表情显示为系统自带表情,36,34,1
jayme,jayme,10010000008667,10010000008667,search.chat.cannot_or_fail,search.chat.cannot_or_fail,通过表情查找群聊名称，不能查找匹配到对应的表情，而是会出现许多不与查找表情相同的群聊,42,40,1
jayme,jayme,10010000008518,10010000008518,groupchat.chat.cannot_or_fail,groupchat.chat.cannot_or_fail,群聊时，群聊表情不能收藏，而且静态表情里没有收藏本地表情的体验，长按表情也不能进行保存,43,40,1
jayme,jayme,10010000009007,10010000009007,other.button_icon.cannot_or_fail,other.button_icon.cannot_or_fail,功能不齐全：表情无法增加自己想要的表情包，只有有限的表情，需要增加新的表情包无途径和按钮。,45,41,1
jayme,jayme,10010000009182,10010000009182,groupchat.page_view.cannot_or_fail,groupchat.page_view.cannot_or_fail,当群主发送具有表情的群公告，聊天界面是无法显示表情，只能看到文字。但是群组设置是可以看到表情的。,48,44,1
jayme,jayme,10010000009950,10010000009950,message_send.input_box.other,message_send.input_box.other,测试“表情”时，发现在向文本框发送输入表情，还未发送，历史表情记录中，已有这些表情。用户体验差，必现，严重程度较轻,57,48,1
jayme,jayme,10010000009221,10010000009221,message_send.input_box.other,message_send.input_box.other,表情在文本框上的时候发送了变化。如果用户忘记了刚刚点击的是什么表情，而表情在文本框上也变得难以辨识。那么用户就要删除文本框上的表情进行…,68,64,1
jayme,jayme,10010000008440,10010000008440,groupchat.chat.other,groupchat.chat.other,电脑安装了一个Android的系统，然后将其作为测试的工具。启动软件，进入群聊。,40,36,1
jayme,jayme,10010000008637,10010000008637,groupchat.input_box.other,groupchat.input_box.other,加入群组－＞进入群组聊天－＞在群组聊天框里键入搜狗输入法自带表情－＞点击发送－＞显示的表情与输入框表情不同 附截图 输入框与已发送的表…,68,57,1
jayme,jayme,10010000009089,10010000009089,message_send.list_item.other,message_send.list_item.other,聊天记录表情与原表情不符,12,12,1
jayme,jayme,10010000008965,10010000008965,message_send.list_item.other,message_send.list_item.other,聊天记录表情与原表情不符,12,12,1
jayme,jayme,10010000009958,10010000009958,other.page_view.crash,other.page_view.crash,在发帖子的页面输入大量表情就会卡顿崩溃，发表不了。,25,23,1
jayme,jayme,10010000008492,10010000008492,other.input_box.other,other.input_box.other,输入框右侧表情头像被掩盖了部分，强迫症的人看了不舒服，需要改善。,32,29,1
jayme,jayme,10010000008725,10010000008725,groupchat.chat.other,groupchat.chat.other,如果有人发送一长段文字，或者是一长段表情，接收群组里的长消息时，此消息被分割成很多段。用户体验差。,49,44,1
jayme,jayme,10010000009888,10010000009888,message_send.chat.other,message_send.chat.other,聊天表情比较少， 只有系统自带的四种， 没有自己可以添加的功能。 对于周杰伦的年轻粉丝来说，不是一个好消息。,54,46,1
jayme,jayme,10010000008588,10010000008588,message_send.chat.other,message_send.chat.other,复制聊天框表情与发送表情不一致,15,15,1
jayme,jayme,10010000008668,10010000008668,message_send.chat.other,message_send.chat.other,复制表情后。聊天框内显示为系统自带表情,19,18,1
jayme,jayme,10010000008399,10010000008399,message_send.chat.cannot_or_fail,message_send.chat.cannot_or_fail,复制表情后在聊天框中粘贴无法正常显示为表情,21,21,1
jayme,jayme,10010000008067,10010000008067,message_send.chat.cannot_or_fail,message_send.chat.cannot_or_fail,复制表情，在聊天框中粘贴后，无法显示为表情，只能显示表情代码。,31,27,1
jayme,jayme,10010000008519,10010000008519,message_send.chat.other,message_send.chat.other,复制表情后，在聊天框粘贴，粘贴出现的表情是系统自带的样式，而不是应用内的表情样式。,41,37,1
jayme,jayme,10010000008493,10010000008493,message_send.chat.other,message_send.chat.other,当表情不可用之后，使用复制功能对对方发送的表情进行复制，粘贴。聊天框中显示的是代码，所以如果用户有需求对表情进行编辑，那么他可能需要全…,68,62,1
jayme,jayme,10010000009506,10010000009506,other.list_item.cannot_or_fail,other.list_item.cannot_or_fail,功能缺陷：在输入法中输入（笑哭）表情和在表情列表里中点击（笑哭）表情的结果不同，输入法中的表情无法被存储。属于功能方面的缺陷，缺陷程度…,68,59,1
jayme,jayme,10010000008685,10010000008685,groupchat.chat.other,groupchat.chat.other,"群聊成员退出,群主没有收到消息提示",17,16,1
jayme,jayme,10010000008931,10010000008931,groupchat.chat.no_prompt,groupchat.chat.no_prompt,有人退出群时候，群主和群聊里没有提示,18,17,1
jayme,jayme,10010000009549,10010000009549,groupchat.chat.other,groupchat.chat.other,用户退出群组，群主没有显示该成员退出的消息，但是里面已经没有该成员了。,35,32,1
jayme,jayme,10010000008707,10010000008707,groupchat.chat.no_prompt,groupchat.chat.no_prompt,当组员退出群聊时，群主没有提示组员退出聊天，组员再次加入该群时，也无提示加入该组。,41,37,1
jayme,jayme,10010000009160,10010000009160,groupchat.page_view.other,groupchat.page_view.other,如图在群组设置中选择退出群 ，然后确认退出群 自己的群消息助手中会提示“你退出了‘东大荒’”。但是群主不会接收到群成全退群提示。,64,55,1
jayme,jayme,10010000009112,10010000009112,groupchat.image_banner.other,groupchat.image_banner.other,一个群成员退出群的时候群里面不会显示“某某某 已经退出该群”。 图片中显示了 该成员加入的消息 ，她退出后 却没有她退出的消息。,64,54,1
jayme,jayme,10010000007482,10010000007482,other.other.load_fail,other.other.load_fail,编辑不正常退出之后，再次进入app，无法进入。,23,20,1
jayme,jayme,10010000007481,10010000007481,other.button_icon.other,other.button_icon.other,点击编辑按钮之后，输入一个字，点击发表的时候，app自动退出。,31,27,1
jayme,jayme,10010000009105,10010000009105,groupchat.chat.other,groupchat.chat.other,退出群组后再加入能够看到之前的信息,17,17,1
jayme,jayme,10010000008837,10010000008837,groupchat.list_item.other,groupchat.list_item.other,刚加入群聊的成员，可以看到以往的聊天记录,20,19,0
jayme,jayme,10010000009808,10010000009808,groupchat.chat.permission,groupchat.chat.permission,应该添加被拉入群聊的意愿权限，不能随意被拉入群聊,24,23,1
jayme,jayme,10010000008950,10010000008950,groupchat.chat.other,groupchat.chat.other,加入群聊没有门槛 ，可直接加入 。,17,13,1
jayme,jayme,10010000009035,10010000009035,groupchat.chat.other,groupchat.chat.other,加入允许任何人进的群，群聊A,14,13,0
jayme,jayme,10010000009098,10010000009098,groupchat.chat.permission,groupchat.chat.permission,加入群聊时，未加入的群聊权限为“允许任何人加入该群”，显示也是“加入群聊”，用户分不清哪个是已经加入过的，哪个是未加入的。,61,52,1
jayme,jayme,10010000007989,10010000007989,groupchat.page_view.cannot_or_fail,groupchat.page_view.cannot_or_fail,新建群聊后设置名称和加群方式后不能继续添加其他信息，希望可以让群建设者完善群介绍等后才创建群聊，可以让所有入群者知道群是干啥的。,64,61,1
jayme,jayme,10010000008409,10010000008409,groupchat.chat.other,groupchat.chat.other,在创建群组中，完成步骤3后：在不需要对方同意的情况下，就能将对方拉进自己创建的群组中。,43,39,1
jayme,jayme,10010000008995,10010000008995,groupchat.chat.other,groupchat.chat.other,新建群组时未经他人允许便将他人加入群组,19,19,1
jayme,jayme,10010000008383,10010000008383,other.chat.other,other.chat.other,邀请非好友进群无需对方同意就能邀请成功,19,19,1
jayme,jayme,10010000009376,10010000009376,groupchat.chat.other,groupchat.chat.other,用户在被邀请加入群组时，没有征求用户确认,20,19,1
jayme,jayme,10010000008438,10010000008438,other.other.other,other.other.other,群邀请进入是时，被邀请的人无需同意，直接进入,22,20,1
jayme,jayme,10010000009759,10010000009759,groupchat.chat.other,groupchat.chat.other,邀请陌生人加入群聊时，无需征得用户的同意，这很不合理,26,24,1
jayme,jayme,10010000009483,10010000009483,other.chat.other,other.chat.other,1，邀请好友加群时，自动加入，无需被邀请者同意。,24,20,1
jayme,jayme,10010000008807,10010000008807,groupchat.chat.other,groupchat.chat.other,在创建群组的时候，邀请好友时不需要受邀请方同意即可加入群组，这样就造成了给用户莫名拉入了很多群组，可能正常会受到干扰。,59,55,1
jayme,jayme,10010000009440,10010000009440,groupchat.chat.other,groupchat.chat.other,当用户被邀请进入一个群聊的时候，系统只会提醒你想关邀请的消息而 并不会征求用户的意见是否愿意加入该群，系统直接默认加入,59,56,1
jayme,jayme,10010000007873,10010000007873,search.other.other,search.other.other,在根据用户名搜索用户来邀请入群时，并不需要用户本人的同意就可以被邀请入群，所有用户都可能随时被邀请入群，会给用户造成困扰。,61,57,1
jayme,jayme,10010000009282,10010000009282,groupchat.chat.display_missing,groupchat.chat.display_missing,自己的好友不是通过自己加入某个群组时，你想邀请多个好友加入该群时，不显示该好友已经加入该群，自然可以选择邀请，然后提示该用户已加入群,66,62,1
jayme,jayme,10010000008097,10010000008097,groupchat.chat.cannot_or_fail,groupchat.chat.cannot_or_fail,创建群组，邀请好友进入群。被邀人都不用同意，直接被拉进群里面，这样不能保证被邀请人是否有意愿加入，加群限制，只是群主限制是否可以让别人进入。,70,63,1
jayme,jayme,10010000008112,10010000008112,message_send.chat.cannot_or_fail,message_send.chat.cannot_or_fail,别人在聊天中发送PNG格式的文件无法直接打开,22,22,1
jayme,jayme,10010000010020,10010000010020,other.other.cannot_or_fail,other.other.cannot_or_fail,软件无法正常读取手机信息，无法正常传上去文件,22,21,1
jayme,jayme,10010000009562,10010000009562,other.other.other,other.other.other,让用户自己去手机存储中选择文件上传 非常不友好,23,22,1
jayme,jayme,10010000008344,10010000008344,message_send.other.other,message_send.other.other,选择发送文件时，应该告知用户可发送的最大文件是多大,25,24,1
jayme,jayme,10010000009346,10010000009346,message_send.chat.load_fail,message_send.chat.load_fail,好友在群里发送了一个.so的文件。提示消息无法打开此类型文件，长按该文件却没有给出其他打开方式。,48,44,1
jayme,jayme,10010000008937,10010000008937,message_send.other.other,message_send.other.other,测试功能：发送文件信息,11,10,1
jayme,jayme,10010000009040,10010000009040,message_send.chat.other,message_send.chat.other,测试功能：聊天发送字数与自动转换为文件功能,21,20,1
jayme,jayme,10010000009409,10010000009409,other.list_item.other,other.list_item.other,与测试需求文档不服，系统以多条申请中任意一条审批记录为准,28,27,1
jayme,jayme,10010000009723,10010000009723,other.other.other,other.other.other,同意用户多条申请，以最后一次结果为准，应多次提示审批结果,28,26,1
jayme,jayme,10010000009550,10010000009550,other.other.other,other.other.other,审批入群申请时同一用户多次申请可通过任意一条申请完成对他人的审批申请,34,34,1
jayme,jayme,10010000009178,10010000009178,message_send.chat.other,message_send.chat.other,批准一条申请消息时，应该出现一条申请消息被批准，但此时出现多条申请消息一同被批准,40,38,1
jayme,jayme,10010000009482,10010000009482,other.other.cannot_or_fail,other.other.cannot_or_fail,对于用户的多次入群申请，一旦审批某一条，其他申请自动同意，并不能再审批其他申请，没有以最新申请为准，与描述不相符合,57,52,1
jayme,jayme,10010000009428,10010000009428,other.other.other,other.other.other,当其它用户提交多条入群申请时，审批结果没有以最后一次的审批结果为准。其中，最后一次入群申请的附加信息为“啊啊啊吧”。,58,52,1
jayme,jayme,10010000008912,10010000008912,notification.other.other,notification.other.other,多次申请加群，管理员收到同一个人，同一个群的多条提醒，只需要处理其中任意一条即可，而不是如需求所说，以最后一条通知的处理结果为准。,65,59,1
jayme,jayme,10010000008420,10010000008420,other.other.other,other.other.other,文档中说若同一用户的同一个群有多条申请，以最后一条的审批结果为准，但实际上，不管对那一条请求作出同意或拒绝，其他申请条件会执行同样的操作,68,64,1
jayme,jayme,10010000008288,10010000008288,other.other.wrong_value,other.other.wrong_value,对添加群进行测试，同一用户对同一个群的多条申请，没有按照功能描述的以最后一条审批结果为准而是以任意一条审批结果为准，任意一条拒绝系统就…,68,64,1
jayme,jayme,10010000008467,10010000008467,groupchat.chat.wrong_value,groupchat.chat.wrong_value,功能需求要求以最后一条的审批结果为准，但当用户申请多次时，群主接收到多次申请消息，选择接受或拒绝后，就不能再操作选择接受或拒绝，并不是…,68,62,1
jayme,jayme,10010000008571,10010000008571,other.button_icon.cannot_or_fail,other.button_icon.cannot_or_fail,同一用户的在同一个群提出多条申请，管理员若是在之前几条的审批信息中拒绝他的申请加入，则在之后的几条申请信息中按同意按钮会显示同意入群失…,68,65,1
jayme,jayme,10010000009361,10010000009361,groupchat.list_item.other,groupchat.list_item.other,若同一用户的同一个群有多条申请，应以最后一条的审批结果为准，但群主批准第一条申请消息时，后面跟着的申请消息以第一条申请消息为准了。图一…,68,63,1
jayme,jayme,10010000008382,10010000008382,other.other.cannot_or_fail,other.other.cannot_or_fail,群创建时不可以创建相同的群名称,15,15,1
jayme,jayme,10010000009303,10010000009303,other.other.other,other.other.other,群名称的创建没有规范，任何符号都可以创建,20,19,1
jayme,jayme,10010000009895,10010000009895,groupchat.chat.cannot_or_fail,groupchat.chat.cannot_or_fail,创建群时，必须选择一个好友，不然不能创建。,21,18,1
jayme,jayme,10010000008052,10010000008052,other.other.other,other.other.other,一个用户能够同时创建多个有相同名称和相同成员的群,24,24,1
jayme,jayme,10010000009272,10010000009272,groupchat.chat.other,groupchat.chat.other,创建群聊时，不可在没有添加成员的情况下创建。（不可创建空群）,30,26,1
jayme,jayme,10010000009525,10010000009525,groupchat.chat.other,groupchat.chat.other,创建群时，可以创建相同名称的群组，不会出类似“名称”已被用的提醒,32,28,1
jayme,jayme,10010000009164,10010000009164,groupchat.other.other,groupchat.other.other,"创建群时,输入已创建了的群名称,还能继续创建,相同的群名称使用户分不清群",36,33,1
jayme,jayme,10010000009949,10010000009949,groupchat.other.cannot_input,groupchat.other.cannot_input,创建群名称时和创建群后群名称字符限制处理风格不一致，一种是不能输入一种可以输入,39,38,1
jayme,jayme,10010000008393,10010000008393,groupchat.chat.other,groupchat.chat.other,在创建群聊时，两次创建完全相同群（群成员相同，群名称相同），系统没有任何提示。,39,33,1
jayme,jayme,10010000009118,10010000009118,groupchat.chat.cannot_or_fail,groupchat.chat.cannot_or_fail,当选择成员时陌生人时，不应该能成功地的创建群，实际可以创建成功，创建群时不能加入不是好友的用户,47,44,1
jayme,jayme,10010000008100,10010000008100,groupchat.other.permission,groupchat.other.permission,创建群：能够创建两个相同名称，相同群成员，相同权限的群。对于用户创建一个已存在的群没有给出合理的提示，不能创建，而是允许两个相同群的存在,68,62,1
jayme,jayme,10010000009286,10010000009286,search.list_item.other,search.list_item.other,在创建新的群时，选择的群成员应该是自己的好友列表中的好友，不应该是从系统中搜索出来的其他陌生人。但是这里再新创建群时能够从系统中选择陌…,68,64,1
jayme,jayme,10010000007915,10010000007915,register.other.other,register.other.other,前提：用户已经注册,9,8,1
jayme,jayme,10010000010005,10010000010005,other.other.other,other.other.other,进行到主要步骤的步骤2时，系统任然创建一个新的群,24,23,1
jayme,jayme,10010000009753,10010000009753,groupchat.chat.other,groupchat.chat.other,新建群选择群员时，应该可以选已存在于本地其他群聊中的成员为佳。,31,29,1
jayme,jayme,10010000009540,10010000009540,groupchat.page_view.other,groupchat.page_view.other,新用户第一次发起群聊时，整个页面基本空白，应该提示用户下一步该做什么，可以在哪里找到新成员等。新建群类似。,53,48,1
jayme,jayme,10010000009352,10010000009352,groupchat.chat.other,groupchat.chat.other,在创建群组步骤2,8,8,1
jayme,jayme,10010000007982,10010000007982,groupchat.chat.other,groupchat.chat.other,在新建群组的时候，系统没有对新建群组与现有群组进行验证，如果新建群组的群主以及所有群成员一致的话，应该予以提示“是否新建”,61,56,1
jayme,jayme,10010000010017,10010000010017,groupchat.other.other,groupchat.other.other,群里面只有群主与群成员，没有群管理员功能,20,19,1
jayme,jayme,10010000008316,10010000008316,groupchat.page_view.other,groupchat.page_view.other,创建群成功后，无管理员设置项，多人的大群，不便于管理。,27,23,1
jayme,jayme,10010000008918,10010000008918,groupchat.page_view.other,groupchat.page_view.other,设置群成员为该群管理员时，没有相应的设置群管理员消息提示。,29,27,1
jayme,jayme,10010000007880,10010000007880,groupchat.page_view.cannot_or_fail,groupchat.page_view.cannot_or_fail,群聊的设置中无法设置管理员的，却有设置需管理员同意的相关设置,30,29,1
jayme,jayme,10010000009387,10010000009387,groupchat.chat.other,groupchat.chat.other,创建群组的群主和管理员在聊天过程中后缀没有加上群主，管理员的字样。,33,31,1
jayme,jayme,10010000009109,10010000009109,groupchat.page_view.cannot_or_fail,groupchat.page_view.cannot_or_fail,群主将某个群成员设置为管理员后，有时在页面上无法区分管理员和普通用户的区别，有时可以区分。,45,42,1
jayme,jayme,10010000009869,10010000009869,search.chat.cannot_or_fail,search.chat.cannot_or_fail,无法选择添加自己的好友，只能够通过搜索添加。,22,20,1
jayme,jayme,10010000009886,10010000009886,other.chat.cannot_or_fail,other.chat.cannot_or_fail,在最近联系人里添加好友，出现失败，原因是已添加。,24,21,1
jayme,jayme,10010000008679,10010000008679,other.chat.cannot_or_fail,other.chat.cannot_or_fail,在最近联系人里添加好友时出现添加失败，原因是已添加,25,24,1
jayme,jayme,10010000008634,10010000008634,other.chat.other,other.chat.other,在添加好友之后，再次添加好友还是会跳出确认添加好友窗口,27,26,1
jayme,jayme,10010000008542,10010000008542,search.list_item.other,search.list_item.other,进入后点击创建，查找要添加的好友，但并没有显示你的好友列表,29,27,1
jayme,jayme,10010000009092,10010000009092,other.list_item.wrong_value,other.list_item.wrong_value,添加好友的功能中，选择已在自己列表中的好友，添加不成功，提示错误,32,29,1
jayme,jayme,10010000008021,10010000008021,search.chat.wrong_value,search.chat.wrong_value,添加好友:添加好有时都不知道搜索结果是怎么排序的，很难找到自己需要添加的好友，也就是关键字完全匹配，可却排在很后面,57,53,1
jayme,jayme,10010000008593,10010000008593,shopping.commerce.other,shopping.commerce.other,该应用商城里面没有商品选择类型，望改进,19,18,1
jayme,jayme,10010000008334,10010000008334,shopping.commerce.other,shopping.commerce.other,在商城中购买东西的时候没有做到更好的分类，让人无从下手，感觉就是没有购买的欲望,39,37,1
jayme,jayme,10010000009654,10010000009654,comment.page_view.other,comment.page_view.other,商城的商品没有用户评论的界面，以及详细介绍的界面。,25,23,1
jayme,jayme,10010000007697,10010000007697,login.button_icon.other,login.button_icon.other,登录JayMe，点击首页下方导航栏的商城图标进入商城，该商城商城的食品，服侍，电子产品，书等商品信息，见截图1、2、3，但是这些信息并…,68,58,1
jayme,jayme,10010000007702,10010000007702,login.button_icon.other,login.button_icon.other,登录JayMe，点击首页下方导航栏的商城图标进入商城，该商城商城的食品，服侍，电子产品，书等商品信息，见截图1,55,49,1
jayme,jayme,10010000007699,10010000007699,login.button_icon.other,login.button_icon.other,登录JayMe，点击首页下方导航栏的商城图标进入商城，该商城商城的食品，服侍，电子产品，书等商品信息，见截图1,55,49,1
jayme,jayme,10010000007700,10010000007700,login.button_icon.other,login.button_icon.other,登录JayMe，点击首页下方导航栏的商城图标进入商城，该商城商城的食品，服侍，电子产品，书等商品信息，见截图1,55,49,1
jayme,jayme,10010000007701,10010000007701,login.button_icon.other,login.button_icon.other,登录JayMe，点击首页下方导航栏的商城图标进入商城，该商城商城的食品，服侍，电子产品，书等商品信息，见截图1,55,49,1
jayme,jayme,10010000007940,10010000007940,login.chat.other,login.chat.other,登录后，发起群聊之后，搜索后加了20个人，然后在群资料里面点击添加其他人的时候，发现有的人已经加入该群聊，但是没有出现默认的勾选，而有…,68,61,1
jayme,jayme,10010000008361,10010000008361,other.chat.cannot_or_fail,other.chat.cannot_or_fail,新建群添加好友一次性达到20个时就应该提示不能在添加！然而此还可以继续选择好友，在选择确认的时候才显示创建不符合！,57,54,1
jayme,jayme,10010000007953,10010000007953,groupchat.chat.cannot_or_fail,groupchat.chat.cannot_or_fail,当邀请好友加入群聊时，一次最多邀请20个，但挑选好友是可以挑选多余于20个，只有在确定后才会告诉用户不能选择多于20个，当用户第一次使…,68,63,1
jayme,jayme,10010000009454,10010000009454,other.chat.other,other.chat.other,新建群邀请好友，添加成员一次最多邀请20人。,22,20,0
jayme,jayme,10010000008972,10010000008972,other.other.other,other.other.other,新建群,3,3,1
jayme,jayme,10010000008045,10010000008045,other.other.other,other.other.other,添加成员时一次最多20人，测试时人数超过了20人，仍可以继续添加,32,30,1
jayme,jayme,10010000009240,10010000009240,groupchat.chat.other,groupchat.chat.other,添加群聊时，正常一次只能添加20个人，但选择添加人数却可以超过20个人。,36,33,1
jayme,jayme,10010000008178,10010000008178,other.other.other,other.other.other,添加成员时。选择人数超过20人之后并不提示超过20人，在输入群名称时才提示超过群限制。,43,40,1
jayme,jayme,10010000008260,10010000008260,groupchat.other.other,groupchat.other.other,添加群成员时。选择人数超过20人之后并不提示超过20人，在输入群名称时才提示超过群限制。,44,41,1
jayme,jayme,10010000009204,10010000009204,groupchat.page_view.no_prompt,groupchat.page_view.no_prompt,在群组设置里添加群成员，点击添加超过20人时没有提示超过上限或者不能继续点击，只有在点击确定时才有提示,51,49,1
jayme,jayme,10010000009627,10010000009627,other.other.other,other.other.other,在选择要添加的成员时，当选择人数超过20时，并不会立即提示一次最多选择20人，而是等到下一步即将要完成创建时才提示，这是不合理的，应该…,68,62,1
jayme,jayme,10010000009140,10010000009140,groupchat.chat.other,groupchat.chat.other,创建群组人数超过20人之后，给的提示是“你请求的数据超过系统限制”。提示不够明确。应该改为“您所邀请的人数超过20人，已经超过限制”这…,68,59,1
jayme,jayme,10010000008890,10010000008890,groupchat.page_view.other,groupchat.page_view.other,添加群聊:系统限制一次性人数添加上限为20，但在添加时就可以超过20个，应在选择人数时就添加限制提示条件，等到下个活动页面创建群聊时提…,68,63,1
jayme,jayme,10010000008449,10010000008449,groupchat.chat.cannot_or_fail,groupchat.chat.cannot_or_fail,新建群组时，如果选择20个人以上，在创建群组时才提醒有限制，而且未明确说明到底限制什么，应该怎么做。最好的是在添加群成员超过20人时就…,68,62,1
jayme,jayme,10010000008523,10010000008523,other.other.layout_issue,other.other.layout_issue,进行新建群中的选择联系人操作时，如图一所示:当选择的人数超过20人时，仍然可以继续添加，而在图二最终创建时候，才提示数据超出20，用户…,68,61,1
jayme,jayme,10010000008379,10010000008379,other.other.layout_issue,other.other.layout_issue,进行第二步新建群时，在选择联系人的时候，需求文档说明为一次最多添加20个人，然而，如图一所示，当添加超过20人时，未给任何超出人数的提…,68,61,1
jayme,jayme,10010000009211,10010000009211,other.other.layout_issue,other.other.layout_issue,当进行第四步时，选择超出20人时，还能继续添加成员，并且系统没有给出任何提示，在操作至最后一步时，系统才给出错误提示，如图1,62,56,1
jayme,jayme,10010000008185,10010000008185,groupchat.chat.layout_issue,groupchat.chat.layout_issue,测试需求给出，群聊一次添加好友不能超出20个，但实际测试过程中，可添加好友显示超过20人时，并不会提示一次性添加好友错误，而是在下一步…,68,62,1
jayme,jayme,10010000009717,10010000009717,other.other.no_prompt,other.other.no_prompt,在添加成员是一次只能添加20个成员。但是软件在哪个步骤的时候没有提示，当到了提示的时候，再返回修改麻烦。而且没有提示做多一次20 个成…,68,62,1
jayme,jayme,10010000008641,10010000008641,login.other.other,login.other.other,(1)手机号登录,8,6,1
jayme,jayme,10010000008940,10010000008940,groupchat.other.other,groupchat.other.other,当创建群时，邀请人数超过20人并且填写群名称超过64个字符限制，给出的提示信息不清晰，不知道是人数的限制还是群名称的限制,60,57,1
jayme,jayme,10010000009443,10010000009443,groupchat.chat.other,groupchat.chat.other,创建群时，若勾选的好友人数超过20人，依然可以进入到下一步，但只有在填写完群名称以及加群限制并点击确认之后，才会显示请求数据超过限制,66,62,1
jayme,jayme,10010000008738,10010000008738,groupchat.chat.other,groupchat.chat.other,创建群聊,4,4,1
jayme,jayme,10010000008714,10010000008714,groupchat.button_icon.no_prompt,groupchat.button_icon.no_prompt,点击群组，添加群组成员，未提示用户最大选择邀请用户数量，应在20位用户时将按钮置为不可用状态！对待用户不友好,54,50,1
jayme,jayme,10010000009130,10010000009130,groupchat.page_view.other,groupchat.page_view.other,添加成员时要求最多只能20个，而当超过20个时不提醒，而且点击确定仍可以进入创建群组页面。,45,42,1
jayme,jayme,10010000008583,10010000008583,groupchat.chat.other,groupchat.chat.other,第一步：进入朋友面板，点击任一群聊。,18,15,1
jayme,jayme,10010000008579,10010000008579,other.other.other,other.other.other,【预置条件】,6,4,1
jayme,jayme,10010000008784,10010000008784,other.other.other,other.other.other,【预置条件】,6,4,1
jayme,jayme,10010000008681,10010000008681,other.other.other,other.other.other,【预置条件】,6,4,1
jayme,jayme,10010000009028,10010000009028,groupchat.button_icon.other,groupchat.button_icon.other,一次性添加群组成员上限20个人，选择30多个，还能继续选择，建议这个时候，确定按钮置灰,43,39,1
jayme,jayme,10010000008545,10010000008545,other.button_icon.other,other.button_icon.other,"新建群选择联系人时,超过了所规定的20人后,点击确定按钮,直接进入群信息填写页面,没有出现数量限制信息,和所描述的数量限制不符合。",65,59,1
jayme,jayme,10010000008083,10010000008083,groupchat.other.other,groupchat.other.other,群成员最多只能20人，但可以勾选20人以上，这样操作就不友好,30,28,1
jayme,jayme,10010000008268,10010000008268,groupchat.chat.other,groupchat.chat.other,发起群聊，添加成员，当添加成员超过20人时，没有直接提醒添加人员已经达到上限。,39,35,1
jayme,jayme,10010000008902,10010000008902,groupchat.page_view.cannot_or_fail,groupchat.page_view.cannot_or_fail,在添加成员的时候，一次只能添加20个人员。当我们在添加成员页面选择添加成员的时候我们能点击21个成员，在最后创建群组的时候才说一次不可…,68,64,1
jayme,jayme,10010000008615,10010000008615,groupchat.chat.layout_issue,groupchat.chat.layout_issue,创建群聊，群成员人数达到上限，因限制了一次性最多添加的成员人数是20，如果我加入的人数是21，只有修改群名称之后，才提示我超出人数限制…,68,62,1
jayme,jayme,10010000008979,10010000008979,groupchat.other.other,groupchat.other.other,添加群成员时，一次添加超过20个群成员，提示''您请求的数据超过系统限制''，提示不够明确，建议修改,50,42,1
jayme,jayme,10010000009304,10010000009304,groupchat.chat.layout_issue,groupchat.chat.layout_issue,在添加成员的时候，一次可以选择超过20个用户，后面确认创建群组的时候才会提示您请求的数据超出系统限制。,51,48,1
jayme,jayme,10010000008197,10010000008197,groupchat.page_view.other,groupchat.page_view.other,正常登陆软件点击创建群组后，进入选择联系人界面，一次性添加成员超过20时，显示请求的数据超过系统限制。,51,47,1
jayme,jayme,10010000009986,10010000009986,groupchat.other.other,groupchat.other.other,虽然测试者知道创建群时最多能选取20个人，但超过系统仅提示请求的数据超过系统限制并没点出上限为20人，影响用户体验,57,55,1
jayme,jayme,10010000008308,10010000008308,groupchat.chat.other,groupchat.chat.other,前提条件:发起群聊后添加成员,14,13,1
jayme,jayme,10010000008742,10010000008742,message_send.button_icon.no_prompt,message_send.button_icon.no_prompt,选择联系人时，功能规定添加成员一次最多20个人，界面上面没有提示，并且一次却可以勾选超过20个人，而且可以点击确定按钮，点击之后出现消…,68,62,1
jayme,jayme,10010000009344,10010000009344,groupchat.page_view.cannot_or_fail,groupchat.page_view.cannot_or_fail,在创建群聊的时候，用户选择欲添加进群聊的人，系统设置每次最多添加20个用户，但是在选择添加进群聊的时候，用户在已经选择了20个用户的情…,68,63,1
jayme,jayme,10010000008171,10010000008171,other.other.other,other.other.other,当用户选择21个用户准备建群的时候，app没有给出一次最多只能添加20个的提示。,40,38,1
jayme,jayme,10010000008325,10010000008325,groupchat.button_icon.other,groupchat.button_icon.other,群主选择加群时虽然系统默认一次只能拉入20人，但是在选择时数量却可以选择超过20人，如下图所示，确认旁边的按钮已经是“21”人了。,65,59,1
jayme,jayme,10010000009349,10010000009349,groupchat.chat.other,groupchat.chat.other,（1）发起群聊，选择好友,12,9,1
jayme,jayme,10010000008451,10010000008451,other.other.other,other.other.other,"添加成员一次最多20个人,添加成员可以选择超过20个成员",28,27,0
jayme,jayme,10010000009120,10010000009120,other.other.other,other.other.other,添加成员一次最多 20 个人，但是却可以选择超过20以上,28,25,0
jayme,jayme,10010000009464,10010000009464,groupchat.other.other,groupchat.other.other,在创建群选择群成员的过程中，选择的群成员超过了20人之后，没有相关的提示信息。,39,36,1
jayme,jayme,10010000008423,10010000008423,search.other.other,search.other.other,一次添加成员只能有20个，但查找成员可以选择30个，应用应该只允许用户最多选择20人,42,40,1
jayme,jayme,10010000008146,10010000008146,other.other.other,other.other.other,用户建群选择成员，一次超过了20人，不符合功能需求说明。而且，当我选择的成员达到了499个，才提示我成员最多30个。,58,52,1
jayme,jayme,10010000009611,10010000009611,notification.other.other,notification.other.other,建群时，勾选成员超过限制数20个而未提醒。,21,19,1
jayme,jayme,10010000008653,10010000008653,groupchat.page_view.no_prompt,groupchat.page_view.no_prompt,创建群的时候，第一次勾选群友，没有提示只能勾选20个人，当超过20个还可以继续勾选，到创建群(如图页面)的时候，正下方才会提示出错。,66,58,1
jayme,jayme,10010000008335,10010000008335,groupchat.other.layout_issue,groupchat.other.layout_issue,创建群的时候，添加成员一次性最多20个人，可是勾选成员超过20人后，仍然可以勾选，当进入到最后一步后，才提示请求数据超出限制，又要返回…,68,61,1
jayme,jayme,10010000008109,10010000008109,other.other.other,other.other.other,添加成员一次最多20个人是规定。,16,15,1
jayme,jayme,10010000009175,10010000009175,groupchat.button_icon.other,groupchat.button_icon.other,创建群组时，在勾选好友页面，当勾选的好友数抄错20时，点击确定按钮，仍可以跳转到群组设置页面，点击【确定】按钮才提示“数据超过限制”。,67,57,1
jayme,jayme,10010000009568,10010000009568,other.other.other,other.other.other,与前一个bug相似,9,9,1
jayme,jayme,10010000009054,10010000009054,groupchat.chat.other,groupchat.chat.other,任务添二创建群，被加添加成员一次最多 20 个人，群组成员上限 500 个人，但是在添加人时，当勾选了某个用户，则该用户头像出现在底部勾选栏,70,61,1
jayme,jayme,10010000008985,10010000008985,groupchat.chat.other,groupchat.chat.other,任务添二创建群，被加添加成员一次最多 20 个人，群组成员上限 500 个人，但是在添加人时，当勾选了某个用户，则该用户头像出现在底部勾选栏,70,61,1
jayme,jayme,10010000009423,10010000009423,other.other.other,other.other.other,添加成员限定20人，但可以选中20以上的用户，而在后续完成过程中显示超过限定人数警告。,43,40,1
jayme,jayme,10010000008475,10010000008475,groupchat.chat.other,groupchat.chat.other,当建立一个群聊的时候，如果你选择21个用户，系统不会直接提醒你，知道你输入群名，才会提醒你,45,41,1
jayme,jayme,10010000009156,10010000009156,other.page_view.other,other.page_view.other,在选择联系人时，当一次添加的人数为21人时，可以进入输群名称界面，群名称条件都输好后点确认才报错，又要退回去，好了后要重输名称条件等，…,68,61,1
jayme,jayme,10010000009055,10010000009055,other.other.other,other.other.other,新建群,3,3,1
jayme,jayme,10010000008369,10010000008369,other.other.other,other.other.other,新建群，添加成员时可以勾选第21位成员，,20,18,1
jayme,jayme,10010000008570,10010000008570,groupchat.page_view.wrong_value,groupchat.page_view.wrong_value,如图所示，发起群聊，添加好友，当添加好友超过指定数量时，没有在添加好友界面做出提示，而是在确定建群时才提示，而且提示信息不明确。,64,57,1
jayme,jayme,10010000009018,10010000009018,search.chat.other,search.chat.other,发起群聊之后，添加成员，然后点击搜索框，随便输入一个关键字然后添加选择出现的成员，一直选择二十多个，但是当选择超过二十个人的时候，并没…,68,61,1
jayme,jayme,10010000009406,10010000009406,other.other.crash,other.other.crash,在使用过程中有强制退出情况出现，闪退。,19,17,0
jayme,jayme,10010000010006,10010000010006,groupchat.page_view.crash,groupchat.page_view.crash,进入群聊界面后退出，看到消息提醒，再进入，看完再退出，反复几次，出现了闪退情况。,40,34,1
jayme,jayme,10010000008627,10010000008627,groupchat.chat.other,groupchat.chat.other,收到群组消息后，不点击查看，退出应用，然后在系统通知栏中点击刚刚的消息通知，在进入应用时不正常退出。,50,45,1
jayme,jayme,10010000009045,10010000009045,share.chat.crash,share.chat.crash,本来想看看能不能分享APP里的内容到群聊，结果点进去找不到网页，闪退了，网络状况是良好的（使用Wifi），网速本来不慢。,60,53,1
jayme,jayme,10010000007978,10010000007978,other.other.crash,other.other.crash,正在使用，突然退出，或者直接闪退,16,14,0
jayme,jayme,10010000007906,10010000007906,other.other.crash,other.other.crash,在kikbug中开始应用会出现闪退,17,17,1
jayme,jayme,10010000009148,10010000009148,other.other.crash,other.other.crash,使用软件的过程中，会不规律的出现闪退现象。,21,19,0
jayme,jayme,10010000009509,10010000009509,search.other.crash,search.other.crash,当查找群时，不定时的出现闪退现象！！！！！,21,15,1
jayme,jayme,10010000008421,10010000008421,other.chat.crash,other.chat.crash,闪退在杰迷吧点击头像添加好友时，频频出现闪退现象,24,23,1
jayme,jayme,10010000008704,10010000008704,other.other.crash,other.other.crash,测试中常常会出现闪退的现象，有时甚至连续闪退，急需解决，非常影响使用,34,31,0
jayme,jayme,10010000008521,10010000008521,login.page_view.crash,login.page_view.crash,闪退，在界面好好的，突然就闪退，然后就只能重新登录了，期间出现过两三次,35,31,1
jayme,jayme,10010000008517,10010000008517,message_send.chat.crash,message_send.chat.crash,聊天框内单个复制表情时，当数量达到一定数值时，软件会闪退,28,26,1
jayme,jayme,10010000008416,10010000008416,message_send.chat.crash,message_send.chat.crash,不断在聊天框复制粘贴表情，复制表情到30 个以上时会有一定概率应用出现闪退。,38,35,1
jayme,jayme,10010000009348,10010000009348,other.page_view.crash,other.page_view.crash,"在测试中突然从界面退出(用安卓虚拟机测试),再从kikbug中进入会出现闪退。",39,35,1
jayme,jayme,10010000009819,10010000009819,register.page_view.other,register.page_view.other,注册页面应该添加多一项微博直接登录。,18,17,1
jayme,jayme,10010000009056,10010000009056,search.other.other,search.other.other,搜索群时搜索出现与搜索条件不符的结果,18,18,1
jayme,jayme,10010000008234,10010000008234,search.button_icon.other,search.button_icon.other,搜索群应该有搜索字数限制！搜索按钮应为用户提供！,24,22,1
jayme,jayme,10010000008849,10010000008849,search.chat.other,search.chat.other,搜索群和搜索好友不方便 与QQ平板版本相比，用户体验效果差,29,27,1
jayme,jayme,10010000008220,10010000008220,search.button_icon.other,search.button_icon.other,利用关键词搜索群的时候，没有根据搜索内容进行联想，只有在按下搜索按钮后才有内容。,40,37,1
jayme,jayme,10010000007986,10010000007986,search.list_item.other,search.list_item.other,在利用搜索框搜索群后，再次就行搜索时，发现没有搜索记录，如果用户想重新再搜索一次，还需要重新输入，给用户带来不便。,57,51,1
jayme,jayme,10010000009845,10010000009845,search.chat.cannot_or_fail,search.chat.cannot_or_fail,搜索群时，有时候会无法搜索到，特别是在群刚建立不久，也就是说系统更新较慢，不能及时将新添加的群组更新上去，导致搜索不到。搜索群号成功率…,68,61,1
jayme,jayme,10010000008474,10010000008474,search.chat.cannot_or_fail,search.chat.cannot_or_fail,1，正常情况下，搜索群时，没有旋转的圆圈提示正在搜索，搜索失败不能提示，没有对应的群聊。,44,38,1
jayme,jayme,10010000009840,10010000009840,search.chat.other,search.chat.other,在我的群组里和在加入群里搜索群名时，满足群的显示顺序不一致，我的群组里搜索时倒叙显示，另一个是顺序显示。,52,48,1
jayme,jayme,10010000008282,10010000008282,search.chat.other,search.chat.other,打开搜索群组是下面没有推荐群组功能,17,17,1
jayme,jayme,10010000009024,10010000009024,search.other.other,search.other.other,在搜索群时，输入的字符可以大于64个字符，但是群名的合法字符只有64个。,36,33,1
jayme,jayme,10010000008820,10010000008820,search.list_item.other,search.list_item.other,在群组命名有问题。在我的群组列表中出现两个完全相同的群组名称，无论是群组人员是否相同都可以名称相同，影响使用。当我用群名称搜索群是出现…,68,63,1
jayme,jayme,10010000009308,10010000009308,search.list_item.other,search.list_item.other,在选择“加入群聊”后搜索群组，所搜索出的群组均为群组名中包含所搜索字段的群组。列表中的群组以创建时间为序排列，创建时间早的靠前。精确查…,68,61,1
jayme,jayme,10010000010030,10010000010030,search.other.other,search.other.other,在搜索群时必须按搜索的放大镜才能输入信息,20,20,1
jayme,jayme,10010000008434,10010000008434,search.other.other,search.other.other,模糊搜索群信息，相关度最高的群信息不出现在最上面，需要向下查找才能发现目标。,38,35,1
jayme,jayme,10010000009903,10010000009903,search.other.other,search.other.other,在填写申请理由，还有搜索群的编辑框中，填写的内容不会分行全部显示，显示不完整。,39,35,1
jayme,jayme,10010000009485,10010000009485,search.other.other,search.other.other,搜索群时，搜索出的匹配结果过于模糊，不够精确，很难找到想要的结果。,33,29,1
jayme,jayme,10010000009666,10010000009666,search.other.other,search.other.other,在搜索群23时，23不在搜索的最前面而在很后面，搜索时要找很久才能找到,35,33,1
jayme,jayme,10010000008395,10010000008395,search.page_view.cannot_or_fail,search.page_view.cannot_or_fail,已知新建群的群号，但是在好友页面上方的搜索中搜索群号，无法找到，上方搜索只能进行好友搜索,44,41,1
jayme,jayme,10010000008913,10010000008913,other.other.cannot_or_fail,other.other.cannot_or_fail,对于群昵称相同的，群头像相同的，想加群的人无法分辨到底该加入哪一个群。,35,32,1
jayme,jayme,10010000009704,10010000009704,search.other.other,search.other.other,当用群号搜索群时，有时搜索不到或搜索不全群。当创建几个名称相同的群时。,35,32,1
jayme,jayme,10010000009145,10010000009145,search.other.cannot_or_fail,search.other.cannot_or_fail,通过搜索群号的方式加群，由于会匹配群名称，但搜索结果中没有标出群号，无法辨别想要根据群号码加的对应群。,51,47,1
jayme,jayme,10010000009852,10010000009852,search.chat.other,search.chat.other,搜索群聊时，当输入名称时，最符合的不在第一个。,23,20,1
jayme,jayme,10010000008201,10010000008201,search.chat.other,search.chat.other,在搜索群组时，输入一个表情，搜索结果与预料不符合。,25,22,1
jayme,jayme,10010000008186,10010000008186,search.chat.other,search.chat.other,搜索群聊时，当输入问名称时，与输入最符合的不在第一个，体验感不好,32,29,1
jayme,jayme,10010000008909,10010000008909,groupchat.page_view.other,groupchat.page_view.other,(1)进入群聊界面。,10,7,1
jayme,jayme,10010000008429,10010000008429,search.chat.cannot_input,search.chat.cannot_input,"在执行搜索群组的功能时,当你输入的关键词部分存在相似结果,但整体没有时,不显示相似结果,做不到截取关键词。如“周董”和“周董好”",64,55,1
jayme,jayme,10010000009427,10010000009427,search.chat.other,search.chat.other,点击加入群聊，搜索群时，当按输入的字符搜索不到群时，系统没有任何反馈,34,31,1
jayme,jayme,10010000010019,10010000010019,search.other.other,search.other.other,搜索群时，查找的群里有自己已经加入的群，但是没有明确指出是哪一个是已经加入的群，用户体验不够好。,48,44,1
jayme,jayme,10010000008151,10010000008151,search.chat.other,search.chat.other,搜索群聊时的“热门群聊推荐”功能不完善，点击后没反应。,27,23,1
jayme,jayme,10010000008661,10010000008661,search.other.other,search.other.other,点击“加入群”后，必须要手动搜索群的名称，或者群号，没有热门群推荐。,34,28,1
jayme,jayme,10010000009134,10010000009134,search.list_item.other,search.list_item.other,搜索群:在搜索群的时候如果没有任何的输入。应该在下面显示热门推荐群。然而该列表里面一个群都没有。,48,44,1
jayme,jayme,10010000009593,10010000009593,search.other.cannot_or_fail,search.other.cannot_or_fail,在搜索群时，如果组群名称重复用户无法区分,20,19,1
jayme,jayme,10010000009036,10010000009036,search.chat.other,search.chat.other,搜索群聊时，无规律排序，有些无关的用户名也会出现,24,22,1
jayme,jayme,10010000009732,10010000009732,search.other.other,search.other.other,搜索群，显示匹配的群，但是没有进行排序,19,17,1
jayme,jayme,10010000009417,10010000009417,search.other.other,search.other.other,搜索群匹配精确度不高，较匹配的不出现在上面,21,20,1
jayme,jayme,10010000008659,10010000008659,search.list_item.other,search.list_item.other,"加入群搜索群名,完全匹配的群,排在搜索列表最后",23,21,1
jayme,jayme,10010000008761,10010000008761,search.other.other,search.other.other,当搜索群时，没有按照字符串匹配的规律显示群名称，本应“允许任何人…”显示在最前面的。,42,36,1
jayme,jayme,10010000008269,10010000008269,search.other.cannot_or_fail,search.other.cannot_or_fail,搜索群:模糊搜索时输入的字符串必须相连。如果中间有其他字符的不能匹配。用户无法根据某几部分的关键词来搜索群。,54,50,1
jayme,jayme,10010000009435,10010000009435,other.other.other,other.other.other,加入群,3,3,1
jayme,jayme,10010000010000,10010000010000,search.other.cannot_or_fail,search.other.cannot_or_fail,模糊搜索群名时，输入的部分关键字与群名一样，不能出现搜索结果,30,28,1
jayme,jayme,10010000009848,10010000009848,search.other.wrong_value,search.other.wrong_value,搜索群，查找群号，搜过不到，没有提示，该提示查找不到该群，或者该群号不正确或不存在。,42,36,1
jayme,jayme,10010000008315,10010000008315,search.other.other,search.other.other,搜索群名加群时，搜索的那个群不是唯一的，还有其他重名的群！,29,26,1
jayme,jayme,10010000009755,10010000009755,search.list_item.other,search.list_item.other,"搜索群加入是,搜索列表未显示每一项群是否可加入,不方便用户加群",31,29,1
jayme,jayme,10010000009425,10010000009425,search.list_item.other,search.list_item.other,用户搜索群时，没有历史消息记录，如果用户加群不成功，还需要重新搜索。而且，即使用户已经加入了该群，仍然没有优先显示。,58,51,1
jayme,jayme,10010000009328,10010000009328,search.page_view.cannot_or_fail,search.page_view.cannot_or_fail,在群内管理群成员界面搜索群内成员时，输入某个成员的首字母，不能正确定位到相应位置。,41,38,1
jayme,jayme,10010000009202,10010000009202,search.chat.other,search.chat.other,搜索群聊，有显示的人数，加入群聊之后，返回搜索框。搜索这里仍然显示没有加入之前群本来的人数。,46,41,1
jayme,jayme,10010000009022,10010000009022,search.other.other,search.other.other,查找已加入的群时，在步骤6后可搜索出已加入的群“默默默默”，在步骤10后应该出现群“默默默默”，但是测试时发现仍出现了已加入的群“默默…,68,59,1
jayme,jayme,10010000009033,10010000009033,search.other.other,search.other.other,搜索群时输入中文模糊匹配不完整,15,15,1
jayme,jayme,10010000009827,10010000009827,groupchat.page_view.other,groupchat.page_view.other,群组页面右上角—更多,10,9,1
jayme,jayme,10010000009775,10010000009775,search.other.other,search.other.other,在我的群里里面，右上角还有加入群的功能，然后有所有加入新群。这样不容易发现搜索群在哪里。,44,40,1
jayme,jayme,10010000009712,10010000009712,search.chat.other,search.chat.other,当搜索群聊时，输入法背后会隐藏着自己已经加入的群。,25,23,1
jayme,jayme,10010000008874,10010000008874,search.chat.other,search.chat.other,群聊名称可以一样，这对通过搜索群聊名称来加群造成很大困扰，当我搜索“测试群聊”时，出现了4个名字一样的群聊，我都不知道加哪个,62,56,1
jayme,jayme,10010000008716,10010000008716,other.other.other,other.other.other,测试功能：修改用户名,10,9,1
jayme,jayme,10010000008364,10010000008364,search.page_view.cannot_or_fail,search.page_view.cannot_or_fail,搜索群后进入到群详细资料页面，显示的资料过于简单，用户无法知道这个群的属性。,38,35,1
jayme,jayme,10010000009890,10010000009890,search.step.freeze,search.step.freeze,"搜索群时,输入为"" ""(一连串空格), 程序长时间显示处于搜索状态, 无响应结果输出.",43,32,1
jayme,jayme,10010000009690,10010000009690,search.other.other,search.other.other,"搜索群时,未搜索到结果时没有给予提示信息.",21,19,1
jayme,jayme,10010000008923,10010000008923,groupchat.chat.other,groupchat.chat.other,如下截图:是加入群聊过程步骤。,15,13,1
jayme,jayme,10010000009267,10010000009267,groupchat.chat.other,groupchat.chat.other,加入群聊：,5,4,1
jayme,jayme,10010000009659,10010000009659,groupchat.image_banner.other,groupchat.image_banner.other,创建群聊选择好友时，点击好友头像，头像图片有闪烁情况。,27,24,1
jayme,jayme,10010000008090,10010000008090,other.chat.other,other.chat.other,步骤2邀请好友入群的过程中，在已选中一个好友的情况下，选择第二个好友时，一个被选中的好友的头像会闪动，，在已选中第一个好友的情况下取消…,68,62,1
jayme,jayme,10010000008422,10010000008422,other.other.other,other.other.other,在新建群，添加联系人的时候，很有时候勾选某一个人，会出现人物头像闪现,34,31,1
jayme,jayme,10010000008733,10010000008733,other.other.other,other.other.other,新建群中，添加成员，快速点击头像的时候，一直在闪,24,21,1
jayme,jayme,10010000009011,10010000009011,other.other.other,other.other.other,在执行2时，被选择用户的头像闪现曾经用过的头像并快速恢复目前的头像。,34,32,1
jayme,jayme,10010000008876,10010000008876,groupchat.page_view.other,groupchat.page_view.other,建群之后在群组设置界面点击消息免打扰，出现的提示框信息时间太短，一闪而过,36,34,1
jayme,jayme,10010000008854,10010000008854,other.other.other,other.other.other,添加成员时，点击右边选中框，头像会闪,18,16,1
jayme,jayme,10010000008456,10010000008456,other.other.other,other.other.other,添加成员时，所有已经选取的头像会闪一下，能看到闪一下，但是很快，来不及截图,37,33,1
jayme,jayme,10010000008513,10010000008513,groupchat.image_banner.other,groupchat.image_banner.other,在拉群组讨论的时候，添加成员里，邀请最近联系人时，点方框选取，快速连续点击的时候，联系人头像会闪烁不定，并且跳成另外一张图片。,63,56,1
jayme,jayme,10010000008348,10010000008348,other.button_icon.other,other.button_icon.other,"在选择成员时,选中再取消用户的图标会闪烁",20,19,1
jayme,jayme,10010000009100,10010000009100,other.other.other,other.other.other,测试功能:添加联系人,10,9,1
jayme,jayme,10010000008816,10010000008816,other.other.other,other.other.other,测试功能:添加联系人,10,9,1
jayme,jayme,10010000007968,10010000007968,other.other.other,other.other.other,问题描述:新建群选择最近联系人勾选多个联系人时之前选中联系人头像闪烁,34,33,1
jayme,jayme,10010000008023,10010000008023,other.other.other,other.other.other,问题描述:新建群选择最近联系人时，将最近联系人从勾选状态取消，之前所有已勾选的联系人的头像闪烁,47,44,1
jayme,jayme,10010000008131,10010000008131,other.other.other,other.other.other,新建群添加联系人:点击添加组员右侧被选框时，底部被选栏联系人头像闪烁为其他初始的照片。,43,40,1
jayme,jayme,10010000009419,10010000009419,groupchat.page_view.other,groupchat.page_view.other,无论是在群组界面还是好友界面，新建群组，添加成员时最近联系人的头像以及底部被选栏头像，在选择时总是频繁闪烁。,54,50,1
jayme,jayme,10010000008828,10010000008828,groupchat.page_view.other,groupchat.page_view.other,进入朋友界面，点击右上角的更多，选择发起群聊,22,20,1
jayme,jayme,10010000009216,10010000009216,groupchat.page_view.other,groupchat.page_view.other,在发起群聊后，出现添加成员界面，反复点击同一联系人，该联系人的头像会反复闪烁,38,35,1
jayme,jayme,10010000008024,10010000008024,groupchat.page_view.other,groupchat.page_view.other,正常登陆软件点击创建群组后，进入选择联系人界面，反复选择、取消联系人时，其头像出现不正常频繁性闪烁。,50,45,1
jayme,jayme,10010000008500,10010000008500,other.other.other,other.other.other,【预置条件】,6,4,1
jayme,jayme,10010000008887,10010000008887,groupchat.page_view.other,groupchat.page_view.other,选中好友后进入创建群组界面，刚进入时群名称三个字会闪，用户体验不好,33,31,1
jayme,jayme,10010000009473,10010000009473,groupchat.other.other,groupchat.other.other,在添加群成员的时候，取消改群成员，所有的待加入成员的头像都在闪,31,29,1
jayme,jayme,10010000008711,10010000008711,groupchat.page_view.other,groupchat.page_view.other,发起群聊进入添加群成员界面是，重复点击一个群成员，成员头像出现闪屏现象,35,33,1
jayme,jayme,10010000008505,10010000008505,groupchat.chat.other,groupchat.chat.other,当用户发起群聊添加成员时，在成员上高频率点击会出现用户图像闪动的现象，此为一处性能问题。,44,41,1
jayme,jayme,10010000009684,10010000009684,groupchat.chat.cannot_or_fail,groupchat.chat.cannot_or_fail,对于加入群组的成员，管理者无法强制使某一成员退出该群。,27,25,1
jayme,jayme,10010000009646,10010000009646,groupchat.chat.cannot_or_fail,groupchat.chat.cannot_or_fail,管理员不能把踢掉群成员，如果有不良群成员存在，不利于维护良好的网络聊天环境。如图， 点击一个群成员不具备踢掉功能 ， 我觉得这不利于维…,68,59,1
jayme,jayme,10010000009223,10010000009223,groupchat.page_view.permission,groupchat.page_view.permission,群组管理员不能将已经加入群的成员踢出群。 管理员应该有权限踢出不良成员， 这样才能保持群一定的安全性和较好聊天环境。 我觉得这很重要。…,68,60,1
jayme,jayme,10010000008974,10010000008974,groupchat.button_icon.layout_issue,groupchat.button_icon.layout_issue,选择移出群聊或者设为管理员时，跳出来的请求框界面太不美观了，而且没有标识出来设为管理员和移出群聊按钮，咋一看还以为就是两行字，给用户造…,68,63,1
jayme,jayme,10010000008928,10010000008928,groupchat.chat.other,groupchat.chat.other,当行使群主管理员权利把某个群聊里的好友移出群时，需要长按好友名字栏才会显示移出还是设为管理员，移出需要长按这个动作一开始很难想到是要这…,68,65,1
jayme,jayme,10010000009144,10010000009144,other.other.other,other.other.other,前提：群存在,6,5,1
jayme,jayme,10010000008068,10010000008068,message_send.list_item.other,message_send.list_item.other,当将好友删除后，联系列表里仍有原好友，且仍能够给原好友发送信息，并不会提示用户已删除好友，需要重新添加,51,47,1
jayme,jayme,10010000009153,10010000009153,other.chat.cannot_or_fail,other.chat.cannot_or_fail,删除了某个好友之后，通过以下几种方法均不能重新添加为好友：,29,27,1
jayme,jayme,10010000009448,10010000009448,search.chat.other,search.chat.other,搜索已加入的群名称时系统自动匹配的群组没有对于已加入群组的相关提示。,34,33,1
jayme,jayme,10010000008990,10010000008990,search.chat.other,search.chat.other,搜索110出现的群组，与群名称不符合，并且这个地方没有相关的提示是按照群号进行搜索还是按照群名称进行搜索。,53,50,1
jayme,jayme,10010000008757,10010000008757,other.page_view.other,other.page_view.other,朋友页面,4,4,1
jayme,jayme,10010000008888,10010000008888,message_send.chat.cannot_or_fail,message_send.chat.cannot_or_fail,有时不能选择消息免打扰，或选择反应迟缓,19,18,1
jayme,jayme,10010000009155,10010000009155,message_send.page_view.other,message_send.page_view.other,在好友的聊天设置里，开启消息免打扰的提示时间太短,24,23,1
jayme,jayme,10010000008898,10010000008898,message_send.page_view.other,message_send.page_view.other,在群设置里面，设置消息免打扰，提示时间太短，还没看完就看不到了,31,28,1
jayme,jayme,10010000008141,10010000008141,message_send.page_view.other,message_send.page_view.other,在进行群消息设置时，点击 消息免打扰页面，会有一个diaLog弹出，但是生存周期太短，会让用户误以为存在其他问题。,57,51,1
jayme,jayme,10010000008910,10010000008910,groupchat.page_view.no_prompt,groupchat.page_view.no_prompt,群组设置中多次快速切换，消息免打扰存在性能问题，会造成无提示界面始终等待,36,34,1
jayme,jayme,10010000008868,10010000008868,groupchat.page_view.cannot_or_fail,groupchat.page_view.cannot_or_fail,在新用户邀请好友创建完群组后，在群设置中设置群消息免打扰的模式时，设置完之后App提示请稍后过于快速，无法使用户看清设置结果，影响用户体验。,70,65,1
jayme,jayme,10010000008745,10010000008745,groupchat.page_view.other,groupchat.page_view.other,在群组设置中，点击消息免打扰会弹出，一个框，里边是信息免打扰提示，当框的生命周期存在时间比较短，所以用户会误认为出现问题。,61,55,1
jayme,jayme,10010000009047,10010000009047,message_send.page_view.other,message_send.page_view.other,测试“消息免打扰”时，提示界面闪现，看不清所提示内容，用户体验差，问题严重。,38,31,1
jayme,jayme,10010000008418,10010000008418,message_send.page_view.other,message_send.page_view.other,"步骤1中，进入更多，测试""消息免打扰""时，提示界面闪现，看不清所提示内容，用户体验差。",43,35,1
jayme,jayme,10010000009340,10010000009340,message_send.chat.cannot_or_fail,message_send.chat.cannot_or_fail,对于群消息的提示，不是免打扰就是所有消息都提示，不能屏蔽,28,26,1
jayme,jayme,10010000009212,10010000009212,message_send.chat.other,message_send.chat.other,当用户使用消息免打扰时，当群再次发来消息时，只显示消息，不振动，不提醒。,36,31,1
jayme,jayme,10010000008552,10010000008552,groupchat.chat.other,groupchat.chat.other,点击选择一个群组,8,8,1
jayme,jayme,10010000009298,10010000009298,groupchat.chat.other,groupchat.chat.other,无论在群聊，还是好友好友聊天中，只有消息免打扰这一功能，没有将聊天信息通知声音减小的功能，只能通过手机这次的媒体声音来减小，或者改为震动。,69,63,1
jayme,jayme,10010000008103,10010000008103,other.other.other,other.other.other,群公告在没有编辑过时，没有任何提示。,18,16,1
jayme,jayme,10010000008718,10010000008718,other.other.other,other.other.other,群公告只能发布一个，要是有多种公告，只能将以前的公告覆盖了，这是不完整的,36,33,1
jayme,jayme,10010000009023,10010000009023,other.step.other,other.step.other,用户在创建完群后，开始编辑群公告，群公告只显示群公告内容，没有公告创建时间，创建者。,42,37,1
jayme,jayme,10010000008172,10010000008172,other.other.cannot_or_fail,other.other.cannot_or_fail,群公告只能保留当前的内容，历史群公告不能保存。严重影响用户体验。下图是当前一条群公告。,43,39,1
jayme,jayme,10010000009278,10010000009278,message_send.step.other,message_send.step.other,1 群公告中没有显示公告发送时间,16,15,1
jayme,jayme,10010000008836,10010000008836,groupchat.page_view.cannot_or_fail,groupchat.page_view.cannot_or_fail,在群组设置中，在查看群公告时，并不能查看历史公告，历史群公告并没有保存，用户只能在历史信息中查看，在用户体验方面，给用户带来非常的不便。,68,61,1
jayme,jayme,10010000009137,10010000009137,other.other.other,other.other.other,测试“群公告”时,8,6,1
jayme,jayme,10010000009237,10010000009237,message_send.list_item.other,message_send.list_item.other,随着聊天记录的增加，群公告会移到上面去，不利于消息的通知,28,26,1
jayme,jayme,10010000009534,10010000009534,message_send.page_view.other,message_send.page_view.other,更换头像后，在聊天界面不会改变，还是原来的。,22,19,1
jayme,jayme,10010000008345,10010000008345,search.other.other,search.other.other,自己更换头像后，自己显示的头像更改成功，但是别人搜索自己的头像并没有改变，需要多手机查看。,45,41,1
jayme,jayme,10010000009336,10010000009336,message_send.page_view.wrong_value,message_send.page_view.wrong_value,头像更换不彻底，.修改头像后，预期结果是不管在个人信息还是聊天时都应该显示为更改后的头像，但是实际结果是聊天界面里的头像没有发生改变,66,62,1
jayme,jayme,10010000009270,10010000009270,other.other.other,other.other.other,改名后显示出来的信息没有变，但是点开头像查看个人资料时显示的却是更改过后的名字（左面图为点击个人资料显示的名字，右为正常显示出的曾用名…,68,64,1
jayme,jayme,10010000007927,10010000007927,other.list_item.other,other.list_item.other,选择好友时 其他在列表中的好友的头像会闪烁变为一个相同的头像之后恢复正常。,37,35,1
jayme,jayme,10010000009462,10010000009462,other.page_view.other,other.page_view.other,由图2好友点击第一个头像进入该好友界面如图1所示，再点击好友头像进入该好友主页之后他的id就发生了变化如图3所示。,57,55,1
jayme,jayme,10010000009679,10010000009679,other.other.other,other.other.other,用户填写申请说明时，字符数量限制为255，有点多余,25,23,1
jayme,jayme,10010000008473,10010000008473,other.other.other,other.other.other,输入字符限制太大，能一次性输入的字串太少。,21,19,1
jayme,jayme,10010000009838,10010000009838,other.other.cannot_or_fail,other.other.cannot_or_fail,在输入申请理由时，输入的字符不能够完全显示，只能显示一行理由，造成输入不方便！！,40,35,1
jayme,jayme,10010000009752,10010000009752,other.other.other,other.other.other,群名称的限制不合理，随便输入什么字符都可以，而不是限制输入的东西。这不是很合理。应该不允许输入特殊字符。,52,47,1
jayme,jayme,10010000008568,10010000008568,search.other.other,search.other.other,问题描述:加入群搜索出与条件不匹配的群,19,18,1
jayme,jayme,10010000008705,10010000008705,search.other.other,search.other.other,问题描述:加入群搜索条件为空时不提示建议优化,22,21,1
jayme,jayme,10010000008087,10010000008087,search.chat.other,search.chat.other,问题描述:创建群聊新建联系人通过搜索选择联系人时输入空格仍搜索出值,33,32,1
jayme,jayme,10010000008137,10010000008137,search.chat.other,search.chat.other,问题描述:创建群聊使用搜索添加联系人时，搜索为空不提示，建议优化,32,29,1
jayme,jayme,10010000008198,10010000008198,search.chat.other,search.chat.other,问题描述:新建群聊使用搜索添加联系人搜索出与输入搜索条件不相关的人,33,32,1
jayme,jayme,10010000009581,10010000009581,groupchat.chat.other,groupchat.chat.other,在个人聊天还有群聊发送消息的过程中,17,17,1
jayme,jayme,10010000009231,10010000009231,groupchat.chat.other,groupchat.chat.other,在输入群组名称时，背景是虚化的群名称三个字，如果输入字符则被删除。这里应该提示最多不得超过64个字符，否则用户无从了解群名称上限。,65,60,1
jayme,jayme,10010000009513,10010000009513,groupchat.chat.other,groupchat.chat.other,加入一个群组,6,6,1
jayme,jayme,10010000008410,10010000008410,other.other.cannot_input,other.other.cannot_input,在进行需要验证的群的加入时，输入验证信息，这里的验证信息虽然当字数超过255时不能进行确定，但是能在改窗体中输入超过255个字符，建议…,68,63,1
jayme,jayme,10010000008649,10010000008649,search.list_item.cannot_or_fail,search.list_item.cannot_or_fail,选择联系人中，搜索框搜索好友，输入好友用户名的第一个字符，列表无法优先显示已添加好友。而且搜索结果无法明显区分已添加好友和陌生人。搜索…,68,62,1
jayme,jayme,10010000008893,10010000008893,groupchat.chat.other,groupchat.chat.other,当用户发起群聊，填写群名称的时候，系统并没有很友好地给用户提示群名称最多可以输入多少字符，这样给用户的体验不是很好，希望可以改进,64,60,1
jayme,jayme,10010000008860,10010000008860,other.other.no_prompt,other.other.no_prompt,当输入群名超过64个字符时，没有提示性文字，但是用户已经不能继续输入,34,32,1
jayme,jayme,10010000008055,10010000008055,search.other.other,search.other.other,搜索框内可以输入超过64 字符,15,14,1
jayme,jayme,10010000009125,10010000009125,other.other.other,other.other.other,用户点击加入群,7,7,1
jayme,jayme,10010000009626,10010000009626,groupchat.other.cannot_or_fail,groupchat.other.cannot_or_fail,创建群时名字不能超过64个字符,15,15,1
jayme,jayme,10010000009533,10010000009533,other.other.other,other.other.other,意见反馈中，输入99字符，中间内容会出现空格显示的异常。,28,25,1
jayme,jayme,10010000009582,10010000009582,other.other.other,other.other.other,在意见反馈的时候，输入不到百字的内容，将光标放到文本开头，输入空格，文字全部到下一行，实现一次换行功能，在此输入不会出现换行，但是空格…,68,60,1
jayme,jayme,10010000009084,10010000009084,other.other.other,other.other.other,更改群名称时，输入的字符长度超过64,18,17,1
jayme,jayme,10010000007900,10010000007900,other.image_banner.cannot_or_fail,other.image_banner.cannot_or_fail,对于输入的群信息，群名称可以是数字，字母，表情，但不能是大表情，图片，且不能超过64个字符，不能一空格为首，这样群名不会显示空格。,65,56,1
jayme,jayme,10010000008749,10010000008749,groupchat.chat.other,groupchat.chat.other,群组名为64个汉字符号或66个英文符号,19,19,1
jayme,jayme,10010000008355,10010000008355,other.other.no_prompt,other.other.no_prompt,填写群名称，应用没有提示不能超过64个字符,21,20,1
jayme,jayme,10010000008696,10010000008696,groupchat.chat.other,groupchat.chat.other,新建群组，填写信息，当群名称超过64个字符时，系统不做任何提示，属于功能不完整和用户体验bug,47,43,1
jayme,jayme,10010000008329,10010000008329,other.other.no_prompt,other.other.no_prompt,新建群时，输入群名称，名称不应超过64个字符，但是没有提示有字数要求，仅在超过64个字符时提示。,48,43,1
jayme,jayme,10010000008363,10010000008363,groupchat.chat.other,groupchat.chat.other,创建群聊：填写群信息，群的名称要求不超过64个字符，但在输入的时候没有信息提示是否还超过有效字符数！,50,46,1
jayme,jayme,10010000008323,10010000008323,groupchat.chat.cannot_or_fail,groupchat.chat.cannot_or_fail,正常登陆软件点击创建群组后，创建群组名称时，输入超过64个字符后再输入的内容无法正常显示在对话框中。,50,47,1
jayme,jayme,10010000009133,10010000009133,groupchat.page_view.no_prompt,groupchat.page_view.no_prompt,建立群组的时候，群名称输入过长（超过64个字）界面无提示,28,25,1
jayme,jayme,10010000009514,10010000009514,search.button_icon.other,search.button_icon.other,在利用搜索边框的删除按钮删除是不是一个字符一个字符删除，而是全部内容都删除。,38,36,1
jayme,jayme,10010000008983,10010000008983,groupchat.chat.other,groupchat.chat.other,在群聊里面@了一个用户之后，假如需要撤销用户的@状态，需要一个个删除字符才能将at的用户，更好的用户体验应该是 在@用户之后有个空格判…,68,60,1
jayme,jayme,10010000009861,10010000009861,search.list_item.cannot_or_fail,search.list_item.cannot_or_fail,聊天记录查找功能，在聊天记录中不能查找指定的内容，,25,23,1
jayme,jayme,10010000009898,10010000009898,search.list_item.cannot_or_fail,search.list_item.cannot_or_fail,群聊中历史记录，不能实现按日期查找聊天记录。,22,20,1
jayme,jayme,10010000009041,10010000009041,search.step.other,search.step.other,在查看历史信息时，在按照时间查找时，当输入历史信息中并不存在的日期时，不会提示信息不存在，而是出现与查找日期不符的存在信息。,62,57,1
jayme,jayme,10010000009384,10010000009384,search.other.other,search.other.other,群里面搜索历史信息，有两个放大镜,16,15,1
jayme,jayme,10010000008944,10010000008944,search.button_icon.other,search.button_icon.other,在历史消息界面有两个搜索图标，下面那个是不必要的。,25,23,1
jayme,jayme,10010000008633,10010000008633,search.button_icon.layout_issue,search.button_icon.layout_issue,历史消息界面右上角有两个放大镜搜索图标，布局不合理。,26,24,1
jayme,jayme,10010000008692,10010000008692,message_send.page_view.layout_issue,message_send.page_view.layout_issue,聊天历史记录界面布局不合理，界面不美观。,20,18,1
jayme,jayme,10010000009961,10010000009961,message_send.chat.layout_issue,message_send.chat.layout_issue,在查看历史消息时，出现的查询项极为不美观，非常难看。而且布局不合理！,34,30,1
jayme,jayme,10010000009642,10010000009642,groupchat.chat.other,groupchat.chat.other,第一步：进入朋友面板，点击任一群聊,17,15,1
jayme,jayme,10010000008447,10010000008447,message_send.chat.other,message_send.chat.other,第一步：进入朋友面板，点击好友消息助手。,20,17,1
jayme,jayme,10010000009110,10010000009110,message_send.page_view.other,message_send.page_view.other,点击群设置里的查看聊天记录可以按时间查看记录。,23,22,1
jayme,jayme,10010000008342,10010000008342,search.list_item.other,search.list_item.other,查看历史消息时，按时间查找，点击没有聊天记录的时间，系统不提示没有聊天记录。而且 选择时间时操作不友好。,52,46,1
jayme,jayme,10010000009306,10010000009306,message_send.page_view.other,message_send.page_view.other,在群设置中 点击聊天记录 之后再历史消息中点击查看更多消息之后往下翻 就会发现 聊天记录时间抽错乱 如下图所示,55,50,1
jayme,jayme,10010000009332,10010000009332,search.page_view.cannot_or_fail,search.page_view.cannot_or_fail,聊天页面的搜索历史记录中，不能搜索,17,16,1
jayme,jayme,10010000008413,10010000008413,message_send.page_view.other,message_send.page_view.other,我的历史记录界面与聊天界面风格不一致。,19,18,1
jayme,jayme,10010000008754,10010000008754,search.chat.layout_issue,search.chat.layout_issue,搜索历史消息时，在日期搜索时右侧的搜索符感觉没用。而且影响布局。,32,29,1
jayme,jayme,10010000009924,10010000009924,search.chat.layout_issue,search.chat.layout_issue,搜索历史消息时，在日期搜索时的左侧的搜索符感觉没用，而且影响布局。,33,30,1
jayme,jayme,10010000009468,10010000009468,message_send.page_view.layout_issue,message_send.page_view.layout_issue,成功进群后，点击历史消息，进入历史消息页面，页面布局不美观。,30,26,1
jayme,jayme,10010000008981,10010000008981,search.page_view.layout_issue,search.page_view.layout_issue,加入群聊中，点击查看历史消息，跳转到历史消息界面，历史消息界面排版过于粗糙，关键字和日期搜索框排列不美观。同时没有下拉刷新功能。,64,58,1
jayme,jayme,10010000008358,10010000008358,settings.page_view.other,settings.page_view.other,个人设置页面隐藏太深导致修改编辑账户信息非常难找，体验非常差,30,29,1
jayme,jayme,10010000008149,10010000008149,message_send.chat.layout_issue,message_send.chat.layout_issue,三星S7560，使用聊天中的历史消息，可以看到控件错位,27,25,1
jayme,jayme,10010000009187,10010000009187,message_send.page_view.other,message_send.page_view.other,在聊天界面中，点击查看历史消息，界面美观有待提高，相对比于qq差别也太大了,37,34,1
jayme,jayme,10010000009874,10010000009874,search.button_icon.cannot_or_fail,search.button_icon.cannot_or_fail,进行好友/群组查询时，不能直接通过点击搜索框进行查询，必须由点击 放大镜图标 开始查询。用户体验性降低。,52,45,1
jayme,jayme,10010000008929,10010000008929,search.page_view.no_prompt,search.page_view.no_prompt,点击放大镜进入搜索界面在地址栏输入关键词没有提示信息比较模糊,30,30,1
jayme,jayme,10010000008682,10010000008682,search.button_icon.other,search.button_icon.other,历史消息界面双搜索放大镜图标，界面不友好，关键词搜索反应较为缓慢。,33,30,1
jayme,jayme,10010000009027,10010000009027,other.other.other,other.other.other,在搜群和搜人的时候，不是立即可以输入，还要点击右上角的放大镜，这个操作没有必要,39,36,1
jayme,jayme,10010000008538,10010000008538,search.page_view.layout_issue,search.page_view.layout_issue,页面布局不够完善，且搜索聊天记录较慢，有两个放大镜。,26,23,1
jayme,jayme,10010000008328,10010000008328,search.button_icon.layout_issue,search.button_icon.layout_issue,用户进入群“聊天记录”，上面的搜索按钮出现了两个，页面布局有误,31,27,1
jayme,jayme,10010000008162,10010000008162,search.other.cannot_or_fail,search.other.cannot_or_fail,在进行搜索框搜索的时候，必须点击后面的放大镜，不可以点击前面的添加成员那个地方。,40,37,1
jayme,jayme,10010000008506,10010000008506,search.button_icon.other,search.button_icon.other,当进入查找群和添加成员界面时，必须点击放大镜按钮才能进入搜索框进行搜索，用户使用起来不方便。,46,43,1
jayme,jayme,10010000008655,10010000008655,search.chat.other,search.chat.other,点击群组进入群信息后选择添加群成员，进入之后点击搜索，放大镜，搜索到的人都可以被拉去群组，对其他用户造成极大影响！,57,52,1
jayme,jayme,10010000009552,10010000009552,message_send.list_item.other,message_send.list_item.other,进行清空聊天消息记录时，删除成功后，在聊天历史记录时仍能查到消息记录,34,32,1
jayme,jayme,10010000009233,10010000009233,groupchat.list_item.other,groupchat.list_item.other,卸载应用后，最近群聊和消息记录全部清空了，只可以在我的群组里查看到我的所有群,38,36,1
jayme,jayme,10010000009616,10010000009616,message_send.list_item.other,message_send.list_item.other,删除群内聊天记录后，还可以在历史记录中找到聊天记录,25,24,1
jayme,jayme,10010000009157,10010000009157,message_send.list_item.other,message_send.list_item.other,聊天记录问题，后面加的群也能看到加入群之前的聊天记录,26,25,1
jayme,jayme,10010000009127,10010000009127,message_send.page_view.other,message_send.page_view.other,聊天记录，在聊天界面有时会丢失，在聊天记录里面可以找到！,28,25,1
jayme,jayme,10010000009300,10010000009300,message_send.page_view.wrong_value,message_send.page_view.wrong_value,"我在聊天页面说几句话,然后就有了聊天记录。然后我删除聊天记录,聊天页面的聊天记录没了,但是聊天记录还在历史记录里存在。",59,54,1
jayme,jayme,10010000009058,10010000009058,message_send.list_item.other,message_send.list_item.other,清空聊天记录后，可以再次查看到聊天记录,19,18,1
jayme,jayme,10010000009529,10010000009529,message_send.page_view.other,message_send.page_view.other,在群设置中，清空聊天记录，可在聊天记录中还有,22,20,1
jayme,jayme,10010000008495,10010000008495,groupchat.list_item.other,groupchat.list_item.other,在群聊中点击清空聊天记录后，点击聊天记录后还会出现之前的聊天记录,32,31,1
jayme,jayme,10010000008520,10010000008520,message_send.list_item.wrong_value,message_send.list_item.wrong_value,当我选择清空聊天记录时，聊天记录虽然清空了，但我还是可以通过查看消息来查看以前的聊天记录,44,42,1
jayme,jayme,10010000009625,10010000009625,message_send.list_item.other,message_send.list_item.other,点击清空聊天记录 在聊天记录里任然可以查看历史聊天,25,24,1
jayme,jayme,10010000009177,10010000009177,message_send.page_view.wrong_value,message_send.page_view.wrong_value,点击群设置里的清空聊天记录，预期结果应该是群里的聊天记录被清空，也无法通过查看聊天记录查看。但是实际结果是清空聊天记录后，聊天页面没有…,68,63,1
jayme,jayme,10010000009494,10010000009494,search.list_item.other,search.list_item.other,历史消息的时间搜索选择当天之后的时间，消息记录仍然可以看到,29,28,1
jayme,jayme,10010000008161,10010000008161,message_send.chat.other,message_send.chat.other,手机使用聊天讨论组里找到 历史消息 ，选择时间可以超过系统预设的时间范围。,37,33,1
jayme,jayme,10010000009260,10010000009260,message_send.list_item.wrong_value,message_send.list_item.wrong_value,在消息助手中，查看群消息记录，选择查看消息历史记录的时间，当前时间是2016,38,35,1
jayme,jayme,10010000009495,10010000009495,message_send.list_item.other,message_send.list_item.other,清空聊天记录，在历史消息依然可以查询到,19,18,1
jayme,jayme,10010000008374,10010000008374,message_send.list_item.other,message_send.list_item.other,在群里清空聊天记录时，还会有历史消息可以看到。,23,21,1
jayme,jayme,10010000009587,10010000009587,message_send.list_item.other,message_send.list_item.other,清空聊天记录，仍然能从聊天记录的历史消息中看到消息记录,27,26,1
jayme,jayme,10010000009702,10010000009702,groupchat.list_item.other,groupchat.list_item.other,前提条件:群聊聊天记录中存在两条删除的消息,21,20,1
jayme,jayme,10010000008776,10010000008776,groupchat.page_view.wrong_value,groupchat.page_view.wrong_value,在群聊或者私聊聊天界面，删除了聊天记录再进去的时候，点击历史消息还是有记录，功能不完整。,44,40,1
jayme,jayme,10010000008620,10010000008620,search.chat.other,search.chat.other,查看历史消息应该只能查找现在以前的消息，但可以输入现在以后的时间段历史消息。,38,36,1
jayme,jayme,10010000008095,10010000008095,groupchat.other.other,groupchat.other.other,前提：创建群成功,8,7,1
jayme,jayme,10010000008349,10010000008349,groupchat.other.other,groupchat.other.other,前提：成功创建群,8,7,1
jayme,jayme,10010000008118,10010000008118,groupchat.other.other,groupchat.other.other,前提：创建群成功,8,7,1
jayme,jayme,10010000008324,10010000008324,message_send.page_view.other,message_send.page_view.other,删除好友后，最近联系人界面仍然会显示被删的人以及聊天记录。,29,27,1
jayme,jayme,10010000009138,10010000009138,message_send.page_view.other,message_send.page_view.other,在聊天记录页面删除记录后再查询聊天记录依然存在，并未被删除。,30,28,1
jayme,jayme,10010000009445,10010000009445,message_send.page_view.other,message_send.page_view.other,测试功能：聊天页面删除功能,13,12,1
jayme,jayme,10010000008452,10010000008452,search.other.other,search.other.other,群名称可以重名，查找群通过群名称时会遇到麻烦,22,21,1
jayme,jayme,10010000009589,10010000009589,search.chat.cannot_or_fail,search.chat.cannot_or_fail,按名称查找群聊的时候，重名太多，不能精确查找。（详见测试报告）,31,26,1
jayme,jayme,10010000009638,10010000009638,search.chat.other,search.chat.other,想加入未加入的群聊时，步骤较麻烦不够便捷，查找功能有一定限制。（详见测试报告）,39,34,1
jayme,jayme,10010000007976,10010000007976,groupchat.chat.other,groupchat.chat.other,"我们所创建的群聊名称相同时系统并没有提醒用户注意重名现象,有时会引起不方便,如图中所示两个“群聊1”",50,46,1
jayme,jayme,10010000008496,10010000008496,groupchat.chat.cannot_or_fail,groupchat.chat.cannot_or_fail,创建的群组可以重名，感觉很不好，使得用户体验很不好，因为无法明确分清到底是哪个群，最好除了群头像不同，还有其他明确标识,59,54,1
jayme,jayme,10010000008638,10010000008638,groupchat.chat.cannot_or_fail,groupchat.chat.cannot_or_fail,群聊中的小视频不能在聊天窗口中直接播放，而得转到其他应用软件中播放。,34,32,1
jayme,jayme,10010000009311,10010000009311,playback.page_view.other,playback.page_view.other,首页上方图片墙点击不可放大或查看视频，只有点右下角的播放键才能播放。,34,32,1
jayme,jayme,10010000008378,10010000008378,other.image_banner.other,other.image_banner.other,查看图集时内有左右滑动切换图片功能，只能关闭后点击另一张,28,27,1
jayme,jayme,10010000009572,10010000009572,playback.page_view.other,playback.page_view.other,杰迷吧的音乐播放问题相当严重。音乐播放后就在后台运行了，退出app后重新进入该页面，可重新播放歌曲（此时上一首歌仍在播放中），几首歌曲…,68,61,1
jayme,jayme,10010000009569,10010000009569,playback.audio.other,playback.audio.other,在播放Jay主页的宣传片时，每次都没声音，之前调过依旧没声音,30,28,1
jayme,jayme,10010000009664,10010000009664,playback.audio.other,playback.audio.other,与其他软件有冲突，把“网易云音乐”有冲突，把“网易云”卸载后就可以听到语音内容了。,41,34,1
jayme,jayme,10010000009624,10010000009624,playback.audio.other,playback.audio.other,经多次测试，发现跟我手机上的网易云音乐有冲突，导致网易云音乐播放无声音，JAYME卸载后就有声音。,49,45,1
jayme,jayme,10010000008546,10010000008546,playback.audio.other,playback.audio.other,语音可以双向接收，但是播放时没有声音（双向无声音）,25,22,1
jayme,jayme,10010000009358,10010000009358,message_send.audio.cannot_or_fail,message_send.audio.cannot_or_fail,文件传输助手发送的语音无法正常播放（播放的声音和实际的声音不同）,32,30,1
jayme,jayme,10010000009469,10010000009469,message_send.chat.other,message_send.chat.other,在打开杰迷吧的音乐后，在聊天发语音时，音乐对语音有干扰。,28,25,1
jayme,jayme,10010000009377,10010000009377,other.other.other,other.other.other,前提条件：,5,4,1
jayme,jayme,10010000008029,10010000008029,groupchat.chat.other,groupchat.chat.other,重现步骤:加入群聊后播放语音,14,13,1
jayme,jayme,10010000009129,10010000009129,playback.audio.other,playback.audio.other,测试功能:语音播放,9,8,1
雅思听力,雅思听力,10010000000159,10010000000159,other.other.other,other.other.other,对用户密码无长度和格式限制，降低了安全性，且一个密码可以被多个用户使用。,36,33,1
雅思听力,雅思听力,10010000000512,10010000000512,register.other.other,register.other.other,用户密码为简单数字时，注册不成功，但又没提示,22,20,1
雅思听力,雅思听力,10010000004962,10010000004962,register.other.other,register.other.other,关于注册,4,4,1
雅思听力,雅思听力,10010000000559,10010000000559,register.other.other,register.other.other,用于账户安全的手机短信验证码没做加密处理，可修改任意已注册账户的密码。（软件最新版本也有此问题）,48,44,1
雅思听力,雅思听力,10010000000783,10010000000783,message_send.other.other,message_send.other.other,手机验证码会连续发送，在60s之内,17,16,1
雅思听力,雅思听力,10010000004570,10010000004570,other.page_view.other,other.page_view.other,忘记密码界面，快速点击验证码会收到多条短信,21,20,1
雅思听力,雅思听力,10010000004630,10010000004630,login.page_view.other,login.page_view.other,在忘记密码界面点击获取验证码后，会限制60秒后才能继续获取，但返回登录界面再进去忘记密码界面，则该时间重置。,54,50,1
雅思听力,雅思听力,10010000004725,10010000004725,register.page_view.other,register.page_view.other,注册界面，快速点击获取验证码会收到多条短信,21,20,1
雅思听力,雅思听力,10010000000050,10010000000050,login.share_panel.wrong_value,login.share_panel.wrong_value,用qq登录时提示非官方正版应用，错误码100044。用微信，微博账号无法登录。,39,35,1
雅思听力,雅思听力,10010000000120,10010000000120,login.other.cannot_or_fail,login.other.cannot_or_fail,qq登录失败，kikbug 截图失败,18,16,0
雅思听力,雅思听力,10010000000136,10010000000136,register.other.load_fail,register.other.load_fail,【登录注册】第三方登录平台“微信”接口无法进入,23,19,1
雅思听力,雅思听力,10010000000140,10010000000140,register.share_panel.cannot_or_fail,register.share_panel.cannot_or_fail,【登录注册】第三方登录平台“QQ”提示“登录失败”,25,19,1
雅思听力,雅思听力,10010000000162,10010000000162,login.page_view.other,login.page_view.other,微信登录点击多次出现加载页面，未跳转,18,17,1
雅思听力,雅思听力,10010000000168,10010000000168,other.button_icon.cannot_or_fail,other.button_icon.cannot_or_fail,在登陆界面上的第三方登陆中 微信账号无法登陆，登陆失败。例如：点击微信图标，软件无反应只提示登陆失败,50,45,1
雅思听力,雅思听力,10010000000243,10010000000243,other.other.other,other.other.other,可能不是bug，尝试使用QQ登陆时，显示该应用非官方正版应用,30,28,1
雅思听力,雅思听力,10010000000264,10010000000264,login.other.other,login.other.other,用户登录，使用其他方式登录,13,12,1
雅思听力,雅思听力,10010000000355,10010000000355,login.share_panel.load_fail,login.share_panel.load_fail,"QQ无法登录，微博登录时""更多选项""无法加载出来",24,21,1
雅思听力,雅思听力,10010000000366,10010000000366,login.share_panel.permission,login.share_panel.permission,微博登录：文件不存在，无法授权,15,13,1
雅思听力,雅思听力,10010000000763,10010000000763,login.page_view.permission,login.page_view.permission,第三方登录：微信登录页面无法显示，QQ无法获取权限,25,23,1
雅思听力,雅思听力,10010000000989,10010000000989,other.other.permission,other.other.permission,当手机端微信处于在线状态时，微信授权登陆功能调用失败，点击之后无反应,34,32,1
雅思听力,雅思听力,10010000001047,10010000001047,other.other.cannot_or_fail,other.other.cannot_or_fail,重置密码时，二次登陆无法登陆，且无相应提示,21,19,1
雅思听力,雅思听力,10010000001149,10010000001149,login.other.other,login.other.other,除了手机号意外的三种登录方式都不可用,18,18,1
雅思听力,雅思听力,10010000001261,10010000001261,login.other.cannot_or_fail,login.other.cannot_or_fail,对原本下载的QQ版本无法使用第三方登录,19,19,1
雅思听力,雅思听力,10010000001262,10010000001262,login.other.other,login.other.other,使用微信实现第三方登录时一直登不上去而且要等待很久,25,25,1
雅思听力,雅思听力,10010000001394,10010000001394,login.other.cannot_or_fail,login.other.cannot_or_fail,"无法使用QQ登录,提示为非官方应用。",18,16,1
雅思听力,雅思听力,10010000001630,10010000001630,login.other.cannot_or_fail,login.other.cannot_or_fail,第三方账户不能登录，必须用手机再次登录,19,18,1
雅思听力,雅思听力,10010000001846,10010000001846,login.page_view.permission,login.page_view.permission,微信登录界面无法弹出，QQ登录显示无权限，只有微博登录正常,29,27,1
雅思听力,雅思听力,10010000004231,10010000004231,login.page_view.other,login.page_view.other,登录界面,4,4,1
雅思听力,雅思听力,10010000004318,10010000004318,login.other.cannot_or_fail,login.other.cannot_or_fail,无法通过微信登录(已安装微信),15,13,1
雅思听力,雅思听力,10010000000169,10010000000169,other.page_view.other,other.page_view.other,软件界面 我的,7,6,1
雅思听力,雅思听力,10010000000180,10010000000180,share.page_view.other,share.page_view.other,分享app给微信好友和朋友圈页面跳转不正常,21,21,1
雅思听力,雅思听力,10010000000239,10010000000239,share.button_icon.cannot_share,share.button_icon.cannot_share,练习报告页面，点击分享按钮，选择分享到微信好友，无法分享，提示图片大小超过32kb，正在对图片进行压缩,51,46,1
雅思听力,雅思听力,10010000000242,10010000000242,share.button_icon.cannot_share,share.button_icon.cannot_share,练习报告页面，点击分享按钮，选择分享到微信朋友圈，无法分享，提示图片大小超过32kb，正在对图片进行压缩,52,47,1
雅思听力,雅思听力,10010000000252,10010000000252,login.button_icon.other,login.button_icon.other,"1：登录漫听，点击""我的""，点击右上角图标",21,16,1
雅思听力,雅思听力,10010000000255,10010000000255,login.button_icon.other,login.button_icon.other,"1：登录漫听，点击""我的""，点击右上角图标",21,16,1
雅思听力,雅思听力,10010000000257,10010000000257,login.button_icon.other,login.button_icon.other,"1：登录漫听，点击""我的""，点击右上角图标",21,16,1
雅思听力,雅思听力,10010000000259,10010000000259,login.button_icon.other,login.button_icon.other,"1：登录漫听，点击""我的""，点击右上角图标",21,16,1
雅思听力,雅思听力,10010000000309,10010000000309,other.other.other,other.other.other,我的主页右上角,7,7,1
雅思听力,雅思听力,10010000000700,10010000000700,share.share_panel.cannot_or_fail,share.share_panel.cannot_or_fail,"分享漫听软件时,分享到微信和微信朋友圈功能不能实现",25,24,1
雅思听力,雅思听力,10010000001132,10010000001132,share.list_item.cannot_share,share.list_item.cannot_share,课程分享功能无法分享，点击后无反应,17,16,1
雅思听力,雅思听力,10010000001728,10010000001728,share.chat.cannot_or_fail,share.chat.cannot_or_fail,第一：选择下方第三个 学习 选项，里面微课的视频不能通过微信分享给好友以及朋友圈 ，其他的分享都不能通过微信分享。,57,50,1
雅思听力,雅思听力,10010000001798,10010000001798,share.button_icon.cannot_share,share.button_icon.cannot_share,1 当收听演讲时候，点击分享到微信按钮，没有任何反应，也不能分享成功。,35,30,1
雅思听力,雅思听力,10010000000153,10010000000153,playback.list_item.crash,playback.list_item.crash,用语音评论视屏，语音录制未结束时点击发表，系统崩溃,25,23,1
雅思听力,雅思听力,10010000000854,10010000000854,other.page_view.load_fail,other.page_view.load_fail,"无法正常打开,出现环境异常界面",15,14,1
雅思听力,雅思听力,10010000001067,10010000001067,settings.page_view.other,settings.page_view.other,在登陆首页当用户忘记密码时，正确输入短信验证码时，提示用户重新设置密码时，强行退出,41,38,1
雅思听力,雅思听力,10010000001122,10010000001122,other.other.crash,other.other.crash,在后台关闭退出此应用再次启动时出现了闪退现象。,23,22,1
雅思听力,雅思听力,10010000001147,10010000001147,other.page_view.crash,other.page_view.crash,在模考页面，进行答题，完成返回模考页面事，底部弹出Toast 显示出现未知错误，环境异常。造成闪退。,50,43,1
雅思听力,雅思听力,10010000001334,10010000001334,other.other.freeze,other.other.freeze,在后台kill掉程序后，再次打开时，出现黑屏。程序无响应。,29,25,1
雅思听力,雅思听力,10010000001347,10010000001347,other.other.crash,other.other.crash,启动程序，出现环境异常程序崩溃。,16,14,1
雅思听力,雅思听力,10010000001364,10010000001364,other.other.cannot_or_fail,other.other.cannot_or_fail,"在Vivo Xshot机型,Android4.3系统上出现 INSTALL_FAILED_INSUFFICIENT_STORAGE 即…",68,59,1
雅思听力,雅思听力,10010000001387,10010000001387,other.other.cannot_or_fail,other.other.cannot_or_fail,"在Vivo Xshot机型,安卓4.3系统下出现INSTALL_FAILED_INSUFFICIENT_STORAGE 即安装失败问题。",68,60,1
雅思听力,雅思听力,10010000001443,10010000001443,other.other.load_fail,other.other.load_fail,安装程序有无法正常启动，系统显示：出现未知错误（环境异常）,29,25,1
雅思听力,雅思听力,10010000000720,10010000000720,login.other.cannot_or_fail,login.other.cannot_or_fail,在手机登录app时，进行升级安装，不能够正常安装新版本,27,25,1
雅思听力,雅思听力,10010000001129,10010000001129,other.other.cannot_or_fail,other.other.cannot_or_fail,下载完更新安装包后，安装过程中失败。应用无法更新。,25,22,1
雅思听力,雅思听力,10010000001306,10010000001306,other.other.wrong_value,other.other.wrong_value,更新软件时出现新软件与旧软件数字签名相同的错误,23,23,1
雅思听力,雅思听力,10010000001408,10010000001408,other.other.cannot_or_fail,other.other.cannot_or_fail,进入软件就有更新，但更新后无法安装,17,16,1
雅思听力,雅思听力,10010000001559,10010000001559,other.other.other,other.other.other,启动应用后点击“更新”，下载完安装包后，安装时显示签名冲突。,30,25,1
雅思听力,雅思听力,10010000000072,10010000000072,other.other.other,other.other.other,点击查看“学习榜”，加载过于缓慢。,17,13,1
雅思听力,雅思听力,10010000000145,10010000000145,register.step.load_fail,register.step.load_fail,在网络正常情况下，注册登录操作过程中经常会出现加载时间较长的问题，有时甚至加载较长时间后提示“网络异常”,52,48,1
雅思听力,雅思听力,10010000000320,10010000000320,other.other.other,other.other.other,listview加载，滑动时出现小幅度顿挫感，用户体验下降。,30,27,1
雅思听力,雅思听力,10010000000324,10010000000324,settings.button_icon.other,settings.button_icon.other,点击清理垃圾，若重复点击清理垃圾按钮，会重复出现Toast提示，按几次按钮出现几次，可设置判断减少出现提示,53,49,1
雅思听力,雅思听力,10010000000540,10010000000540,other.other.freeze,other.other.freeze,在2G或者3G网络上请求延迟比较大，建立连接速度慢。,26,24,1
雅思听力,雅思听力,10010000000685,10010000000685,other.other.other,other.other.other,检查到新版本，点击取消，小菊花一直在转！,20,17,1
雅思听力,雅思听力,10010000000755,10010000000755,other.other.other,other.other.other,下载试题的时候用时过长，应给予性能优化，提高效率。,25,22,1
雅思听力,雅思听力,10010000001042,10010000001042,settings.page_view.other,settings.page_view.other,个人信息——学习设置打开时，数据刷新速度过慢为1.7秒以上,29,25,1
雅思听力,雅思听力,10010000001052,10010000001052,other.page_view.other,other.page_view.other,初始化速度较慢，第一次打开一个界面要卡很久,21,20,1
雅思听力,雅思听力,10010000001135,10010000001135,playback.audio.freeze,playback.audio.freeze,旅游咨询进行听力播放时，点击想要听的句子时，应用给予的反馈不实时。多次点击时，反应卡顿。,44,39,1
雅思听力,雅思听力,10010000001139,10010000001139,playback.audio.other,playback.audio.other,下载完听力资料后，点击一下没反应，须点击两次才可进入进行听力。听力已听的句数，并没有进行实时的反馈。,50,45,1
雅思听力,雅思听力,10010000001141,10010000001141,playback.slider.freeze,playback.slider.freeze,在进行听力练习时，调整进度条时并不能及时的给予用户一个反馈，有延迟。,34,31,1
雅思听力,雅思听力,10010000001145,10010000001145,other.page_view.other,other.page_view.other,在模考界面，进行模考试题下载时，下载速度太慢。,23,20,1
雅思听力,雅思听力,10010000001339,10010000001339,other.other.freeze,other.other.freeze,"ListView滑动栏加载卡顿,有顿挫感",20,19,1
雅思听力,雅思听力,10010000001557,10010000001557,other.other.other,other.other.other,启动应用后关闭更新提示后，网页一直在加载中。,22,20,1
雅思听力,雅思听力,10010000001751,10010000001751,other.other.other,other.other.other,"下载模拟考试试题是进度圈已经完成,还要等一等才会提示完成",28,27,1
雅思听力,雅思听力,10010000001962,10010000001962,other.other.other,other.other.other,点击反应不灵敏，有时需点几次才有反应，用户体验不好，用户主页的，精听，练习，模考,40,34,1
雅思听力,雅思听力,10010000004186,10010000004186,other.page_view.freeze,other.page_view.freeze,splash界面快速滑动会在第三个界面卡顿，并会跳过第四个界面,31,30,1
雅思听力,雅思听力,10010000004774,10010000004774,register.button_icon.other,register.button_icon.other,用户注册界面，快速点击获取验证码，获取验证码按钮的背景会保持被按下的状态,36,34,1
雅思听力,雅思听力,10010000000144,10010000000144,other.other.other,other.other.other,【考试信息】留学意向控件前后显示不一致,19,17,1
雅思听力,雅思听力,10010000000303,10010000000303,playback.page_view.layout_issue,playback.page_view.layout_issue,漫听综合听力分类和雅思分类下午的首页轮播图布局出现问题,27,27,1
雅思听力,雅思听力,10010000000311,10010000000311,other.page_view.other,other.page_view.other,主页面倒计时显示有误悬浮于图片上,16,16,1
雅思听力,雅思听力,10010000000543,10010000000543,other.page_view.layout_issue,other.page_view.layout_issue,布局较为简单，页面插图影响是野,15,14,1
雅思听力,雅思听力,10010000000561,10010000000561,other.other.layout_issue,other.other.layout_issue,考试地点栏目选项太偏下。布局不合理。,18,16,1
雅思听力,雅思听力,10010000000574,10010000000574,other.other.layout_issue,other.other.layout_issue,布局偏上，应当在屏幕中间。屏幕下方太空泛。,21,18,1
雅思听力,雅思听力,10010000000667,10010000000667,settings.slider.other,settings.slider.other,个人信息修改的选项：拖动时字体全黑，只有不拖动时才只有中间的选项为黑,34,32,1
雅思听力,雅思听力,10010000000741,10010000000741,other.other.other,other.other.other,在意见反馈中，当用户的昵称达到最大长度时，昵称与手机号排版会出现异常,34,32,1
雅思听力,雅思听力,10010000000754,10010000000754,other.other.other,other.other.other,考试倒计时排版不好，没有重点突出。,17,15,1
雅思听力,雅思听力,10010000000816,10010000000816,share.share_panel.other,share.share_panel.other,赞 分享和收藏的bar与打赏的bar ，排版不是很好。打赏功能应放在上面,36,32,1
雅思听力,雅思听力,10010000001107,10010000001107,other.page_view.cannot_or_fail,other.page_view.cannot_or_fail,学习模块首部图片广告区域无法来回循环切换,20,20,1
雅思听力,雅思听力,10010000001134,10010000001134,settings.page_view.other,settings.page_view.other,页面排版残缺，整体视觉效果差。考试倒计时的位置设置不明显，且过于单调。TOP10 字体设置太小。,48,42,1
雅思听力,雅思听力,10010000001137,10010000001137,settings.page_view.other,settings.page_view.other,一个单词的读音 ， 每个发音应该相应的读音。在相应的读音前。发音icon设置太小，用户体验不佳。,48,41,1
雅思听力,雅思听力,10010000001150,10010000001150,other.image_banner.other,other.image_banner.other,banner 的图片质量太低。,15,13,1
雅思听力,雅思听力,10010000001151,10010000001151,other.page_view.layout_issue,other.page_view.layout_issue,我的页面布局太繁琐，记录学习的日期占用多半空间。,24,22,1
雅思听力,雅思听力,10010000001287,10010000001287,settings.button_icon.other,settings.button_icon.other,筛选对话框标签字体设置太小，颜色太浅。关闭及重置两个按钮不突出。,32,29,1
雅思听力,雅思听力,10010000001294,10010000001294,other.other.other,other.other.other,字体排版过于紧凑。放大后不易于观看。,18,16,1
雅思听力,雅思听力,10010000001304,10010000001304,other.page_view.layout_issue,other.page_view.layout_issue,意见反馈界面，当昵称过长时 界面布局分布异常,22,20,1
雅思听力,雅思听力,10010000001309,10010000001309,other.page_view.other,other.page_view.other,重现步骤：1.选择练习页面，任选一题,18,15,1
雅思听力,雅思听力,10010000001358,10010000001358,other.page_view.other,other.page_view.other,"在华为C199s 和华为荣耀3X,安卓4.4系统上会出现UI异常，界面出现黑屏。",40,35,1
雅思听力,雅思听力,10010000001386,10010000001386,other.page_view.other,other.page_view.other,在华为C199和华为荣耀3X机型，安卓4.4系统上出现UI异常，界面出现黑屏。,39,35,1
雅思听力,雅思听力,10010000001413,10010000001413,other.page_view.layout_issue,other.page_view.layout_issue,进入主界面，上方的灰色部分看着很单调，没有展现该软件的特点。页面布局单调,36,33,1
雅思听力,雅思听力,10010000001421,10010000001421,other.page_view.layout_issue,other.page_view.layout_issue,在“我的”页面里，页面布局有缺陷，颜色为黑色，不好看。布局也比较单一。,35,28,1
雅思听力,雅思听力,10010000001837,10010000001837,settings.slider.other,settings.slider.other,拖动选项时字体都是黑的粗体，只有不拖动时才能看到只有中间的选项为黑体。,35,33,0
雅思听力,雅思听力,10010000001977,10010000001977,other.button_icon.other,other.button_icon.other,进入后广告跳过图标太小，点起来麻烦,17,16,1
雅思听力,雅思听力,10010000001593,10010000001593,other.other.other,other.other.other,星座中的摩羯座被写错魔蝎座，星座名称不准确影响体验,25,24,1
雅思听力,雅思听力,10010000001597,10010000001597,other.other.other,other.other.other,个人信息中星座摩羯座被写成魔羯座，影响用户体验,23,22,1
雅思听力,雅思听力,10010000000167,10010000000167,other.other.other,other.other.other,用户修改原有的密码，若新密码与旧密码相同，竟没有对用户进行提示，可能会导致用户的账号安全得不到保证！,50,46,1
雅思听力,雅思听力,10010000000306,10010000000306,other.other.other,other.other.other,我的主页右上角,7,7,1
雅思听力,雅思听力,10010000000699,10010000000699,other.other.other,other.other.other,"修改密码时,密码可以修改成和当前密码一样的密码",23,22,1
雅思听力,雅思听力,10010000000056,10010000000056,other.page_view.other,other.page_view.other,在开始界面输入完整正确的手机号，点击下一步。提示输入完整的手机号,32,30,1
雅思听力,雅思听力,10010000000128,10010000000128,other.other.other,other.other.other,在网络正常情况下打开漫天测试APP,17,17,1
雅思听力,雅思听力,10010000000130,10010000000130,other.other.other,other.other.other,在网络正常情况下打开漫听测试APP,17,17,1
雅思听力,雅思听力,10010000000147,10010000000147,other.other.other,other.other.other,现象：,3,2,1
雅思听力,雅思听力,10010000000197,10010000000197,register.other.cannot_or_fail,register.other.cannot_or_fail,用户输入手机号码不可以登录或者注册，直接阻碍用户体验功能。且不可以通过Qq等方式快速登录,44,42,1
雅思听力,雅思听力,10010000000241,10010000000241,register.other.cannot_or_fail,register.other.cannot_or_fail,178开头的手机号无法注册，显示手机号不完整,22,21,1
雅思听力,雅思听力,10010000000438,10010000000438,other.other.other,other.other.other,没有用正则表达式来限制用户输入,15,15,0
雅思听力,雅思听力,10010000000600,10010000000600,register.other.cannot_or_fail,register.other.cannot_or_fail,手机号码注册178开头的不能用，显示手机号码输入不完整，最新的手机号码没有更新,39,37,1
雅思听力,雅思听力,10010000000614,10010000000614,register.button_icon.other,register.button_icon.other,手机号位数未规定11位，始终显示不完整手机号，没有注册按钮。,30,27,1
雅思听力,雅思听力,10010000000615,10010000000615,other.page_view.other,other.page_view.other,忘记密码页面始终显示不完整手机号,16,16,1
雅思听力,雅思听力,10010000000644,10010000000644,other.other.other,other.other.other,有的手机号输入正确之后还会提示“输入完整的手机号码”,26,24,1
雅思听力,雅思听力,10010000000702,10010000000702,notification.other.cannot_or_fail,notification.other.cannot_or_fail,在重置密码时，新密码的长度限制提醒不够准确，无法让用户得到最短密码长度。,36,33,1
雅思听力,雅思听力,10010000000834,10010000000834,register.page_view.other,register.page_view.other,注册登录界面忘记密码选项 在没有注册的情况的下也能使用 收到修改密码的验证码,38,36,1
雅思听力,雅思听力,10010000000835,10010000000835,register.page_view.other,register.page_view.other,注册登录时在收验证码时退出界面 再注册时验证码不可用,26,25,1
雅思听力,雅思听力,10010000001002,10010000001002,other.input_box.other,other.input_box.other,忘记密码提示框未对手机号码输入框长度做出正确限制,24,24,1
雅思听力,雅思听力,10010000001005,10010000001005,other.input_box.wrong_value,other.input_box.wrong_value,当手机号码输入框输13位数字时，输入错误的提示指向不明,27,26,1
雅思听力,雅思听力,10010000001008,10010000001008,other.input_box.wrong_value,other.input_box.wrong_value,当手机号码输入框输13位数字时，做出的错误提示不能正确指导用户,31,30,1
雅思听力,雅思听力,10010000001009,10010000001009,register.input_box.other,register.input_box.other,手机注册页面输入框未对手机号码输入框做出长度限制,24,24,1
雅思听力,雅思听力,10010000001011,10010000001011,register.input_box.other,register.input_box.other,手机注册页面未对手机号码输入框做出长度限制,21,21,1
雅思听力,雅思听力,10010000001012,10010000001012,other.input_box.other,other.input_box.other,忘记密码输入框的长度未作出正确限制,17,17,1
雅思听力,雅思听力,10010000001027,10010000001027,other.input_box.other,other.input_box.other,短信登陆验证码文本输入框对输入类型未限制,20,20,1
雅思听力,雅思听力,10010000001028,10010000001028,other.input_box.other,other.input_box.other,短信登陆验证码文本输入框对输入长度未做限制,21,21,1
雅思听力,雅思听力,10010000001038,10010000001038,other.input_box.other,other.input_box.other,个人信息——修改手机号码——手机号输入框未对长度做出限制,28,24,1
雅思听力,雅思听力,10010000001039,10010000001039,other.other.other,other.other.other,个人信息——修改手机号码——手机号输入非法时弹出的提示不合理,30,26,1
雅思听力,雅思听力,10010000001345,10010000001345,register.other.other,register.other.other,1用户进行注册时，输入11位手机号码，若用户随意输入完整的11位数字，此时提示的是请输入完整的手机号码，而不是请输入正确的手机号码，提…,68,62,1
雅思听力,雅思听力,10010000001359,10010000001359,register.other.other,register.other.other,用户进行注册时，提示输入11位手机号码，若用户随意输入完整的11位数字，此时提示的是请输入完整的手机号码，而不是请输入正确的手机号码，…,68,62,1
雅思听力,雅思听力,10010000001550,10010000001550,register.other.other,register.other.other,注册时输入特殊字符时提示信息有误,16,16,1
雅思听力,雅思听力,10010000001590,10010000001590,other.other.cannot_or_fail,other.other.cannot_or_fail,输入正确的手机号码却不能进行下一步，提示输入验证手机号,27,26,1
雅思听力,雅思听力,10010000001867,10010000001867,login.other.other,login.other.other,登录时输入正确的手机号17750507709提示请输入完整的手机号,33,33,1
雅思听力,雅思听力,10010000001882,10010000001882,other.other.wrong_value,other.other.wrong_value,输入过长手机号，提示信息错误，应为“您输入的号码过长，请输入正确的手机号”,37,32,1
雅思听力,雅思听力,10010000007583,10010000007583,register.other.other,register.other.other,手机号注册，输入正确的手机号。显示手机号不完整。不支持第三方登录,32,29,1
雅思听力,雅思听力,10010000000305,10010000000305,other.page_view.other,other.page_view.other,首页轮播图中关于长按二维码关注的功能皆无效,21,21,1
雅思听力,雅思听力,10010000000347,10010000000347,other.page_view.other,other.page_view.other,雅思首页>练习>右上角筛选>其它栏下，三个不同筛选方式所得结果相同。,34,29,1
雅思听力,雅思听力,10010000000736,10010000000736,other.page_view.cannot_or_fail,other.page_view.cannot_or_fail,在练习模块中，进行筛选时，不能够根据筛选条件，给出正确的列表信息,32,29,1
雅思听力,雅思听力,10010000000818,10010000000818,other.other.other,other.other.other,筛选出来的选项不够严谨。需进行优化,17,16,1
雅思听力,雅思听力,10010000000838,10010000000838,other.page_view.other,other.page_view.other,学习界面的筛选功能有缺陷 拿旅游参观演示 奖学金却显示在置顶,30,28,1
雅思听力,雅思听力,10010000001069,10010000001069,sort.other.other,sort.other.other,练习中的筛选功能没能正确实现排序,16,16,1
雅思听力,雅思听力,10010000001086,10010000001086,other.button_icon.other,other.button_icon.other,当用户点击筛选按钮时，单次筛选按钮未作上限，和全部按钮形成冲突,31,29,1
雅思听力,雅思听力,10010000001090,10010000001090,other.other.wrong_value,other.other.wrong_value,筛选状态下，学术筛选结果显示错误（状态为筛选前状态，筛选结果不生效），本人初步判断学术条件下未成功调用筛选方法,55,50,1
雅思听力,雅思听力,10010000001143,10010000001143,other.page_view.other,other.page_view.other,在练习界面，进行筛选时，并未按照选择的标签进行筛选。,26,23,1
雅思听力,雅思听力,10010000001840,10010000001840,share.share_panel.cannot_or_fail,share.share_panel.cannot_or_fail,长按二维码没有反应，图二按日期右边的链接无反应。没有与微信公众号很好的链接,37,35,1
雅思听力,雅思听力,10010000001953,10010000001953,other.other.other,other.other.other,根据分类筛选出来的练习内容与实际内容不相符号，过滤关键词不准确,31,30,1
雅思听力,雅思听力,10010000000158,10010000000158,search.input_box.freeze,search.input_box.freeze,搜索查询功能有延迟，输入关键字后无查询结果，删除文本框内文字后才出现查询结果,38,36,1
雅思听力,雅思听力,10010000000323,10010000000323,other.other.other,other.other.other,选择练习种类时，并没有刷新出与之对应的种类练习,23,22,1
雅思听力,雅思听力,10010000000517,10010000000517,other.page_view.cannot_or_fail,other.page_view.cannot_or_fail,测试时随便填好，然后点击完成，出现提交界面，但点了提交后无反应,31,28,1
雅思听力,雅思听力,10010000000739,10010000000739,search.page_view.other,search.page_view.other,"在学习模块中，输入搜索内容2016,查看结果，点击更多，列表信息条数不一致。",38,33,1
雅思听力,雅思听力,10010000001805,10010000001805,other.step.wrong_value,other.step.wrong_value,在选择日期时候，可以先调整本地手机的时间，app应该采用了本地手机的时间，然后计算结果就错误了。,48,44,1
雅思听力,雅思听力,10010000000131,10010000000131,register.page_view.other,register.page_view.other,进入用户注册页面后，点击“验证码”获取验证码,22,19,1
雅思听力,雅思听力,10010000000325,10010000000325,other.other.load_fail,other.other.load_fail,版本更新提示点击取消时会处在一直加载的进度圈，点击屏幕后才会消失并进入当前版本应用,41,40,1
雅思听力,雅思听力,10010000000389,10010000000389,other.page_view.other,other.page_view.other,取消更新后，界面一直保持刷新状态，直至随意点击界面一次,27,25,1
雅思听力,雅思听力,10010000000392,10010000000392,login.other.other,login.other.other,登录进入app，关闭更新提示后，一直处于刷新状态,24,22,1
雅思听力,雅思听力,10010000000534,10010000000534,other.page_view.other,other.page_view.other,取消软件更新，页面处于缓冲界面,15,14,1
雅思听力,雅思听力,10010000000566,10010000000566,other.other.other,other.other.other,点击检查新版本更新后无任何反应，应该提示当前是最新版，或者提示有新版本可更新。,39,36,1
雅思听力,雅思听力,10010000000584,10010000000584,login.page_view.other,login.page_view.other,用户登录后页面显示提示更新信息，更新后还一直显示，体验性很不好！,32,29,1
雅思听力,雅思听力,10010000000607,10010000000607,other.other.other,other.other.other,一道题也没有做，正确率却是38％,16,14,1
雅思听力,雅思听力,10010000000618,10010000000618,other.other.wrong_value,other.other.wrong_value,取消更新后下次打开应用点击更新会出现未知错误,22,22,1
雅思听力,雅思听力,10010000000704,10010000000704,other.page_view.other,other.page_view.other,在练习模块的预定房间练习中，不填写答案，直接提交，会出现正确率统计不准确情况。,39,35,1
雅思听力,雅思听力,10010000000719,10010000000719,notification.other.other,notification.other.other,在手机点击漫听进入app时，提示是否更新新版本，关闭该提醒时，会造成关闭异常。,39,35,1
雅思听力,雅思听力,10010000000744,10010000000744,other.other.other,other.other.other,进入APP后再切到桌面再返回会一直显示加载图像,23,23,1
雅思听力,雅思听力,10010000000860,10010000000860,other.page_view.other,other.page_view.other,取消软件更新后，页面一直处于缓冲，点击恢复正常,23,21,1
雅思听力,雅思听力,10010000000877,10010000000877,login.other.other,login.other.other,登录进入应用后，应用一直处于刷新状态,18,17,1
雅思听力,雅思听力,10010000001023,10010000001023,login.page_view.other,login.page_view.other,登录进入app主界面,10,10,1
雅思听力,雅思听力,10010000001024,10010000001024,login.page_view.other,login.page_view.other,登录进入app主界面,10,10,1
雅思听力,雅思听力,10010000001025,10010000001025,login.page_view.other,login.page_view.other,登录进入app主界面,10,10,1
雅思听力,雅思听力,10010000001026,10010000001026,login.page_view.other,login.page_view.other,登录进入app主界面,10,10,1
雅思听力,雅思听力,10010000001046,10010000001046,other.other.other,other.other.other,个人信息——修改密码成功时，无返回提示且强行退出,24,21,1
雅思听力,雅思听力,10010000001128,10010000001128,other.page_view.other,other.page_view.other,登陆后再次启动应用时，如果不点击屏幕，则页面一直处于加载状态。,31,28,1
雅思听力,雅思听力,10010000001288,10010000001288,other.other.crash,other.other.crash,退出应用时，没有友好提示。而是直接退出。每次打开应用时，都有更新提示。,35,30,1
雅思听力,雅思听力,10010000001289,10010000001289,other.other.load_fail,other.other.load_fail,没网情况下，多次弹出网络异常。,15,13,1
雅思听力,雅思听力,10010000001690,10010000001690,other.button_icon.other,other.button_icon.other,点进去之后提示更新，点击关闭一直在等待。需手工按返回键才可以继续使用,34,32,1
雅思听力,雅思听力,10010000002214,10010000002214,other.page_view.other,other.page_view.other,更新取消返回主界面会一直停留在刷新界面,19,19,1
雅思听力,雅思听力,10010000000074,10010000000074,playback.list_item.no_prompt,playback.list_item.no_prompt,点击列表，没有反应，没有提示，没有缓存，直接出现下载，且需再次点击才能播放。,38,32,1
雅思听力,雅思听力,10010000000163,10010000000163,other.other.cannot_or_fail,other.other.cannot_or_fail,其他用户主页学分右边的剪头点击无反应,18,18,1
雅思听力,雅思听力,10010000000523,10010000000523,playback.audio.cannot_or_fail,playback.audio.cannot_or_fail,"做听力测试时,会出现无法显示网页的情况",19,18,1
雅思听力,雅思听力,10010000000538,10010000000538,other.page_view.cannot_or_fail,other.page_view.cannot_or_fail,在wifi环境下，页面图片无法显示,17,16,1
雅思听力,雅思听力,10010000000557,10010000000557,other.page_view.other,other.page_view.other,在首页右上角进入的句库界面没有内容显示！,20,19,1
雅思听力,雅思听力,10010000001308,10010000001308,other.other.other,other.other.other,主要的左上角的雅思下拉框选框内，内容缺失,20,19,1
雅思听力,雅思听力,10010000001333,10010000001333,playback.audio.cannot_or_fail,playback.audio.cannot_or_fail,在我的收藏中，收藏的视频无法播放。,17,15,1
雅思听力,雅思听力,10010000001957,10010000001957,other.page_view.load_fail,other.page_view.load_fail,个人中心的下方，历史试听记录的图片加载不出来,22,21,1
雅思听力,雅思听力,10010000001981,10010000001981,other.page_view.freeze,other.page_view.freeze,当点击练习功能时，右上角的选项中，有三个选择：“关闭”、“筛选”、“重置”，当点击：“关闭”、“重置”时，页面都会有反应，但是当点击“…,68,46,1
雅思听力,雅思听力,10010000002011,10010000002011,playback.page_view.cannot_or_fail,playback.page_view.cannot_or_fail,学习模块中的视频播放，若播放中中途使用其他应用如微信，回来后不能继续刚刚的进度播放。,42,39,1
雅思听力,雅思听力,10010000002021,10010000002021,other.button_icon.cannot_or_fail,other.button_icon.cannot_or_fail,点击练习按钮之后，页面右上角的按钮会提供“关闭”、“筛选”、“重置”三个选项，点击“关闭”、“重置”时页面都会响应，但是点击“筛选”时…,68,49,1
雅思听力,雅思听力,10010000001114,10010000001114,playback.page_view.other,playback.page_view.other,课程评论区留言功能语音功能当用户退出当前页面留言语音未自动停止,31,31,1
雅思听力,雅思听力,10010000001970,10010000001970,other.list_item.other,other.list_item.other,对于想要记录下来的不认识的单词，或一小段文章、资料的感想，没有一个类似于笔记的功能进行记录,45,42,1
雅思听力,雅思听力,10010000000756,10010000000756,other.page_view.other,other.page_view.other,我的页面中，精听 练习 以及模考并没有响应的记录。,25,21,1
雅思听力,雅思听力,10010000000814,10010000000814,playback.list_item.other,playback.list_item.other,每点击进入阅读一篇文章或者是观看视频，阅读次数 记录没有+1。,31,27,1
雅思听力,雅思听力,10010000000840,10010000000840,other.step.other,other.step.other,我的主页 对于精听的统计时间有缺陷,17,16,1
雅思听力,雅思听力,10010000001043,10010000001043,other.button_icon.other,other.button_icon.other,个人信息——我的收藏为0，清空按钮仍然可以点击,23,20,1
雅思听力,雅思听力,10010000001044,10010000001044,other.button_icon.other,other.button_icon.other,个人信息——我的报告为0，清空按钮仍然可以点击,23,20,1
雅思听力,雅思听力,10010000001110,10010000001110,playback.list_item.other,playback.list_item.other,资料、微课、机经课程未按播放次数排序输出,20,18,1
雅思听力,雅思听力,10010000001112,10010000001112,course.list_item.other,course.list_item.other,课程评论区域，最新评论应该置顶显示，输出排序为最新评论置底显示,31,29,1
雅思听力,雅思听力,10010000000070,10010000000070,settings.page_view.cannot_or_fail,settings.page_view.cannot_or_fail,学习设置只能设置雅思考试的目标，不能因选择托福或综合英语而改变目标。,34,32,1
雅思听力,雅思听力,10010000000075,10010000000075,playback.audio.display_missing,playback.audio.display_missing,听力时默写模式下显示全文而全文模式不显示文字，可能为两个模式互换了,33,32,1
雅思听力,雅思听力,10010000000134,10010000000134,login.page_view.other,login.page_view.other,在登录页面输入正确手机号码,13,13,1
雅思听力,雅思听力,10010000000142,10010000000142,login.button_icon.other,login.button_icon.other,在登录页面点击“忘记密码？”按钮,16,13,1
雅思听力,雅思听力,10010000000192,10010000000192,register.page_view.other,register.page_view.other,进入注册页面，光标停留在重复密码上,17,16,1
雅思听力,雅思听力,10010000000261,10010000000261,other.other.other,other.other.other,判断答案正确与否时建议忽略首字母大小写,19,19,1
雅思听力,雅思听力,10010000000274,10010000000274,other.button_icon.other,other.button_icon.other,句库中选择某个句子，点击右下角对号图标，句子直接被删除。点击句子后应变为删除图标，且删除前应有对话框确认,52,48,1
雅思听力,雅思听力,10010000000290,10010000000290,login.other.other,login.other.other,步骤：1.登录APP,10,8,1
雅思听力,雅思听力,10010000000304,10010000000304,other.page_view.other,other.page_view.other,首页的top 10列表下出现旅游咨询内容不同，但标题重复,28,26,1
雅思听力,雅思听力,10010000000344,10010000000344,login.page_view.other,login.page_view.other,"登录时忘记密码，重新设置密码时光标出现在""重复密码""一栏，而不是""密码""一栏。",39,32,1
雅思听力,雅思听力,10010000000439,10010000000439,other.button_icon.other,other.button_icon.other,控制用户一秒之内，多次点击按钮，连续弹出toast,25,23,1
雅思听力,雅思听力,10010000000477,10010000000477,other.other.other,other.other.other,在选择学习信息时 触屏吃力。,14,12,1
雅思听力,雅思听力,10010000000564,10010000000564,playback.step.other,playback.step.other,打开播放源后起始时间与终止时间有误。起始时间是30.00,28,26,1
雅思听力,雅思听力,10010000000567,10010000000567,other.other.other,other.other.other,输入生日应该自动跳转星座，而不是自己手动输入，这样显得软件智能一点。手动输入太古板，也算是给用户提供一个根据输入生日查星座的功能。,65,60,1
雅思听力,雅思听力,10010000000573,10010000000573,playback.page_view.other,playback.page_view.other,只有单独的英语界面或者单独的汉语界面，应该加一个页面一句英语一句汉语翻译并且已读过的跟正在读的的不容易区分，正在播放句子的应该颜色应该…,68,65,1
雅思听力,雅思听力,10010000000806,10010000000806,other.other.other,other.other.other,给予意见反馈之后没有及时给用户一个反馈，而没有任何反映。,28,26,1
雅思听力,雅思听力,10010000000815,10010000000815,other.other.cannot_or_fail,other.other.cannot_or_fail,不能进行左滑或右滑。用户体验差。,16,14,1
雅思听力,雅思听力,10010000000817,10010000000817,playback.list_item.other,playback.list_item.other,评论区 用户回复的bar与用户评论的bar占用相同大小的空间，排版差。用户在对文章或视频做出评论后 ，没有进行一个反馈动作。,62,56,1
雅思听力,雅思听力,10010000001040,10010000001040,other.list_item.other,other.list_item.other,个人信息——星座列表未作循环处理,16,14,1
雅思听力,雅思听力,10010000001045,10010000001045,other.other.other,other.other.other,个人信息——修改密码时未对用户做确认提示,20,18,1
雅思听力,雅思听力,10010000001056,10010000001056,playback.slider.other,playback.slider.other,在“全真模考”公里模块中，拉动进度条，会有声音出现，用户体验差,31,26,1
雅思听力,雅思听力,10010000001057,10010000001057,playback.slider.other,playback.slider.other,在“精听”功能模块中的“官方指南”、“剑桥听力”，”全真模拟”功能中，拉动进度条，会有声音出现，用户体验差,53,40,1
雅思听力,雅思听力,10010000001059,10010000001059,other.page_view.cannot_or_fail,other.page_view.cannot_or_fail,在“学习”模块中，不能copy资料内容，用户体验差,25,21,1
雅思听力,雅思听力,10010000001060,10010000001060,other.other.other,other.other.other,填写个人信息的时候，填写出生年月日，但还可以修改星座，不符合标准,32,29,1
雅思听力,雅思听力,10010000001061,10010000001061,other.other.other,other.other.other,考点学校只显示部分学校（例如北京）,17,15,1
雅思听力,雅思听力,10010000001064,10010000001064,settings.page_view.other,settings.page_view.other,进行学习设置的时候，提示时只出现一个提示栏，应该设置为铃声或者对话框形式,36,34,1
雅思听力,雅思听力,10010000001072,10010000001072,other.other.other,other.other.other,官方指南——置底时没有用户提示,15,13,1
雅思听力,雅思听力,10010000001074,10010000001074,other.step.other,other.step.other,短时间多次刷新之后无相关用户提示,16,16,1
雅思听力,雅思听力,10010000001076,10010000001076,other.step.other,other.step.other,短时间多次刷新之后无相关用户提示不到位,19,19,1
雅思听力,雅思听力,10010000001136,10010000001136,playback.audio.other,playback.audio.other,进行听力时，处于暂停状态而声波却一直处于动态。,23,21,1
雅思听力,雅思听力,10010000001138,10010000001138,other.other.other,other.other.other,开启默写模式时，没有下一句的icon，要求用户听完当前句才可继续听下一句。,37,34,1
雅思听力,雅思听力,10010000001140,10010000001140,playback.button_icon.other,playback.button_icon.other,在句库界面，选择一个句子进行听力时，没有进度显示，缺少暂停按钮。点击“打钩”icon就是将当前句删除，而没有给用户提示。,60,52,1
雅思听力,雅思听力,10010000001148,10010000001148,comment.list_item.other,comment.list_item.other,评论区排版差，用户进行评论后，没有收到一个及时的反馈。在删除评论时，提示语有误。,40,35,1
雅思听力,雅思听力,10010000001153,10010000001153,other.other.other,other.other.other,用户进行意见反馈时，没得到产品及时的反馈。,21,19,1
雅思听力,雅思听力,10010000001247,10010000001247,other.other.other,other.other.other,默写模式,4,4,1
雅思听力,雅思听力,10010000001290,10010000001290,other.other.other,other.other.other,用户下载的数据文件过大时，应提示用户当前网络是移动数据还是无线网，以便用户选择是否继续下载。,46,43,1
雅思听力,雅思听力,10010000001292,10010000001292,other.other.other,other.other.other,已下载的数据与未下载的数据，应有一个明显的标签。,24,22,1
雅思听力,雅思听力,10010000001293,10010000001293,other.page_view.other,other.page_view.other,不符合用户操作习惯，并列的页面，不可进行页面的滑动。,26,23,1
雅思听力,雅思听力,10010000001295,10010000001295,other.other.other,other.other.other,日期排布不符合用户操作习惯。用户习惯从上到下，从左到右的观看。从左到右应当是从小到大排布较好,46,43,1
雅思听力,雅思听力,10010000001307,10010000001307,other.step.other,other.step.other,右上角的时间应该按24小时制设计,16,16,1
雅思听力,雅思听力,10010000001410,10010000001410,playback.button_icon.other,playback.button_icon.other,官方指南中的文章录音中，语速选择按钮设计不当。当选择语速增加或减速没有确切的键可以点击。当想减速时，点击语速可能是加速。,60,55,1
雅思听力,雅思听力,10010000001419,10010000001419,other.other.other,other.other.other,模考中试题的难度系数只有1，没有多余难度系数的试题。用户得不到完整体验，有局限性。,41,37,1
雅思听力,雅思听力,10010000001425,10010000001425,notification.other.other,notification.other.other,存在友盟推送，友盟应用统计分析，腾讯移动开放平台等插件。,28,25,0
雅思听力,雅思听力,10010000001629,10010000001629,other.other.other,other.other.other,漫听中没有阶梯式的难度训练，都是一个难度,20,19,1
雅思听力,雅思听力,10010000001632,10010000001632,other.other.cannot_or_fail,other.other.cannot_or_fail,漫听不能简单明了的显示如何选择句子,17,17,1
雅思听力,雅思听力,10010000001693,10010000001693,other.other.other,other.other.other,分类不够明确，所有项目一连串都摆下去，没有很好的归类,26,24,1
雅思听力,雅思听力,10010000001886,10010000001886,other.other.other,other.other.other,默写模式没有下一个的标志，只有上一页的标志，导致每一句只能听完才可以结束,36,34,1
雅思听力,雅思听力,10010000001959,10010000001959,comment.list_item.other,comment.list_item.other,信息与评论区在一块，压缩了信息查看窗口，起不到强调的重要性，且打开字体极小，虽然可以放大，但是用户不好掌控，容易使人厌烦。,61,54,1
雅思听力,雅思听力,10010000001964,10010000001964,other.step.other,other.step.other,这种滑动式选择不好掌控，特别浪费用户的时间，尤其选项还很多的时候。,33,30,1
雅思听力,雅思听力,10010000001969,10010000001969,comment.list_item.no_prompt,comment.list_item.no_prompt,评论只限定100个字符，没有提示最多字数，给用户造成误解，,29,26,1
雅思听力,雅思听力,10010000001979,10010000001979,playback.list_item.other,playback.list_item.other,在播放列表播放重要词汇时，没有中文注释,19,18,1
雅思听力,雅思听力,10010000001983,10010000001983,playback.audio.other,playback.audio.other,播放音频文件时，想要暂停它必须要点击右边的小箭头，再去点暂停键，建议直接在小箭头后面直接加上暂停键。,50,46,1
雅思听力,雅思听力,10010000002008,10010000002008,playback.button_icon.other,playback.button_icon.other,无设置图标或文字提示视频的下载与播放,18,18,1
雅思听力,雅思听力,10010000002208,10010000002208,other.other.other,other.other.other,需要使用某一功能时都要单独下载资料包，但是没有提供删除方法，这样会积累垃圾数据对于存储容量较小的设备很麻烦,53,51,1
雅思听力,雅思听力,10010000005161,10010000005161,login.other.other,login.other.other,登录之后，选择考试地点时，,13,11,1
雅思听力,雅思听力,10010000000068,10010000000068,other.step.other,other.step.other,个人信息修改中，对出生日期选择没有限制，可以选择未来的任何时间。,32,29,1
雅思听力,雅思听力,10010000000146,10010000000146,other.step.other,other.step.other,【考试信息】“雅思考试时间”控件中标题显示为“出生日期”,28,22,1
雅思听力,雅思听力,10010000000397,10010000000397,other.step.other,other.step.other,选择雅思考试时间后，弹出窗口为出生日期。,20,18,1
雅思听力,雅思听力,10010000000398,10010000000398,other.step.other,other.step.other,选择雅思考试时间，选择之前的时间，会出现不要选择以前的时间。可以直接把以前的时间从选项剔除。,46,42,1
雅思听力,雅思听力,10010000000563,10010000000563,other.step.other,other.step.other,考试时间范围是1945年从2023年，但是软件后台只允许两年内的时间。所以无意义时间选项太多。,47,44,1
雅思听力,雅思听力,10010000000696,10010000000696,other.other.other,other.other.other,"在修改生日时,可以修改成当天之后的日期",19,18,1
雅思听力,雅思听力,10010000000870,10010000000870,other.other.other,other.other.other,初次安装漫听安装包，安装成功。,15,13,1
雅思听力,雅思听力,10010000001035,10010000001035,settings.page_view.other,settings.page_view.other,个人信息———出生日期时间设置不合理页：设置为2018年9月4日,32,28,1
雅思听力,雅思听力,10010000001125,10010000001125,comment.list_item.other,comment.list_item.other,评论区留言字符长度未作出相关提示,16,16,1
雅思听力,雅思听力,10010000001301,10010000001301,other.step.other,other.step.other,修改个人信息 生日可以选择当天以后的时间,20,19,1
雅思听力,雅思听力,10010000001594,10010000001594,other.step.other,other.step.other,第一次进入软件考试时间被标为出生时间，极度影响用户体验,27,26,1
雅思听力,雅思听力,10010000001598,10010000001598,other.step.other,other.step.other,第一次进入软件填写信息时，雅思考试时间选项中被写成出生时间，严重影响用户体验,38,36,1
雅思听力,雅思听力,10010000002006,10010000002006,other.step.other,other.step.other,点击雅思考试时间显示的是出生日期,16,16,1
华为运动,华为运动,10010000012345,10010000012345,gps_track.gps.wrong_value,gps_track.gps.wrong_value,有时明明有网，却显示没有网络，无法使用gps功能,24,22,1
华为运动,华为运动,10010000012373,10010000012373,gps_track.gps.wrong_value,gps_track.gps.wrong_value,定位:开始跑步时，地图定位不准确，我明明在实验室比赛，可显示的却不是,34,30,1
华为运动,华为运动,10010000012379,10010000012379,gps_track.gps.other,gps_track.gps.other,定位设备漂移很大，沿着直线行走，左右偏移的距离达到2,26,24,1
华为运动,华为运动,10010000012381,10010000012381,gps_track.gps.other,gps_track.gps.other,跑步模式下。当设备由室内走向室外时，在空旷地区呆的时间约为1分钟。定位信号仍然显示很弱，地图一直处于北京的定位。,56,51,1
华为运动,华为运动,10010000012384,10010000012384,gps_track.gps.other,gps_track.gps.other,跑步模式下，围着操场走走跑跑了半圈。发现地图开始50m左右的距离出现往返情况。也就是说在没有走重复路的情况下，地图上显示的轨迹有一段约…,68,63,1
华为运动,华为运动,10010000012385,10010000012385,gps_track.gps.cannot_or_fail,gps_track.gps.cannot_or_fail,用户在室内跑步运动，不能正常定位。,17,15,1
华为运动,华为运动,10010000012400,10010000012400,gps_track.gps.cannot_or_fail,gps_track.gps.cannot_or_fail,在GPS信号无论强弱的环境下，记步都不能正常进行，跑也不行,29,27,1
华为运动,华为运动,10010000012405,10010000012405,gps_track.list_item.other,gps_track.list_item.other,在华为mate9（安卓5.1）上测试，两次在没有SIM卡但连接WIFI并且GPS信号良好的情况下开始跑步，app没有记录到任何位移。,66,60,1
华为运动,华为运动,10010000012411,10010000012411,gps_track.page_view.cannot_or_fail,gps_track.page_view.cannot_or_fail,在GPS信号差的情况下开始跑步，跑步界面地图无法定位，自动到开阔地带GPS信号变好之后，有定位，但跑步界面地图仍然停留在GPS信号差时…,68,63,1
华为运动,华为运动,10010000012415,10010000012415,gps_track.gps.other,gps_track.gps.other,理论上，在室内应该也可以进行定位，只是定位数据准确与否。,28,25,1
华为运动,华为运动,10010000012453,10010000012453,run_walk.page_view.other,run_walk.page_view.other,在运动跑步页面，GPRS信号很差，跑至空阔出还是差，建议使用感应，GPRS太差，影响用户体验！,47,41,1
华为运动,华为运动,10010000012459,10010000012459,gps_track.gps.wrong_value,gps_track.gps.wrong_value,GPS定位有问题，当在GPS信号强的情况下，定位的结果没有出现，等到GPS信号弱得时候，出现，但是，出现的却是错误信息,59,53,1
华为运动,华为运动,10010000012490,10010000012490,gps_track.gps.display_missing,gps_track.gps.display_missing,在跑步的时候，开启GPS的情况下无法进行GPA定位，不显示用户运动的信息。,37,34,1
华为运动,华为运动,10010000012521,10010000012521,gps_track.page_view.other,gps_track.page_view.other,在首页，点击开始跑步时，就算在空旷地带也会出现”无信号，请到户外开阔处活动“提示。但是GPS定位会跟着我时而动时而不动！,60,53,1
华为运动,华为运动,10010000012542,10010000012542,gps_track.gps.display_missing,gps_track.gps.display_missing,运动时运动轨迹不明确，而且GPS定位时过于缓慢，室内运动，跑步机方式运动的话，gps定位不到，显示不出来。属于功能不完整的情况，复现程…,68,60,1
华为运动,华为运动,10010000012625,10010000012625,other.other.other,other.other.other,关掉网络，重新连接网络,11,10,1
华为运动,华为运动,10010000012632,10010000012632,gps_track.gps.other,gps_track.gps.other,在点击开始跑步后，GPS很难定位准确，给用户带来较大不便。,29,26,1
华为运动,华为运动,10010000012306,10010000012306,step_count.list_item.other,step_count.list_item.other,跑步测试:当我开始测试的时候并没有跑步，只是拿着手机模仿正坐在公交车上上下震动，他却显示有步数记录,49,46,1
华为运动,华为运动,10010000012312,10010000012312,run_walk.list_item.cannot_or_fail,run_walk.list_item.cannot_or_fail,步行记录不能及时更新，有时需要等一段时间才能更新步行记录，有时可以及时更新，这会造成用户体验不好,48,45,1
华为运动,华为运动,10010000012344,10010000012344,step_count.gps.other,step_count.gps.other,打开gps，点击跑步开始后，步数数据统计的增加，可根据原地跳动或幅度稍大的上下甩动增加数据，计步异常。,51,46,1
华为运动,华为运动,10010000012355,10010000012355,other.other.cannot_or_fail,other.other.cannot_or_fail,爬高功能缺失，无法正确计算实际进行的高度获取数据并统计。,28,26,1
华为运动,华为运动,10010000012371,10010000012371,run_walk.list_item.wrong_value,run_walk.list_item.wrong_value,步行:我明明是在走路，可结果记录是跑步100％,23,20,1
华为运动,华为运动,10010000012374,10010000012374,step_count.step.other,step_count.step.other,跑步模式中，大步地跨10步，然后会发现，步数显示增加了20步。,31,27,1
华为运动,华为运动,10010000012380,10010000012380,step_count.step.other,step_count.step.other,跑步时步数并没有实时更新，而是等跑完了结束跑步时步数才加上去,30,29,1
华为运动,华为运动,10010000012386,10010000012386,gps_track.gps.wrong_value,gps_track.gps.wrong_value,点击开始跑步，运动一段时间，关闭gps定位后或到达gps定位不到的地方，就无法根据路程和速度更新新的消耗热量。,55,51,1
华为运动,华为运动,10010000012387,10010000012387,run_walk.other.other,run_walk.other.other,同样是在跑步模式下，以缓慢的速度走路。发现在差不多每3秒的情况下，公里数递增0.02公里。详见相册截图,51,46,1
华为运动,华为运动,10010000012388,10010000012388,other.other.wrong_value,other.other.wrong_value,计数:计数不准确，实时性不好，我明明走了10步却没变，然后突然变了加了17步,38,34,1
华为运动,华为运动,10010000012390,10010000012390,step_count.list_item.no_prompt,step_count.list_item.no_prompt,用户跑步情况下，步数记录与跑步模式记录不同步，并且没有提示跑步时速。,34,31,1
华为运动,华为运动,10010000012404,10010000012404,step_count.list_item.wrong_value,step_count.list_item.wrong_value,携带手机步行时，记录步数有时不实时，过了几秒一下增加，还有与实际的步数有少量差池,40,37,1
华为运动,华为运动,10010000012432,10010000012432,step_count.step.other,step_count.step.other,计步功能算法有严重缺陷，手机拿在手上做小幅度晃动步数都会迅速增加。,33,31,1
华为运动,华为运动,10010000012436,10010000012436,run_walk.other.wrong_value,run_walk.other.wrong_value,传感器在运动中途关闭之后，记步功能失效，当再次开启时，不是实时更新,33,30,1
华为运动,华为运动,10010000012454,10010000012454,run_walk.page_view.other,run_walk.page_view.other,首页点击开始跑步，会语音提示开始跑步，点击后我并未移动位置，已经开始计时，应该在移动时开始计时，并显示移动路线,55,50,1
华为运动,华为运动,10010000012465,10010000012465,step_count.page_view.other,step_count.page_view.other,计步不准确，有的时候，不走动，这是轻轻摇动手机，首页的数据还是在后台增加,36,32,1
华为运动,华为运动,10010000012491,10010000012491,run_walk.list_item.other,run_walk.list_item.other,运动过程中，爬了几层楼梯，然而在运动过程中的爬高竟然是0。用户看到自己的运动过程没有被正确记录对软件感到失望,54,51,1
华为运动,华为运动,10010000012494,10010000012494,step_count.step.other,step_count.step.other,爬高步数不准确，有时较轻微时，爬高步数算入走路步数,25,23,1
华为运动,华为运动,10010000012499,10010000012499,run_walk.list_item.other,run_walk.list_item.other,没有进行运动的过程中，app在后台依然进行数据统计，数据记录不准确。导致用户对自己的运动情况了解不准确，容易造成偏差、功能不完整，复现…,68,61,1
华为运动,华为运动,10010000012502,10010000012502,run_walk.list_item.other,run_walk.list_item.other,在准备结束运动的时候，系统提示运动距离短，不会记录数据，这样不方便用户的使用，即使运动距离很少，也应该将用户的运动数据记录。,62,56,1
华为运动,华为运动,10010000012529,10010000012529,step_count.list_item.cannot_or_fail,step_count.list_item.cannot_or_fail,进行爬楼运动测试的时候步数不会增加。而用户一天之内大多数的运动情况是爬楼，爬楼也很消耗卡路里，这和实际情况不符合。无法正确记录跑步情况…,68,63,1
华为运动,华为运动,10010000012568,10010000012568,step_count.list_item.other,step_count.list_item.other,在进跑步方式的测试时，一直都在进行步行运动，但是记录显示我的总步数为26步，步行65%，跑步35%，爬高0%。与我实际运动的情况不符合…,68,58,1
华为运动,华为运动,10010000012581,10010000012581,other.other.other,other.other.other,配速问题：,5,4,1
华为运动,华为运动,10010000012310,10010000012310,other.step.other,other.step.other,选择为比赛做准备时，可选的准备时间只有部分时间，用户体验不够好,31,29,1
华为运动,华为运动,10010000012319,10010000012319,settings.other.cannot_or_fail,settings.other.cannot_or_fail,设定目标:当我想设定目标时，必须按照他给定的目标选择，而无法自己根据自己的情况随意设定,43,40,1
华为运动,华为运动,10010000012324,10010000012324,settings.other.other,settings.other.other,设定目标:当我设定目标时有马拉松选项，有人不知道马拉松是多远，例如我就不知道，让用户可能盲目的设定，应该在后面给个提示的数目,62,57,1
华为运动,华为运动,10010000012327,10010000012327,settings.other.cannot_or_fail,settings.other.cannot_or_fail,比赛目标，当我设定比赛的时候，年份只能设定2017年，无法设定其他年份,35,32,1
华为运动,华为运动,10010000012349,10010000012349,run_walk.other.other,run_walk.other.other,设定每周运动次数:在设定次数时只能选给定我的次数，没法自己设定,31,29,1
华为运动,华为运动,10010000012356,10010000012356,settings.other.cannot_or_fail,settings.other.cannot_or_fail,重复设定目标:我设定一个目标后无法在继续设定了，我家如同时有两个目标则不能设定需要一个个完成，但是我需要每天两个目标同时进行,62,59,1
华为运动,华为运动,10010000012360,10010000012360,settings.other.cannot_or_fail,settings.other.cannot_or_fail,重复设定目标:我设定一个目标后无法在继续设定了，我家如同时有两个目标则不能设定需要一个个完成，但是我需要每天两个目标同时进行,62,59,1
华为运动,华为运动,10010000012362,10010000012362,step_count.page_view.other,step_count.page_view.other,目标步数设置时只能1000步1000步的设，不精确,25,24,1
华为运动,华为运动,10010000012365,10010000012365,settings.other.other,settings.other.other,体重目标最多居然能设到150公斤，不切实际,21,20,1
华为运动,华为运动,10010000012398,10010000012398,settings.page_view.cannot_or_fail,settings.page_view.cannot_or_fail,点击发现，添加计划，距离，能力，若选择好距离之后不能调自己的时间小时，分钟的上限，只能设置他给的定值。,51,44,1
华为运动,华为运动,10010000012443,10010000012443,run_walk.other.cannot_or_fail,run_walk.other.cannot_or_fail,无法自己填写，运动目标，有时目标高于或低于系统设定目标,27,25,1
华为运动,华为运动,10010000012451,10010000012451,settings.other.cannot_or_fail,settings.other.cannot_or_fail,无法自己填写体重目标，有时设定的目标会高于或低于系统的设定,29,28,1
华为运动,华为运动,10010000012466,10010000012466,other.step.other,other.step.other,在添加计划里的能力里，时间最多只能到1小时12分，用户体验不够好,32,30,1
华为运动,华为运动,10010000012495,10010000012495,other.other.other,other.other.other,在我的,3,3,1
华为运动,华为运动,10010000012500,10010000012500,other.other.other,other.other.other,在我的,3,3,1
华为运动,华为运动,10010000012506,10010000012506,other.other.other,other.other.other,在我的,3,3,1
华为运动,华为运动,10010000012523,10010000012523,other.other.other,other.other.other,图一显示已经修改成功的出生日期为2033，图二是可以勾选日期为2033。2033年的用户的还没有出生，不应该可以将出生日期修改为2033,68,65,1
华为运动,华为运动,10010000012532,10010000012532,run_walk.page_view.cannot_or_fail,run_walk.page_view.cannot_or_fail,无法同时满足设定的目标。在首页运动模块的右下角，点击目标旗帜，可以选择运动目标，先选择时间30分钟，选择完成后返回到运动模块界面的时候…,68,62,1
华为运动,华为运动,10010000012561,10010000012561,other.other.cannot_or_fail,other.other.cannot_or_fail,体重最多可以选择到150公斤，超过150公斤的用户就不能进行自己的体重值。目前体重超过150公斤的用户是大量存在的，限制值为150让用…,68,64,1
华为运动,华为运动,10010000012569,10010000012569,run_walk.page_view.cannot_or_fail,run_walk.page_view.cannot_or_fail,进入首页后只能进行跑步训练，不能进行其他项目训练设置，如塑性等,31,29,1
华为运动,华为运动,10010000012572,10010000012572,run_walk.page_view.other,run_walk.page_view.other,"从""我的""页面进入到""我的目标""界面设置目标时，体重目标为""40公斤时""，7000步的运动量目标为少量，体重目标为""91公斤""时，70…",68,55,1
华为运动,华为运动,10010000012579,10010000012579,other.page_view.other,other.page_view.other,首页制定计划,6,6,1
华为运动,华为运动,10010000012582,10010000012582,notification.page_view.other,notification.page_view.other,并没有对自己的个人信息和运动目标进行设置，然而在我的目标和我的信息中，均有默认值的存在，在第一次进入应用的时候就应该提醒用户进行相关的设置,69,66,1
华为运动,华为运动,10010000012586,10010000012586,settings.page_view.cannot_or_fail,settings.page_view.cannot_or_fail,首页，设定目标之后，不能改变目标，只能开始训练,23,20,1
华为运动,华为运动,10010000012587,10010000012587,other.page_view.wrong_value,other.page_view.wrong_value,首页体重记录时，时间选择默认是当前时间，选择时不应出现超过当前时间的时间出现。,39,36,1
华为运动,华为运动,10010000012601,10010000012601,run_walk.page_view.other,run_walk.page_view.other,运动距离这个不是很人性化，没有单步的幅度变化，直接就是由5公里变成了10公里，中间跨度很大，对于某些运动幅度不是很大的用户来说，这个设…,68,62,1
华为运动,华为运动,10010000012603,10010000012603,other.page_view.other,other.page_view.other,进入发现界面,6,6,1
华为运动,华为运动,10010000012622,10010000012622,other.other.other,other.other.other,在发现中，参加的活动没有地方取消参加。,19,17,1
华为运动,华为运动,10010000012623,10010000012623,settings.page_view.other,settings.page_view.other,身高为50cm，体重为150公斤的用户是不可能存在的，所以不应该可以将身高体重设置为这个值。,46,43,1
华为运动,华为运动,10010000012672,10010000012672,settings.page_view.other,settings.page_view.other,设置个人身体各项指标过多，相对复杂,17,16,1
华为运动,华为运动,10010000012314,10010000012314,share.share_panel.wrong_value,share.share_panel.wrong_value,分享结果:我点进步数，当我想要分享结果时却没有办法在这里分享数据，哪怕是一个截图也好,42,39,1
华为运动,华为运动,10010000012430,10010000012430,share.share_panel.cannot_or_fail,share.share_panel.cannot_or_fail,在活动分享中，用户只能分享到微信朋友圈与微博，不能通过邮箱、qq、Facebook等方式进行分享，用户体验不好,55,50,1
华为运动,华为运动,10010000012438,10010000012438,share.share_panel.other,share.share_panel.other,在发现里面分享的时候只能用微信和微博分享,20,20,1
华为运动,华为运动,10010000012462,10010000012462,register.page_view.cannot_or_fail,register.page_view.cannot_or_fail,点击排行榜，分享，分享到微博，点击登录微博或者免密码注册登录，都不能获取到网络访问数据，且登录加载时没有设置登录超时的时限。,62,56,1
华为运动,华为运动,10010000012483,10010000012483,share.page_view.cannot_or_fail,share.page_view.cannot_or_fail,步数不能同步到qq运动，微博，微信等app，导致用户想要分享数据时，不能及时分享。而且仅限于华为用户太少，几乎大多数的好友都在微信和q…,68,61,1
华为运动,华为运动,10010000012512,10010000012512,share.share_panel.cannot_or_fail,share.share_panel.cannot_or_fail,将”我的成绩单“分享时，用户只能分享到微信朋友圈与微博，不能通过邮箱、qq、Facebook等方式进行分享，用户体验不好,60,53,1
华为运动,华为运动,10010000012524,10010000012524,share.page_view.other,share.page_view.other,在排行榜界面点击分享之后没弹出分享到指定地方，而是转到另一个分享页面再点击一次分享，建议只点击一次分享就好,53,51,1
华为运动,华为运动,10010000012551,10010000012551,share.image_banner.other,share.image_banner.other,在排行榜分享运动成果给微信好友，图片与app名称间距过大，只有在再发送一条消息之后间距才变小,46,44,1
华为运动,华为运动,10010000012585,10010000012585,share.button_icon.other,share.button_icon.other,"从""我的""页面进入到""我的成绩单""页面""，点击分享按钮进行分享时，供用户可选的路径有点少，比如现在用户用的比较多的""qq",60,51,1
华为运动,华为运动,10010000012352,10010000012352,run_walk.list_item.cannot_or_fail,run_walk.list_item.cannot_or_fail,对方手机上的跑步记录在我账号上不能进行及时更新，好友手机步行记录为88（因无法获取好友的图片就没上传好友的运动记录），我手机上的好友记…,68,63,1
华为运动,华为运动,10010000012391,10010000012391,login.page_view.no_prompt,login.page_view.no_prompt,成功登录应用进入首页，点击首页上方导航栏“发现”进入“发现”界面，点击“我的好友”进入好友列表界面，点击扫一扫，添加已经是好友的朋友“…,68,56,1
华为运动,华为运动,10010000012414,10010000012414,login.page_view.other,login.page_view.other,成功登录应用，进入发现界面，再进入好友列表界面，点击扫一扫添加好友，见截图1,38,34,1
华为运动,华为运动,10010000012421,10010000012421,other.chat.cannot_or_fail,other.chat.cannot_or_fail,图一群中有好友“觉”，再次添加好友时，会同样列出该好友“觉”如图二所示。图二的好友不能进行添加，那么列出该好友，用户体验很不好。,64,54,1
华为运动,华为运动,10010000012456,10010000012456,message_send.input_box.cannot_or_fail,message_send.input_box.cannot_or_fail,在发现，我的好友，聊天界面中，在输入框输入表情然后复制表情再粘贴时，粘贴到600字符上限时，最后一个表情因字符数限制无法正常显示。,65,59,1
华为运动,华为运动,10010000012471,10010000012471,search.chat.cannot_or_fail,search.chat.cannot_or_fail,用户在进行好友搜索时，只能进行准确号码或准确昵称搜岁，不能实现模糊搜索，搜索效率低，功能不完整,47,43,1
华为运动,华为运动,10010000012487,10010000012487,message_send.button_icon.cannot_or_fail,message_send.button_icon.cannot_or_fail,在进入我的页面后，点击头像进入帐号中心，点击好友后，选择好友，想要发送信息，却发现无法完成发送信息，发消息的按钮不能点击。,61,54,1
华为运动,华为运动,10010000012533,10010000012533,run_walk.chat.cannot_or_fail,run_walk.chat.cannot_or_fail,用户在使用开始跑步功能不能邀请好友一块进行。,22,21,1
华为运动,华为运动,10010000012535,10010000012535,share.button_icon.other,share.button_icon.other,在发现界面中的排行榜中，当我点击爱心小按钮时，他提出HIA没有好友点赞，然而此时我还没有好有，应用应该弹出当前关注我的人数为0，并且提…,68,62,1
华为运动,华为运动,10010000012571,10010000012571,login.other.other,login.other.other,手机号登录,5,5,1
华为运动,华为运动,10010000012575,10010000012575,other.other.other,other.other.other,高度变化时，登高变化不变，对高度变化不够敏感,22,20,1
华为运动,华为运动,10010000012577,10010000012577,login.page_view.other,login.page_view.other,成功登录，进入发现界面，点击该界面的“我的好友”后进入好友列表界面，见截图1,38,33,1
华为运动,华为运动,10010000012580,10010000012580,message_send.chat.other,message_send.chat.other,用户收到来自好友的消息时，只有进入发现,19,18,1
华为运动,华为运动,10010000012604,10010000012604,groupchat.page_view.wrong_value,groupchat.page_view.wrong_value,问题描述:群聊设置页面，显示群成员昵称失效,21,19,1
华为运动,华为运动,10010000012609,10010000012609,login.page_view.other,login.page_view.other,成功登录，进入发现界面，点击该界面的“我的好友”后进入好友列表界面，见截图1,38,33,1
华为运动,华为运动,10010000012614,10010000012614,message_send.chat.other,message_send.chat.other,发现，消息栏目，在消息查看的时候，出现重复出现的情况，同一个讨论组，消息不同步，而且重复出现,46,40,1
华为运动,华为运动,10010000012648,10010000012648,login.page_view.other,login.page_view.other,成功登录应用，进入发现界面，点击该界面的“我的好友”，进入好友列表界面，见截图1,40,34,1
华为运动,华为运动,10010000012377,10010000012377,login.page_view.wrong_value,login.page_view.wrong_value,在首页的第一部分的最上面的抽奖字样点击一次返回之后会消失，必须退出重新登录才会有，用户可能错误点击了返回，但是想重新进入时，没有显示在…,68,63,1
华为运动,华为运动,10010000012402,10010000012402,run_walk.other.cannot_or_fail,run_walk.other.cannot_or_fail,如若不小心进入了开始跑步的状态，无法用退出键退出，只能先暂停，然后再点结束跑步,39,36,1
华为运动,华为运动,10010000012420,10010000012420,run_walk.button_icon.other,run_walk.button_icon.other,在跑步界面，点击左下角锁定按钮后，屏幕锁定的只是屏幕下半区显示跑步时间等的区域，上方的地图和底部的三个系统按钮仍然可以操作，这样可能造…,68,63,1
华为运动,华为运动,10010000012429,10010000012429,gps_track.gps.other,gps_track.gps.other,跑步模式下，建议有一个定位当前点的功能。地图放大之后，找回当前点比较麻烦,36,33,1
华为运动,华为运动,10010000012445,10010000012445,run_walk.other.other,run_walk.other.other,退出跑步模式过于繁琐，要经过暂停,16,15,1
华为运动,华为运动,10010000012469,10010000012469,gps_track.button_icon.cannot_or_fail,gps_track.button_icon.cannot_or_fail,首页～开始运动，手机提示允许Gps访问，点击确定后，定位正常，可是定位地图页面没有返回图标，且无法返回跑步页面，我在后台关闭应用后才正常。,69,61,1
华为运动,华为运动,10010000012484,10010000012484,gps_track.button_icon.cannot_or_fail,gps_track.button_icon.cannot_or_fail,首页～开始运动，手机提示允许Gps访问，点击确定后，定位正常，可是定位地图页面没有返回图标，且无法返回跑步页面，我在后台关闭应用后才正常。,69,61,1
华为运动,华为运动,10010000012519,10010000012519,run_walk.button_icon.other,run_walk.button_icon.other,用户在想停止跑步时，点击暂停按钮，然后出现的两个按钮含义太模糊，考虑到使用该APP的老年用户很多，此时候的退出或者继续或者运动记录的回…,68,63,1
华为运动,华为运动,10010000012541,10010000012541,other.page_view.other,other.page_view.other,在”我的卡卡“中，用户浏览卡卡规则时，点击返回”我的卡卡“界面，却跳到了”我的“界面,42,33,1
华为运动,华为运动,10010000012559,10010000012559,run_walk.other.other,run_walk.other.other,在跑步过程中想要结束运动时，操作太过于繁琐，需要进行三步到四步才能停止跑步，用户体验极为不佳！！！！,50,43,1
华为运动,华为运动,10010000012610,10010000012610,other.button_icon.other,other.button_icon.other,"在从""发现""页面进入到活动页面查看某一个具体活动的详细信息页面，点击页面左上角的返回按钮，没有返回到活动列表页面，而是返回到了""发现""…",68,60,1
华为运动,华为运动,10010000012616,10010000012616,other.button_icon.other,other.button_icon.other,发现_我的好友，好友那块有提示，推荐添加的好友，点击查看后，在新的好友添加好友，页面无返回键,46,40,1
华为运动,华为运动,10010000012303,10010000012303,login.button_icon.other,login.button_icon.other,成功登录应用进入首页，点击体重模块的记录按钮，见截图1,27,25,1
华为运动,华为运动,10010000012342,10010000012342,login.page_view.no_prompt,login.page_view.no_prompt,在用户登录界面中，没有提示用户用户名和密码上限字符，并且在密码输入31个字符时不让继续输入但是没有提示，功能不完整。,58,54,1
华为运动,华为运动,10010000012358,10010000012358,settings.page_view.other,settings.page_view.other,设置昵称时，实际上是有长度限制的，但没有显示出来,24,22,1
华为运动,华为运动,10010000012392,10010000012392,step_count.step.other,step_count.step.other,问题描述:步数历史详情页，日历史步数下点击条形图多次才可成功建议优化,34,32,1
华为运动,华为运动,10010000012393,10010000012393,run_walk.other.other,run_walk.other.other,个人资料中生日这一栏我有异议，首先有必要设为非公开吗？其次作为一个跑步软件，知道用户生日的必要性不高,50,47,1
华为运动,华为运动,10010000012403,10010000012403,register.other.wrong_value,register.other.wrong_value,在注册用户的过程中，手机号输入多一位或者少一位，不会提示手机号码输入错误，只会显示验证码发送失败。,49,45,1
华为运动,华为运动,10010000012409,10010000012409,other.list_item.wrong_value,other.list_item.wrong_value,在修改体重记录时，提示手动输入，但是体重最大值为149公斤，并且体重过大的人想要找到需要滑动很久并不是实现了手动输入,58,55,1
华为运动,华为运动,10010000012416,10010000012416,settings.page_view.other,settings.page_view.other,在设置密码的过程中，输入超过32位的字符，虽然现实输入已达上限，但是还是可以继续输入。,43,39,1
华为运动,华为运动,10010000012461,10010000012461,other.chat.cannot_or_fail,other.chat.cannot_or_fail,用户对好友进行备注修改时，没有字数提示要求，但在输入一定字符时不能继续输入,37,35,1
华为运动,华为运动,10010000012477,10010000012477,settings.page_view.other,settings.page_view.other,在设置昵称的过程中，设置的昵称为空格，但是点击确认后，昵称一栏显示的是未设置。个性签名一栏也是这个情况。,52,47,1
华为运动,华为运动,10010000012496,10010000012496,login.button_icon.other,login.button_icon.other,成功登录应用进入首页，点击血压模块的记录按钮，见截图1,27,25,1
华为运动,华为运动,10010000012497,10010000012497,settings.page_view.other,settings.page_view.other,在个性设置中，输入姓名，系统不会检测姓名是否为真的姓名，那这个样子，这个姓名和昵称的作用就一样了。,49,44,1
华为运动,华为运动,10010000012503,10010000012503,register.other.wrong_value,register.other.wrong_value,新用户登陆前进行注册，注册时使用手机号进行注册，当手机号填错时，多写一位，注册失败，提示信息为获取验证码失败而不是手机号错误,62,57,1
华为运动,华为运动,10010000012510,10010000012510,register.page_view.wrong_value,register.page_view.wrong_value,注册设置密码时，密码输入错误，而且选择隐式显示密码，输错时不能确定哪位输错，只能逐个字符删除，不能一次删除,53,48,1
华为运动,华为运动,10010000012511,10010000012511,login.button_icon.other,login.button_icon.other,成功登录应用进入首页，点击血糖模块的记录按钮，见截图1,27,25,1
华为运动,华为运动,10010000012528,10010000012528,run_walk.page_view.other,run_walk.page_view.other,点击启动运动健康，进入首页，点击窗口上方的“我的”选项卡,28,24,1
华为运动,华为运动,10010000012536,10010000012536,login.other.other,login.other.other,手机号登录,5,5,1
华为运动,华为运动,10010000012549,10010000012549,settings.page_view.other,settings.page_view.other,个性设置的时候，设置生日，选择月份的时候，一个不小心滑过了，直接到下一月份，或者是在选择年份的时候，而不会从头再来。,58,51,1
华为运动,华为运动,10010000012583,10010000012583,other.page_view.other,other.page_view.other,首页,2,2,1
华为运动,华为运动,10010000012617,10010000012617,settings.page_view.cannot_or_fail,settings.page_view.cannot_or_fail,在我的里面设置个人信息，设置身高时，会出现一个上下滑动选择的控件，这个控件只能上下滑动，不能进行点击操作，非常不方便，用户体验差！！,66,58,1
华为运动,华为运动,10010000012618,10010000012618,settings.page_view.no_prompt,settings.page_view.no_prompt,设置体重的时候，日期设置为当前时间的前一年的前一天，点击保存，没有提示当前时间过早，进入记录查看，没有显示添加的记录。,59,53,1
华为运动,华为运动,10010000012626,10010000012626,message_send.other.other,message_send.other.other,长按发送内容弹出转发和删除，更多，复制几个功能，点击更多后，依然还是转发和删除,39,35,1
华为运动,华为运动,10010000012657,10010000012657,settings.other.other,settings.other.other,在我的，目标当中，修改目标，不点击保存退出，系统不会提示是否保存。,33,28,1
华为运动,华为运动,10010000012661,10010000012661,settings.page_view.other,settings.page_view.other,编辑计划名称时，设置输入的字符长度过长，修改完之后，界面不是很美观,33,30,1
华为运动,华为运动,10010000012331,10010000012331,settings.button_icon.cannot_or_fail,settings.button_icon.cannot_or_fail,"设定比赛目标:在设定比赛目标时 ""正在准备比赛按钮""显示灰色，让人以为不能点击，应该在旁边设定一个提示""关",53,46,1
华为运动,华为运动,10010000012369,10010000012369,message_send.list_item.other,message_send.list_item.other,已被清除的聊天记录可以反复进行清空。应给出提示信息，聊天信息已删除，不要可以反复进行聊天信息删除，用户体验不好,55,51,1
华为运动,华为运动,10010000012382,10010000012382,other.image_banner.other,other.image_banner.other,在”发现“功能中仅有一张图片，内容较少，比较单一，建议改为多图流动形式,35,30,1
华为运动,华为运动,10010000012408,10010000012408,other.list_item.other,other.list_item.other,没有记录的数据显示默认的图形，容易误导用户。,22,20,1
华为运动,华为运动,10010000012413,10010000012413,other.page_view.layout_issue,other.page_view.layout_issue,"在""发现""tab中，上层的滑动广告中，布局无法将两张广告图片的信息完整显示。",38,33,1
华为运动,华为运动,10010000012439,10010000012439,step_count.page_view.other,step_count.page_view.other,在首页点击步数，进入步数页面，显示步数，点击空白处，步数就会消失，在热量页面也是这种现象。影响用户体验,51,45,1
华为运动,华为运动,10010000012441,10010000012441,other.other.other,other.other.other,建议将“菜鸟”改为“新手”等不含贬义字眼的词汇,23,19,0
华为运动,华为运动,10010000012455,10010000012455,other.button_icon.other,other.button_icon.other,在用户好友界面，点击好友出现详细资料界面，好友资料并不详细，点击头像出现的仅是圆形小图标，不是头像大图。,52,47,1
华为运动,华为运动,10010000012457,10010000012457,step_count.list_item.other,step_count.list_item.other,最上面记录步行步数，运动处运动类型有可以选择步行，功能重复多余,31,29,1
华为运动,华为运动,10010000012472,10010000012472,login.page_view.other,login.page_view.other,成功登录并进入应用首页，未发现睡眠模块的记录功能，只有查看详情功能，见截图1,38,35,1
华为运动,华为运动,10010000012473,10010000012473,step_count.page_view.other,step_count.page_view.other,首页中，步数下方的8/60分钟含义不清楚，完全没向用户显示出锁代表含义,35,32,1
华为运动,华为运动,10010000012485,10010000012485,run_walk.page_view.other,run_walk.page_view.other,首页中的每天运动记录柱状高度应该表示的为每天的运动量大小，然而，未来几天还没有测，显示出的柱状图界面容易对用户造成误解,59,56,1
华为运动,华为运动,10010000012488,10010000012488,message_send.page_view.cannot_or_fail,message_send.page_view.cannot_or_fail,添加好友后，添加好友群，若所有好友刚开始均为设置用户头像，均为系统默认头像，在群里进行聊天，显示的均为默认头像，多个人聊天时无法确认身…,68,61,1
华为运动,华为运动,10010000012537,10010000012537,run_walk.other.other,run_walk.other.other,当开始跑步和停止跑步时的系统提示音太大，出乎意料的就响了，给用户造成极大的不满，甚至吓一跳！！！用户体验极为不好！！,58,50,1
华为运动,华为运动,10010000012544,10010000012544,other.button_icon.other,other.button_icon.other,在发现页面，选择活动按钮，进入活动页面后，一些已经结束的活动仍然存在，如果用户没有看到活动已结束的话，就会点进去查看活动的详细信息，浪…,68,61,1
华为运动,华为运动,10010000012550,10010000012550,search.other.cannot_or_fail,search.other.cannot_or_fail,没有搜索功能，用户无法搜索想要的内容,18,17,1
华为运动,华为运动,10010000012555,10010000012555,other.page_view.other,other.page_view.other,首页上标识的一些信息解释的不够清楚，如热量没有单位,25,24,1
华为运动,华为运动,10010000012558,10010000012558,step_count.step.other,step_count.step.other,地图不是很清楚，没有0.5公里播报的功能。一般运动类app都有语音提示用户此时已经运动的距离和步数，使用户可以对自己所运动的情况有一个…,68,63,1
华为运动,华为运动,10010000012560,10010000012560,other.other.other,other.other.other,建议增加自己能给自己点赞的功能,15,15,1
华为运动,华为运动,10010000012565,10010000012565,notification.page_view.other,notification.page_view.other,"在从""我的""页面进入到通知",13,11,1
华为运动,华为运动,10010000012596,10010000012596,step_count.page_view.cannot_or_fail,step_count.page_view.cannot_or_fail,在步数详细界面，无法导出详细的运动数据,19,18,1
华为运动,华为运动,10010000012602,10010000012602,other.other.other,other.other.other,标题栏推荐活动中，只推荐了2个活动，但是活动中有4个活动在进行中,32,30,1
华为运动,华为运动,10010000012629,10010000012629,search.page_view.cannot_or_fail,search.page_view.cannot_or_fail,发现_活动页面，无法进行活动搜索，只能选择推荐的活动,26,23,1
华为运动,华为运动,10010000012633,10010000012633,other.other.cannot_or_fail,other.other.cannot_or_fail,没有体重和周的月曲线图，而且不能动态查询，比较不方便。,27,24,1
华为运动,华为运动,10010000012636,10010000012636,other.other.other,other.other.other,用户可以不设定昵称，这样在查看排行榜时，根本分不清谁是谁，很不方便。,34,30,1
华为运动,华为运动,10010000012637,10010000012637,other.page_view.other,other.page_view.other,"发现_活动页面，刷新，滑动页面至底部，没有相关提示如""已经到底啦",32,27,1
华为运动,华为运动,10010000012639,10010000012639,other.page_view.other,other.page_view.other,发现页面没有合理利用，页面底部还可以添加其他标签信息,26,25,1
华为运动,华为运动,10010000012646,10010000012646,search.page_view.cannot_or_fail,search.page_view.cannot_or_fail,发现页面不能进行相关训练搜索，作为初学者，应该预防不合理锻炼对身体造成的伤害，可以进行相关训练视频的推荐进行下载，可以查看对此视频的评…,68,63,1
华为运动,华为运动,10010000012649,10010000012649,sort.other.cannot_or_fail,sort.other.cannot_or_fail,无法按照日期先后排序而是按添加顺序排序,19,19,1
华为运动,华为运动,10010000012651,10010000012651,other.other.other,other.other.other,睡眠功能没有任何提示信息，不知道如何去用，数据无显示,26,24,1
华为运动,华为运动,10010000012655,10010000012655,other.chat.cannot_or_fail,other.chat.cannot_or_fail,在发现中的排行榜中，只能显示自己与好友的排名，而不能跟同地区，或者更大面的人的对比，功能极为不完整！！！无法得到与别人的对比！！！,65,55,1
华为运动,华为运动,10010000012662,10010000012662,run_walk.other.cannot_or_fail,run_walk.other.cannot_or_fail,只能看到整体的运动情况，不能看到我每天的运动情况，对很多用户不方便。,34,31,1
华为运动,华为运动,10010000012667,10010000012667,other.other.other,other.other.other,在我的卡卡中，只能获得卡卡后才能知道卡卡的具体情况，这个用户极为反感，在不知情的情况下就去进行获得是不情愿的，用户体验极差！！！！,65,57,1
华为运动,华为运动,10010000012668,10010000012668,other.page_view.other,other.page_view.other,发现页面，没有对健身用户的饮食进行定制功能，可以在此页面添加训练和饮食的子功能,39,37,1
华为运动,华为运动,10010000012669,10010000012669,message_send.chat.no_prompt,message_send.chat.no_prompt,消息中心无提示，不知道是没有消息还是有问题，应该给用户个提示，这样，用户才不会白等,41,37,1
华为运动,华为运动,10010000012671,10010000012671,run_walk.list_item.other,run_walk.list_item.other,没有对个人运动记录，好友数进行显示,17,16,1
华为运动,华为运动,10010000012681,10010000012681,run_walk.list_item.cannot_or_fail,run_walk.list_item.cannot_or_fail,无法收藏发现里面自己运动结果好的运动记录,20,20,1
华为运动,华为运动,10010000012395,10010000012395,groupchat.page_view.other,groupchat.page_view.other,图一群聊信息界面我的昵称应变成刘，但图二返回群聊信息界面仍显示为我以前的昵称Sunny，修改我的昵称功能没有实现,56,54,1
华为运动,华为运动,10010000012553,10010000012553,run_walk.page_view.other,run_walk.page_view.other,在我的界面点击头像，进入后修改昵称，修改完成后直接关闭运动健康，再次打开运动健康，进入 我的 界面，显示的昵称仍然是修改前的昵称。,65,57,1
华为运动,华为运动,10010000012597,10010000012597,other.page_view.cannot_or_fail,other.page_view.cannot_or_fail,"在""我的""界面点击用户头像不能直接进行头像更换，需要跳转到账号中心，然后再点击用户头像，跳转到个人信息才能进行头像修改，很不方便。",65,58,1
华为运动,华为运动,10010000012600,10010000012600,settings.page_view.other,settings.page_view.other,在账号中心，点击头像进去的个性设置中，设置的自己的信息，但是在我的里面点击我的信息，却是默认的信息，之前的改变并没有更新到我的信息里面。,68,62,1
华为运动,华为运动,10010000012605,10010000012605,other.other.other,other.other.other,编辑个人头像时，写的需要审核，但是未经过审核直接更改成功,28,26,1
华为运动,华为运动,10010000012628,10010000012628,other.button_icon.other,other.button_icon.other,在我的页面，还有个头像点击的按钮能跳转到另一个我的页面，这两个页面极为相似，在设计页面时，考虑不周到，可以将两个页面合二为一！！！,65,57,1
华为运动,华为运动,10010000012634,10010000012634,run_walk.page_view.other,run_walk.page_view.other,在我的界面点击头像，进入后修改头像，随后关闭运动健康，再次打开运动健康，进入我的界面，头像仍然是修改前的头像。,55,49,1
华为运动,华为运动,10010000012647,10010000012647,settings.page_view.layout_issue,settings.page_view.layout_issue,在我的页面，修改个人信息的页面中，在设置中又包含一个设置，而且是直接显示出来，显得页面不美观。繁琐。页面布局存在严重的缺陷！！！,64,55,1
华为运动,华为运动,10010000012407,10010000012407,settings.page_view.other,settings.page_view.other,我在发现页面里进入表项，选择目标，体重竟然可以选择0，而当用户选择了0之后保存，结果又变成了60,48,44,1
华为运动,华为运动,10010000012428,10010000012428,settings.page_view.other,settings.page_view.other,设置体重的时候应该设置为0公斤，保存当前目标，再次查看我的目标，体重目标变成60公斤。,43,39,1
华为运动,华为运动,10010000012480,10010000012480,other.list_item.other,other.list_item.other,图一将体重记录应为40公斤，图二但显示为50.6公斤,26,24,1
华为运动,华为运动,10010000012498,10010000012498,step_count.page_view.other,step_count.page_view.other,在跑步的时候，用户跑步的公里数不给于显示，但是在结束运动返回到首页的时候却有步数的显示，前后不一致，,50,46,1
华为运动,华为运动,10010000012514,10010000012514,run_walk.page_view.other,run_walk.page_view.other,"在从跑步页面返回到主页面并且用户有运动量后，在运动模块依旧显示""暂无数据，开始跑步吧""。",44,39,1
华为运动,华为运动,10010000012516,10010000012516,step_count.step.other,step_count.step.other,我的成绩单里的步数与实际运动后显示的步数不一致,23,23,1
华为运动,华为运动,10010000012525,10010000012525,other.page_view.other,other.page_view.other,进入我的页面，查看我的成绩单栏目的成绩信息，与首页中的成绩信息不一致。,35,32,1
华为运动,华为运动,10010000012548,10010000012548,share.page_view.other,share.page_view.other,点击查看排行榜，自己出现了两次，步数是一样的，点击分享，观察到自己的好友有两位，点击我的好友，界面显示我的好友只有一位,59,53,1
华为运动,华为运动,10010000012564,10010000012564,run_walk.list_item.other,run_walk.list_item.other,我只运动了一次，然而在排行榜中与偶两条记录，并且，皇冠显示在了第二条上,35,32,1
华为运动,华为运动,10010000012567,10010000012567,notification.page_view.other,notification.page_view.other,在用户进入app时、个人信息自动修改为默认值，根据BEE能量代谢表达式，但是一个女性用户与男性用户差距过大，在未提醒修改个人信息的情况…,68,63,1
华为运动,华为运动,10010000012573,10010000012573,other.list_item.other,other.list_item.other,当距离小于移动力显示不计入统计，但是记录中仍然有记录,26,25,1
华为运动,华为运动,10010000012584,10010000012584,run_walk.list_item.wrong_value,run_walk.list_item.wrong_value,进行了两次运动，但是记录的先后顺序错误,19,18,1
华为运动,华为运动,10010000012598,10010000012598,other.step.wrong_value,other.step.wrong_value,我的成绩单，信息查看，累计距离不正确,18,16,1
华为运动,华为运动,10010000012599,10010000012599,other.chat.other,other.chat.other,没有好友，然而显示出战胜1.22%的人,19,16,1
华为运动,华为运动,10010000012606,10010000012606,step_count.page_view.other,step_count.page_view.other,首页_排行_排行榜，显示我今日运动步数，不过在首页运动中仍旧没有显示,34,30,1
华为运动,华为运动,10010000012611,10010000012611,other.page_view.other,other.page_view.other,进入“我的”首页,8,6,1
华为运动,华为运动,10010000012619,10010000012619,other.step.other,other.step.other,测试时间是12.10，但是数据多出了一个12.09的数据,28,25,1
华为运动,华为运动,10010000012624,10010000012624,run_walk.other.other,run_walk.other.other,在测试app时，运动情况的统计的月度统计应该是1,24,23,1
华为运动,华为运动,10010000012638,10010000012638,other.page_view.cannot_or_fail,other.page_view.cannot_or_fail,在我的成绩单中，一个页面显示最近一周战胜为0.00%，而在点开我的成绩单页面后，显示为战胜了0.28%的人，这是性能不准确，无法实时传…,68,58,1
华为运动,华为运动,10010000012654,10010000012654,other.step.wrong_value,other.step.wrong_value,年统计的总卡路里不正确，计算出来应该是1981千卡，但是显示的总卡路里是56480千卡。,44,41,1
华为运动,华为运动,10010000012435,10010000012435,other.page_view.other,other.page_view.other,在发现界面的好友里点扫一扫，偶尔会出现相机出现故障，退出的情况,31,29,1
华为运动,华为运动,10010000012547,10010000012547,other.other.other,other.other.other,问题描述:发现,7,6,1
华为运动,华为运动,10010000012562,10010000012562,other.other.load_fail,other.other.load_fail,现在离线地图之后，点击已下载的离线地图，无法打开已下载的地图。,31,28,1
华为运动,华为运动,10010000012627,10010000012627,other.chat.cannot_or_fail,other.chat.cannot_or_fail,问题描述:使用二维码添加好友开启相机失败,20,19,1
华为运动,华为运动,10010000012376,10010000012376,login.page_view.other,login.page_view.other,成功登录应用进入首页，点击首页上方导航栏“我的”进入“我的”界面，点击个人头像进入账户中心，见截图2,50,43,1
华为运动,华为运动,10010000012489,10010000012489,other.other.other,other.other.other,账号问题，没有办法进行切换账号。,16,14,1
华为运动,华为运动,10010000012538,10010000012538,other.page_view.other,other.page_view.other,进入我的信息页面时，可以直接进入，不必输入密码，对用户的隐私安全不好,34,31,1
华为运动,华为运动,10010000012447,10010000012447,other.page_view.other,other.page_view.other,在进行操作的过程中，界面反应时间过长。,19,17,0
华为运动,华为运动,10010000012463,10010000012463,run_walk.page_view.other,run_walk.page_view.other,华为运动载入过慢，这样会导致用户的次日留存量大大下降。由于网络的原因导致页面相应很慢，上拉下滑菜单的时候不是很流畅，在测试wif开启关…,68,63,1
华为运动,华为运动,10010000012467,10010000012467,other.page_view.other,other.page_view.other,点击进入发现页面，进入活动栏。点击后出一直转圈，大约5秒左右，进入后再次点击进入各项活动，也是类似现象。形象用户体验。,59,52,1
华为运动,华为运动,10010000012492,10010000012492,other.page_view.other,other.page_view.other,在我的页面点击头像进入帐号中心，再点击头像查看个人信息。发现个人信息又出现转圈卡屏现象，尝试多次，发现是偶尔出现。影响用户体验。,64,58,1
华为运动,华为运动,10010000012504,10010000012504,other.page_view.load_fail,other.page_view.load_fail,当在发现页面，点击活动时，跳转时间太长，用户体验极为不佳！！！影响用户的使用情绪，下意识以为这个页面打不开！！！,56,46,1
华为运动,华为运动,10010000012508,10010000012508,run_walk.step.other,run_walk.step.other,运动类APP 一般背景色采用黑色，这种颜色为手机最为省电的模式，也在一定程度上缓解了用户手机电量问题。对于长距离跑步，对于手机电量的需…,68,62,1
华为运动,华为运动,10010000012578,10010000012578,other.other.other,other.other.other,在测试app的时候，当app在后台运行，所占用内存太多，一定程度影响了用户使用其他app的效果和体验，导致手机速度变得卡慢。属于性能不…,68,62,1
华为运动,华为运动,10010000012676,10010000012676,other.button_icon.other,other.button_icon.other,在我的页面，点击我的信息。查看个人信息，然后查看完了，点击返回按钮。按钮不灵敏，点击多次才能返回。影响用户体验。,56,48,1
华为运动,华为运动,10010000012505,10010000012505,settings.page_view.other,settings.page_view.other,从我的页面中的设置路径进入设置页面，点击检查更新，提示当前是最新版本，但是从我的页面中的账号中心进入，点击设置，点击检查更新提示有最新版本。,70,64,1
华为运动,华为运动,10010000012594,10010000012594,settings.page_view.other,settings.page_view.other,当前不是最新版本，但是设置中检查更新，显示已为最新版,26,24,1
华为运动,华为运动,10010000012426,10010000012426,register.page_view.crash,register.page_view.crash,注册完毕之后，应用直接退出，没有进入应用的主页面。并且再次点击进入的时候，也会闪退。,42,37,1
华为运动,华为运动,10010000012442,10010000012442,login.other.other,login.other.other,成功登录应用，在手机显示的11点14分左右并未对手机进行任何操作，但是应用显示了下线通知，见截图1,49,46,1
华为运动,华为运动,10010000012460,10010000012460,other.page_view.other,other.page_view.other,点击发现，点击我的好友，中间home键回到主界面。再点进去发现，自动跳到了发现界面。,42,37,1
华为运动,华为运动,10010000012482,10010000012482,other.page_view.other,other.page_view.other,"点击tab""我的""，""我的卡卡""，去抽奖，抽奖页面无规则频率出现加载不出正常抽奖页面。",43,35,1
沪江英语,沪江英语,10010000012067,10010000012067,share.page_view.cannot_share,share.page_view.cannot_share,在课程页面选择英语，进入后设置自己的要求，完成后查看文章，然后点击分享，使用微信分享会提示分享中，时间过长，然后又提示分享失败，不能完…,68,60,1
沪江英语,沪江英语,10010000012093,10010000012093,share.list_item.cannot_share,share.list_item.cannot_share,在HTC ONE (安卓5.0.2)设备上分享课程给微信好友，在已打开并登陆微信的情况下，多次尝试全部提示分享失败。,58,49,1
沪江英语,沪江英语,10010000012122,10010000012122,share.list_item.cannot_share,share.list_item.cannot_share,在HTC ONE (安卓5.0.2)上分享课程到微信朋友圈，已提前登陆并打开微信的情况下多次尝试均提示失败。,54,46,1
沪江英语,沪江英语,10010000012131,10010000012131,step_count.other.other,step_count.other.other,设计步骤：,5,4,1
沪江英语,沪江英语,10010000012140,10010000012140,other.page_view.other,other.page_view.other,进入英语界面,6,6,1
沪江英语,沪江英语,10010000012174,10010000012174,share.list_item.other,share.list_item.other,问题描述:已添加课程分享到微信提示没有安装客户端（分享到朋友圈也出现相同情况）,39,36,1
沪江英语,沪江英语,10010000012191,10010000012191,share.list_item.cannot_share,share.list_item.cannot_share,进行课程分享时，微信课程分享失败,16,15,1
沪江英语,沪江英语,10010000012213,10010000012213,share.list_item.cannot_share,share.list_item.cannot_share,问题描述:分享课程到微博失败,14,13,1
沪江英语,沪江英语,10010000012214,10010000012214,share.share_panel.other,share.share_panel.other,用户分享个人学习情况时，分享到微信、朋友圈、qq均不成功。,29,25,1
沪江英语,沪江英语,10010000012557,10010000012557,other.other.cannot_input,other.other.cannot_input,整个软件的输入法无法启动，无法输入数据,19,18,1
沪江英语,沪江英语,10010000012127,10010000012127,playback.list_item.other,playback.list_item.other,英语课程>查看更多，点击右上角类型选择听力或泛听，进入课程学习，发现进入课程后获取不到数据，用户进行不了听力学习。,57,51,1
沪江英语,沪江英语,10010000012299,10010000012299,course.page_view.cannot_or_fail,course.page_view.cannot_or_fail,英语课程中泛听类型课程，点击进去课程，页面不能加载,25,23,1
沪江英语,沪江英语,10010000012302,10010000012302,course.button_icon.other,course.button_icon.other,英语课程中泛听课程进去页面后，各按钮功能没有实现,24,23,1
沪江英语,沪江英语,10010000012012,10010000012012,register.page_view.cannot_or_fail,register.page_view.cannot_or_fail,进入注册页面选择其他方式注册，当使用微信注册时，会出现一直转圈的现象，然后圈圈消失，无法进行微信注册。功能不完整。,57,51,1
沪江英语,沪江英语,10010000012016,10010000012016,register.page_view.cannot_or_fail,register.page_view.cannot_or_fail,在注册页面选择其他方式注册，使用QQ注册时，先出现转圈卡屏的现象，然后显示“注册失败”字样，不能使用QQ完成注册。属于功能不完整的Bu…,68,60,1
沪江英语,沪江英语,10010000012017,10010000012017,register.page_view.crash,register.page_view.crash,当手机号码已经注册后，想起用第三方登录，第三方登录中点击微信登陆不能使用，只会弹出一个界面然后闪退这个界面，回到第三方登录界面。,64,59,1
沪江英语,沪江英语,10010000012020,10010000012020,login.page_view.cannot_or_fail,login.page_view.cannot_or_fail,用户使用第三方登录，不容易发现登录界面，用户体验差，并且多次点击都无反应，或者反应迟缓，功能缺陷明显。,51,45,1
沪江英语,沪江英语,10010000012037,10010000012037,login.other.cannot_or_fail,login.other.cannot_or_fail,利用第三方登录中QQ登录时不能正常登录，会产生登录失败提示，告诉用户这不是正版QQ。用户体验非常差。,50,46,1
沪江英语,沪江英语,10010000012043,10010000012043,register.page_view.crash,register.page_view.crash,用户使用第三方登录，使用微信登录直接闪退回到注册页面，qq、微博注册均不成功。,39,35,1
沪江英语,沪江英语,10010000012060,10010000012060,other.other.other,other.other.other,环境切换之后，导致登陆异常（加载超时）。,20,16,1
沪江英语,沪江英语,10010000012094,10010000012094,register.button_icon.crash,register.button_icon.crash,在用户登录界面，用户使用邮箱注册后没有邮箱登录按钮，第三方登录，微博闪退，qq、微博登录未成功，功能不完整。,54,47,1
沪江英语,沪江英语,10010000012097,10010000012097,register.other.wrong_value,register.other.wrong_value,其他注册方式中选择QQ，提示非官方正版应用，要去应用宝下载，错误代码（100044）,42,37,1
沪江英语,沪江英语,10010000012101,10010000012101,register.page_view.permission,register.page_view.permission,其他 注册方式选择微信，一闪没有进入微信的授权界面,25,23,1
沪江英语,沪江英语,10010000012102,10010000012102,register.share_panel.other,register.share_panel.other,其他注册方式选择微博，选择之后，微博停止运行,22,20,1
沪江英语,沪江英语,10010000012141,10010000012141,login.page_view.cannot_or_fail,login.page_view.cannot_or_fail,第三方qq登录，一直在登录中，然后直接返回普通登录界面，登录失败,32,29,1
沪江英语,沪江英语,10010000012165,10010000012165,login.other.cannot_or_fail,login.other.cannot_or_fail,qq登录失败，在用户名和密码正确时，使得用户想使用qq登录时不能成功,34,32,1
沪江英语,沪江英语,10010000012177,10010000012177,login.share_panel.cannot_or_fail,login.share_panel.cannot_or_fail,微博登录时，显示文件不存在，不能登录成功,20,18,1
沪江英语,沪江英语,10010000012181,10010000012181,login.other.cannot_or_fail,login.other.cannot_or_fail,使用qq登录沪江英语时提示登入失败，提示应用非官方正式版,28,27,1
沪江英语,沪江英语,10010000012186,10010000012186,login.other.cannot_or_fail,login.other.cannot_or_fail,使用微信登录时直接提示登入失败,15,15,1
沪江英语,沪江英语,10010000012230,10010000012230,login.other.cannot_or_fail,login.other.cannot_or_fail,社交账号登录失败，影响用户使用,15,14,1
沪江英语,沪江英语,10010000012240,10010000012240,login.page_view.cannot_or_fail,login.page_view.cannot_or_fail,问题描述:登录界面使用第三方账号登录都失败,21,20,1
沪江英语,沪江英语,10010000012325,10010000012325,register.share_panel.permission,register.share_panel.permission,用户使用qq、微信、微博是没法授权登陆的，只能选择注册登陆，或者直接登陆（我有账号的情况下），属于功能不完整。,55,47,1
沪江英语,沪江英语,10010000012160,10010000012160,course.list_item.cannot_or_fail,course.list_item.cannot_or_fail,对于听写类型的课程无法进行评论。,16,15,1
沪江英语,沪江英语,10010000012107,10010000012107,course.page_view.other,course.page_view.other,下拉框的课程，和英语页面的主页重复,17,16,1
沪江英语,沪江英语,10010000012015,10010000012015,course.list_item.cannot_or_fail,course.list_item.cannot_or_fail,在网络稳定且手机状态正常的情况下，课程不能正常使用，图片不能正常加载。,35,32,1
沪江英语,沪江英语,10010000012085,10010000012085,sort.page_view.other,sort.page_view.other,进入英语界面之后，默认人气排序点击全部英语，难度选择高级，类型选择听写。此时可以发现类表中只有三个选择项。,53,48,1
沪江英语,沪江英语,10010000012091,10010000012091,course.list_item.other,course.list_item.other,刚才操作时，网络不佳，但是再刷新时若是因为网络原因刷新不出来课程,32,30,1
沪江英语,沪江英语,10010000012204,10010000012204,course.list_item.load_fail,course.list_item.load_fail,在wifi、4G网络下课程无法加载,17,16,1
沪江英语,沪江英语,10010000012295,10010000012295,playback.audio.wrong_value,playback.audio.wrong_value,体验不够流畅，加载速度比较慢，在网络畅通的情况下经常出现加载错误的情况。但是自身网络良好，导致经常需要刷新才可以完成听力的情况。属于性…,68,62,1
沪江英语,沪江英语,10010000011993,10010000011993,other.other.other,other.other.other,点击评价从到大小，评价值应该由大到小排列，但没有实现该功能,29,27,1
沪江英语,沪江英语,10010000012025,10010000012025,login.page_view.other,login.page_view.other,成功登录应用后，进入课程页面，见截图1,19,17,1
沪江英语,沪江英语,10010000012056,10010000012056,course.list_item.cannot_or_fail,course.list_item.cannot_or_fail,有按时间排序的选项，但是课程介绍却没有关于时间的信息，无法让用户知晓,34,32,1
沪江英语,沪江英语,10010000012061,10010000012061,login.button_icon.other,login.button_icon.other,成功登录并进入英语课程界面，点击评价降序图标后查看课程并没有按照评价数降序排序，见截图2,44,42,1
沪江英语,沪江英语,10010000012065,10010000012065,login.button_icon.other,login.button_icon.other,成功登录应用，进入英语课程界面，点击该界面右下角的时间降序排序图标，可看到英语课程界面的所有课程按照上传时间降序排序，或者进入课程详情…,68,63,1
沪江英语,沪江英语,10010000012069,10010000012069,sort.list_item.other,sort.list_item.other,在按人气或评论排序时，排序结果混乱。,18,16,1
沪江英语,沪江英语,10010000012071,10010000012071,course.list_item.other,course.list_item.other,人气排序:在所有课程里面点击下面的人气排序安扭，并没有安人气进行降序排序，好无规律,41,38,1
沪江英语,沪江英语,10010000012072,10010000012072,course.page_view.other,course.page_view.other,英语课程界面按人气排序，按评价排序和按时间排序都语法选择是递增排序或递减排序。,39,37,1
沪江英语,沪江英语,10010000012076,10010000012076,sort.list_item.other,sort.list_item.other,评价排序:当在列表下面点击评价排序时，并没按照评价高低进行排序，毫无规律,36,33,1
沪江英语,沪江英语,10010000012082,10010000012082,sort.step.cannot_or_fail,sort.step.cannot_or_fail,时间排序:当点击时间排序安扭时，无法看到任何有关时间的文本，根本不知道他是安装什么时间排序的。,47,43,1
沪江英语,沪江英语,10010000012098,10010000012098,course.list_item.other,course.list_item.other,课程，查看更多，点击底部排序功能，人气和评价倒序排列功能未实现，人气，评论高的课程未排至前位。,47,41,1
沪江英语,沪江英语,10010000012099,10010000012099,course.page_view.other,course.page_view.other,进入英语课程界面，选择高级，点击评价，英语课程应该按照评价从高到低进行排序，但是出现评价高的出现在评价低的后面。,56,51,1
沪江英语,沪江英语,10010000012104,10010000012104,course.page_view.other,course.page_view.other,进入英语课程页面，点击人气，课程应该按照人气进行排名，但是出现人气低的出现在人气高的前面。,45,41,1
沪江英语,沪江英语,10010000012108,10010000012108,course.page_view.cannot_or_fail,course.page_view.cannot_or_fail,进入英语课程界面后，用户筛选要进入的相关推荐中，右下方的按人气，评价，时间竟然都不能反转排序。从低到高排序无法实现,57,52,1
沪江英语,沪江英语,10010000012115,10010000012115,login.page_view.wrong_value,login.page_view.wrong_value,成功登录应用进入英语课程界面，选择人气降序以及难度为初级的课程，查看选择结果显示为初级课程，但是并没有按照人气降序排序，见截图2,64,60,1
沪江英语,沪江英语,10010000012121,10010000012121,login.page_view.wrong_value,login.page_view.wrong_value,成功登录应用进入英语课程界面，选择人气降序、难度为初级和类型为泛听的课程，查看选择结果显示为初级、类型为泛听的课程，但是并没有按照人气…,68,62,1
沪江英语,沪江英语,10010000012124,10010000012124,sort.step.display_missing,sort.step.display_missing,排序功能不正确，没有按照选择的选项从大到小排序，并且不可以从小到大排序，按照时间排序时也根本不显示时间，无法知道真实时间。出现高评价在…,68,62,1
沪江英语,沪江英语,10010000012130,10010000012130,course.button_icon.other,course.button_icon.other,按照人气排序功能异常：点击课程，英语，进入英语页面，在右下角点击人气按钮，课程没有按照人气排序，与需求不符。,54,47,1
沪江英语,沪江英语,10010000012132,10010000012132,other.other.other,other.other.other,在英语,3,3,1
沪江英语,沪江英语,10010000012143,10010000012143,course.page_view.other,course.page_view.other,进入英语课程页面，点击评价，出现评价低的出现在评价高的前面。,30,27,1
沪江英语,沪江英语,10010000012145,10010000012145,course.button_icon.other,course.button_icon.other,按照评价排序功能异常：点击课程，英语，进入英语页面，在右下角点击评价按钮，课程没有按照评价排序，去截图，五星评价排在倒数第二位置，与需…,68,59,1
沪江英语,沪江英语,10010000012178,10010000012178,sort.other.other,sort.other.other,排序方式可以加上正反序进行排序，一个功能键完成2种功能,27,26,1
沪江英语,沪江英语,10010000012187,10010000012187,other.page_view.cannot_or_fail,other.page_view.cannot_or_fail,当进入英语界面，点击”人气“，”评价“，”时间“时，只能按照app默认的从上到下即从高人气到低人气，从好评价到差评价，从新发布到旧发布…,68,55,1
沪江英语,沪江英语,10010000012198,10010000012198,sort.other.other,sort.other.other,选择排序方式的时候，点击人气排序，最终结果并没有按照人气的高低进行排序。,36,33,1
沪江英语,沪江英语,10010000012201,10010000012201,course.list_item.other,course.list_item.other,在课程选择页，选择按人气筛选， 置顶课程非人气最高课程,27,24,1
沪江英语,沪江英语,10010000012247,10010000012247,course.button_icon.other,course.button_icon.other,进入课程页面，点击英语，点击人气按钮，发现不是按人气进行降序排列,32,29,1
沪江英语,沪江英语,10010000012250,10010000012250,course.button_icon.other,course.button_icon.other,当进入课程界面，点击评价按钮，发现没有按评价降序排列,26,24,1
沪江英语,沪江英语,10010000012283,10010000012283,sort.page_view.other,sort.page_view.other,进入英语界面的时候，清单下方虽然有人气时间评价的排序，但针对人气进行排续的时候并不是按照这些排序的。是功能不完整的情况，复现程度为必现…,68,63,1
沪江英语,沪江英语,10010000012316,10010000012316,course.page_view.cannot_or_fail,course.page_view.cannot_or_fail,在英语课程界面，按评价排序时，评价人数不足无法显示分数的课程也参与了评价，这导致少数初始分数较高的课程过只有少数几个人评价了的课程都可…,68,64,1
沪江英语,沪江英语,10010000012334,10010000012334,course.page_view.other,course.page_view.other,在英语课程界面，按人气排序时，并非按照学习人数排序，也不是按照评价人数排序。排序方式不明。,45,40,1
沪江英语,沪江英语,10010000012051,10010000012051,course.page_view.other,course.page_view.other,在课程页面选择英语，进入英语课程选择页面，点击右上角选择类别为名人传记的英语类别，显示与名人传记不相关的类别。,55,51,1
沪江英语,沪江英语,10010000012154,10010000012154,playback.button_icon.other,playback.button_icon.other,按照人气排序功能异常：点击课程，英语，进入英语页面，在左上角点击类别按钮，课程没有按照类别正确筛选，如截图4左上角选择的类别为考研锦囊…,68,61,1
沪江英语,沪江英语,10010000012176,10010000012176,course.list_item.other,course.list_item.other,点击课程,4,4,1
沪江英语,沪江英语,10010000012189,10010000012189,other.other.layout_issue,other.other.layout_issue,在 新闻分类中，voa news和新闻综合有重叠节目,26,23,1
沪江英语,沪江英语,10010000012202,10010000012202,other.other.other,other.other.other,在品牌英语中，赖世雄品牌出现了常春藤英语,20,19,1
沪江英语,沪江英语,10010000012211,10010000012211,other.other.other,other.other.other,在英语考试中，考验锦囊中没有包含考验相关，,21,19,1
沪江英语,沪江英语,10010000012218,10010000012218,other.other.other,other.other.other,在英语考试中,6,6,1
沪江英语,沪江英语,10010000012221,10010000012221,other.other.other,other.other.other,在文学著作中,6,6,1
沪江英语,沪江英语,10010000012224,10010000012224,other.other.other,other.other.other,在，文学著作中,7,6,1
沪江英语,沪江英语,10010000012228,10010000012228,other.other.other,other.other.other,在实用英语中，出现了飞鸟集这种诗歌。,18,16,0
沪江英语,沪江英语,10010000012670,10010000012670,register.other.cannot_input,register.other.cannot_input,试用登录后，点击注册，无法输入手机号,18,16,1
沪江英语,沪江英语,10010000012171,10010000012171,course.list_item.other,course.list_item.other,课程难度筛选中，初中级中，出现了初级课程,20,18,1
沪江英语,沪江英语,10010000012038,10010000012038,login.other.other,login.other.other,刚登录上去，还未做任何任务，显示签到一天。,21,18,0
沪江英语,沪江英语,10010000011977,10010000011977,other.other.crash,other.other.crash,当第一次进去应用时，当我点击英语后，推荐给我的兴趣全选，然后点击跳过，直接闪退,39,35,1
沪江英语,沪江英语,10010000012005,10010000012005,login.button_icon.crash,login.button_icon.crash,点击沪江英语登录按钮，小概率出现闪退情况。,21,19,1
沪江英语,沪江英语,10010000012006,10010000012006,other.other.crash,other.other.crash,打开图库查看Bug截图，沪江英语app出现闪退现象，手机自动存了该日志。,36,33,1
沪江英语,沪江英语,10010000012027,10010000012027,settings.page_view.crash,settings.page_view.crash,在引导页中，设置”想学哪门语言呢？“出现小概率闪退情况。,28,23,1
沪江英语,沪江英语,10010000012242,10010000012242,register.page_view.crash,register.page_view.crash,在首页面进行注册的时候，通过邮箱和手机分别注册测试，注册成功显示设置用户名界面时，界面无响应，并显示，闪退后将缓存存到某目录下。此BU…,68,61,1
沪江英语,沪江英语,10010000012105,10010000012105,course.list_item.other,course.list_item.other,没有查询功能，当课程较多时，对用户很不方便,21,19,1
沪江英语,沪江英语,10010000012163,10010000012163,search.other.other,search.other.other,关键字搜索，搜索到的内容不符合用户需求，模糊搜索不准确。,28,25,1
沪江英语,沪江英语,10010000012200,10010000012200,search.page_view.cannot_or_fail,search.page_view.cannot_or_fail,在课程页面最上面一栏搜索自己想要的课程，系统不能根据用户输入的信息自动弹出匹配推荐。,42,40,1
沪江英语,沪江英语,10010000012219,10010000012219,search.page_view.cannot_or_fail,search.page_view.cannot_or_fail,在英语页面中，没有搜索框，给用户的体验极为不佳，当用户有准确的学习方向，而不能直接搜索想要学习的方向，还只是进行选择，用户体验极为不佳。,68,61,1
沪江英语,沪江英语,10010000012246,10010000012246,search.page_view.other,search.page_view.other,用户在得知某一位老师课程讲述符合自己的要求时，自己在英语界面，没有搜索功能不易找到所需课程用户体验差,50,48,1
沪江英语,沪江英语,10010000012279,10010000012279,course.list_item.other,course.list_item.other,英语课程列表建议增加在顶部下滑刷新课程功能,21,21,1
沪江英语,沪江英语,10010000011996,10010000011996,other.input_box.wrong_value,other.input_box.wrong_value,验证码输入错误时，离开输入框，没有标红提示。,22,19,1
沪江英语,沪江英语,10010000011997,10010000011997,other.input_box.wrong_value,other.input_box.wrong_value,验证码输入错误时，离开输入框，没有标红提示。,22,19,1
沪江英语,沪江英语,10010000011999,10010000011999,register.other.no_prompt,register.other.no_prompt,进行注册时，输入验证码没有提示不区分大小写。,22,20,1
沪江英语,沪江英语,10010000012190,10010000012190,other.image_banner.wrong_value,other.image_banner.wrong_value,验证码错误时，提交后提示，出现新的验证码图片但是不清空上一次输入的验证码，也无法一键清空，很麻烦,48,44,1
沪江英语,沪江英语,10010000012229,10010000012229,register.input_box.wrong_value,register.input_box.wrong_value,用户注册时，填写合法的手机号，图片验证码输入框出现，当输入错误的验证码时，没有提示，要等密码输入合法，点注册才提示验证码输入错误，用输…,68,60,1
沪江英语,沪江英语,10010000012147,10010000012147,other.other.cannot_or_fail,other.other.cannot_or_fail,无法对别人的评价进行恢复或提问，对用户是个不好的体验,26,25,1
沪江英语,沪江英语,10010000012083,10010000012083,course.page_view.other,course.page_view.other,进入课程界面后，不断下拉刷新，会出现很明显的闪屏现象,26,24,1
沪江英语,沪江英语,10010000012090,10010000012090,course.page_view.other,course.page_view.other,进入课程标签页面，下拉刷新，发现上部的图片轮番会出现抖动，短暂的空白（不明显，但是，会抖动）,46,39,1
沪江英语,沪江英语,10010000012158,10010000012158,course.page_view.other,course.page_view.other,在用户刷新课程界面时，上方滑动图片闪动，下方内容并没有修改,29,27,1
沪江英语,沪江英语,10010000011970,10010000011970,register.button_icon.other,register.button_icon.other,点击注册登陆按钮下方的，“先试用一下”标题反应时间较长,27,24,1
沪江英语,沪江英语,10010000012266,10010000012266,register.button_icon.other,register.button_icon.other,点击注册登录按钮下方的“先试用一下”标题反应时间较长,26,24,1
沪江英语,沪江英语,10010000012095,10010000012095,register.other.other,register.other.other,没有邮箱绑定和邮箱注册，但是登陆时却提示可以邮箱登陆。,27,25,1
沪江英语,沪江英语,10010000012146,10010000012146,course.list_item.other,course.list_item.other,选择课程，自己按类别选择课程和查看课程详情时，加载速度过慢,29,27,1
沪江英语,沪江英语,10010000012185,10010000012185,course.list_item.other,course.list_item.other,课程,2,2,1
沪江英语,沪江英语,10010000012196,10010000012196,other.page_view.other,other.page_view.other,选择英语界面时，进行的跳转时间过长，用户体验极为不佳。,27,24,1
沪江英语,沪江英语,10010000012179,10010000012179,login.page_view.other,login.page_view.other,手机快速登录页面，及时手机动态码超时填写也能正常登录。,27,25,1
沪江英语,沪江英语,10010000012168,10010000012168,other.other.other,other.other.other,当学习计划没有发生修改，不应该给出提示信息“修改成功”,27,24,1
沪江英语,沪江英语,10010000012031,10010000012031,register.page_view.other,register.page_view.other,在注册输入用户名点击确认后，不正常退出，一直停留在此界面。,29,26,1
沪江英语,沪江英语,10010000012042,10010000012042,login.page_view.other,login.page_view.other,登录上去应该跳转到课程首页，这里跳转到“我的”个人信息页面。,30,26,1
沪江英语,沪江英语,10010000011962,10010000011962,register.page_view.other,register.page_view.other,用户注册页面，注册用户时，没有确认密码功能。为避免注册时输错密码，建议添加确认密码功能。,44,39,1
沪江英语,沪江英语,10010000011965,10010000011965,register.page_view.other,register.page_view.other,问题描述:注册界面密码不满足条件时提示不统一,22,21,1
沪江英语,沪江英语,10010000012046,10010000012046,register.other.cannot_or_fail,register.other.cannot_or_fail,注册时输入不足要求的密码长度时，进行注册，提示不能是纯数字纯字母，与现实填写不相符，应提示密码不足以8位符号。,55,50,1
沪江英语,沪江英语,10010000012048,10010000012048,other.other.cannot_or_fail,other.other.cannot_or_fail,当输入密码时，输入两个字符会产生不对应的提示，应当提示字符不符合要求，但它提示的是不能用纯数字或者纯字母，用户体验极为不好！,62,57,1
沪江英语,沪江英语,10010000012063,10010000012063,register.other.other,register.other.other,在注册时，输入密码只要求输入一次，这样没有了再次验证的过程，用户输错密码的话就问题大了,43,40,1
沪江英语,沪江英语,10010000012100,10010000012100,login.page_view.no_prompt,login.page_view.no_prompt,设置登录密码时，可以输入纯数字，没有提示要字母和数字的混合等,30,28,1
沪江英语,沪江英语,10010000012359,10010000012359,register.other.wrong_value,register.other.wrong_value,用户在进行注册时，只让输入一遍密码，没有确认密码，此时容易输入错误，导入密码错误。,41,36,1
沪江英语,沪江英语,10010000012008,10010000012008,settings.page_view.cannot_or_fail,settings.page_view.cannot_or_fail,登陆后，在引导页中设置时无法返回上一层，对误操作的用户造成不便,31,29,1
沪江英语,沪江英语,10010000012258,10010000012258,course.list_item.other,course.list_item.other,在加入课程评价的过程中，我没有学习该课程便开始评价，这个样子很容易造成刷评价的，提高自己的评价，或者去把别人的评价等级弄低。,62,57,1
沪江英语,沪江英语,10010000012322,10010000012322,course.list_item.other,course.list_item.other,添加课程后，没有学习即可评价课程，这会导致一些刷分现象么出现。,31,28,1
沪江英语,沪江英语,10010000012330,10010000012330,course.page_view.other,course.page_view.other,安全性差：在用户没有进行课程学习的时候，也能对课程进行评价，这样容易造成恶意评价，从而导致社交系统的垃圾内容过多难以管理。此处应该设置…,68,62,1
沪江英语,沪江英语,10010000012337,10010000012337,course.list_item.crash,course.list_item.crash,安全性差：整个课程学习过程中的评价体系和评论体系，都是可以无限制进行的，也就是说不需要任何学习动作的前置，就可以进行评价和评论的动作操…,68,63,1
沪江英语,沪江英语,10010000011979,10010000011979,other.other.load_fail,other.other.load_fail,当打开应用，进入沪江英语app时会出现白屏，卡屏现象，影响使用。,32,28,1
沪江英语,沪江英语,10010000012054,10010000012054,register.share_panel.other,register.share_panel.other,邮箱注销:用邮箱注册时没有发送验证链接，随便输入一个邮箱就能注册,32,30,1
沪江英语,沪江英语,10010000012294,10010000012294,other.input_box.other,other.input_box.other,输入框空白，点击提交，提示提交成功，但是实际并没有显示个人的评价,32,29,1
沪江英语,沪江英语,10010000012341,10010000012341,other.input_box.other,other.input_box.other,输入框空白，点击提交，提示提交成功，但是实际并没有显示个人的评价,32,29,1
沪江英语,沪江英语,10010000012173,10010000012173,other.button_icon.other,other.button_icon.other,建议加上直达底部按钮，有时候数据过多，想要找到最后一项比较不方便。,33,30,1
沪江英语,沪江英语,10010000012041,10010000012041,course.list_item.other,course.list_item.other,"添加课程后选择篇数建议能循环滚动，比如1向下划到20,20向上划到1",34,32,1
沪江英语,沪江英语,10010000012148,10010000012148,register.other.crash,register.other.crash,注册成功后若不确认用户名直接退出，再登录时没有默认用户名，用户无法登录,35,33,1
沪江英语,沪江英语,10010000012004,10010000012004,login.button_icon.other,login.button_icon.other,用户体验不好，登录时用户会把焦点放在了点击登录上，容易忽视上面的小图标,35,33,1
沪江英语,沪江英语,10010000012055,10010000012055,register.page_view.layout_issue,register.page_view.layout_issue,界面当中的第三方登录提示字符太小，导致用户不能及时发现，从而进行了繁琐的注册，页面布局有缺陷，导致用户体验非常差！,57,52,1
沪江英语,沪江英语,10010000012053,10010000012053,login.other.other,login.other.other,已经登陆进去之后，他还会显示当前是试用账号，为了更好的保存信息，请先登录,36,33,1
沪江英语,沪江英语,10010000012022,10010000012022,message_send.button_icon.other,message_send.button_icon.other,没有输入邮箱，点击发送按钮，应该给出提示信息请输入邮箱，而不是请输入评论,36,33,1
沪江英语,沪江英语,10010000011988,10010000011988,register.other.other,register.other.other,进入app选择注册时，发送验证码到手机，当手机接受验证码并填写时，出现卡屏现象，不停地转圈圈，影响用户体验。,54,48,1
沪江英语,沪江英语,10010000011994,10010000011994,register.button_icon.other,register.button_icon.other,在进行用户注册的过程中，信息填写完毕后，点击注册按钮，响应时间过于长，等了一会才有反应。登录过程中也是如此。,54,48,1
沪江英语,沪江英语,10010000012024,10010000012024,register.other.other,register.other.other,注册完成后，进行登陆，登陆一直处于转圈卡屏中，大约3到5秒，影响用户体验。,37,32,1
沪江英语,沪江英语,10010000012248,10010000012248,course.list_item.other,course.list_item.other,在英语中选择一门科目进行了解时，课程介绍极为模糊，有些甚至没有课程介绍！！！,38,33,1
沪江英语,沪江英语,10010000012050,10010000012050,other.other.other,other.other.other,当用户在输入账号前，并没有验证码输入验证，但输入结束后突然下边弹出一个验证栏目,39,37,1
沪江英语,沪江英语,10010000012286,10010000012286,comment.list_item.other,comment.list_item.other,每个用户只能评论一条评论，如果有用户评论后还想再评论，也只能编辑已评论的那一条,39,37,1
沪江英语,沪江英语,10010000012216,10010000012216,course.page_view.cannot_or_fail,course.page_view.cannot_or_fail,在课程页面，不能通过左右滑动在“我的”、“课程”、“社团”三个页面直接进行切换。,40,30,1
沪江英语,沪江英语,10010000012088,10010000012088,share.button_icon.crash,share.button_icon.crash,用户忘记密码，进行忘记选择密码重置方式，点击微信按钮闪退，qq、微博功能均不能使用,41,37,1
沪江英语,沪江英语,10010000012002,10010000012002,register.other.other,register.other.other,当选择了注册时，会不经过用户同意直接发送验证码到手机，这影响了用户的使用安全问题。,41,38,1
沪江英语,沪江英语,10010000012116,10010000012116,course.page_view.other,course.page_view.other,点击课程介绍，弹出提示窗口，关闭提示窗口时没有进入相应的课程界面，而是返回到主界面,41,38,1
沪江英语,沪江英语,10010000012237,10010000012237,other.other.other,other.other.other,如图2，当把原来的”hhh“评价删除后，点击提交，提交成功，并且把原来的评价删除了,41,35,1
沪江英语,沪江英语,10010000012183,10010000012183,message_send.button_icon.wrong_value,message_send.button_icon.wrong_value,在评价课程界面输入大量表情之后，点击发送按钮，没有任何错误过成功提示，评价发送失败。,42,38,1
沪江英语,沪江英语,10010000012203,10010000012203,message_send.input_box.cannot_or_fail,message_send.input_box.cannot_or_fail,在评价课程界面，，输入框中输入大量文字之后，点击发送按钮，只有短暂加载提示，没有任何发送成功或失败的提示，并且评价最终没有发送成功。,66,59,1
沪江英语,沪江英语,10010000012152,10010000012152,login.list_item.other,login.list_item.other,选择常春藤时，第一次点击更多，已添加课程还能再添加一次，第二次点击更多，登录到浏览器,42,38,1
沪江英语,沪江英语,10010000012278,10010000012278,course.page_view.other,course.page_view.other,在英语课程页面中，点击英语类型为”少儿英语“，课程中间的英语类型没有更改，仍为”英语“,43,36,1
沪江英语,沪江英语,10010000012272,10010000012272,other.other.crash,other.other.crash,在个人信息修改中，不能修改用户头像，微信绑定闪退，新浪账户绑定，qq账号绑定均不能使用。,44,39,1
沪江英语,沪江英语,10010000012226,10010000012226,course.list_item.other,course.list_item.other,课程,2,2,1
沪江英语,沪江英语,10010000012175,10010000012175,course.input_box.other,course.input_box.other,在评价课程界面，复制已输入的表情，再粘贴到输入框之后，输入框显示的不是表情而是表情代码。,44,40,1
沪江英语,沪江英语,10010000012170,10010000012170,course.list_item.other,course.list_item.other,课程,2,2,1
沪江英语,沪江英语,10010000011963,10010000011963,course.page_view.other,course.page_view.other,进入沪江英语的课程，选择英语，选择具体某一项英语类别的时候，下数据的加载很慢，但是，获取的数据并不多，在进行人气、评价时间排序的时候，…,68,59,1
沪江英语,沪江英语,10010000012013,10010000012013,other.other.other,other.other.other,除了主要步骤的步骤1操作时刷新速度正常（如图1），步骤2和3的刷新速度都过慢（如图2和3）,45,40,1
沪江英语,沪江英语,10010000012256,10010000012256,other.other.cannot_or_fail,other.other.cannot_or_fail,app悬浮窗口，隐藏功能出现不明提示框，并且在隐藏后不能再找到重新出现，切换网络功能未实现。,46,42,1
沪江英语,沪江英语,10010000012137,10010000012137,login.page_view.other,login.page_view.other,问题描述:通过登录界面试用一下进入后用面包条中登录无效,27,26,1
沪江英语,沪江英语,10010000012270,10010000012270,login.page_view.other,login.page_view.other,没有登录的用户应该可以通过图二的登录功能进行登录。但只是消除弹出的界面，没有进入到登录界面。,46,43,1
沪江英语,沪江英语,10010000012223,10010000012223,share.share_panel.other,share.share_panel.other,用户分享到微博，空间，qq的个人学习情况，在他人点击时，并未看到，而是让 他下载，用户体验不好,47,40,1
沪江英语,沪江英语,10010000012308,10010000012308,share.list_item.other,share.list_item.other,用户进行分享某个课程时，比如分享到qq，出来的只是链接，没有一点文字叙述，比如我看见一个很好的英语课程，分享给你，使得被分享的用户不明…,68,61,1
沪江英语,沪江英语,10010000012007,10010000012007,register.page_view.other,register.page_view.other,在无网络状态下进入注册页面,13,13,1
沪江英语,沪江英语,10010000012259,10010000012259,other.other.other,other.other.other,如图1,3,3,1
沪江英语,沪江英语,10010000012335,10010000012335,course.page_view.other,course.page_view.other,用户体验差：课时学习上面的系统默认配图，连续的课程应该设置不一样的配图，否则会导致用户视觉疲劳。,48,44,1
沪江英语,沪江英语,10010000012049,10010000012049,other.other.wrong_value,other.other.wrong_value,登陆时输入错误密码，会提示用户名密码不相符，不知道是用户名错误还是密码错误，应该提示的更详细一些。,49,45,1
沪江英语,沪江英语,10010000012739,10010000012739,playback.page_view.other,playback.page_view.other,进入播放语音界面，进行播放语音时，语音进程条一直显示00，没有语音的长度，没有随着时间的变化而变化,49,45,1
沪江英语,沪江英语,10010000012215,10010000012215,course.button_icon.other,course.button_icon.other,添加课程，下方有”进入课程“按钮，返回后再次点击已添加的课程，，下方“进入”课程按钮消失，功能不统一,50,41,1
沪江英语,沪江英语,10010000012114,10010000012114,share.list_item.other,share.list_item.other,对于没有的课程推荐，应该提供跳转的链接，或者给用户手动选择的权利，或者推荐，而不是光秃秃的反馈没有结果,51,47,1
沪江英语,沪江英语,10010000012075,10010000012075,login.other.other,login.other.other,当进行第二次登录时，app给的默认用户名不是我的登录账号，输入正确密码也登录不进去！用户体验极为不好！！！,53,47,1
沪江英语,沪江英语,10010000012113,10010000012113,login.other.other,login.other.other,手机号登录,5,5,1
沪江英语,沪江英语,10010000012234,10010000012234,course.button_icon.cannot_or_fail,course.button_icon.cannot_or_fail,在评价课程界面，点赞某用户的评价之后，再次点击点赞按钮，仍然会出现加载提示，但无法再次点赞，也无法取消点赞。,54,48,1
沪江英语,沪江英语,10010000012153,10010000012153,course.list_item.other,course.list_item.other,课程,2,2,1
沪江英语,沪江英语,10010000012162,10010000012162,login.other.cannot_or_fail,login.other.cannot_or_fail,进行登录时，如果用户名或者密码没有填写，系统只是提示用户名或者密码不能为空，并没有重新聚焦到信息为空的那一栏。,55,51,1
沪江英语,沪江英语,10010000012039,10010000012039,register.button_icon.other,register.button_icon.other,正常的密码输入环节应该是手机验证码验证成功后。才由用户自己输入。而这个app竟然在点击了注册按钮之后才发送验证码,56,54,1
沪江英语,沪江英语,10010000012064,10010000012064,other.page_view.other,other.page_view.other,当点击英语进入后相关界面后。每个栏目的属性应该相同。但其中的迷你小对话等栏目并没有相关评价指数和评价,50,48,1
沪江英语,沪江英语,10010000012253,10010000012253,share.page_view.cannot_or_fail,share.page_view.cannot_or_fail,在学习时无法进行下载，收藏，分享，选择下一项，选择列表等操作，用户体验极为不好，这个界面直接没有任何作用！！！！,56,46,1
沪江英语,沪江英语,10010000012301,10010000012301,share.page_view.cannot_or_fail,share.page_view.cannot_or_fail,如果用户遇到自己喜欢的课程，想要分享给其他人，在这类界面上无法下载收藏和分享。属于功能不完整的情况，用户无法将自己的感受和喜欢的东西推…,68,63,1
沪江英语,沪江英语,10010000012192,10010000012192,course.input_box.cannot_or_fail,course.input_box.cannot_or_fail,在评价课程界面，输入框中输入大量表情之后，点击输入框右侧清除按钮，无法清除输入框中的数据，旭多次点击之后才可清除。,57,52,1
沪江英语,沪江英语,10010000012161,10010000012161,other.other.other,other.other.other,10天突破零基础中,9,9,1
沪江英语,沪江英语,10010000011989,10010000011989,other.other.other,other.other.other,输入正确的手机短信验证码之后，再输入不包含特殊字符且长度超过20的用户名，没有禁止用户输入超过20字符长度的用户名。,58,55,1
沪江英语,沪江英语,10010000012227,10010000012227,course.list_item.cannot_or_fail,course.list_item.cannot_or_fail,当选择课程后进行选择每天学习的篇数时，数字上下滑动进行选择，数字滑动的区域太小不能进行准确的滑动。用户体验极为不佳。,58,54,1
沪江英语,沪江英语,10010000012003,10010000012003,login.page_view.other,login.page_view.other,通过手机快速登录方式进行登录，发送手机验证码后登录时，本来快速登录是为了快捷方便，首次登录还需设置密码，用户体验不佳。,59,54,1
沪江英语,沪江英语,10010000012010,10010000012010,playback.list_item.wrong_value,playback.list_item.wrong_value,进入某一课程（例如慢速美音新闻）进入学习，无论网络的好坏程度，都没有办法加载语音资料，要么提示网络不行，要么说网址错误,59,53,1
沪江英语,沪江英语,10010000012086,10010000012086,settings.page_view.wrong_value,settings.page_view.wrong_value,进入学习迷你小对话窗口，应该能正常进行学习，但报错说网络错误。但设置中开启使用网络，且该网络良好，且多台手机都报类似的错误。,62,56,1
沪江英语,沪江英语,10010000012119,10010000012119,login.other.other,login.other.other,手机号登录,5,5,1
沪江英语,沪江英语,10010000012241,10010000012241,playback.list_item.load_fail,playback.list_item.load_fail,当进行课程学的时候，选择一个单元进行学习，而它得音频无法加载，无法进行学习，导致这个app的主要功能缺失，极为严重。性能极为不佳！,65,58,1
沪江英语,沪江英语,10010000012239,10010000012239,course.list_item.cannot_or_fail,course.list_item.cannot_or_fail,在用户进行浏览课程时，并没有对课程进行更多的了解，只是出现目录和简要介绍，并且不能浏览课程，只能添加课程后才能进行学习。,60,55,1
沪江英语,沪江英语,10010000012251,10010000012251,course.page_view.other,course.page_view.other,首次添加课程时，进入制定计划页面，显示的每天学习的篇数即是该课程的总篇数。为保证学习质量，应对每天学习篇数进行一定限制。,60,55,1
沪江英语,沪江英语,10010000011990,10010000011990,course.page_view.cannot_or_fail,course.page_view.cannot_or_fail,在具体的某一课程介绍页面，不能够对评价的用户进行咨询，这样，不能很好的进行互动，应该增加一些用户与用户之间的讨论会好一些,60,56,1
沪江英语,沪江英语,10010000012199,10010000012199,other.other.other,other.other.other,在美式英语中，全部美式英语和纯正美式英语内容完全相同，没必要,30,28,1
沪江英语,沪江英语,10010000012120,10010000012120,message_send.other.cannot_or_fail,message_send.other.cannot_or_fail,发送留言后无法对自己的留言进行编辑或者删除,21,21,1
沪江英语,沪江英语,10010000012000,10010000012000,course.list_item.crash,course.list_item.crash,添加英语课程之后，点击进入课程，课程学习>点击做题：快速做题以后，点击查看结果，等待结果提交之后，点击再来一次出现程序崩溃闪退。,64,56,1
沪江英语,沪江英语,10010000012136,10010000012136,other.page_view.other,other.page_view.other,进入英语界面,6,6,1
沪江英语,沪江英语,10010000012193,10010000012193,other.page_view.crash,other.page_view.crash,问题描述:做习题最后结果页面点击再来一遍闪退,22,21,1
沪江英语,沪江英语,10010000012339,10010000012339,other.button_icon.cannot_or_fail,other.button_icon.cannot_or_fail,点击下一题按钮时 经常会出现页面的随意跳转 做完之后 点击查看结果 结果上传速度慢 还容易随意跳转回初始的页面 导致完成失败,62,56,1
沪江英语,沪江英语,10010000012045,10010000012045,login.share_panel.other,login.share_panel.other,没有输入账号时应该给出提示提示信息，请输入账号，而不是给出分享到具体平台，有时用户并不想登录微信账号，提示输入微信账号操作就不友好,65,61,1
沪江英语,沪江英语,10010000012343,10010000012343,register.other.other,register.other.other,登录时，已经注册账号，但继续选用试用账号登录，如果在个人主页,30,27,1
沪江英语,沪江英语,10010000011981,10010000011981,course.page_view.cannot_or_fail,course.page_view.cannot_or_fail,点击课程>学习页面，左右滑动翻页，当向一边滑动两次或多次，再向反方向滑动时，不能马上往反方向滑动，需等到一个方向执行完毕后才能滑动。,66,59,1
沪江英语,沪江英语,10010000012018,10010000012018,course.page_view.other,course.page_view.other,点击课程学习之后，在右下角评论功能，点击进入评论之后提交评论，重新进入这门课程学习界面，右下角的评论数无更新，有时评论两个只加一次。,66,60,1
沪江英语,沪江英语,10010000011980,10010000011980,register.button_icon.cannot_or_fail,register.button_icon.cannot_or_fail,进入注册页面，使用手机号进行注册，收入正确的手机号、验证码以及密码，点击注册按钮，应该显示注册成功，但是测试时显示请求失败，见截图3,66,59,1
沪江英语,沪江英语,10010000012217,10010000012217,course.list_item.other,course.list_item.other,进入英语课程，选择某一类课程，出现下拉课程，下拉没有刷新提示，上拉的时候有加载更多。下拉到底，也应该有个提示，提示刷新，或则没有更多了,67,59,1
沪江英语,沪江英语,10010000012222,10010000012222,course.list_item.other,course.list_item.other,课程,2,2,1
沪江英语,沪江英语,10010000012317,10010000012317,other.other.cannot_or_fail,other.other.cannot_or_fail,功能不太完整，不能够缓存学习，没有单词本，生词也没有音标，收藏的东西很难被找到。属于功能不完整的情况，复现程度为必现，严重等级为严重。,67,59,1
沪江英语,沪江英语,10010000012149,10010000012149,course.button_icon.other,course.button_icon.other,在课程学习界面，选择更多按钮时，出现的并非当前课程的更多信息，或与当前课程相关的信息，而是出现另一门与当前课程没有直接关联的课程信息。,67,62,1
沪江英语,沪江英语,10010000011958,10010000011958,register.page_view.other,register.page_view.other,在注册引导页面，点击注册后，系统提示页面有叠加层，要去应用设置中设置叠加层，设置之后也无效,45,41,1
沪江英语,沪江英语,10010000011960,10010000011960,register.page_view.other,register.page_view.other,在注册引导页面，点击注册后，系统提示页面有叠加层，要去应用设置中设置叠加层，设置之后也无效,45,41,1
沪江英语,沪江英语,10010000012212,10010000012212,course.page_view.other,course.page_view.other,手机网络为联通4G，运行内存2G，在沪江英语打开页面，对课程进行筛选，排序，加在课程资源，平均响应时间为2,53,47,1
沪江英语,沪江英语,10010000012169,10010000012169,login.page_view.other,login.page_view.other,在手机快速登录页面，只能按顺序从上到下填写信息，有的用户习惯是先获取手机动态码，再填写验证码，在这个应用里只能先填写验证码，没有灵活性。,68,62,1
沪江英语,沪江英语,10010000011969,10010000011969,register.button_icon.other,register.button_icon.other,点击注册登陆按钮下方的，“先试用一下”标题后，进行软件试用，试用结束后应该返回到注册登录界面的初始页面，可是此处直接跳转到进去软件的首页。,69,62,1
沪江英语,沪江英语,10010000012096,10010000012096,other.other.wrong_value,other.other.wrong_value,逻辑缺陷:选择实用英语的时候选择英语口语，再去选择类型为阅读，竟然可以选，虽然没有结果。可是英语口语怎么会有阅读类型了，应该让阅读安扭置灰,69,63,1
沪江英语,沪江英语,10010000011978,10010000011978,register.page_view.no_prompt,register.page_view.no_prompt,在用户登录过程中，完成手机号注册时，在修改用户名称界面，用户输入过程中没有提示用户最多输入多少字符，并且没有提示用户名可输入什么类型的字符。,70,65,1
沪江英语,沪江英语,10010000012058,10010000012058,register.other.other,register.other.other,在使用第三方邮箱登录过程中，输入邮箱等信息完成后，点击下方《沪江用户协议》查看浏览后返回，用户输入信息不存在，直接返回手机号注册，用户…,68,60,1
沪江英语,沪江英语,10010000012195,10010000012195,course.page_view.cannot_or_fail,course.page_view.cannot_or_fail,在课程页面，选择一个课程后，在该课程的详细页面，最下面一栏显示课程的推荐是根据人气、评价、时间等，但是这个顺序是系统默认的，用户不能自…,68,60,1
沪江英语,沪江英语,10010000012243,10010000012243,course.page_view.other,course.page_view.other,在首次添加课程并制定计划之后，再次进入课程，并进入制定计划页面，显示的每天学习篇数的数值仍然是默认的1，而不是用户首次添加课程制定计划…,68,63,1
沪江英语,沪江英语,10010000012236,10010000012236,login.page_view.other,login.page_view.other,成功登录应用进入英语课程界面，点击《常春藤新闻英语听力》课程并成功添加，制作学习计划时，该界面并没有显示如截图2中的多少天可完成学习，…,68,61,1
沪江英语,沪江英语,10010000012081,10010000012081,course.button_icon.cannot_or_fail,course.button_icon.cannot_or_fail,跳转到课程页面，英语图标和综合图标，沪江图标未正常显示，无法显示，下拉页面显示后。页面排布如下图。无线网络不佳，换用4 G流量刷新后也…,68,59,1
沪江英语,沪江英语,10010000012089,10010000012089,comment.list_item.cannot_delete,comment.list_item.cannot_delete,如图4至图3，对一个人的留言评论成功后点击删除，如图2点击确定，但是评论无法删除。,41,37,1
沪江英语,沪江英语,10010000012110,10010000012110,login.other.other,login.other.other,手机号登录,5,5,1
沪江英语,沪江英语,10010000012209,10010000012209,course.list_item.other,course.list_item.other,在英语课程按人气排列的列表里，可以看出排在最前面的基本都是有星级的，但是列表中的第四个课程“迷你小对话”，没有任何相关的等级信息，仍然…,68,61,1
沪江英语,沪江英语,10010000012011,10010000012011,course.page_view.other,course.page_view.other,在引导页面过程中，仅是帮助用户进行选择语种与随机推荐了课程，并没有对软件做基本的概述与使用方法的介绍或者app特色的介绍，用户体验差，…,68,63,1
沪江英语,沪江英语,10010000012129,10010000012129,login.button_icon.other,login.button_icon.other,成功登录应用进入英语课程界面，选择类型为阅读的课程，显示类型为阅读的所有课程，但是只有部分课程的名字下方有五星图标和评价数，有的课程下…,68,63,1
沪江英语,沪江英语,10010000012135,10010000012135,login.button_icon.other,login.button_icon.other,成功登录应用进入英语课程界面，选择该界面右上角的类型为听力的课程，结果只有部分听力课程有五星图标和评价数显示，还有一部分课程没有五星和…,68,64,1
沪江英语,沪江英语,10010000012245,10010000012245,login.page_view.other,login.page_view.other,图二是用户没有进行登录，进行推荐给好友时可以进行推荐成功。图一是推荐给QQ好友，进入QQ好友推荐界面。没有登录的用户进行分享给QQ好友…,68,63,1
沪江英语,沪江英语,10010000012026,10010000012026,other.page_view.other,other.page_view.other,在英语界面中，选择展示全部英语后，再选择其他分项，此时再点回全部英语，全部英语下只有一个分项，也就是说，我点击全部英语需要点击两下（可…,68,60,1
沪江英语,沪江英语,10010000012188,10010000012188,register.button_icon.other,register.button_icon.other,注册时，用一个已经注册过的手机号去注册，在填写手机号一栏的最右边仍然有一个绿色的对勾表示该手机号可用，在相关信息都填写之后，点击注册按…,68,63,1
沪江英语,沪江英语,10010000012138,10010000012138,sort.list_item.other,sort.list_item.other,一个app用户非常关心与自己感兴趣的内容，然而这个列表的排序既没有按相关推荐度，也没有按使用人数排序（难道是根据广告费？？）。使用户难…,68,60,1
沪江英语,沪江英语,10010000012157,10010000012157,register.page_view.no_prompt,register.page_view.no_prompt,用一个未存在的用户帐号登录，系统只是提示用户名密码不匹配，而没有提示该用户未注册并跳转到注册页面，导致用户一直在修改用户名或者密码，而…,68,63,1
沪江英语,沪江英语,10010000011929,10010000011929,register.page_view.other,register.page_view.other,注册的时候输入正确的手机号和图像验证码，输入包含数字和字母的21位密码，点击注册，本应该提示密码超过20位，让用户重新输入密码，但是成…,68,62,1
沪江英语,沪江英语,10010000012125,10010000012125,course.list_item.other,course.list_item.other,在进入课程,5,5,1
沪江英语,沪江英语,10010000012262,10010000012262,login.button_icon.other,login.button_icon.other,成功登录应用进入“我的”界面，课程《常春藤新闻英语听力》的三点图标在课程详情界面的右上角，见截图1，而课程《流利英语口语1》的三点图标…,68,58,1
沪江英语,沪江英语,10010000012207,10010000012207,other.other.other,other.other.other,图二是我第一次评价，显示我的评价为“哈哈哈”。我再次评价“再次哈哈哈”时，会覆盖我的第一次评价。图一就是我的再次评价。,59,50,1
沪江英语,沪江英语,10010000012210,10010000012210,course.page_view.layout_issue,course.page_view.layout_issue,当选择了一门课程之后，进行添加课程，然后出现这个选择页面中的每天学习多少篇，布局极为不好，中间的数字都发生了变形，极为不美观，而且”学…,68,60,1
沪江英语,沪江英语,10010000012276,10010000012276,login.button_icon.other,login.button_icon.other,成功登录应用进入“我的”界面，点击课程《常春藤新闻英语听力》进入其详情界面，点击三点图标，显示“退订课程”，见截图1，而课程《流利英语…,68,55,1
沪江英语,沪江英语,10010000012281,10010000012281,course.button_icon.other,course.button_icon.other,用户体验差：在选择课程界面时，按照人气、评价、时间排序的顺序，触点不够灵敏，按钮不够灵敏，有时需要多按几下，所以用户有时单手操作时造成…,68,59,1
沪江英语,沪江英语,10010000012285,10010000012285,course.page_view.other,course.page_view.other,用户体验差：进入英语界面的时候，括号里的（评价人数）感觉作用不大，很少有人想在列表的信息里看到这个作用不大的东西，第一眼看上去也会产生…,68,61,1
沪江英语,沪江英语,10010000012103,10010000012103,login.input_box.layout_issue,login.input_box.layout_issue,在使用手机快速登录过程，页面布局出现问题，上方出现多余留白，并且短信动态码不能正常输入，在回复出现键盘的过程中，下方闪现出启动页面的图…,68,62,1
沪江英语,沪江英语,10010000012028,10010000012028,course.page_view.display_missing,course.page_view.display_missing,进入某一课程的介绍页面，屏幕上会有用户对此课程的评价，会显示有多少人评价，评分多少。人数不够，会提示不显示，但是，当一开始有评价数提示…,68,60,1
沪江英语,沪江英语,10010000012044,10010000012044,playback.list_item.other,playback.list_item.other,具体的某一课程，用户评价数量的计算有问题，（以常春藤英语听力为例），显示有32条评论，但是，查看所有的评论发现才有16条，要是用户与用…,68,59,1
沪江英语,沪江英语,10010000012271,10010000012271,register.other.cannot_or_fail,register.other.cannot_or_fail,用户在同一台手机注册新的账号之后，进行登录完毕，也会显示“签到失败”的提示。应该是用户在同一台手机上进行签到，也会签到成功，签到成功应…,68,60,1
沪江英语,沪江英语,10010000012265,10010000012265,course.page_view.wrong_value,course.page_view.wrong_value,每次点击选择课程，然后退出后，在当前页面的最下边都会有个弹窗显示“签到失败哦”这个提示。这个提示应该是在用户每天登陆之后显示一次签到成…,68,62,1
沪江英语,沪江英语,10010000012220,10010000012220,message_send.input_box.cannot_or_fail,message_send.input_box.cannot_or_fail,在评价课程界面，点击某个评价进行回复时，输入框出现的“回复xxx”可逐字删除，不能整体删除，并且删除任意个字符后该文本仍然是浅色显示并…,68,61,1
沪江英语,沪江英语,10010000012346,10010000012346,login.other.other,login.other.other,登陆时，选用手机号快速登录，登录成功后，点击用户头像,26,23,1
沪江英语,沪江英语,10010000012077,10010000012077,other.other.cannot_or_fail,other.other.cannot_or_fail,问题描述:随意输入的20个字母用户名提示用户名不可以包含敏感词汇,32,31,1
沪江英语,沪江英语,10010000012257,10010000012257,register.button_icon.other,register.button_icon.other,用户点击主页面左下角“注册”按钮，跳转到注册界面,24,21,1
沪江英语,沪江英语,10010000012277,10010000012277,other.other.cannot_or_fail,other.other.cannot_or_fail,功能不完善：用户不能同时在难度类别里选择两个难度，例如，不能同时选择中级和中高级。因为用户可能对自己的情况了解不是很清楚，不会很明确的…,68,62,1
沪江英语,沪江英语,10010000012126,10010000012126,other.page_view.other,other.page_view.other,进入英语界面,6,6,1
沪江英语,沪江英语,10010000012249,10010000012249,course.page_view.cannot_or_fail,course.page_view.cannot_or_fail,用户体验差：在选择喜欢的内容的时候，界面的十个类别区别很大，但是可以同时选中十个开始推荐课程，这是不合理的情况，应该会有提示，例如“亲…,68,60,1
沪江英语,沪江英语,10010000012338,10010000012338,course.list_item.freeze,course.list_item.freeze,功能不完善：在进行文字课程学习的时候，每张图片重新出现时，都会重新加载，会使得内存小的手机产生卡顿，每次都会进行重新加载，会让用户阅读…,68,61,1
沪江英语,沪江英语,10010000012264,10010000012264,course.list_item.wrong_value,course.list_item.wrong_value,添加某课程并学习几节课之后，点击退订课程，然后再次添加该课程，结果是没有是否重新学习的提示，而是直接进入该课程，并且保留了上一次添加课…,68,62,1
沪江英语,沪江英语,10010000011987,10010000011987,course.page_view.wrong_value,course.page_view.wrong_value,进入某一具体课程的介绍页面（例如旅游从口语学起），对每个课程的评价只能有一份记录，再次增加，会把以前的覆盖了，这个是不合理的，应该把以…,68,60,1
沪江英语,沪江英语,10010000012288,10010000012288,other.page_view.freeze,other.page_view.freeze,用户体验差：在进入学习时，从下一单元跳转回上一单元的时候，直接跳转到上一单元的第一个页面，而不是上一单元的最后一个页面，这会给用户一种…,68,62,1
沪江英语,沪江英语,10010000012182,10010000012182,other.page_view.layout_issue,other.page_view.layout_issue,如图1，页面缺少字数计算器，用户只有在提交的时候才会知道自己是否输入字符数超出500,42,40,1
沪江英语,沪江英语,10010000012014,10010000012014,login.page_view.wrong_value,login.page_view.wrong_value,手机快速登录方式登录，获取验证码60秒内均有效，动态获取动态码后，输入动态码，不直接登录，点击返回，在重新进入手机快速登录页面，刚才填…,68,60,1
沪江英语,沪江英语,10010000012001,10010000012001,register.other.wrong_value,register.other.wrong_value,在用户注册的过程中，使用已经注册过的手机进行注册，1.输入验证码错误，她会首先验证验证码错误，而不是直接告诉用户，该账户已经成功注册。…,68,60,1
沪江英语,沪江英语,10010000012263,10010000012263,course.page_view.other,course.page_view.other,用户体验差：在选择英语四六级体验课程时，每次进入的课程推荐都是相同的，同时对应的级别都是中高级和高级，但是对于中高级水平的同学其实很少…,68,63,1
沪江英语,沪江英语,10010000012059,10010000012059,register.other.other,register.other.other,问题描述:使用未被注册邮箱注册提示邮箱已被注册,23,22,1
途牛,途牛,10010000000823,10010000000823,gps_track.gps.cannot_or_fail,gps_track.gps.cannot_or_fail,无法正确定位到用户所处的城市！,15,14,0
途牛,途牛,10010000001380,10010000001380,login.other.cannot_or_fail,login.other.cannot_or_fail,无法用QQ或软件等其他平台登录,15,15,0
途牛,途牛,10010000001946,10010000001946,other.button_icon.other,other.button_icon.other,有一栏筛选的图标总是不定期出现,15,15,0
途牛,途牛,10010000003254,10010000003254,other.image_banner.load_fail,other.image_banner.load_fail,上传图片时，手机相册加载不出来,15,14,1
途牛,途牛,10010000005154,10010000005154,message_send.page_view.other,message_send.page_view.other,消息主页面没有消息提示，见附图,15,14,1
途牛,途牛,10010000002308,10010000002308,other.page_view.crash,other.page_view.crash,首页快速下滑 经常出现闪退现象,15,14,1
途牛,途牛,10010000002429,10010000002429,other.other.crash,other.other.crash,当地玩乐的美食点击进去偶尔闪退,15,15,1
途牛,途牛,10010000002988,10010000002988,other.other.crash,other.other.crash,发现里面的去哪，小规律发现闪退,15,14,1
途牛,途牛,10010000002430,10010000002430,message_send.audio.display_missing,message_send.audio.display_missing,发送语音内容时，不显示说话时长,15,14,1
途牛,途牛,10010000004448,10010000004448,search.other.other,search.other.other,"搜索都是直接匹配,不是模糊搜索",15,14,1
途牛,途牛,10010000006401,10010000006401,other.other.wrong_value,other.other.wrong_value,"收藏时功参数错误,点击时无反应",15,14,1
途牛,途牛,10010000002982,10010000002982,share.share_panel.other,share.share_panel.other,点击分享,4,4,1
途牛,途牛,10010000003157,10010000003157,other.other.freeze,other.other.freeze,出现无响应状况，也许是手机问题,15,14,0
途牛,途牛,10010000002458,10010000002458,other.other.other,other.other.other,"文本输入,没有最大字数的限制。",15,13,1
途牛,途牛,10010000004668,10010000004668,login.page_view.other,login.page_view.other,感恩节活动登录后两个页面死循环,15,15,1
途牛,途牛,10010000002537,10010000002537,private_chat.chat.cannot_or_fail,private_chat.chat.cannot_or_fail,无法与已知用户名的陌生用户私聊,15,15,1
途牛,途牛,10010000004975,10010000004975,message_send.chat.cannot_send,message_send.chat.cannot_send,聊天时，不能发送视频和视频聊天,15,14,1
途牛,途牛,10010000002574,10010000002574,private_chat.chat.cannot_or_fail,private_chat.chat.cannot_or_fail,无法添加好友，私聊功能不易发现,15,14,1
途牛,途牛,10010000003461,10010000003461,other.page_view.cannot_or_fail,other.page_view.cannot_or_fail,用户信息编辑页面，无法更换头像,15,14,1
途牛,途牛,10010000003055,10010000003055,register.other.other,register.other.other,注册的时候，第三方qq直接奔溃,15,14,1
途牛,途牛,10010000003306,10010000003306,other.page_view.crash,other.page_view.crash,进入专属顾问界面程序会崩溃闪退,15,15,1
途牛,途牛,10010000003579,10010000003579,message_send.input_box.other,message_send.input_box.other,文本输入框输入和发送长度无限制,15,15,1
途牛,途牛,10010000002880,10010000002880,other.other.cannot_or_fail,other.other.cannot_or_fail,新版安装包下载好以后，无法安装,15,14,1
途牛,途牛,10010000002768,10010000002768,private_chat.chat.crash,private_chat.chat.crash,在私聊中选择拍照出现闪退的情况,15,15,1
途牛,途牛,10010000003019,10010000003019,login.share_panel.cannot_or_fail,login.share_panel.cannot_or_fail,第三方登录无效 无法进行分享,14,13,1
途牛,途牛,10010000004053,10010000004053,other.other.cannot_or_fail,other.other.cannot_or_fail,人工客服下方无法使用表情和添加,15,15,1
途牛,途牛,10010000002923,10010000002923,message_send.other.other,message_send.other.other,把收藏的表情发送出去，非常模糊,15,14,1
途牛,途牛,10010000003013,10010000003013,private_chat.chat.cannot_or_fail,private_chat.chat.cannot_or_fail,无法通过他人的途牛账号进行私聊,15,15,1
途牛,途牛,10010000006218,10010000006218,message_send.input_box.cannot_or_fail,message_send.input_box.cannot_or_fail,当输入框只输入空格时，无法发送,15,14,1
途牛,途牛,10010000004104,10010000004104,other.image_banner.other,other.image_banner.other,添加自定义表情，图片十分模糊。,15,13,1
途牛,途牛,10010000004384,10010000004384,other.input_box.other,other.input_box.other,输入框中输入的内容长度未固定。,15,14,1
途牛,途牛,10010000006947,10010000006947,other.other.other,other.other.other,网络正常的情况下，会出现连接中,15,14,1
途牛,途牛,10010000003156,10010000003156,other.other.other,other.other.other,没有找到直接关注指定用户的功能,15,15,1
途牛,途牛,10010000003200,10010000003200,other.list_item.other,other.list_item.other,历史记录里面出现我未去过的城市,15,15,1
途牛,途牛,10010000003278,10010000003278,other.chat.other,other.chat.other,不知道如何添加好友，如何添加群,15,14,0
途牛,途牛,10010000003383,10010000003383,search.other.cannot_or_fail,search.other.cannot_or_fail,不能手动搜索用户名来添加朋友，,15,14,1
途牛,途牛,10010000003639,10010000003639,message_send.page_view.other,message_send.page_view.other,修改用户名在聊天界面更新不及时,15,15,1
途牛,途牛,10010000004228,10010000004228,private_chat.chat.other,private_chat.chat.other,关注的头像与私聊时的头像不相符,15,15,1
途牛,途牛,10010000003581,10010000003581,private_chat.image_banner.cannot_or_fail,private_chat.image_banner.cannot_or_fail,私聊发送图片时无法正常加载图片,15,15,1
途牛,途牛,10010000003854,10010000003854,other.other.other,other.other.other,从手机添加表情的照片像素太低。,15,14,1
途牛,途牛,10010000006848,10010000006848,message_send.page_view.other,message_send.page_view.other,没有收藏好友功能（在聊天界面）,15,13,1
途牛,途牛,10010000007167,10010000007167,other.other.cannot_or_fail,other.other.cannot_or_fail,不能扫码（例如二维码，条形码）,15,12,1
途牛,途牛,10010000003789,10010000003789,search.other.cannot_or_fail,search.other.cannot_or_fail,无法直接查找没有在途牛上联系人,15,15,1
途牛,途牛,10010000004646,10010000004646,other.other.other,other.other.other,标注不全面，用户不清楚功能,13,12,1
途牛,途牛,10010000005455,10010000005455,search.gps.cannot_or_fail,search.gps.cannot_or_fail,搜索不到所在城市，定位失败,13,12,1
途牛,途牛,10010000004080,10010000004080,settings.page_view.cannot_or_fail,settings.page_view.cannot_or_fail,文字小，不能由用户自己设置字号,15,14,1
途牛,途牛,10010000005351,10010000005351,other.chat.cannot_or_fail,other.chat.cannot_or_fail,无法对好友添加备注，区分不清。,15,13,1
途牛,途牛,10010000005235,10010000005235,other.other.other,other.other.other,检测到集成SDK未添加统计代码,15,15,1
途牛,途牛,10010000004459,10010000004459,other.input_box.other,other.input_box.other,用户输入框输入表情包无长度限制,15,15,1
途牛,途牛,10010000004977,10010000004977,playback.step.other,playback.step.other,同样的语音，时间长度有时不一样,15,14,1
途牛,途牛,10010000005164,10010000005164,other.image_banner.cannot_or_fail,other.image_banner.cannot_or_fail,不能添加多个图片，一次只能一个,15,14,1
途牛,途牛,10010000005200,10010000005200,other.image_banner.other,other.image_banner.other,同样的图片可以添加很多张到收藏,15,15,1
途牛,途牛,10010000006758,10010000006758,other.other.other,other.other.other,收藏表情只能从自己的相册中收藏,15,15,1
途牛,途牛,10010000006340,10010000006340,message_send.chat.other,message_send.chat.other,建议增加对聊天发送动态图的支持,15,15,1
途牛,途牛,10010000006820,10010000006820,message_send.other.cannot_send,message_send.other.cannot_send,不能发送·gif格式的动态表情,15,14,1
途牛,途牛,10010000005410,10010000005410,other.page_view.freeze,other.page_view.freeze,"进入不同页面时,会出现卡顿现象",15,14,1
途牛,途牛,10010000005259,10010000005259,other.other.other,other.other.other,感觉很不好，以为是网络信号不好,15,14,0
途牛,途牛,10010000005604,10010000005604,private_chat.page_view.crash,private_chat.page_view.crash,在点进私聊界面时出现了一次闪退,15,15,1
途牛,途牛,10010000005850,10010000005850,message_send.chat.cannot_or_fail,message_send.chat.cannot_or_fail,聊天窗口不能展示用户自定义头像,15,15,1
途牛,途牛,10010000007054,10010000007054,message_send.chat.other,message_send.chat.other,当屏蔽别人，还可以给别人发消息,15,14,1
途牛,途牛,10010000006666,10010000006666,message_send.audio.cannot_or_fail,message_send.audio.cannot_or_fail,对方发送的语音无法进行收听播放,15,15,1
途牛,途牛,10010000005782,10010000005782,message_send.page_view.other,message_send.page_view.other,产品咨询，进去都是一个聊天界面,15,14,0
途牛,途牛,10010000005949,10010000005949,other.other.other,other.other.other,社区里面的招募大玩家能滑成空屏,15,15,1
途牛,途牛,10010000005569,10010000005569,other.other.crash,other.other.crash,"切换或同时接收信息时,出现闪退",15,14,1
途牛,途牛,10010000006267,10010000006267,other.other.other,other.other.other,不支持现在很火的emoji表情,15,15,1
途牛,途牛,10010000005974,10010000005974,gps_track.gps.cannot_or_fail,gps_track.gps.cannot_or_fail,程序无法定位。（定位失败）,13,10,1
途牛,途牛,10010000006343,10010000006343,message_send.chat.cannot_or_fail,message_send.chat.cannot_or_fail,不能进行聊天视频功能，建议增加,15,14,1
途牛,途牛,10010000006607,10010000006607,share.list_item.cannot_or_fail,share.list_item.cannot_or_fail,帖子转发到微博出现站点不能访问,15,15,1
途牛,途牛,10010000006280,10010000006280,private_chat.chat.cannot_or_fail,private_chat.chat.cannot_or_fail,无法添加好友，私聊功能不易发现,15,14,1
途牛,途牛,10010000007203,10010000007203,other.page_view.other,other.page_view.other,进入此页面功能，页面反应很慢。,15,13,1
途牛,途牛,10010000007098,10010000007098,other.other.wrong_value,other.other.wrong_value,有些活动错误跳转 而且没有回应,15,14,0
途牛,途牛,10010000006772,10010000006772,other.other.other,other.other.other,登陆时异常,5,5,0
途牛,途牛,10010000007192,10010000007192,other.page_view.other,other.page_view.other,进入此功能页面时页面反应很慢。,15,14,0
途牛,途牛,10010000007094,10010000007094,other.page_view.other,other.page_view.other,所有主界面塞得满满的，视觉疲劳,15,14,1
途牛,途牛,10010000007134,10010000007134,other.page_view.other,other.page_view.other,行程玩法 里面滚动页面严重缺陷,15,14,1
途牛,途牛,10010000007149,10010000007149,other.page_view.crash,other.page_view.crash,点击个人页面的专属顾问程序闪退,15,15,1
途牛,途牛,10010000007171,10010000007171,playback.image_banner.other,playback.image_banner.other,图片和语音加载速度稍微慢一点。,15,14,1
途牛,途牛,10010000001198,10010000001198,search.other.other,search.other.other,搜索不是模糊搜索，都是直接匹配的,16,15,1
途牛,途牛,10010000001678,10010000001678,gps_track.gps.cannot_or_fail,gps_track.gps.cannot_or_fail,无法自动定位，GPS开始了也不行,16,15,1
途牛,途牛,10010000001990,10010000001990,register.other.crash,register.other.crash,在跳出注册的红包，上下移动时闪退,16,15,1
途牛,途牛,10010000002096,10010000002096,other.other.other,other.other.other,更换其他酒店后，还是显示资源过期,16,15,1
途牛,途牛,10010000003014,10010000003014,groupchat.chat.other,groupchat.chat.other,没有显示如何创建群组和添加联系人,16,16,1
途牛,途牛,10010000005842,10010000005842,message_send.chat.cannot_or_fail,message_send.chat.cannot_or_fail,聊天窗口不能展示用户自定义的头像,16,16,1
途牛,途牛,10010000002367,10010000002367,other.other.crash,other.other.crash,发现里面的去哪容易小概率发生闪退,16,16,1
途牛,途牛,10010000002649,10010000002649,register.page_view.other,register.page_view.other,注册途牛用户时，页面颜色出现变化,16,15,1
途牛,途牛,10010000002718,10010000002718,message_send.other.cannot_or_fail,message_send.other.cannot_or_fail,无法发送空格，只有空格时无法发送,16,15,1
途牛,途牛,10010000003006,10010000003006,private_chat.image_banner.cannot_or_fail,private_chat.image_banner.cannot_or_fail,私聊服务不能添加动图，gif图片,16,15,1
途牛,途牛,10010000002427,10010000002427,other.other.other,other.other.other,求组队中，选择地址时，不自动匹配,16,14,1
途牛,途牛,10010000002486,10010000002486,other.other.wrong_value,other.other.wrong_value,当点击QQ登陆的时候会报出错误码,16,16,1
途牛,途牛,10010000005095,10010000005095,search.chat.cannot_or_fail,search.chat.cannot_or_fail,用户不能根据自己的编号来搜索好友,16,16,1
途牛,途牛,10010000003867,10010000003867,message_send.chat.cannot_or_fail,message_send.chat.cannot_or_fail,在聊天过程中，不能添加别人的表情,16,15,1
途牛,途牛,10010000004428,10010000004428,other.other.other,other.other.other,所有按键都跳转客服。代码资源浪费,16,15,1
途牛,途牛,10010000005684,10010000005684,search.other.other,search.other.other,搜索不是模糊搜索 都是直接匹配的,16,15,1
途牛,途牛,10010000005685,10010000005685,search.other.other,search.other.other,搜索不是模糊搜索 都是直接匹配的,16,15,1
途牛,途牛,10010000002675,10010000002675,other.other.other,other.other.other,密码只输入了一次，没有第二次确认,16,15,1
途牛,途牛,10010000002952,10010000002952,login.other.cannot_or_fail,login.other.cannot_or_fail,不能使用第三方软件等其他方式登录,16,16,1
途牛,途牛,10010000006093,10010000006093,message_send.other.cannot_send,message_send.other.cannot_send,不能发送空白，空白是没有发送键的,16,15,1
途牛,途牛,10010000003345,10010000003345,other.image_banner.other,other.image_banner.other,从图库添加表情，图片变得非常模糊,16,15,1
途牛,途牛,10010000006978,10010000006978,other.page_view.other,other.page_view.other,同一用户的呢称在不同界面显示不同,16,16,1
途牛,途牛,10010000004811,10010000004811,private_chat.page_view.other,private_chat.page_view.other,在私聊界面，没有设置备注的功能。,16,14,1
途牛,途牛,10010000002971,10010000002971,other.step.load_fail,other.step.load_fail,"打开个人主页加载过慢,长时间白屏",16,15,1
途牛,途牛,10010000006870,10010000006870,message_send.audio.other,message_send.audio.other,发送语音时，未显示语音输入音量。,16,14,1
途牛,途牛,10010000007111,10010000007111,message_send.other.other,message_send.other.other,用户投诉发送成功后，无返回信息。,16,14,1
途牛,途牛,10010000003159,10010000003159,other.other.cannot_or_fail,other.other.cannot_or_fail,无法准确快速的找到我感兴趣的用户,16,16,0
途牛,途牛,10010000003352,10010000003352,private_chat.button_icon.other,private_chat.button_icon.other,在私聊过程中发送按钮键体验性差！,16,15,1
途牛,途牛,10010000004588,10010000004588,other.other.cannot_or_fail,other.other.cannot_or_fail,动图无法体现出来，只有显示静图。,16,14,1
途牛,途牛,10010000003765,10010000003765,other.other.wrong_value,other.other.wrong_value,跟团游推荐的项目收藏时均参数错误,16,16,1
途牛,途牛,10010000005167,10010000005167,other.other.other,other.other.other,进入其他用户个人主页时跳转较慢！,16,15,1
途牛,途牛,10010000003183,10010000003183,other.page_view.layout_issue,other.page_view.layout_issue,页面布局不合理，一点儿也不美观。,16,14,1
途牛,途牛,10010000004286,10010000004286,message_send.chat.other,message_send.chat.other,发送者发送文字消息的字数不受限制,16,16,1
途牛,途牛,10010000003218,10010000003218,other.page_view.layout_issue,other.page_view.layout_issue,功能不完整，不安全，页面布局不行,16,14,0
途牛,途牛,10010000003329,10010000003329,message_send.chat.other,message_send.chat.other,锁过屏后打开聊天连接不上，得重启,16,15,1
途牛,途牛,10010000003429,10010000003429,other.other.other,other.other.other,功能不完整，性能不好，安全有问题,16,14,0
途牛,途牛,10010000005242,10010000005242,share.chat.cannot_or_fail,share.chat.cannot_or_fail,"分享内容时,无法跟想给私聊对象。",16,14,1
途牛,途牛,10010000003661,10010000003661,private_chat.image_banner.crash,private_chat.image_banner.crash,私聊发图片有一点概率会闪退出私聊,16,16,1
途牛,途牛,10010000006526,10010000006526,message_send.audio.cannot_or_fail,message_send.audio.cannot_or_fail,第一次撤销语音后无法再次发送语音,16,16,1
途牛,途牛,10010000005496,10010000005496,share.page_view.cannot_or_fail,share.page_view.cannot_or_fail,发现界面的游记等内容无法私聊分享,16,16,1
途牛,途牛,10010000003909,10010000003909,playback.audio.cannot_or_fail,playback.audio.cannot_or_fail,播放语音，无法关闭，直至播放结束,16,14,1
途牛,途牛,10010000005568,10010000005568,private_chat.chat.cannot_or_fail,private_chat.chat.cannot_or_fail,好友的昵称在私聊时不能正常显示。,16,15,1
途牛,途牛,10010000003945,10010000003945,message_send.audio.other,message_send.audio.other,语音只能发送60秒，影响用户体验,16,15,1
途牛,途牛,10010000004913,10010000004913,message_send.page_view.wrong_value,message_send.page_view.wrong_value,聊天页面添加联系人功能位置不明确,16,16,1
途牛,途牛,10010000005142,10010000005142,message_send.image_banner.other,message_send.image_banner.other,发送的图片清晰度降低（右为原图）,16,14,1
途牛,途牛,10010000004409,10010000004409,other.other.other,other.other.other,用照片拍照时，有时会不正常的退出,16,15,1
途牛,途牛,10010000004750,10010000004750,message_send.list_item.other,message_send.list_item.other,删除聊天记录，对方的聊天记录还在,16,15,1
途牛,途牛,10010000004447,10010000004447,message_send.audio.display_missing,message_send.audio.display_missing,发送语音内容时，不显示已说话时长,16,15,1
途牛,途牛,10010000004437,10010000004437,private_chat.chat.other,private_chat.chat.other,在私聊的过程中，添加文字描述后，,16,14,0
途牛,途牛,10010000006523,10010000006523,other.other.cannot_or_fail,other.other.cannot_or_fail,更改邮箱，无法正确识别邮箱格式。,16,14,1
途牛,途牛,10010000005008,10010000005008,other.other.cannot_or_fail,other.other.cannot_or_fail,发布结伴的选择位置功能无法使用。,16,15,1
途牛,途牛,10010000006297,10010000006297,login.other.cannot_or_fail,login.other.cannot_or_fail,当从第三方QQ登录时，无法登录。,16,14,1
途牛,途牛,10010000004685,10010000004685,other.other.other,other.other.other,拍照后点击完成会出现突然闪屏现象,16,16,1
途牛,途牛,10010000005356,10010000005356,other.image_banner.other,other.image_banner.other,长按图片出现的取消键点击后无动作,16,16,1
途牛,途牛,10010000005050,10010000005050,message_send.audio.other,message_send.audio.other,发送语言自己这边的语音只有单声道,16,16,0
途牛,途牛,10010000005195,10010000005195,other.image_banner.other,other.image_banner.other,连续相同的图片出现，用户体验较差,16,15,0
途牛,途牛,10010000006035,10010000006035,other.image_banner.other,other.image_banner.other,缺少图片收藏的功能方便用户使用。,16,15,1
途牛,途牛,10010000005562,10010000005562,other.page_view.other,other.page_view.other,点击其他用户界面时，等待时间过长,16,15,1
途牛,途牛,10010000005388,10010000005388,message_send.chat.other,message_send.chat.other,"与好友的语音聊天,听不到说话内容",16,15,1
途牛,途牛,10010000005113,10010000005113,login.other.other,login.other.other,没办法用QQ，或者微信帐号登录。,16,14,1
途牛,途牛,10010000005518,10010000005518,playback.audio.other,playback.audio.other,语音bug，收到别人的语音都一样,16,15,1
途牛,途牛,10010000005158,10010000005158,register.other.other,register.other.other,昵称下面出现注册会员是什么意思？,16,15,1
途牛,途牛,10010000005989,10010000005989,private_chat.chat.other,private_chat.chat.other,陌生用户a和b建立私聊路劲不直观,16,16,1
途牛,途牛,10010000005405,10010000005405,other.other.other,other.other.other,给人的感觉不友好，设计的不够完美,16,15,0
途牛,途牛,10010000006215,10010000006215,other.other.display_missing,other.other.display_missing,游记收藏后，在我的收藏中不显示。,16,14,1
途牛,途牛,10010000006315,10010000006315,other.other.other,other.other.other,收藏成功后，收藏的星星没有变化。,16,14,1
途牛,途牛,10010000006389,10010000006389,other.button_icon.other,other.button_icon.other,筛选时按钮切换时出现同一个界面，,16,15,1
途牛,途牛,10010000005932,10010000005932,other.other.cannot_or_fail,other.other.cannot_or_fail,不能给关注人修改备注，联系不方便,16,15,1
途牛,途牛,10010000005970,10010000005970,message_send.chat.cannot_or_fail,message_send.chat.cannot_or_fail,用户无法发送大于60秒的语音消息,16,16,1
途牛,途牛,10010000006768,10010000006768,message_send.list_item.other,message_send.list_item.other,历史聊天记录的位置和当前的不一样,16,16,1
途牛,途牛,10010000006406,10010000006406,share.share_panel.freeze,share.share_panel.freeze,点击分享后，无响应，无法实现分享,16,14,1
途牛,途牛,10010000006393,10010000006393,other.image_banner.cannot_or_fail,other.image_banner.cannot_or_fail,选择图片时，无法显示，但可以预览,16,14,1
途牛,途牛,10010000005948,10010000005948,message_send.image_banner.cannot_or_fail,message_send.image_banner.cannot_or_fail,发送图片和语音之后无法取消。,14,13,1
途牛,途牛,10010000006054,10010000006054,shopping.page_view.wrong_value,shopping.page_view.wrong_value,收藏用户界面下的商品提示参数错误,16,16,1
途牛,途牛,10010000006150,10010000006150,other.image_banner.crash,other.image_banner.crash,选择本地图片的时候出现不正常闪退,16,16,1
途牛,途牛,10010000006379,10010000006379,message_send.input_box.other,message_send.input_box.other,文本框没有限制长度。多长都能发送,16,15,1
途牛,途牛,10010000006128,10010000006128,other.other.other,other.other.other,表情太单一，可供选项的表情太少了,16,15,1
途牛,途牛,10010000006414,10010000006414,search.other.cannot_or_fail,search.other.cannot_or_fail,不能直接搜索已知账号，进行关注。,16,14,1
途牛,途牛,10010000006339,10010000006339,message_send.other.other,message_send.other.other,邮箱发送验证码，不验证邮箱合法性,16,15,1
途牛,途牛,10010000006599,10010000006599,message_send.chat.cannot_or_fail,message_send.chat.cannot_or_fail,用户无法发送长于一分钟的语音消息,16,16,1
途牛,途牛,10010000007117,10010000007117,share.share_panel.cannot_share,share.share_panel.cannot_share,无法分享动态到微信QQ微博朋友圈,16,16,1
途牛,途牛,10010000007197,10010000007197,other.other.other,other.other.other,途牛的表情太少，难以表达全部意向,16,15,1
途牛,途牛,10010000006909,10010000006909,message_send.audio.cannot_or_fail,message_send.audio.cannot_or_fail,发送多个语音时不能自动播放下一个,16,16,1
途牛,途牛,10010000006992,10010000006992,other.page_view.crash,other.page_view.crash,互动动态里的人点进去的闪退回页面,16,16,1
途牛,途牛,10010000007135,10010000007135,private_chat.page_view.cannot_or_fail,private_chat.page_view.cannot_or_fail,无法设置私聊模式，安全不能保证。,16,14,1
途牛,途牛,10010000007235,10010000007235,other.other.wrong_value,other.other.wrong_value,重置密码中输入汉字错误提示不正确,16,16,1
途牛,途牛,10010000000847,10010000000847,other.other.cannot_or_fail,other.other.cannot_or_fail,加入购物车的行程无法进行人员增减！,17,16,1
途牛,途牛,10010000002001,10010000002001,gps_track.gps.other,gps_track.gps.other,根据定位推荐城市功能为未能推荐城市,17,17,1
途牛,途牛,10010000002269,10010000002269,login.other.cannot_or_fail,login.other.cannot_or_fail,以第三方平台登录，一直显示登陆失败,17,16,1
途牛,途牛,10010000002289,10010000002289,login.other.permission,login.other.permission,无法使用第三方帐号登录，授权失败。,17,15,1
途牛,途牛,10010000002349,10010000002349,other.other.other,other.other.other,信号切换的时候，软件重新连上网太慢,17,16,1
途牛,途牛,10010000002851,10010000002851,message_send.other.other,message_send.other.other,发送文字描述时，对非法关键字无限制,17,16,1
途牛,途牛,10010000007011,10010000007011,other.page_view.other,other.page_view.other,点击放大图片，返回原图时界面会抖动,17,16,1
途牛,途牛,10010000006427,10010000006427,search.other.other,search.other.other,发起结伴里选择位置时点击搜索无效果,17,17,1
途牛,途牛,10010000006508,10010000006508,other.chat.cannot_or_fail,other.chat.cannot_or_fail,"无法加好友,或加好友的途径不易发现",17,16,1
途牛,途牛,10010000002351,10010000002351,other.other.other,other.other.other,点击关注之后，关注的数字不随之更新,17,16,1
途牛,途牛,10010000002520,10010000002520,other.page_view.other,other.page_view.other,首页,2,2,1
途牛,途牛,10010000002586,10010000002586,other.other.cannot_or_fail,other.other.cannot_or_fail,无法获取我的位置，我的位置无法获取,17,16,1
途牛,途牛,10010000003176,10010000003176,other.page_view.load_fail,other.page_view.load_fail,通过任务途径进入，页面无法加载出来,17,16,1
途牛,途牛,10010000002690,10010000002690,groupchat.button_icon.other,groupchat.button_icon.other,在群聊选项中，没有添加群组的按钮。,17,15,1
途牛,途牛,10010000003648,10010000003648,message_send.page_view.crash,message_send.page_view.crash,进入聊天界面未进行任何操作突然崩溃,17,17,1
途牛,途牛,10010000002867,10010000002867,message_send.other.other,message_send.other.other,发送表情时有些表情以文字的方式出现,17,17,1
途牛,途牛,10010000002564,10010000002564,share.share_panel.cannot_or_fail,share.share_panel.cannot_or_fail,"登陆途牛,使用微博第三方登陆失败.",17,15,1
途牛,途牛,10010000002508,10010000002508,settings.page_view.other,settings.page_view.other,个人资料设置100％，头像未有改变,17,15,1
途牛,途牛,10010000003995,10010000003995,login.page_view.other,login.page_view.other,未登录情况下，点击个人页面进入不了,17,16,1
途牛,途牛,10010000002556,10010000002556,private_chat.page_view.load_fail,private_chat.page_view.load_fail,多次进行私聊后，无法进入私聊页面。,17,15,1
途牛,途牛,10010000006732,10010000006732,gps_track.gps.cannot_or_fail,gps_track.gps.cannot_or_fail,手机已打开gps但仍无法获取位置。,17,16,1
途牛,途牛,10010000003411,10010000003411,message_send.audio.cannot_or_fail,message_send.audio.cannot_or_fail,连续发送语音会出现无法发送成功问题,17,17,1
途牛,途牛,10010000002668,10010000002668,message_send.chat.cannot_or_fail,message_send.chat.cannot_or_fail,聊天入口不容易发现，无法添加好友。,17,15,1
途牛,途牛,10010000003848,10010000003848,other.other.other,other.other.other,会出现和你对话的人的头像在你这一边,17,17,0
途牛,途牛,10010000002748,10010000002748,private_chat.chat.crash,private_chat.chat.crash,在私聊中选择拍照功能出现闪退的情况,17,17,1
途牛,途牛,10010000006525,10010000006525,private_chat.page_view.cannot_or_fail,private_chat.page_view.cannot_or_fail,用户修改昵称后，无法在私聊界面显示,17,16,1
途牛,途牛,10010000007085,10010000007085,message_send.input_box.other,message_send.input_box.other,聊天界面输入框所允许的输入范围过大,17,17,1
途牛,途牛,10010000002995,10010000002995,message_send.page_view.cannot_or_fail,message_send.page_view.cannot_or_fail,聊天表情单一，无法设置聊天背景图片,17,16,1
途牛,途牛,10010000004546,10010000004546,other.input_box.cannot_or_fail,other.input_box.cannot_or_fail,输入长文本，文本框宽度不能自适应。,17,15,1
途牛,途牛,10010000003511,10010000003511,other.list_item.other,other.list_item.other,操作屏蔽此人后，上方列表还可以操作,17,16,1
途牛,途牛,10010000003460,10010000003460,other.page_view.crash,other.page_view.crash,点击用户界面小头像和联系人资料闪退,17,17,1
途牛,途牛,10010000003064,10010000003064,other.input_box.cannot_or_fail,other.input_box.cannot_or_fail,输入框输入更多输入框不能自适应内容,17,17,1
途牛,途牛,10010000003822,10010000003822,other.other.crash,other.other.crash,点击我的关注人信息是app出现闪退,17,17,1
途牛,途牛,10010000003823,10010000003823,other.other.crash,other.other.crash,点击我的关注人信息是app出现闪退,17,17,1
途牛,途牛,10010000003169,10010000003169,private_chat.input_box.cannot_input,private_chat.input_box.cannot_input,私聊输入框文字输入无法输入全空格。,17,16,1
途牛,途牛,10010000003233,10010000003233,other.other.cannot_or_fail,other.other.cannot_or_fail,“生日”中对年份不能直接进行修改！,17,14,1
途牛,途牛,10010000006922,10010000006922,message_send.chat.other,message_send.chat.other,屏蔽聊天好友还能有时候显示正在输入,17,17,1
途牛,途牛,10010000006097,10010000006097,message_send.image_banner.other,message_send.image_banner.other,发送9张图片，对方只能接收到6张。,17,15,1
途牛,途牛,10010000003188,10010000003188,gps_track.gps.permission,gps_track.gps.permission,获取我的定位权限之后，不能准确定位,17,16,1
途牛,途牛,10010000004848,10010000004848,other.other.other,other.other.other,没有撤回功能，用户信息打错会很尴尬,17,16,1
途牛,途牛,10010000005014,10010000005014,private_chat.chat.cannot_or_fail,private_chat.chat.cannot_or_fail,发起私聊功能不易发现，无法添加好友,17,16,1
途牛,途牛,10010000006336,10010000006336,message_send.chat.other,message_send.chat.other,平板情况下，无网可以正常发送消息。,17,15,1
途牛,途牛,10010000003588,10010000003588,search.chat.cannot_or_fail,search.chat.cannot_or_fail,没有搜索功能，无法关注想关注的好友,17,16,1
途牛,途牛,10010000004395,10010000004395,message_send.page_view.other,message_send.page_view.other,昵称更改后聊天页面的昵称还是原来的,17,17,1
途牛,途牛,10010000003488,10010000003488,register.other.other,register.other.other,输入未注册的手机号码，无任何提示。,17,15,1
途牛,途牛,10010000003529,10010000003529,private_chat.image_banner.other,private_chat.image_banner.other,途牛私聊时，给对方发送图片显示模糊,17,16,1
途牛,途牛,10010000005067,10010000005067,login.other.other,login.other.other,一个账号可以使用多部手机同时登录。,17,16,1
途牛,途牛,10010000003611,10010000003611,search.other.cannot_or_fail,search.other.cannot_or_fail,不能直接通过搜索一个名字找到一个人,17,17,0
途牛,途牛,10010000003974,10010000003974,other.other.other,other.other.other,系统安全性能不高，无密码验证手段。,17,15,1
途牛,途牛,10010000006824,10010000006824,message_send.other.other,message_send.other.other,一次发送多张照片时候出现退出现象。,17,16,1
途牛,途牛,10010000004167,10010000004167,other.page_view.other,other.page_view.other,在联系人界面，没有添加联系人的功能,17,16,1
途牛,途牛,10010000004443,10010000004443,login.other.other,login.other.other,第三方登录不成功，只能使用手机登录,17,16,1
途牛,途牛,10010000003908,10010000003908,other.image_banner.other,other.image_banner.other,举报没有分类，比如诈骗，广告，涉黄,17,14,1
途牛,途牛,10010000003917,10010000003917,private_chat.image_banner.other,private_chat.image_banner.other,私聊发图片的时候会自动过滤好多图片,17,17,1
途牛,途牛,10010000003960,10010000003960,message_send.chat.other,message_send.chat.other,发出去的消息只有删除和复制两个功能,17,17,1
途牛,途牛,10010000004131,10010000004131,share.share_panel.other,share.share_panel.other,不支持微信、微博、QQ等第三方登陆,17,15,1
途牛,途牛,10010000005414,10010000005414,message_send.chat.other,message_send.chat.other,没人聊天的时候，来信息提示也会出现,17,16,1
途牛,途牛,10010000004327,10010000004327,other.other.other,other.other.other,自己从相册添加的表情发出后太过模糊,17,17,1
途牛,途牛,10010000004344,10010000004344,message_send.other.other,message_send.other.other,从图库添加表情后发送时变得非常模糊,17,17,1
途牛,途牛,10010000004492,10010000004492,message_send.audio.cannot_or_fail,message_send.audio.cannot_or_fail,播放已发送语音内容时，不能取消播放,17,16,1
途牛,途牛,10010000004550,10010000004550,message_send.other.other,message_send.other.other,发送文字描述时，对非法关键字无限制,17,16,1
途牛,途牛,10010000004280,10010000004280,other.other.cannot_or_fail,other.other.cannot_or_fail,单行程功能不，完善，不能多多行程。,17,14,1
途牛,途牛,10010000004509,10010000004509,other.other.cannot_or_fail,other.other.cannot_or_fail,无法使用qq登陆，严重影响用户体验,17,16,1
途牛,途牛,10010000004632,10010000004632,other.input_box.other,other.input_box.other,当输入多行字时输入框只显示一行半。,17,16,1
途牛,途牛,10010000005194,10010000005194,message_send.other.other,message_send.other.other,从图库添加表情后发送时变得非常模糊,17,17,1
途牛,途牛,10010000004874,10010000004874,message_send.other.other,message_send.other.other,发送特定的代码会让APP失去响应。,17,16,1
途牛,途牛,10010000005255,10010000005255,other.other.wrong_value,other.other.wrong_value,选择某产品，点击收藏，出现参数错误,17,15,1
途牛,途牛,10010000005156,10010000005156,message_send.audio.other,message_send.audio.other,发送的语音自己这边用耳机只有单声道,17,17,1
途牛,途牛,10010000006301,10010000006301,comment.button_icon.other,comment.button_icon.other,回复评论无发表按钮，用户体验不方便,17,16,1
途牛,途牛,10010000007082,10010000007082,playback.image_banner.cannot_or_fail,playback.image_banner.cannot_or_fail,表情单一，不能添加动态图片，视频等,17,15,1
途牛,途牛,10010000005536,10010000005536,search.other.other,search.other.other,搜索栏不应该出现与“岛”无关的地点,17,15,1
途牛,途牛,10010000005653,10010000005653,register.other.other,register.other.other,注册时未能检测国外手机号码完整性。,17,16,1
途牛,途牛,10010000006071,10010000006071,other.other.other,other.other.other,点击我的，专属顾问，软件会自动退出,17,15,1
途牛,途牛,10010000005967,10010000005967,message_send.image_banner.crash,message_send.image_banner.crash,聊天发送拍照图片时，程序闪退。,15,13,1
途牛,途牛,10010000006057,10010000006057,other.page_view.layout_issue,other.page_view.layout_issue,打开软件首页面，页面布局出现混乱。,17,15,1
途牛,途牛,10010000006276,10010000006276,message_send.audio.other,message_send.audio.other,长按自己发送的语音，取消功能没用用,17,16,1
途牛,途牛,10010000006484,10010000006484,other.page_view.other,other.page_view.other,同一个用户的名称在不同界面存在缺损,17,17,1
途牛,途牛,10010000007052,10010000007052,private_chat.chat.other,private_chat.chat.other,找到加好友私聊好友的功能区域很困难,17,17,1
途牛,途牛,10010000006709,10010000006709,other.other.other,other.other.other,用户头像头发创建，特别讨厌！！！！,17,12,0
途牛,途牛,10010000006953,10010000006953,other.other.other,other.other.other,按常理不应该可以举报自己发布的图文,17,17,1
途牛,途牛,10010000001945,10010000001945,other.page_view.other,other.page_view.other,页面下面景点和鼓浪屿连在一起，不协调,18,17,1
途牛,途牛,10010000002251,10010000002251,other.page_view.cannot_or_fail,other.page_view.cannot_or_fail,不能多次选择门票，总是会跳到结算页面,18,17,1
途牛,途牛,10010000002637,10010000002637,message_send.image_banner.other,message_send.image_banner.other,与陌生人聊天选择图片时，软件突然退出,18,17,1
途牛,途牛,10010000002470,10010000002470,login.other.wrong_value,login.other.wrong_value,第三方登录失效，微信登录没有可用接口,18,17,1
途牛,途牛,10010000003446,10010000003446,other.list_item.other,other.list_item.other,建议在我的帖子内增加发布新帖子选项。,18,17,1
途牛,途牛,10010000004269,10010000004269,comment.list_item.other,comment.list_item.other,评论提示内容和输入的文字只会显示一半,18,18,1
途牛,途牛,10010000003342,10010000003342,other.page_view.layout_issue,other.page_view.layout_issue,页面不美观，单调，可以加入自己的分类,18,16,1
途牛,途牛,10010000002606,10010000002606,other.other.wrong_value,other.other.wrong_value,在输入错误的目的地后没有错误联想功能,18,18,1
途牛,途牛,10010000002643,10010000002643,other.page_view.other,other.page_view.other,有些部分的功能模块上的图片太过于模糊,18,18,1
途牛,途牛,10010000002647,10010000002647,gps_track.gps.wrong_value,gps_track.gps.wrong_value,定位当前位置失效（GPS开启情况下）,18,16,1
途牛,途牛,10010000002451,10010000002451,other.other.other,other.other.other,表情数量太少，不符合当下的互联网趋势,18,17,1
途牛,途牛,10010000004295,10010000004295,other.chat.other,other.chat.other,在加完好友，好友更新昵称后显示不正常,18,17,1
途牛,途牛,10010000005298,10010000005298,message_send.page_view.other,message_send.page_view.other,聊天页面，点击添加中的管理应用不可用,18,17,1
途牛,途牛,10010000003264,10010000003264,message_send.audio.cannot_or_fail,message_send.audio.cannot_or_fail,在手机静音模式下，发送语音无法收听。,18,16,1
途牛,途牛,10010000004862,10010000004862,message_send.chat.other,message_send.chat.other,接收新消息时，出现长时间延时提醒现象,18,17,1
途牛,途牛,10010000004486,10010000004486,message_send.other.other,message_send.other.other,屏蔽用户之后，却能收到对方输入状态。,18,16,1
途牛,途牛,10010000003255,10010000003255,message_send.image_banner.cannot_or_fail,message_send.image_banner.cannot_or_fail,发送图片的时候，不可以对图片进行编辑,18,17,1
途牛,途牛,10010000002636,10010000002636,search.list_item.cannot_or_fail,search.list_item.cannot_or_fail,关注列表和联系人列表中均无法搜索好友,18,18,1
途牛,途牛,10010000003962,10010000003962,other.other.other,other.other.other,发过多表情时会出现表情成为中文字样。,18,17,1
途牛,途牛,10010000004241,10010000004241,gps_track.page_view.cannot_or_fail,gps_track.page_view.cannot_or_fail,打开软件首页，地点定位功能不能使用。,18,16,1
途牛,途牛,10010000002666,10010000002666,other.other.other,other.other.other,投诉中先打文字后打数字后出现自动换行,18,18,1
途牛,途牛,10010000003025,10010000003025,other.input_box.other,other.input_box.other,输入框中文字上走，而不是输入框变大。,18,16,1
途牛,途牛,10010000005420,10010000005420,message_send.chat.other,message_send.chat.other,聊天联系人加上分组，就联系人进行管理,18,17,0
途牛,途牛,10010000002797,10010000002797,other.chat.cannot_or_fail,other.chat.cannot_or_fail,无法手动输入寻找认识的好友，稍有不便,18,17,1
途牛,途牛,10010000003739,10010000003739,message_send.other.other,message_send.other.other,人工服务发送信息后下方添加和表情无效,18,18,1
途牛,途牛,10010000003502,10010000003502,other.other.other,other.other.other,在测试的过程中，app无端自动退出。,18,16,1
途牛,途牛,10010000004076,10010000004076,other.button_icon.other,other.button_icon.other,有时候点击按钮的时候，反应会慢半拍。,18,16,1
途牛,途牛,10010000003430,10010000003430,other.list_item.other,other.list_item.other,对其他用户所发帖子进行点赞，出现负数,18,17,1
途牛,途牛,10010000003142,10010000003142,other.other.cannot_or_fail,other.other.cannot_or_fail,出境跟团游不能进行收藏，其他的可以。,18,16,1
途牛,途牛,10010000006482,10010000006482,other.chat.other,other.chat.other,没发直接加好友，只有到动态加特定好友,18,17,1
途牛,途牛,10010000002964,10010000002964,private_chat.input_box.cannot_or_fail,private_chat.input_box.cannot_or_fail,私聊输入长文本，文本框宽度无法自适应,18,17,1
途牛,途牛,10010000003191,10010000003191,login.share_panel.cannot_or_fail,login.share_panel.cannot_or_fail,其他账号登录，微信无法点击，微博出错,18,16,1
途牛,途牛,10010000003506,10010000003506,message_send.button_icon.cannot_or_fail,message_send.button_icon.cannot_or_fail,发送信息长按无法显示的取消按钮无反应,18,18,1
途牛,途牛,10010000003659,10010000003659,other.other.other,other.other.other,询问客服，点击结束服务，仍然没有回应,18,16,1
途牛,途牛,10010000004168,10010000004168,message_send.other.cannot_or_fail,message_send.other.cannot_or_fail,wifi切换到数据网络，无法发送信息,18,17,1
途牛,途牛,10010000003623,10010000003623,playback.step.other,playback.step.other,接受到语音之后加载时间过长，超过三秒,18,17,1
途牛,途牛,10010000003289,10010000003289,private_chat.chat.cannot_or_fail,private_chat.chat.cannot_or_fail,用户无法自定义喜欢私聊背景和文字类型,18,18,1
途牛,途牛,10010000003573,10010000003573,playback.button_icon.other,playback.button_icon.other,语音输入时语音输入图标占空间过于大！,18,17,1
途牛,途牛,10010000003674,10010000003674,other.button_icon.cannot_or_fail,other.button_icon.cannot_or_fail,点击人工服务后下方功能按钮无法使用。,18,17,1
途牛,途牛,10010000003192,10010000003192,login.other.other,login.other.other,多个手机可以同时登录，帐户安全无保障,18,17,1
途牛,途牛,10010000003260,10010000003260,playback.audio.cannot_or_fail,playback.audio.cannot_or_fail,无法与客服语音交流。,10,9,1
途牛,途牛,10010000005344,10010000005344,other.image_banner.cannot_or_fail,other.image_banner.cannot_or_fail,在途牛保存的图片很难找，不能很好利用,18,17,1
途牛,途牛,10010000003770,10010000003770,other.other.cannot_or_fail,other.other.cannot_or_fail,自己手机输入法里面的表情无法原样输出,18,18,1
途牛,途牛,10010000003967,10010000003967,playback.audio.cannot_or_fail,playback.audio.cannot_or_fail,播放语音时不能切换听筒或扬声器播放。,18,17,1
途牛,途牛,10010000004661,10010000004661,other.page_view.other,other.page_view.other,我的主页中，小组页面内没有创建或添加,18,17,1
途牛,途牛,10010000003999,10010000003999,login.page_view.other,login.page_view.other,用户登录出现这个界面，不理解什么意思,18,17,0
途牛,途牛,10010000005680,10010000005680,search.other.cannot_or_fail,search.other.cannot_or_fail,用户体验问题：不能直接查找其他用户。,18,16,1
途牛,途牛,10010000003567,10010000003567,message_send.button_icon.other,message_send.button_icon.other,长按发出的语音消息，取消按钮没有作用,18,17,1
途牛,途牛,10010000003499,10010000003499,message_send.chat.other,message_send.chat.other,双方聊天时己方对话会出现在对方对话中,18,18,1
途牛,途牛,10010000004258,10010000004258,message_send.step.other,message_send.step.other,语音时间超过60秒会中断，并且不发送,18,17,1
途牛,途牛,10010000004464,10010000004464,other.page_view.other,other.page_view.other,在信息列表页面不会提示屏蔽了哪些用户,18,18,1
途牛,途牛,10010000004162,10010000004162,other.image_banner.cannot_or_fail,other.image_banner.cannot_or_fail,图片虽可以保存到本地，但不能收藏图片,18,17,1
途牛,途牛,10010000004048,10010000004048,message_send.list_item.other,message_send.list_item.other,再次进入聊天，图片聊天记录后自动删除,18,17,1
途牛,途牛,10010000004141,10010000004141,playback.audio.other,playback.audio.other,语音播放混乱，点击第二条，播放第二条,18,16,1
途牛,途牛,10010000004423,10010000004423,message_send.chat.cannot_or_fail,message_send.chat.cannot_or_fail,检测不出最新的版本，有些消息无法接收,18,17,1
途牛,途牛,10010000004343,10010000004343,other.button_icon.other,other.button_icon.other,途牛放置后台后，点击图标进入途牛必现,18,17,1
途牛,途牛,10010000005740,10010000005740,login.page_view.freeze,login.page_view.freeze,以微信平台登录时，则页面一直无响应。,18,16,1
途牛,途牛,10010000005001,10010000005001,search.other.other,search.other.other,某些地区没有相关搜索，覆盖率不够广呀,18,17,0
途牛,途牛,10010000004525,10010000004525,comment.list_item.crash,comment.list_item.crash,在评论他人所发图片是经常出现闪退现象,18,18,1
途牛,途牛,10010000004785,10010000004785,other.other.display_missing,other.other.display_missing,"关注人不显示账号名称,只显示数字号码",18,17,1
途牛,途牛,10010000004667,10010000004667,other.other.other,other.other.other,"“暖冬特惠”活动页标题太长,过于赘余",18,15,1
途牛,途牛,10010000006249,10010000006249,login.chat.other,login.chat.other,换了设备登录后之前的聊天信息没有了。,18,17,1
途牛,途牛,10010000006175,10010000006175,other.other.crash,other.other.crash,有时会出现闪退情况，情况突然无法截图,18,17,0
途牛,途牛,10010000004652,10010000004652,other.other.other,other.other.other,在一些如魅族的应用商店里，显示有病毒,18,17,1
途牛,途牛,10010000005247,10010000005247,message_send.page_view.cannot_or_fail,message_send.page_view.cannot_or_fail,不能设置聊天背景，灰白背景十分单调。,18,16,1
途牛,途牛,10010000005034,10010000005034,private_chat.chat.other,private_chat.chat.other,未限制私聊内容的长度，可发送超长数据,18,17,1
途牛,途牛,10010000005984,10010000005984,message_send.image_banner.other,message_send.image_banner.other,聊天窗口显示不出用户修改的自定义图片,18,18,1
途牛,途牛,10010000006846,10010000006846,private_chat.image_banner.other,private_chat.image_banner.other,途牛私聊时，给陌生人发送图片显示模糊,18,17,1
途牛,途牛,10010000006246,10010000006246,share.share_panel.other,share.share_panel.other,分享只能分享到微博，其他分享都不可用,18,17,1
途牛,途牛,10010000006780,10010000006780,message_send.list_item.other,message_send.list_item.other,聊天记录没有分页，保存的聊天记录有限,18,17,1
途牛,途牛,10010000005770,10010000005770,search.list_item.cannot_or_fail,search.list_item.cannot_or_fail,无法搜索到自己发的帖子和朋友发的帖子,18,18,1
途牛,途牛,10010000005898,10010000005898,message_send.audio.layout_issue,message_send.audio.layout_issue,发送语音信息只能六十秒以内，不能超出,18,17,1
途牛,途牛,10010000006585,10010000006585,search.other.cannot_or_fail,search.other.cannot_or_fail,无法直接搜索到县级市，只能搜索市加县,18,17,1
途牛,途牛,10010000006789,10010000006789,other.other.other,other.other.other,所贴标签可以和所去的地点没有必然联系,18,18,1
途牛,途牛,10010000006203,10010000006203,other.other.cannot_or_fail,other.other.cannot_or_fail,魅族手机不能对途牛app进行正常下载,18,18,1
途牛,途牛,10010000006434,10010000006434,message_send.audio.cannot_or_fail,message_send.audio.cannot_or_fail,在手机静音模式下，发送语音无法收听。,18,16,1
途牛,途牛,10010000006554,10010000006554,message_send.chat.other,message_send.chat.other,接收新消息时，出现长时间延时提醒现象,18,17,1
途牛,途牛,10010000006350,10010000006350,private_chat.chat.other,private_chat.chat.other,陌生用户与互为关注的私聊路径没有改变,18,18,1
途牛,途牛,10010000006429,10010000006429,message_send.chat.cannot_or_fail,message_send.chat.cannot_or_fail,聊天时动态图不能预览，影响用户体验。,18,16,1
途牛,途牛,10010000006455,10010000006455,other.other.cannot_or_fail,other.other.cannot_or_fail,信息不能完全的接受 会漏掉一部分。,17,15,1
途牛,途牛,10010000007105,10010000007105,other.other.other,other.other.other,不成功的转发，提示转发提示量增加了。,18,16,1
途牛,途牛,10010000007160,10010000007160,other.image_banner.other,other.image_banner.other,对方发过来的高清图片，查看时会模糊。,18,16,1
途牛,途牛,10010000000757,10010000000757,other.other.cannot_or_fail,other.other.cannot_or_fail,在个人信息编辑时，更换头像功能无法实现,19,18,1
途牛,途牛,10010000000874,10010000000874,other.button_icon.permission,other.button_icon.permission,授权第三方登陆的微信按钮点击没有反应。,19,18,1
途牛,途牛,10010000001744,10010000001744,other.page_view.other,other.page_view.other,界面不简洁，过于花哨，不易找到关键信息,19,17,1
途牛,途牛,10010000002061,10010000002061,other.page_view.other,other.page_view.other,首次安装打开欢迎界面转主界面等待时间长,19,19,1
途牛,途牛,10010000002153,10010000002153,other.page_view.crash,other.page_view.crash,在点击专属顾问后，进去界面大概几秒崩溃,19,18,1
途牛,途牛,10010000004254,10010000004254,message_send.image_banner.other,message_send.image_banner.other,将图片导成表情后，发送的图片清晰度很低,19,18,1
途牛,途牛,10010000002890,10010000002890,other.page_view.freeze,other.page_view.freeze,滑动页面的时候有轻微卡顿，但不影响使用,19,18,1
途牛,途牛,10010000002316,10010000002316,gps_track.gps.permission,gps_track.gps.permission,定位权限已被允许但是 无法获取定位信息,19,18,1
途牛,途牛,10010000003826,10010000003826,shopping.page_view.wrong_value,shopping.page_view.wrong_value,购买旅游页面点击收藏 提示用户参数错误,19,18,1
途牛,途牛,10010000005816,10010000005816,message_send.button_icon.other,message_send.button_icon.other,发送按钮和换行按钮一致，容易产生误导。,19,17,1
途牛,途牛,10010000002449,10010000002449,share.page_view.other,share.page_view.other,"点击一个分目录时,没有返回主页面的链接",19,18,1
途牛,途牛,10010000002687,10010000002687,other.page_view.other,other.page_view.other,"刚进入APP时页面有闪烁感,用户体验差",19,18,1
途牛,途牛,10010000002827,10010000002827,other.page_view.other,other.page_view.other,"页面功能有重复出现的模块,如“我身边”",19,16,1
途牛,途牛,10010000003910,10010000003910,message_send.chat.other,message_send.chat.other,聊天消息的顺序会出现紊乱，影响聊天体验,19,18,1
途牛,途牛,10010000005053,10010000005053,notification.other.other,notification.other.other,信息通知栏的上面不会有用户来的信息提示,19,19,1
途牛,途牛,10010000003241,10010000003241,message_send.button_icon.cannot_or_fail,message_send.button_icon.cannot_or_fail,无法快捷查看聊天记录，没有设置相关按钮,19,18,1
途牛,途牛,10010000002416,10010000002416,other.other.other,other.other.other,在发现,3,3,1
途牛,途牛,10010000004884,10010000004884,message_send.image_banner.other,message_send.image_banner.other,拍照图片发送只能直接发送原图，太费流量,19,18,1
途牛,途牛,10010000003240,10010000003240,message_send.list_item.other,message_send.list_item.other,和客服聊天，退出再点进去就没有记录了。,19,17,1
途牛,途牛,10010000004044,10010000004044,message_send.page_view.no_prompt,message_send.page_view.no_prompt,和别人聊天，设置了提醒，但是并没有提示,19,17,1
途牛,途牛,10010000005141,10010000005141,other.other.other,other.other.other,编辑信息超过一行，编辑框不会自动扩展,18,17,1
途牛,途牛,10010000005237,10010000005237,other.page_view.other,other.page_view.other,页面刷新不及时，牛头还有36个显示不足,19,18,1
途牛,途牛,10010000003818,10010000003818,playback.audio.other,playback.audio.other,语音交流太差，根本听不清楚，网络无问题,19,17,1
途牛,途牛,10010000002667,10010000002667,other.other.other,other.other.other,点击陌生人的头像，app停止运行后退出,19,18,1
途牛,途牛,10010000003270,10010000003270,message_send.chat.crash,message_send.chat.crash,同时和多人进行聊天，会出现程序崩溃现象,19,18,1
途牛,途牛,10010000005270,10010000005270,message_send.other.freeze,message_send.other.freeze,对方发送文字过多时，严重卡顿，甚至死机,19,17,0
途牛,途牛,10010000005864,10010000005864,message_send.image_banner.load_fail,message_send.image_banner.load_fail,大量发送相同图片时，中间会出现无法加载,19,18,0
途牛,途牛,10010000002906,10010000002906,other.other.cannot_or_fail,other.other.cannot_or_fail,所有的与第三方软件有关的操作均无法实现,19,19,0
途牛,途牛,10010000002981,10010000002981,other.page_view.other,other.page_view.other,在该页面，触发滑动事件图层出现层叠现象,19,18,1
途牛,途牛,10010000004607,10010000004607,message_send.image_banner.other,message_send.image_banner.other,图片发送9个，但是对方只能接受到6个。,19,17,0
途牛,途牛,10010000005940,10010000005940,message_send.chat.other,message_send.chat.other,保存聊天草稿后联系人的聊天顺序无变化。,19,18,1
途牛,途牛,10010000007195,10010000007195,share.chat.crash,share.chat.crash,点击消息中输入的外网链接，小概率闪退。,19,17,1
途牛,途牛,10010000003318,10010000003318,search.page_view.cannot_or_fail,search.page_view.cannot_or_fail,行程玩法界面的搜索自由行套餐点击无反应,19,19,1
途牛,途牛,10010000003132,10010000003132,search.chat.cannot_or_fail,search.chat.cannot_or_fail,用户无法手动搜索直接关注相熟好友的账号,19,19,1
途牛,途牛,10010000007074,10010000007074,other.other.other,other.other.other,数据没有实时更新，数据传输有时候会丢包,19,18,1
途牛,途牛,10010000003236,10010000003236,search.other.cannot_or_fail,search.other.cannot_or_fail,无法搜索联系人,7,7,1
途牛,途牛,10010000006344,10010000006344,other.other.cannot_or_fail,other.other.cannot_or_fail,陌生人之间和互相关注的人之间无法区分。,19,18,1
途牛,途牛,10010000004817,10010000004817,message_send.chat.cannot_or_fail,message_send.chat.cannot_or_fail,在聊天路径无法显示是已关注还是陌生人。,19,18,1
途牛,途牛,10010000003942,10010000003942,other.other.cannot_send,other.other.cannot_send,苹果手机用模拟器不能发中文，只能发英文,19,18,1
途牛,途牛,10010000004928,10010000004928,other.page_view.cannot_or_fail,other.page_view.cannot_or_fail,关注界面中，点击不能进入关注人主界面。,19,17,1
途牛,途牛,10010000004453,10010000004453,private_chat.chat.other,private_chat.chat.other,私聊输入内容长度没有限制，可以无限输入,19,18,1
途牛,途牛,10010000003575,10010000003575,groupchat.page_view.other,groupchat.page_view.other,在群聊页面没有建立群聊或加入群聊的功能,19,19,1
途牛,途牛,10010000005004,10010000005004,message_send.chat.other,message_send.chat.other,语音不准确，不管谁发的消息都是一个内容,19,18,1
途牛,途牛,10010000003652,10010000003652,login.page_view.load_fail,login.page_view.load_fail,登录界面，连击登录键，验证码加载不出来,19,17,1
途牛,途牛,10010000003707,10010000003707,other.chat.cannot_or_fail,other.chat.cannot_or_fail,无法添加好友，只能添加系统推荐的陌生人,19,18,1
途牛,途牛,10010000004212,10010000004212,message_send.image_banner.cannot_or_fail,message_send.image_banner.cannot_or_fail,已发送图片不能直接观看，只能点开才能看,19,18,1
途牛,途牛,10010000003525,10010000003525,message_send.input_box.other,message_send.input_box.other,聊天页面输入框所允许输入的内容范围过大,19,19,1
途牛,途牛,10010000003961,10010000003961,other.other.other,other.other.other,使用输入法表情时显示不出正常该有的表情,19,19,1
途牛,途牛,10010000004403,10010000004403,other.button_icon.other,other.button_icon.other,图标过小，不容易找到，意思也不容易理解,19,17,1
途牛,途牛,10010000003735,10010000003735,private_chat.chat.other,private_chat.chat.other,找不到私聊纪录。没有明显的提示或按键。,19,17,1
途牛,途牛,10010000003662,10010000003662,other.other.crash,other.other.crash,测试过程中“途牛”客户端突然无前兆闪退,19,17,1
途牛,途牛,10010000004232,10010000004232,other.other.cannot_or_fail,other.other.cannot_or_fail,登陆之后完善个人信息，头像无法正常提交,19,18,1
途牛,途牛,10010000003754,10010000003754,other.other.other,other.other.other,点击我的,4,4,1
途牛,途牛,10010000006862,10010000006862,other.chat.cannot_or_fail,other.chat.cannot_or_fail,好友之间不能相互推荐，没有推荐好友功能,19,18,1
途牛,途牛,10010000004818,10010000004818,other.list_item.cannot_or_fail,other.list_item.cannot_or_fail,联系人列表不能提现出用户的好友是否在线,19,19,1
途牛,途牛,10010000004063,10010000004063,comment.input_box.other,comment.input_box.other,评论他人的帖子时输入框被挡住上半部分。,19,18,1
途牛,途牛,10010000005429,10010000005429,other.other.cannot_or_fail,other.other.cannot_or_fail,头像上传的时候，显示无法保存裁剪的图像,19,18,1
途牛,途牛,10010000004106,10010000004106,other.other.crash,other.other.crash,每次点开我的专属顾问时，屏幕会自动闪退,19,18,1
途牛,途牛,10010000004740,10010000004740,search.chat.cannot_or_fail,search.chat.cannot_or_fail,无法实现查找好友并添加的功能，很麻烦。,19,17,1
途牛,途牛,10010000004089,10010000004089,message_send.page_view.other,message_send.page_view.other,发送gif图时，显示在聊天页面中不会动,19,18,1
途牛,途牛,10010000004002,10010000004002,message_send.audio.other,message_send.audio.other,由用户本身发送的语音气泡经常出现在左侧,19,19,1
途牛,途牛,10010000005584,10010000005584,search.chat.cannot_or_fail,search.chat.cannot_or_fail,不能搜索加好友，加好友只能通过共游途径,19,18,1
途牛,途牛,10010000005602,10010000005602,message_send.chat.cannot_or_fail,message_send.chat.cannot_or_fail,无法修改聊天字体大小，个人感觉字体过小,19,18,1
途牛,途牛,10010000006058,10010000006058,other.other.other,other.other.other,投诉输入100字，实际只能够97个字。,19,17,1
途牛,途牛,10010000005061,10010000005061,private_chat.page_view.other,private_chat.page_view.other,进入用户与用户之间的私聊页面步骤太繁琐,19,19,1
途牛,途牛,10010000004561,10010000004561,groupchat.chat.cannot_or_fail,groupchat.chat.cannot_or_fail,不能通过添加好友发起群聊，无法添加好友,19,18,1
途牛,途牛,10010000004490,10010000004490,message_send.chat.other,message_send.chat.other,同时俩个以上语音聊天，语音聊天串在一起,19,18,1
途牛,途牛,10010000005343,10010000005343,other.page_view.other,other.page_view.other,在同一页面切换不同项的时候加载过慢,17,17,1
途牛,途牛,10010000005233,10010000005233,other.other.other,other.other.other,安装过程中，产生黑屏，持续15秒左右。,19,16,1
途牛,途牛,10010000004738,10010000004738,message_send.image_banner.other,message_send.image_banner.other,发送图片后，点击查看图片，图片看不清！,19,16,1
途牛,途牛,10010000005650,10010000005650,message_send.image_banner.other,message_send.image_banner.other,选择一张图片可以发送，不选择也可以发送,19,18,0
途牛,途牛,10010000005244,10010000005244,message_send.other.wrong_value,message_send.other.wrong_value,当发送大量文字时，输入状态被错误显示。,19,17,1
途牛,途牛,10010000005144,10010000005144,share.share_panel.cannot_share,share.share_panel.cannot_share,"手机截屏后无法分享到朋友圈,QQ或微博",19,18,1
途牛,途牛,10010000005464,10010000005464,message_send.page_view.other,message_send.page_view.other,收到消息通知点击后，没有跳转到聊天页面,19,18,1
途牛,途牛,10010000005418,10010000005418,message_send.chat.freeze,message_send.chat.freeze,开启消息提醒的状态下，有时提醒有延迟。,19,17,1
途牛,途牛,10010000005073,10010000005073,other.other.crash,other.other.crash,任意点击都会出现闪退,10,10,1
途牛,途牛,10010000005299,10010000005299,message_send.page_view.cannot_or_fail,message_send.page_view.cannot_or_fail,聊天页面设置无法给用户加备注，用以区分,19,18,1
途牛,途牛,10010000005472,10010000005472,comment.list_item.cannot_or_fail,comment.list_item.cannot_or_fail,评论帖子的时候，输入的表情无法正常显示,19,18,1
途牛,途牛,10010000006172,10010000006172,share.share_panel.cannot_or_fail,share.share_panel.cannot_or_fail,分享只能分享到微博，其余功能无法使用。,19,17,1
途牛,途牛,10010000005706,10010000005706,search.page_view.other,search.page_view.other,联系人页面没有添加或者查找联系人的功能,19,19,1
途牛,途牛,10010000006355,10010000006355,message_send.chat.other,message_send.chat.other,不支持回车发送消息（点击回车后会换行）,19,17,1
途牛,途牛,10010000005877,10010000005877,other.image_banner.other,other.image_banner.other,把图片添加为表情包，发出去的依然是图片,19,18,1
途牛,途牛,10010000006528,10010000006528,message_send.button_icon.display_missing,message_send.button_icon.display_missing,在聊天设置中有时不显示“屏蔽消息”按钮,19,17,1
途牛,途牛,10010000006439,10010000006439,message_send.chat.other,message_send.chat.other,当聊天时输入内容过多，会出现显示不完全,19,18,1
途牛,途牛,10010000005865,10010000005865,other.chat.cannot_or_fail,other.chat.cannot_or_fail,不能给好友添加备注，这样，不能区分好友,19,17,1
途牛,途牛,10010000006341,10010000006341,message_send.chat.other,message_send.chat.other,聊天系统自带表情单一，用户体验不精彩。,19,17,1
途牛,途牛,10010000006800,10010000006800,private_chat.chat.other,private_chat.chat.other,出现过一次，可能是私聊的人太多直接黑屏,19,18,0
途牛,途牛,10010000006810,10010000006810,message_send.image_banner.other,message_send.image_banner.other,在发送最多9张图片时，发现小概率的卡住,19,18,1
途牛,途牛,10010000007007,10010000007007,search.other.cannot_or_fail,search.other.cannot_or_fail,具体的目的地搜索 高密 无法搜索到结果,19,17,1
途牛,途牛,10010000007042,10010000007042,other.other.crash,other.other.crash,点击“专属顾问”后1s左右有闪退现象。,19,16,1
途牛,途牛,10010000007061,10010000007061,share.share_panel.freeze,share.share_panel.freeze,点击分享到微信、朋友圈、QQ均无响应。,19,16,1
途牛,途牛,10010000002179,10010000002179,gps_track.gps.cannot_or_fail,gps_track.gps.cannot_or_fail,手机gps已打开，但软件仍无法获取位置。,20,18,1
途牛,途牛,10010000002314,10010000002314,login.share_panel.freeze,login.share_panel.freeze,微博，QQ无法登录，微信登录点击无响应。,20,17,1
途牛,途牛,10010000003202,10010000003202,other.other.cannot_or_fail,other.other.cannot_or_fail,网络切换完成时，Title栏无法及时更新,20,19,1
途牛,途牛,10010000006612,10010000006612,other.page_view.other,other.page_view.other,点击尾货特卖 跳转如空白页面 无任何内容,20,18,1
途牛,途牛,10010000002460,10010000002460,other.page_view.other,other.page_view.other,经常性的找不到页面，推荐的旅游景点也没有,20,19,0
途牛,途牛,10010000006538,10010000006538,message_send.chat.other,message_send.chat.other,接受到的语音都是与对方聊天的第一次的语音,20,20,0
途牛,途牛,10010000004472,10010000004472,other.other.other,other.other.other,我才点击一次获取验证码，就会出现操作频繁,20,19,1
途牛,途牛,10010000003084,10010000003084,other.other.cannot_or_fail,other.other.cannot_or_fail,刷新文本为白色，背景为白色，用户无法看清,20,18,1
途牛,途牛,10010000002660,10010000002660,private_chat.button_icon.other,private_chat.button_icon.other,在私聊路径模块，找不到添加联系人的按钮！,20,18,1
途牛,途牛,10010000002784,10010000002784,private_chat.page_view.other,private_chat.page_view.other,私聊设置里面没有查看以往聊天记录的选项。,20,19,1
途牛,途牛,10010000002467,10010000002467,share.button_icon.cannot_or_fail,share.button_icon.cannot_or_fail,当使用分享按钮时，分享到QQ的按钮无反应,20,19,1
途牛,途牛,10010000003326,10010000003326,other.button_icon.other,other.button_icon.other,在联系人界面没有添加联系人按钮，很不方便,20,19,1
途牛,途牛,10010000003515,10010000003515,message_send.chat.other,message_send.chat.other,通知栏有消息来时，点击消息栏没有任何反应,20,19,1
途牛,途牛,10010000004824,10010000004824,message_send.chat.other,message_send.chat.other,用户聊天时，两人之间信息的先后顺序不一致,20,19,1
途牛,途牛,10010000002814,10010000002814,other.chat.cannot_or_fail,other.chat.cannot_or_fail,无法直接通过ID或者昵称寻找好友进行添加,20,20,1
途牛,途牛,10010000002450,10010000002450,other.image_banner.other,other.image_banner.other,长按图片有取消键，但这个功能键没有必要。,20,18,1
途牛,途牛,10010000004587,10010000004587,message_send.page_view.cannot_delete,message_send.page_view.cannot_delete,聊天界面不能删除聊天。聊天不能设置置顶。,20,18,1
途牛,途牛,10010000006233,10010000006233,other.list_item.other,other.list_item.other,联系人列表可以下拉刷新,11,11,1
途牛,途牛,10010000002936,10010000002936,message_send.image_banner.other,message_send.image_banner.other,在发送图片时，选择图片时，会出现黑屏现象,20,18,1
途牛,途牛,10010000004276,10010000004276,message_send.image_banner.other,message_send.image_banner.other,发送动态图片时，发送出去之后显示为静态图,20,19,1
途牛,途牛,10010000004288,10010000004288,message_send.chat.no_prompt,message_send.chat.no_prompt,语音消息最长是60s，但是对用户没有提示,20,19,1
途牛,途牛,10010000002558,10010000002558,message_send.button_icon.other,message_send.button_icon.other,聊天框的表情栏里的删除按钮只能一个一个删,20,20,1
途牛,途牛,10010000002615,10010000002615,private_chat.input_box.freeze,private_chat.input_box.freeze,"向私聊文本框中出入长文本,发生严重卡顿。",20,18,1
途牛,途牛,10010000004111,10010000004111,private_chat.chat.cannot_or_fail,private_chat.chat.cannot_or_fail,当与别人聊天时，无法接受其他人的私聊提醒,20,19,1
途牛,途牛,10010000002796,10010000002796,private_chat.chat.other,private_chat.chat.other,私聊框很难找，让用户感到这个软件很难用。,20,18,1
途牛,途牛,10010000004568,10010000004568,message_send.chat.other,message_send.chat.other,接收到的语音都是与对方聊天的第一次的语音,20,20,0
途牛,途牛,10010000005202,10010000005202,other.page_view.crash,other.page_view.crash,使用天天模拟器无法进入他人主页面，会闪退,20,19,1
途牛,途牛,10010000003009,10010000003009,login.page_view.other,login.page_view.other,在登录界面时，用户账号没有具体的长度限制,20,19,1
途牛,途牛,10010000004899,10010000004899,message_send.image_banner.other,message_send.image_banner.other,发送的图片过于模糊，不清晰，影响聊天体验,20,18,1
途牛,途牛,10010000004058,10010000004058,message_send.chat.cannot_or_fail,message_send.chat.cannot_or_fail,屏蔽别人后，再解除屏蔽后，收不到别人消息,20,18,1
途牛,途牛,10010000003036,10010000003036,private_chat.page_view.display_missing,private_chat.page_view.display_missing,私聊界面已经发送的历史图片有时显示不出来,20,20,1
途牛,途牛,10010000003166,10010000003166,private_chat.image_banner.display_missing,private_chat.image_banner.display_missing,私聊发送图片 选择图片时图片显示不出来,19,18,1
途牛,途牛,10010000003160,10010000003160,login.other.cannot_or_fail,login.other.cannot_or_fail,第三方帐号不能登录，第三方微信不能点击！,20,18,1
途牛,途牛,10010000003077,10010000003077,private_chat.chat.crash,private_chat.chat.crash,在私聊功能中打开拍照功能是出现闪退的情况,20,20,1
途牛,途牛,10010000004731,10010000004731,other.image_banner.other,other.image_banner.other,点击清空图片缓存之后，直接就清空图片了。,20,18,1
途牛,途牛,10010000003681,10010000003681,message_send.page_view.cannot_or_fail,message_send.page_view.cannot_or_fail,拍照过后，发送的照片界面不能选择原图发送,20,19,1
途牛,途牛,10010000003361,10010000003361,message_send.image_banner.cannot_or_fail,message_send.image_banner.cannot_or_fail,聊天时发送图片只能单张发送 不能多张发送,20,19,1
途牛,途牛,10010000003689,10010000003689,other.page_view.other,other.page_view.other,联系人页面只有最近联系人，没有已关注用户,20,19,1
途牛,途牛,10010000004654,10010000004654,other.other.cannot_or_fail,other.other.cannot_or_fail,随意逛逛，点进旅游景点，无法收藏，并报错,20,17,1
途牛,途牛,10010000003526,10010000003526,other.other.other,other.other.other,用第三方登陆的时候，会出现如截图所事情况,20,19,0
途牛,途牛,10010000003653,10010000003653,login.other.other,login.other.other,第三方登录的时候，点击微信登录无任何反应,20,19,1
途牛,途牛,10010000004271,10010000004271,other.other.cannot_or_fail,other.other.cannot_or_fail,在刚下载的十分钟内，APP不能联网使用。,20,18,1
途牛,途牛,10010000004489,10010000004489,other.chat.cannot_or_fail,other.chat.cannot_or_fail,"无法寻找用户,无法与指定联系人添加好友!",20,18,1
途牛,途牛,10010000004102,10010000004102,search.chat.cannot_or_fail,search.chat.cannot_or_fail,无法通过搜索昵称或者账号等信息添加好友。,20,19,1
途牛,途牛,10010000005614,10010000005614,message_send.page_view.cannot_or_fail,message_send.page_view.cannot_or_fail,无法更换聊天界面的图片，个性化定制比较低,20,19,1
途牛,途牛,10010000006029,10010000006029,playback.audio.other,playback.audio.other,对方发过来的几条语音和第一条内容完全一样,20,20,1
途牛,途牛,10010000004240,10010000004240,playback.audio.other,playback.audio.other,发出的语音，并没有完全接收到，接收缺少。,20,17,1
途牛,途牛,10010000006878,10010000006878,other.page_view.crash,other.page_view.crash,地图中的景点选项，点击出现闪退到首页现象,20,19,1
途牛,途牛,10010000004114,10010000004114,message_send.chat.cannot_or_fail,message_send.chat.cannot_or_fail,无法发送空格（无任何文字、标点符号）消息,20,17,1
途牛,途牛,10010000005757,10010000005757,other.other.cannot_or_fail,other.other.cannot_or_fail,无法自动切换用户所在城市，且手动刷新无效,20,19,1
途牛,途牛,10010000004507,10010000004507,playback.audio.other,playback.audio.other,你收到的所有语音都是同一个发的第一条语音,20,20,1
途牛,途牛,10010000004813,10010000004813,private_chat.chat.other,private_chat.chat.other,陌生用户1和用户2建立私聊路径，难于找到,20,19,1
途牛,途牛,10010000006316,10010000006316,other.chat.other,other.chat.other,点我的，没有直接添加或者关注好友的功能。,20,18,1
途牛,途牛,10010000004758,10010000004758,search.chat.cannot_or_fail,search.chat.cannot_or_fail,无法通过账号查找等方式添加联系人发起私聊,20,20,1
途牛,途牛,10010000005508,10010000005508,login.other.wrong_value,login.other.wrong_value,在登录时若以第三方平台登录则一直出现错误,20,20,1
途牛,途牛,10010000004396,10010000004396,message_send.chat.other,message_send.chat.other,消息长度不做限制，任意发送任意长度的消息,20,19,1
途牛,途牛,10010000004439,10010000004439,other.other.other,other.other.other,举报不应该可以进行多次举报，一次举报即可,20,19,1
途牛,途牛,10010000004866,10010000004866,other.chat.cannot_or_fail,other.chat.cannot_or_fail,用户交互性·太差·，用户无法进行好友添加,20,17,1
途牛,途牛,10010000004640,10010000004640,private_chat.chat.other,private_chat.chat.other,发送的私聊长度没有限制，可能存在刷屏现象,20,19,1
途牛,途牛,10010000005321,10010000005321,playback.audio.other,playback.audio.other,两秒，七秒，一分钟的语音内容长度完全一样,20,18,0
途牛,途牛,10010000004684,10010000004684,search.chat.other,search.chat.other,添加好友功能复杂，不知道如何搜索添加好友,20,19,1
途牛,途牛,10010000005615,10010000005615,message_send.other.cannot_or_fail,message_send.other.cannot_or_fail,无法发送动态图或者动态图显示是为静态图。,20,19,1
途牛,途牛,10010000005623,10010000005623,settings.page_view.other,settings.page_view.other,某些敏感词汇、政要名称可被在设置成昵称。,20,18,1
途牛,途牛,10010000005033,10010000005033,settings.page_view.cannot_or_fail,settings.page_view.cannot_or_fail,无法设置图片保存位置，只能保存到默认位置,20,19,1
途牛,途牛,10010000005675,10010000005675,other.input_box.other,other.input_box.other,建议键盘输入、表情等图标设计得更小巧一些,20,19,1
途牛,途牛,10010000006306,10010000006306,message_send.chat.other,message_send.chat.other,建议当点击语音聊天时，录音标志做成动态的,20,19,1
途牛,途牛,10010000007057,10010000007057,other.other.other,other.other.other,与其他用户交互功能太少，建议增加其他功能,20,19,1
途牛,途牛,10010000007125,10010000007125,message_send.page_view.other,message_send.page_view.other,别人给你发送消息时没有在手机页面弹出提示,20,20,1
途牛,途牛,10010000005294,10010000005294,message_send.chat.other,message_send.chat.other,由于发送文本太长，聊天窗口框架出现变形。,20,18,1
途牛,途牛,10010000005040,10010000005040,other.page_view.layout_issue,other.page_view.layout_issue,触屏，滑动页面，页面内容重叠，布局错乱。,20,16,1
途牛,途牛,10010000005403,10010000005403,search.chat.other,search.chat.other,没有通过账号搜索添加联系人进行私聊的功能,20,20,1
途牛,途牛,10010000005347,10010000005347,other.other.other,other.other.other,如用户的邮箱比较长，则有可能会显示不正常,20,19,1
途牛,途牛,10010000005501,10010000005501,search.chat.other,search.chat.other,没有通过账号搜索添加联系人进行私聊的功能,20,20,1
途牛,途牛,10010000005904,10010000005904,private_chat.page_view.load_fail,private_chat.page_view.load_fail,手机上方私聊提示窗口点击无法进入私聊界面,20,20,1
途牛,途牛,10010000005975,10010000005975,login.other.other,login.other.other,第三方登录，QQ微信都不行。联想乐檬k3,20,18,1
途牛,途牛,10010000006667,10010000006667,private_chat.image_banner.cannot_or_fail,private_chat.image_banner.cannot_or_fail,在私聊中 不能使用其他的url地址的图片,20,19,1
途牛,途牛,10010000006146,10010000006146,other.image_banner.cannot_or_fail,other.image_banner.cannot_or_fail,头像，在使用相册图片时无法保存到截图头像,20,19,1
途牛,途牛,10010000006269,10010000006269,message_send.list_item.other,message_send.list_item.other,无聊天记录时，提示信息依旧为删除聊天记录,20,19,1
途牛,途牛,10010000006815,10010000006815,message_send.button_icon.wrong_value,message_send.button_icon.wrong_value,聊天界面的文字发送按钮太小，易点击错误。,20,18,1
途牛,途牛,10010000006272,10010000006272,login.chat.permission,login.chat.permission,发起私聊需要用户登录，qq等登录授权失败,20,19,1
途牛,途牛,10010000006400,10010000006400,message_send.image_banner.other,message_send.image_banner.other,在发送图片时，选择图片时，会出现黑屏现象,20,18,1
途牛,途牛,10010000006511,10010000006511,message_send.image_banner.other,message_send.image_banner.other,发送动态图片时，发送出去之后显示为静态图,20,19,1
途牛,途牛,10010000007115,10010000007115,gps_track.list_item.cannot_or_fail,gps_track.list_item.cannot_or_fail,发帖子时不能进行自动定位。能够定位更好。,20,18,1
途牛,途牛,10010000007205,10010000007205,message_send.chat.freeze,message_send.chat.freeze,当输入文本过多，再次输入，聊天会变得卡顿,20,18,1
途牛,途牛,10010000000825,10010000000825,settings.page_view.cannot_or_fail,settings.page_view.cannot_or_fail,个人资料设置中设置头像时无法获取本地照片！,21,20,1
途牛,途牛,10010000001662,10010000001662,other.other.other,other.other.other,删除一个目的地时，直接删除，缺少提示语句。,21,18,1
途牛,途牛,10010000002024,10010000002024,other.commerce.other,other.commerce.other,套餐的价格加入购物车之后就不一样了，变贵了,21,20,1
途牛,途牛,10010000002655,10010000002655,playback.audio.other,playback.audio.other,录音时过早结束收录声音，最后几秒总录不进去,21,20,1
途牛,途牛,10010000003621,10010000003621,message_send.chat.other,message_send.chat.other,发送的语音聊天只能发送1分钟，功能不完整。,21,19,1
途牛,途牛,10010000003243,10010000003243,other.other.other,other.other.other,屏蔽时，应该在相对应的人头像上有个屏蔽标志,21,20,1
途牛,途牛,10010000002979,10010000002979,search.chat.other,search.chat.other,只能通过发现做到搜索好友并关注，社交功能弱,21,20,1
途牛,途牛,10010000002494,10010000002494,private_chat.page_view.other,private_chat.page_view.other,私聊页面不够人性化，发完字后找不到发送按件,21,20,1
途牛,途牛,10010000002757,10010000002757,other.image_banner.other,other.image_banner.other,缺少了图片转发功能，给用户带来一定的不便。,21,19,0
途牛,途牛,10010000003864,10010000003864,other.other.other,other.other.other,上传头像无效,6,6,1
途牛,途牛,10010000005092,10010000005092,message_send.chat.no_prompt,message_send.chat.no_prompt,当自己和某一人聊天时，另外有人找时没有提示,21,20,1
途牛,途牛,10010000003175,10010000003175,other.image_banner.crash,other.image_banner.crash,在选择图片时，出现卡顿现象，之后出现闪退。,21,18,1
途牛,途牛,10010000004699,10010000004699,message_send.image_banner.cannot_or_fail,message_send.image_banner.cannot_or_fail,对发送出去的信息、图片、语音等不能够撤回。,21,18,1
途牛,途牛,10010000005184,10010000005184,message_send.chat.no_prompt,message_send.chat.no_prompt,对好友进行屏蔽后，聊天窗口内没有提示消息。,21,19,1
途牛,途牛,10010000002541,10010000002541,other.other.wrong_value,other.other.wrong_value,小米4 qq授权错误 错误码110404,20,18,1
途牛,途牛,10010000004741,10010000004741,message_send.chat.wrong_value,message_send.chat.wrong_value,用户已更改账号名称，聊天显示未更新为最新。,21,19,1
途牛,途牛,10010000002612,10010000002612,message_send.input_box.other,message_send.input_box.other,聊天界面下方输入框过于窄小，不易触摸输入。,21,19,1
途牛,途牛,10010000003094,10010000003094,gps_track.gps.cannot_or_fail,gps_track.gps.cannot_or_fail,在手机定位工作正常的情况下，无法获取定位。,21,19,1
途牛,途牛,10010000004293,10010000004293,playback.audio.other,playback.audio.other,当接受一段语音后，其他语音都会放第一段语音,21,20,1
途牛,途牛,10010000002599,10010000002599,shopping.commerce.cannot_or_fail,shopping.commerce.cannot_or_fail,用户提交订单后不能取消订单，订单会一直在。,21,19,1
途牛,途牛,10010000002692,10010000002692,message_send.list_item.other,message_send.list_item.other,联系人列表只有最近联系人，不方便发起聊天。,21,19,1
途牛,途牛,10010000003764,10010000003764,other.other.other,other.other.other,收藏游记时，点击收藏，星状符号没有发生变化,21,19,1
途牛,途牛,10010000004358,10010000004358,playback.audio.other,playback.audio.other,在手机静音的时候，听不了语音，qq是能听的,21,19,1
途牛,途牛,10010000002763,10010000002763,message_send.audio.other,message_send.audio.other,描述显示上滑取消语音发送，但是还是发出去了,21,20,1
途牛,途牛,10010000002730,10010000002730,playback.audio.wrong_value,playback.audio.wrong_value,a和b同时发给我一个语音，结果收到都是a的,21,20,1
途牛,途牛,10010000003062,10010000003062,other.other.crash,other.other.crash,点击进入我的，点击专属顾问，程序崩溃，退出,21,18,1
途牛,途牛,10010000004936,10010000004936,playback.audio.cannot_or_fail,playback.audio.cannot_or_fail,语音信息对方有时无法收到或被替换为其他内容,21,21,1
途牛,途牛,10010000002792,10010000002792,message_send.chat.other,message_send.chat.other,聊天窗口 选择多个表情时异常退出聊天窗口,20,19,1
途牛,途牛,10010000003129,10010000003129,login.other.cannot_or_fail,login.other.cannot_or_fail,用户登陆，第三方软件登录失败，QQ登陆报错,21,19,1
途牛,途牛,10010000003103,10010000003103,other.other.cannot_or_fail,other.other.cannot_or_fail,添加表情包时不能批量删除，应该可以批量删除,21,20,1
途牛,途牛,10010000003359,10010000003359,login.share_panel.cannot_or_fail,login.share_panel.cannot_or_fail,QQ ，微信 ，新浪微博也不能第三方登录。,21,16,1
途牛,途牛,10010000004726,10010000004726,other.image_banner.cannot_or_fail,other.image_banner.cannot_or_fail,"自定义表情无法正常显示png,gif图片。",21,19,1
途牛,途牛,10010000003349,10010000003349,share.chat.cannot_or_fail,share.chat.cannot_or_fail,分享功能无法调用微信分享给微信好友或朋友圈,21,21,1
途牛,途牛,10010000003071,10010000003071,message_send.chat.display_missing,message_send.chat.display_missing,给对方发送消息后不显示未读或者已读的提示。,21,20,1
途牛,途牛,10010000004679,10010000004679,playback.chat.cannot_or_fail,playback.chat.cannot_or_fail,语音通话请求对方无法收到。好友并没有收到。,21,19,1
途牛,途牛,10010000003276,10010000003276,message_send.other.other,message_send.other.other,发送者发送表情的可选择性较少，表情数量有限,21,20,1
途牛,途牛,10010000005863,10010000005863,message_send.page_view.other,message_send.page_view.other,在聊天页面的通知和聊天之间的滑动窗口无效。,21,20,1
途牛,途牛,10010000006626,10010000006626,message_send.chat.other,message_send.chat.other,在互动动态里看不到互相关注的人的问答消息。,21,20,1
途牛,途牛,10010000004613,10010000004613,private_chat.button_icon.other,private_chat.button_icon.other,私聊发送图片后长按图片弹出的取消按钮没反应,21,21,1
途牛,途牛,10010000004622,10010000004622,message_send.page_view.other,message_send.page_view.other,修改了用户名的用户信息，在聊天页面没有更新,21,20,1
途牛,途牛,10010000003432,10010000003432,message_send.chat.other,message_send.chat.other,聊天窗口的名称为“服务”，,13,10,1
途牛,途牛,10010000004577,10010000004577,other.other.other,other.other.other,点进去什么也没有，不知是不是用户什么都没写,21,20,0
途牛,途牛,10010000004580,10010000004580,message_send.gps.cannot_or_fail,message_send.gps.cannot_or_fail,无法发送你所在地方的定位还有一些其他的功能,21,21,1
途牛,途牛,10010000005665,10010000005665,other.other.other,other.other.other,途牛应用不支持iOS设备，可能丧失大量用户,21,20,1
途牛,途牛,10010000004307,10010000004307,comment.list_item.other,comment.list_item.other,评论他人的帖子，编辑文字时，文字只出现半行,21,19,1
途牛,途牛,10010000003755,10010000003755,search.page_view.other,search.page_view.other,没有可以通过搜索来进行添加用户的功能模块。,21,20,1
途牛,途牛,10010000003595,10010000003595,other.image_banner.load_fail,other.image_banner.load_fail,首次接收图片无法加载，第二次才能正常接收。,21,19,1
途牛,途牛,10010000003614,10010000003614,private_chat.chat.freeze,private_chat.chat.freeze,当用户私聊时发送信息数字量过大时会导致卡顿,21,21,1
途牛,途牛,10010000005109,10010000005109,login.share_panel.other,login.share_panel.other,不提供QQ，微信或者微博等第三方登录的功能,21,20,1
途牛,途牛,10010000004025,10010000004025,private_chat.chat.other,private_chat.chat.other,私聊时文字字数没有限制 语音没有时长限制,20,19,1
途牛,途牛,10010000004879,10010000004879,private_chat.page_view.cannot_send,private_chat.page_view.cannot_send,私聊设置。好友把我屏蔽解除后仍不能发消息。,21,19,1
途牛,途牛,10010000003976,10010000003976,search.chat.other,search.chat.other,一旦消息过多，用户不方便对某些消息的查找。,21,19,1
途牛,途牛,10010000005363,10010000005363,message_send.chat.cannot_or_fail,message_send.chat.cannot_or_fail,与他人聊天时，对方的语音消息不能正常播放。,21,19,1
途牛,途牛,10010000003889,10010000003889,other.other.other,other.other.other,在关注别人之后需要手动刷新才会更新关注数目,21,21,1
途牛,途牛,10010000004246,10010000004246,private_chat.chat.display_missing,private_chat.chat.display_missing,当从联系人中与用户私聊时，不显示该用户头像,21,20,1
途牛,途牛,10010000004157,10010000004157,other.other.other,other.other.other,投诉描述字数太少，也没有问题分类，涉黄诈骗,21,19,1
途牛,途牛,10010000004442,10010000004442,message_send.chat.other,message_send.chat.other,消息中心显示不出之前消息，重新打开应用恢复,21,20,1
途牛,途牛,10010000004219,10010000004219,private_chat.chat.cannot_or_fail,private_chat.chat.cannot_or_fail,私聊时，切换网络模式，会导致消息无法发出。,21,18,1
途牛,途牛,10010000004491,10010000004491,other.other.cannot_or_fail,other.other.cannot_or_fail,不能造成，目的地的需求，无法满足用户要求。,21,18,1
途牛,途牛,10010000004795,10010000004795,notification.other.cannot_or_fail,notification.other.cannot_or_fail,屏蔽方收不到信息，被屏蔽方未显示已被屏蔽。,21,19,1
途牛,途牛,10010000004933,10010000004933,playback.step.other,playback.step.other,录音时间最长只有60秒，有时满足不了需求。,21,19,1
途牛,途牛,10010000004583,10010000004583,message_send.chat.other,message_send.chat.other,当退出系统后，自己发的消息变成用户发的信息,21,20,1
途牛,途牛,10010000004727,10010000004727,message_send.audio.other,message_send.audio.other,语音不说话也能发送，只要长按一秒左右都能发,21,20,1
途牛,途牛,10010000004759,10010000004759,settings.page_view.cannot_or_fail,settings.page_view.cannot_or_fail,无法设置联系人备注，联系人改昵称后难以辨认,21,20,1
途牛,途牛,10010000005276,10010000005276,message_send.chat.other,message_send.chat.other,消息中心显示不出之前消息，重新打开应用恢复,21,20,1
途牛,途牛,10010000005079,10010000005079,message_send.page_view.other,message_send.page_view.other,"用户A,B历史消息有时会同时显示在界面左侧",21,20,1
途牛,途牛,10010000004995,10010000004995,other.image_banner.other,other.image_banner.other,虽然可以保存图片，但是得到系统相册里面找。,21,19,1
途牛,途牛,10010000005035,10010000005035,message_send.image_banner.other,message_send.image_banner.other,自己保存的表情发送出去还是以图片的形式存在,21,21,1
途牛,途牛,10010000005943,10010000005943,other.other.other,other.other.other,可多个客户端同时登陆一个用户，信息可能泄露,21,20,1
途牛,途牛,10010000006807,10010000006807,message_send.chat.other,message_send.chat.other,当退出系统后，自己发的消息变成别人发的信息,21,20,1
途牛,途牛,10010000006278,10010000006278,message_send.chat.other,message_send.chat.other,聊天时候，如果输入的篇幅过大，会显示不完全,21,19,1
途牛,途牛,10010000006001,10010000006001,message_send.page_view.cannot_or_fail,message_send.page_view.cannot_or_fail,语音播放过程中无法暂停（除非退出聊天页面）,21,19,1
途牛,途牛,10010000006702,10010000006702,private_chat.list_item.wrong_value,private_chat.list_item.wrong_value,私聊中删除聊天记录，但是在对方的记录中还在,21,20,1
途牛,途牛,10010000006499,10010000006499,message_send.page_view.other,message_send.page_view.other,别人的消息哥自己的消息显示在手机界面同一侧,21,21,1
途牛,途牛,10010000005829,10010000005829,sort.other.other,sort.other.other,最近联系人排序不规范，不符合用户使用习惯。,21,19,1
途牛,途牛,10010000006587,10010000006587,message_send.image_banner.other,message_send.image_banner.other,每次上传的图片只有九张，语音只能发送60秒,21,20,1
途牛,途牛,10010000006494,10010000006494,other.button_icon.other,other.button_icon.other,修改个人资料，没有“保存”按钮，使用不舒适,21,17,1
途牛,途牛,10010000005977,10010000005977,settings.other.other,settings.other.other,添加购物车1个目标，购物车出现了3个。,19,17,1
途牛,途牛,10010000006394,10010000006394,other.list_item.cannot_or_fail,other.list_item.cannot_or_fail,在对话列表里不能点击个人头像进入个人主页。,21,20,1
途牛,途牛,10010000006353,10010000006353,other.image_banner.crash,other.image_banner.crash,在选择图片时，出现卡顿现象，之后出现闪退。,21,18,1
途牛,途牛,10010000006547,10010000006547,message_send.image_banner.cannot_or_fail,message_send.image_banner.cannot_or_fail,对发送出去的信息、图片、语音等不能够撤回。,21,18,1
途牛,途牛,10010000006605,10010000006605,message_send.chat.no_prompt,message_send.chat.no_prompt,对好友进行屏蔽后，聊天窗口内没有提示消息。,21,19,1
途牛,途牛,10010000006310,10010000006310,playback.audio.other,playback.audio.other,接受到的语音都是一样的，都为第一个人的语音,21,20,1
途牛,途牛,10010000006417,10010000006417,login.button_icon.cannot_or_fail,login.button_icon.cannot_or_fail,点击微信登录图标按钮无反应，不支持微信登录,21,20,1
途牛,途牛,10010000006411,10010000006411,message_send.chat.other,message_send.chat.other,聊天背景太单一，用户可以自己选择背景就好了,21,20,1
途牛,途牛,10010000006642,10010000006642,message_send.other.other,message_send.other.other,只支持 普通文字传送 不支持 文本文件发送,21,18,1
途牛,途牛,10010000006416,10010000006416,private_chat.page_view.display_missing,private_chat.page_view.display_missing,好友页面显示对方名字，到私聊页面就不显示了,21,20,1
途牛,途牛,10010000007045,10010000007045,other.other.wrong_value,other.other.wrong_value,无法收藏自己喜欢的旅游地点。显示参数错误。,21,19,1
途牛,途牛,10010000006991,10010000006991,other.page_view.wrong_value,other.page_view.wrong_value,首页信息量过大，用户首先要关心的信息不明确,21,20,1
途牛,途牛,10010000007166,10010000007166,message_send.image_banner.cannot_send,message_send.image_banner.cannot_send,当发送图片时，不能发送，发送的图片也看不到,21,19,1
途牛,途牛,10010000004964,10010000004964,other.other.other,other.other.other,提示不到位，不知道右上角头像点进去是个人主页,22,21,1
途牛,途牛,10010000004810,10010000004810,message_send.chat.other,message_send.chat.other,语音聊天，后面的语音内容会全部替换成第一条。,22,20,1
途牛,途牛,10010000005631,10010000005631,message_send.chat.other,message_send.chat.other,只能点击头像进行聊天，建议点击用户名也可以聊,22,21,1
途牛,途牛,10010000004385,10010000004385,other.other.wrong_value,other.other.wrong_value,下方菜单栏内选择行程玩法选项，出现贴图错误。,22,20,1
途牛,途牛,10010000002972,10010000002972,message_send.image_banner.other,message_send.image_banner.other,收藏图片发送时不发送原图则图片失真情况严重。,22,21,1
途牛,途牛,10010000002734,10010000002734,private_chat.page_view.cannot_or_fail,private_chat.page_view.cannot_or_fail,私聊界面发送图片时，选择图片时，图片无法预览,22,20,1
途牛,途牛,10010000007124,10010000007124,message_send.input_box.other,message_send.input_box.other,聊天文本框的发送按钮与界面的其他按钮不统一！,22,21,1
途牛,途牛,10010000004513,10010000004513,login.chat.cannot_or_fail,login.chat.cannot_or_fail,未登录时，无法与陌生人私聊，使用手机动态登陆,22,20,1
途牛,途牛,10010000004012,10010000004012,other.page_view.other,other.page_view.other,在每个页面以及别人的页面上看自己的头像会变化,22,22,1
途牛,途牛,10010000003008,10010000003008,private_chat.chat.other,private_chat.chat.other,与未知用户进行语音私聊的时候语音发送不完全。,22,21,1
途牛,途牛,10010000005060,10010000005060,message_send.list_item.wrong_value,message_send.list_item.wrong_value,对方更改用户名之后，聊天记录里还是原来的名字,22,21,1
途牛,途牛,10010000002888,10010000002888,other.other.cannot_or_fail,other.other.cannot_or_fail,无法通过查询来进行关注用户。只有推荐的用户。,22,20,1
途牛,途牛,10010000002937,10010000002937,other.page_view.other,other.page_view.other,首页下拉刷新的同时点击底部dock栏会很卡。,22,21,1
途牛,途牛,10010000002901,10010000002901,message_send.page_view.other,message_send.page_view.other,点击聊天，打开的页面中并没有添加的关注用户。,22,20,1
途牛,途牛,10010000002969,10010000002969,other.page_view.other,other.page_view.other,问答模块，要求不少于10个字，可是符号也可以,22,20,1
途牛,途牛,10010000002719,10010000002719,login.share_panel.permission,login.share_panel.permission,"第三方登录(微博)无法获取登录授权,登录失败",22,19,1
途牛,途牛,10010000005915,10010000005915,login.share_panel.permission,login.share_panel.permission,"第三方登录(QQ)无法获取登录授权,登录失败",22,19,1
途牛,途牛,10010000002745,10010000002745,other.other.other,other.other.other,虽然屏蔽了用户，但是还是会出现正在输入中状态,22,21,1
途牛,途牛,10010000002951,10010000002951,private_chat.chat.other,private_chat.chat.other,私聊，通知和聊天的消息，一次两次会出现bug,22,20,1
途牛,途牛,10010000005930,10010000005930,private_chat.chat.other,private_chat.chat.other,与用户私聊：对方收到我发送过去的语音没有声音,22,21,1
途牛,途牛,10010000003842,10010000003842,search.other.other,search.other.other,没有搜索途牛用户的功能,11,11,1
途牛,途牛,10010000003051,10010000003051,other.other.crash,other.other.crash,当发布内容选择发布地点时关联当前地点，会闪退,22,21,1
途牛,途牛,10010000005553,10010000005553,gps_track.gps.permission,gps_track.gps.permission,无法定位到当前位置 (定位权限已打开),19,16,1
途牛,途牛,10010000002998,10010000002998,playback.audio.other,playback.audio.other,收到任意语音点开播放均为第一次点开听到的语音,22,22,1
途牛,途牛,10010000003569,10010000003569,message_send.list_item.cannot_delete,message_send.list_item.cannot_delete,有聊天记录了之后，无法删除聊天列表里面的记录,22,21,1
途牛,途牛,10010000003387,10010000003387,other.other.crash,other.other.crash,点击我的，最上方专属顾问，出现闪退现象！！！,22,17,1
途牛,途牛,10010000004182,10010000004182,other.other.layout_issue,other.other.layout_issue,小表情第一页很不协调，一个黑色的表情很不美观,22,21,1
途牛,途牛,10010000006629,10010000006629,other.button_icon.other,other.button_icon.other,界面太繁琐，用户找到通信按钮要花费一定的时间,22,21,1
途牛,途牛,10010000006989,10010000006989,private_chat.chat.crash,private_chat.chat.crash,在点击非个人用户进行私聊的过程中，应用崩溃。,22,20,1
途牛,途牛,10010000004177,10010000004177,settings.page_view.other,settings.page_view.other,用户设置头像成功后，显示的依然是默认的头像。,22,20,1
途牛,途牛,10010000005275,10010000005275,private_chat.page_view.other,private_chat.page_view.other,私聊界面能够添加的功能太少，只能发图片和拍照,22,21,1
途牛,途牛,10010000005446,10010000005446,message_send.other.other,message_send.other.other,发送超长信息后，右边的下拉滚动条显示不正常。,22,20,1
途牛,途牛,10010000003198,10010000003198,private_chat.chat.other,private_chat.chat.other,屏蔽用户后还能在私聊里看见用户正在输入的提示,22,22,1
途牛,途牛,10010000003120,10010000003120,message_send.chat.cannot_or_fail,message_send.chat.cannot_or_fail,与陌生人聊天不能够实时了解通知，缺乏交互性。,22,20,1
途牛,途牛,10010000003161,10010000003161,private_chat.button_icon.other,private_chat.button_icon.other,私聊语音发出后长按语音弹出来的取消按钮没实现,22,22,1
途牛,途牛,10010000003340,10010000003340,other.other.freeze,other.other.freeze,使用照相机在旋转手机屏幕时，可能会使应用卡死,22,21,1
途牛,途牛,10010000006229,10010000006229,message_send.chat.other,message_send.chat.other,与同伴的聊天框架隐藏很深，不仔细找都发现不了,22,21,1
途牛,途牛,10010000003226,10010000003226,private_chat.button_icon.other,private_chat.button_icon.other,私聊语音发出后长按语音弹出来的取消按钮没反应,22,22,1
途牛,途牛,10010000003705,10010000003705,settings.page_view.other,settings.page_view.other,用户修改密码，设置新密码时无密码复杂度提示。,22,20,1
途牛,途牛,10010000006793,10010000006793,other.image_banner.other,other.image_banner.other,自定义表情添加本地图片后，图片质量严重下降。,22,20,1
途牛,途牛,10010000003553,10010000003553,message_send.slider.cannot_or_fail,message_send.slider.cannot_or_fail,对话聊天时文字复制不能往右实现，不能向右拖动,22,21,1
途牛,途牛,10010000004119,10010000004119,private_chat.chat.other,private_chat.chat.other,私聊内容涉及财产问题时，APP不提示警示信息,22,21,1
途牛,途牛,10010000003925,10010000003925,gps_track.list_item.cannot_or_fail,gps_track.list_item.cannot_or_fail,定位。 发布帖子时，无法定位，无法发布帖子。,22,17,1
途牛,途牛,10010000005462,10010000005462,private_chat.page_view.other,private_chat.page_view.other,设置私聊没有查询聊天记录，找聊天记录比较麻烦,22,21,1
途牛,途牛,10010000006832,10010000006832,message_send.input_box.cannot_or_fail,message_send.input_box.cannot_or_fail,不能在聊天界面的输入框+号旁下拉获取当前位置,22,21,1
途牛,途牛,10010000003874,10010000003874,private_chat.list_item.cannot_delete,private_chat.list_item.cannot_delete,给别人私聊时，发现添加的图片列表中，无法删除,22,20,1
途牛,途牛,10010000006896,10010000006896,other.other.other,other.other.other,导航功能需开启第三方软件，自身不包含导航功能,22,21,1
途牛,途牛,10010000004415,10010000004415,private_chat.chat.cannot_send,private_chat.chat.cannot_send,发送私聊消息时，不能发送超过1分钟的语音消息,22,21,1
途牛,途牛,10010000004050,10010000004050,playback.chat.other,playback.chat.other,接收的语音，都是一样的，都为第一次好友的声音,22,20,1
途牛,途牛,10010000004836,10010000004836,message_send.image_banner.cannot_or_fail,message_send.image_banner.cannot_or_fail,发送出去的消息无论文字，语音，图片均不能撤回,22,20,1
途牛,途牛,10010000004320,10010000004320,message_send.list_item.other,message_send.list_item.other,自己聊天记录在右边，退出重新登陆后在左边。。,22,19,0
途牛,途牛,10010000004259,10010000004259,playback.audio.other,playback.audio.other,收到任意语音点开播放均为之前听到的第一条语音,22,22,0
途牛,途牛,10010000005942,10010000005942,other.other.other,other.other.other,输入文字或者表情时可以输入多个文字或者表情。,22,21,0
途牛,途牛,10010000004505,10010000004505,other.other.other,other.other.other,在发现,3,3,1
途牛,途牛,10010000004544,10010000004544,message_send.page_view.other,message_send.page_view.other,对方发送消息后，我若不在聊天界面，无消息提醒,22,20,1
途牛,途牛,10010000004556,10010000004556,other.button_icon.other,other.button_icon.other,客服选项产品咨询下多个按钮全部跳转至在线客服,22,22,1
途牛,途牛,10010000004934,10010000004934,playback.audio.other,playback.audio.other,收到任意语音点开播放均为之前听到的第一条语音,22,22,1
途牛,途牛,10010000004815,10010000004815,message_send.page_view.load_fail,message_send.page_view.load_fail,自己向好友发送图片，在聊天见界面中加载不出来,22,21,1
途牛,途牛,10010000006190,10010000006190,other.chat.other,other.chat.other,联系人中没有将好友，陌生人，黑名单区分开来。,22,19,1
途牛,途牛,10010000005068,10010000005068,message_send.chat.other,message_send.chat.other,发送给对方的消息，不在对话框右边，出现在左边,22,20,1
途牛,途牛,10010000005256,10010000005256,other.other.other,other.other.other,当投诉用户输入超过100字时，没有任何提示，,22,20,1
途牛,途牛,10010000005733,10010000005733,message_send.other.other,message_send.other.other,在信息发送30s后发现信息顺序与发送顺序不符,22,22,1
途牛,途牛,10010000005713,10010000005713,other.other.other,other.other.other,没办法把别人发的表情，添加成为我们自定义表情,22,21,1
途牛,途牛,10010000006834,10010000006834,private_chat.list_item.cannot_delete,private_chat.list_item.cannot_delete,给别人私聊时，发现添加的图片列表中，无法删除,22,20,1
途牛,途牛,10010000005506,10010000005506,register.other.cannot_or_fail,register.other.cannot_or_fail,不能使用第三方软件进行登录，必须注册后才可以,22,21,1
途牛,途牛,10010000006745,10010000006745,other.page_view.other,other.page_view.other,有些页面更新缓慢，如会员俱乐部下大部分页面。,22,20,1
途牛,途牛,10010000006460,10010000006460,message_send.page_view.other,message_send.page_view.other,两人聊天时发动图的话，该聊天界面显示的是静图,22,21,1
途牛,途牛,10010000005577,10010000005577,private_chat.chat.other,private_chat.chat.other,红米note4在私聊中接收的语音信息放不出来,22,22,1
途牛,途牛,10010000006628,10010000006628,share.page_view.other,share.page_view.other,每当用手机的功能的截图都会发生分享的提示界面,22,22,1
途牛,途牛,10010000006646,10010000006646,private_chat.chat.other,private_chat.chat.other,私聊的时候使用拍照功能，有时会不正常的退出。,22,20,1
途牛,途牛,10010000005813,10010000005813,other.page_view.other,other.page_view.other,行程助手的打开页面为空白，多次刷新后仍无效。,22,20,1
途牛,途牛,10010000006604,10010000006604,gps_track.gps.other,gps_track.gps.other,缺少定位功能，旅途中定位功能有可能是救命稻草,22,21,1
途牛,途牛,10010000007038,10010000007038,message_send.button_icon.other,message_send.button_icon.other,聊天入口按钮太小，容易点击出错，用户体验不好,22,20,1
途牛,途牛,10010000005946,10010000005946,private_chat.page_view.other,private_chat.page_view.other,私聊页面不够人性化，发完文字后找不到发送按件,22,21,1
途牛,途牛,10010000006073,10010000006073,message_send.image_banner.other,message_send.image_banner.other,添加图片的+与发送为同一个按件，用户容易弄混,22,20,1
途牛,途牛,10010000006342,10010000006342,login.image_banner.cannot_or_fail,login.image_banner.cannot_or_fail,使用账号登录后，发送给陌生人图片无法正常显示,22,21,1
途牛,途牛,10010000005876,10010000005876,message_send.other.other,message_send.other.other,发送完文字后只能复制和删除，缺少“撤回”功能,22,19,1
途牛,途牛,10010000005969,10010000005969,other.button_icon.other,other.button_icon.other,在“我的”界面点击“专属顾问”按钮会异常退出,22,18,1
途牛,途牛,10010000006569,10010000006569,other.image_banner.other,other.image_banner.other,当添加自定义图片表情时，能重复添加同一个图片,22,21,1
途牛,途牛,10010000006681,10010000006681,other.other.cannot_or_fail,other.other.cannot_or_fail,走马选择框太小，客户无法识别可触摸选择范围。,22,20,1
途牛,途牛,10010000006935,10010000006935,notification.button_icon.other,notification.button_icon.other,关闭提醒与开启提醒对应的官方客服图标没有区别,22,22,1
途牛,途牛,10010000000843,10010000000843,gps_track.gps.cannot_or_fail,gps_track.gps.cannot_or_fail,无法定位当当前所在城市！我目前所处城市为太原！,23,21,1
途牛,途牛,10010000001205,10010000001205,settings.page_view.other,settings.page_view.other,在设置天数时，经过推荐的天数后，操作不够流畅。,23,20,1
途牛,途牛,10010000001540,10010000001540,search.other.other,search.other.other,现象:所有搜索栏都是完全匹配查询，没有模糊查询,23,21,1
途牛,途牛,10010000001671,10010000001671,other.page_view.crash,other.page_view.crash,点击底部tab栏“行程玩法”会出现一两次闪退。,23,20,1
途牛,途牛,10010000004357,10010000004357,message_send.image_banner.other,message_send.image_banner.other,用户在发送图片的过程中没有显示发送图片的进度。,23,22,1
途牛,途牛,10010000002270,10010000002270,share.share_panel.cannot_share,share.share_panel.cannot_share,将APP分享至朋友圈，微信，微博，QQ均失败。,23,19,1
途牛,途牛,10010000002288,10010000002288,login.page_view.permission,login.page_view.permission,无法取得QQ登录授权，微信登录页面无法正常弹出,23,22,1
途牛,途牛,10010000004839,10010000004839,message_send.chat.other,message_send.chat.other,文字聊天没有限制内容长度，超长内容都可以发送。,23,21,1
途牛,途牛,10010000004932,10010000004932,playback.audio.cannot_or_fail,playback.audio.cannot_or_fail,乐视手机，语音内容为杂间，无法正确传送语音内容,23,21,1
途牛,途牛,10010000004967,10010000004967,other.list_item.other,other.list_item.other,部分酒店无图片 所有酒店楼层 面积 无任何内容,23,20,1
途牛,途牛,10010000003222,10010000003222,search.chat.cannot_or_fail,search.chat.cannot_or_fail,"没有明确的查找用户方式,无法通过搜索方式加好友",23,22,1
途牛,途牛,10010000002777,10010000002777,search.chat.cannot_or_fail,search.chat.cannot_or_fail,无法搜索好友，没有搜索好友功能，建议添加该功能,23,21,1
途牛,途牛,10010000005118,10010000005118,message_send.image_banner.other,message_send.image_banner.other,进入聊天窗口后选择图片，发送动态图，图片动不了,23,21,1
途牛,途牛,10010000002672,10010000002672,other.other.other,other.other.other,暖冬海岛游,5,5,1
途牛,途牛,10010000002721,10010000002721,message_send.image_banner.other,message_send.image_banner.other,添加图片的+与发送是同一个键，会使用户感到迷惑,23,21,1
途牛,途牛,10010000003237,10010000003237,other.other.cannot_or_fail,other.other.cannot_or_fail,投诉功能，不能显示已经打了多少字，用户体验不好,23,21,1
途牛,途牛,10010000002575,10010000002575,login.other.crash,login.other.crash,点击手机动态密码登录，再跳回途牛帐号登录时闪退,23,22,1
途牛,途牛,10010000005036,10010000005036,share.share_panel.other,share.share_panel.other,除了新浪微博其他都用不了,12,12,1
途牛,途牛,10010000003566,10010000003566,settings.button_icon.crash,settings.button_icon.crash,"在""我的""页面，点击左上角设置按钮后应用闪退。",23,19,1
途牛,途牛,10010000003602,10010000003602,other.page_view.other,other.page_view.other,有时把途牛后台运行，再次打开就回到要回到主页面,23,22,0
途牛,途牛,10010000002746,10010000002746,other.button_icon.crash,other.button_icon.crash,我的界面中点击专属顾问按钮跳转页面后会直接闪退,23,23,1
途牛,途牛,10010000003199,10010000003199,message_send.button_icon.crash,message_send.button_icon.crash,点击右上角聊天图标，进入聊天页面后闪退回首页。,23,21,1
途牛,途牛,10010000004751,10010000004751,message_send.image_banner.other,message_send.image_banner.other,拍照后发送的图片只能发送原图一张照片接近10m,23,23,1
途牛,途牛,10010000002907,10010000002907,playback.audio.wrong_value,playback.audio.wrong_value,集成SDK未添加统计代码，语音不清晰，出现错误,23,21,1
途牛,途牛,10010000003052,10010000003052,login.other.other,login.other.other,登录途牛App，点击个人头像，进去个人主页,21,19,1
途牛,途牛,10010000003351,10010000003351,message_send.image_banner.cannot_or_fail,message_send.image_banner.cannot_or_fail,与用户聊天的图片不能转发给另一个用户，体验不好,23,22,1
途牛,途牛,10010000005492,10010000005492,share.share_panel.other,share.share_panel.other,分享动态到朋友圈，微信，调不出微信和朋友圈接口,23,21,1
途牛,途牛,10010000003211,10010000003211,other.input_box.other,other.input_box.other,输入文字大于一行，文字往上走，输入框没有变大。,23,20,1
途牛,途牛,10010000003860,10010000003860,other.other.other,other.other.other,从互动动态点进别人的关注，显示的却是自己的关注,23,22,1
途牛,途牛,10010000005752,10010000005752,other.other.cannot_delete,other.other.cannot_delete,点击应用自带表情中的删除箭头，不能删除整个表情,23,22,1
途牛,途牛,10010000006818,10010000006818,private_chat.chat.cannot_or_fail,private_chat.chat.cannot_or_fail,私聊时间不能进行语音聊天，只是能发送语音对话！,23,21,1
途牛,途牛,10010000006548,10010000006548,search.button_icon.other,search.button_icon.other,在界面右上角“查找聊天记录”图标没有统一样式！,23,20,1
途牛,途牛,10010000003649,10010000003649,message_send.image_banner.other,message_send.image_banner.other,长按发送的图片后出现的菜单中的取消功能没有实现,23,23,1
途牛,途牛,10010000005928,10010000005928,message_send.chat.cannot_or_fail,message_send.chat.cannot_or_fail,在WiFi切换4G网络时，不能立即发出聊天消息,23,22,1
途牛,途牛,10010000005225,10010000005225,login.page_view.other,login.page_view.other,第三方登录界面加载时间太长，加载时界面无反馈,22,21,1
途牛,途牛,10010000004014,10010000004014,message_send.chat.crash,message_send.chat.crash,当我发送一个很长串的文字消息给好友时，会闪退。,23,21,1
途牛,途牛,10010000004414,10010000004414,playback.audio.other,playback.audio.other,别人发来的不同语音永远只能听到第一次听到的那个,23,23,1
途牛,途牛,10010000004304,10010000004304,share.page_view.wrong_value,share.page_view.wrong_value,在微博分享的时候，页面跳转并提示第三方授权错误,23,22,1
途牛,途牛,10010000004030,10010000004030,private_chat.chat.other,private_chat.chat.other,已关注用户与陌生人的私聊并没有一些标志来区分。,23,22,1
途牛,途牛,10010000004184,10010000004184,other.other.other,other.other.other,点击“我的”→“专属顾问”后，会导致不正常退出,23,17,1
途牛,途牛,10010000006950,10010000006950,other.page_view.layout_issue,other.page_view.layout_issue,首页的布局太密了，格子小，颜色也多，不方便查阅,23,20,1
途牛,途牛,10010000005045,10010000005045,login.other.other,login.other.other,登录APP时，点击第三方帐号登录，不发生跳转。,23,20,1
途牛,途牛,10010000004166,10010000004166,message_send.image_banner.other,message_send.image_banner.other,发送的图片需要点开才能看到，不然就是灰蒙蒙一片,23,22,1
途牛,途牛,10010000004897,10010000004897,private_chat.chat.cannot_or_fail,private_chat.chat.cannot_or_fail,私聊的时候，播放语音消息时无法暂停，很不方便。,23,20,1
途牛,途牛,10010000004560,10010000004560,message_send.image_banner.cannot_or_fail,message_send.image_banner.cannot_or_fail,来自外网站的图片引用的url，不能再聊天用使用,23,22,1
途牛,途牛,10010000004211,10010000004211,message_send.chat.other,message_send.chat.other,在同时接收多个语音时，所有语音消息只播放第一条,23,22,1
途牛,途牛,10010000004645,10010000004645,private_chat.chat.cannot_or_fail,private_chat.chat.cannot_or_fail,找不到私聊入口，不能加好友，不能和关注的人私聊,23,21,1
途牛,途牛,10010000004903,10010000004903,message_send.page_view.cannot_or_fail,message_send.page_view.cannot_or_fail,聊天窗口界面，删除表情时，不能将整个表情删除。,23,20,1
途牛,途牛,10010000006204,10010000006204,message_send.image_banner.cannot_or_fail,message_send.image_banner.cannot_or_fail,无法撤回发送的语音，文字，表情，图片等消息！！,23,18,1
途牛,途牛,10010000005211,10010000005211,message_send.image_banner.other,message_send.image_banner.other,图片被上传并保存为聊天表情后，质量会严重损失。,23,21,1
途牛,途牛,10010000005315,10010000005315,message_send.chat.freeze,message_send.chat.freeze,关闭新消息提醒后，仍可能收到提醒，不过有延迟。,23,20,1
途牛,途牛,10010000006324,10010000006324,private_chat.page_view.other,private_chat.page_view.other,更换昵称后，消息、私聊页面依然出现之前的昵称。,23,20,1
途牛,途牛,10010000005375,10010000005375,comment.button_icon.other,comment.button_icon.other,发表评论，没有发布按钮，只能点回车，使用不方便,23,20,1
途牛,途牛,10010000006903,10010000006903,playback.audio.cannot_or_fail,playback.audio.cannot_or_fail,当输入语音不能超过一分钟，语音只能在60秒以内,23,22,1
途牛,途牛,10010000005560,10010000005560,settings.page_view.other,settings.page_view.other,缺少个性主题设置，建议增加用以提升用户的体验。,23,21,1
途牛,途牛,10010000006357,10010000006357,other.button_icon.other,other.button_icon.other,筛选时按钮按一下颜色变化一下，并且可同时变化，,23,21,0
途牛,途牛,10010000005731,10010000005731,message_send.button_icon.other,message_send.button_icon.other,这页面的右上角切换到消息界面的图标不易被发现。,23,22,1
途牛,途牛,10010000006669,10010000006669,message_send.chat.other,message_send.chat.other,与其他聊天软件相比，缺少视频聊天功能，建议增加,23,21,1
途牛,途牛,10010000006118,10010000006118,message_send.chat.cannot_send,message_send.chat.cannot_send,发送消息不能发送为空，即使含多个空格也不能发送,23,22,1
途牛,途牛,10010000006171,10010000006171,message_send.image_banner.other,message_send.image_banner.other,发送图片不清晰(图片为发送前后对比)，表情失真,23,20,1
途牛,途牛,10010000006198,10010000006198,login.chat.cannot_or_fail,login.chat.cannot_or_fail,未登录时，无法与他人私聊，必须使用手机动态登录,23,21,1
途牛,途牛,10010000005983,10010000005983,share.share_panel.other,share.share_panel.other,分享不出去（微信、朋友圈、新浪微博、QQ）,21,16,1
途牛,途牛,10010000005985,10010000005985,message_send.image_banner.cannot_or_fail,message_send.image_banner.cannot_or_fail,输入空格，并且包含文字以及图片，会出现无法发送,23,21,1
途牛,途牛,10010000006637,10010000006637,comment.list_item.crash,comment.list_item.crash,三星S5手机在点开好友评论时出现了闪退的情况。,23,22,1
途牛,途牛,10010000006741,10010000006741,message_send.chat.other,message_send.chat.other,没有wifi和数据的情况下，发送消息发送成功了,23,22,1
途牛,途牛,10010000006861,10010000006861,settings.page_view.other,settings.page_view.other,手机设置旋转转向，但是手机旋转，app没有旋转,23,21,1
途牛,途牛,10010000006515,10010000006515,other.other.cannot_or_fail,other.other.cannot_or_fail,+不能自动匹配手机上的联系人取得互相关注的关系,23,22,1
途牛,途牛,10010000006536,10010000006536,login.list_item.other,login.list_item.other,+退出途牛，重新登录的话，原有的聊天记录被清空,23,20,1
途牛,途牛,10010000007179,10010000007179,share.share_panel.other,share.share_panel.other,缺乏把发布的相关信息分享到相关社交软件的功能。,23,22,1
途牛,途牛,10010000006831,10010000006831,other.other.cannot_send,other.other.cannot_send,带的输入法里面存储的表情不能发，发出来显示乱码,23,22,1
途牛,途牛,10010000007151,10010000007151,other.other.other,other.other.other,已经屏蔽了，但是，用户这个还是会显示正在输入中,23,21,1
途牛,途牛,10010000000770,10010000000770,other.other.other,other.other.other,在修改密码时，修改成当前的密码，仍然可以修改成功,24,22,1
途牛,途牛,10010000001819,10010000001819,other.other.other,other.other.other,酒店可成功加入购物车，但是购物车中却显示不可售卖,24,23,1
途牛,途牛,10010000002162,10010000002162,other.other.other,other.other.other,登陆后在我的账号里点击启动专属顾问功能,19,19,1
途牛,途牛,10010000002372,10010000002372,login.step.cannot_or_fail,login.step.cannot_or_fail,动态登录加载时间过长 而且无法登录也没有发送短信,24,23,1
途牛,途牛,10010000003003,10010000003003,other.button_icon.layout_issue,other.button_icon.layout_issue,预定页面右上角两个图标重叠 而且造成用户逻辑错误,24,23,1
途牛,途牛,10010000004481,10010000004481,other.other.other,other.other.other,用户可以自己回答自己的问题(O_O)？逻辑有问题,24,20,1
途牛,途牛,10010000005213,10010000005213,private_chat.chat.cannot_or_fail,private_chat.chat.cannot_or_fail,进入私聊窗口步骤太多，用户不能直观的找到私聊窗口,24,23,1
途牛,途牛,10010000003174,10010000003174,other.page_view.wrong_value,other.page_view.wrong_value,在首页中点击进入旅游项目，点击收藏，提示参数错误,24,22,1
途牛,途牛,10010000004819,10010000004819,message_send.chat.other,message_send.chat.other,给好友发送了2条语音消息，好友只收到了1条消息。,24,22,0
途牛,途牛,10010000003330,10010000003330,share.button_icon.other,share.button_icon.other,从其他应用界面转回此程序时，会自动跳出分享按钮。,24,22,0
途牛,途牛,10010000002516,10010000002516,message_send.chat.other,message_send.chat.other,第一次接收语音消息后，以后接收到的语音都是这一句,24,23,0
途牛,途牛,10010000003070,10010000003070,message_send.chat.other,message_send.chat.other,聊天中的用户名和实际的用户名不同，用户名不同步。,24,22,0
途牛,途牛,10010000002731,10010000002731,share.share_panel.wrong_value,share.share_panel.wrong_value,微博登陆时，显示网络错误，但是实际网络情况良好。,24,21,1
途牛,途牛,10010000005339,10010000005339,other.other.cannot_or_fail,other.other.cannot_or_fail,点击表情不能在编辑框中出现表情 只能出现中文字符,24,23,1
途牛,途牛,10010000004433,10010000004433,other.input_box.other,other.input_box.other,在写完投诉内容后，返回时会出现键盘不隐藏的现象。,24,22,1
途牛,途牛,10010000003401,10010000003401,search.other.cannot_or_fail,search.other.cannot_or_fail,无法通过搜索昵称或手机号直接找到想要关注的用户。,24,23,1
途牛,途牛,10010000002551,10010000002551,message_send.chat.other,message_send.chat.other,在屏蔽了该用户后，依然可以对新消息提醒等进行操作,24,23,1
途牛,途牛,10010000002813,10010000002813,other.input_box.other,other.input_box.other,文本框过小，浏览困难。输入内容多的时候上划太困难,24,22,1
途牛,途牛,10010000003358,10010000003358,message_send.chat.other,message_send.chat.other,加了好友后，我与他聊天时候，竟然点进去后id变了,24,22,1
途牛,途牛,10010000004133,10010000004133,other.image_banner.other,other.image_banner.other,对同一张图片进行多次保存时，竟然可以多次重复保存,24,23,1
途牛,途牛,10010000006119,10010000006119,other.other.cannot_or_fail,other.other.cannot_or_fail,信息丢失，不能正常接收到未关注人（陌生人）信息。,24,20,1
途牛,途牛,10010000003377,10010000003377,message_send.page_view.no_prompt,message_send.page_view.no_prompt,在对某人设置屏蔽后还可以给他发送消息，没有提示。,24,22,1
途牛,途牛,10010000003080,10010000003080,message_send.page_view.cannot_or_fail,message_send.page_view.cannot_or_fail,在关注列表中无法直接进行聊天，要点进去页面才行。,24,22,1
途牛,途牛,10010000002780,10010000002780,other.page_view.other,other.page_view.other,处于聊聊界面时，切出去回来会回到主页生命周期缺陷,24,23,1
途牛,途牛,10010000005926,10010000005926,login.page_view.other,login.page_view.other,微信登录，无链接，点击不会出现第三方登录的页面。,24,21,1
途牛,途牛,10010000002818,10010000002818,other.other.freeze,other.other.freeze,点击别人头像之后，有明显的卡顿现象,17,16,1
途牛,途牛,10010000004038,10010000004038,other.other.other,other.other.other,别人关注我，竟然看不到谁关注我，什么鬼？？？？？,24,17,1
途牛,途牛,10010000003759,10010000003759,message_send.step.other,message_send.step.other,朋友发送语音四个语音时间不一样但是说的话完全相同,24,24,1
途牛,途牛,10010000003225,10010000003225,search.other.other,search.other.other,发起结伴里选择位置时点击搜索无效果只能选择候选项,24,24,1
途牛,途牛,10010000002917,10010000002917,other.other.other,other.other.other,点击关注，用户的关注量不增加。，取消关注也不增加,24,21,1
途牛,途牛,10010000003728,10010000003728,other.page_view.other,other.page_view.other,投诉用户界面，只能输入文字，可以添加截图不更好？,24,21,1
途牛,途牛,10010000005324,10010000005324,other.list_item.cannot_or_fail,other.list_item.cannot_or_fail,动态列表，别人发的动态，图片不可以保存，功能缺失,24,21,1
途牛,途牛,10010000003368,10010000003368,message_send.chat.other,message_send.chat.other,语音没有试听功能，已经发出去的消息没有撤回功能。,24,22,1
途牛,途牛,10010000004678,10010000004678,other.button_icon.other,other.button_icon.other,筛选按钮只有结伴能用，还有按钮全由白色变成绿色了,24,23,1
途牛,途牛,10010000006954,10010000006954,message_send.chat.cannot_or_fail,message_send.chat.cannot_or_fail,删除消息时，不能多条消息同时删除，只能逐条删除。,24,21,1
途牛,途牛,10010000004062,10010000004062,private_chat.list_item.other,private_chat.list_item.other,第一次私聊，聊天记录全部去到一边，第二次回复正常,24,22,1
途牛,途牛,10010000006362,10010000006362,message_send.image_banner.cannot_or_fail,message_send.image_banner.cannot_or_fail,发送的语音消息，图片等用长按取消功能不可以实现。,24,22,1
途牛,途牛,10010000004092,10010000004092,gps_track.page_view.cannot_or_fail,gps_track.page_view.cannot_or_fail,我的行程界面，手机已允许定位，但目的地无法定位。,24,21,1
途牛,途牛,10010000003457,10010000003457,message_send.chat.cannot_or_fail,message_send.chat.cannot_or_fail,再进行语音聊天时，接受到对方的语音信息无法播放。,24,22,1
途牛,途牛,10010000005994,10010000005994,gps_track.page_view.other,gps_track.page_view.other,"当定位到小城市的时候,“行程玩法”页面中无推荐。",24,20,1
途牛,途牛,10010000004603,10010000004603,other.other.cannot_or_fail,other.other.cannot_or_fail,不能将别人发给你的表情收藏，只能从本机添加表情。,24,22,1
途牛,途牛,10010000003885,10010000003885,playback.audio.other,playback.audio.other,对方发来的语音无论长短，均为“再给你发个语音”。,24,20,1
途牛,途牛,10010000003872,10010000003872,message_send.chat.other,message_send.chat.other,语音聊天功能不完整，录入的声音太低，播放时听不清,24,22,1
途牛,途牛,10010000004517,10010000004517,playback.audio.other,playback.audio.other,他人发来的语音，每一次播放的都是他第一次放的语音,24,23,1
途牛,途牛,10010000004780,10010000004780,message_send.chat.other,message_send.chat.other,跟陌生聊天，发银行卡号码、身份证号码无安全提示。,24,21,1
途牛,途牛,10010000006447,10010000006447,message_send.page_view.other,message_send.page_view.other,和未关注的人和已关注的人聊天界面都一样，没有区别,24,23,1
途牛,途牛,10010000005300,10010000005300,message_send.image_banner.other,message_send.image_banner.other,发送和接收图片时看不到图片，只有点击图片才可看见,24,23,1
途牛,途牛,10010000006446,10010000006446,message_send.chat.cannot_or_fail,message_send.chat.cannot_or_fail,聊天发送的语音只能用扬声器播放，不能用听筒播放。,24,22,1
途牛,途牛,10010000004372,10010000004372,other.input_box.other,other.input_box.other,表情列表和键盘会铺满整个屏幕，看不到文本编辑框。,24,22,1
途牛,途牛,10010000004782,10010000004782,register.other.cannot_or_fail,register.other.cannot_or_fail,不能使用第三方软件进行登录软件，必须进行注册才行,24,23,1
途牛,途牛,10010000005999,10010000005999,login.other.other,login.other.other,多台手机登录时，只有一台手机能收到对方发来的信息,24,23,1
途牛,途牛,10010000005433,10010000005433,message_send.chat.cannot_send,message_send.chat.cannot_send,别人屏蔽你然后你给他发送消息时没有提示你不能发送,24,24,1
途牛,途牛,10010000007068,10010000007068,groupchat.button_icon.other,groupchat.button_icon.other,联系人页面的群聊功能没有添加其他人进入群聊的按钮,24,24,1
途牛,途牛,10010000005336,10010000005336,other.page_view.other,other.page_view.other,当点击预订须知的时候，只显示空白页面，功能不完善,24,22,1
途牛,途牛,10010000006761,10010000006761,login.other.other,login.other.other,用第三方登录时，必须输入手机号获取验证码才能登陆,24,23,1
途牛,途牛,10010000006289,10010000006289,comment.page_view.cannot_or_fail,comment.page_view.cannot_or_fail,不能设置自动回复，在线状态（在线，忙碌，离开等）,24,19,1
途牛,途牛,10010000005094,10010000005094,message_send.image_banner.other,message_send.image_banner.other,发送gif图片，不会显示动态效果，只显示静态图片,24,22,1
途牛,途牛,10010000005709,10010000005709,message_send.chat.freeze,message_send.chat.freeze,消息接收延迟。每次接收信息要过好长时间才能收到。,24,22,1
途牛,途牛,10010000005257,10010000005257,private_chat.page_view.cannot_send,private_chat.page_view.cannot_send,私聊设置。好友把我屏蔽，后又解除后仍不能发消息。,24,21,1
途牛,途牛,10010000005372,10010000005372,message_send.list_item.wrong_value,message_send.list_item.wrong_value,所示聊天记录显示的也是对方用户的所处的状态颜色。,24,23,0
途牛,途牛,10010000006520,10010000006520,private_chat.chat.other,private_chat.chat.other,开启新消息震动时，私聊对方发送的消息无震动提醒。,24,22,1
途牛,途牛,10010000005620,10010000005620,other.other.other,other.other.other,无论怎么改生日都显示是双鱼座，后发现是更改缓慢。,24,22,1
途牛,途牛,10010000006591,10010000006591,other.other.other,other.other.other,进入我的。点击我自己的用户头像。有时会出现黑屏。,24,21,1
途牛,途牛,10010000006706,10010000006706,message_send.other.other,message_send.other.other,给同一手机发送的验证号码两次相同。存在安全隐患。,24,22,1
途牛,途牛,10010000006360,10010000006360,other.page_view.other,other.page_view.other,进入“我的”页面点击头像进入下一个页面会出现卡屏,24,22,1
途牛,途牛,10010000005996,10010000005996,message_send.other.cannot_or_fail,message_send.other.cannot_or_fail,选择表情后，如果无法发送完整的文字就无法发送表情,24,23,1
途牛,途牛,10010000005958,10010000005958,other.image_banner.other,other.image_banner.other,没图没真相，在投诉内容部分加上投诉图片，作为证据,24,22,1
途牛,途牛,10010000006021,10010000006021,message_send.audio.cannot_or_fail,message_send.audio.cannot_or_fail,在锁定对方用户后，发送语音后，可以删除但无法取消,24,22,1
途牛,途牛,10010000006256,10010000006256,message_send.input_box.other,message_send.input_box.other,在输入框输入大量文字发送后直接消失，无任何提示。,24,22,1
途牛,途牛,10010000006498,10010000006498,other.input_box.other,other.input_box.other,在写完投诉内容后，返回时会出现键盘不隐藏的现象。,24,22,1
途牛,途牛,10010000006378,10010000006378,private_chat.chat.crash,private_chat.chat.crash,在私聊中选择拍照时闪退，和不同用户切换聊天时闪退,24,23,1
途牛,途牛,10010000006549,10010000006549,message_send.chat.wrong_value,message_send.chat.wrong_value,文字聊天内容正确 语音聊天内容 不完整 不正确,23,20,1
途牛,途牛,10010000006652,10010000006652,message_send.image_banner.cannot_or_fail,message_send.image_banner.cannot_or_fail,拍照完成后无法编辑图片发送，有些时候需要打马赛克,24,23,1
途牛,途牛,10010000006496,10010000006496,message_send.image_banner.other,message_send.image_banner.other,"手机中的高清图片发送给对方,发送出去的图片不清晰",24,23,1
途牛,途牛,10010000007159,10010000007159,other.button_icon.other,other.button_icon.other,取消点赞后点赞图标旁边应该显示“赞”，而不是,22,19,1
途牛,途牛,10010000007193,10010000007193,search.other.other,search.other.other,软件中存在于“重庆”相关的字段，应该要被查找出来,24,21,1
途牛,途牛,10010000001672,10010000001672,other.page_view.other,other.page_view.other,点击底部tab栏“行程玩法”后，没有出现一个+号。,25,20,1
途牛,途牛,10010000001936,10010000001936,shopping.page_view.other,shopping.page_view.other,在购买门票时，下一个页面只显示一个景点，功能不完善,25,23,1
途牛,途牛,10010000001810,10010000001810,search.other.other,search.other.other,酒店搜索结果建议默认为评分由高到底排列,19,19,1
途牛,途牛,10010000001814,10010000001814,other.commerce.other,other.commerce.other,问题描述:选择酒店进去酒店详情后，某些酒店价格为0,25,23,1
途牛,途牛,10010000001866,10010000001866,search.gps.other,search.gps.other,"在搜索旅游策略的时候定位地点,和历史为绿色的空框。",25,23,1
途牛,途牛,10010000002116,10010000002116,other.other.other,other.other.other,同一行程所需用车住房等应归为一类，否则用户容易看错,25,24,1
途牛,途牛,10010000002584,10010000002584,search.chat.cannot_or_fail,search.chat.cannot_or_fail,无法通过搜索获得其他用户的信息，进而添加对方为好友,25,24,1
途牛,途牛,10010000002475,10010000002475,other.other.other,other.other.other,点击每日精选 我的兴趣 切换缓慢 而且偶现点击无效,25,22,1
途牛,途牛,10010000002871,10010000002871,other.other.other,other.other.other,客服不应该占这么大一个板块 而且本身并没有太多内容,25,24,1
途牛,途牛,10010000002669,10010000002669,message_send.other.freeze,message_send.other.freeze,在发送表情时，添加表情过程中会出现偶尔的卡顿现象。,25,23,1
途牛,途牛,10010000005992,10010000005992,message_send.chat.other,message_send.chat.other,我自己发送给对方的消息应该在右边，偶尔会出现在左边,25,24,1
途牛,途牛,10010000002644,10010000002644,message_send.other.other,message_send.other.other,发送gif动态图后，显示的是一张静态图，不是gif,25,23,1
途牛,途牛,10010000002803,10010000002803,private_chat.button_icon.other,private_chat.button_icon.other,在私聊设置中，点击关闭新消息提醒，图标显示两种颜色,25,23,1
途牛,途牛,10010000007182,10010000007182,message_send.input_box.cannot_or_fail,message_send.input_box.cannot_or_fail,当文本框中编辑了文字时，是无法发送图片的。效果如图,25,23,1
途牛,途牛,10010000002775,10010000002775,private_chat.chat.cannot_or_fail,private_chat.chat.cannot_or_fail,与用户私聊：第一次取消发送语音后，无法再次发送语音,25,23,1
途牛,途牛,10010000006180,10010000006180,private_chat.chat.other,private_chat.chat.other,私聊时，发送方发送消息后，接收方等待半分钟后才收到,25,23,1
途牛,途牛,10010000005221,10010000005221,share.share_panel.other,share.share_panel.other,一段文字被默认为超链接，打开无效，估计是当做了网站,25,23,1
途牛,途牛,10010000003989,10010000003989,message_send.page_view.cannot_or_fail,message_send.page_view.cannot_or_fail,第三方输入法在聊天界面无法使用输入法的复制粘贴功能,25,25,1
途牛,途牛,10010000005011,10010000005011,message_send.chat.crash,message_send.chat.crash,当别人发给自己一条很长很长的消息时会卡住黑屏并闪退,25,25,1
途牛,途牛,10010000006970,10010000006970,search.other.cannot_or_fail,search.other.cannot_or_fail,要查找一个未被关注过的用户，很困难，无法正常找到！,25,22,1
途牛,途牛,10010000003939,10010000003939,private_chat.chat.cannot_or_fail,private_chat.chat.cannot_or_fail,与互相关注的用户私聊时，对方发来的消息不能实时提醒,25,24,1
途牛,途牛,10010000005114,10010000005114,message_send.chat.cannot_or_fail,message_send.chat.cannot_or_fail,用户不能对发送的消息进行逐条转发，可以增加此功能。,25,23,1
途牛,途牛,10010000006332,10010000006332,message_send.chat.other,message_send.chat.other,陌生人之间发的消息显示不完整，部分内容未完全显示。,25,23,1
途牛,途牛,10010000003504,10010000003504,share.list_item.other,share.list_item.other,"帖子分享到微信，朋友圈，qq功能没实现,点了没反应",25,22,1
途牛,途牛,10010000003827,10010000003827,private_chat.chat.cannot_or_fail,private_chat.chat.cannot_or_fail,互动动态中关注我的用户 我无法关注他也无法发起私聊,25,24,1
途牛,途牛,10010000005561,10010000005561,message_send.page_view.wrong_value,message_send.page_view.wrong_value,在发送图片页面内选择图片时，会偶尔进入一个错误页面,25,24,1
途牛,途牛,10010000003668,10010000003668,private_chat.chat.cannot_or_fail,private_chat.chat.cannot_or_fail,私聊功能不易发现，致使用户可能无法发现并使用该功能,25,24,1
途牛,途牛,10010000003646,10010000003646,message_send.chat.other,message_send.chat.other,已发送的语音聊天，有有取消和删除，取消按键没有功能,25,23,1
途牛,途牛,10010000003644,10010000003644,search.other.cannot_or_fail,search.other.cannot_or_fail,不能快速找到特定的人，没有昵称精确搜索，影响体验。,25,22,1
途牛,途牛,10010000005099,10010000005099,other.other.wrong_value,other.other.wrong_value,跟团游所有项目均收藏不了，均出现‘参数错误字样’。,25,21,1
途牛,途牛,10010000003712,10010000003712,other.page_view.other,other.page_view.other,联系人界面只显示最近联系人。没有显示已关注的或粉丝,25,24,1
途牛,途牛,10010000004302,10010000004302,private_chat.chat.other,private_chat.chat.other,私聊消息 没有标注已读，不知道对方有没有收到消息,24,22,1
途牛,途牛,10010000004688,10010000004688,other.other.wrong_value,other.other.wrong_value,跟团游收藏参数错误(产品信息可以转发但不可以收藏),25,23,1
途牛,途牛,10010000005406,10010000005406,other.button_icon.other,other.button_icon.other,没有左右滑动进行子页面切换的功能，只能点击下方按钮,25,24,1
途牛,途牛,10010000005180,10010000005180,other.other.cannot_or_fail,other.other.cannot_or_fail,无法通过ID添加联系人，无法添加附近的兴趣相同的人,25,24,1
途牛,途牛,10010000005421,10010000005421,private_chat.page_view.cannot_or_fail,private_chat.page_view.cannot_or_fail,私聊界面刷新时，显示不清楚，用户不能感受到刷新成功,25,23,1
途牛,途牛,10010000005688,10010000005688,other.other.other,other.other.other,联系人比较多的时候，没有置顶功能，找出常用比较麻烦,25,23,1
途牛,途牛,10010000003847,10010000003847,message_send.chat.other,message_send.chat.other,编辑消息时，输入多于一行的消息，编辑框不会自动扩展,25,23,1
途牛,途牛,10010000005959,10010000005959,search.chat.other,search.chat.other,缺少搜索陌生人添加好友的功能，熟人间难以建立交流。,25,23,1
途牛,途牛,10010000005475,10010000005475,message_send.chat.other,message_send.chat.other,好友发送语音，我接收到的语音是好友以前发的某一条。,25,23,1
途牛,途牛,10010000005369,10010000005369,private_chat.page_view.cannot_or_fail,private_chat.page_view.cannot_or_fail,无法给私聊的人设置备注，在和多人聊天的时候不太方便,25,24,1
途牛,途牛,10010000006074,10010000006074,private_chat.image_banner.cannot_or_fail,private_chat.image_banner.cannot_or_fail,在私聊中无法发送动态图，例如以.gif结尾的图片。,25,22,1
途牛,途牛,10010000004927,10010000004927,message_send.page_view.cannot_or_fail,message_send.page_view.cannot_or_fail,好友修改用户名后，在聊天界面无法更新修改后的用户名,25,24,1
途牛,途牛,10010000006738,10010000006738,other.image_banner.cannot_or_fail,other.image_banner.cannot_or_fail,一次仅可添加一张图片，不可以一次选多张，比较麻烦。,25,22,1
途牛,途牛,10010000004629,10010000004629,message_send.page_view.layout_issue,message_send.page_view.layout_issue,进入聊天页面时，显示的聊天记录位置错位，颜色不正确,25,23,1
途牛,途牛,10010000004894,10010000004894,private_chat.chat.other,private_chat.chat.other,"在测试私聊发送消息的过程中,发现缺失撤回消息的功能",25,24,1
途牛,途牛,10010000005814,10010000005814,other.page_view.other,other.page_view.other,点击自己的头像，进入“自己”的界面时会发生卡屏！！,25,20,1
途牛,途牛,10010000004926,10010000004926,search.other.cannot_or_fail,search.other.cannot_or_fail,无法提供搜索联系人的功能,12,12,1
途牛,途牛,10010000006329,10010000006329,other.image_banner.cannot_or_fail,other.image_banner.cannot_or_fail,他人发来的图片或表情无法直接收藏，只能先保存到手机,25,24,1
途牛,途牛,10010000004980,10010000004980,playback.audio.cannot_or_fail,playback.audio.cannot_or_fail,不能接收语音，或者接收的语音均为第一个语音的声音。,25,23,1
途牛,途牛,10010000006717,10010000006717,message_send.chat.no_prompt,message_send.chat.no_prompt,复制聊天文本消息时没有提示已复制，建议增加提示功能,25,24,1
途牛,途牛,10010000006105,10010000006105,other.image_banner.cannot_or_fail,other.image_banner.cannot_or_fail,添加图片的时候只能一张一张添加，并且不能添加动图。,25,23,1
途牛,途牛,10010000006948,10010000006948,message_send.list_item.other,message_send.list_item.other,删除某条聊天记录时没有相应的该条记录‘已删除’提示,25,23,1
途牛,途牛,10010000005358,10010000005358,other.chat.crash,other.chat.crash,"每一次退出途牛再次登陆的时候,进入好友主页就会闪退",25,24,1
途牛,途牛,10010000005624,10010000005624,message_send.image_banner.cannot_or_fail,message_send.image_banner.cannot_or_fail,聊天内的发送图片偶尔会出现失败，过一会才能正常发送,25,24,1
途牛,途牛,10010000006025,10010000006025,message_send.chat.cannot_or_fail,message_send.chat.cannot_or_fail,第一次建立聊天时一方莫名其妙接收不到信息，之后正常,25,24,1
途牛,途牛,10010000005436,10010000005436,message_send.chat.other,message_send.chat.other,只能点击头像进行聊天，建议点击用户名也可以进行聊天,25,24,1
途牛,途牛,10010000005609,10010000005609,message_send.image_banner.no_prompt,message_send.image_banner.no_prompt,发送出去的图片，删除的时候，没有提示框显示是否删除,25,23,1
途牛,途牛,10010000006673,10010000006673,message_send.chat.other,message_send.chat.other,与对方互相关注后，对方屏蔽了，我给对方发消息能收到,25,23,0
途牛,途牛,10010000005788,10010000005788,message_send.chat.other,message_send.chat.other,从主页进入消息,7,7,1
途牛,途牛,10010000006747,10010000006747,message_send.chat.crash,message_send.chat.crash,聊天过程中，当消息发送过快是会发生APP闪退的情况,25,24,1
途牛,途牛,10010000006076,10010000006076,register.other.no_prompt,register.other.no_prompt,注册时，手机号少于11位未提示，仍可进行验证码发送,25,23,1
途牛,途牛,10010000006179,10010000006179,other.page_view.cannot_or_fail,other.page_view.cannot_or_fail,访问请求的失败页面不会给出相应提示，直接跳转至首页,25,24,1
途牛,途牛,10010000006257,10010000006257,comment.button_icon.other,comment.button_icon.other,评论别人的问题无发表评论按钮，点击回车才能发表评论,25,24,1
途牛,途牛,10010000006311,10010000006311,message_send.chat.cannot_or_fail,message_send.chat.cannot_or_fail,在聊天框里只输入空格和回车时，不能将该信息发送出去,25,24,1
途牛,途牛,10010000006425,10010000006425,message_send.chat.other,message_send.chat.other,聊天窗口隐蔽太深，右上角。建议换个位置或者放大一点,25,23,1
途牛,途牛,10010000006124,10010000006124,message_send.page_view.display_missing,message_send.page_view.display_missing,没有互相关注的好友，点击聊天设置时，屏蔽选项不显示,25,23,1
途牛,途牛,10010000006296,10010000006296,message_send.other.freeze,message_send.other.freeze,在发送表情时，添加表情过程中会出现偶尔的卡顿现象。,25,23,1
途牛,途牛,10010000006679,10010000006679,message_send.chat.other,message_send.chat.other,我自己发送给对方的消息应该在右边，偶尔会出现在左边,25,24,0
途牛,途牛,10010000006919,10010000006919,other.page_view.other,other.page_view.other,首页中客户不是主要关心的信息太多，首页的信息量过大,25,24,1
途牛,途牛,10010000002039,10010000002039,search.page_view.other,search.page_view.other,"酒店购票页面,选择好位置和酒店类型后搜索不出任何结果",26,25,1
途牛,途牛,10010000006163,10010000006163,message_send.chat.other,message_send.chat.other,优化建议：建议语音聊天正在当音时，录音标志做成动态的,26,24,1
途牛,途牛,10010000003811,10010000003811,other.other.wrong_value,other.other.wrong_value,选择任意一款旅游项目，点击下方收藏跳出参数错误提示。,26,24,1
途牛,途牛,10010000002942,10010000002942,register.other.other,register.other.other,点击注册，手机号码位数少于11位，同样可以发送验证码,26,24,1
途牛,途牛,10010000003431,10010000003431,search.chat.cannot_or_fail,search.chat.cannot_or_fail,用户体验很差，无法快捷添加好友，搜索好友，查找好友。,26,22,1
途牛,途牛,10010000002474,10010000002474,share.page_view.other,share.page_view.other,选择分享，未成功分享，也没有界面跳转。但转发数在增加,26,23,1
途牛,途牛,10010000002355,10010000002355,other.page_view.other,other.page_view.other,点击进入“我的”界面以后再点击专属顾问，会不正常退出,26,23,1
途牛,途牛,10010000006719,10010000006719,message_send.image_banner.cannot_send,message_send.image_banner.cannot_send,断网后图片发不出去，但联上网络后图片不能自动恢复发送,26,25,1
途牛,途牛,10010000002381,10010000002381,other.other.crash,other.other.crash,使用Nokia N1平板的时候会闪退，并且偶尔会卡死,26,24,0
途牛,途牛,10010000003555,10010000003555,other.image_banner.display_missing,other.image_banner.display_missing,上传头像功能选择本地图片，选择图片后不显示更新后头像,26,25,1
途牛,途牛,10010000002419,10010000002419,other.page_view.other,other.page_view.other,"自助游等界面没有右侧滚动条,用户很难判断页面的进度。",26,24,1
途牛,途牛,10010000004788,10010000004788,message_send.image_banner.no_prompt,message_send.image_banner.no_prompt,聊天时，点击发送图片时，没有提示发送原像素还是低像素,26,24,1
途牛,途牛,10010000005379,10010000005379,login.other.other,login.other.other,发送大量文本时，手机会卡，之后重新登录之后，数据丢失,26,23,1
途牛,途牛,10010000002623,10010000002623,other.input_box.other,other.input_box.other,输入框内如果输入内容超过一行，会出现显示不完全的现象,26,25,1
途牛,途牛,10010000002533,10010000002533,login.button_icon.cannot_or_fail,login.button_icon.cannot_or_fail,使用第三方登录是数据请求失败，微信那个按钮点了没反应,26,25,1
途牛,途牛,10010000003273,10010000003273,message_send.chat.other,message_send.chat.other,语音消息默认是外放声音，如果消息涉及隐私则会非常尴尬,26,25,1
途牛,途牛,10010000002916,10010000002916,search.chat.other,search.chat.other,不支持通过搜索用户名的方式添加好友，不方便用户使用。,26,24,1
途牛,途牛,10010000003210,10010000003210,other.input_box.other,other.input_box.other,输入框输入字符串过长时会出现数字上移，输入框不会变大,26,25,1
途牛,途牛,10010000003983,10010000003983,other.other.other,other.other.other,当地玩乐里有一些目的地没有相关结果(黄山不会没有吧),26,24,1
途牛,途牛,10010000002938,10010000002938,message_send.other.cannot_or_fail,message_send.other.cannot_or_fail,文字描述部分，不能够发送空格，并且字数没有规定上限。,26,23,1
途牛,途牛,10010000004263,10010000004263,message_send.chat.other,message_send.chat.other,别人发的消息和自己发的消息两个人的头像显示在同一边。,26,25,1
途牛,途牛,10010000006166,10010000006166,message_send.chat.other,message_send.chat.other,现象：聊天内容没有实时更新，还会无规律出现数据丢包。,26,23,1
途牛,途牛,10010000004842,10010000004842,message_send.input_box.other,message_send.input_box.other,投诉用户点击发送后，界面回到上一个界面但是键盘没隐藏,26,25,1
途牛,途牛,10010000003029,10010000003029,private_chat.chat.other,private_chat.chat.other,选择私聊功能后横竖切换屏幕，然后卡住，接着退出途牛。,26,23,1
途牛,途牛,10010000004662,10010000004662,private_chat.chat.other,private_chat.chat.other,私聊时多个好友发给我的语音都是第一个人开始时发的语音,26,26,1
途牛,途牛,10010000004905,10010000004905,private_chat.image_banner.display_missing,private_chat.image_banner.display_missing,私聊好友的头像显示不出来 有时是头像有时是默认图片,25,24,1
途牛,途牛,10010000004046,10010000004046,other.button_icon.other,other.button_icon.other,在点击其他功能按钮切换页面时不流畅，感觉服务器比较卡,26,25,1
途牛,途牛,10010000003086,10010000003086,other.page_view.crash,other.page_view.crash,点击我的界面“专属顾问”下的 “选我咨询”导致闪退。,26,20,1
途牛,途牛,10010000005552,10010000005552,message_send.chat.cannot_or_fail,message_send.chat.cannot_or_fail,在和一位好友聊天时，其他好友发送的信息不能提醒收到。,26,24,1
途牛,途牛,10010000005382,10010000005382,message_send.other.other,message_send.other.other,用户发送表情时，可以增加推荐的表情，让用户多些选择。,26,23,1
途牛,途牛,10010000006842,10010000006842,message_send.list_item.no_prompt,message_send.list_item.no_prompt,关于聊天记录涉及到金钱问题时没有提示信息！防止受骗！,26,24,1
途牛,途牛,10010000004227,10010000004227,message_send.page_view.cannot_or_fail,message_send.page_view.cannot_or_fail,投诉界面不能附加图片，不能选择聊天记录作为投诉证据。,26,24,1
途牛,途牛,10010000004465,10010000004465,message_send.chat.wrong_value,message_send.chat.wrong_value,接收消息:语音接收消息，容易发生错乱。消息显示错误。,26,22,1
途牛,途牛,10010000003922,10010000003922,private_chat.chat.other,private_chat.chat.other,私聊，发现用户发现自己没有好友，没有添加好友的控件。,26,23,1
途牛,途牛,10010000004970,10010000004970,private_chat.image_banner.other,private_chat.image_banner.other,私聊中发送给对方的图片很模糊，看不清楚，影响聊天质量,26,24,1
途牛,途牛,10010000003721,10010000003721,message_send.chat.wrong_value,message_send.chat.wrong_value,聊天对话是，当文字和字母同时输入时，自动换行不正确，,26,23,1
途牛,途牛,10010000003505,10010000003505,other.other.crash,other.other.crash,经常操作着就闪退了，可能是网络太卡，或者程序有错误。,26,23,1
途牛,途牛,10010000004281,10010000004281,message_send.page_view.other,message_send.page_view.other,对方发送消息后，若我不在聊天界面，则不会收到消息提醒,26,24,1
途牛,途牛,10010000003643,10010000003643,message_send.page_view.cannot_or_fail,message_send.page_view.cannot_or_fail,点击聊天进入的页面，只有已经聊过天的。不能显示其他人,26,24,1
途牛,途牛,10010000006808,10010000006808,other.image_banner.cannot_or_fail,other.image_banner.cannot_or_fail,更换头像失败，选择本地图片并裁剪确定后，头像并未改变,26,24,1
途牛,途牛,10010000005978,10010000005978,other.other.other,other.other.other,在屏蔽对方后，依然能看到对方的输入情况“正在输入中”,26,23,1
途牛,途牛,10010000005205,10010000005205,message_send.list_item.cannot_or_fail,message_send.list_item.cannot_or_fail,聊天记录没有分页，且当聊天记录过多时不能全部保存下来,26,25,1
途牛,途牛,10010000005162,10010000005162,other.button_icon.layout_issue,other.button_icon.layout_issue,页面功能重叠部分太多，没有提供一个专门用于交流的按钮,26,25,1
途牛,途牛,10010000006757,10010000006757,message_send.image_banner.other,message_send.image_banner.other,一次发送多张图片，有的图片没有传送过去，要点击重发。,26,23,1
途牛,途牛,10010000005292,10010000005292,other.button_icon.other,other.button_icon.other,没有撤销按钮，用户发错东西想要撤销，用户友好性较差差,26,24,1
途牛,途牛,10010000006398,10010000006398,message_send.image_banner.other,message_send.image_banner.other,发送图片时一共一次性可以发送9张照片，每张图片清晰。,26,24,0
途牛,途牛,10010000005151,10010000005151,other.other.load_fail,other.other.load_fail,等到时并未显示正在等待，而只是白屏。用户体验比较差。,26,23,1
途牛,途牛,10010000004576,10010000004576,message_send.image_banner.crash,message_send.image_banner.crash,当向好友发送图片时，点击加号，选择图片，客户端崩溃。,26,22,1
途牛,途牛,10010000005707,10010000005707,message_send.chat.other,message_send.chat.other,不支持聊天表情整体删除，只能一点点将表情汉字代号删除,26,25,1
途牛,途牛,10010000006247,10010000006247,message_send.list_item.wrong_value,message_send.list_item.wrong_value,点击查看历史聊天记录是本人发的消息在左面出现了！！！,26,23,1
途牛,途牛,10010000004708,10010000004708,other.chat.cannot_or_fail,other.chat.cannot_or_fail,不能给互粉好友添加备注，这样。就不能很好的区分好友了,26,24,1
途牛,途牛,10010000004948,10010000004948,other.other.other,other.other.other,"对用户取消关注后,弹出是否确定窗口,弹窗文字没有居中",26,24,1
途牛,途牛,10010000005009,10010000005009,message_send.step.other,message_send.step.other,对方发送来的语音会重复出现，语音内容一样，时间不一样,26,24,1
途牛,途牛,10010000004923,10010000004923,other.other.freeze,other.other.freeze,锁屏重新解锁后，软件直接卡死无法操作，只能重启软件。,26,23,1
途牛,途牛,10010000004982,10010000004982,other.list_item.other,other.list_item.other,Ta的关注列表显示的是自己的关注列表而不是对方的关注,26,26,1
途牛,途牛,10010000005886,10010000005886,message_send.other.other,message_send.other.other,向他人发送动图，他人收到的为静图，自己看到的也为静图,26,24,1
途牛,途牛,10010000006354,10010000006354,message_send.audio.other,message_send.audio.other,甲方发送语音给乙方，但乙方收到的语音与甲方发送的不符,26,25,1
途牛,途牛,10010000005507,10010000005507,settings.page_view.crash,settings.page_view.crash,输入大量文本后系统可能卡顿崩溃，建议设置文本字数上限,26,25,1
途牛,途牛,10010000006540,10010000006540,message_send.page_view.cannot_or_fail,message_send.page_view.cannot_or_fail,用户之间的聊天背景不能进行自定义设置，会影响用户体验,26,25,1
途牛,途牛,10010000005855,10010000005855,message_send.chat.other,message_send.chat.other,好友发送的语音显示时间长度与实际语音时间长度存在误差,26,26,1
途牛,途牛,10010000006683,10010000006683,other.list_item.other,other.list_item.other,只有删除，仅能删除本地记录，无撤销功能，影响用户体验,26,23,1
途牛,途牛,10010000006144,10010000006144,message_send.image_banner.cannot_or_fail,message_send.image_banner.cannot_or_fail,发送图片时，无法显示图片的发送率，应该继续完善该功能,26,24,1
途牛,途牛,10010000006452,10010000006452,message_send.list_item.other,message_send.list_item.other,删除聊天记录后，依旧可以在聊天中找到它，需要删除会话,26,24,1
途牛,途牛,10010000005968,10010000005968,private_chat.chat.other,private_chat.chat.other,私聊发送图功能,7,7,1
途牛,途牛,10010000005957,10010000005957,search.chat.cannot_or_fail,search.chat.cannot_or_fail,无法添加指定用户为好友，搜索指定用户并私聊相当不方便,26,25,1
途牛,途牛,10010000006125,10010000006125,message_send.page_view.other,message_send.page_view.other,新消息提醒设置功能不完整，不完善，关闭后仍会收到提醒,26,24,1
途牛,途牛,10010000006284,10010000006284,other.input_box.other,other.input_box.other,输入框内如果输入内容超过一行，会出现显示不完全的现象,26,25,1
途牛,途牛,10010000006451,10010000006451,message_send.audio.other,message_send.audio.other,在录制语音过程中，提示手指上滑取消发送的标志不准确。,26,24,1
途牛,途牛,10010000006641,10010000006641,message_send.input_box.cannot_or_fail,message_send.input_box.cannot_or_fail,输入框无法通过回车键发送消息，也不能设置成回车键发送,26,25,1
途牛,途牛,10010000007060,10010000007060,other.other.other,other.other.other,登陆不提示退出，,8,7,1
途牛,途牛,10010000007152,10010000007152,other.other.cannot_or_fail,other.other.cannot_or_fail,KikAndroid 无法截图。反正我没找到啊！！！,26,21,1
途牛,途牛,10010000006829,10010000006829,message_send.list_item.other,message_send.list_item.other,当没有和一个人聊天时，删除聊天记录，也会提示删除成功,26,24,1
途牛,途牛,10010000007055,10010000007055,private_chat.page_view.other,private_chat.page_view.other,对方修改用户名昵称后，我的私聊窗口界面并没有同步更新,26,25,1
途牛,途牛,10010000000883,10010000000883,other.other.wrong_value,other.other.wrong_value,部分游玩方式和游记的收藏功能无法使用，会出现参数错误。,27,25,1
途牛,途牛,10010000000824,10010000000824,settings.page_view.crash,settings.page_view.crash,个人资料设置中设置生日时出现闪退，多次操作都出现闪退！,27,25,1
途牛,途牛,10010000001823,10010000001823,other.page_view.layout_issue,other.page_view.layout_issue,进入购物车页面后，上下滑动，左上角提示机票，门票会重叠,27,24,1
途牛,途牛,10010000002140,10010000002140,search.other.other,search.other.other,在西安搜索门票，没有门票，但西安景点这么多，肯定有门票,27,24,1
途牛,途牛,10010000003612,10010000003612,message_send.chat.other,message_send.chat.other,进行语音聊天，接收到其他语音时，永远听到的是第一条语音,27,25,1
途牛,途牛,10010000006240,10010000006240,message_send.audio.other,message_send.audio.other,长按已发送的语音，会出现删除|取消选项，取消功能没有用,27,24,1
途牛,途牛,10010000004855,10010000004855,register.other.other,register.other.other,注册密码密码为数字或者字母，+这个字符同样可以注册成功,27,25,1
途牛,途牛,10010000002459,10010000002459,other.other.other,other.other.other,点击旅游,4,4,1
途牛,途牛,10010000003477,10010000003477,notification.audio.cannot_or_fail,notification.audio.cannot_or_fail,对方发语音时，接收的声音永远是第一句，后面的话接收不到,27,25,1
途牛,途牛,10010000002663,10010000002663,private_chat.list_item.cannot_or_fail,private_chat.list_item.cannot_or_fail,私聊列表中联系人只显示初始昵称，不能显示修改后的昵称。,27,25,1
途牛,途牛,10010000004794,10010000004794,private_chat.chat.crash,private_chat.chat.crash,我加的第一个私聊对象时候出现了这个bug一点语音就闪退,27,27,1
途牛,途牛,10010000002735,10010000002735,other.input_box.other,other.input_box.other,在进行文本框输入的时候，切换到表情，存在明显的闪屏现象,27,25,1
途牛,途牛,10010000003589,10010000003589,message_send.chat.other,message_send.chat.other,加好友后退出取消关注，再次重新关注后，聊天内容自动消失,27,25,1
途牛,途牛,10010000002896,10010000002896,other.page_view.layout_issue,other.page_view.layout_issue,进去主页面首页，布局让人很容易误触并进入不需要的界面。,27,25,1
途牛,途牛,10010000003010,10010000003010,message_send.audio.other,message_send.audio.other,在发送语音的时候，即使没声音也会发出去，没有给出提示。,27,24,1
途牛,途牛,10010000002787,10010000002787,other.other.other,other.other.other,在“发现”栏目下，点击用户动态左下角的用户名，应用退出,27,23,1
途牛,途牛,10010000006120,10010000006120,private_chat.chat.cannot_or_fail,private_chat.chat.cannot_or_fail,与用户私聊：如果对方用户没有进入私聊路径，就收不到消息,27,25,1
途牛,途牛,10010000002790,10010000002790,other.other.other,other.other.other,通过文件管理进入相关目录选择文件后，返回文件未添加上。,27,25,1
途牛,途牛,10010000005331,10010000005331,other.page_view.cannot_or_fail,other.page_view.cannot_or_fail,结伴旅行时，点击进入结伴帖子，点赞，退回界面后无法显示,27,24,1
途牛,途牛,10010000003263,10010000003263,private_chat.list_item.cannot_or_fail,private_chat.list_item.cannot_or_fail,私聊中发送图片时，图片选择列表长时间无法预览本地图片。,27,25,1
途牛,途牛,10010000003919,10010000003919,notification.other.cannot_or_fail,notification.other.cannot_or_fail,刚下载完，打开就有更新提醒，为什么不能直接下载最新版本,27,25,1
途牛,途牛,10010000003296,10010000003296,login.button_icon.permission,login.button_icon.permission,在第三方软件登录时，QQ和微博无法授权，微信按钮点不开,27,25,1
途牛,途牛,10010000007106,10010000007106,message_send.other.cannot_or_fail,message_send.other.cannot_or_fail,投诉用户时，空输入按发送无反应。应提示发送内容不为空。,27,24,1
途牛,途牛,10010000005481,10010000005481,other.other.other,other.other.other,当屏幕操作，点击，滑动等，比较频繁时，有时就会闪屏退出,27,23,1
途牛,途牛,10010000005232,10010000005232,other.page_view.other,other.page_view.other,联网的相关页面加载慢，大概平均需要3秒才能正常显示出来,27,26,1
途牛,途牛,10010000003692,10010000003692,message_send.chat.other,message_send.chat.other,和别人语音聊天，接收对面语音会错乱，全部语音变成同一句,27,25,1
途牛,途牛,10010000003378,10010000003378,message_send.other.other,message_send.other.other,发送者发送的表情没有动态的，如果增加动态表情会有趣些。,27,25,1
途牛,途牛,10010000004844,10010000004844,message_send.button_icon.other,message_send.button_icon.other,发送语音后，点击“取消”按钮，没有反应，此功能未实现。,27,21,1
途牛,途牛,10010000003381,10010000003381,message_send.chat.other,message_send.chat.other,用户接收的所有语音消息都是第一条接收到的语音消息的内容,27,27,1
途牛,途牛,10010000003384,10010000003384,share.share_panel.freeze,share.share_panel.freeze,"该软件中第三方登陆时QQ,微博拉取信息失败，微信无响应",27,25,1
途牛,途牛,10010000003508,10010000003508,message_send.audio.other,message_send.audio.other,发送语音给对方，对方收到的语音播放之后是另一个人发送的,27,26,1
途牛,途牛,10010000004311,10010000004311,private_chat.image_banner.freeze,private_chat.image_banner.freeze,网络状况不佳时，私聊发送图片延迟没有合理的发送进度提示,27,26,1
途牛,途牛,10010000006486,10010000006486,message_send.list_item.display_missing,message_send.list_item.display_missing,聊天记录里面只能展示最近的，稍微往前的记录就显示不出来,27,26,1
途牛,途牛,10010000003528,10010000003528,message_send.chat.cannot_send,message_send.chat.cannot_send,在消息发送失败后，网络恢复正常后，点击消息重送无反应。,27,24,1
途牛,途牛,10010000004338,10010000004338,other.other.other,other.other.other,点击星标进行收藏，下方会提示收藏成功，但是星标没有变动,27,25,1
途牛,途牛,10010000004392,10010000004392,private_chat.page_view.other,private_chat.page_view.other,私聊。 退出私聊后，再进入私聊页面，聊天信息发生变化。,27,22,1
途牛,途牛,10010000005384,10010000005384,private_chat.chat.other,private_chat.chat.other,只有点击头像才能进入主页私聊，点击用户名无效，比较麻烦,27,25,1
途牛,途牛,10010000007059,10010000007059,message_send.page_view.cannot_or_fail,message_send.page_view.cannot_or_fail,聊天界面不能直接查看其他人的动态，还得返回主页面去找。,27,25,1
途牛,途牛,10010000004945,10010000004945,private_chat.chat.cannot_or_fail,private_chat.chat.cannot_or_fail,私聊不能撤回，语音不能取消，发送的信息不可取消发送,25,23,1
途牛,途牛,10010000005442,10010000005442,other.other.other,other.other.other,大部分功能按键在触摸时没有深色显示，对用户体验不友好。,27,25,1
途牛,途牛,10010000005461,10010000005461,comment.button_icon.other,comment.button_icon.other,评论信息中添加表情图标应该显示图标，而不是“（表情）”,27,22,1
途牛,途牛,10010000004120,10010000004120,message_send.chat.other,message_send.chat.other,给好友连续发送两条语音消息，但是对方只接受到一天信息。,27,25,1
途牛,途牛,10010000006553,10010000006553,playback.chat.other,playback.chat.other,接受好友语音时，无论哪个好友，所收语音永远是第一条语音,27,25,1
途牛,途牛,10010000005087,10010000005087,other.other.other,other.other.other,后台切换应用或通过第三方软件启动时，软件都会重新加载。,27,25,1
途牛,途牛,10010000005166,10010000005166,message_send.chat.crash,message_send.chat.crash,聊天的过程中有时会出现闪退，当聊天信息发送过快的时候。,27,25,1
途牛,途牛,10010000005480,10010000005480,playback.chat.other,playback.chat.other,收到信息時，有的好友会出现语音提示，有的也没有声音提示,27,25,0
途牛,途牛,10010000004644,10010000004644,other.other.other,other.other.other,系统自带表情间距过小，一页里表情过多，应该加上文字描述,27,25,1
途牛,途牛,10010000004291,10010000004291,message_send.button_icon.other,message_send.button_icon.other,修改邮箱的时候，获取验证码的那个按钮还是“发送验证码”,27,24,1
途牛,途牛,10010000005756,10010000005756,message_send.chat.no_prompt,message_send.chat.no_prompt,在接收用户的消息时，有提示音到没有提示信息。,22,20,0
途牛,途牛,10010000005787,10010000005787,message_send.image_banner.other,message_send.image_banner.other,在发送与接收图片时，图片像素明显比源图片像素低。,24,22,1
途牛,途牛,10010000004369,10010000004369,share.share_panel.freeze,share.share_panel.freeze,第三方应用拉去登陆信息失败，qq，微博失败，微信无响应,27,24,1
途牛,途牛,10010000004444,10010000004444,message_send.page_view.crash,message_send.page_view.crash,聊天和就看界面时频繁闪退。刚开始聊天发送表情尤其严重。,27,25,1
途牛,途牛,10010000005980,10010000005980,message_send.chat.other,message_send.chat.other,关注在互动消息里有提醒，取消关注，在互动消息里，没提醒,27,24,1
途牛,途牛,10010000005361,10010000005361,private_chat.chat.other,private_chat.chat.other,私聊发送多条不一样的语音，播放出来的全部是第一条的语音,27,26,1
途牛,途牛,10010000005398,10010000005398,search.other.other,search.other.other,用户有较多朋友时，应提供搜索框进行朋友用户名的快速搜索,27,26,1
途牛,途牛,10010000006932,10010000006932,message_send.chat.other,message_send.chat.other,建议互相加关注后才可进行聊天功能，避免了一些人恶意骚扰,27,26,1
途牛,途牛,10010000007104,10010000007104,message_send.other.other,message_send.other.other,建议添加将别人发送给你的表情保存到自己的表情包里的功能,27,27,1
途牛,途牛,10010000005091,10010000005091,message_send.image_banner.other,message_send.image_banner.other,同一张图片的不同发送方式导致最终图片的清晰度相差明显。,27,26,1
途牛,途牛,10010000005611,10010000005611,message_send.chat.other,message_send.chat.other,新消息提醒只提醒一次，在查看完新消息后，再来消息不提醒,27,25,1
途牛,途牛,10010000005795,10010000005795,other.page_view.other,other.page_view.other,每次切换到其他应用程序时，在切回来时，程序会重启到首页,27,25,1
途牛,途牛,10010000005586,10010000005586,message_send.chat.other,message_send.chat.other,聊天中的语音功能出错，发送的语音对方只能接收到前几秒。,27,25,1
途牛,途牛,10010000005800,10010000005800,playback.audio.cannot_or_fail,playback.audio.cannot_or_fail,播放语音时，不能暂停播放，下次播放从暂停播放的位置开始,27,25,1
途牛,途牛,10010000005494,10010000005494,message_send.list_item.other,message_send.list_item.other,卸载软件后和换一个手机重新登陆后，所有聊天记录都没了。,27,25,1
途牛,途牛,10010000006600,10010000006600,register.other.other,register.other.other,该软件没有按注册号或者按对方昵称查找的功能，不够人性化,27,26,1
途牛,途牛,10010000006101,10010000006101,message_send.chat.cannot_send,message_send.chat.cannot_send,输入换行不能发送消息,10,10,1
途牛,途牛,10010000006168,10010000006168,comment.page_view.other,comment.page_view.other,评论之后或者进入这个页面，点击左上角的返回，会自动退出,27,25,1
途牛,途牛,10010000006751,10010000006751,message_send.list_item.layout_issue,message_send.list_item.layout_issue,再次进入聊天记录，发现以前的聊天内容，靠左，布局不完善,27,24,1
途牛,途牛,10010000006225,10010000006225,other.list_item.cannot_or_fail,other.list_item.cannot_or_fail,帖子有时候发表失败，特别是带上表情符，添加好友步骤繁琐,27,25,1
途牛,途牛,10010000005866,10010000005866,other.other.permission,other.other.permission,安装人家查看软件权限。其中有直接打电话而产生扣费的风险,27,26,1
途牛,途牛,10010000006110,10010000006110,message_send.page_view.other,message_send.page_view.other,用户关闭好友的新消息提醒设置后，仍会提醒好友发来新消息,27,26,1
途牛,途牛,10010000006259,10010000006259,search.list_item.cannot_or_fail,search.list_item.cannot_or_fail,进入群聊列表，无法查找群组，或者新建群组！对用户不友好,27,24,1
途牛,途牛,10010000006347,10010000006347,gps_track.gps.cannot_or_fail,gps_track.gps.cannot_or_fail,支持定位以后，也不能自动检测出当前位置，不能自动定位。,27,24,1
途牛,途牛,10010000006625,10010000006625,playback.audio.cannot_or_fail,playback.audio.cannot_or_fail,语音不能连续播放，而且语音播放过程除非退出否则不能终止,27,26,1
途牛,途牛,10010000006760,10010000006760,search.chat.other,search.chat.other,没有直接搜索好友的功能,11,11,1
途牛,途牛,10010000006698,10010000006698,message_send.chat.cannot_or_fail,message_send.chat.cannot_or_fail,使用平板没有网络的情况下也可以发送消息，再手机上不可以,27,26,1
途牛,途牛,10010000007043,10010000007043,comment.other.cannot_or_fail,comment.other.cannot_or_fail,问大家有人回复后，手滑点赞，点错了，想取消赞无法取消。,27,23,1
途牛,途牛,10010000007123,10010000007123,message_send.chat.other,message_send.chat.other,别人给我们发消息的时候，手机在锁屏的情况下没有任何提示,27,26,1
途牛,途牛,10010000001209,10010000001209,settings.page_view.other,settings.page_view.other,点击套餐总价和点击费用明细是相同的功能，排版设置不完善。,28,26,1
途牛,途牛,10010000001712,10010000001712,search.other.other,search.other.other,"选择""当地玩乐""的时候，应该添加""使用关键字搜索""的功能",28,23,1
途牛,途牛,10010000002035,10010000002035,search.gps.other,search.gps.other,定位广州填写关键词就搜索不到酒店，广州这么大肯定有酒店的,28,27,1
途牛,途牛,10010000002496,10010000002496,private_chat.chat.other,private_chat.chat.other,问题描述:私聊发送文本时长度未做限制，建议优化做一定限制,28,26,1
途牛,途牛,10010000002652,10010000002652,message_send.audio.cannot_or_fail,message_send.audio.cannot_or_fail,点击已发送的语音内容播放，再次点击正在播放的语音无法暂停,28,27,1
途牛,途牛,10010000003310,10010000003310,other.input_box.cannot_or_fail,other.input_box.cannot_or_fail,选择表情后，在文本框内显示，删除时，不能一次删除整个表情,28,25,1
途牛,途牛,10010000002303,10010000002303,other.page_view.other,other.page_view.other,"在用户界面更换头像,保存后出来头像无变化,依旧是初始头像",28,26,1
途牛,途牛,10010000003111,10010000003111,other.page_view.crash,other.page_view.crash,"在“我的”界面点击头像进入资料界面时,有时会出现闪退现象",28,25,1
途牛,途牛,10010000003433,10010000003433,message_send.page_view.freeze,message_send.page_view.freeze,下拉消息对话界面时，没有缓冲下拉的效果让人感觉手机死机了,28,27,1
途牛,途牛,10010000002497,10010000002497,private_chat.page_view.other,private_chat.page_view.other,在进入私聊界面之后，点击下拉刷新，刷新提示只会出现一次。,28,25,1
途牛,途牛,10010000002403,10010000002403,search.chat.cannot_or_fail,search.chat.cannot_or_fail,无法搜索好友账号或好友昵称 只能添加推荐可能感兴趣的人。,28,26,1
途牛,途牛,10010000002817,10010000002817,search.chat.cannot_or_fail,search.chat.cannot_or_fail,用户无法快捷搜索联系人，也无法添加指定用户并与他开始私聊,28,27,1
途牛,途牛,10010000002490,10010000002490,other.other.cannot_or_fail,other.other.cannot_or_fail,无法通过点击用户名进入关注的人的主页 只能通过点击头像。,28,26,1
途牛,途牛,10010000005699,10010000005699,other.image_banner.other,other.image_banner.other,预览图片的时候 一个相册里明明有很多图片 但只显示了部分,28,26,1
途牛,途牛,10010000002873,10010000002873,message_send.page_view.other,message_send.page_view.other,发送多张图片时，若一张设置原图，所有的图片都被设置成原图,28,26,1
途牛,途牛,10010000003730,10010000003730,other.button_icon.crash,other.button_icon.crash,"点击""我的""页面里昵称旁边的""专属顾问""按钮后应用闪退。",28,23,1
途牛,途牛,10010000002639,10010000002639,other.other.cannot_or_fail,other.other.cannot_or_fail,只能扫描眼前的二维码，而不能扫描保存在用户手机中的二维码,28,27,1
途牛,途牛,10010000003336,10010000003336,private_chat.chat.other,private_chat.chat.other,在某种情况下进入私聊，发现自己之前发的消息在对方的位置上,28,27,1
途牛,途牛,10010000002989,10010000002989,message_send.audio.other,message_send.audio.other,语音发送不了。提示语音太短。但是录了比较长还是会这样提示,28,26,1
途牛,途牛,10010000003704,10010000003704,message_send.chat.other,message_send.chat.other,自己发聊天内容被显示在别的账号发送的聊天里，数据出现错乱,28,27,1
途牛,途牛,10010000002897,10010000002897,other.page_view.cannot_or_fail,other.page_view.cannot_or_fail,进入首页面，用手向上推动界面，下拉刷新的功能就不能用了。,28,25,1
途牛,途牛,10010000003800,10010000003800,message_send.image_banner.cannot_or_fail,message_send.image_banner.cannot_or_fail,存在部分用户之间发送语音对方并不能接受到，但是图片可以。,28,26,1
途牛,途牛,10010000005482,10010000005482,playback.audio.cannot_or_fail,playback.audio.cannot_or_fail,播放语音时无法暂停，当有特殊情况时不想听语音时需要暂停。,28,26,1
途牛,途牛,10010000003521,10010000003521,message_send.list_item.other,message_send.list_item.other,用户信息不同步，对方已经修改了名字，但聊天记录里没有变化,28,26,1
途牛,途牛,10010000003102,10010000003102,private_chat.image_banner.other,private_chat.image_banner.other,在私聊功能中选择发送图片,12,12,1
途牛,途牛,10010000007019,10010000007019,message_send.chat.other,message_send.chat.other,改名字有问题，聊天名字没有马上更新，好友名字已经更改过了,28,26,1
途牛,途牛,10010000004145,10010000004145,message_send.chat.other,message_send.chat.other,"接收语音消息的时候，明明有9s,但是听的时候还不超过5s",28,26,1
途牛,途牛,10010000006723,10010000006723,message_send.page_view.other,message_send.page_view.other,在聊天页面时，可以增加查看对方主页的功能，了解对方动态。,28,25,1
途牛,途牛,10010000006814,10010000006814,message_send.chat.other,message_send.chat.other,当聊天双方有一方屏蔽后，发送消息应发送不过去，出现提示。,28,25,1
途牛,途牛,10010000003346,10010000003346,playback.audio.other,playback.audio.other,发出的语音自己可以听到正确的，但是对方说的并没有正确播放,28,27,1
途牛,途牛,10010000003360,10010000003360,message_send.page_view.cannot_or_fail,message_send.page_view.cannot_or_fail,拍照界面点击发送无法第一时间发送，需要在聊天界面重新发送,28,27,1
途牛,途牛,10010000005812,10010000005812,search.chat.other,search.chat.other,没有固定的搜索框可以用来搜索关注好友，查找认识的人麻烦。,28,26,1
途牛,途牛,10010000004865,10010000004865,search.other.cannot_or_fail,search.other.cannot_or_fail,当我知道对方的途牛账号时，无法搜索对方，进而无法互相关注,28,26,1
途牛,途牛,10010000003531,10010000003531,login.other.permission,login.other.permission,"使用第三方登录的QQ登录时,不能登录,提示登录授权失败。",28,25,1
途牛,途牛,10010000003583,10010000003583,message_send.other.other,message_send.other.other,一次性选择多张照片发送给对方时，会出现未响应，比较卡慢。,28,25,1
途牛,途牛,10010000004534,10010000004534,login.share_panel.permission,login.share_panel.permission,第三方登录qq 和微博出现授权失败提示，微信点击没有反应,28,26,1
途牛,途牛,10010000006785,10010000006785,private_chat.chat.other,private_chat.chat.other,重进去查看私聊信息，有时候本人的说的话会出现在好友那一边,28,27,1
途牛,途牛,10010000004152,10010000004152,search.other.cannot_or_fail,search.other.cannot_or_fail,知道对方id，但没有搜索功能，不能了解对方的近日旅游信息,28,26,1
途牛,途牛,10010000005282,10010000005282,other.other.freeze,other.other.freeze,在进行软件操作时，有时会死机接着重启（这里无法进行截屏）,28,25,1
途牛,途牛,10010000004226,10010000004226,message_send.other.cannot_send,message_send.other.cannot_send,含有符号等其他字符不能发送，一直提示内容不能少于5个汉字,28,27,1
途牛,途牛,10010000004608,10010000004608,other.button_icon.other,other.button_icon.other,图片保存用户体验不好，保存图片的按钮在右上角，容易被忽略,28,26,1
途牛,途牛,10010000004591,10010000004591,other.input_box.cannot_or_fail,other.input_box.cannot_or_fail,选择表情后，显示在文本框内，回删时，不能一次删除整个表情,28,25,1
途牛,途牛,10010000004309,10010000004309,other.other.other,other.other.other,切换网络后，将会随机等待1,13,12,1
途牛,途牛,10010000005802,10010000005802,other.other.other,other.other.other,没有侧滑栏可以显示该平台的主要功能，需要一页一页往下翻。,28,26,1
途牛,途牛,10010000004477,10010000004477,notification.other.cannot_or_fail,notification.other.cannot_or_fail,被屏蔽方收不到对方信息，也不知道自已经被屏蔽，一直等待。,28,25,1
途牛,途牛,10010000005491,10010000005491,other.page_view.cannot_or_fail,other.page_view.cannot_or_fail,"在主页下方的导航栏中,“发现”页面上方的菜单不能显示完全",28,25,1
途牛,途牛,10010000005098,10010000005098,message_send.list_item.cannot_or_fail,message_send.list_item.cannot_or_fail,聊天记录无法加密，陌生人可以随便看到自己的个人资料信息。,28,26,1
途牛,途牛,10010000004959,10010000004959,message_send.button_icon.cannot_or_fail,message_send.button_icon.cannot_or_fail,已发送的图片无法添加为表情，长按后应出现按钮：添加为表情,28,26,1
途牛,途牛,10010000004641,10010000004641,other.other.other,other.other.other,点击关注他人后，关注数量没及时更新，关注数量仍然显示0。,28,25,1
途牛,途牛,10010000004728,10010000004728,other.button_icon.crash,other.button_icon.crash,在“我的”界面中点击“专属顾问”按钮必定会出现闪退现象！,28,23,1
途牛,途牛,10010000005277,10010000005277,other.page_view.other,other.page_view.other,在行程玩法页面进行下滑操作时会出现页面错乱，页面不清晰！,28,26,1
途牛,途牛,10010000004889,10010000004889,settings.page_view.other,settings.page_view.other,缺少个性主题设置，用户体验较差，建议增加可以增强用户体验,28,26,1
途牛,途牛,10010000005267,10010000005267,message_send.input_box.cannot_or_fail,message_send.input_box.cannot_or_fail,发送文字消息不可以使用键盘的回车键发送消息，使用不方便。,28,26,1
途牛,途牛,10010000006517,10010000006517,other.other.cannot_or_fail,other.other.cannot_or_fail,无法主动添加联系人，只能添加软件推荐陌生人，极其不方便。,28,25,1
途牛,途牛,10010000005387,10010000005387,message_send.chat.other,message_send.chat.other,发送60秒语音时，有时不出现倒数提示，可能造成漏发消息。,28,25,1
途牛,途牛,10010000005279,10010000005279,message_send.chat.other,message_send.chat.other,在切换屏蔽的用户的时候，对于和自己聊天的人，昵称忽现忽无,28,26,1
途牛,途牛,10010000005374,10010000005374,private_chat.page_view.other,private_chat.page_view.other,进入私聊的路径过于复杂，没有单独的用户聊天界面可以使用。,28,26,1
途牛,途牛,10010000005678,10010000005678,groupchat.chat.other,groupchat.chat.other,和用户私聊中，@功能没必要，该功能一般是在群聊中才有意义,28,25,1
途牛,途牛,10010000005445,10010000005445,message_send.other.cannot_or_fail,message_send.other.cannot_or_fail,当点击发送，没有一个投诉成功或者失败的反馈，没具体的说明,28,26,1
途牛,途牛,10010000006061,10010000006061,other.other.cannot_or_fail,other.other.cannot_or_fail,打客服电话无法选择用那张卡，如果第一张卡停机就无法打通。,28,26,1
途牛,途牛,10010000007120,10010000007120,playback.audio.other,playback.audio.other,接受对方的语音信息时，无论对方发生多少条，只能听到第一条,28,26,1
途牛,途牛,10010000006049,10010000006049,message_send.button_icon.other,message_send.button_icon.other,主页面的一些功能明显重复，却没有为聊天提供一个单独的按钮,28,27,1
途牛,途牛,10010000006651,10010000006651,other.other.other,other.other.other,建议支持名片推荐，可以把朋友推推给另一个朋友，扩大交友量,28,26,1
途牛,途牛,10010000006319,10010000006319,other.other.cannot_or_fail,other.other.cannot_or_fail,除了自带的途牛表情外，不能像微信里一般下载成组的表情包。,28,26,1
途牛,途牛,10010000006559,10010000006559,other.page_view.cannot_or_fail,other.page_view.cannot_or_fail,未加入小组时，进入页面后，无法再加入小组，没有这个功能键,28,25,1
途牛,途牛,10010000005941,10010000005941,message_send.chat.cannot_or_fail,message_send.chat.cannot_or_fail,和用户聊天时，无法连续输入过多英文字母、汉字、表情。,26,22,1
途牛,途牛,10010000006281,10010000006281,notification.audio.other,notification.audio.other,收到信息时有时会有声音和震动提醒，有时会没有声音震动提示,28,27,1
途牛,途牛,10010000006181,10010000006181,playback.audio.other,playback.audio.other,"当A先发给我语音后，B,C再发给我时，只能听到A的内容。",28,24,0
途牛,途牛,10010000006345,10010000006345,message_send.page_view.other,message_send.page_view.other,发送多张图片时，若一张设置原图，所有的图片都被设置成原图,28,26,0
途牛,途牛,10010000006575,10010000006575,message_send.page_view.other,message_send.page_view.other,在发送表情和图片之间切换时，会出现整个聊天界面的抖动问题,28,27,1
途牛,途牛,10010000006590,10010000006590,message_send.image_banner.cannot_or_fail,message_send.image_banner.cannot_or_fail,发送的语音文字和图片均不能撤回，容错率较低，用户体验不好,28,26,1
途牛,途牛,10010000006781,10010000006781,register.share_panel.other,register.share_panel.other,"在测试注册时,发现使用微博账号进行注册时,偶尔会出现报错",28,26,1
途牛,途牛,10010000006890,10010000006890,other.input_box.cannot_or_fail,other.input_box.cannot_or_fail,输入框大小固定 输入多行时无法像QQ一样扩展 使用不方便,28,26,1
途牛,途牛,10010000006958,10010000006958,message_send.list_item.cannot_delete,message_send.list_item.cannot_delete,“我”发送的约玩，帖子都可以删除，但是我的提问不能删除。,28,23,1
途牛,途牛,10010000007079,10010000007079,other.other.cannot_delete,other.other.cannot_delete,功能不完整，不能删除“我的提问”。是比较明显的功能漏洞。,28,23,1
途牛,途牛,10010000002791,10010000002791,settings.page_view.no_prompt,settings.page_view.no_prompt,关于屏蔽的设置，设置完毕没有提示，应该给一个toast提示,29,27,1
途牛,途牛,10010000005135,10010000005135,private_chat.chat.other,private_chat.chat.other,私聊时，对方发送的多条语音，语音内容只是第一次接收到的语音,29,27,1
途牛,途牛,10010000005265,10010000005265,message_send.chat.cannot_send,message_send.chat.cannot_send,用户A屏蔽用户B之后，B给A发消息时没有给B提示不能发送。,29,27,1
途牛,途牛,10010000003248,10010000003248,other.chat.cannot_or_fail,other.chat.cannot_or_fail,无法准确找到人。比如两个人需要互加好友，却找不到在哪里可以,29,27,1
途牛,途牛,10010000003060,10010000003060,share.share_panel.cannot_share,share.share_panel.cannot_share,分享到微信 朋友圈 qq点击无效 无任何反应 而且无法分享,29,25,1
途牛,途牛,10010000006767,10010000006767,other.other.other,other.other.other,新粉丝关注自己后，粉丝数目依然无变化，不会自动刷新粉丝数目,29,27,1
途牛,途牛,10010000002648,10010000002648,message_send.chat.other,message_send.chat.other,对方发消息后，手机出现提示信息，但点击提示信息没有任何反应,29,27,1
途牛,途牛,10010000007053,10010000007053,playback.audio.other,playback.audio.other,在录语音的同时，在播放对方发过来的语音，没有解决并发问题。,29,26,1
途牛,途牛,10010000005796,10010000005796,register.other.cannot_or_fail,register.other.cannot_or_fail,注册必须使用手机号，不能使用邮箱等其他的信息，有泄露的风险,29,27,1
途牛,途牛,10010000003140,10010000003140,message_send.page_view.other,message_send.page_view.other,设置“新消息提醒,8,7,1
途牛,途牛,10010000004435,10010000004435,message_send.button_icon.other,message_send.button_icon.other,发送的图标不够人性化，跟下面换行的图标重合了，用户体验不对,29,27,1
途牛,途牛,10010000004686,10010000004686,search.page_view.other,search.page_view.other,在这个界面用户搜索完成之后，点击历史记录永远也没有浏览历史,29,28,1
途牛,途牛,10010000002509,10010000002509,message_send.input_box.other,message_send.input_box.other,发送表情切换到自定义表情时，输入框大小改变，降低用户体验。,29,26,1
途牛,途牛,10010000005531,10010000005531,message_send.chat.other,message_send.chat.other,"消息发生错乱,丢失",9,8,1
途牛,途牛,10010000005307,10010000005307,other.button_icon.cannot_delete,other.button_icon.cannot_delete,点击小表情的删除图标不能删除一整个表情 ，只能删除一个符号,29,27,1
途牛,途牛,10010000002717,10010000002717,private_chat.page_view.other,private_chat.page_view.other,在私聊界面，自己发送的消息可能出现在左方，也可能出现在右方,29,27,1
途牛,途牛,10010000002876,10010000002876,message_send.list_item.other,message_send.list_item.other,没有独立的查看聊天记录的功能，只能一直往上拉来查看聊天记录,29,28,1
途牛,途牛,10010000002870,10010000002870,other.page_view.freeze,other.page_view.freeze,首页的recycleview滑动出现卡顿。手机是锤子t1.,29,27,1
途牛,途牛,10010000002641,10010000002641,other.other.cannot_or_fail,other.other.cannot_or_fail,无重新确认密码，不能保证用户输入的密码和自己想的是一致的。,29,27,1
途牛,途牛,10010000003271,10010000003271,share.share_panel.cannot_share,share.share_panel.cannot_share,分享时只可以分享到微博，无法分享到微信和qq，点击没有反应,29,27,1
途牛,途牛,10010000004520,10010000004520,other.image_banner.cannot_or_fail,other.image_banner.cannot_or_fail,图片和文字描述不能在一起发出去，只能分开发图片和文字描述。,29,27,1
途牛,途牛,10010000003599,10010000003599,message_send.step.other,message_send.step.other,就在刚刚发送的用户，应该为14:00的时间变成了22:37,29,26,1
途牛,途牛,10010000006901,10010000006901,message_send.image_banner.other,message_send.image_banner.other,聊天时，同一张图片的不同发送方式将导致图片的清晰度相差较大,29,28,1
途牛,途牛,10010000003124,10010000003124,message_send.list_item.other,message_send.list_item.other,卸载途牛旅游或者更换手机后，所有之前的聊天记录全部找不到了,29,28,1
途牛,途牛,10010000006330,10010000006330,other.button_icon.other,other.button_icon.other,表情中自己添加的图片表情长按时显示的删除图标太小，操作不便,29,28,1
途牛,途牛,10010000005495,10010000005495,other.list_item.display_missing,other.list_item.display_missing,自定义表情列表有时显示不出来 结束应用后重新进入可以显示,28,27,1
途牛,途牛,10010000003879,10010000003879,message_send.page_view.other,message_send.page_view.other,当退到首页时，别人发来的消息没有提醒，当进入聊天后才会收到,29,27,1
途牛,途牛,10010000005182,10010000005182,private_chat.chat.cannot_or_fail,private_chat.chat.cannot_or_fail,在私聊期间，无法发送文档，连最起码的txt文件都无法发送！,29,26,1
途牛,途牛,10010000003152,10010000003152,comment.page_view.crash,comment.page_view.crash,用户在取消关注用户、评论帖子时，应用闪退到上一个应用界面。,29,26,1
途牛,途牛,10010000003407,10010000003407,other.other.crash,other.other.crash,在使用期间，出现了多次闪退现象，并伴有多次卡死、黑屏的现象,29,26,1
途牛,途牛,10010000003481,10010000003481,message_send.button_icon.other,message_send.button_icon.other,用户想转发消息，目前功能没有实现，只有复制和删除消息按钮。,29,26,1
途牛,途牛,10010000006275,10010000006275,message_send.chat.freeze,message_send.chat.freeze,陌生人之间发送消息有延迟出现，需要提高收发消息的时间延缓。,29,27,1
途牛,途牛,10010000006998,10010000006998,message_send.page_view.cannot_or_fail,message_send.page_view.cannot_or_fail,在聊天页面时，查看对方粉丝，只能看到名称，不能看到其主页。,29,25,1
途牛,途牛,10010000004880,10010000004880,private_chat.chat.other,private_chat.chat.other,删除所有私聊内容后消息栏还能看到私聊的对象，但没有消息内容,29,28,1
途牛,途牛,10010000005286,10010000005286,message_send.chat.other,message_send.chat.other,消息中,3,3,1
途牛,途牛,10010000005875,10010000005875,message_send.page_view.other,message_send.page_view.other,发送多张图片时，若一张设置原图，所有的图片都被设置成原图。,29,26,1
途牛,途牛,10010000006090,10010000006090,message_send.list_item.other,message_send.list_item.other,在不同手机登陆账号，聊天列表没有同步，聊天记录也没有同步。,29,26,1
途牛,途牛,10010000003487,10010000003487,private_chat.chat.other,private_chat.chat.other,用户私聊是发送文字的字数没有限制，导致阅读起来比较麻烦琐碎,29,28,1
途牛,途牛,10010000004021,10010000004021,private_chat.chat.other,private_chat.chat.other,私聊文字如果打到第二行第一行文字将会以半行文字出现很难识别,29,29,1
途牛,途牛,10010000004222,10010000004222,other.chat.other,other.chat.other,找不到添加好友的入口，无论是用户体验还是使用方便都不完善。,29,27,1
途牛,途牛,10010000003855,10010000003855,message_send.button_icon.crash,message_send.button_icon.crash,举报用户界面中，点击右上角发送按钮会偶然出现软件不正常闪退,29,28,1
途牛,途牛,10010000004416,10010000004416,message_send.list_item.other,message_send.list_item.other,删除和某一用户的所有聊天记录，该用户仍然在聊天列表里面的！,29,27,1
途牛,途牛,10010000004523,10010000004523,message_send.chat.other,message_send.chat.other,跟好友聊天，发送生份证号码、银行卡号码不加密，有安全隐患。,29,25,1
途牛,途牛,10010000005773,10010000005773,message_send.page_view.cannot_or_fail,message_send.page_view.cannot_or_fail,查看聊天记录，只能通过聊天页面上下翻看，不能通过设置查看。,29,26,1
途牛,途牛,10010000004375,10010000004375,private_chat.chat.other,private_chat.chat.other,私聊中发送表情时，若要删除，需要点击多下删除键。很不方便。,29,25,1
途牛,途牛,10010000005012,10010000005012,message_send.list_item.other,message_send.list_item.other,清空与某个用户的聊天记录之后，在最近联系人中还有此用户存在,29,28,1
途牛,途牛,10010000004347,10010000004347,other.other.cannot_or_fail,other.other.cannot_or_fail,单个表情无法一次性删除，只能逐个符号删除，造成用户体验不好,29,27,1
途牛,途牛,10010000006359,10010000006359,other.chat.other,other.chat.other,找不到加好友，搜好友id功能，和特指好友互关过程太过繁琐。,29,26,1
途牛,途牛,10010000006647,10010000006647,message_send.audio.other,message_send.audio.other,我发送的语音，点击没有声音。对方可接受到我的语音，可以听。,29,25,1
途牛,途牛,10010000004659,10010000004659,message_send.chat.other,message_send.chat.other,"在测试发送语音消息时,发现有小概率复现语音中杂音较大的情况",29,28,1
途牛,途牛,10010000004426,10010000004426,other.other.cannot_or_fail,other.other.cannot_or_fail,加入购物车功能不完善，只有一个选择，并不能满足用户足需求。,29,26,1
途牛,途牛,10010000005917,10010000005917,search.other.cannot_or_fail,search.other.cannot_or_fail,不能在社区、广场等用户交流的地方搜索已知用户名的具体用户。,29,27,1
途牛,途牛,10010000004467,10010000004467,message_send.chat.other,message_send.chat.other,语音内容始终如一，不论和谁聊天，总是我收到的第一个语音内容,29,27,1
途牛,途牛,10010000004856,10010000004856,message_send.image_banner.other,message_send.image_banner.other,网络不稳定时发送图片，在图片上方未出现图片已经发送百分比。,29,27,1
途牛,途牛,10010000004943,10010000004943,private_chat.image_banner.freeze,private_chat.image_banner.freeze,查看私聊的图片，左右切换时会出现卡顿，滑动方向暂时白屏情况,29,27,1
途牛,途牛,10010000004762,10010000004762,message_send.chat.other,message_send.chat.other,发送的消息长度不做限制，可发送任意长度的消息，影响用户体验,29,27,1
途牛,途牛,10010000005130,10010000005130,login.chat.other,login.chat.other,消息无漫游，清除APP数据后，下次登录时消息没有没被漫游。,29,26,1
途牛,途牛,10010000006551,10010000006551,message_send.image_banner.other,message_send.image_banner.other,途牛表情应该是动态的吧！为什么发送时是静态图片？[疑问？],29,24,1
途牛,途牛,10010000005316,10010000005316,search.chat.other,search.chat.other,没有好友备注功能和好友搜索功能，很难第一时间找到自己的好友,29,28,1
途牛,途牛,10010000006137,10010000006137,other.chat.cannot_or_fail,other.chat.cannot_or_fail,无法看出一个好友或达人是否在线。以及可以屏蔽一些骚扰功能。,29,27,1
途牛,途牛,10010000005183,10010000005183,playback.audio.other,playback.audio.other,只能收到第一个人发来的语音，其他人发的语音还是第一个人发的,29,28,1
途牛,途牛,10010000006130,10010000006130,other.page_view.other,other.page_view.other,在由wifi切换到流量时，发生断网现象，其他模块能正常联网,29,27,1
途牛,途牛,10010000006405,10010000006405,playback.audio.other,playback.audio.other,语音播放时会与其他语音如网易云音乐一起播放，影响用户听清楚,29,28,1
途牛,途牛,10010000006502,10010000006502,message_send.page_view.cannot_or_fail,message_send.page_view.cannot_or_fail,在测试更换头像后，聊天页面头像是否更换时，发现头像无法更换,29,27,1
途牛,途牛,10010000005479,10010000005479,other.button_icon.crash,other.button_icon.crash,模拟器上进行测试，点击图标无法进到别人的个人主页，程序闪退,29,27,1
途牛,途牛,10010000005540,10010000005540,message_send.chat.other,message_send.chat.other,语音聊天，发两条语音，后面一条的语音会全部替换成第一条语音,29,27,1
途牛,途牛,10010000006018,10010000006018,message_send.image_banner.cannot_or_fail,message_send.image_banner.cannot_or_fail,发送出去的语音，文字，图片等聊天均不能被撤回，用户体验较差,29,26,1
途牛,途牛,10010000006100,10010000006100,message_send.button_icon.other,message_send.button_icon.other,发送表情时，使用x按钮删除的不是整个表情而是描述表情的文字,29,28,1
途牛,途牛,10010000005815,10010000005815,other.other.cannot_or_fail,other.other.cannot_or_fail,使用魅族手机无法安装，不可以正常的使用等不可以预见的情况。,29,27,1
途牛,途牛,10010000005924,10010000005924,other.page_view.crash,other.page_view.crash,"在“我的”页面右上方点击""专属顾问""会直接退出，无法进入。",29,23,1
途牛,途牛,10010000006222,10010000006222,register.other.other,register.other.other,使用手机APP注册时。必须要使用手机注册，等同于泄露手机号,29,27,1
途牛,途牛,10010000006488,10010000006488,private_chat.chat.other,private_chat.chat.other,收到的私聊语音一直是第一个收到的语音，其他语音都接收到不到,29,28,1
途牛,途牛,10010000006293,10010000006293,login.other.other,login.other.other,登录账户后，在进程关闭软件，再打开软件时该账户并没有退出。,29,26,0
途牛,途牛,10010000006356,10010000006356,message_send.input_box.layout_issue,message_send.input_box.layout_issue,发送完超长文字后，长按文字，提供的功能遮挡住输入框（如图）,29,25,1
途牛,途牛,10010000006726,10010000006726,other.step.other,other.step.other,在进入非个人主页花费的时间过长，很多时候需要花费10s以上,29,28,1
途牛,途牛,10010000006906,10010000006906,private_chat.image_banner.crash,private_chat.image_banner.crash,私聊时选择图片想要发送发现直接退出了途牛程序，就在图库程序,29,28,1
途牛,途牛,10010000006796,10010000006796,login.other.other,login.other.other,账号修改密码之后 返回直接登录 而不提示重新输入新密码,27,25,1
途牛,途牛,10010000006933,10010000006933,share.chat.other,share.chat.other,私聊发送多个单词，单词之间以.号分隔，程序会当作网页链接。,29,25,1
途牛,途牛,10010000006949,10010000006949,other.other.other,other.other.other,投诉某人后，没有任何的提示，系统应该有个解决问题的进度显示,29,27,1
途牛,途牛,10010000006990,10010000006990,login.other.other,login.other.other,未登录时就显示之前账号的购物车 不安全，容易泄露个人信息,28,26,1
途牛,途牛,10010000007026,10010000007026,message_send.input_box.cannot_send,message_send.input_box.cannot_send,在聊天中，发送信息用键盘的回车不能发送，只能点击发送按钮。,29,26,1
途牛,途牛,10010000003072,10010000003072,other.other.other,other.other.other,从手机上添加的相片像素太低，几乎看不清楚，并且不支持原图上传,30,28,1
途牛,途牛,10010000005178,10010000005178,private_chat.page_view.other,private_chat.page_view.other,用户修改昵称后，在私聊界面中显示的依然是修改之前的昵称内容。,30,28,1
途牛,途牛,10010000002601,10010000002601,other.other.other,other.other.other,用户能编辑头像选择头像 但是选择编辑完成后头像还是原来的头像,30,29,1
途牛,途牛,10010000002753,10010000002753,other.page_view.freeze,other.page_view.freeze,加载任何界面都有明显卡顿，而且有时候无法加载或者加载时间过长,30,29,1
途牛,途牛,10010000004124,10010000004124,search.page_view.other,search.page_view.other,"在首页搜索框可以输入大量字符,没有限定输入字数,用户体验不好",30,28,1
途牛,途牛,10010000004408,10010000004408,search.other.other,search.other.other,"选择大连理工附近的酒店,但是搜索不到,大连理工附近肯定有酒店",30,28,1
途牛,途牛,10010000002484,10010000002484,other.input_box.cannot_or_fail,other.input_box.cannot_or_fail,输入表情后，文本框将其转化为自符，删除不能一下删除整个表情。,30,27,1
途牛,途牛,10010000002447,10010000002447,private_chat.chat.other,private_chat.chat.other,在点进私聊的时候，对话框上方会先出现个数字再变为私聊人的昵称,30,29,1
途牛,途牛,10010000003642,10010000003642,other.button_icon.cannot_or_fail,other.button_icon.cannot_or_fail,进入在线客服后，下排添加表情，发图等按钮无效，无法与客服沟通,30,27,1
途牛,途牛,10010000006966,10010000006966,other.button_icon.other,other.button_icon.other,点击右上角的信息图标，点开之后一片空白，重新点进来才有显示。,30,27,1
途牛,途牛,10010000005150,10010000005150,message_send.chat.cannot_or_fail,message_send.chat.cannot_or_fail,对于已经屏蔽的好友依然显示可以发送消息给对方。只是对方收不到,30,29,1
途牛,途牛,10010000002974,10010000002974,other.input_box.other,other.input_box.other,输入表情的时候，文本框里显示的不是缩小版的表情，而是文字代码,30,28,1
途牛,途牛,10010000005207,10010000005207,other.image_banner.no_prompt,other.image_banner.no_prompt,投诉该用户时不能添加图片 而且没有提示还剩多少个字可以输入,29,28,1
途牛,途牛,10010000002595,10010000002595,message_send.audio.cannot_or_fail,message_send.audio.cannot_or_fail,"发送语音完毕后,播放语音只能完全播放完毕,不能够从中间停止。",30,27,1
途牛,途牛,10010000002651,10010000002651,private_chat.chat.other,private_chat.chat.other,在于其他用户私聊时，听语音消息，只有免提模式，没有听筒模式。,30,26,1
途牛,途牛,10010000002891,10010000002891,message_send.other.cannot_or_fail,message_send.other.cannot_or_fail,添加文字描述时，全部输入空格信息，如“ ”，无法发送,26,20,1
途牛,途牛,10010000003396,10010000003396,private_chat.page_view.cannot_or_fail,private_chat.page_view.cannot_or_fail,私聊为常用功能，但在应用的界面中不能很快找到发起私聊的入口。,30,28,1
途牛,途牛,10010000003405,10010000003405,other.button_icon.crash,other.button_icon.crash,在我的页面中，专属顾问这个按钮，点击这个按钮，软件直接闪退。,30,26,1
途牛,途牛,10010000005119,10010000005119,private_chat.image_banner.cannot_or_fail,private_chat.image_banner.cannot_or_fail,在私聊过程中，无法发送非jpg格式的图片，导致使用不太方便！,30,27,1
途牛,途牛,10010000004808,10010000004808,private_chat.chat.other,private_chat.chat.other,查看和私聊过于复杂，最好在桌面能够建立一个我的私聊的快键键。,30,28,1
途牛,途牛,10010000005422,10010000005422,message_send.chat.other,message_send.chat.other,当用户发送消息希望对方很快回复时，可以增加戳一戳或抖动功能。,30,28,1
途牛,途牛,10010000005585,10010000005585,search.page_view.other,search.page_view.other,在私聊设置里，可以增加“查找聊天记录”的功能，以此完善功能。,30,25,1
途牛,途牛,10010000003586,10010000003586,private_chat.chat.other,private_chat.chat.other,陌生人发起私聊，发送含安全隐患信息的内容，没有安全风险提醒。,30,27,1
途牛,途牛,10010000004425,10010000004425,message_send.other.other,message_send.other.other,点击发送的连接是在应用内打开的，并且没有在浏览器中打开的选项,30,29,1
途牛,途牛,10010000003408,10010000003408,other.other.cannot_or_fail,other.other.cannot_or_fail,头像不能上传，包括本地相册和拍照，两个都不可以上传成功。,28,25,1
途牛,途牛,10010000003527,10010000003527,private_chat.image_banner.crash,private_chat.image_banner.crash,在私聊发送图片时应用崩溃退出，该BUG偶尔出现，并且无规律。,30,27,1
途牛,途牛,10010000005223,10010000005223,message_send.chat.other,message_send.chat.other,对方收到的消息跟我发送的消息排版不一样，错行了，结果不好看了,30,28,1
途牛,途牛,10010000005258,10010000005258,settings.page_view.cannot_or_fail,settings.page_view.cannot_or_fail,无法设置备注，很多联系人只有一些随机号同时没有头像，无法辨认,30,28,1
途牛,途牛,10010000003986,10010000003986,other.list_item.other,other.list_item.other,"经测试,发现联系人列表只具有展示的功能,并不具备增删改的功能",30,28,1
途牛,途牛,10010000003935,10010000003935,other.other.cannot_or_fail,other.other.cannot_or_fail,在用户听取对方的语言信息时候，将手机移至耳边无法启动听筒模式,30,29,1
途牛,途牛,10010000004096,10010000004096,playback.audio.other,playback.audio.other,语音功能不正常,7,7,1
途牛,途牛,10010000005380,10010000005380,other.image_banner.other,other.image_banner.other,更改头像时，需要多次上传，并且对于图片处理不好，显示不正常。,30,26,1
途牛,途牛,10010000004898,10010000004898,message_send.page_view.other,message_send.page_view.other,用户·发送消息时，如果对方不在软件界面，可能不知道消息的到来,30,27,1
途牛,途牛,10010000005588,10010000005588,login.button_icon.other,login.button_icon.other,"在登录之后点每个页面右上角的途牛图标进入个人主页,加载特别慢",30,29,1
途牛,途牛,10010000004753,10010000004753,message_send.image_banner.other,message_send.image_banner.other,"发送图片功能,只提供实时拍照功能,无选择手机本地相册图片上传",30,28,1
途牛,途牛,10010000005519,10010000005519,message_send.chat.other,message_send.chat.other,"下方有新消息，点击查看""应该靠左显示，因为消息来源是对方。",29,25,1
途牛,途牛,10010000006059,10010000006059,search.image_banner.other,search.image_banner.other,最多使用的图片应该放在前几个来方便用户使用，避免翻页，查找。,30,27,0
途牛,途牛,10010000005037,10010000005037,search.list_item.cannot_or_fail,search.list_item.cannot_or_fail,"当查看长私聊记录时,翻阅记录很卡,需要等待,并且不能查找记录",30,27,1
途牛,途牛,10010000005163,10010000005163,other.button_icon.crash,other.button_icon.crash,模拟器上进行测试： 点击图标无法进到别人的个人主页，程序闪退,30,27,1
途牛,途牛,10010000005191,10010000005191,search.list_item.cannot_or_fail,search.list_item.cannot_or_fail,麻烦，不能通过手机号，昵称搜索添加，要通过帖子等加关注加好友,30,27,1
途牛,途牛,10010000005541,10010000005541,other.page_view.other,other.page_view.other,积分转盘抽奖时如果没中奖没有刷新页面现实的的牛大头不会减少，,30,29,1
途牛,途牛,10010000006167,10010000006167,message_send.image_banner.cannot_send,message_send.image_banner.cannot_send,发送图片不能发送gif格式的，它会自动过滤掉gif格式的图片,30,29,1
途牛,途牛,10010000006631,10010000006631,message_send.chat.cannot_or_fail,message_send.chat.cannot_or_fail,对于已经屏蔽的好友依然显示可以发送消息给对方。只是对方收不到,30,29,1
途牛,途牛,10010000006535,10010000006535,message_send.chat.cannot_or_fail,message_send.chat.cannot_or_fail,在聊天框中只输入“ ”（空格）或者“回车”，将无法发送给好友,30,22,1
途牛,途牛,10010000006648,10010000006648,message_send.audio.other,message_send.audio.other,发送语音信息时，只能接受 第一条语音内容，其余语音均被覆盖。,30,26,1
途牛,途牛,10010000006826,10010000006826,other.page_view.other,other.page_view.other,"在测试浏览界面时,发现在上下滑动时,偶尔会出现界面模糊的现象",30,28,1
途牛,途牛,10010000006872,10010000006872,comment.list_item.cannot_delete,comment.list_item.cannot_delete,问大家相关信息选择完成并发布，只有转发和评论功能，不能删除。,30,27,1
途牛,途牛,10010000006965,10010000006965,other.other.other,other.other.other,表情包种类太少，建议增多一些，比如像微信那些具有含义的表情包,30,28,1
途牛,途牛,10010000007028,10010000007028,search.other.freeze,search.other.freeze,目的地搜索框再小米平板2下，会大概率的出现点击无响应的情况。,30,28,1
途牛,途牛,10010000007107,10010000007107,other.list_item.cannot_or_fail,other.list_item.cannot_or_fail,在发帖子是，只能选择发布信息的图片，不能上传视屏等其他东西。,30,27,1
途牛,途牛,10010000001197,10010000001197,search.other.other,search.other.other,选择大连理工附近的酒店，但是搜索不到，大连理工附近肯定有酒店的,31,29,1
途牛,途牛,10010000002056,10010000002056,register.page_view.other,register.page_view.other,注册界面只能用手机注册，但是登录界面却提示可以使用手机号邮箱等,31,30,1
途牛,途牛,10010000004265,10010000004265,private_chat.chat.other,private_chat.chat.other,在私聊窗口选择拍照，拍完照片之后没有提供对照片简单的编辑功能！,31,29,1
途牛,途牛,10010000003363,10010000003363,playback.chat.other,playback.chat.other,"收到来自同一个好友的多条语音后,每一条点击后都是第一条的内容!",31,29,1
途牛,途牛,10010000004541,10010000004541,other.other.cannot_or_fail,other.other.cannot_or_fail,在 结伴 时只能添加已有标签，而无法自己手动添加自己想要的标签,31,28,1
途牛,途牛,10010000006467,10010000006467,message_send.chat.other,message_send.chat.other,"在线客服发送消息后，在""连接客服请稍候""时，下方添加表情无效，",31,26,1
途牛,途牛,10010000002364,10010000002364,message_send.audio.cannot_or_fail,message_send.audio.cannot_or_fail,"点击发送的语音,进行播放,无法自行停止,只能等待语音播放完毕。",31,27,1
途牛,途牛,10010000002900,10010000002900,message_send.button_icon.other,message_send.button_icon.other,发送语音后如果需要取消，上滑后图标的箭头往左，引导用户再往左滑,31,29,1
途牛,途牛,10010000004981,10010000004981,message_send.chat.other,message_send.chat.other,在系统通知栏提示消息后，点击提示消息后没有跳转到指定聊天窗口。,31,29,1
途牛,途牛,10010000005743,10010000005743,private_chat.page_view.other,private_chat.page_view.other,对于未加关注的好友，发起私聊后没办法在设置界面对该好友加关注。,31,29,1
途牛,途牛,10010000004255,10010000004255,other.other.other,other.other.other,向上滑动取消的示意图为什么是WiFi的…感觉感觉有点像文不对题,31,30,1
途牛,途牛,10010000005899,10010000005899,message_send.chat.cannot_or_fail,message_send.chat.cannot_or_fail,发送很长一段文字后，会特别卡 有时还会丢失消息 对方接收不到,30,27,1
途牛,途牛,10010000002789,10010000002789,other.other.other,other.other.other,换头像时若没按到指定小区域的位置，会直接返回到上一层，影响体验,31,29,1
途牛,途牛,10010000002831,10010000002831,other.other.other,other.other.other,添加乘客时需要用户的身份证详细信息，不当可能会泄露用户所有信息,31,30,1
途牛,途牛,10010000006475,10010000006475,message_send.page_view.other,message_send.page_view.other,长时间离开聊天界面（使用其他应用）再回到该聊天要重新开启软件。,31,28,1
途牛,途牛,10010000002841,10010000002841,message_send.page_view.other,message_send.page_view.other,发送多张图片时，若一张被设置成原图，所有的图片都被设置成原图。,31,28,1
途牛,途牛,10010000006268,10010000006268,login.list_item.other,login.list_item.other,同一个账号在不同的手机上登录之后，之前的聊天记录都重新开始了。,31,29,1
途牛,途牛,10010000002860,10010000002860,other.image_banner.cannot_or_fail,other.image_banner.cannot_or_fail,选择图片时，无法实时更新，手机图库里有的照片，选择的时候找不到,31,28,1
途牛,途牛,10010000004653,10010000004653,message_send.image_banner.other,message_send.image_banner.other,发送图片，选择图片的时候可以选九张，接收的时候只能接收六张！！,31,27,1
途牛,途牛,10010000005290,10010000005290,message_send.chat.crash,message_send.chat.crash,当多人同时发消息给你时会出现闪退现象。,19,18,1
途牛,途牛,10010000006558,10010000006558,playback.audio.other,playback.audio.other,语音通信，只能听到第一个人发的语音，其他的都重复第一个人的语音,31,29,1
途牛,途牛,10010000005906,10010000005906,search.other.other,search.other.other,为什么我自己查找我自己粉丝的情况，提示的是“他”还没有任何粉丝,31,28,1
途牛,途牛,10010000006715,10010000006715,message_send.image_banner.display_missing,message_send.image_banner.display_missing,网络连接失败时发送图片不显示失败原因。应提示用户网络连接失败。,31,29,1
途牛,途牛,10010000003078,10010000003078,other.page_view.cannot_or_fail,other.page_view.cannot_or_fail,在<我的>页面中“专属顾问”不能使用，点击后，自动退出app。,31,24,1
途牛,途牛,10010000003425,10010000003425,message_send.other.cannot_or_fail,message_send.other.cannot_or_fail,发送者发送的表情不能下载最新表情包，用户不能根据喜好发送表情。,31,29,1
途牛,途牛,10010000003189,10010000003189,search.other.other,search.other.other,在联系人里面没有搜索框，如果联系人过多，搜索联系人非常不方便。,31,28,1
途牛,途牛,10010000005888,10010000005888,search.other.other,search.other.other,“我的”里面没有显示我的主页，反而在右上角，查找起来不太明显。,31,26,1
途牛,途牛,10010000004142,10010000004142,message_send.audio.other,message_send.audio.other,发送语音时如说完话后立即发送，播放语音时最后几秒录入的并未录入,31,30,1
途牛,途牛,10010000006152,10010000006152,message_send.chat.cannot_or_fail,message_send.chat.cannot_or_fail,聊天框中输入大量空格不会自动换行，并且无法发送只有空格的消息。,31,29,1
途牛,途牛,10010000003486,10010000003486,other.button_icon.other,other.button_icon.other,"“返回顶部”按钮按下后直接跳到顶部,无过度动画,用户体验较差。",31,26,1
途牛,途牛,10010000003558,10010000003558,login.share_panel.permission,login.share_panel.permission,"使用第三方登录的微博登录时,不能正常登录,提示第三方授权出错。",31,28,1
途牛,途牛,10010000005188,10010000005188,message_send.input_box.other,message_send.input_box.other,"评论内容时,输入框内的内容在未发送的情况下隐藏输入法时被清空。",31,29,1
途牛,途牛,10010000003687,10010000003687,other.image_banner.cannot_or_fail,other.image_banner.cannot_or_fail,头像无法更换，无法正常选择并保存，提示“无法保存裁剪的图片。”,31,26,1
途牛,途牛,10010000004445,10010000004445,other.page_view.other,other.page_view.other,界面太复杂，眼花缭乱，把所有内容都基本上显示出来了，看着有负担,31,28,1
途牛,途牛,10010000005391,10010000005391,other.other.cannot_or_fail,other.other.cannot_or_fail,查看陌生人的游记照片不能直接点击查看，要进入游记再点击照片查看,31,30,1
途牛,途牛,10010000004876,10010000004876,message_send.chat.other,message_send.chat.other,如果已知一个人的账号想要和他聊天，没有办法仅凭账号找到那个人。,31,29,1
途牛,途牛,10010000005738,10010000005738,message_send.chat.layout_issue,message_send.chat.layout_issue,聊天时间显示不充分，时间间隔比较大，发出消息后不能显示当前时间,31,29,1
途牛,途牛,10010000003700,10010000003700,message_send.page_view.other,message_send.page_view.other,用户聊天页面，双方消息不及时，对方发给我多个表情，我只收到一个,31,28,1
途牛,途牛,10010000003798,10010000003798,other.page_view.cannot_or_fail,other.page_view.cannot_or_fail,当你在选择跟团游时，进出的那个页面会变得很卡，还有不能选择收藏,31,29,1
途牛,途牛,10010000004037,10010000004037,message_send.button_icon.other,message_send.button_icon.other,发送图片后长按图片显示删除和取消按钮，按取消按钮时无任何反应！,31,29,1
途牛,途牛,10010000004235,10010000004235,share.page_view.other,share.page_view.other,每次用手机功能的截图都会发生分享的提示页面，而且是无规律的出现,31,30,1
途牛,途牛,10010000006473,10010000006473,groupchat.chat.other,groupchat.chat.other,虽然在联系人里找到了群组选项，但app并没有提供加入群组的途径,31,30,1
途牛,途牛,10010000006539,10010000006539,other.other.cannot_or_fail,other.other.cannot_or_fail,详细地址无法正确识别，可以随意输入，和上面限制到的省市不一致。,31,28,1
途牛,途牛,10010000004996,10010000004996,search.chat.cannot_or_fail,search.chat.cannot_or_fail,找不到可以添加认识的人为好友的途径，无法搜索手机通讯录好友等。,31,29,1
途牛,途牛,10010000005453,10010000005453,message_send.page_view.layout_issue,message_send.page_view.layout_issue,聊天过程中，没有时间间隔显示。退出聊天页面后，再进去则有显示。,31,27,0
途牛,途牛,10010000005417,10010000005417,message_send.chat.no_prompt,message_send.chat.no_prompt,来新消息的提示不准确，只在消息栏有提示，通知和聊天栏均没有提示,31,29,1
途牛,途牛,10010000005069,10010000005069,register.other.other,register.other.other,注册、登陆程序简单，多台程序同时登陆无验证措施，账号安全性低。,31,27,1
途牛,途牛,10010000005673,10010000005673,message_send.chat.other,message_send.chat.other,消息中心里面的互动动态的TA的关注是一样的，显示的都是我的关注,31,30,1
途牛,途牛,10010000006537,10010000006537,message_send.audio.freeze,message_send.audio.freeze,向其他用户发送语音时，手指放在话筒上好一会才与反应，录音有延迟,31,29,1
途牛,途牛,10010000005269,10010000005269,private_chat.chat.other,private_chat.chat.other,在与人私聊时，我自己是在线状态，可头像是灰色的，显示离线状态。,31,27,1
途牛,途牛,10010000005357,10010000005357,message_send.page_view.freeze,message_send.page_view.freeze,发送大量文本，导致ui界面卡死，并且以后访问该条消息时依旧卡死,31,29,1
途牛,途牛,10010000006270,10010000006270,message_send.list_item.other,message_send.list_item.other,回复评论时，回复对方的消息没有显示在对方消息的下面，查看不方便,31,29,1
途牛,途牛,10010000006273,10010000006273,share.list_item.cannot_share,share.list_item.cannot_share,分享帖子时，不能分享到微信、不能分享到朋友圈、不能分享到QQ。,31,27,1
途牛,途牛,10010000005401,10010000005401,message_send.chat.cannot_send,message_send.chat.cannot_send,用户一被用户二屏蔽之后，用户二给一发消息时没有给二提示不能发送,31,30,1
途牛,途牛,10010000006052,10010000006052,other.page_view.display_missing,other.page_view.display_missing,OPPO手机中(我的)页面下(随便逛逛)下面的内容显示不出来。,31,26,1
途牛,途牛,10010000006227,10010000006227,private_chat.page_view.cannot_or_fail,private_chat.page_view.cannot_or_fail,不能和已关注用户A的粉丝进行私聊，页面会跳转至用户A的聊天界面,31,30,1
途牛,途牛,10010000006040,10010000006040,message_send.image_banner.cannot_or_fail,message_send.image_banner.cannot_or_fail,发送表情，在发送框中显示为文字，会是的用户认为无法正常发送图片,31,29,1
途牛,途牛,10010000005914,10010000005914,other.other.permission,other.other.permission,安装人家查看软件权限。其中有读取修改删除sd,22,21,1
途牛,途牛,10010000006568,10010000006568,playback.audio.other,playback.audio.other,每次发出去的语音总是没有后面一小部分语音，发出去的语音不完整。,31,29,1
途牛,途牛,10010000006234,10010000006234,other.other.other,other.other.other,"同一个账户在手机运行后添加联系人,模拟器上再运行时丢失联系人.",31,29,1
途牛,途牛,10010000006050,10010000006050,message_send.page_view.other,message_send.page_view.other,发送图片，当切换表情和图片时，整个聊天界面会抖动，影响用户体验,31,28,1
途牛,途牛,10010000006407,10010000006407,other.image_banner.other,other.image_banner.other,图片接收不清楚，点开放大图片后图片不清楚。少概率出现，断断续续,31,28,1
途牛,途牛,10010000006527,10010000006527,other.image_banner.cannot_or_fail,other.image_banner.cannot_or_fail,可以修改昵称，但是无法更改自己所选的图片做头像。影响客户体验。,31,28,1
途牛,途牛,10010000006592,10010000006592,message_send.chat.other,message_send.chat.other,在系统通知栏提示消息后，点击提示消息后没有跳转到指定聊天窗口。,31,29,1
途牛,途牛,10010000006671,10010000006671,private_chat.page_view.other,private_chat.page_view.other,对于未加关注的好友，发起私聊后没办法在设置界面对该好友加关注。,31,29,1
途牛,途牛,10010000006489,10010000006489,private_chat.chat.other,private_chat.chat.other,+对不熟悉这款软件的人来说，想和熟悉的人建立私聊，操作比较困难,31,28,0
途牛,途牛,10010000006721,10010000006721,other.other.cannot_or_fail,other.other.cannot_or_fail,修改个人信息的头像应该要能修改成功的，但该软件不能进行修改头像,31,30,1
途牛,途牛,10010000006755,10010000006755,share.share_panel.wrong_value,share.share_panel.wrong_value,第三方登陆接口全部失效，微博不能对接，QQ不能授权，微信不载入,31,28,1
途牛,途牛,10010000007064,10010000007064,other.chat.other,other.chat.other,这样使得两个认识的人想在途牛app上加好友非常麻烦,25,25,1
途牛,途牛,10010000000890,10010000000890,register.other.load_fail,register.other.load_fail,当使用没有注册的手机号进行动态密码登陆时，会出现一直加载的情况。,32,30,1
途牛,途牛,10010000000846,10010000000846,gps_track.gps.cannot_or_fail,gps_track.gps.cannot_or_fail,订酒店时无法定位该酒店所处位置！我预定的酒店所在城市没有定位到！,32,30,1
途牛,途牛,10010000001624,10010000001624,other.other.other,other.other.other,4.2系统，在开启购物上端的联系客服,18,16,1
途牛,途牛,10010000006085,10010000006085,message_send.image_banner.other,message_send.image_banner.other,聊天图片可加入复制功能，这样就不用先保存到手机再选择图片发送了。,32,30,1
途牛,途牛,10010000002521,10010000002521,other.other.other,other.other.other,软件测试为开发者测试版本，而非公测版本。总会出现开发时提示信息。,32,29,1
途牛,途牛,10010000003181,10010000003181,message_send.list_item.wrong_value,message_send.list_item.wrong_value,在聊天记录中，对方的头像，名称没有同步。只是显示默认头像和号码。,32,28,1
途牛,途牛,10010000006023,10010000006023,other.button_icon.other,other.button_icon.other,订购页面左上方有两个返回图标，点击第二个返回图标无任何反应 反馈,32,30,1
途牛,途牛,10010000002504,10010000002504,other.other.other,other.other.other,"取消关注后,“关注”依然显示原来数字无变化，不会自动刷新关注数量",32,28,1
途牛,途牛,10010000003840,10010000003840,message_send.audio.cannot_or_fail,message_send.audio.cannot_or_fail,发送语音的时候自己不能查看自己说了多久，发送后才能知道自己的秒数,32,31,1
途牛,途牛,10010000002386,10010000002386,private_chat.chat.cannot_or_fail,private_chat.chat.cannot_or_fail,点击私聊发送消息，切换到其他应用返回途牛后发送消息失败，提示重发,32,30,1
途牛,途牛,10010000004502,10010000004502,other.page_view.other,other.page_view.other,在这个界面输入内容的时候，输入的字体用户只能看到一半的字，不完善,32,30,1
途牛,途牛,10010000002570,10010000002570,other.page_view.other,other.page_view.other,首页界面不应该被旅游，机票这些选项全部占领，应该适当放置一些推荐,32,30,1
途牛,途牛,10010000003012,10010000003012,message_send.audio.cannot_or_fail,message_send.audio.cannot_or_fail,发送语音信息的时候，只能等待它自动播放结束，不能手动点击气泡停止,32,30,1
途牛,途牛,10010000003113,10010000003113,message_send.input_box.cannot_or_fail,message_send.input_box.cannot_or_fail,聊天输入框EditText ，框不能随着文字或表情的增加而变大。,32,29,1
途牛,途牛,10010000003786,10010000003786,other.list_item.other,other.list_item.other,修改昵称后再查看修改用户名前发布的帖子，显示的昵称依旧是之前的。,32,30,1
途牛,途牛,10010000002635,10010000002635,private_chat.page_view.other,private_chat.page_view.other,在设置聊天里面，将私聊对象屏蔽了，可是还能对其消息提醒进行设置。,32,29,1
途牛,途牛,10010000002665,10010000002665,comment.list_item.cannot_or_fail,comment.list_item.cannot_or_fail,评论的时候编辑文字的时候只能出现一半，不能显示完整的评论框和文字,32,31,1
途牛,途牛,10010000003281,10010000003281,message_send.chat.cannot_or_fail,message_send.chat.cannot_or_fail,自己发的消息无论多久都可以删除应该，消息是无法撤回的发错了也不行,32,31,1
途牛,途牛,10010000002670,10010000002670,other.other.other,other.other.other,点击拍照，选择手机自带的相机,14,13,1
途牛,途牛,10010000005059,10010000005059,other.image_banner.other,other.image_banner.other,按下保存图片之后，在相册里找不到刚才保存的图片，需要去文件下寻找,32,30,1
途牛,途牛,10010000003016,10010000003016,other.other.other,other.other.other,客服连接太慢，违反软件用户体验中2,17,16,1
途牛,途牛,10010000007063,10010000007063,other.image_banner.other,other.image_banner.other,表情添加图片那里，加入一张系统的图片之后。图片的质量下降会很严重,32,30,1
途牛,途牛,10010000003784,10010000003784,private_chat.chat.cannot_or_fail,private_chat.chat.cannot_or_fail,无法加好友 或加好友途径不明显 添加好友困难 找了好久才能私聊,31,28,1
途牛,途牛,10010000004470,10010000004470,message_send.list_item.other,message_send.list_item.other,退出本次e和在线客服的聊天窗口之后，再进去找不到之前的聊天记录。,32,30,1
途牛,途牛,10010000004471,10010000004471,message_send.list_item.other,message_send.list_item.other,退出本次e和在线客服的聊天窗口之后，再进去找不到之前的聊天记录。,32,30,1
途牛,途牛,10010000003040,10010000003040,private_chat.chat.other,private_chat.chat.other,与用户进行私聊时，添加、发送本地gif表情时，被保存为jpg格式,32,29,1
途牛,途牛,10010000004137,10010000004137,message_send.chat.other,message_send.chat.other,用户收到第一条语音消息，第一条语音消息会覆盖后面所有的语音消息！,32,30,1
途牛,途牛,10010000003580,10010000003580,private_chat.chat.other,private_chat.chat.other,私聊的语音功能建议添加音量的大小检测显示 这样可以增加用户体验,31,30,1
途牛,途牛,10010000005883,10010000005883,message_send.chat.no_prompt,message_send.chat.no_prompt,别人发消息过来不会发出提示音，也没有提示，点进聊天才会出现声音。,32,29,1
途牛,途牛,10010000006242,10010000006242,message_send.chat.other,message_send.chat.other,关闭新消息提醒后，仍然提示收到对方的信息！消息提醒功能不起作用！,32,29,1
途牛,途牛,10010000005228,10010000005228,message_send.audio.other,message_send.audio.other,发送语音时，如果不想让对方知道自己的真实声音，可以增加变声功能。,32,29,1
途牛,途牛,10010000005456,10010000005456,message_send.chat.other,message_send.chat.other,用户聊天时，可以增加推荐好友功能，以此扩大人脉圈，了解更多消息。,32,28,1
途牛,途牛,10010000005548,10010000005548,private_chat.page_view.other,private_chat.page_view.other,在设置私聊模块，可以增加设置聊天背景的功能，在聊天时增加美观性。,32,29,1
途牛,途牛,10010000004417,10010000004417,private_chat.chat.other,private_chat.chat.other,发送私聊消息小概率出现自己方消息位置发生变化！偶尔会出现在左边！,32,30,1
途牛,途牛,10010000003970,10010000003970,private_chat.chat.other,private_chat.chat.other,"私聊时,发送多条语音时,对方听到的每条语音均为第一条语音的内容。",32,29,1
途牛,途牛,10010000005319,10010000005319,message_send.page_view.other,message_send.page_view.other,找不到在聊天界面保存的聊天图片，用系统图库和文件管理器都找不到。,32,30,1
途牛,途牛,10010000004383,10010000004383,other.other.other,other.other.other,"举报该用户时,100字限制,不会显示已输入多少字,还有多少字剩余",32,29,1
途牛,途牛,10010000005010,10010000005010,other.other.other,other.other.other,删除发错的表情比较麻烦，通过删除字符体现，出现多删或者少删的情况,32,30,1
途牛,途牛,10010000003768,10010000003768,other.button_icon.cannot_or_fail,other.button_icon.cannot_or_fail,访问他人主页的过程太过繁琐，用户无法通过固定的按钮访问他人主页。,32,30,1
途牛,途牛,10010000004247,10010000004247,other.page_view.crash,other.page_view.crash,在个人界面点击修改昵称是会黑屏闪退，其他操作也会有一定几率闪退。,32,30,1
途牛,途牛,10010000005243,10010000005243,private_chat.image_banner.cannot_or_fail,private_chat.image_banner.cannot_or_fail,对于私聊中的图片只能选择保存到手机中，不能进行其他对图片的处理。,32,30,1
途牛,途牛,10010000005690,10010000005690,message_send.chat.other,message_send.chat.other,屏蔽好友，再对好友接触屏蔽后，好友再次发送消息，点击发送没有反应,32,29,1
途牛,途牛,10010000004419,10010000004419,message_send.audio.other,message_send.audio.other,发送语音内容，说完后立即发送，播放语音时最后几秒录入的语音未播放,32,30,1
途牛,途牛,10010000005549,10010000005549,private_chat.chat.no_prompt,private_chat.chat.no_prompt,私聊时提到有关密码等敏感词时没有提示小心受骗提示大家谨防上当受骗,32,32,1
途牛,途牛,10010000004310,10010000004310,other.other.crash,other.other.crash,"在测试进入非自己个人主页时,小概率复现了点击某人头像后闪退的现象",32,31,1
途牛,途牛,10010000005913,10010000005913,other.chat.other,other.chat.other,整个平台没有可以同步QQ好友，微信好友，或者通讯录联系人的功能。,32,29,1
途牛,途牛,10010000004340,10010000004340,other.image_banner.load_fail,other.image_banner.load_fail,接收好友的图片，手机不同，图片可能加载不出来，有的可以，有的不行,32,28,1
途牛,途牛,10010000006627,10010000006627,other.other.cannot_or_fail,other.other.cannot_or_fail,用户输入不能出现空格，不论是开头输入空格，还是一句话中输入空格。,32,29,1
途牛,途牛,10010000004480,10010000004480,playback.audio.other,playback.audio.other,语音长度不及时提示,9,9,1
途牛,途牛,10010000004854,10010000004854,gps_track.gps.cannot_or_fail,gps_track.gps.cannot_or_fail,无法定位当前位置,8,8,1
途牛,途牛,10010000006670,10010000006670,other.other.other,other.other.other,投诉之后，没有任何提示，不知道处理进度，也不知道投诉结果如何反馈,32,29,1
途牛,途牛,10010000005196,10010000005196,other.other.other,other.other.other,对方修改昵称后，并没有及时更新昵称，只是用户自己查看自己昵称变了,32,30,1
途牛,途牛,10010000005253,10010000005253,other.other.cannot_or_fail,other.other.cannot_or_fail,声明支持拼音，英语输入，进行检索，却无法实现一部分英文和拼音地名,32,29,1
途牛,途牛,10010000005798,10010000005798,message_send.chat.other,message_send.chat.other,聊天过程中删除消息会把对话时间也删除，这样有时想查对话时间不方便,32,31,1
途牛,途牛,10010000006214,10010000006214,other.other.crash,other.other.crash,在与其他用户进行交流时，打字过程会造成闪退，使用户直接退出客户端,32,30,1
途牛,途牛,10010000006974,10010000006974,other.step.wrong_value,other.step.wrong_value,在回帖处的时间显示出现错误，没有按照回帖时间的先后顺序进行显示。,32,30,1
途牛,途牛,10010000005669,10010000005669,other.other.other,other.other.other,只可以添加陌生人，没有找到可以使用昵称或者电话号码添加关注的功能,32,31,1
途牛,途牛,10010000006976,10010000006976,message_send.page_view.other,message_send.page_view.other,自定义添加进去的表情包，发送到聊天界面，表现出来的形式是一张图片,32,30,1
途牛,途牛,10010000006199,10010000006199,other.other.other,other.other.other,在投诉功能中，最多100个字，但其中却包含了换行符等不可见字符。,32,29,1
途牛,途牛,10010000006170,10010000006170,message_send.image_banner.cannot_or_fail,message_send.image_banner.cannot_or_fail,在发送栏中，输入文字后，图片的符号变成了发送符号，无法添加图片。,32,28,1
途牛,途牛,10010000006596,10010000006596,private_chat.chat.crash,private_chat.chat.crash,"在测试私聊路径时,点击某人头像准备进入个人主页时,出现闪退的现象",32,30,1
途牛,途牛,10010000006836,10010000006836,message_send.audio.other,message_send.audio.other,发送语音后播放会发现声音与本人的实际声音差距较大，主要是音色改变,32,31,1
途牛,途牛,10010000006700,10010000006700,other.other.other,other.other.other,最下面的走马选择栏向左向右滑动时，屏幕会上下移动，影响客户体验、,32,29,1
途牛,途牛,10010000006290,10010000006290,other.other.other,other.other.other,提问的时候输入目的地可以乱输入，即使没有该地方也可以输入，地位。,32,29,1
途牛,途牛,10010000006967,10010000006967,other.other.other,other.other.other,陌生用户关注了我，到进去用户主页，发现他的主页没有显示关注了我。,32,29,1
途牛,途牛,10010000006412,10010000006412,other.page_view.freeze,other.page_view.freeze,在滑动“我的”界面时，有卡顿，快速滑动时会卡住，上下滑动有点卡。,32,26,1
途牛,途牛,10010000006787,10010000006787,private_chat.chat.crash,private_chat.chat.crash,在看别人写的优美游记时，点击作者想和作者私聊时，程序闪退回到桌面,32,30,1
途牛,途牛,10010000006920,10010000006920,login.other.other,login.other.other,用非官方免流软件登录途牛时，发现途牛并没有报告此时用网的安全问题,32,31,1
途牛,途牛,10010000006924,10010000006924,login.other.other,login.other.other,用非官方免流软件登录途牛时，发现途牛并没有报告此时用网的安全问题,32,31,1
途牛,途牛,10010000006790,10010000006790,private_chat.chat.other,private_chat.chat.other,私聊的语音问题，对方发送“逗比逗比”，接收语音播放为其他的语音。,32,27,1
途牛,途牛,10010000007173,10010000007173,share.share_panel.other,share.share_panel.other,缺少发布的相关信息分享到微信，朋友圈，微博，qq等社交软件的功能,32,29,1
途牛,途牛,10010000007099,10010000007099,other.list_item.display_missing,other.list_item.display_missing,发布帖子，添加图片时，反应较慢，而且有的图片添加上去显示不出来。,32,28,1
途牛,途牛,10010000002846,10010000002846,other.chat.other,other.chat.other,自己也可以是自己的粉丝。可以自己加自己好友。图中，第一个是我本人。,33,29,0
途牛,途牛,10010000005063,10010000005063,shopping.commerce.cannot_or_fail,shopping.commerce.cannot_or_fail,下单必须使用优惠 如果优惠无法使用则无法下单 用户不能单一订购商品,33,31,1
途牛,途牛,10010000002480,10010000002480,other.other.other,other.other.other,"关注其他用户后,关注依然显示原来的数字无变化，不会自动刷新关注数量",33,31,1
途牛,途牛,10010000002350,10010000002350,other.page_view.crash,other.page_view.crash,进入个人页面中，上传头像照片时，选择较大点的图片上传后，程序就崩溃,33,30,1
途牛,途牛,10010000002453,10010000002453,message_send.image_banner.other,message_send.image_banner.other,长按聊天图片，点击保存到手机。在手机文件夹和相册里都找不到该图片。,33,30,1
途牛,途牛,10010000004953,10010000004953,search.page_view.cannot_or_fail,search.page_view.cannot_or_fail,私聊没有设置查看聊天记录，只能上翻查看记录，关键信息不能及时查找。,33,30,1
途牛,途牛,10010000006984,10010000006984,playback.page_view.cannot_or_fail,playback.page_view.cannot_or_fail,听较长语音时，除了退出当前页面这种方法外，没有其他办法不能让其暂停,33,31,1
途牛,途牛,10010000003392,10010000003392,private_chat.chat.other,private_chat.chat.other,私聊发送表情，删除表情的时候，[大笑]删除一半，没有表情，只有文字,33,27,1
途牛,途牛,10010000005046,10010000005046,private_chat.chat.other,private_chat.chat.other,在私聊时，发送语音，会出现时间推前的情况，从而导致语音发送不完整。,33,29,1
途牛,途牛,10010000004904,10010000004904,other.page_view.layout_issue,other.page_view.layout_issue,最上方的标题栏里面的字和背景在页面浏览时出现透明或者字体重叠的现象,33,33,1
途牛,途牛,10010000003761,10010000003761,other.other.other,other.other.other,投诉输入栏只显示最多输入，而没有显示已输入字数或者剩余可输入字数。,33,31,1
途牛,途牛,10010000002567,10010000002567,message_send.other.other,message_send.other.other,发送表情时在编辑框出现对表情描述的文字。只有发送出去才会显示表情。,33,31,1
途牛,途牛,10010000003187,10010000003187,other.list_item.other,other.list_item.other,关注列表中没有显示取消关注，而是点击已关注后就会取消。使用不清晰。,33,30,1
途牛,途牛,10010000005392,10010000005392,notification.other.other,notification.other.other,别人发的信息，应用若未开启，不会有信息提醒，只有开启应用后才提醒。,33,29,1
途牛,途牛,10010000002676,10010000002676,other.other.cannot_or_fail,other.other.cannot_or_fail,在问答中无法显示表情符，只能显示表情两个字，缺乏应用的交互完整性。,33,30,1
途牛,途牛,10010000002825,10010000002825,message_send.chat.cannot_or_fail,message_send.chat.cannot_or_fail,"发送语音消息后,播放时只能全部播放完毕,不能过播放过程中停止播放。",33,30,1
途牛,途牛,10010000004527,10010000004527,login.page_view.other,login.page_view.other,登录后，在首页，点击页面右上角的消息无任何反应，多次点击才能打开！,33,29,1
途牛,途牛,10010000003275,10010000003275,search.other.cannot_or_fail,search.other.cannot_or_fail,找人只能通过发布状态来找，不能通过搜索昵称或者ID来找，功能不完全,33,31,1
途牛,途牛,10010000004026,10010000004026,message_send.chat.other,message_send.chat.other,在聊天中没有禁字设定，可能会导致冲突发生。可以参考英雄联盟禁字设定,33,31,1
途牛,途牛,10010000004334,10010000004334,message_send.page_view.cannot_or_fail,message_send.page_view.cannot_or_fail,发送者发送的消息不能撤回，只能删除，可以设置两分钟的消息撤回功能。,33,30,1
途牛,途牛,10010000005301,10010000005301,message_send.image_banner.other,message_send.image_banner.other,发送者发送图片时，可以增加编辑图片的功能，以此发送较为满意的图片。,33,30,1
途牛,途牛,10010000003777,10010000003777,other.chat.cannot_or_fail,other.chat.cannot_or_fail,好友修改头像和名称后，在用户这里无法显示，即使时间长了仍然无法显示,33,31,1
途牛,途牛,10010000005054,10010000005054,share.share_panel.cannot_share,share.share_panel.cannot_share,用户进行第三方分享，微信、qq、朋友圈无法分享，新浪微博分享失败。,33,28,1
途牛,途牛,10010000003556,10010000003556,message_send.chat.cannot_or_fail,message_send.chat.cannot_or_fail,收不到好友的部分消息。中间对方发送的几条消息收不到，对方有发送的。,33,30,1
途牛,途牛,10010000003626,10010000003626,playback.audio.other,playback.audio.other,用户接收到第一条语言信息后，后面接收到的语音内容全部和第一条一样。,33,31,1
途牛,途牛,10010000003969,10010000003969,private_chat.chat.cannot_or_fail,private_chat.chat.cannot_or_fail,与陌生人私聊时，其发来的语音不能播放或只能播放第一次传来的语音内容,33,32,1
途牛,途牛,10010000005710,10010000005710,private_chat.image_banner.cannot_or_fail,private_chat.image_banner.cannot_or_fail,私聊过程中，不能把对方发过来的图片直接添加表情，这会占用很大内存。,33,30,1
途牛,途牛,10010000006735,10010000006735,message_send.list_item.cannot_or_fail,message_send.list_item.cannot_or_fail,点击右上角“消息”→“通知”→“互动动态”，不能正常刷新动态列表。,33,23,1
途牛,途牛,10010000004183,10010000004183,message_send.chat.other,message_send.chat.other,当用户A屏蔽用户B的消息时，用户B仍能发送消息且不知已被用户A屏蔽,33,32,1
途牛,途牛,10010000005271,10010000005271,message_send.chat.other,message_send.chat.other,我之前发送的一条消息突然出现在左侧，然后又发送了一条出现在了右侧。,33,31,0
途牛,途牛,10010000004035,10010000004035,private_chat.button_icon.cannot_or_fail,private_chat.button_icon.cannot_or_fail,私聊时，输入法输入信息后单击输入上的回车按钮，无法发送，而出现换行,33,30,1
途牛,途牛,10010000004208,10010000004208,playback.audio.other,playback.audio.other,用户接收到第一条语言信息后，后面接收到的语音内容全部和第一条一样。,33,31,1
途牛,途牛,10010000004633,10010000004633,private_chat.page_view.crash,private_chat.page_view.crash,在私聊页面发送内容过长的信息时，查看该信息会让程序闪退或是无响应。,33,31,1
途牛,途牛,10010000006197,10010000006197,notification.other.cannot_or_fail,notification.other.cannot_or_fail,如果屏蔽他人将收不到他人信息，如果解除屏蔽，则可以收到最新的信息。,33,30,0
途牛,途牛,10010000006404,10010000006404,message_send.chat.cannot_or_fail,message_send.chat.cannot_or_fail,输入多行文字在消息框中无法全部显示出来，只能显示一行半的文字消息！,33,31,1
途牛,途牛,10010000006080,10010000006080,message_send.page_view.other,message_send.page_view.other,对方发送新消息是，只有进入消息列表才会看到，在其他界面不会有提醒。,33,30,1
途牛,途牛,10010000005117,10010000005117,private_chat.chat.other,private_chat.chat.other,当用户屏蔽私聊对象后，“新消息提醒”项没有置灰，依旧可以正常选择。,33,28,1
途牛,途牛,10010000004786,10010000004786,message_send.other.cannot_or_fail,message_send.other.cannot_or_fail,给对方发送一张照片，发现不能收藏，不能全部选择，不能添加表情等功能,33,30,1
途牛,途牛,10010000006774,10010000006774,message_send.other.cannot_or_fail,message_send.other.cannot_or_fail,给对方发送一张照片，发现不能收藏，不能全部选择，不能添加表情等功能,33,30,1
途牛,途牛,10010000006816,10010000006816,message_send.page_view.other,message_send.page_view.other,对已关注的和未关注的人聊天界面都一样，没有添加联系人，备注等功能。,33,30,1
途牛,途牛,10010000006583,10010000006583,comment.list_item.cannot_or_fail,comment.list_item.cannot_or_fail,发表言论，对于别人的评论不能回复，如果有回复的功能，用户体验会更好,33,30,1
途牛,途牛,10010000006285,10010000006285,message_send.audio.cannot_or_fail,message_send.audio.cannot_or_fail,发送一定长度的语音，在播放过程中不能终止播放，只能一次性播放完毕。,33,30,1
途牛,途牛,10010000006055,10010000006055,other.other.cannot_or_fail,other.other.cannot_or_fail,信息修改过程中头像无法修改，再出驻地中的详细地址不能判断是否正确。,33,31,1
途牛,途牛,10010000006255,10010000006255,other.other.other,other.other.other,动态图保存在自己图库里，找不到动态图可以增加进去，建议增加动态体验,33,31,1
途牛,途牛,10010000006196,10010000006196,message_send.step.no_prompt,message_send.step.no_prompt,发送语音的限制是60秒。发送前没有提示时间用户并不知道自己用了多久,33,32,1
途牛,途牛,10010000006728,10010000006728,other.page_view.layout_issue,other.page_view.layout_issue,在下方bar切换时经常发现，页面布局出错的Bug 严重影响用户体验,33,31,1
途牛,途牛,10010000006779,10010000006779,register.page_view.other,register.page_view.other,注册页面，没有密码位数限制，没有任何弱密码提醒严重影响用户信息安全,33,31,1
途牛,途牛,10010000006771,10010000006771,search.list_item.other,search.list_item.other,查找用户不合理，查找更新的帖子不易发现，，不易发现想要添加的好友。,33,29,1
途牛,途牛,10010000006822,10010000006822,other.page_view.other,other.page_view.other,用户发布的信息，和点击该信息的详情界面，这两页面的点赞数应当一致。,33,30,1
途牛,途牛,10010000006859,10010000006859,playback.audio.other,playback.audio.other,收发语音听到的音色明显与本人有很大不同(可能与机型或系统等等有关）,33,31,1
途牛,途牛,10010000007142,10010000007142,groupchat.chat.other,groupchat.chat.other,群聊没有群，用户想要建群不方便，而QQ微信在右上角会出现加号键建群,33,31,1
途牛,途牛,10010000001430,10010000001430,other.other.permission,other.other.permission,手机开启了位置服务，也给予了应用位置权限，但是还是无法获取当前城市。,34,31,1
途牛,途牛,10010000001904,10010000001904,other.page_view.cannot_or_fail,other.page_view.cannot_or_fail,很难回到主页，在打开多个页面的时候。还有右上角拓展的···不能点击。,34,28,1
途牛,途牛,10010000004051,10010000004051,message_send.page_view.other,message_send.page_view.other,用户回复消息，通知栏里有提示，但点击后是显示途牛主页而不是聊天界面。,34,31,1
途牛,途牛,10010000005248,10010000005248,private_chat.page_view.cannot_delete,private_chat.page_view.cannot_delete,私聊界面中，输入表情时，删除时只能按单个字符删除，而不能删除整个表情,34,31,1
途牛,途牛,10010000002410,10010000002410,other.page_view.crash,other.page_view.crash,点击或者从任何页面跳入专属顾问页面，必然无法加载内容而且必然马上闪退,34,33,1
途牛,途牛,10010000005022,10010000005022,other.page_view.load_fail,other.page_view.load_fail,"在关闭网络连接后重新连接网络,页面加载图片异常，刷新页面依然无法加载",34,32,1
途牛,途牛,10010000005697,10010000005697,register.list_item.other,register.list_item.other,找不到添加已注册途牛账号的好友，没有好友列表，所以有些功能测试不了。,34,31,1
途牛,途牛,10010000002385,10010000002385,other.page_view.cannot_or_fail,other.page_view.cannot_or_fail,选择下方加号，进行发帖等功能时，界面不能直接跳转，需要返回后再跳转。,34,30,1
途牛,途牛,10010000005986,10010000005986,message_send.chat.crash,message_send.chat.crash,打开和其他人聊天窗口时，因为之前发的信息内容过大，手机迟钝，导致闪退,34,31,1
途牛,途牛,10010000003682,10010000003682,other.other.other,other.other.other,互动动态里最上面的标题显示“TA的关注”而不是“我的关注”，产生歧义,34,29,1
途牛,途牛,10010000004973,10010000004973,login.share_panel.cannot_or_fail,login.share_panel.cannot_or_fail,用户在使用第三方登录时，QQ，微博，微信，这三个的账号不能登录该软件,34,30,1
途牛,途牛,10010000004571,10010000004571,playback.audio.other,playback.audio.other,语音有问题，所有发出的语音，接收时只有第一个语音的内容，其他都是重复,34,31,1
途牛,途牛,10010000004398,10010000004398,playback.audio.other,playback.audio.other,对方发给我的语音总是第一条的数据。不论对方发了多长，内容都是第一条。,34,31,1
途牛,途牛,10010000004968,10010000004968,private_chat.chat.wrong_value,private_chat.chat.wrong_value,私聊退出时，重新进入聊天信息发生错误，我发出去的消息变为他回应的消息,34,32,1
途牛,途牛,10010000003320,10010000003320,message_send.page_view.other,message_send.page_view.other,聊天记录界面，消息的发送时间字体大小太小，看不清楚。,26,23,1
途牛,途牛,10010000003123,10010000003123,private_chat.chat.other,private_chat.chat.other,只要私聊想就可以发信息，不需要得到对方的同意。有可能给用户造成困扰。,34,31,1
途牛,途牛,10010000003724,10010000003724,playback.audio.other,playback.audio.other,接收语音时会出生错乱，第一次接收到语音之后，之后的语音都是同一个声音,34,32,1
途牛,途牛,10010000003452,10010000003452,other.other.cannot_or_fail,other.other.cannot_or_fail,交互性不好，不可以两个程序同时运行，后台切换跳回途牛偶尔需要重新启动,34,32,1
途牛,途牛,10010000002793,10010000002793,comment.list_item.other,comment.list_item.other,"在没有关注的用户中，在其评论下点赞，不应该出现""",24,21,1
途牛,途牛,10010000005438,10010000005438,shopping.commerce.other,shopping.commerce.other,当提及私密信息，设计个人财产银行卡号密码，支付宝密码时，没有安全提示,34,31,1
途牛,途牛,10010000002894,10010000002894,search.page_view.other,search.page_view.other,在页面首页右上角的对话里面，联系人中没有直接搜索或添加联系人的选项。,34,32,1
途牛,途牛,10010000005966,10010000005966,private_chat.chat.other,private_chat.chat.other,互相关注的两个人私聊和与陌生人私聊没有区别。。只有粉丝那显示互相关注,34,32,1
途牛,途牛,10010000005155,10010000005155,private_chat.chat.permission,private_chat.chat.permission,私聊发送语音是，按住开始讲话的时候突然弹出申请录音权限，会感觉很突兀,34,32,1
途牛,途牛,10010000005252,10010000005252,other.other.other,other.other.other,修改用户的昵称，个人主页未及时更新，但是小概率发生，测试中出现了一次,34,31,1
途牛,途牛,10010000004734,10010000004734,message_send.page_view.other,message_send.page_view.other,其他用户修改名字后在联系人里面名字会同步，但是聊天界面还是以前的名字,34,33,1
途牛,途牛,10010000003059,10010000003059,message_send.other.other,message_send.other.other,发送手机输入法自带的表情，在查看的时候，会和输入法中的不一样，很难看,34,31,1
途牛,途牛,10010000005236,10010000005236,private_chat.chat.cannot_or_fail,private_chat.chat.cannot_or_fail,私聊期间无法进行视频聊天，导致两个比较亲蜜的好友之间无法面对面聊天！,34,32,1
途牛,途牛,10010000007147,10010000007147,other.other.cannot_or_fail,other.other.cannot_or_fail,当我被投诉后，无法知道任何投诉信息，请添加被投诉信息，提示我被投诉！,34,30,1
途牛,途牛,10010000004165,10010000004165,message_send.image_banner.other,message_send.image_banner.other,没有重复内容的发送限制，会导致诈骗增多，小广告很多，影响软件的好评。,34,30,1
途牛,途牛,10010000006413,10010000006413,message_send.page_view.other,message_send.page_view.other,在进入途牛旅游的发送消息界面时，会出现JPush提示：缺少统计代码。,34,31,1
途牛,途牛,10010000003564,10010000003564,other.other.cannot_delete,other.other.cannot_delete,按添加表情的删除键不能删除完整表情，只能删除一个字符，给用户带来麻烦,34,32,1
途牛,途牛,10010000003732,10010000003732,other.page_view.other,other.page_view.other,互动动态中，ta的关注页面显示的是我自己的关注用户而非对方的关注用户,34,33,1
途牛,途牛,10010000003423,10010000003423,other.other.other,other.other.other,可查看陌生人的动态，对用户的信息没有保密，对出行构成潜在的安全性风险,34,32,1
途牛,途牛,10010000005208,10010000005208,other.image_banner.other,other.image_banner.other,同一张自定义图片可反复添加，较大程度上地影响了用户对这个功能的体验。,34,32,1
途牛,途牛,10010000003574,10010000003574,login.share_panel.other,login.share_panel.other,用微博登录的时候，会出现如截图所事情况，我手机里面有新浪微博的app,34,32,1
途牛,途牛,10010000003722,10010000003722,other.other.cannot_or_fail,other.other.cannot_or_fail,对于客服的评价之后，再次点击反馈具体意见，发现已经无法查看原有的评价,34,32,1
途牛,途牛,10010000005019,10010000005019,message_send.chat.other,message_send.chat.other,有时发送消息会有一定时延，发送方已经发送，接收方等待半分钟后才收到。,34,31,1
途牛,途牛,10010000004702,10010000004702,gps_track.list_item.cannot_or_fail,gps_track.list_item.cannot_or_fail,自动定位功能不能实现，不能显示所在位置总是显示在上海，城市列表不完整,34,32,1
途牛,途牛,10010000005789,10010000005789,message_send.page_view.other,message_send.page_view.other,拍照后点击“X”取消发送，再点击返回直接跳转至聊天页面而不是拍照页面,34,31,1
途牛,途牛,10010000005987,10010000005987,groupchat.chat.cannot_or_fail,groupchat.chat.cannot_or_fail,对已关注的用户不能备注，不能置顶，私聊不方便，但可以屏蔽，可以群聊。,34,29,1
途牛,途牛,10010000004835,10010000004835,message_send.chat.other,message_send.chat.other,用户在屏蔽一名好友后新消息提醒应自动关闭，而这里仍然显示是开启状态。,34,32,1
途牛,途牛,10010000006495,10010000006495,search.chat.other,search.chat.other,搜索陌生用户A和用户B建立私聊的路径太隐蔽，不易让用户查找到！！！！,34,29,1
途牛,途牛,10010000005718,10010000005718,other.input_box.cannot_delete,other.input_box.cannot_delete,点击途牛的小表情到文本框，删除时不能一次删完一个小表情，用起来特麻烦,34,32,1
途牛,途牛,10010000004706,10010000004706,private_chat.list_item.cannot_or_fail,private_chat.list_item.cannot_or_fail,私聊中联系人列表和消息列表的用户名不统一，消息列表的用户名不能更新。,34,32,1
途牛,途牛,10010000005231,10010000005231,message_send.other.cannot_delete,message_send.other.cannot_delete,当给他人发送表情时，如果想刪除表情，会出现表情无法删除出现字符的情况,34,32,1
途牛,途牛,10010000005016,10010000005016,other.other.other,other.other.other,订票时偶现UI设计不完整,12,12,1
途牛,途牛,10010000005610,10010000005610,private_chat.chat.other,private_chat.chat.other,私聊路径的建立不是两用户互相关注才可建立，自己给对方发送消息后就存在,34,33,1
途牛,途牛,10010000005254,10010000005254,other.image_banner.other,other.image_banner.other,功能不完整，无添加图片功能，当要投诉一个人，必须要有证明才能投诉成功,34,31,1
途牛,途牛,10010000006586,10010000006586,other.image_banner.other,other.image_banner.other,功能不完整，无添加图片功能，当要投诉一个人，必须要有证明才能投诉成功,34,31,1
途牛,途牛,10010000006750,10010000006750,message_send.image_banner.other,message_send.image_banner.other,当点击图片添加时，添加的图片模糊，同时发送陌生好友的时候，点击也模糊,34,31,1
途牛,途牛,10010000006492,10010000006492,comment.list_item.other,comment.list_item.other,写游记是时我，我什么都没有写只放了张图片，机器人评论的让人哭笑不得。,34,31,0
途牛,途牛,10010000005566,10010000005566,message_send.chat.freeze,message_send.chat.freeze,消息通知，显示有延迟，比较严重，和对方发消息有么发布出去要么收不到。,34,30,1
途牛,途牛,10010000005687,10010000005687,other.other.other,other.other.other,用户反馈里的对话框没有限制字数，导致输入非常多的字的话，会变得很卡。,34,31,1
途牛,途牛,10010000006060,10010000006060,login.other.other,login.other.other,密码忘了，修改密码得用原密码，不然退出登录后就得短信验证登录，好麻烦,34,31,1
途牛,途牛,10010000006385,10010000006385,other.other.other,other.other.other,+没有实现英文翻译功能,11,10,1
途牛,途牛,10010000007137,10010000007137,other.other.other,other.other.other,性能比较不错，符合大众用，,13,11,0
途牛,途牛,10010000006825,10010000006825,notification.other.cannot_or_fail,notification.other.cannot_or_fail,在首次，系统提醒位置获取时，选择拒绝，之后再次进入，不能获取位置信息,34,30,1
途牛,途牛,10010000006849,10010000006849,message_send.chat.other,message_send.chat.other,"接收到好友发送的语音,进行播放时没有声音(可能与机型或系统等等有关)",34,31,1
途牛,途牛,10010000007013,10010000007013,message_send.chat.other,message_send.chat.other,在问大家发布信息后，有人点“我来回答”进行答复后没有新消息提示功能。,34,30,1
途牛,途牛,10010000007144,10010000007144,other.other.other,other.other.other,这样给用户感觉有点重复，累赘，很多东西都是不需要的，给人以麻烦的感觉,34,31,0
途牛,途牛,10010000000850,10010000000850,other.other.other,other.other.other,最新加入购物车的行程应该显示在最上面，方便客户一眼就看出这是刚才订的！,35,33,1
途牛,途牛,10010000003004,10010000003004,other.chat.other,other.chat.other,自己可以加好友的好友，那对于一些用心不轨的人来说这是一个传播危险的途径,35,34,0
途牛,途牛,10010000006737,10010000006737,other.image_banner.load_fail,other.image_banner.load_fail,使用软件中途不定期出现无法加载图片的情况，下拉刷新也没有办法解决该问题,35,34,1
途牛,途牛,10010000006939,10010000006939,other.page_view.other,other.page_view.other,在“我的”界面，点击“专属顾问”选项，必定会自动切换到后台的其他应用。,35,28,1
途牛,途牛,10010000002549,10010000002549,private_chat.page_view.other,private_chat.page_view.other,一定要点击头像才能进入私聊，可以设置为点击该人在关注列表中的白色处进入,35,34,1
途牛,途牛,10010000005922,10010000005922,other.other.cannot_input,other.other.cannot_input,"在“送机”菜单下无法输入“您想去哪”的目的地,并且点击下一列时自动退出",35,30,1
途牛,途牛,10010000002794,10010000002794,private_chat.chat.other,private_chat.chat.other,进入私聊,4,4,1
途牛,途牛,10010000002779,10010000002779,playback.page_view.crash,playback.page_view.crash,点击语音输入，此时界面弹出权限申请界面，长时间不点击允许，APP闪退。,35,31,1
途牛,途牛,10010000007077,10010000007077,playback.audio.other,playback.audio.other,在外面听语音时，没有扬声器或听筒的功能，使听语音很费力，用户体验不好。,35,31,1
途牛,途牛,10010000007153,10010000007153,search.list_item.layout_issue,search.list_item.layout_issue,联系人的列表布局很不友好，没有排序方案或者分组方法，查找联系人很不方便,35,33,1
途牛,途牛,10010000002433,10010000002433,playback.audio.other,playback.audio.other,语言信息没有转换成文字功能，可能在用户不方便听语音的时候会错过重要信息,35,34,1
途牛,途牛,10010000007155,10010000007155,message_send.image_banner.cannot_or_fail,message_send.image_banner.cannot_or_fail,自己发送手机里的图片 软件会自动保存，但是无法正常显示为图片jpg格式,35,33,1
途牛,途牛,10010000003428,10010000003428,message_send.audio.other,message_send.audio.other,在录制语音过程中，如果出现来电等交叉情况时，未录制完的语音自动发送出去,35,33,1
途牛,途牛,10010000004670,10010000004670,message_send.audio.other,message_send.audio.other,在录制语音过程中，提示手指上滑取消发送的标志不准确，看上去像WiFi。,35,32,1
途牛,途牛,10010000005792,10010000005792,other.chat.other,other.chat.other,对已加关注的好友，进入其个人主页时依然提示加关注，而不是提示已加关注。,35,32,1
途牛,途牛,10010000003959,10010000003959,other.other.other,other.other.other,播打客服电话不选择用哪张手机卡，手机卡一没钱，手机卡二有钱，默认打卡一,35,32,1
途牛,途牛,10010000002592,10010000002592,login.page_view.cannot_or_fail,login.page_view.cannot_or_fail,正常聊天中，使用home 键返回桌面，再次登录无法返回到私聊聊天界面。,35,31,1
途牛,途牛,10010000003069,10010000003069,message_send.page_view.cannot_or_fail,message_send.page_view.cannot_or_fail,在消息页面，网络信号良好的状况下，一直显示连接中，不能加载出消息列表。,35,31,1
途牛,途牛,10010000003173,10010000003173,other.other.cannot_or_fail,other.other.cannot_or_fail,发布内容系统无法筛选是不是无意义的内容，导致用户看不到真正想看的东西。,35,33,1
途牛,途牛,10010000003685,10010000003685,groupchat.chat.other,groupchat.chat.other,若本身无群聊，显示您还没有群组，但既没有说明如何建群也没说明如何加群。,35,32,1
途牛,途牛,10010000003204,10010000003204,private_chat.chat.other,private_chat.chat.other,将照片上收藏为表情后，发送给私聊对象，收藏为表情的照片很模糊，看不清。,35,31,1
途牛,途牛,10010000003684,10010000003684,search.page_view.cannot_or_fail,search.page_view.cannot_or_fail,无法自己搜索用户，进行聊天。必须进入其他人的主页才可以找到聊天的界面。,35,32,1
途牛,途牛,10010000002955,10010000002955,private_chat.page_view.cannot_or_fail,private_chat.page_view.cannot_or_fail,私聊中发送图片，正常显示，退出私聊再次进入后，图片在聊天界面无法显示。,35,31,1
途牛,途牛,10010000003852,10010000003852,message_send.page_view.other,message_send.page_view.other,消息提醒设置，为什么不在软件设置里面，而在每个聊天用户的界面都可以设置,35,33,1
途牛,途牛,10010000005565,10010000005565,other.button_icon.other,other.button_icon.other,举报按钮，点了直接举报，有可能用户误触，建议添加个是否确定举报询问一下,35,32,1
途牛,途牛,10010000003843,10010000003843,message_send.chat.other,message_send.chat.other,接收到用户A的消息之后，用户A再改名字，聊天窗口中用户A的名字不会更新,35,33,1
途牛,途牛,10010000003118,10010000003118,message_send.audio.other,message_send.audio.other,发送语音时，那个手指上滑取消发送的标志为何是wifi的标志，可以换一个,35,33,1
途牛,途牛,10010000002983,10010000002983,message_send.page_view.other,message_send.page_view.other,聊天模块显示对方消息，一会有名字，一会没有。详情见第二个联系人的消息。,35,31,1
途牛,途牛,10010000003047,10010000003047,private_chat.chat.other,private_chat.chat.other,在私聊发送一条语音后，后面再发送的语音点击播放仍然是第一条语音的内容。,35,33,1
途牛,途牛,10010000003239,10010000003239,private_chat.chat.cannot_or_fail,private_chat.chat.cannot_or_fail,语言私聊时，发送的多条语音，只能保留第一条，其余发送的语音对方无法接收,35,32,1
途牛,途牛,10010000006381,10010000006381,message_send.page_view.cannot_or_fail,message_send.page_view.cannot_or_fail,发送消息后，接收者只有在消息提示页面才会看到，后台无法即时提示新消息。,35,32,1
途牛,途牛,10010000003230,10010000003230,playback.audio.other,playback.audio.other,每次接收语音都只能听到第一次接收到的，之后的语音信息都是重复第一次的。,35,33,1
途牛,途牛,10010000003295,10010000003295,other.other.other,other.other.other,缺少统计代码，无端端发出这样的信息，让用户不知如何是好，降低软件的信心,35,32,1
途牛,途牛,10010000006012,10010000006012,login.other.cannot_or_fail,login.other.cannot_or_fail,用第三方账户不能够登录，必须要用手机号码登录，这样很麻烦，导致用户减少,35,32,1
途牛,途牛,10010000004946,10010000004946,private_chat.chat.crash,private_chat.chat.crash,发送的表情足够多了，无法发送，直接闪退，再次发起私聊无法相应到服务器。,35,31,1
途牛,途牛,10010000003957,10010000003957,private_chat.page_view.other,private_chat.page_view.other,我只能从我的主页中关注的人页面进入我所关注的用户主页，然后才能发起私聊,35,34,1
途牛,途牛,10010000006904,10010000006904,message_send.image_banner.other,message_send.image_banner.other,对方发送一个19.67M的图片，接收后实际接收到的大小只有252kb。,35,32,1
途牛,途牛,10010000004234,10010000004234,message_send.page_view.other,message_send.page_view.other,"发送多张图片是,若其中一张设置为发送原图,所有图片都被设置成原图发送。",35,32,1
途牛,途牛,10010000003702,10010000003702,message_send.other.cannot_or_fail,message_send.other.cannot_or_fail,我发送大量表情，但是另外一个人没有收到，大量发送表情还会导致信息收不到,35,33,1
途牛,途牛,10010000003576,10010000003576,private_chat.chat.other,private_chat.chat.other,刚启动应用，选择一个用户B，点击发起私聊，自己发送的历史消息显示在左侧,35,32,1
途牛,途牛,10010000003733,10010000003733,message_send.audio.cannot_send,message_send.audio.cannot_send,网络正常，发送较长语音时不管怎么发都发不出去，后面的短的已经发出去了。,35,32,1
途牛,途牛,10010000004349,10010000004349,gps_track.gps.cannot_or_fail,gps_track.gps.cannot_or_fail,即使对于此APP开启定位功能，依然在使用时无法自动定位，需要手动定位。,35,32,1
途牛,途牛,10010000006733,10010000006733,message_send.image_banner.cannot_or_fail,message_send.image_banner.cannot_or_fail,发送图片时不能对图片进行编辑（写字画图画图片重点，如被编辑后的右图）。,35,31,1
途牛,途牛,10010000004073,10010000004073,private_chat.chat.cannot_or_fail,private_chat.chat.cannot_or_fail,私聊发语音不能只能有且只有一条，是联系人的第一条语音，内容和声音都一样,35,33,1
途牛,途牛,10010000004202,10010000004202,notification.image_banner.cannot_or_fail,notification.image_banner.cannot_or_fail,我先屏蔽对方，对方发一张图片给我，然后解除屏蔽，以后收不到信息，无规律,35,31,0
途牛,途牛,10010000005997,10010000005997,shopping.commerce.other,shopping.commerce.other,表情下可供选择的表情仅有一种，没有表情商城可供用户选择自己喜欢的表情。,35,33,1
途牛,途牛,10010000004814,10010000004814,other.other.other,other.other.other,互动平台内的信息更新，应该将最新出现的信息显示在最上方，提高用户体验。,35,32,1
途牛,途牛,10010000004605,10010000004605,private_chat.input_box.crash,private_chat.input_box.crash,在私聊界面，在输入框，输入无限个表情，发送时，出现崩溃。可以有个限制。,35,29,1
途牛,途牛,10010000005431,10010000005431,login.page_view.other,login.page_view.other,当自己的账号退出，重新登录时，进入私聊界面，之前的历史聊天记录不保存。,35,31,1
途牛,途牛,10010000005730,10010000005730,message_send.input_box.other,message_send.input_box.other,发送表情消息时，点击消息框，会出现表情选择框和文字输入框并排出现！！！,35,30,1
途牛,途牛,10010000005910,10010000005910,message_send.button_icon.other,message_send.button_icon.other,发送语音时，放弃发送，“松开手指发送”的图标会给人造成向左滑动的误解！,35,30,1
途牛,途牛,10010000005066,10010000005066,message_send.list_item.other,message_send.list_item.other,对方更改昵称后，在联系人列表里他的昵称变了，但在聊天列表里昵称未改变。,35,32,1
途牛,途牛,10010000004833,10010000004833,other.other.cannot_or_fail,other.other.cannot_or_fail,用户进行更换自己的头像时，选择后不能进行上传头像，返回后仍和原来一样。,35,32,1
途牛,途牛,10010000005364,10010000005364,playback.audio.wrong_value,playback.audio.wrong_value,对方发来三条的语音全部听起来一样，均是两秒的不完整语音，语音功能有错误,35,33,1
途牛,途牛,10010000005074,10010000005074,register.other.wrong_value,register.other.wrong_value,输入注册码账号密码之后点击注册显示错误，但是却接收短信，创建账号成功！,35,32,1
途牛,途牛,10010000005618,10010000005618,other.other.cannot_or_fail,other.other.cannot_or_fail,不能对关注的人或粉丝修改备注，使得用户不好辨别，不便于用户之间进行交流,35,33,1
途牛,途牛,10010000006131,10010000006131,message_send.list_item.wrong_value,message_send.list_item.wrong_value,退出后，聊天记录会混乱本来是乙方发的消息，却出现在甲方，刷新后恢复正常,35,32,1
途牛,途牛,10010000005750,10010000005750,playback.audio.other,playback.audio.other,出现后面的语音内容都是前面一条语音的内容的情况。即后面的语音都被覆盖。,35,33,1
途牛,途牛,10010000005187,10010000005187,message_send.other.other,message_send.other.other,甲给乙用户发送信息时，乙的途牛应用为后台运行，程序通知栏没有任何提示。,35,32,1
途牛,途牛,10010000005572,10010000005572,message_send.chat.cannot_send,message_send.chat.cannot_send,使用途牛提供的聊天功能进行聊天，发现并不能发送位置消息，不能发送视频。,35,32,1
途牛,途牛,10010000005832,10010000005832,other.page_view.cannot_or_fail,other.page_view.cannot_or_fail,在联系人页面，只能看到已有的好友，而不能添加好友，这对用户来说很不方便,35,32,1
途牛,途牛,10010000005497,10010000005497,message_send.chat.cannot_or_fail,message_send.chat.cannot_or_fail,无法正常收到好友发送的消息，只有打开聊天对话框才会显示好友发送的消息,34,33,1
途牛,途牛,10010000006283,10010000006283,other.other.cannot_or_fail,other.other.cannot_or_fail,自定义添加表情如果重复添加同一张不能检测出来（图为多次添加同一张照片）,35,33,1
途牛,途牛,10010000007021,10010000007021,message_send.chat.other,message_send.chat.other,没有经过陌生用户同意，可以随意和陌生人聊天，容易出现信息泄露等安全问题,35,33,1
途牛,途牛,10010000006231,10010000006231,other.other.freeze,other.other.freeze,用户改名字后发布求结伴信息时的名字不会立即变为修改后的名字，有一定延迟,35,34,1
途牛,途牛,10010000006408,10010000006408,message_send.audio.other,message_send.audio.other,在录制语音过程中，如果出现来电等交叉情况时，未录制完的语音自动发送出去,35,33,1
途牛,途牛,10010000006661,10010000006661,other.chat.other,other.chat.other,对已加关注的好友，进入其个人主页时依然提示加关注，而不是提示已加关注。,35,32,1
途牛,途牛,10010000006635,10010000006635,message_send.chat.no_prompt,message_send.chat.no_prompt,发送语音，没有提示时长，但是有限制时间60秒，会导致用户发送消息不完整,35,32,1
途牛,途牛,10010000007006,10010000007006,other.page_view.cannot_or_fail,other.page_view.cannot_or_fail,在进入对话后，无法查看对方的信息(点击对方用户名不能跳转到对方的页面),35,32,1
途牛,途牛,10010000007206,10010000007206,other.other.cannot_or_fail,other.other.cannot_or_fail,表情太少，也不能收藏，而且某些情况下还不能使用搜狗的表情，复制不过来。,35,31,1
途牛,途牛,10010000000849,10010000000849,other.commerce.other,other.commerce.other,购物车中当儿童数量增多时机票价格下降，当儿童数量减少时机票价格反而上升！,36,34,1
途牛,途牛,10010000001204,10010000001204,other.other.other,other.other.other,当选择经典套餐加入到购物车时，经典套餐应作为一个分类以一组的形式来显示。,36,34,1
途牛,途牛,10010000002747,10010000002747,message_send.list_item.other,message_send.list_item.other,文本聊天，退出后再进入聊天列表。原本我发的文本 应该在右边，变成了左边。,36,31,1
途牛,途牛,10010000004297,10010000004297,private_chat.page_view.no_prompt,private_chat.page_view.no_prompt,私聊中设置删除聊天历史时，没有聊天历史也能删除成功（没有提示无聊天历史）,36,33,1
途牛,途牛,10010000006139,10010000006139,other.other.other,other.other.other,删除自定义表情只能一个个长按删除，如果需要批量删除的话，对用户来说太累了,36,34,1
途牛,途牛,10010000005149,10010000005149,other.image_banner.no_prompt,other.image_banner.no_prompt,图片多次保存未提示已存在，相册无法找到该图片，得到指定路径找，体验麻烦。,36,32,1
途牛,途牛,10010000003317,10010000003317,share.button_icon.cannot_or_fail,share.button_icon.cannot_or_fail,不能使用第三方账号登陆，其中QQ和微博登陆登陆失败，微信按钮点击无反应。,36,33,1
途牛,途牛,10010000003388,10010000003388,message_send.chat.other,message_send.chat.other,点击小表情后，消息编辑框只显示了该小表情对应的替代符，并未显示该小表情。,36,33,1
途牛,途牛,10010000002893,10010000002893,message_send.input_box.other,message_send.input_box.other,发送消息时，在文本输入框中输入“[大笑]”，消息发送后出现[大笑]表情，,36,27,1
途牛,途牛,10010000003112,10010000003112,other.button_icon.other,other.button_icon.other,选择了表情之后点击删除表情按钮，不是删除整个表情而是删除表情的每一个字符,36,35,1
途牛,途牛,10010000002857,10010000002857,other.page_view.other,other.page_view.other,关注取消关注之后，关注的量不自动更新，需要手动更新，或者重新进入这个页面,36,33,1
途牛,途牛,10010000005352,10010000005352,message_send.page_view.no_prompt,message_send.page_view.no_prompt,聊天是时。在软件首页。接受别人发来的信息没有提示。要打开消息界面才会提示,36,33,1
途牛,途牛,10010000003074,10010000003074,register.page_view.other,register.page_view.other,在找回密码时，会有一个邮件找回，可是在注册时并没有邮件绑定等页面，选项。,36,32,1
途牛,途牛,10010000006194,10010000006194,message_send.image_banner.cannot_or_fail,message_send.image_banner.cannot_or_fail,发送的图片不能查看原图，以至于图片的清晰度太低，甚至不能看清图片上的字体,36,34,1
途牛,途牛,10010000004278,10010000004278,other.step.other,other.step.other,使用APP的过程中，在一个小时左右的测试时间内出现过两次不正常退出的情况,36,35,0
途牛,途牛,10010000003931,10010000003931,private_chat.page_view.other,private_chat.page_view.other,私聊界面只有消息可以复制，可以考虑增加聊天界面图片复制功能和消息撤回功能,36,35,1
途牛,途牛,10010000004957,10010000004957,message_send.input_box.freeze,message_send.input_box.freeze,在进行聊天时，点击输入框之后页面跳转有较长延迟，而且出现局部空白的问题。,36,33,1
途牛,途牛,10010000005136,10010000005136,message_send.input_box.other,message_send.input_box.other,"评论他人发送的图文时,弹出输入法时,评论输入框内的文字只能显示下半部分。",36,33,1
途牛,途牛,10010000004538,10010000004538,message_send.chat.cannot_send,message_send.chat.cannot_send,在聊天的对话框中，只能发送语音、文字、表情，不能发送小视频、定位等信息。,36,30,1
途牛,途牛,10010000003776,10010000003776,private_chat.image_banner.other,private_chat.image_banner.other,在用户之间私聊过程中，基本的语音发送，文字交流，表情图片互动均可正常实现,36,33,0
途牛,途牛,10010000005332,10010000005332,other.other.cannot_or_fail,other.other.cannot_or_fail,字体无法更改，对中老年人不够友好，中老年人也是旅游app的一个很大的受众,36,34,1
途牛,途牛,10010000003946,10010000003946,other.other.crash,other.other.crash,"在使用途牛app的时候,会无规律的出现闪退现象,初始化闪退前的各种操作。",36,33,1
途牛,途牛,10010000004677,10010000004677,message_send.page_view.other,message_send.page_view.other,当用户大规模快速点击表情时，有一定的几率会退出当前聊天界面回到联系人列表,36,35,1
途牛,途牛,10010000003894,10010000003894,other.other.other,other.other.other,当你在一元夺宝的时候，当你不选择付款了，返回的时候出现了bug，没有内容,36,33,1
途牛,途牛,10010000005567,10010000005567,other.other.other,other.other.other,添加文字描述或表情等时，非正常退出该APP，重新打开后，之前编辑内容丢失,36,33,1
途牛,途牛,10010000006044,10010000006044,other.chat.cannot_or_fail,other.chat.cannot_or_fail,陌生用户和已相互关注用户混在一起，无法给不同类型好友建立分组，将其区分开,36,34,1
途牛,途牛,10010000004290,10010000004290,notification.image_banner.cannot_or_fail,notification.image_banner.cannot_or_fail,我先屏蔽对方，对方发一张图片给我，然后删除屏蔽，以后收不到信息。无规律。,36,31,1
途牛,途牛,10010000004579,10010000004579,login.button_icon.permission,login.button_icon.permission,qq登录授权失败。微博登录授权失败。微信登录按钮失灵(空白按钮，无功能),36,31,1
途牛,途牛,10010000004695,10010000004695,message_send.chat.other,message_send.chat.other,屏蔽朋友消息之后，对方在发消息给我的状态我可以看到，显示，对方正在输入中,36,33,1
途牛,途牛,10010000004671,10010000004671,search.chat.cannot_or_fail,search.chat.cannot_or_fail,无搜索好友功能，无法通过好友用户名对好友进行添加好友，严重影响用户的体验,36,34,1
途牛,途牛,10010000004683,10010000004683,other.page_view.cannot_or_fail,other.page_view.cannot_or_fail,投诉页面不填东西一直按提交，会一直显示不能为空，退出投诉页面不能为空还在,36,34,1
途牛,途牛,10010000005873,10010000005873,message_send.other.cannot_send,message_send.other.cannot_send,拍照发送有时会出现两种情况，第一是发出去后自己显示空白图，第二是发不出去,36,34,1
途牛,途牛,10010000004660,10010000004660,message_send.audio.other,message_send.audio.other,测试多次，发现语音内容有问题，对方发送多段语音，一直是第一段语音的内容。,36,32,1
途牛,途牛,10010000006543,10010000006543,search.chat.other,search.chat.other,搜索已相互关注的用户A和用户B建立私聊的路径太隐蔽，不易让用户找到！！！,36,32,1
途牛,途牛,10010000005272,10010000005272,other.image_banner.other,other.image_banner.other,打开图片是，图片有时失真，反应慢，保存到手机的部分图片也失真，变得很模糊,36,32,1
途牛,途牛,10010000005852,10010000005852,message_send.audio.other,message_send.audio.other,当连续的语音发送时，接收方会第一条语音还没有听好，第二条就已经开始播放。,36,33,0
途牛,途牛,10010000006148,10010000006148,other.other.cannot_or_fail,other.other.cannot_or_fail,不能给联系人增添备注，不方便，要是有人改过用户名和头像了，就不认识他了。,36,32,1
途牛,途牛,10010000005469,10010000005469,private_chat.chat.other,private_chat.chat.other,语音bug。私聊后，和第一个人聊天发语音后，再接收其他人的语音，会错乱。,36,31,1
途牛,途牛,10010000005803,10010000005803,private_chat.chat.other,private_chat.chat.other,私聊发语音功能，语音的内容智能是第一个人发的第一条语音，内容声音都一样。,36,33,1
途牛,途牛,10010000005825,10010000005825,message_send.list_item.other,message_send.list_item.other,对方用户昵称改了，聊天列表里显示原来的昵称，但联系人列表里昵称是改变后的,36,34,1
途牛,途牛,10010000006532,10010000006532,other.page_view.layout_issue,other.page_view.layout_issue,在我的行程页面，下滑时，页面布局会出现问题，如截图所示，会出现两层页面。,36,31,1
途牛,途牛,10010000006033,10010000006033,private_chat.image_banner.cannot_or_fail,private_chat.image_banner.cannot_or_fail,私聊时，发送图片后，可以删除但无法取消，这对用户体验和性能上都是一种缺陷,36,33,1
途牛,途牛,10010000006603,10010000006603,private_chat.chat.other,private_chat.chat.other,从好友空间点开“私聊”时，显示的窗口不是要私聊的好友，是其他好友的窗口。,36,31,1
途牛,途牛,10010000006503,10010000006503,message_send.chat.cannot_or_fail,message_send.chat.cannot_or_fail,不能视频聊天 没有小视频。,13,11,1
途牛,途牛,10010000006430,10010000006430,private_chat.chat.other,private_chat.chat.other,+私聊所能用到的表情比较单一,14,13,1
途牛,途牛,10010000006614,10010000006614,other.chat.other,other.chat.other,无个人隐私蒜香，没有加好友和能找到我的人进行帅选的功能，导致个人隐私邪路,36,34,1
途牛,途牛,10010000006630,10010000006630,message_send.chat.no_prompt,message_send.chat.no_prompt,聊天发送语音最长只能发送60秒，但却没有任何提示(事先没有提示语音时长),36,33,1
途牛,途牛,10010000006708,10010000006708,login.other.display_missing,login.other.display_missing,退出登录后再次登录时，使用动态验证码登录，提示文字显示密码，不显示验证码,36,33,1
途牛,途牛,10010000006729,10010000006729,login.chat.cannot_or_fail,login.chat.cannot_or_fail,关掉网络且处于离线，别人发的消息自己再链接网络登录应用打开私聊是收不到的,36,35,1
途牛,途牛,10010000007112,10010000007112,message_send.button_icon.other,message_send.button_icon.other,屏蔽某人，那么新消息提示也应该自动设置为否，新消息提示按钮还是可接收状态,36,34,1
途牛,途牛,10010000000881,10010000000881,login.share_panel.cannot_or_fail,login.share_panel.cannot_or_fail,在登录到途牛后，使用分享功能，只能通过微博分享，qq和微信都不能进行分享。,37,33,1
途牛,途牛,10010000001548,10010000001548,other.button_icon.cannot_or_fail,other.button_icon.cannot_or_fail,现象:第三方登陆微信登陆按钮点击无反应,19,18,1
途牛,途牛,10010000003740,10010000003740,login.share_panel.wrong_value,login.share_panel.wrong_value,第三方QQ登录时，永远认证错误，不能正常登录，微博一直在认证，无法正常登录,37,33,1
途牛,途牛,10010000005185,10010000005185,message_send.chat.other,message_send.chat.other,聊天双方的位置反了，本来应该在右边的，跑到左边去了。甚至双方全到一边去了。,37,33,1
途牛,途牛,10010000002611,10010000002611,message_send.image_banner.cannot_or_fail,message_send.image_banner.cannot_or_fail,发送表情，在未发送前，在发送框中显示的为文字，会让用户认为无法正常发送图片,37,34,1
途牛,途牛,10010000005203,10010000005203,other.other.other,other.other.other,对于一些字母、数字、小数点形成的非正常网址，它也会当成一个网址来进行访问。,37,33,1
途牛,途牛,10010000006712,10010000006712,other.button_icon.crash,other.button_icon.crash,在用户那个主界面，点击右上角的信息图标，出现白屏闪退，概率不高，偶尔出现。,37,32,1
途牛,途牛,10010000002732,10010000002732,message_send.page_view.cannot_or_fail,message_send.page_view.cannot_or_fail,右上角聊天界面中，通知和聊天板块不能很好的通过左右滑动屏幕切换。不好操作。,37,34,1
途牛,途牛,10010000002712,10010000002712,register.other.wrong_value,register.other.wrong_value,如果用户注册的时候手机号输入错误，而正在发送的验证码不会停止，除非重新登录,37,35,1
途牛,途牛,10010000003228,10010000003228,message_send.chat.cannot_or_fail,message_send.chat.cannot_or_fail,在与客服交谈时，出现的消息不能及时的出来，从而造成了客服断线，需要重新连接,37,34,1
途牛,途牛,10010000002944,10010000002944,search.list_item.cannot_or_fail,search.list_item.cannot_or_fail,关注它人时没有搜索功能，不能通过用户账号关注。只能查看话题帖子对他人关注。,37,34,1
途牛,途牛,10010000006809,10010000006809,message_send.chat.other,message_send.chat.other,使用虚拟机时，对于接收到的消息，虚拟机没有消息提示,25,23,1
途牛,途牛,10010000003144,10010000003144,message_send.other.crash,message_send.other.crash,当发送的信息太长时，有闪退现象。再次启动时，打开长信息对话框会出现卡顿现象,37,34,1
途牛,途牛,10010000004767,10010000004767,private_chat.page_view.other,private_chat.page_view.other,未互相互相关注和关注后进行私聊时，用户昵称更改后在与好友聊天界面中不会显示,37,36,1
途牛,途牛,10010000003182,10010000003182,other.other.cannot_send,other.other.cannot_send,发表情时，不是直接发出，若是文字中的括号缺失，则表情就不能发出。例如［大笑,37,32,1
途牛,途牛,10010000006576,10010000006576,groupchat.list_item.other,groupchat.list_item.other,进入联系人列表后点击群聊会提示你没有建群聊组，但却没有任何建群的操作提示！,37,35,1
途牛,途牛,10010000003572,10010000003572,message_send.other.cannot_or_fail,message_send.other.cannot_or_fail,第一次发送无网络时显示红色感叹号，重新连接至网络后，点击重送仍然无法发送。,37,34,1
途牛,途牛,10010000003775,10010000003775,private_chat.image_banner.other,private_chat.image_banner.other,与用户进行私聊时，添加、发送本地gift表情，被保存为jpg格式且图片模糊,37,34,1
途牛,途牛,10010000004539,10010000004539,message_send.other.other,message_send.other.other,在发送照片的时候有拍照功能，但是拍完的照片没有直接保存在自己的手机内存里面,37,36,1
途牛,途牛,10010000003603,10010000003603,message_send.input_box.cannot_or_fail,message_send.input_box.cannot_or_fail,在文本框只输入空格或者换行无法发送消息，只有带文字和符号的才可以发送消息！,37,35,1
途牛,途牛,10010000003837,10010000003837,share.button_icon.freeze,share.button_icon.freeze,在分享到QQ时 点击QQ图标 APP页面无响应 不分享 没有提示信息,34,30,1
途牛,途牛,10010000003713,10010000003713,private_chat.page_view.cannot_or_fail,private_chat.page_view.cannot_or_fail,私聊页面过于单调，只能满足单纯的对话功能，用户之间不能进行很多人性化的互动,37,35,1
途牛,途牛,10010000006794,10010000006794,message_send.chat.other,message_send.chat.other,聊天添加表情的时候可以重复添加多次。如图，可以看到底下有好几个同样的表情。,37,34,1
途牛,途牛,10010000005239,10010000005239,message_send.chat.other,message_send.chat.other,收到新的语音内容，听到的却是以前收到过的语音内容（出现在聊天一段时间之后）,37,34,1
途牛,途牛,10010000006235,10010000006235,message_send.audio.freeze,message_send.audio.freeze,发送语音，点击话筒，会卡顿一下再提示可以说话，导致发出的语音前面有一段空白,37,34,1
途牛,途牛,10010000004460,10010000004460,private_chat.page_view.other,private_chat.page_view.other,用户添加联系人，在私聊页面显示的一直是对方关注前的名字。没有及时更新姓名。,37,34,1
途牛,途牛,10010000004379,10010000004379,message_send.chat.cannot_or_fail,message_send.chat.cannot_or_fail,语音无法更新，一直是初始语音，即使换一个好友聊天，收到的语音仍然是初始语音,37,34,1
途牛,途牛,10010000004779,10010000004779,other.other.other,other.other.other,输入过多表情符号，当删除数个时，没有将表情文字代号全部删除就会出现换行情况,37,35,1
途牛,途牛,10010000005830,10010000005830,message_send.page_view.other,message_send.page_view.other,发送图片较多时，聊天页面出现本人和好友聊天位置交换情况，时间较短，没有截图,37,34,1
途牛,途牛,10010000004952,10010000004952,message_send.page_view.cannot_or_fail,message_send.page_view.cannot_or_fail,用户不能查看个人聊天记录，只能从聊天页面进行查看才行，严重影响用户的体验。,37,34,1
途牛,途牛,10010000004812,10010000004812,message_send.audio.wrong_value,message_send.audio.wrong_value,语音长度不实时提示。实际最多可以发送1分钟语音，最后10秒才提示进行提示。,37,34,1
途牛,途牛,10010000006418,10010000006418,notification.other.other,notification.other.other,如果被别人添加关注后，我会受到关注通知提醒，如果被别人取消关注后，没有通知,37,34,1
途牛,途牛,10010000005386,10010000005386,other.page_view.other,other.page_view.other,当滑动图片滑动到末尾时不自动跳转到第一个页面重新滑动。即使用户手动也不行！,37,35,1
途牛,途牛,10010000005031,10010000005031,private_chat.image_banner.other,private_chat.image_banner.other,私聊中，当发送多张图片时，若只选择一张图片原图发送，则其他图片默认原图发送,37,34,1
途牛,途牛,10010000005598,10010000005598,gps_track.list_item.cannot_or_fail,gps_track.list_item.cannot_or_fail,定位失败。 发布帖子时，定位不成功，导致无法发布。而且其他定位也不成功。,36,30,1
途牛,途牛,10010000005595,10010000005595,message_send.button_icon.other,message_send.button_icon.other,查看聊天记录时，只能通过聊天界面进行查看，没有专门的聊天记录按钮选择和界面,37,35,1
途牛,途牛,10010000005911,10010000005911,login.step.load_fail,login.step.load_fail,动态密码登录输入手机号后一直加载时间过长。且并没有正常给手机发送验证信息。,37,35,1
途牛,途牛,10010000006046,10010000006046,private_chat.chat.crash,private_chat.chat.crash,"正常进入应用,点击右上角私聊路径气泡,在客服与信息中进行切换时,应用崩溃.",37,33,1
途牛,途牛,10010000006371,10010000006371,search.other.cannot_or_fail,search.other.cannot_or_fail,搜索当地门票，搜索不到，无法正常搜寻门票，进行购票活动，无法达到预期效果。,37,32,1
途牛,途牛,10010000006346,10010000006346,message_send.page_view.other,message_send.page_view.other,发送手机自带输入法的表情，会发现表情和输入法的有区别。聊天界面的表情有变形,37,35,1
途牛,途牛,10010000007035,10010000007035,message_send.chat.other,message_send.chat.other,在问大家发布信息后，有人点击“我来回答”进行回复后，我没有收到新消息提示。,37,32,1
途牛,途牛,10010000006928,10010000006928,playback.audio.other,playback.audio.other,播放语音，点击语音框播放。只能点击白色喇叭播放，点击语言框的其他区域无效。,37,33,1
途牛,途牛,10010000006916,10010000006916,message_send.chat.cannot_or_fail,message_send.chat.cannot_or_fail,屏蔽了某人，仍然可以发送消息，但是，那个人不能给我发送消息，也没有任何提示,37,33,1
途牛,途牛,10010000000782,10010000000782,search.other.cannot_or_fail,search.other.cannot_or_fail,"以""求结伴""格式进行发帖时，在""想去哪""进行搜索时，会小概率出现网络连接失败",38,32,1
途牛,途牛,10010000000848,10010000000848,other.commerce.other,other.commerce.other,购物车中当成人数量增多时机票价格反而上升，当成人数量减少时机票价格反而下降！,38,36,0
途牛,途牛,10010000001544,10010000001544,shopping.commerce.other,shopping.commerce.other,现象:选择一个商品后直接跳到购物车，要选择别的商品还要重新点击添加，步骤繁琐,38,35,1
途牛,途牛,10010000001547,10010000001547,other.other.cannot_or_fail,other.other.cannot_or_fail,现象:用户第三方登陆无法实现,14,13,1
途牛,途牛,10010000001868,10010000001868,other.step.cannot_or_fail,other.step.cannot_or_fail,"选择时间只能选择今天,有一次按了两次今天后,之后再选择时间,今天也不能选择了",38,35,1
途牛,途牛,10010000002806,10010000002806,message_send.chat.other,message_send.chat.other,语音聊天发送第一条消息成功之后，继续发送的语音消息内容还是第一条语音消息内容,38,37,1
途牛,途牛,10010000003613,10010000003613,search.other.cannot_or_fail,search.other.cannot_or_fail,如果要关注一个已经知道ID的人，不能直接搜索然后关注，应该加入搜索ID功能。,38,35,1
途牛,途牛,10010000003369,10010000003369,other.page_view.layout_issue,other.page_view.layout_issue,页面重叠 而且如果不关闭应用则重叠页面一直重叠 重新加载无效,30,28,1
途牛,途牛,10010000002522,10010000002522,other.page_view.other,other.page_view.other,首页页面滚动不出来，点也点不出来，后面滚动的页面也不出来，以及图片有些不清晰,38,35,1
途牛,途牛,10010000003598,10010000003598,other.button_icon.crash,other.button_icon.crash,"在“我的”界面点击“专属顾问”按钮,会自动切出,手动切回后,点击后退按钮闪退",38,31,1
途牛,途牛,10010000002426,10010000002426,search.page_view.cannot_or_fail,search.page_view.cannot_or_fail,在私聊界面，显示所有的联系人以后，并不能添加用户所想要添加联系人的搜索功能。,38,35,1
途牛,途牛,10010000002536,10010000002536,other.page_view.other,other.page_view.other,点击开始下载，不断闪屏，百分号数字与开始下载之间不断闪现，隔一段时间退出界面,38,35,1
途牛,途牛,10010000002547,10010000002547,login.chat.permission,login.chat.permission,发起私聊需要用户登录，qq登录授权失败。微信点击没有反应。微博点击没有反应。,38,34,1
途牛,途牛,10010000002727,10010000002727,other.other.cannot_or_fail,other.other.cannot_or_fail,输入表情后进行删除表情时，会出现不能直接删除表情，而是一个字符一个字符删除。,38,35,1
途牛,途牛,10010000002529,10010000002529,message_send.audio.wrong_value,message_send.audio.wrong_value,不管对方语音发什么收到的只有一个结果，而且女声变男声，但是发送方那里是正常的,38,36,1
途牛,途牛,10010000006189,10010000006189,share.page_view.other,share.page_view.other,在聊天界面切换到其他应用再切换回来时，有很大概率出现分享提示框(莫名其妙的),38,35,1
途牛,途牛,10010000003393,10010000003393,other.other.cannot_or_fail,other.other.cannot_or_fail,关注人中的用户item，只能点击头像进去该用户的主页，不能点击用户名称进入。,38,35,1
途牛,途牛,10010000004034,10010000004034,message_send.image_banner.cannot_or_fail,message_send.image_banner.cannot_or_fail,屏蔽用户后，发送图片，接收不到图片，但是解除屏蔽之后，发送图片，也收不到图片,38,33,1
途牛,途牛,10010000002804,10010000002804,private_chat.image_banner.cannot_or_fail,private_chat.image_banner.cannot_or_fail,私聊过程中图片没发送成功的情况下，不能重新发送，只能删除或取消，影响用户体验,38,35,1
途牛,途牛,10010000002809,10010000002809,comment.button_icon.other,comment.button_icon.other,在荣耀6x手机中，当评论时会出现评论的字只显示一半，且无发表评论按钮，不友好,38,35,1
途牛,途牛,10010000004191,10010000004191,message_send.page_view.other,message_send.page_view.other,在首页接受到消息后，点进去一直都是跳转到通知页面而不是消息页面，用户体验不好,38,36,1
途牛,途牛,10010000003550,10010000003550,message_send.chat.cannot_or_fail,message_send.chat.cannot_or_fail,收到对方的语音消息每一条内容都与第一条相同。无法正常显示对方发送的语音消息。,38,36,1
途牛,途牛,10010000003371,10010000003371,private_chat.chat.other,private_chat.chat.other,如果对APP不是特别熟悉，用户不易发现私聊的功能，而且用户进入私聊程序太繁琐,38,36,1
途牛,途牛,10010000006868,10010000006868,message_send.other.other,message_send.other.other,相互并未关注的双方，竟然能发送信息,17,16,1
途牛,途牛,10010000005794,10010000005794,message_send.audio.no_prompt,message_send.audio.no_prompt,发送和接受的信息，有时候有提示，有声音，有时候没有提示，没有声音，时有时无。,38,32,1
途牛,途牛,10010000006338,10010000006338,other.input_box.other,other.input_box.other,文本编辑的时候，文本超过一行文本框不会自动增大，以至于覆盖了上面一行的文字。,38,35,1
途牛,途牛,10010000003490,10010000003490,message_send.chat.display_missing,message_send.chat.display_missing,与好友聊天自己的发言开始在右边，程序重新进入后气泡会移动到左边并且不显示姓名,38,37,1
途牛,途牛,10010000003476,10010000003476,share.page_view.cannot_or_fail,share.page_view.cannot_or_fail,截图完毕，等待几秒，弹出分享界面，分享至qq，微信，朋友圈没反应，即不能跳转,38,32,1
途牛,途牛,10010000005168,10010000005168,message_send.button_icon.other,message_send.button_icon.other,"评论他人发的图文时,评论框内输入内容后没有类似于“发送”或者“评论”的按钮。",38,32,1
途牛,途牛,10010000003955,10010000003955,message_send.chat.cannot_or_fail,message_send.chat.cannot_or_fail,从主页进入查看聊天路径时，最近联系人不能直接显示，必须刷新后才可以显示出来。,38,35,1
途牛,途牛,10010000003769,10010000003769,share.page_view.other,share.page_view.other,在私聊页面，接受到对方发来是旅游图片分享，图片很不清晰，影响他人旅游的兴趣度,38,35,1
途牛,途牛,10010000004915,10010000004915,other.image_banner.cannot_or_fail,other.image_banner.cannot_or_fail,用户头像选择本地图片不能修改，选择照相时可以修改，之后，本地图片也可以修改了,38,35,1
途牛,途牛,10010000006237,10010000006237,message_send.audio.other,message_send.audio.other,发送多条语音，但是后面的语音都是第一条语音的的重复，哟偶是时前几条语音的叠加,38,36,1
途牛,途牛,10010000004407,10010000004407,notification.audio.other,notification.audio.other,语音输入时收入音量提醒标志无变化，导致用户不确定是否正确录取或者音量是否足够,38,37,1
途牛,途牛,10010000005108,10010000005108,register.other.other,register.other.other,没有注册个人详细信息的用户均可以体验所有功能，会导致大量虚假信息的出现与传播,38,37,1
途牛,途牛,10010000004777,10010000004777,message_send.chat.cannot_or_fail,message_send.chat.cannot_or_fail,消息提醒关闭后，推送消息应正常发送。关闭消息提醒时不能将声音和振动同时关闭。,38,35,1
途牛,途牛,10010000005622,10010000005622,message_send.list_item.other,message_send.list_item.other,没有接收到好友发来的消息，好友截图发给我(注:因为bug他的消息记录也没了),38,34,1
途牛,途牛,10010000004673,10010000004673,private_chat.chat.no_prompt,private_chat.chat.no_prompt,收到好友消息，没有提示，必须点开好友头像，发起私聊，才能看到好友发给我的消息,38,34,1
途牛,途牛,10010000004776,10010000004776,message_send.page_view.cannot_or_fail,message_send.page_view.cannot_or_fail,临时与陌生人聊天界面，不能通过点击聊天对象头像进入其主页，从而不能加为好友。,38,35,1
途牛,途牛,10010000004925,10010000004925,share.share_panel.cannot_share,share.share_panel.cannot_share,在分享我的问题到微博时，出现无法分享的问题。报错“文件不存在（C8998）”,38,32,1
途牛,途牛,10010000004992,10010000004992,private_chat.chat.other,private_chat.chat.other,进去私聊路径之后，点击聊天，只要是曾经聊天过的都会显示，不会区分陌生人和好友,38,35,1
途牛,途牛,10010000005030,10010000005030,other.other.other,other.other.other,在发现里关注某个用户后，在右上角的联系人里看不到已关注的用户，只有最近联系人,38,36,1
途牛,途牛,10010000005925,10010000005925,private_chat.page_view.other,private_chat.page_view.other,在首页进入私聊，再联系人中选择一名进入他的主页，发起私聊，他的用户名没有更新,38,35,1
途牛,途牛,10010000004746,10010000004746,private_chat.chat.other,private_chat.chat.other,在私聊右上角点进去以后选择投诉，途牛标志了最多100字，然而只能输入91个字,38,36,1
途牛,途牛,10010000005545,10010000005545,private_chat.chat.other,private_chat.chat.other,感觉是否关注某个人对其影响不大，应该关注某个人后更方便与其私聊，私聊途径增加,38,36,1
途牛,途牛,10010000005283,10010000005283,message_send.chat.other,message_send.chat.other,被屏蔽的用户没有被提示，仍可发送消息。若是误屏蔽的情况，则容易影响双方通信。,38,34,1
途牛,途牛,10010000004901,10010000004901,message_send.chat.cannot_or_fail,message_send.chat.cannot_or_fail,听语音消息的时候不能暂停 如果消息很长 ，因为特殊情况没有听完 需要重新再听,38,34,1
途牛,途牛,10010000006123,10010000006123,sort.chat.other,sort.chat.other,"联系人好友没有分组功能，或者按用户名手写字母排序，用A,B,C,D分隔开来。",38,32,1
途牛,途牛,10010000005385,10010000005385,share.page_view.other,share.page_view.other,在私聊页面，点击对方分享的旅游图片，发现很不清晰，但对方的拍的图片是清晰的。,38,34,1
途牛,途牛,10010000005241,10010000005241,private_chat.chat.other,private_chat.chat.other,在私聊右上角点进去之后选择投诉，途牛提示可以输入100字，然而只能输入91字,38,36,1
途牛,途牛,10010000006000,10010000006000,private_chat.page_view.other,private_chat.page_view.other,点击好友头像进入私聊界面，但显示的聊天对象与昵称不符，一闪而过后显示正常昵称,38,36,1
途牛,途牛,10010000006086,10010000006086,message_send.page_view.other,message_send.page_view.other,手机的消息提示窗口出现本APP的消息提示时，点击到大不了对应的消息处理页面。,38,36,1
途牛,途牛,10010000007066,10010000007066,other.other.other,other.other.other,每次必须点击用户的头像才可以进入主页，用户体验不好，点击区域范围可以再大一些,38,36,1
途牛,途牛,10010000006895,10010000006895,other.page_view.cannot_or_fail,other.page_view.cannot_or_fail,投诉界面里，用户只能输入文字，不能上传图片等,22,20,1
途牛,途牛,10010000006047,10010000006047,private_chat.page_view.other,private_chat.page_view.other,在私聊界面，想刷新消息，刷新屏幕只能刷新一次，用户一般都较喜欢没事就刷新屏幕,38,35,1
途牛,途牛,10010000006089,10010000006089,message_send.list_item.other,message_send.list_item.other,当没有和别人聊天时，删除聊天记录，也会提示删除成功，应该提示。当前无聊天记录,38,34,1
途牛,途牛,10010000006224,10010000006224,gps_track.page_view.other,gps_track.page_view.other,界面信息缺陷。个人信息页面顶部无页面名，对用户而言缺乏明确的页面定位的概念。,38,35,1
途牛,途牛,10010000007095,10010000007095,message_send.image_banner.cannot_or_fail,message_send.image_banner.cannot_or_fail,用户发送图片时，最多只能9张，数量过少，而且不能一次选中多张图片，效率低下。,38,33,1
途牛,途牛,10010000006317,10010000006317,other.other.cannot_or_fail,other.other.cannot_or_fail,输入表情后进行删除表情时，会出现不能直接删除表情，而是一个字符一个字符删除。,38,35,1
途牛,途牛,10010000006925,10010000006925,message_send.chat.other,message_send.chat.other,不是好友也能聊天，应该申请加为好友再进行聊天。或者咨询对方是否同意再进行聊天,38,36,1
途牛,途牛,10010000006905,10010000006905,private_chat.chat.other,private_chat.chat.other,私聊的对方发送语音“逗比逗比”，接收方这边接收的语音变成其他的语音“神经病”,38,33,1
途牛,途牛,10010000006963,10010000006963,other.other.other,other.other.other,跳转和加载信息的速度非常慢。在发现动态里面的点击其他用户图像的跳转情况类似。,38,36,1
途牛,途牛,10010000004201,10010000004201,message_send.list_item.no_prompt,message_send.list_item.no_prompt,当用户下拉聊天框的时候没有正在刷新聊天记录的提示，刷新完毕之后没有提示已刷新！,39,37,1
途牛,途牛,10010000003690,10010000003690,message_send.image_banner.other,message_send.image_banner.other,在弱网络环境下，聊天图片加载过于缓慢，影响用户体检，应在图片加载等方面做优化。,39,35,1
途牛,途牛,10010000006017,10010000006017,other.other.crash,other.other.crash,应用在华为Y511机型，android4.2版本下出现APK Crash问题。,39,35,1
途牛,途牛,10010000003235,10010000003235,share.button_icon.other,share.button_icon.other,这个页面没有分享按钮，但用系统的截图工具截图后总是会出现这个方框（截图后必现）,39,36,1
途牛,途牛,10010000006191,10010000006191,other.button_icon.other,other.button_icon.other,点击游记收藏 显示收藏成功但是图标没有任何变化，而且我的收藏页面也没有新添收藏,39,37,1
途牛,途牛,10010000005981,10010000005981,message_send.image_banner.other,message_send.image_banner.other,一个是直接发送图片，另一个是把相册图片添加到表情在发送，表情中的图片严重失真。,39,36,1
途牛,途牛,10010000002464,10010000002464,private_chat.image_banner.cannot_or_fail,private_chat.image_banner.cannot_or_fail,长按私聊图片，点击删除和取消选项。删除作用可运作，取消不能作用，没有任何反应。,39,34,1
途牛,途牛,10010000002488,10010000002488,private_chat.chat.cannot_or_fail,private_chat.chat.cannot_or_fail,在私聊的时候，无法判定对方是否在线，应该在用户昵称旁加个标注，或者用颜色来区分,39,36,1
途牛,途牛,10010000002755,10010000002755,message_send.page_view.freeze,message_send.page_view.freeze,"重启途牛,再次进入刚才发送大量表情的页面时,系统卡死,异常退出。",32,28,1
途牛,途牛,10010000003081,10010000003081,other.other.other,other.other.other,在拍照时，如果选择了小清新模式，在下次启动拍照功能时，默认模式仍是小清新模式。,39,35,1
途牛,途牛,10010000006099,10010000006099,message_send.chat.other,message_send.chat.other,把对方屏蔽之后对方好友在输入之后依然在聊天窗口中还是可以看到对方“正在输入中”,39,37,1
途牛,途牛,10010000003958,10010000003958,other.button_icon.layout_issue,other.button_icon.layout_issue,"当昵称比较长时，""我的""页面中，昵称右侧的编辑信息按钮会被专属顾问按钮遮挡住。",39,34,1
途牛,途牛,10010000002733,10010000002733,other.page_view.other,other.page_view.other,陌生人及已经关注的人的信息显示在一个界面，路径上没有区别。不利于用户区分及体验,39,37,1
途牛,途牛,10010000002965,10010000002965,message_send.image_banner.cannot_or_fail,message_send.image_banner.cannot_or_fail,聊天过程中，收藏图片时，点击“+”，选择管理，出现图片和文件管理，点击无反应。,39,30,1
途牛,途牛,10010000004016,10010000004016,message_send.button_icon.other,message_send.button_icon.other,消息提示音不及时，收到消息后没有立即提醒，点击右上角图标进去界面后才出现提示音,39,37,1
途牛,途牛,10010000007194,10010000007194,notification.other.cannot_or_fail,notification.other.cannot_or_fail,当对方被我投诉后，无法知道任何被投诉信息，请添加投诉提醒功能，提醒对方被投诉！,39,35,1
途牛,途牛,10010000006092,10010000006092,message_send.page_view.cannot_or_fail,message_send.page_view.cannot_or_fail,拍照，点击确定时，页面刷新，跳转到非个人主页，不能按常规发送手机拍照后的图片。,39,34,1
途牛,途牛,10010000004285,10010000004285,search.chat.cannot_or_fail,search.chat.cannot_or_fail,不能够准确搜索昵称，想加好友，哪怕面对面两个人，也要发结伴才能够互相发现并关注,39,36,1
途牛,途牛,10010000005350,10010000005350,message_send.image_banner.other,message_send.image_banner.other,用户发送图片时，可以增加发送原图的功能，从而增加图片的清晰度、真实度和美观度。,39,35,1
途牛,途牛,10010000005775,10010000005775,other.page_view.other,other.page_view.other,投诉该用户:提交投诉之后，页面显示提交成功，但之后投诉进度再无任何更新和提示。,39,35,1
途牛,途牛,10010000004244,10010000004244,private_chat.page_view.other,private_chat.page_view.other,每一次访问关注的人的主页的时候，就需要加载很久，每一次都要加载，私聊界面也是。,39,35,1
途牛,途牛,10010000003698,10010000003698,search.chat.other,search.chat.other,如果需要加好友，必须先关注同一个人才能互相关注，可以考虑增加直接搜索加好友功能,39,37,1
途牛,途牛,10010000004351,10010000004351,gps_track.page_view.cannot_or_fail,gps_track.page_view.cannot_or_fail,在页面开始的定位系统中，无法定位，一开始的定位就是上海，但是真正的位置是在昆明,39,36,1
途牛,途牛,10010000003927,10010000003927,message_send.page_view.other,message_send.page_view.other,设置屏蔽消息，在屏蔽期间的内容应该不会保存，但是一旦解除屏蔽，消息依然会到达。,39,35,1
途牛,途牛,10010000005489,10010000005489,other.other.cannot_or_fail,other.other.cannot_or_fail,点击更改头像，截取之后，点击确认，显示截图无法保存，头像更改失败，还是原始头像,39,34,1
途牛,途牛,10010000005263,10010000005263,private_chat.chat.crash,private_chat.chat.crash,收到陌生用户或已互相关用户的私聊语音时，不能正确播放，且在语音较短时会出现闪退,39,37,1
途牛,途牛,10010000005920,10010000005920,private_chat.page_view.other,private_chat.page_view.other,在私聊页面输入表情，在最后加上[]发送，会将原本表情的最后一个重复多发送一次。,39,34,1
途牛,途牛,10010000005212,10010000005212,private_chat.list_item.other,private_chat.list_item.other,只有发帖或留言等的活跃用户才能被陌生用户以浏览帖子或留言的方式发现，并发起私聊,39,38,1
途牛,途牛,10010000004566,10010000004566,other.list_item.other,other.list_item.other,选择图片相册列表并没有全屏显示,15,15,1
途牛,途牛,10010000006020,10010000006020,login.other.cannot_or_fail,login.other.cannot_or_fail,一个账号可以多设备登录，其他账号回复该账号信息时，不能在多台设备同时接收信息。,39,36,1
途牛,途牛,10010000005370,10010000005370,other.other.other,other.other.other,联系人里没有分组，不知道哪些是互相关注的，哪些是未关注的粉丝，哪些是已关注的。,39,35,1
途牛,途牛,10010000004723,10010000004723,message_send.other.freeze,message_send.other.freeze,"当点击之前因发送大量表情而异常退出的对话时, 系统仍然异常,卡死,然后异常退出",39,35,1
途牛,途牛,10010000005503,10010000005503,other.input_box.other,other.input_box.other,当点击一些键盘按钮的时候，出现卡壳，不流畅现象，有的甚至点好几下才能达到效果。,39,35,1
途牛,途牛,10010000006083,10010000006083,message_send.audio.other,message_send.audio.other,语音提示最高只能发送60秒，但是本机型只能发送59秒，而别的手机显示是60秒。,39,36,1
途牛,途牛,10010000005261,10010000005261,message_send.chat.other,message_send.chat.other,好友发送的语音全听不见或者语音的声音都是第一个语音的声音。已经确保声音能听见。,39,37,1
途牛,途牛,10010000005266,10010000005266,message_send.button_icon.other,message_send.button_icon.other,在发送表情问好，选择好一个表情以后按删除图标，只能删除一个字符，而不是一个表情,39,36,1
途牛,途牛,10010000005570,10010000005570,message_send.chat.other,message_send.chat.other,文字聊天没有限制内容长度，超长内容都可以发送，腾讯都限制长度了，途牛更应该限制,39,36,1
途牛,途牛,10010000005412,10010000005412,message_send.chat.cannot_send,message_send.chat.cannot_send,被投诉的账号只能接受不能发送消息，而实际上权限弄反了，成为只能发送不能接受信息,39,37,1
途牛,途牛,10010000005627,10010000005627,register.other.other,register.other.other,用户在注册后，头像默认都是黑灰色的，比较难看，且没有区分度，建议改进默认头像。,39,34,1
途牛,途牛,10010000005857,10010000005857,private_chat.input_box.other,private_chat.input_box.other,与好友进行私聊的时候，如果在消息输入框中输入多行消息时候。前面的消息会不可见。,39,36,1
途牛,途牛,10010000006693,10010000006693,other.button_icon.other,other.button_icon.other,发布结伴信息输入想去的目的地时，如果想取消，点击返回键返回不了，只有点击取消。,39,35,1
途牛,途牛,10010000006386,10010000006386,other.other.other,other.other.other,选择表情时，“自定义表情”的栏目高度和“系统表情”栏目高度不同，用户体验不好。,39,32,1
途牛,途牛,10010000006328,10010000006328,message_send.gps.cannot_send,message_send.gps.cannot_send,在对话框中只能给对方发送语音文字照片，不能发送类似于小视频定位以及其他的信息。,39,37,1
途牛,途牛,10010000006382,10010000006382,other.other.other,other.other.other,在拍照时，如果选择了小清新模式，在下次启动拍照功能时，默认模式仍是小清新模式。,39,35,1
途牛,途牛,10010000006682,10010000006682,message_send.chat.other,message_send.chat.other,把对方屏蔽之后对方好友在输入之后依然在聊天窗口中还是可以看到对方“正在输入中”,39,37,1
途牛,途牛,10010000006676,10010000006676,other.page_view.other,other.page_view.other,在求结伴功能下选择发起的结伴信息时，选择关联路线，选择路线页面刷不出相关信息。,39,36,1
途牛,途牛,10010000006952,10010000006952,notification.other.cannot_or_fail,notification.other.cannot_or_fail,在首次，系统提醒位置获取时，选择拒绝，之后再次进入，不能获取位置信息，影响体验,39,34,1
途牛,途牛,10010000006892,10010000006892,message_send.list_item.wrong_value,message_send.list_item.wrong_value,当你聊天时点进聊天进去突然发现自己的聊天记录出现在最左边，误以为是别人回消息了,39,38,1
途牛,途牛,10010000002225,10010000002225,settings.slider.crash,settings.slider.crash,如第四张图，当把价格范围拖动到“600~不限”时，发生闪退，闪退回第二张图的界面,40,34,1
途牛,途牛,10010000001963,10010000001963,other.page_view.other,other.page_view.other,当订了一个酒店，资源过期时，点击更换酒店时，显示如下页面，应当提示用户资源过期。,40,35,1
途牛,途牛,10010000001907,10010000001907,shopping.commerce.other,shopping.commerce.other,选择好机票后推荐保险，勾选之后取消机票订单，保险订单仍然存在，仍然有可能被购买到,40,37,1
途牛,途牛,10010000002206,10010000002206,login.share_panel.other,login.share_panel.other,点击微博分享，首先弹出的不是登录账号，而是分享内容，编辑好分享内容才显示登录账号,40,37,1
途牛,途牛,10010000004188,10010000004188,other.button_icon.other,other.button_icon.other,"首页点击“我身边”按钮,再点击右上方地图,默认出现的是北京市地图,而不是当前位置",40,35,1
途牛,途牛,10010000007202,10010000007202,other.other.other,other.other.other,可以随便关注自己粉丝关注的对象，没有确认环节，随便被陌生人关注，让用户体验不舒服,40,37,1
途牛,途牛,10010000002954,10010000002954,login.other.other,login.other.other,（不知道是不是bug）途牛可以允许手机端和安卓模拟器端两个终端同时登录同一账号。,40,37,1
途牛,途牛,10010000002563,10010000002563,private_chat.chat.cannot_or_fail,private_chat.chat.cannot_or_fail,进行私聊时，发送表情里的表情个数有限，没有会动的表情，同时不能下载用户想要的表情,40,37,1
途牛,途牛,10010000002920,10010000002920,message_send.chat.wrong_value,message_send.chat.wrong_value,投诉的时候，只能输入信息，没有提示投诉的原因。投诉体交后，反馈给用户的消息不明确,40,36,1
途牛,途牛,10010000003570,10010000003570,message_send.page_view.other,message_send.page_view.other,退出聊天界面时可以通过左滑屏幕实现，但左滑屏幕后一两秒才会退出，而且偶尔会卡住。,40,37,1
途牛,途牛,10010000004478,10010000004478,message_send.page_view.other,message_send.page_view.other,打开聊天里的照相功能，按home键回到手机界面，然后点击回到运用，不会回到照相机,40,37,1
途牛,途牛,10010000003042,10010000003042,groupchat.page_view.cannot_or_fail,groupchat.page_view.cannot_or_fail,进入群聊界面后，提示还没有群组，无法进行聊天，但是没有如何进行建群组聊天的提示。,40,36,1
途牛,途牛,10010000004329,10010000004329,private_chat.page_view.load_fail,private_chat.page_view.load_fail,在私聊界面点击拍照发送，拍照确认后，在图片预览界面有一定概率无法加载刚拍摄的照片,40,38,1
途牛,途牛,10010000003660,10010000003660,other.other.other,other.other.other,"[微笑]""所对应的表情并不是表示微笑，反而是类似于发呆的表情，文字和表情不匹配",39,34,1
途牛,途牛,10010000003592,10010000003592,other.other.other,other.other.other,[文字，后接表情的时候，表情多了就自动换行了，在文字后面留下空白。,33,28,1
途牛,途牛,10010000005845,10010000005845,other.input_box.wrong_value,other.input_box.wrong_value,发起结伴里 点击想去哪 点击输入框后 手机返回键失效 只能点击输入框后方的取消,39,35,1
途牛,途牛,10010000003399,10010000003399,other.page_view.load_fail,other.page_view.load_fail,进入界面的速度太慢了，从一个页面调转到另一个页面的时候，很慢，很卡。会白屏一会。,40,35,1
途牛,途牛,10010000004399,10010000004399,message_send.chat.other,message_send.chat.other,在消息里的互动动态里面，点击查看好友，标题写着TA的关注，实际显示的是自己的关注,40,37,1
途牛,途牛,10010000005390,10010000005390,message_send.page_view.other,message_send.page_view.other,在首页接受到消息后，右上角的消息框不会有提示，点进去之后手机才会震动有消息提醒。,40,37,1
途牛,途牛,10010000004317,10010000004317,message_send.list_item.wrong_value,message_send.list_item.wrong_value,"在聊天中对自己发出去的消息进行删除,只是对自己本地聊天记录的删除，并不是撤回消息",40,38,1
途牛,途牛,10010000003126,10010000003126,private_chat.page_view.other,private_chat.page_view.other,进入私聊再进入聊天 在线客户，在聊天界面，左侧出现一个大半圆，不知道那是什么？,39,34,1
途牛,途牛,10010000005090,10010000005090,private_chat.chat.other,private_chat.chat.other,当用户之间私聊时，有时双方都不会收到提醒。就是说，不会震动或者发出提示音之类的。,40,36,1
途牛,途牛,10010000004348,10010000004348,private_chat.list_item.wrong_value,private_chat.list_item.wrong_value,有时打开私聊时 之前用户本人的聊天记录在左侧(本来应该是对方的聊天信息在的一侧),40,37,1
途牛,途牛,10010000004597,10010000004597,private_chat.chat.wrong_value,private_chat.chat.wrong_value,与陌生人私聊时，对方明明已经发送语音消息，我方却不能接收到。其他类型消息均正常。,40,36,1
途牛,途牛,10010000004584,10010000004584,notification.other.cannot_or_fail,notification.other.cannot_or_fail,信息提醒系统在后台情况下无法运行，同时信息接收会有延时。,28,26,1
途牛,途牛,10010000004004,10010000004004,other.other.other,other.other.other,app内容待完善，在的产品咨询里面，没有内容。,23,20,1
途牛,途牛,10010000004831,10010000004831,other.page_view.other,other.page_view.other,在互动动态界面，点击好友信息查看TA的关注联系人，但显示出来的是我的关注联系人。,40,37,1
途牛,途牛,10010000005260,10010000005260,private_chat.chat.freeze,private_chat.chat.freeze,经常性的在关注里或者粉丝里或者最近联系人中选择好友发起私聊，聊天窗口死机。如截图,40,38,1
途牛,途牛,10010000005843,10010000005843,message_send.chat.other,message_send.chat.other,发送语音时，如果接下来与其他人聊天则一直出现原来的第一个人发的第一条语音的内容。,40,38,1
途牛,途牛,10010000004624,10010000004624,private_chat.chat.cannot_or_fail,private_chat.chat.cannot_or_fail,只能私聊相互关注的人，没有相互关注就不可以聊天，必须要是星级用户才能聊天，伤心！,40,36,1
途牛,途牛,10010000005013,10010000005013,other.page_view.other,other.page_view.other,"旅游模块的“出境游”和“旅游”这个大模块呈纵向排列,给用户感觉不够严格,且易点错",40,34,1
途牛,途牛,10010000004761,10010000004761,message_send.image_banner.other,message_send.image_banner.other,如果发送方用本地图片添加到表情中，发送，接收方收到后，若放大图片会发现图片模糊。,40,36,0
途牛,途牛,10010000004784,10010000004784,other.button_icon.other,other.button_icon.other,在输入表情页面中，选好一个表情之后按删除按钮，居然只能删除一个字符而不是一个表情,40,38,1
途牛,途牛,10010000004920,10010000004920,other.list_item.other,other.list_item.other,选择图片相册列表并没有全屏显示。如果设计为非全屏显示则显示边界不明显，影响体验。,40,37,1
途牛,途牛,10010000004989,10010000004989,playback.audio.other,playback.audio.other,当别人发给你语音时，无论发的是什么语音，用户听到的都是第一个人给你发的第一条语音,40,38,1
途牛,途牛,10010000004998,10010000004998,search.chat.cannot_or_fail,search.chat.cannot_or_fail,没有相互关注的好友时，无法通过搜索功能关注指定好友，流程走不通，无法执行后续测试,40,37,1
途牛,途牛,10010000005349,10010000005349,other.image_banner.cannot_or_fail,other.image_banner.cannot_or_fail,图片加载不出，不能完全加载手机相册中的图片，但是通过点击预览可以查看未加载的图片,40,38,1
途牛,途牛,10010000005450,10010000005450,search.page_view.cannot_or_fail,search.page_view.cannot_or_fail,发起结伴功能中，选择位置界面，搜索关键字，不能准确匹配，甚至出现完全不匹配结果。,40,35,1
途牛,途牛,10010000005893,10010000005893,settings.page_view.other,settings.page_view.other,没有设置个人隐私功能，没有对能加我好友和能找到我的人进行筛选，导致个人隐私被泄露,40,38,1
途牛,途牛,10010000006015,10010000006015,private_chat.page_view.other,private_chat.page_view.other,第一次使用的用户很难找到通过私聊功能，私聊功能不直接在界面上显示，还要点击头像。,40,37,1
途牛,途牛,10010000005976,10010000005976,other.button_icon.other,other.button_icon.other,"点击“已关注”准备取消关注时,弹出的确认对话框有一半不在屏幕内,看不到取消按钮。",40,35,1
途牛,途牛,10010000006005,10010000006005,search.page_view.other,search.page_view.other,在发图文模块中，点击当前地点，进入搜索地点界面，点击当前位置，就会不正常的退出。,40,35,1
途牛,途牛,10010000006007,10010000006007,message_send.page_view.other,message_send.page_view.other,在文字发送界面，在旁边的＋号，可以再设置一个发送的按键，这样更符合用户的使用习惯,40,36,1
途牛,途牛,10010000006513,10010000006513,search.other.cannot_or_fail,search.other.cannot_or_fail,火车票定购，无法搜索到，火车票，高速，普通，都无法搜索，无法进行网上搜索和购票。,40,33,1
途牛,途牛,10010000006431,10010000006431,private_chat.chat.crash,private_chat.chat.crash,收到陌生用户或已互相关注用户的私聊语音时，不能正确播放，且在语音较短时会出现闪退,40,38,1
途牛,途牛,10010000006566,10010000006566,private_chat.image_banner.cannot_or_fail,private_chat.image_banner.cannot_or_fail,私聊的自定义表情中添加图片，图片的像素严重降低，发送给他人，存在他人收不到情况。,40,36,1
途牛,途牛,10010000007037,10010000007037,message_send.button_icon.other,message_send.button_icon.other,界面排版不合适，右上角发起聊天入口，按钮太小，按不准，一直点到旁边，建议重新排版,40,35,1
途牛,途牛,10010000000762,10010000000762,other.page_view.cannot_or_fail,other.page_view.cannot_or_fail,个人信息编辑页面，在对姓名和昵称进行修改时，修改成要求的格式不能够保存。（句号.）,41,35,1
途牛,途牛,10010000001022,10010000001022,search.page_view.other,search.page_view.other,在发现模块里，使用搜索功能，在下面的换一批功能里，只有来回2种情况。用户体验较差。,41,36,1
途牛,途牛,10010000001529,10010000001529,other.other.other,other.other.other,现象:不同机型不同分辨率出现不同背景色,19,18,1
途牛,途牛,10010000003448,10010000003448,search.other.wrong_value,search.other.wrong_value,关键词搜索不精确，例如潍坊高密能搜到酒店，只搜高密无结果，综上搜索不是进行模糊搜索,41,38,1
途牛,途牛,10010000003669,10010000003669,private_chat.button_icon.other,private_chat.button_icon.other,可能机型问题，但测试机在私聊设置里禁用新消息提醒后，首页的消息按钮并不会有红点提示,41,39,1
途牛,途牛,10010000006320,10010000006320,private_chat.chat.other,private_chat.chat.other,"在私聊中,输入完内容后,按""enter""键不是发送,而是换行,给用户操作上的不适感",41,35,1
途牛,途牛,10010000002528,10010000002528,private_chat.chat.other,private_chat.chat.other,点击进入私聊,6,6,1
途牛,途牛,10010000003778,10010000003778,other.page_view.other,other.page_view.other,用户进入“投诉该用户”界面，输入文本无当前输入字数提示，仅仅显示最多输入100字。,41,36,1
途牛,途牛,10010000004971,10010000004971,other.other.other,other.other.other,"在签到完成任务过程中,",11,10,1
途牛,途牛,10010000005020,10010000005020,other.step.other,other.step.other,一刷新则性别就会变一下，虽然每次时间长短不一样，但是每次都出现，还是影响用户体验。,41,37,1
途牛,途牛,10010000002824,10010000002824,other.other.other,other.other.other,在“发现”栏目下，查看用户的动态详情，点击屏幕中央的用户头像，应用停止运行后退出。,41,35,1
途牛,途牛,10010000003678,10010000003678,message_send.other.crash,message_send.other.crash,发送了大批量的表情之后，会出现崩溃，而且此后无法跟此用户进行通信。并且一进去就卡屏,41,38,1
途牛,途牛,10010000005551,10010000005551,other.other.cannot_or_fail,other.other.cannot_or_fail,按住不放，进出表情编辑时，不能批量处理,19,17,1
途牛,途牛,10010000006147,10010000006147,other.chat.other,other.chat.other,和陌生好友关注后,8,8,1
途牛,途牛,10010000003032,10010000003032,playback.audio.other,playback.audio.other,当第一个用户给自己发语音后，后面的人发给自己语音时出现的语音都是第一个用户发的语音,41,40,0
途牛,途牛,10010000003017,10010000003017,gps_track.gps.other,gps_track.gps.other,期望结果：显示定位结果（用户所在地点）,19,16,1
途牛,途牛,10010000004354,10010000004354,other.list_item.other,other.list_item.other,收藏的表情增加时本地相册同时会增加图片，删除本地图片时收藏的表情也会在列表里消失。,41,39,0
途牛,途牛,10010000003593,10010000003593,other.button_icon.cannot_or_fail,other.button_icon.cannot_or_fail,用户想要添加指定的好友时，没有对应的功能图标，让用户添加好友，无法直接关注指定好友,41,38,1
途牛,途牛,10010000003485,10010000003485,playback.chat.other,playback.chat.other,所有的语音都是第一条的内容，会覆盖掉后面所有的语音，不论是同一个好友，还是不同好友,41,38,0
途牛,途牛,10010000004138,10010000004138,message_send.button_icon.other,message_send.button_icon.other,选择表情后点击删除按钮一次，未完整删除一个表情，点击发送后该表情未删除部分显示文字,41,39,1
途牛,途牛,10010000004524,10010000004524,message_send.input_box.cannot_or_fail,message_send.input_box.cannot_or_fail,在聊天文本框内输入空格或者回车无法发送消息！必须输入文字、符号、或者表情才可发送！,41,37,1
途牛,途牛,10010000004600,10010000004600,message_send.image_banner.other,message_send.image_banner.other,发送图片过后，长按图片后，只有删除和取消选项。,23,20,1
途牛,途牛,10010000004210,10010000004210,private_chat.page_view.other,private_chat.page_view.other,在私聊的设置中屏蔽某人的消息后，退出私聊，刷新自己的消息，查看还是有屏蔽的人的消息,41,38,1
途牛,途牛,10010000004207,10010000004207,message_send.chat.other,message_send.chat.other,有两个好友发送语音，两条语音消息出现交错 A好友发送的语音听到的B好友发送的语音。,41,38,1
途牛,途牛,10010000005165,10010000005165,private_chat.page_view.other,private_chat.page_view.other,在私聊界面，当给对方发送gif图时，不支持gif图，发过去，是静态的图。而且模糊。,41,35,1
途牛,途牛,10010000004515,10010000004515,message_send.chat.other,message_send.chat.other,不管好友发送多少语音消息 接受到的都是同一条 都是第一条接受到的语音消息 不会更改,41,38,1
途牛,途牛,10010000004979,10010000004979,private_chat.chat.other,private_chat.chat.other,接受一个陌生人比如说甲的私聊语音后，其他所有陌生人私聊发语音的内容都是这条语音消息,41,40,1
途牛,途牛,10010000006753,10010000006753,search.gps.other,search.gps.other,有定位的功能，但是缺少搜索附近的人的功能，有待开发，方面爱旅游的人在身边交到朋友。,41,37,1
途牛,途牛,10010000006490,10010000006490,other.button_icon.other,other.button_icon.other,点击我的。再点击右上角图标。再点击联系人。随便选择一个联系人。有时会出现黑屏情况。,41,36,1
途牛,途牛,10010000006384,10010000006384,other.other.other,other.other.other,在广场中查看动态。找到人，点击用户头像时。直接黑屏。连续出现了两次之后才有所好转。,41,36,1
途牛,途牛,10010000006325,10010000006325,private_chat.list_item.cannot_or_fail,private_chat.list_item.cannot_or_fail,互关用户私聊时，对方发送敏感信息，删除聊天历史，用户人就在聊天列表，无法彻底删除。,41,36,1
途牛,途牛,10010000006885,10010000006885,message_send.chat.cannot_or_fail,message_send.chat.cannot_or_fail,某人屏蔽我，我仍可以接受到他的消息。我发送消息给他，我这边没有任何提示。他也收不到,41,37,1
途牛,途牛,10010000007130,10010000007130,share.share_panel.other,share.share_panel.other,想要看看专属推荐，发现用户自己没有收藏过路线得自己先收藏路线，建议有一个推荐的链接,41,39,1
途牛,途牛,10010000007002,10010000007002,other.other.freeze,other.other.freeze,在关闭手机摄像头后，如果选择扫码，仍会出现摄像头信息，会造成手机卡顿，用户体验度差,41,37,1
途牛,途牛,10010000003091,10010000003091,other.other.other,other.other.other,"在“特价机票中”,右上角的图形菜单令人感觉模糊,点开后才知道是机票类型选择的功能菜单",42,38,1
途牛,途牛,10010000002656,10010000002656,message_send.image_banner.cannot_or_fail,message_send.image_banner.cannot_or_fail,选择表情后，如果不能完整地发送表情所代表的文字，就只能发送图片所代表的文字，如图所示,42,39,1
途牛,途牛,10010000004924,10010000004924,message_send.list_item.other,message_send.list_item.other,我和2个好友聊天的消息不会提示 是小概率情况 聊天记录显示成这样的bug我已经提交来,42,40,1
途牛,途牛,10010000002756,10010000002756,other.image_banner.other,other.image_banner.other,退出显示用户大头像的时候，头像图片是直接向中心收缩并消失，建议改成向小头像方向收缩。,42,39,1
途牛,途牛,10010000003496,10010000003496,message_send.image_banner.other,message_send.image_banner.other,聊天表情包里的添加功能，只能从本地添加图片。没有在线的表情库，不符合大众的聊天习惯。,42,38,1
途牛,途牛,10010000003030,10010000003030,private_chat.page_view.other,private_chat.page_view.other,在私聊界面如果文字输入过多在edittext控件里会分多行，但是控件宽度不会被撑开。,42,40,1
途牛,途牛,10010000002823,10010000002823,message_send.page_view.other,message_send.page_view.other,消息界面中，查看聊天，和陌生用户的聊天记录与已关注用户的聊天记录并无区别。不好分辨。,42,38,1
途牛,途牛,10010000002808,10010000002808,message_send.page_view.other,message_send.page_view.other,在聊天页面点击home键回到手机界面，再回到运用中，不会回到聊天界面而是回到个人界面,42,40,1
途牛,途牛,10010000006897,10010000006897,message_send.image_banner.cannot_or_fail,message_send.image_banner.cannot_or_fail,向对方发送一张大图片，图片会被自动压缩，无法发送原图。19.67MB变成了252KB,42,38,1
途牛,途牛,10010000002930,10010000002930,other.page_view.other,other.page_view.other,首界面，用手向下滑动一点，就会出现下拉刷新的界面，覆盖在我的轮播图上面，影响用户体验,42,38,1
途牛,途牛,10010000003495,10010000003495,message_send.image_banner.other,message_send.image_banner.other,发送图片功能检测不到动图，发送收藏表情功能可以检测到，发出的图片为静止图片的第一帧。,42,39,1
途牛,途牛,10010000005779,10010000005779,private_chat.page_view.layout_issue,private_chat.page_view.layout_issue,在私聊路径里，发送消息后，发现文字消息居中，页面布局较窄，消息占据整个页面，不美观。,42,36,1
途牛,途牛,10010000005846,10010000005846,message_send.list_item.crash,message_send.list_item.crash,在发送500多字符内容后，在聊天记录中显示曾与该人聊天，但再点击该人进行聊天时闪退。,42,39,1
途牛,途牛,10010000003517,10010000003517,message_send.image_banner.other,message_send.image_banner.other,图片:发送或者接受图片之后，长按图片，会出现删除|取消功能，但是取消功能并没有作用。,42,36,1
途牛,途牛,10010000006024,10010000006024,login.other.load_fail,login.other.load_fail,在网络正常、用户名、密码均正确的情况下一直登陆不上去，使用动态密码登录时显示网络异常,42,39,1
途牛,途牛,10010000007143,10010000007143,message_send.page_view.other,message_send.page_view.other,前提是新消息提醒已打开，新消息只在打开聊天页面时提醒，手机界面位于其他页面时不提醒。,42,39,1
途牛,途牛,10010000004108,10010000004108,message_send.page_view.wrong_value,message_send.page_view.wrong_value,聊天界面有最近最后一条聊天记录，但是点开来之前所有的聊天记录都被清空了，只有空白界面,42,40,1
途牛,途牛,10010000003972,10010000003972,playback.list_item.cannot_or_fail,playback.list_item.cannot_or_fail,"发帖子的时候只可以发文字和png,jpg,jpeg三种类型的图片，并不可以发表小视频",42,39,1
途牛,途牛,10010000004772,10010000004772,private_chat.chat.other,private_chat.chat.other,不通过私聊路径时，对方发来私聊消息，屏幕没有任何特别显示或提醒，使人不易察觉到消息。,42,38,1
途牛,途牛,10010000005499,10010000005499,message_send.button_icon.other,message_send.button_icon.other,发送信息的按钮是个换行的意思，使用户理解增加男度，建议换成向上箭头或者直接是“发送”,42,38,1
途牛,途牛,10010000004010,10010000004010,register.share_panel.permission,register.share_panel.permission,登陆。登陆时，点击qq登陆，无法授权，而且微信，微博不法跳转。只能用手机号注册登陆。,42,35,1
途牛,途牛,10010000003865,10010000003865,private_chat.chat.other,private_chat.chat.other,"在私聊功能里,侮辱性文字没有禁止。用户可以互发侮辱性文字,不利于维护良好的网络环境。",42,38,1
途牛,途牛,10010000006959,10010000006959,search.chat.cannot_or_fail,search.chat.cannot_or_fail,不能搜索好友，如果有多个好友时，这样一来还得在右上角聊天或是关注里查找好友，很麻烦。,42,38,1
途牛,途牛,10010000005527,10010000005527,other.other.cannot_or_fail,other.other.cannot_or_fail,对已关注的用户无法进行备注，修改他们的用户名，给用户带来很大的不便，此情况是必现的。,42,38,1
途牛,途牛,10010000004364,10010000004364,message_send.chat.other,message_send.chat.other,语音聊天时，当接受了第一个聊天语音时，其他语音全部被这个语音干扰，只能听到第一个语音,42,39,1
途牛,途牛,10010000005510,10010000005510,message_send.list_item.other,message_send.list_item.other,消息记录变得无规律，甚至于我发的消息再次打开消息记录查看时变成了对面发的消息。如截图,42,40,1
途牛,途牛,10010000005879,10010000005879,message_send.page_view.other,message_send.page_view.other,在聊天界面——互动动态——所有关注我的人，点击头像，查看TA的关注，均显示为我的关注,42,35,1
途牛,途牛,10010000005340,10010000005340,other.other.other,other.other.other,如果想投诉用户，那么投诉框中会一直提示最多100字，应根据用户的输入提示还可输多少字,42,40,1
途牛,途牛,10010000005043,10010000005043,message_send.page_view.cannot_or_fail,message_send.page_view.cannot_or_fail,个人聊天界面点击无反应，但是可以进行删除对话操作，且能进入在线客服界面并且进行对话。,42,39,1
途牛,途牛,10010000006577,10010000006577,other.chat.other,other.chat.other,能点开好友的空间查看关注好友及其粉丝，隐私性不强，应该让客户自主选择公开还是不公开。,42,39,1
途牛,途牛,10010000006450,10010000006450,other.image_banner.other,other.image_banner.other,+接收方收到的图片画质不如原有的图片清晰,20,19,1
途牛,途牛,10010000006716,10010000006716,other.other.other,other.other.other,"1,.使用手机号登陆",10,8,1
途牛,途牛,10010000006817,10010000006817,private_chat.list_item.other,private_chat.list_item.other,当删除当前联系人时，也会删除聊天记录，再次与该用户建立私聊时，之前的消息都被清空了。,42,38,0
途牛,途牛,10010000006994,10010000006994,message_send.input_box.other,message_send.input_box.other,对自己的图文信息应该可以进行成功评论。途牛软件有评论输入框，但没有发送该评论的功能。,42,39,1
途牛,途牛,10010000000841,10010000000841,other.page_view.crash,other.page_view.crash,当点击选择一个航班时候会闪退到购物车结算界面，按照业务的规则会需要选择座位再进入购物车,43,42,1
途牛,途牛,10010000000885,10010000000885,other.button_icon.other,other.button_icon.other,"对游记收藏时，会提示收藏成功，但是收藏图标没变化以及在""我的收藏""中并不会出现该游记。",43,38,1
途牛,途牛,10010000001972,10010000001972,search.other.other,search.other.other,当选择酒店时，我选择城市在广州，位置选择天河区，搜索时显示没有找到酒店，这是不可能的。,43,38,1
途牛,途牛,10010000003331,10010000003331,message_send.input_box.other,message_send.input_box.other,聊天对话框：输入框删除发送表情，仅删除表情对应的文字，需多次删除才能成功删掉一个表情。,43,39,1
途牛,途牛,10010000005579,10010000005579,other.button_icon.crash,other.button_icon.crash,"在启动应用时,若切换到别的应用,再切回来会出现界面布局异常,图标挤在一起,约两秒后闪退",43,39,1
途牛,途牛,10010000006844,10010000006844,login.page_view.other,login.page_view.other,给对方发消息后，退出程序，再次登录进入聊天界面发现消息变成了对方发的，过会又恢复正常。,43,39,1
途牛,途牛,10010000002332,10010000002332,register.other.other,register.other.other,用户注册时，密码的限定是6,13,12,1
途牛,途牛,10010000002473,10010000002473,message_send.image_banner.cannot_or_fail,message_send.image_banner.cannot_or_fail,在进入非自己个人主页，聊天过成功，发送图片时直接采用拍照功能，发送图片失败，偶尔出现。,43,38,1
途牛,途牛,10010000002693,10010000002693,message_send.chat.other,message_send.chat.other,在发送消息后，过了一会儿再次查看，会发现发送者的内容位置发生了变化，由右侧变成了左侧。,43,39,1
途牛,途牛,10010000003414,10010000003414,other.chat.other,other.chat.other,逻辑混乱，对方加了好友后，我同意才能互相成为好友，而软件竟然默认互加好友，点击反而取消,43,39,1
途牛,途牛,10010000003726,10010000003726,other.page_view.other,other.page_view.other,在软件中显示结伴的时候，没有一个添加朋友的模块，可以进行短时间的交谈不至于造成信息泄露,43,41,1
途牛,途牛,10010000002872,10010000002872,other.other.other,other.other.other,点击表情出现在框里的是文字，想删除表情，用下面那个删除符号只能一个一个字的删除，很麻烦,43,40,1
途牛,途牛,10010000003928,10010000003928,message_send.audio.other,message_send.audio.other,语音信息异常，所有陌生人发的语音内容都和第一个人发送的给我的语音信息，点开一样一模一样,43,41,1
途牛,途牛,10010000002931,10010000002931,message_send.input_box.cannot_or_fail,message_send.input_box.cannot_or_fail,"发送消息时不能使用键盘发送,只能用鼠标点击发送图标进行发送。很大程度的影响了用户体验。",43,40,1
途牛,途牛,10010000002985,10010000002985,other.chat.cannot_or_fail,other.chat.cannot_or_fail,没有查询用户功能，无法进行查询用户、关注用户。用户想关注自己认识的好友，无法进行查询！,43,38,1
途牛,途牛,10010000005597,10010000005597,other.other.other,other.other.other,"现象:点击关注人item,只能点击头像进去他的主页",25,23,1
途牛,途牛,10010000005991,10010000005991,message_send.input_box.other,message_send.input_box.other,现象：发送表情时在输入框看到的是文字描述而不是表情,25,24,1
途牛,途牛,10010000006462,10010000006462,message_send.other.other,message_send.other.other,现象:当退出途牛应用时接受不到别人发送的信息提醒,24,23,1
途牛,途牛,10010000005781,10010000005781,private_chat.chat.other,private_chat.chat.other,在私聊的过程中，软件出现了以下提示，在软件的发布版本不应出现只允许在开发阶段出现的内容,43,41,1
途牛,途牛,10010000005159,10010000005159,other.other.cannot_or_fail,other.other.cannot_or_fail,不能对已经关注的认识的用户添加备注，所以如果对方不修改名称的话，就不知道对方到底是谁。,43,40,1
途牛,途牛,10010000007051,10010000007051,message_send.list_item.wrong_value,message_send.list_item.wrong_value,删除单条聊天记录 建议弹出对话框 询问用户是否删除该聊天记录 否则可能导致用户误删,41,38,1
途牛,途牛,10010000004272,10010000004272,message_send.chat.other,message_send.chat.other,在自己的消息通知中的互动状态里面点开其他用户，本应显示TA的关注，却全部是自己的关注。,43,40,1
途牛,途牛,10010000003298,10010000003298,message_send.other.cannot_or_fail,message_send.other.cannot_or_fail,发送表情点击表情符号是文字显示，取消发送一个表情不能一键删除，需四次才能取消发送的内容,43,41,1
途牛,途牛,10010000004457,10010000004457,register.page_view.permission,register.page_view.permission,登录页面有手机号，邮箱，第三方授权登录等登录方式，但在注册界面却只有手机号注册一中方式,43,40,1
途牛,途牛,10010000004791,10010000004791,other.other.other,other.other.other,身份证，电话号码，银行卡没有安全措施，例如中间几位不加任何密码字符保护，存在安全隐患。,43,38,1
途牛,途牛,10010000004127,10010000004127,message_send.page_view.other,message_send.page_view.other,在聊天页面中，点击home键回到主界面，再回到手机界面，不是聊天的页面，而是个人界面。,43,38,1
途牛,途牛,10010000004160,10010000004160,message_send.audio.other,message_send.audio.other,发送给朋友的语音会发送到另外一个人手机上面,21,21,1
途牛,途牛,10010000006662,10010000006662,playback.step.freeze,playback.step.freeze,语音输入时，点击“按住说话”的标志，有一点时间的延迟才开始录音，因此语音可能开头不全。,43,37,1
途牛,途牛,10010000004655,10010000004655,private_chat.button_icon.cannot_or_fail,private_chat.button_icon.cannot_or_fail,在私聊过程中，添加文字描述后，必须点击发送按钮才能发送文字，而输入换行后不能快捷实现。,43,39,1
途牛,途牛,10010000005085,10010000005085,other.other.other,other.other.other,用户默认头像为黑白色，颜色较为难看，且某人头像都一样，没有随机性，影响用户的体验效果。,43,38,1
途牛,途牛,10010000005947,10010000005947,login.image_banner.other,login.image_banner.other,长时间使用后出现图片视图加载不出的情况，联系人头像也加载不出，可以登录且网络信号良好。,43,40,1
途牛,途牛,10010000006250,10010000006250,message_send.image_banner.other,message_send.image_banner.other,在手机保存动态图片后能在手机相册找到，但是在聊天窗口点击发送图片没找到所保存的动态图片,43,42,1
途牛,途牛,10010000006736,10010000006736,playback.audio.other,playback.audio.other,别人给自己发语音时，听到的永远是第一个人发过来的语音,26,25,1
途牛,途牛,10010000005229,10010000005229,other.page_view.crash,other.page_view.crash,点击“专属顾问”，页面实现跳转，一秒左右闪退。,23,18,1
途牛,途牛,10010000006396,10010000006396,message_send.chat.other,message_send.chat.other,在使用语音功能时，发送的语音消息对用户的语音音色进行了大的变动，让人不易听出是谁的声音,43,41,1
途牛,途牛,10010000005297,10010000005297,message_send.page_view.other,message_send.page_view.other,在发送图片选择图片界面，选择多张图片后若对一张图片选择原图，则所有图片都会被选择为原图,43,41,1
途牛,途牛,10010000005689,10010000005689,playback.audio.other,playback.audio.other,别人给自己发语音时，听到的永远是第一个人发过来的语音,26,25,0
途牛,途牛,10010000005831,10010000005831,message_send.chat.other,message_send.chat.other,与多个好友进行语音聊天时，不同好友发送过来的语音播放的内容都是你接受到的第一条语音聊天,43,42,0
途牛,途牛,10010000007119,10010000007119,private_chat.chat.wrong_value,private_chat.chat.wrong_value,私聊发送信息后没有撤销功能。用户错误发送信息后，想要撤回所发信息，但本应用没有此功能。,43,39,1
途牛,途牛,10010000001202,10010000001202,other.button_icon.other,other.button_icon.other,点击加入购物车按钮后，不应该跳转到购物车这个页面。,25,23,1
途牛,途牛,10010000001206,10010000001206,other.page_view.other,other.page_view.other,在进入后台运行之前，页面在购物车页面，在后台运行一段时间后，再次打开时，是从首页开始的。,44,39,1
途牛,途牛,10010000002027,10010000002027,comment.page_view.other,comment.page_view.other,如果没有游客评论，在点击游客评论时会停留在费用须知上，虽然下面页面变化了，但还是让人迷惑,44,41,1
途牛,途牛,10010000005121,10010000005121,login.other.other,login.other.other,"登陆后在另一台手机上再次登录,不会被挤掉,也就是说可以多台手机同时登陆!存在极大安全隐患",44,41,1
途牛,途牛,10010000003043,10010000003043,private_chat.chat.other,private_chat.chat.other,点击发起私聊之后，查看历史信息，此时头像icon出现在左侧，而正确出现的位置应该是右侧。,44,40,1
途牛,途牛,10010000002959,10010000002959,message_send.image_banner.cannot_or_fail,message_send.image_banner.cannot_or_fail,发送图片时，无法显示图片发送率，让用户无法确定图片是否发送成功，应该继续完善图片发送功能,44,41,1
途牛,途牛,10010000002439,10010000002439,private_chat.image_banner.wrong_value,private_chat.image_banner.wrong_value,进入非个人主页，发起私聊时，私聊过程中图片发送错误，刚刚发送的图片无法撤回，无撤回功能。,44,39,1
途牛,途牛,10010000002928,10010000002928,message_send.image_banner.cannot_or_fail,message_send.image_banner.cannot_or_fail,发送手机里的图片后，点击取消无法取消。,19,17,1
途牛,途牛,10010000003362,10010000003362,message_send.page_view.other,message_send.page_view.other,手机上图片是高清格式，通过聊天界面发送过去后，点击聊天记录，图片失真程度有点大，很模糊。,44,39,1
途牛,途牛,10010000005338,10010000005338,playback.audio.other,playback.audio.other,长语音只能听到2秒左右。,12,11,1
途牛,途牛,10010000006364,10010000006364,private_chat.chat.other,private_chat.chat.other,输入：进行私聊路径测试。,12,10,1
途牛,途牛,10010000002978,10010000002978,other.input_box.other,other.input_box.other,表情输入界面“删除”按键使用后，对文本输入框中的一个文字进行删除，而不是表情。不方便使用,44,39,1
途牛,途牛,10010000003027,10010000003027,register.other.other,register.other.other,在用户找回密码时，用邮箱找回时，需要填写注册时的邮箱，但是注册的时候就没有填写邮箱！！！,44,38,1
途牛,途牛,10010000002886,10010000002886,message_send.chat.other,message_send.chat.other,发送消息后，过一会儿查看，发现发送者的发送的内容位置由右侧变成了左侧，和一般的聊天不一样,44,41,1
途牛,途牛,10010000004498,10010000004498,private_chat.chat.other,private_chat.chat.other,当对方发送消息太长，使得我的消息框一直处于连接中，并且再点击用户发起私聊，发送不出去消息,44,41,1
途牛,途牛,10010000004032,10010000004032,message_send.chat.cannot_or_fail,message_send.chat.cannot_or_fail,语音聊天，自己能听清楚自己的语音，而对方无法听清楚我的语音。反之，我也听不清楚对方的语音,44,40,1
途牛,途牛,10010000004008,10010000004008,private_chat.image_banner.other,private_chat.image_banner.other,未互相关注和相互关注进行私聊时，点进用户发来的图片查看大图时，点击保存到手机实际并未保存,44,42,1
途牛,途牛,10010000006468,10010000006468,other.image_banner.other,other.image_banner.other,自带表情和自定义的图片表情高度不一，因此当底部表情菜单栏切换时会出现跳跃，给人不适的感觉,44,42,1
途牛,途牛,10010000003021,10010000003021,comment.input_box.other,comment.input_box.other,评论发帖信息时，评论输入框应该显示完整的输入信息，但是测试时发现输入的信息只显示了一半。,44,41,1
途牛,途牛,10010000004029,10010000004029,private_chat.chat.cannot_or_fail,private_chat.chat.cannot_or_fail,认识关注的联系人无法改备注信息，这样导致在私聊时，朋友一改名字下次再发消息就不知道是谁了,44,42,1
途牛,途牛,10010000004410,10010000004410,playback.chat.other,playback.chat.other,第一次好友发的语音能够收到，接下来其他好友发的语音就不变了，一直重复第一个好友发的语音。,44,41,1
途牛,途牛,10010000005048,10010000005048,message_send.other.other,message_send.other.other,发送者发送表情后，只有复制和删除功能，可以增加转发表情，收藏表情，撤回表情，翻译等功能。,44,38,1
途牛,途牛,10010000005487,10010000005487,other.other.other,other.other.other,当用户不想让对方知道自己的个人信息时，可以增加悄悄话功能，以此变得有趣，且保护个人隐私。,44,40,0
途牛,途牛,10010000005708,10010000005708,private_chat.chat.cannot_or_fail,private_chat.chat.cannot_or_fail,进入私聊路径后，查看历史消息时，发现发送的表情有些不能完整显示。表情变成了符号或者汉字。,44,40,1
途牛,途牛,10010000003375,10010000003375,private_chat.button_icon.cannot_delete,private_chat.button_icon.cannot_delete,进入“私聊”模式，点击选择表情符号，当点击删除按钮时，不能删除整个表情，只能删除单个符号,44,38,1
途牛,途牛,10010000003620,10010000003620,private_chat.chat.cannot_or_fail,private_chat.chat.cannot_or_fail,"不能添加好友,只能通过进入相应的人的主页才能发起私聊,用户体验较差,不能和认识的人交流。",44,40,1
途牛,途牛,10010000003534,10010000003534,message_send.page_view.other,message_send.page_view.other,进入聊天页面需要等待的时间过长，如图是在等待中的页面，如果插播一些广告可能取得不错的效果,44,42,1
途牛,途牛,10010000004365,10010000004365,login.other.cannot_or_fail,login.other.cannot_or_fail,登录失败后，没反应，重新登录成功后又出现修改提示（提示修改头像等等第一次登录的提示内容）,44,40,1
途牛,途牛,10010000003973,10010000003973,message_send.chat.other,message_send.chat.other,屏蔽了一个人后，被屏蔽的人向其发送消息时，显示该人“正在输入中。。。。”，与隐含需求不符,44,35,1
途牛,途牛,10010000004747,10010000004747,search.other.other,search.other.other,不知道是不是因为手机型号的问题，发起结伴时没有地址出现，自己输入没有搜索键，也不出现地址,44,41,1
途牛,途牛,10010000004356,10010000004356,message_send.other.other,message_send.other.other,给没互关的人发信息和表情时，这些信息会以另一个窗口再次发给你，而且显示这个发送人是你自己,44,42,1
途牛,途牛,10010000004381,10010000004381,other.button_icon.cannot_delete,other.button_icon.cannot_delete,点击小表情中右下角的删除图标，只能删除最后的一个小字符，不能删除小表情对应的整个替代符。,44,41,1
途牛,途牛,10010000004420,10010000004420,message_send.page_view.other,message_send.page_view.other,当和别人聊天时，后台切换到别的应用，后台马上返回途牛app时变成重启应用，跳到默认页面。,44,40,1
途牛,途牛,10010000006684,10010000006684,message_send.chat.other,message_send.chat.other,屏蔽某用户后，该用户给我发送消息，在聊天窗口原本显示昵称的地方仍能看到正在输入的提示文字,44,42,1
途牛,途牛,10010000007046,10010000007046,other.other.other,other.other.other,当输入文字超过100，并没有任何提示，导致用户以为还可以继续输入，但是，已经输入不上去了,44,40,1
途牛,途牛,10010000005302,10010000005302,other.page_view.layout_issue,other.page_view.layout_issue,当进入一个页面之后很久才能显示出相应的图片，用户体验较差，应改进布局，以及图片显示方式！,44,40,1
途牛,途牛,10010000005824,10010000005824,comment.list_item.other,comment.list_item.other,在评论区中，回复后不会立即更新，要重新进入评论区才显示，评论后点返回评论条数不会立即更新,44,41,1
途牛,途牛,10010000006419,10010000006419,other.other.other,other.other.other,"在进到广场之后，点击用户头像(包括我自己的头像,和下面广场中其他人的头像)出现黑屏情况。",44,39,1
途牛,途牛,10010000006921,10010000006921,private_chat.chat.cannot_or_fail,private_chat.chat.cannot_or_fail,在广场中点击用户头像后。未进行互相关注情况下建立私聊。偶尔会出现消息无法正常发送的情况。,44,41,1
途牛,途牛,10010000006531,10010000006531,private_chat.chat.other,private_chat.chat.other,当我们进入私聊时，会出现无人响应的情况。如果真的没有人，也应该出现提示或者欢迎之类的话。,44,40,1
途牛,途牛,10010000006387,10010000006387,private_chat.chat.other,private_chat.chat.other,"在测试互相关注的用户建立私聊的路径时,发现点击用户头像进入对方个人主页也是有大概率会很慢",44,43,1
途牛,途牛,10010000006366,10010000006366,message_send.chat.other,message_send.chat.other,在与好友语音聊天时，发送的语音无论时长多少，接收方总是接受不完整，出现“话说一半”的情况,44,39,1
途牛,途牛,10010000006598,10010000006598,private_chat.page_view.other,private_chat.page_view.other,在私聊消息界面中，当自己屏蔽他人后，他人给发送消息时仍然可以看到上面提示对方正在输入中。,44,41,1
途牛,途牛,10010000006699,10010000006699,other.other.crash,other.other.crash,无法进入专属顾问，一点击就立马闪退！！！,20,16,1
途牛,途牛,10010000007109,10010000007109,other.other.other,other.other.other,用户在进行投诉操作的时候，当输入法为英文或中文全角时，输入内容全部为空格，可以进行提交。,44,40,1
途牛,途牛,10010000007184,10010000007184,private_chat.input_box.other,private_chat.input_box.other,当输入内容过多后，接下来的私聊对话，会变得很卡，不协调。再次输入时，键盘调出来的速度很慢,44,39,1
途牛,途牛,10010000004109,10010000004109,message_send.chat.other,message_send.chat.other,消息的顺序不正常，我和对方对话时，我先发送的消息，他再发消息，最后他的消息在我的消息的上面,45,41,1
途牛,途牛,10010000003513,10010000003513,other.other.other,other.other.other,表情由一对中括号“[]”和其中的文字构成，但删除表情时是按字符删除的，而不是按表情删除的。,45,38,1
途牛,途牛,10010000006987,10010000006987,groupchat.chat.other,groupchat.chat.other,在消息中心，点击联系人，先只出现三个联系人：服务号 群聊 在线客服 过一会才出现其他联系人,45,39,1
途牛,途牛,10010000005571,10010000005571,other.other.other,other.other.other,展开全部收起 有什么区别吗？这是我自己瞎打的500字,26,24,1
途牛,途牛,10010000002597,10010000002597,private_chat.chat.other,private_chat.chat.other,私聊中的语音功能实现不了，一直按住说话相当一段时间后依旧提示说话时间太短而取消发送语音消息,45,44,1
途牛,途牛,10010000003670,10010000003670,notification.other.other,notification.other.other,部分机型（比如我的手机）将应用的通知的优先级设为最高后，他人给我私信后通知栏依然不收到通知,45,42,1
途牛,途牛,10010000003011,10010000003011,private_chat.chat.other,private_chat.chat.other,私聊语音功能对方发送的所有语音信息只能听到第一条语音信息，第一条后面的语音都会被第一条覆盖,45,44,1
途牛,途牛,10010000006835,10010000006835,other.button_icon.other,other.button_icon.other,长按删除自定义表情后，不删除此表情，跳转到其他页面，再回到自定义表情页面，删除按钮仍存在。,45,40,1
途牛,途牛,10010000004822,10010000004822,message_send.chat.other,message_send.chat.other,与用户聊天时，聊天历史中的时间是浅灰色的，背景是白色的，颜色相近，加上字体较小，不容易看清,45,40,1
途牛,途牛,10010000006782,10010000006782,message_send.chat.other,message_send.chat.other,当互相关注的双方解除关注后，不会出现提示消息,22,21,1
途牛,途牛,10010000005962,10010000005962,message_send.image_banner.cannot_or_fail,message_send.image_banner.cannot_or_fail,发送多张图片是不能按照用户选择的图片顺序发送，并且发送的途中没有进程条显示，用户体验不好。,45,42,1
途牛,途牛,10010000004110,10010000004110,message_send.chat.cannot_or_fail,message_send.chat.cannot_or_fail,好友给用户发送信息，用户不能的得到提示，必须进入聊天才能发现信息，造成不能及时回复好友信息,45,42,1
途牛,途牛,10010000004020,10010000004020,message_send.page_view.cannot_or_fail,message_send.page_view.cannot_or_fail,消息提醒功能:只有在途牛app页面上，才会收到消息提醒，而且消息提醒无法跳转到聊天的页面。,45,41,1
途牛,途牛,10010000003563,10010000003563,playback.audio.other,playback.audio.other,当第一个对象发我语音并且我听了之后不论谁再发给我语音，其内容只会是第一个对象的第一条语音！,45,43,1
途牛,途牛,10010000005146,10010000005146,message_send.chat.cannot_or_fail,message_send.chat.cannot_or_fail,当别人发给我一条足够长串的消息时，我这边会接收不到，要是对方和我发送短的消息却可以接收到。,45,42,1
途牛,途牛,10010000004617,10010000004617,message_send.button_icon.cannot_or_fail,message_send.button_icon.cannot_or_fail,在发送现拍的图片之后不能复制该图片，而且取消按钮会让用户误认为取消发送，实际上无任何作用。,45,42,1
途牛,途牛,10010000003923,10010000003923,search.chat.other,search.chat.other,在这个软件中没有周到搜索用户这个功能，那么在选择性加好友就非常的麻烦，没有达到智能的选择。,45,42,1
途牛,途牛,10010000004151,10010000004151,private_chat.chat.other,private_chat.chat.other,私聊中超长信息会出现软件未响应，出现严重的卡屏。,24,22,1
途牛,途牛,10010000004881,10010000004881,message_send.chat.other,message_send.chat.other,用户A接收到的第一条语音消息并收听语音，随后，接受到的任何语音的内容均为第一条语音的内容。,45,42,1
途牛,途牛,10010000005334,10010000005334,message_send.image_banner.cannot_or_fail,message_send.image_banner.cannot_or_fail,对方发送过来的图片无法直接收藏至表情包，添加表情，必须从文件管理/相册/管理中选择，不方便,45,40,1
途牛,途牛,10010000005594,10010000005594,other.page_view.other,other.page_view.other,对自己已关注的人可以进入其首页界面查看他们所关注的人，其中包含个人隐私问题，这是必然情况。,45,42,1
途牛,途牛,10010000004079,10010000004079,login.share_panel.other,login.share_panel.other,退出登录后，打算用再次登录，使用第三方登录方式，qq和微博可以。但微信接口没用。点了没反应,45,40,1
途牛,途牛,10010000004314,10010000004314,search.chat.cannot_or_fail,search.chat.cannot_or_fail,加好友太麻烦，只有问答等这种类型渠道去关注，不能通过查找id来添加，让熟人之间花费较多时间,45,42,1
途牛,途牛,10010000004558,10010000004558,message_send.page_view.other,message_send.page_view.other,在聊天界面中，点击home键回到主界面，再回到手机界面，不是聊天的界面，而是那个人的界面。,45,40,1
途牛,途牛,10010000004469,10010000004469,message_send.list_item.cannot_delete,message_send.list_item.cannot_delete,"点击删除聊天历史时,所有聊天记录都删除了,不是很方便,不能删除某一条记录,或者撤回当前消息",45,41,1
途牛,途牛,10010000004545,10010000004545,gps_track.gps.permission,gps_track.gps.permission,无法定位，手机开了定位，软件定位权限也开了。之前下载了最新版本途牛可以定位，这个版本不可以,45,41,1
途牛,途牛,10010000004805,10010000004805,message_send.chat.other,message_send.chat.other,和用户聊天显示的都是第一次的名字，别人更改后自己这边对话框的名字也没有变化，刷新后也一样。,45,42,1
途牛,途牛,10010000005532,10010000005532,other.other.cannot_or_fail,other.other.cannot_or_fail,用户进行自己的头像更换时，选择好头像时不能进行头像的上传，返回后头像仍和更换前一样无变化。,45,42,1
途牛,途牛,10010000007165,10010000007165,comment.input_box.other,comment.input_box.other,社区发帖，能够自己评论自己，而且每次评论，文本框中自动输入回复,31,28,1
途牛,途牛,10010000006363,10010000006363,notification.button_icon.other,notification.button_icon.other,互动状态界面，点击右上角，页面出现不在提醒和取消按钮，取消按钮只出现了一半，影响视觉效果。,45,40,1
途牛,途牛,10010000006801,10010000006801,other.other.cannot_or_fail,other.other.cannot_or_fail,在选择求结伴信息时，最后一项是选择发布地点，输入西安，地点信息显示不足，无法获取准确地点。,45,40,1
途牛,途牛,10010000006997,10010000006997,message_send.chat.cannot_send,message_send.chat.cannot_send,数据和wifi都断了之后，消息发不出去。长按没发出去的消息，没有去取消发送的功能，建议增加,45,41,1
途牛,途牛,10010000001663,10010000001663,settings.button_icon.other,settings.button_icon.other,点击删除按钮没有反应。删除按钮设置的不明显。没法对天数，成人数目以及儿童数目进行直接的编辑。,46,42,1
途牛,途牛,10010000001429,10010000001429,other.button_icon.other,other.button_icon.other,activity启动模式设计不合理，如果一直往购物车加东西，要按很多次返回键才能回到主菜单。,46,43,1
途牛,途牛,10010000002212,10010000002212,other.page_view.other,other.page_view.other,（蓝叠模拟器）在有下角“我的”，进入我的界面，点击“摇一摇”，然后模拟器使用摇一摇，没反应。,46,35,1
途牛,途牛,10010000006333,10010000006333,private_chat.chat.other,private_chat.chat.other,在与A的聊天窗口中，点击自己头像进入个人主页，对一个粉丝B发起私聊，聊天窗口是与A的聊天窗口,46,43,1
途牛,途牛,10010000005120,10010000005120,other.image_banner.cannot_or_fail,other.image_banner.cannot_or_fail,在表情项里，如果我要添加图片，这时候只能一张一张添加，不能一起添加，有点浪费时间，重复步骤。,46,40,1
途牛,途牛,10010000005603,10010000005603,message_send.chat.cannot_send,message_send.chat.cannot_send,当用户被投诉后，应该被禁言，不能发送消息。实际用户被投诉之后，只能发送消息，但不能接收消息。,46,40,1
途牛,途牛,10010000004277,10010000004277,message_send.chat.other,message_send.chat.other,输入：当网络连接的情况下，发送语音消息。,20,17,1
途牛,途牛,10010000002918,10010000002918,other.input_box.cannot_or_fail,other.input_box.cannot_or_fail,点击输入框左侧按钮进入选项卡模式后必须选择一项选项卡才能回到输入模式，无法直接返回输入模式。,46,44,1
途牛,途牛,10010000006352,10010000006352,login.other.other,login.other.other,同一用户可以在不同设备同时登录。后登录的账号方可接受信息，但是两台设备都可以向对方发送信息。,46,43,1
途牛,途牛,10010000002849,10010000002849,message_send.list_item.other,message_send.list_item.other,第一个人发送的语音会出覆盖后面联系人发过来的语音。即使删除屏蔽与第一个人的聊天记录也会覆盖。,46,44,1
途牛,途牛,10010000005578,10010000005578,search.other.cannot_or_fail,search.other.cannot_or_fail,“发起结伴”中，搜索城市或景区，模糊查询，如输入“四”，无法正常显示与“四”相关的城市或景区,46,36,1
途牛,途牛,10010000003294,10010000003294,search.chat.cannot_or_fail,search.chat.cannot_or_fail,应用中无法通过搜索对方昵称或ID添加好友，只能通过广场发布动态关注，但有时候查找不到相关动态,46,44,1
途牛,途牛,10010000003821,10010000003821,private_chat.page_view.other,private_chat.page_view.other,点击显示私聊发送的图片时，只有点击图片才能回到聊天界面。点图片外灰色部分也应该回到聊天界面。,46,43,1
途牛,途牛,10010000003232,10010000003232,message_send.chat.cannot_or_fail,message_send.chat.cannot_or_fail,更新数据连接状态时，消息无法发送。如WiFi到数据流量，数据流量到WiFi，均无法继续发送。,46,41,1
途牛,途牛,10010000006415,10010000006415,private_chat.chat.cannot_or_fail,private_chat.chat.cannot_or_fail,相互关注的好友，当我不再关注对方时，发送私聊信息后，又自动关注，当再次想取消关注时无法取消！,46,41,1
途牛,途牛,10010000003214,10010000003214,other.page_view.other,other.page_view.other,关注用户时，用户名称固定。而后，除用户个人页面外，显示用户的名称不会因为对方更改名字而更新。,46,41,1
途牛,途牛,10010000005373,10010000005373,message_send.chat.other,message_send.chat.other,收到多条语音信息时，除第一条外，后面的消息声音都为第一条信息的内容。消息时间长度显示没问题。,46,42,1
途牛,途牛,10010000003709,10010000003709,playback.input_box.other,playback.input_box.other,步骤：1.点击输入框左侧“语音输入”图标,20,16,1
途牛,途牛,10010000003522,10010000003522,playback.audio.other,playback.audio.other,只要收到一条语音，之后的语音都会一直重复第一条的内容，就算是换了个人也是这样，还是重复第一条,46,43,1
途牛,途牛,10010000003738,10010000003738,message_send.chat.other,message_send.chat.other,发送者发送消息时，可供选择的太少，可以增加小视频，位置信息，收藏的信息，名片等，以完善功能。,46,39,1
途牛,途牛,10010000004775,10010000004775,groupchat.chat.cannot_or_fail,groupchat.chat.cannot_or_fail,用户无法添加好友和群组，想要和好友联系，必须当好友发表内容，才可以联系，不方便用户之间的交流,46,42,1
途牛,途牛,10010000003417,10010000003417,other.page_view.other,other.page_view.other,从kikbug页面启动途牛应用，进入途牛app之后，无任何操作直接退回原来kikbug页面。,46,43,1
途牛,途牛,10010000004319,10010000004319,private_chat.image_banner.other,private_chat.image_banner.other,私聊中，添加图片时，采用照相功能进行图片添加时，图片照了之后，不进行发送，或者是图片没有照！,46,40,1
途牛,途牛,10010000004252,10010000004252,private_chat.chat.other,private_chat.chat.other,与互相关注的不同好友进行语音私聊，收到的语音总是第一个互相关注的好友发送过来的第一个语音内容,46,45,1
途牛,途牛,10010000004321,10010000004321,notification.audio.cannot_or_fail,notification.audio.cannot_or_fail,多段语音重复第一条语音的内容，即第一条语音内容覆盖了所有语音的内容，其他语音的内容接收不到。,46,43,1
途牛,途牛,10010000006212,10010000006212,message_send.list_item.other,message_send.list_item.other,发送表情时，若默认表情没有想要的表情，想添加过下载新的表情包，点击表情列表右侧“ㄨ”没反应。,46,39,1
途牛,途牛,10010000004983,10010000004983,other.chat.other,other.chat.other,用户加好友极其不方便，也没有提供加好友限制，也没有提供限制可见你资料的条件，导致骚扰信息过多,46,43,1
途牛,途牛,10010000005550,10010000005550,register.page_view.other,register.page_view.other,"用户注册页面的Textview顺序不对,按照用户使用习惯,最后才是应该输入验证码而不是密码。",46,43,1
途牛,途牛,10010000004864,10010000004864,other.other.other,other.other.other,在用户输入文字时，如果存在类似“[微笑]”之类的文字输入时，会自动生成相应表情，而不是文字。,46,38,1
途牛,途牛,10010000005616,10010000005616,search.list_item.other,search.list_item.other,聊天记录查找功能中，只能利用上拉刷新来逐条查找。没有关键字索引的算法，查找特定记录十分困难。,46,42,1
途牛,途牛,10010000005630,10010000005630,private_chat.chat.other,private_chat.chat.other,私聊不方便！点击一个用户的私聊，如果没有互相关注的话要是星级会员才可以私聊，不方便，不便利！,46,41,1
途牛,途牛,10010000005732,10010000005732,message_send.list_item.cannot_or_fail,message_send.list_item.cannot_or_fail,查看与其他用户的聊天记录，长按发送过的消息，只有复制和删除，不能进行转发，多用户交流时不方便,46,42,1
途牛,途牛,10010000006694,10010000006694,message_send.other.cannot_or_fail,message_send.other.cannot_or_fail,发送的信息，想要撤回，不要对方看到，却无法撤回，只能删除功能，但是对方还是可以看到你发的信息,46,41,1
途牛,途牛,10010000001203,10010000001203,settings.page_view.other,settings.page_view.other,价格的设置与显示应进行进一步的优化。不统一的价格易造成用户的误解。,33,31,1
途牛,途牛,10010000003348,10010000003348,message_send.audio.other,message_send.audio.other,在不使用耳机的情况下选择发送语音，语音的声音非常小，几乎没声音！没法听清楚自己发送了什么内容。,47,43,1
途牛,途牛,10010000002465,10010000002465,private_chat.chat.other,private_chat.chat.other,问题描述:私聊时，用户头像默认是灰色头像，给人感觉类似QQ离线，就算回复消息也不会理，建议优化,47,42,1
途牛,途牛,10010000002507,10010000002507,message_send.other.other,message_send.other.other,发送表情内容，选择途牛的表情代表文字，删除代表一个表情的部分文字后，发送后，显示剩余的部分文字,47,43,1
途牛,途牛,10010000002375,10010000002375,search.chat.cannot_or_fail,search.chat.cannot_or_fail,陌生用户A与用户B建立私聊路径时，无法添加陌生用户A的信息，无法查找陌生用户，因此无法建立私聊,47,44,1
途牛,途牛,10010000003341,10010000003341,message_send.page_view.other,message_send.page_view.other,聊天界面，拍好一张照片后，有电话接入,18,16,1
途牛,途牛,10010000006082,10010000006082,other.chat.cannot_or_fail,other.chat.cannot_or_fail,个人主页上无法看到自己以及好友动态，需点击头像进入后才看得到。步骤较为繁琐，用户体验效果略差。,47,43,1
途牛,途牛,10010000006457,10010000006457,other.other.freeze,other.other.freeze,应用退出，不能接收信息，后台保存才能接收信息，且少部分出现打开后台挂着的应用时才延迟接到信息。,47,43,1
途牛,途牛,10010000002661,10010000002661,search.page_view.cannot_or_fail,search.page_view.cannot_or_fail,右上角私聊界面无法直进行查找用户，互相关注只能通过发现里面寻找群组也不行，也不能查找手机联系人,47,45,1
途牛,途牛,10010000002633,10010000002633,message_send.other.other,message_send.other.other,发送表情内容，选择途牛的表情代表文字，删除代表一个表情的部分文字后，发送后，显示剩余的部分文字,47,43,1
途牛,途牛,10010000003539,10010000003539,message_send.button_icon.other,message_send.button_icon.other,发送图片或者语音消息，页面有删除和取消按钮，删除按钮可以使用，取消按钮很鸡肋，根本没有任何用处,47,43,1
途牛,途牛,10010000004088,10010000004088,other.page_view.cannot_or_fail,other.page_view.cannot_or_fail,个人资料的手机号主界面可以直接显示出来，点击手机号却不可以看到，应该两边都不能,39,37,1
途牛,途牛,10010000003037,10010000003037,message_send.chat.other,message_send.chat.other,接收语音时，只能收到第一条语音消息，并且后面无论接收哪个用户发送的语音，都是重复播放第一条语音,47,44,1
途牛,途牛,10010000003799,10010000003799,other.page_view.other,other.page_view.other,步骤：1.在页面用手机系统自带截图功能进行截图,23,21,1
途牛,途牛,10010000003810,10010000003810,private_chat.input_box.layout_issue,private_chat.input_box.layout_issue,私聊的输入框中，当换行时，上一行的内容就显示不全,24,22,1
途牛,途牛,10010000003215,10010000003215,message_send.chat.other,message_send.chat.other,发送者发送消息后，过一段时间会发现消息的位置发生了变化，由右侧变成了左侧，和一般会话窗口不同。,47,43,1
途牛,途牛,10010000004236,10010000004236,playback.audio.cannot_or_fail,playback.audio.cannot_or_fail,语音信息第一次接收的是正确的，之后接收的都是第一次听到的那个语音，而且重启程序并不能解决问题。,47,44,1
途牛,途牛,10010000004578,10010000004578,message_send.chat.freeze,message_send.chat.freeze,后台运行时别人发送信息自己是收不到的，只有在程序运行时才能收到信息，而且发送消息有一定的延迟。,47,44,1
途牛,途牛,10010000006563,10010000006563,settings.page_view.other,settings.page_view.other,当把手机的语言设置成英文时，途牛app还是显示的是中文，没有做兼容性的测试，可能会丧失部分用户,47,44,1
途牛,途牛,10010000004555,10010000004555,private_chat.chat.cannot_or_fail,private_chat.chat.cannot_or_fail,"屏蔽了私聊用户之后,没有明显的标志显示此人已经被屏蔽。用户误操作屏蔽之后导致用户不能及时发现。",47,44,1
途牛,途牛,10010000004427,10010000004427,message_send.input_box.other,message_send.input_box.other,删除不想发送的聊天表情时(已经出现在输入框) 删除是一个字符一个字符删除的 不是一起全部删除,46,42,1
途牛,途牛,10010000004454,10010000004454,private_chat.chat.other,private_chat.chat.other,语音bug。私聊中，和其中一个人语音聊天后，再接收其他人的语音，会错乱，默认是之前的人的语音。,47,41,1
途牛,途牛,10010000004912,10010000004912,message_send.list_item.wrong_value,message_send.list_item.wrong_value,所有聊天记录中，所有语音对话都是相同的，语音时长、语音的内容，都是一样的，且是同一个人的声音。,47,41,1
途牛,途牛,10010000004066,10010000004066,message_send.chat.other,message_send.chat.other,好友改名之后，在联系人名单里面的名字会改变，但在消息中心里面的名字不变。这样对于用户来说很乱。,47,43,1
途牛,途牛,10010000004163,10010000004163,other.other.crash,other.other.crash,进行测试进入途牛的时候出现闪退，而且重复几次都有同样的情况出现，但并没有发现什么特定规律闪退。,47,44,1
途牛,途牛,10010000005328,10010000005328,message_send.audio.freeze,message_send.audio.freeze,发送语音时有延迟，说完立马松手录不完整，接收到的语音不管是什么都是第一条接收到的语音，一直重复,47,44,1
途牛,途牛,10010000005125,10010000005125,message_send.list_item.other,message_send.list_item.other,用户改变昵称后，在联系人列表里可以看到其昵称改变了，但与其聊天记录也没了，需要等很久才会恢复。,47,43,1
途牛,途牛,10010000006174,10010000006174,message_send.chat.freeze,message_send.chat.freeze,经检测，在网络条件可以的情况下，消息从发送到接收会存在一定延迟，有时延迟比较大。影响用户体验。,47,42,1
途牛,途牛,10010000007010,10010000007010,other.other.cannot_or_fail,other.other.cannot_or_fail,点击添加表情后进入手机相册，只能一个一个添加，不能一次添加多个，建议实现一次添加多个表情的功能,47,44,1
途牛,途牛,10010000006134,10010000006134,other.page_view.other,other.page_view.other,牛大头显示数和进去牛大头数量页面后的数量不符合，后发现是更新缓慢，要等半天才能出来正确的数量。,47,44,1
途牛,途牛,10010000006472,10010000006472,private_chat.chat.other,private_chat.chat.other,+如果私聊的消息足够隐私，应该设以密码，来提高安全度,26,23,1
途牛,途牛,10010000001533,10010000001533,search.other.other,search.other.other,现象:搜索酒店无推荐，无识别匹配的酒店出现,21,19,1
途牛,途牛,10010000006493,10010000006493,groupchat.button_icon.other,groupchat.button_icon.other,"找半天找不到添加群组的方式,只有个群组按钮,进去提示尚未加入群组,却怎么也不知道怎么才能加入群组",48,45,1
途牛,途牛,10010000003601,10010000003601,private_chat.button_icon.other,private_chat.button_icon.other,在私聊时，点击发送表情的按钮，当下面的表情处于第一页时继续右划表情，竟然回到了上页退出了私聊页面,48,45,1
途牛,途牛,10010000003002,10010000003002,settings.page_view.cannot_or_fail,settings.page_view.cannot_or_fail,"发现更多精彩""这个功能模块无法点击,也属于设置上的缺陷,应该设置为半透明模式,提示用户无法点击",47,43,1
途牛,途牛,10010000005723,10010000005723,private_chat.image_banner.other,private_chat.image_banner.other,登陆进入私聊窗口，点击表情❤添加表情+ ，添加手机里的图片作为表情，添加成功后图片失真，模糊不清,48,41,1
途牛,途牛,10010000005284,10010000005284,settings.page_view.other,settings.page_view.other,对于一个对话框，没有给其设置空间限制，可以无止尽的进行输入，这样可能会导致系统空间分配出现问题。,48,44,1
途牛,途牛,10010000006048,10010000006048,search.other.other,search.other.other,搜索附近酒店,6,6,1
途牛,途牛,10010000005448,10010000005448,notification.list_item.other,notification.list_item.other,通知里面的互动动态列表显示为按照时间从早到晚往下排列。按照使用习惯应为按照时间从晚到早往下排列。,48,46,1
途牛,途牛,10010000006149,10010000006149,private_chat.chat.other,private_chat.chat.other,在粉丝A的个人主页找到粉丝A的粉丝B，在粉丝B的个人主页对其发起私聊时，聊天窗口是与粉丝A的窗口,48,46,1
途牛,途牛,10010000002642,10010000002642,message_send.input_box.other,message_send.input_box.other,聊天时输入表情，输入框显示的是该表情的文字描述，只有当发送给对方时才会显示为表情图片。体验不好。,48,44,1
途牛,途牛,10010000004217,10010000004217,message_send.chat.other,message_send.chat.other,当把一个关注对象屏蔽时，对方虽然发送消息看不见，但在对方输入时能看到对话框上有对方正在输入消息。,48,45,1
途牛,途牛,10010000004081,10010000004081,message_send.chat.other,message_send.chat.other,收到的第一条语音消息会覆盖掉后来的所有语音消息，后来发送的所有语音消息听到的都是第一句语音消息。,48,46,1
途牛,途牛,10010000003992,10010000003992,message_send.image_banner.cannot_or_fail,message_send.image_banner.cannot_or_fail,正常网络情况下，应用出现所有图片无法显示，包括聊天对方的头像，只有点击一张图片进入查看才能显示。,48,44,1
途牛,途牛,10010000004239,10010000004239,message_send.audio.other,message_send.audio.other,接收到的对方语音内容全部都一样，都是对方第一次发送到语音内容，好像不同用户直接也会出现这种情况！,48,45,1
途牛,途牛,10010000003897,10010000003897,other.input_box.other,other.input_box.other,步骤：1.在页面文本输入框内右侧点击“表情”按钮，选择表情,29,24,1
途牛,途牛,10010000004404,10010000004404,message_send.image_banner.cannot_or_fail,message_send.image_banner.cannot_or_fail,将图片添加到喜爱的表情中，并发送，会发现图变得模糊，不清晰。收藏图之后，无法正常的显示清晰的图。,48,42,1
途牛,途牛,10010000003167,10010000003167,playback.audio.other,playback.audio.other,语音bug 接受到的第一条语音内容之后，之后其他人或者这个人发的语音都是一样额内容，语音都一样,47,44,1
途牛,途牛,10010000007183,10010000007183,message_send.chat.other,message_send.chat.other,在用户接收到消息时，只有删除消息功能，建议增加用户消息置顶功能和标为已读功能，以完善用户的需求。,48,44,1
途牛,途牛,10010000003337,10010000003337,message_send.chat.cannot_or_fail,message_send.chat.cannot_or_fail,发送语音消息成功后，读取语音消息时，无法切换到听筒模式，如果手机处于静音模式，无法听到语音消息。,48,43,1
途牛,途牛,10010000004065,10010000004065,other.step.load_fail,other.step.load_fail,找到用户后，点击用户，进入到白屏加载，，加载时间过长，超过了人们能接受的理想秒数，用户体验不好。,48,41,1
途牛,途牛,10010000003325,10010000003325,private_chat.page_view.other,private_chat.page_view.other,发送手机拍照图片页面刷新后，到非个人主页，再次点击发起私聊，我之前发送的消息，成为对方发送的消息,48,44,1
途牛,途牛,10010000003832,10010000003832,login.page_view.wrong_value,login.page_view.wrong_value,登录界面，输入错误密码后再输密码，下面的输入验证码区还留有之前的验证码，不能自动清除，不太方便。,48,43,1
途牛,途牛,10010000004146,10010000004146,other.other.other,other.other.other,在互动动态那一栏，当我点击关注我的粉丝头像后，本该显示粉丝所关注的人，但却显示我自己的关注对象。,48,44,1
途牛,途牛,10010000006026,10010000006026,login.chat.cannot_or_fail,login.chat.cannot_or_fail,同一账号可以多设备同时登录有严重的安全隐患，且只有随机一台设备能接收到消息，其他设备均收不到消息,48,46,1
途牛,途牛,10010000003824,10010000003824,message_send.other.cannot_or_fail,message_send.other.cannot_or_fail,发送表情，修改时无法将一整个表情直接清除，而是转化为文字和括号来进行一个个删除。用户体验度不好。,48,44,1
途牛,途牛,10010000003677,10010000003677,private_chat.chat.other,private_chat.chat.other,与互相关注的好友进行语音私聊,14,14,1
途牛,途牛,10010000007169,10010000007169,message_send.chat.load_fail,message_send.chat.load_fail,发送消息中如果对方网络异常，发送方没有提醒，并且对方网络正常之后仍然不能收到消息，出现消息丢失。,48,44,1
途牛,途牛,10010000003716,10010000003716,private_chat.button_icon.cannot_or_fail,private_chat.button_icon.cannot_or_fail,私聊输入多个表情，删除一个表情时，点击删除功能按钮，只能一点一点删除，不能一下子删除一整个表情。,48,43,1
途牛,途牛,10010000004496,10010000004496,message_send.button_icon.other,message_send.button_icon.other,选择表情时后点击删除按钮一次，未删除一个完整表情，点击发送后发送内容中包含有未完全删除表情的文字,48,46,1
途牛,途牛,10010000004749,10010000004749,message_send.chat.other,message_send.chat.other,语音聊天功能只能接受第一条语音的内容，接下来再接受到的语音都是同一条语音的内容，而且是必现问题。,48,45,1
途牛,途牛,10010000005026,10010000005026,private_chat.page_view.other,private_chat.page_view.other,在私聊界面，当对方发一个图片，我想要保存到本地相册，点击，保存到本地。查看本地相册，却没有保存。,48,41,1
途牛,途牛,10010000004614,10010000004614,message_send.audio.other,message_send.audio.other,接收到的对方语音内容全部都一样，都是对方第一次发送到语音内容，好像不同用户直接也会出现这种情况！,48,45,1
途牛,途牛,10010000006287,10010000006287,search.list_item.cannot_or_fail,search.list_item.cannot_or_fail,如果想要找某个人，知道它的昵称或者账号，无法搜索进行添加，只能有过聊天记录的人，才能成为联系人。,48,43,1
途牛,途牛,10010000005526,10010000005526,message_send.chat.other,message_send.chat.other,在发送消息中带有银行卡，身份证，等敏感词汇容易导致诈骗的时候，系统没有确认对方是本人等安全提示。,48,44,1
途牛,途牛,10010000005051,10010000005051,share.page_view.cannot_or_fail,share.page_view.cannot_or_fail,"点击我的收藏里面收藏的产品，再点击分享,新浪微博分享,发送时不能正确分享，之后自动跳回该产品页面",48,44,1
途牛,途牛,10010000005790,10010000005790,private_chat.page_view.other,private_chat.page_view.other,私聊界面没有区分好友与非好友，建议在陌生人一栏中添加标识，提醒用户此人非好友，提高app安全性。,48,44,1
途牛,途牛,10010000005635,10010000005635,other.button_icon.other,other.button_icon.other,点击新浪或qq图标,9,9,1
途牛,途牛,10010000007204,10010000007204,message_send.other.other,message_send.other.other,当我修改昵称后，我去发现里的求结伴中发送求结伴信息后，上面显示的不是我当前昵称，而是修改前的昵称,48,45,1
途牛,途牛,10010000007083,10010000007083,other.other.other,other.other.other,"在测试关注别人时,发现如果连续关注多人,偶尔会因点击频率快而进入某人的个人主页而不是关注了这个人",48,46,1
途牛,途牛,10010000006323,10010000006323,message_send.chat.other,message_send.chat.other,退出软件之后，在进入软件，找到原来的聊天窗口，发现本来是我自己发送的内容，变成了对面发送的内容。,48,43,1
途牛,途牛,10010000007170,10010000007170,playback.audio.cannot_or_fail,playback.audio.cannot_or_fail,用户听取收到的语音时，该应用无法判断用户是处于听筒模式还是外放模式，总是以外放的模式来播放语音。,48,45,1
途牛,途牛,10010000006643,10010000006643,notification.list_item.other,notification.list_item.other,通知里面的互动动态列表显示为按照时间从早到晚往下排列。按照使用习惯应为按照时间从晚到早往下排列。,48,46,1
途牛,途牛,10010000006390,10010000006390,groupchat.chat.other,groupchat.chat.other,没有网络情况下，浏览联系人出错。浏览最近联系人，应用显示空白。点击“最近联系人”跳转到“群组”。,48,39,1
途牛,途牛,10010000000889,10010000000889,comment.input_box.other,comment.input_box.other,"在对楼主发的贴进行评论时，""说俩句，撩撩楼主""的文本框在输入信息时，会出现输入内容的上部分被遮住。",49,43,1
途牛,途牛,10010000002523,10010000002523,private_chat.page_view.other,private_chat.page_view.other,和以关注的人发起私聊操作麻烦，需要先进入个人中心，再点击我的关注，进入对方个人主页才可以发起私聊。,49,45,1
途牛,途牛,10010000002956,10010000002956,search.chat.cannot_or_fail,search.chat.cannot_or_fail,无法搜索好友，只能通过求结伴中等中寻找,19,18,1
途牛,途牛,10010000003171,10010000003171,message_send.list_item.other,message_send.list_item.other,在聊天列表 是我发送的消息，应该前面会有一个“我：”，但是刚刚看有一个聊天记录没有。可惜没有截到图,49,42,1
途牛,途牛,10010000003339,10010000003339,message_send.page_view.display_missing,message_send.page_view.display_missing,网络状态良好情况下，打开消息页面点击消息列表中的一个用户，点进去后用户名不一致并且聊天记录不显示。,49,46,1
途牛,途牛,10010000002671,10010000002671,other.page_view.cannot_or_fail,other.page_view.cannot_or_fail,在用户点击页面模块的时候，不能明确的指示使用者点击的模块，没有添加任何的鼠标点击或者划过时候的指示,49,47,1
途牛,途牛,10010000004789,10010000004789,message_send.chat.other,message_send.chat.other,聊天用户没改名字之前，聊天栏里是一串数字，之后更改了名字，聊天窗口名字没有发生改变，还是原来的数字,49,45,1
途牛,途牛,10010000006988,10010000006988,message_send.list_item.other,message_send.list_item.other,输入：进入消息列表，进入通知栏，右滑手机。,21,17,1
途牛,途牛,10010000006611,10010000006611,message_send.page_view.other,message_send.page_view.other,让一个好友删掉我之后，在通过广场找到我发起对话，然后消息界面就点不开了。换了下方tab仍然没有用。,49,45,1
途牛,途牛,10010000002852,10010000002852,share.button_icon.permission,share.button_icon.permission,"微信登陆图标点击后无反应，qq和微博登陆点击图标后会跳转界面或者提示无法授权,微信点击后无任何反应",49,47,1
途牛,途牛,10010000003131,10010000003131,message_send.list_item.wrong_value,message_send.list_item.wrong_value,第一个人发送的语音会覆盖后面所有联系人发的语音。即使删除删除屏蔽与第一个人的聊天记录也还是会覆盖。,49,47,1
途牛,途牛,10010000005411,10010000005411,message_send.other.cannot_or_fail,message_send.other.cannot_or_fail,用户A发送一大串文字给用户B，用户B会收不到长文字，但是其他短对话可以正常进行，也就是长文字包丢失,49,46,1
途牛,途牛,10010000003584,10010000003584,message_send.list_item.other,message_send.list_item.other,语音聊天时，记录语音有时前面没记录到，有时后面没记录到，如图三段相同内容长度的语音，有两段出现缺失,49,45,1
途牛,途牛,10010000006621,10010000006621,private_chat.page_view.other,private_chat.page_view.other,在广场进入一个人的主页并选择私聊之后，不发送任何信息，再退出聊天界面，最近联系人中仍然会出现该人。,49,45,1
途牛,途牛,10010000004922,10010000004922,private_chat.page_view.other,private_chat.page_view.other,收到新的聊天信息时，在进入私聊界面后，突然出现未知帐号的好友和历史信息，在返回后再进入才恢复正常。,49,45,1
途牛,途牛,10010000003549,10010000003549,private_chat.chat.other,private_chat.chat.other,两次私聊时，第一次用户自己发的消息，第二次显示在左边，易令用户产生混淆，让用户误以为是对方发的消息,49,45,1
途牛,途牛,10010000006602,10010000006602,private_chat.chat.other,private_chat.chat.other,三个人同时互相关注，建立私聊语音，A发语音，B听不见，然后B与C发起语音，C这边的语音是B说的话。,49,43,1
途牛,途牛,10010000007067,10010000007067,private_chat.page_view.other,private_chat.page_view.other,私聊的设置中，提示最多100字。其实应该是最多输入100字节。数字可以输入100个，汉字只能80。,49,44,1
途牛,途牛,10010000005383,10010000005383,message_send.page_view.other,message_send.page_view.other,在与一个好友聊天的时候，其他好友发给你消息不会被提醒，不会显示在你与当前好友的聊天界面上方显示提醒,49,47,1
途牛,途牛,10010000006476,10010000006476,search.list_item.other,search.list_item.other,与某用户聊天时只能通过一直往上翻查找聊天记录，右上角点开没有查看聊天记录的功能，用户体验性较不好。,49,46,1
途牛,途牛,10010000004549,10010000004549,gps_track.gps.cannot_or_fail,gps_track.gps.cannot_or_fail,在打开手机定位服务状态下，步骤3中的定位提示“无法获取您的位置，请刷新或选择距您较近的城市”。,47,42,1
途牛,途牛,10010000004886,10010000004886,message_send.page_view.other,message_send.page_view.other,在发送图片功能，选择图片界面，若要发送多张图片，在选择其中一张为原图后，其余所有图片都将被选为原图,49,45,1
途牛,途牛,10010000004916,10010000004916,message_send.page_view.cannot_or_fail,message_send.page_view.cannot_or_fail,投诉好友，只有文字描述，不能够发送聊天截图，这样，在评判时不好确认，最好能在投诉那里设置能上传图片,49,44,1
途牛,途牛,10010000005176,10010000005176,message_send.chat.other,message_send.chat.other,非互相关注的情况下，双方消息发送的时间顺序出现错乱，非同时冲突。(详情见截图中关于屏蔽的两行对话),49,44,1
途牛,途牛,10010000007073,10010000007073,message_send.button_icon.other,message_send.button_icon.other,点击已发送图片，待出现‘删除|取消’图标时，上下拖动屏幕，该图标位置不动，相当于移动到其他的位置。,49,41,1
途牛,途牛,10010000005137,10010000005137,message_send.chat.other,message_send.chat.other,微信或者QQ等在聊天时输入的内容都有一定的字符数限制，但途牛没有限制（图里的文字字符数＞5000）,49,45,1
途牛,途牛,10010000005465,10010000005465,private_chat.page_view.wrong_value,private_chat.page_view.wrong_value,语音消息错误！点开私聊页面发送语音时，只能有第一条语音内容。发送的所以的语音都是第一条语音的内容。,49,45,1
途牛,途牛,10010000005916,10010000005916,other.list_item.other,other.list_item.other,用户名切换不及时。当我关注的人修改了用户名之后，我的列表没有及时的修改过来。在用户的体验上不舒服。,49,45,1
途牛,途牛,10010000005897,10010000005897,message_send.audio.wrong_value,message_send.audio.wrong_value,当多个用户向同一个用户发送语音时，其他用户发送的语音信息内容错误，播报的是第一个用户发送的语言信息,49,47,1
途牛,途牛,10010000006254,10010000006254,private_chat.page_view.other,private_chat.page_view.other,当我们把一个私聊会话删除后后，我们在联系人里点击该用户，跳转到的页面是该用户的资料，而不是会话页面,49,46,1
途牛,途牛,10010000006243,10010000006243,share.button_icon.freeze,share.button_icon.freeze,无法使用第三方登陆，点击后QQ会出现授权失败，点击新浪微博后会出现访问出错界面，点击微信图标无响应,49,46,1
途牛,途牛,10010000006697,10010000006697,message_send.chat.other,message_send.chat.other,当接收第一个人发送的语音之后再接收其他的语音消息，即使这两条语音不同，但却重复输出第一条的语音消息,49,47,1
途牛,途牛,10010000004657,10010000004657,message_send.chat.other,message_send.chat.other,2个好友发过来的语音消息，第一条语音消息正常，第二条语音消息确实第一个好友发的语音消息。重大bug。,50,46,1
途牛,途牛,10010000003186,10010000003186,message_send.page_view.other,message_send.page_view.other,删除聊天记录时，界面不够友好，应该在聊天界面选择，类似于QQ popupwindows功能要好一点,49,45,1
途牛,途牛,10010000002621,10010000002621,message_send.page_view.other,message_send.page_view.other,输入聊天信息，行数多余两行之后，EditText并没有自增，导致整个输入界面只能两行高，用户体验差。,50,45,1
途牛,途牛,10010000002673,10010000002673,other.other.other,other.other.other,用户可以无限输入字符，EditText并没有对用户输入字符长度进行限制。同样的，也可以无限输入表情。,50,46,1
途牛,途牛,10010000002438,10010000002438,message_send.button_icon.other,message_send.button_icon.other,为何要把联系人放在右上角的消息图标里面而不是在个人信息里显示，我第一个反应找联系人是在个人信息里面找,50,49,1
途牛,途牛,10010000003217,10010000003217,other.button_icon.cannot_or_fail,other.button_icon.cannot_or_fail,当没有点赞时，点击点赞按钮可以进行点赞，当再次点击时应该可以取消点赞，而不是出现提示信息“点赞失败”,50,45,1
途牛,途牛,10010000006804,10010000006804,message_send.other.other,message_send.other.other,我关注对方，但是对方并未关注我，我竟然能随便给对方发送信息！希望修改为：相互关注的双方才能互发信息！,50,45,1
途牛,途牛,10010000003880,10010000003880,comment.list_item.other,comment.list_item.other,帖子有人评论而非转发时，转发数也增加了。,20,18,1
途牛,途牛,10010000005295,10010000005295,private_chat.chat.other,private_chat.chat.other,私聊只能一次性发60秒语音,13,13,1
途牛,途牛,10010000005075,10010000005075,message_send.button_icon.other,message_send.button_icon.other,接收到新消息后去查看经过的路径太多，要点好多按钮，可用性较差，并且提示消息只有一个小红点，并不明显。,50,45,1
途牛,途牛,10010000004506,10010000004506,private_chat.input_box.cannot_or_fail,private_chat.input_box.cannot_or_fail,在私聊窗口页面―>点击文本输入框右侧“表情”图标，查看表情，发现自带表情种类太少，无法满足用户需求。,50,42,1
途牛,途牛,10010000004606,10010000004606,private_chat.input_box.cannot_or_fail,private_chat.input_box.cannot_or_fail,在私聊窗口页面―>点击文本输入框右侧“表情”图标，查看表情，发现自带表情种类太少，无法满足用户需求。,50,42,1
途牛,途牛,10010000004126,10010000004126,other.input_box.other,other.input_box.other,表情太少，添加表情时输入框显示的是汉字，不是表情图，因此，删除表情时需要删除三个字符才能完全删除表情,50,46,1
途牛,途牛,10010000003988,10010000003988,private_chat.chat.cannot_or_fail,private_chat.chat.cannot_or_fail,表情显示问题，私聊发送表情时，选择好表情后，表情不能在编辑框显示，只有发送后才能显示。若能显示更好。,50,44,1
途牛,途牛,10010000005759,10010000005759,register.page_view.load_fail,register.page_view.load_fail,在个人界面下出现刷新不了白化的情况，就是除了登录\注册的字样无法加载出任何东西，此情况是小概率事件。,50,46,1
途牛,途牛,10010000004158,10010000004158,message_send.chat.other,message_send.chat.other,语音聊天信息应该使用“通话音量”，调用手机的听筒和蓝牙耳机等外设。使用“媒体”通道将会存在兼容问题。,50,43,1
途牛,途牛,10010000004569,10010000004569,message_send.chat.cannot_or_fail,message_send.chat.cannot_or_fail,消息发送无法撤回，即使删除对方也能看到，即如果有时输入快了发错了信息，无法撤回则可能会出现不好的后果,50,47,1
途牛,途牛,10010000006827,10010000006827,register.chat.cannot_or_fail,register.chat.cannot_or_fail,在建立私聊路径时，不能自动匹配手机联系人已经注册的好友。2.当关注自己的好友时，寻找步骤不便捷。,48,43,1
途牛,途牛,10010000004676,10010000004676,private_chat.image_banner.other,private_chat.image_banner.other,原先私聊别人的表情，语音，图片在手机屏幕的左侧出现，误以为别人回消息了，实际上是自己上一次的发的消息,50,46,1
途牛,途牛,10010000006162,10010000006162,other.list_item.cannot_or_fail,other.list_item.cannot_or_fail,联系人列表没有做在线与否的判断，不能根据在线与否的情况提供不同的头像视图（或其他易理解的区别证据）。,50,46,1
途牛,途牛,10010000004929,10010000004929,other.chat.cannot_or_fail,other.chat.cannot_or_fail,顾客想要加某个人为好友时，即便知道了他的账号也无法加他为好友，这是个用户体验的问题。（截图是问客服）,50,45,1
途牛,途牛,10010000006907,10010000006907,message_send.button_icon.other,message_send.button_icon.other,按住语音按钮说话时，按到用户头像会立马切换到用户资料界面，而语音没用使用手势取消却自动取消没有发送。,50,47,1
途牛,途牛,10010000006358,10010000006358,message_send.chat.other,message_send.chat.other,+接收方收到的永远都是第一个发送人第一次发送的语音消息,27,26,1
途牛,途牛,10010000006530,10010000006530,private_chat.chat.cannot_or_fail,private_chat.chat.cannot_or_fail,私聊不支持离线发送消息，即一方离线时，另一方发送的消息没有缓存，当再次联网时，接收不到已发送的消息。,50,45,1
途牛,途牛,10010000002604,10010000002604,search.chat.cannot_or_fail,search.chat.cannot_or_fail,无法搜索好友进行添加，只能通过头像关注,19,18,1
途牛,途牛,10010000004773,10010000004773,message_send.button_icon.load_fail,message_send.button_icon.load_fail,我的页面一直提示有消息 但是点击消息图标 进入界面后 界面上方一直提示连接中 无法加载 且多次重试无效,51,46,1
途牛,途牛,10010000002373,10010000002373,other.page_view.other,other.page_view.other,"更换头像时,进入选择图片窗口,第一次进入正常,第二次选择图片会跳到手机系统界面,不再有保存为头像的选项",51,47,1
途牛,途牛,10010000005083,10010000005083,login.chat.other,login.chat.other,一个在线用户给另一个离线用户发送消息，另一个离线用户登录查看信息时，面板显示的是第一条信息而非最后一条,51,49,1
途牛,途牛,10010000005751,10010000005751,message_send.chat.layout_issue,message_send.chat.layout_issue,当用户A，用户B进行聊天互动时，退出当前聊天窗口，再进入时 ，用户A，B头像 聊天气泡会重叠在同一边。,51,43,1
途牛,途牛,10010000003640,10010000003640,message_send.list_item.other,message_send.list_item.other,聊天记录板块，应该有每一项聊天记录的删除或置顶功能，对于每一项可以实现左滑进行删除或者置顶的功能选项。,51,48,1
途牛,途牛,10010000004475,10010000004475,other.input_box.other,other.input_box.other,输入框直接显示表情不更好，而不是显示表情的代码，如果用户打字时不小心删了个表情的代码，就容易发不出表情,51,48,1
途牛,途牛,10010000004205,10010000004205,message_send.image_banner.cannot_or_fail,message_send.image_banner.cannot_or_fail,好友之间相互发送的图片，有些时候能放大图片进行查看，有些时候不能放大图片进行查看，如果查看，就会黑屏。,51,46,1
途牛,途牛,10010000003540,10010000003540,private_chat.page_view.cannot_or_fail,private_chat.page_view.cannot_or_fail,私聊界面对方的名字只会显示第一次私聊时对面的名字，对方在这之后修改名字不能在私聊窗口显示最新修改的名字,51,50,1
途牛,途牛,10010000002966,10010000002966,notification.audio.cannot_or_fail,notification.audio.cannot_or_fail,语音信息只能接收第一条的内容，不管是谁发的，发了多少条，发过来的语音都是第一条，接收不到其他内容的语音,51,47,1
途牛,途牛,10010000005058,10010000005058,message_send.audio.other,message_send.audio.other,发送的语音不完全显示，即说完语音松开按键，后面说的话不会发出来，需要说完停顿一两秒才可以，影响互相交流,51,47,1
途牛,途牛,10010000004637,10010000004637,other.page_view.other,other.page_view.other,关注显示问题。在互动动态页面点击用户头像，出现的页面显示都相同，发现都为自己的关注页面，而不是用户的。,51,46,1
途牛,途牛,10010000003619,10010000003619,other.input_box.other,other.input_box.other,步骤：1.在页面文本输入框内输入数据,18,16,1
途牛,途牛,10010000003756,10010000003756,message_send.chat.cannot_or_fail,message_send.chat.cannot_or_fail,互动动态菜单最新的通知是出现在最下方的，而且没有已读与未读消息的区别，用户不能很快的查看到动态更新通知,51,49,1
途牛,途牛,10010000003376,10010000003376,message_send.other.other,message_send.other.other,选中要发送的表情,8,8,1
途牛,途牛,10010000004493,10010000004493,search.other.cannot_or_fail,search.other.cannot_or_fail,无法找到用户搜索功能（即根据用户账号寻找用户），或搜索功能处于不易寻找的位置，对用户使用造成的影响较大,51,47,1
途牛,途牛,10010000003980,10010000003980,message_send.audio.other,message_send.audio.other,我发送出去的音频有的人听不到，有的人都能听到，有的人只能听到一部分，但是在我这里回放自己发的都能听到。,51,47,0
途牛,途牛,10010000006696,10010000006696,message_send.other.other,message_send.other.other,同时发送的照片未按序列到达。如下图所示，小杨子528用户发送的照片顺序和天上的孩子接收到的顺序不一致。,51,48,0
途牛,途牛,10010000006104,10010000006104,other.page_view.cannot_or_fail,other.page_view.cannot_or_fail,无法后台运行 每次按主页面菜单键后打开APP后再次重新启动,29,28,1
途牛,途牛,10010000007207,10010000007207,message_send.image_banner.cannot_or_fail,message_send.image_banner.cannot_or_fail,不能给好友发文件，比如：自己去过的感觉还不错的地方（图片，地方介绍，风俗人情），整理成文件发送给好友。,51,43,1
途牛,途牛,10010000004173,10010000004173,message_send.page_view.other,message_send.page_view.other,当好友发过来一条消息后，若此时我在首页浏览信息，我就不会收到信息提醒，只有当我点进信息中心后才会提醒。,51,47,1
途牛,途牛,10010000003965,10010000003965,settings.page_view.cannot_or_fail,settings.page_view.cannot_or_fail,个人资料中头像无法设置，第一次选择本地照片无法设置自己的头像，再次选择拍照后成功，之后就可以设置头像了,51,48,1
途牛,途牛,10010000004648,10010000004648,search.other.other,search.other.other,在搜索栏里搜索关键词，修改关键词每次处理一次修改后，打字光标都会悬停在整个关键词的最后，极大的功能缺陷,51,48,1
途牛,途牛,10010000006037,10010000006037,private_chat.chat.other,private_chat.chat.other,在与他人私聊的过程中，没有出现是否提示他人在线的功能，用户不知道对方是否在线，一直苦等，用户体验较差。,51,46,1
途牛,途牛,10010000004397,10010000004397,login.other.cannot_or_fail,login.other.cannot_or_fail,步骤3中使用QQ登录失败,12,12,1
途牛,途牛,10010000004845,10010000004845,other.other.crash,other.other.crash,使用第三方微信登陆，出现闪退现象。,17,15,1
途牛,途牛,10010000004714,10010000004714,share.page_view.other,share.page_view.other,"当私聊界面手动截屏时，途牛客户端会自动出现有一个功能分享到，微信，朋友圈，QQ,，点击并没有任何反应。",51,44,1
途牛,途牛,10010000004804,10010000004804,message_send.chat.other,message_send.chat.other,发出多段语音消息后，证实从第一段语音开始后的所有语音内容都是第一段的语音内容。,39,37,1
途牛,途牛,10010000005249,10010000005249,other.page_view.cannot_or_fail,other.page_view.cannot_or_fail,无法后台运行 每次按主页面菜单键后打开APP后再次重新启动,29,28,1
途牛,途牛,10010000006279,10010000006279,notification.step.other,notification.step.other,运行软件一段时间后通知栏会出现莫名提示:JPush提示.....点击后出现短暂跳屏源码，影响用户体验。,51,43,1
途牛,途牛,10010000005303,10010000005303,groupchat.chat.wrong_value,groupchat.chat.wrong_value,联系人视图中群聊控件点击后只有“你还没有群组”的提示，功能表述不明确。且无添加群聊功能，用户难以使用。,51,45,1
途牛,途牛,10010000006116,10010000006116,message_send.chat.other,message_send.chat.other,在知道一个用户的id后，如果想找他聊天，可是却不知道该怎么找到该用户，除非找到关注他的人或者他关注的人,51,48,0
途牛,途牛,10010000006856,10010000006856,other.other.other,other.other.other,当用户的输入内容包含“[可爱]”等等，软件会将它自动转换成应用的表情，而又是用户仅仅是想输入这几个文字,51,45,0
途牛,途牛,10010000006173,10010000006173,other.other.other,other.other.other,如果输入英文后立刻接网页网址的话，会被合并在一起当做网址（如图所示的seewww.baidu.com）,51,46,0
途牛,途牛,10010000007015,10010000007015,message_send.list_item.other,message_send.list_item.other,互动动态没有分组，互动动态的简介是评论，点赞，问答消息，可是点进去后未分组，特别是点赞的人的信息不清楚,51,46,1
途牛,途牛,10010000003708,10010000003708,message_send.other.wrong_value,message_send.other.wrong_value,在表情栏进行退格删除表情时，一次退格应该删除一个表情，但一次退格删除的是表情符的一个中括号，导致发送错误,52,49,1
途牛,途牛,10010000005451,10010000005451,message_send.page_view.cannot_or_fail,message_send.page_view.cannot_or_fail,聊天界面不是很好看，太单一化，而且还不能设置聊天皮肤，和聊天背景设置，这样不能给用户一个很好的聊天环境。,52,47,1
途牛,途牛,10010000002713,10010000002713,message_send.button_icon.other,message_send.button_icon.other,寻找右上角对话小图标不易找到，首先想到的是系统的通知，聊天记录还行，挺直观，一开始寻找用户发聊天找了一会,52,48,1
途牛,途牛,10010000003888,10010000003888,message_send.button_icon.other,message_send.button_icon.other,右上角消息图标太小，消息提醒不明显。不够人性化，可以增加消息提醒铃声、消息免打扰、设置特别关心等子功能。,52,46,1
途牛,途牛,10010000002899,10010000002899,other.other.other,other.other.other,现象:当用户A屏蔽用户B时，当用户B在输入内容时对话栏目还是会显示输入中状态,38,36,1
途牛,途牛,10010000003903,10010000003903,message_send.chat.other,message_send.chat.other,当我发送消息之后，长按已发送信息，会弹出取消按键，容易让人误以为撤销之类的功能，产生歧义，用户体验不好。,52,46,1
途牛,途牛,10010000003809,10010000003809,private_chat.chat.other,private_chat.chat.other,该账号在与人私聊时，第一条收到的语音会覆盖掉接下来收到的任何一人的消息。收到的都是第一条消息，无论时长。,52,48,1
途牛,途牛,10010000005268,10010000005268,message_send.button_icon.cannot_or_fail,message_send.button_icon.cannot_or_fail,当用户不能完全确定发送的语音内容时，可以增加录音功能，录音后增加取消和发送按钮，以此发送较为满意的消息。,52,48,1
途牛,途牛,10010000005979,10010000005979,message_send.chat.cannot_or_fail,message_send.chat.cannot_or_fail,用户互相关注后，我屏蔽对方消息后！自己能发送给对方但收不到对方发送的消息，但可以看到提示对方正在输入中！,52,48,1
途牛,途牛,10010000003439,10010000003439,other.page_view.cannot_or_fail,other.page_view.cannot_or_fail,进入首页联系人列表，只有聊过天的联系人，不能自主添加联系人，必须从什么社区，活动，发现中招，好麻烦。。。,52,43,1
途牛,途牛,10010000003859,10010000003859,private_chat.list_item.other,private_chat.list_item.other,私聊的消息记录，“我”和“我私聊的对象”消息记录会放在同一栏，需要刷新多次几秒到几十秒不等才会恢复正常。,52,45,1
途牛,途牛,10010000007009,10010000007009,message_send.page_view.cannot_or_fail,message_send.page_view.cannot_or_fail,发送一个大图片（十几M）给对方之后，推出聊天界面，再次进入聊天列表之后，无法跟除了客服以外的任何人聊天。,52,46,1
途牛,途牛,10010000005139,10010000005139,private_chat.page_view.other,private_chat.page_view.other,私聊设置中无论是否设置新消息提醒，对方发来消息时，虚拟机都没有提醒，而手机是有震动提醒的。说明其兼容不好,52,48,1
途牛,途牛,10010000003846,10010000003846,private_chat.chat.other,private_chat.chat.other,与互相关注的好友进行私聊时,13,13,1
途牛,途牛,10010000003790,10010000003790,register.chat.other,register.chat.other,关注后，好友的昵称虽然已经修改，但显示的依旧是注册时的名字，只有在删除联系人之后再进行私聊才会显示正确。,52,48,1
途牛,途牛,10010000005990,10010000005990,message_send.page_view.cannot_or_fail,message_send.page_view.cannot_or_fail,不能设置用户喜欢的聊天背景,13,13,1
途牛,途牛,10010000004078,10010000004078,private_chat.page_view.wrong_value,private_chat.page_view.wrong_value,私聊设置中的输入提示不正确。应用提示输入最多100字一，但是汉字只能80个。应该提示输入最多100字节。,52,48,1
途牛,途牛,10010000004373,10010000004373,message_send.image_banner.other,message_send.image_banner.other,分别通过图片功能进行发送和通过发送表情方式进行发送两张相同的图片，分辨率相差太多。后者图片几乎不可识别。,52,49,1
途牛,途牛,10010000004424,10010000004424,playback.audio.other,playback.audio.other,作为A用户，当听到B发给自己的语音或者听自己的语音时，长按所发出的语音，选择取消功能，语音却仍然继续播放,52,48,1
途牛,途牛,10010000006002,10010000006002,register.page_view.cannot_or_fail,register.page_view.cannot_or_fail,已经登录，但在“我的“”界面，显示登录\注册，个人信息并可以进行编辑点击可以看到，但是点击其他选项无反应,52,44,1
途牛,途牛,10010000005878,10010000005878,private_chat.chat.other,private_chat.chat.other,私聊功能不方便,7,7,1
途牛,途牛,10010000006140,10010000006140,message_send.chat.other,message_send.chat.other,第一次发送聊天信息时，头像出现在右边，但会有小概率自己头像出现在左边，且自己发送的信息，会变成他人的信息,52,48,1
途牛,途牛,10010000006165,10010000006165,other.step.other,other.step.other,从无线网络切换到数据连接，需要等待一段时间才能正常的连接上,29,28,1
途牛,途牛,10010000006632,10010000006632,message_send.chat.other,message_send.chat.other,发送给好友的语音消息全部都和第一条消息一样，也就是说后面的语音消息在好友接收过后点击播放时都是同一段语音,52,51,1
途牛,途牛,10010000006691,10010000006691,other.other.crash,other.other.crash,偶尔在每日精选时，在查看别人发的动态时，app会自动闪退，自动重启，原因可能是:系统兼容性做的不是很好。,52,46,1
途牛,途牛,10010000006734,10010000006734,private_chat.chat.other,private_chat.chat.other,私聊只能一次性发60秒语音。,14,13,1
途牛,途牛,10010000007092,10010000007092,private_chat.chat.cannot_send,private_chat.chat.cannot_send,给别人私聊发消息怎样都发不出去，点重发也没用，换一个人也没用，刚开始以为我被禁演，只有重新启动程序才有用,52,48,1
途牛,途牛,10010000007058,10010000007058,other.input_box.no_prompt,other.input_box.no_prompt,投诉字数超过100，输不进去，但未提示已满100字，且输入框下面还有空白处，容易让用户认为还能继续输入。,52,47,1
途牛,途牛,10010000007185,10010000007185,private_chat.page_view.other,private_chat.page_view.other,私聊接收信息只在消息页面有提醒。当私聊的消息来了，手机处于锁屏或后台运行或不在聊天页面，均没有声音提醒。,52,48,1
途牛,途牛,10010000003904,10010000003904,message_send.chat.freeze,message_send.chat.freeze,经过测试，两个用户在面对面，WiFi信号很强的情况下，一用户给另一用户发消息，消息接收存在3~5秒的延迟。,53,47,1
途牛,途牛,10010000004730,10010000004730,other.page_view.other,other.page_view.other,"在“行程玩法”中的“我的行程”中,下拉页面时有固定的图片不动,下拉的图片和不动的图片交叠在一起,使画面晃动",53,46,1
途牛,途牛,10010000002365,10010000002365,private_chat.image_banner.cannot_or_fail,private_chat.image_banner.cannot_or_fail,私聊时发送的文字和表情并长按选择图片和文字表情。文字和表情确定可以复制、删除而图片只能删除和保存，不能复制,53,50,1
途牛,途牛,10010000004631,10010000004631,message_send.chat.cannot_or_fail,message_send.chat.cannot_or_fail,当用户收到消息时，左上表有红色小点，点开时，并不能一下子看出在哪里有消息，除非再往里点才能看到消息是哪里的,53,49,1
途牛,途牛,10010000004755,10010000004755,message_send.other.other,message_send.other.other,对方发送给我的信息,9,9,1
途牛,途牛,10010000005544,10010000005544,message_send.list_item.other,message_send.list_item.other,对方改了名字 聊天列表没有更新 但联系人列表更新了 和我聊天的人原本用户名是 工大康哥 现在改成工大大学生,53,48,1
途牛,途牛,10010000002683,10010000002683,message_send.input_box.other,message_send.input_box.other,用惯qq的用户一般习惯点击键盘上的回车发送，但是途牛只能点击对话框的发送按钮，希望能让用户自行选择发送方式,53,51,1
途牛,途牛,10010000005467,10010000005467,private_chat.page_view.other,private_chat.page_view.other,私聊期间，如果返回首页或者其他页面，对方发送信息时没有任何提示，只有点击对话标志才能听到提示音并看到消息。,53,49,1
途牛,途牛,10010000003373,10010000003373,message_send.chat.other,message_send.chat.other,未互相关注和相互关注时，和不同用户语音聊天播放的语音消息时全是同一个语音（开启应用时受到的第一个语音消息）,53,50,1
途牛,途牛,10010000006850,10010000006850,message_send.input_box.cannot_or_fail,message_send.input_box.cannot_or_fail,输入框不能随着输入的信息内容而自适应地扩展，当用户一次要发送较多的信息时就只能显示部分信息，用户体验不好。,53,50,1
途牛,途牛,10010000004468,10010000004468,search.other.other,search.other.other,两个用户A和B添加关注的时候，必须得到问答里面，找到相关用户进入到他的主页才能添加，没有搜索查询用户功能。,53,49,1
途牛,途牛,10010000006973,10010000006973,message_send.page_view.cannot_or_fail,message_send.page_view.cannot_or_fail,双方语音聊天时，一条语音必须听完才能结束，或者退出聊天界面才能停止正在播放的语音。并且不能用听筒播放语音。,53,49,1
途牛,途牛,10010000004118,10010000004118,gps_track.page_view.permission,gps_track.page_view.permission,进入程序后在选择城市页面无法定位到当前所在城市，导致我身边功能无法正常使用已获得定位权限，定位功能已打开。,53,50,1
途牛,途牛,10010000003034,10010000003034,private_chat.input_box.other,private_chat.input_box.other,私聊时，选择表情，会以文字描述的形式出现在输入框里，删除时，只能连续删除所有的字符才可以，需要点击四下按钮,53,48,1
途牛,途牛,10010000004512,10010000004512,message_send.chat.other,message_send.chat.other,聊天过程中，上方输入状态栏总是显示正在输入中，等了好久依旧没有消息，经和同学验证，没有正在输入时，也会这样,53,48,1
途牛,途牛,10010000003571,10010000003571,private_chat.page_view.other,private_chat.page_view.other,在设置私聊中的举报用户选项，下方显示的是最大100字，最好更改设置为还能输入多少字，这样对于用户较为方便。,53,49,1
途牛,途牛,10010000004567,10010000004567,private_chat.chat.other,private_chat.chat.other,在私聊对话进行时，屏幕突然变白，一秒过后，弹出对话信息，对话内容跳转，原本我发的消息在右边，跳转到了左边！,53,46,1
途牛,途牛,10010000003664,10010000003664,comment.page_view.cannot_or_fail,comment.page_view.cannot_or_fail,评论数应该要及时进行更新，每添加一条评论，其父界面的发布信息界面应该增加1，但该软件不能自动及时更新评论数,53,50,1
途牛,途牛,10010000005281,10010000005281,search.page_view.cannot_or_fail,search.page_view.cannot_or_fail,不能查找到已关注的用户，比如我已经关注了名为途牛社区的人，但是我在各种页面均找不到这个人，除非我跟他有对话,53,50,1
途牛,途牛,10010000005116,10010000005116,other.page_view.other,other.page_view.other,购物车在 行程玩法 界面才能找到，在 我的 界面找不到，不符合一般人的逻辑，用户第一次使用时找不到,49,42,1
途牛,途牛,10010000003877,10010000003877,playback.audio.other,playback.audio.other,期望结果：分别点击3语音，播放3段不同语音·,22,19,1
途牛,途牛,10010000003947,10010000003947,private_chat.page_view.other,private_chat.page_view.other,"私聊界面十分简洁,但少了几个功能,私聊里设置里只有删除私聊历史并没有查看。",37,34,1
途牛,途牛,10010000005006,10010000005006,message_send.page_view.other,message_send.page_view.other,对所有未上传头像的用户，系统默认设置为灰色头像，这让用户感觉是在跟一个未上线的用户聊天，心里会有一点点失落,53,50,1
途牛,途牛,10010000005399,10010000005399,other.other.other,other.other.other,"在选择目的地或酒店等时候的全部筛选是从左边弹出来的,有一种别扭的体验,选择完毕如何缩回去让用户有点无所适从",53,51,1
途牛,途牛,10010000004690,10010000004690,private_chat.chat.cannot_or_fail,private_chat.chat.cannot_or_fail,在私聊的过程中，发送消息后，不能撤回。用户可能会因操作失误而导致发送消息，没有撤回功能给用户使用带来困难。,53,48,1
途牛,途牛,10010000005471,10010000005471,message_send.page_view.other,message_send.page_view.other,"在第一页表情区域左滑后返回上一界面（此处不应返回上一界面),在发送照片选择区域存在相同问题,影响用户体验。",53,48,1
途牛,途牛,10010000005739,10010000005739,message_send.page_view.other,message_send.page_view.other,新消息提醒随系统设置变化，系统设置为静音时，提醒消息为震动，而系统设置为非静音非震动时，有时并没有提醒音。,53,48,1
途牛,途牛,10010000005393,10010000005393,other.image_banner.cannot_or_fail,other.image_banner.cannot_or_fail,接受到的图片只能删除 不能转发 要点击图片，右上角的菜单保存，容易忽略，对需要的图片不能进行所需要的处理。,53,47,1
途牛,途牛,10010000006695,10010000006695,search.chat.cannot_or_fail,search.chat.cannot_or_fail,已关注用户和陌生用户的聊天纪录查找路径没有区别。不能区分哪些是自己关注的用户发来的消息和陌生人发来的消息。,53,51,1
途牛,途牛,10010000006845,10010000006845,private_chat.chat.other,private_chat.chat.other,私聊语音功能和手机音乐播放没有协调工作。手机放着音乐，打开应用私聊播放语音一样成功。应用可以提示先暂停音乐,53,50,1
途牛,途牛,10010000000760,10010000000760,other.other.other,other.other.other,在个人邮箱的编辑时，对邮箱的验证不够全面，只要格式正确就能通过邮箱验证。即使是不存在的邮箱也能通过邮箱验证。,54,50,1
途牛,途牛,10010000001711,10010000001711,other.button_icon.other,other.button_icon.other,返回太机械，按返回按钮会一层一层返回，很多页面已经不需要了，但是还得等一直返到主页面。应该改成直接返回主页面,54,50,1
途牛,途牛,10010000004664,10010000004664,message_send.page_view.load_fail,message_send.page_view.load_fail,我的页面一直提示有新的消息 但是点击消息后，页面上方一直在提示连接中始终无法加载成功 多次重新点击都无法加载,54,51,1
途牛,途牛,10010000004823,10010000004823,comment.input_box.other,comment.input_box.other,在发帖后进入帖子里面，点击评论的那个小按钮，输入框显示有问题，只能显示一半的高度，输进去的字只能显示一般高度,54,50,1
途牛,途牛,10010000004216,10010000004216,message_send.button_icon.other,message_send.button_icon.other,"输入文字时,输入栏最右侧的按钮为回车形状,按下后起到发送的功能, 不是换行(按理应是向右的直箭头表示发送).",54,47,1
途牛,途牛,10010000004557,10010000004557,message_send.button_icon.other,message_send.button_icon.other,"用户从语音,表情,图片拍照页面 按返回键后,直接返回到了进入聊天之前的界面.(应该置为刚进聊天界面时的样子)",54,47,1
途牛,途牛,10010000002461,10010000002461,groupchat.chat.other,groupchat.chat.other,如果没有群组，为何不同时显示创建群组,18,17,1
途牛,途牛,10010000004405,10010000004405,message_send.chat.other,message_send.chat.other,"和相互关注的人聊天时,顶部显示的“正在输入。。。” 信息不准确",31,24,1
途牛,途牛,10010000002939,10010000002939,search.page_view.other,search.page_view.other,在私聊界面没有找到用户搜索功能,15,15,1
途牛,途牛,10010000003478,10010000003478,message_send.chat.cannot_or_fail,message_send.chat.cannot_or_fail,在联系人里才可以显示已关注人的正常名字，在右上角聊天功能里不能正常显示联系人名字，别人发消息过来都不知道是谁,54,52,1
途牛,途牛,10010000004458,10010000004458,message_send.button_icon.other,message_send.button_icon.other,"在编辑多个表情发送时想要删除部分表情时，每点一个删除按钮只能删去[表情]的一个字符，例如点一下只删去""]""。",54,46,1
途牛,途牛,10010000004411,10010000004411,private_chat.button_icon.other,private_chat.button_icon.other,点击私聊界面右上角“更多”图标，可设置聊天。其中“新消息提醒”按钮应该和“屏蔽此人消息”按钮在逻辑上相关联。,54,45,1
途牛,途牛,10010000006370,10010000006370,login.button_icon.load_fail,login.button_icon.load_fail,同一设备，退出一个帐号登录另一账号后，点击右上角聊天按钮无法进入私聊页面，只有推出软件重新开启之后才能进入。,54,50,1
途牛,途牛,10010000003941,10010000003941,other.page_view.other,other.page_view.other,用户的个人资料页面都是通过点击用户名进去，用户的个人主页是只能通过点击头像才能进去。这样子新用户就很不清楚。,54,51,1
途牛,途牛,10010000003491,10010000003491,message_send.chat.other,message_send.chat.other,在聊天时收到对方的语音，播放出来的都是启动应用收到的第一条语音，随后收到的任何人的任何语音都是那第一条语音。,54,51,1
途牛,途牛,10010000004497,10010000004497,message_send.list_item.other,message_send.list_item.other,当我点击删除时，只能删掉记录，并且不提供撤回功能，体验不好。截图为两人的同一聊天记录，其中一方撤回三条消息。,54,48,1
途牛,途牛,10010000005742,10010000005742,message_send.step.other,message_send.step.other,当多个用户给同一个人发送语音是，用户接收到的语音时间显示正常，但实际上一直是第一个人的语音，发送方是正常的。,54,50,1
途牛,途牛,10010000006232,10010000006232,search.other.other,search.other.other,打开“发现”一栏，在搜索框中输入时，将光标移到所输入内容的中间，进行输入或删除操作，都会导致光标移动到末尾。,54,47,1
途牛,途牛,10010000004382,10010000004382,other.other.other,other.other.other,"按住发出的内容,只有两个功能复制和删除。按照经典通讯工具qq,我认为还要增加一些功能,局部性选取内容,撤回等",54,49,1
途牛,途牛,10010000006375,10010000006375,message_send.image_banner.other,message_send.image_banner.other,聊天图片超过一定大小时，点击保存图片，虽然图片可以保存成功，但是保存的格式并不是在手机上可以直接查看的文件。,54,50,1
途牛,途牛,10010000005230,10010000005230,other.other.cannot_delete,other.other.cannot_delete,选择表情后如果要删除一次只能删除一个符号，而不能删除整个表情的字符，需要删除多次才能删除彻底，用户体验不佳。,54,50,1
途牛,途牛,10010000007003,10010000007003,notification.other.other,notification.other.other,投诉用户时，若输入字数超过100字，希望弹出一个窗口提醒用户输入超过100字，以免用户不知道，仍在继续输入。,54,49,1
途牛,途牛,10010000005558,10010000005558,other.other.other,other.other.other,选择到达濠河景点的交通，并点击“交通”,19,16,1
途牛,途牛,10010000007154,10010000007154,private_chat.page_view.cannot_or_fail,private_chat.page_view.cannot_or_fail,设置私聊中 投诉用户 功能没有明确的投诉事项，容易导致我认为什么不能干的，而事实上是允许的，这种投诉现象,52,47,1
途牛,途牛,10010000006308,10010000006308,playback.audio.other,playback.audio.other,收到别的用户发的语音有问题，语音的内容都是第一个接收到的语音内容，无论是哪个用户发来的，与实际的内容不相符。,54,50,1
途牛,途牛,10010000006703,10010000006703,playback.button_icon.other,playback.button_icon.other,如图所示，当从当前图示状态下点击语音、表情或者添加图片的图标时，整个屏幕会出现大幅度的向上浮动，而且明显可见,54,50,1
途牛,途牛,10010000006510,10010000006510,message_send.page_view.other,message_send.page_view.other,聊天页面的好友名称是系统自动生成的名称，好友主页的名称显示为其修改后的名称，最近聊天记录也显示其修改后的名称,54,52,1
途牛,途牛,10010000006619,10010000006619,other.step.other,other.step.other,在求结伴输入相关信息时，在选择结伴日期时，只能选择一天的日期，若这里能有一个时间段选择，结伴成功概率会更大。,54,49,1
途牛,途牛,10010000007121,10010000007121,other.other.other,other.other.other,关注与为关注没有明显的区别,13,13,1
途牛,途牛,10010000000786,10010000000786,other.other.cannot_or_fail,other.other.cannot_or_fail,"我发了全是汉子的贴""八八八八八八八八""，导致被途牛以""发表不恰当的言论""的形式封号。使我不能够正常发帖和回帖。",55,48,1
途牛,途牛,10010000004341,10010000004341,share.page_view.other,share.page_view.other,"在""产品详情""的""产品特色中"",点击“产品特色”时,界面不是链接到新的页面,而是快速回到产品特色部分,有晃动感",55,45,1
途牛,途牛,10010000003747,10010000003747,message_send.audio.other,message_send.audio.other,自己发送语音给别人，可以听到自己的语音。但是接受别人的语音时，听不到别人的真实语音，接受到的语音内容是一样的。,55,50,1
途牛,途牛,10010000004748,10010000004748,shopping.commerce.other,shopping.commerce.other,订单分类有问题:,8,7,1
途牛,途牛,10010000005636,10010000005636,private_chat.chat.other,private_chat.chat.other,在私聊中发表情时，当最后一个表情输入的文字不完整，也就是[]括号内容不完全时，会多发一次不完整文字前面一个表情,55,50,1
途牛,途牛,10010000003671,10010000003671,playback.audio.other,playback.audio.other,不管对方发什么收到的语音打开听都是一样的，而且女声变男声。自己发给别人也是，但是自己发的自己点开语音听是正确的,55,52,1
途牛,途牛,10010000006277,10010000006277,search.page_view.cannot_or_fail,search.page_view.cannot_or_fail,在进入个人页面后，在没有好友的情况下，不能根据账号查找并好友，只能关注推荐的，没有提供一个便捷的方式添加好友。,55,50,1
途牛,途牛,10010000005218,10010000005218,message_send.chat.other,message_send.chat.other,与好友聊天语音聊天，我发出语音好友听见的是之前发的，并且不管发多少条都是那一条语音，好友回复我时一直没有声音。,55,51,1
途牛,途牛,10010000006979,10010000006979,search.chat.cannot_or_fail,search.chat.cannot_or_fail,不能搜索好友。想要添加认识的人为好友（因为没有这个功能），只能其中一个人在网上发表动态，另一个人在动态中寻找。,55,49,1
途牛,途牛,10010000004105,10010000004105,message_send.page_view.other,message_send.page_view.other,步骤4中，发现用户1可以看到用户2发送信息时的状态，即用户1在与用户2的聊天界面出现“正在输入中...”。,53,45,1
途牛,途牛,10010000004482,10010000004482,other.chat.cannot_or_fail,other.chat.cannot_or_fail,无法和自己熟悉的人，一起结伴，在设计产品时可能考虑到的只是网上的陌生人，没有考虑熟人群体，提供的加好友方式单一,55,51,1
途牛,途牛,10010000004763,10010000004763,private_chat.chat.other,private_chat.chat.other,敏感字，敏感信息未进行过滤筛选。关于敏感话题应该进行屏蔽，可以避免不法分子用途牛的的私聊平台散布谣言，通信。。,55,49,1
途牛,途牛,10010000006211,10010000006211,message_send.chat.other,message_send.chat.other,收到别的用户发来的消息和被别的用户关注时，有时可以收到消息框消息提示并且听到声音提示，但是有时候没有任何提示。,55,52,1
途牛,途牛,10010000006929,10010000006929,message_send.chat.layout_issue,message_send.chat.layout_issue,用户在往聊天框里复制信息时，只能赋值2678个字符，超出的内容将不再予以显示，第2678个字符后面后出现乱码。,55,51,1
途牛,途牛,10010000006853,10010000006853,other.page_view.other,other.page_view.other,在问大家功能下，选择相关信息，并完成发布，自己问的问题也可以进行“我来回答”功能进行回答，而且页面反省比较慢。,55,48,1
途牛,途牛,10010000003045,10010000003045,settings.page_view.no_prompt,settings.page_view.no_prompt,在右上角点击设置，选择投诉改用户，输入超过100个字的时候禁止了用户继续输入，并没有提示用户字数已满100个字！,56,52,1
途牛,途牛,10010000002441,10010000002441,private_chat.chat.other,private_chat.chat.other,私聊之后本人发送的对话框出现在右侧，退出再进入后本人发送的对话框和收到的都在左侧，刷新后本人发送的又变成右侧了。,56,53,1
途牛,途牛,10010000002342,10010000002342,private_chat.chat.other,private_chat.chat.other,在私聊窗口发送表情,9,9,1
途牛,途牛,10010000003510,10010000003510,other.button_icon.other,other.button_icon.other,点击更多按钮，下方出现的“图片”和“拍照”两个功能选项，但“图片”功能选项中又包含了“拍摄照片功能”，功能冗余。,56,44,1
途牛,途牛,10010000002882,10010000002882,message_send.button_icon.other,message_send.button_icon.other,点击进入聊天界面，点击“表情”图标，点击“红心”添加图片,28,22,1
途牛,途牛,10010000004843,10010000004843,message_send.list_item.cannot_or_fail,message_send.list_item.cannot_or_fail,缺少功能，无法查看聊天记录、并且无法直接取消关注，必须要到该用户的主页上或者在自己的关注里面取消关注，非常不便。,56,51,1
途牛,途牛,10010000003022,10010000003022,other.other.other,other.other.other,"删除表情时, 表情未被完全删除，需要点击多次。十分不方便",28,24,1
途牛,途牛,10010000005639,10010000005639,message_send.page_view.other,message_send.page_view.other,软件在聊天界面时HOME键返回手机主界面使其在后台运行，再次进入应用时重新运行软件，而非回到退出之间的聊天界面。,56,53,1
途牛,途牛,10010000006759,10010000006759,message_send.chat.other,message_send.chat.other,输入：打开消息栏，点击聊天。,14,11,1
途牛,途牛,10010000005201,10010000005201,playback.chat.other,playback.chat.other,互加好友后，第一个好友发来语音，但是接下来其他好友发来的语音无论语音长短或者内容，点开语音都还是第一个好友的语音,56,53,1
途牛,途牛,10010000006555,10010000006555,private_chat.page_view.display_missing,private_chat.page_view.display_missing,私聊界面历史记录的时间显示不应该年月日全部都显示。应该灵活变化，比如今年的消息，可以不显示年份。秒数也可以不显示,56,52,1
途牛,途牛,10010000004082,10010000004082,other.input_box.other,other.input_box.other,步骤：1.点击页面文本输入框内最右侧“+”,21,16,1
途牛,途牛,10010000003489,10010000003489,message_send.chat.cannot_or_fail,message_send.chat.cannot_or_fail,第一次接收的语音消息正常，之后接收的语音消息都是第一条语音消息内容，重启程序无法解决问题，重启手机同样无法解决。,56,52,1
途牛,途牛,10010000003479,10010000003479,message_send.input_box.cannot_or_fail,message_send.input_box.cannot_or_fail,进入到聊天窗口后，光标默认在输入框中闪烁，但是不能直接开始打字，还需要再点击一下输入框才能打字聊天，拖慢聊天速度,56,52,1
途牛,途牛,10010000006883,10010000006883,message_send.chat.other,message_send.chat.other,当甲和乙进行语音聊天时，甲对乙发了几条不同的消息，乙都能收到，但是都是一样的，而且还有可能是丙的声音。服务器紊乱,56,51,1
途牛,途牛,10010000005806,10010000005806,other.other.other,other.other.other,点击“我的”→“社区”→“游记”，当没有发表游记时，不断下拉刷新会导致“您还没有发表过任何游记”的提示位置出错。,56,43,1
途牛,途牛,10010000004504,10010000004504,other.other.cannot_or_fail,other.other.cannot_or_fail,无法获取位置信息,8,8,1
途牛,途牛,10010000005104,10010000005104,private_chat.list_item.wrong_value,private_chat.list_item.wrong_value,始终保留最初与对方私聊时，对方的用户名。即对方便后来改名字，或者删除聊天记录重新打开私聊窗口，还是最开始的用户名,56,52,1
途牛,途牛,10010000005023,10010000005023,other.input_box.cannot_or_fail,other.input_box.cannot_or_fail,当输入文本框的输入文本较多(多于一行时)，文本框不能自适应地适当变大，使得用户很难向上滑动文字，查看或修改上文。,56,50,1
途牛,途牛,10010000004997,10010000004997,message_send.other.freeze,message_send.other.freeze,算法可能是使用了正则表达式、朴素文本模式串匹配算法，因此有较大的性能问题，如图信息发送之后将造成10秒左右的卡顿,56,53,1
途牛,途牛,10010000006633,10010000006633,private_chat.chat.other,private_chat.chat.other,在与a的聊天窗口点击a的头像进入a的主页，然后点击a的关注人b进入b的主页，点击发起私聊后还是进入与a的聊天窗口,56,54,1
途牛,途牛,10010000005468,10010000005468,message_send.chat.other,message_send.chat.other,语音消息一次性只能发送60秒,14,14,1
途牛,途牛,10010000005322,10010000005322,login.chat.other,login.chat.other,自己没有网络情况下，对方给自己发私聊信息，对方发送之后，自己再链接网络，登录查看私聊信息，私聊中没有对方的新消息,56,51,1
途牛,途牛,10010000005488,10010000005488,private_chat.chat.other,private_chat.chat.other,对其他用户点击发送私聊，但是没有发送任何消息，却在最近联系人中并且置顶，容易完成用户想找的最近联系人不方便找到。,56,52,1
途牛,途牛,10010000006784,10010000006784,other.other.cannot_or_fail,other.other.cannot_or_fail,当有用户关注了我时，我点击他的头像，进去之后只能看见他所有关注的用户，不能进行别的操作，没有我关注他这样的选项。,56,51,1
途牛,途牛,10010000006529,10010000006529,share.button_icon.wrong_value,share.button_icon.wrong_value,当在聊天界面点击聊天记录或者点击手机的物理触控返回键（而非屏幕左上角返回键）或者是其他操作时，偶尔会弹出分享界面,56,53,1
途牛,途牛,10010000006372,10010000006372,other.image_banner.other,other.image_banner.other,若是不同用户使用同一手机登陆并添加喜欢的图片，则这两个用户任意一个用户登陆后都会看到对方的喜欢图片，不尊重隐私。,56,53,1
途牛,途牛,10010000006649,10010000006649,message_send.page_view.other,message_send.page_view.other,软件在聊天界面时HOME键返回手机主界面使其在后台运行，再次进入应用时重新运行软件，而非回到退出之间的聊天界面。,56,53,1
途牛,途牛,10010000000784,10010000000784,other.other.other,other.other.other,"以""求结伴""发帖时，在选择""想去哪""时，当选择的地方名字长度超过显示长度时，超过的部分会被隐藏，导致影响用户体验。",57,48,1
途牛,途牛,10010000002903,10010000002903,private_chat.button_icon.cannot_delete,private_chat.button_icon.cannot_delete,在私聊页面添加表情之后，点击表情区域的右下角取消按钮，不能删除一整个表情，而是删除表情的字符。会导致发送内容错乱！,57,52,1
途牛,途牛,10010000003434,10010000003434,private_chat.chat.other,private_chat.chat.other,操作：进入私聊对话框，切换表情类别,17,15,1
途牛,途牛,10010000003746,10010000003746,other.other.other,other.other.other,在添加常旅客信息中的生日选项，应设定为不可添加当天日期。如今日为2016年11月26号，这个日期应不可添加并保存。,57,53,1
途牛,途牛,10010000004112,10010000004112,other.other.display_missing,other.other.display_missing,低价日历显示不正常无规律，有的日期显示，有的日期不显示，离用户出发日期近的不显示，显示远的，无法起到帮助用户的作用,57,52,1
途牛,途牛,10010000006266,10010000006266,other.page_view.other,other.page_view.other,点击日本烤肉 发现页面丢失 再次刷新 还存在日本烤肉 但是再次点击进入页面还是丢失 已经丢失页面信息 没有即使更新,57,51,1
途牛,途牛,10010000002452,10010000002452,other.list_item.cannot_or_fail,other.list_item.cannot_or_fail,自己浏览自己的提问，浏览记录应该要及时进行更新，每浏览一次，其浏览记录应该增加1，但该软件不能自动及时更新浏览记录,57,53,1
途牛,途牛,10010000004744,10010000004744,message_send.image_banner.cannot_or_fail,message_send.image_banner.cannot_or_fail,发送文字消息后不能撤回，外语不能转化为汉语阅读，文字消息与表情可以同时编辑进同一条信息，但文字信息中不能加入图片。,57,53,1
途牛,途牛,10010000003304,10010000003304,message_send.page_view.other,message_send.page_view.other,在聊天以后，然后退出聊天界面，之后再次进入聊天界面，发现原来之前自己发送的消息在右边了，变成了对方发过来的消息了。,57,52,1
途牛,途牛,10010000003466,10010000003466,private_chat.input_box.other,private_chat.input_box.other,进入私聊以后，然后发送文字，在编辑输入框中输入很多的文字但是编辑框并没有自动换行之类的，对用户体验有很严重的影响。,57,53,1
途牛,途牛,10010000005592,10010000005592,message_send.image_banner.other,message_send.image_banner.other,发送的图片和 语音 ，有删除和取消.,18,14,1
途牛,途牛,10010000005945,10010000005945,message_send.page_view.crash,message_send.page_view.crash,给对方发送大量表情之后，推出软件再次进入聊天界面之后，点击对方软件无反应，无法进行聊天。持续点击对方，软件会闪退。,57,51,1
途牛,途牛,10010000005262,10010000005262,other.other.other,other.other.other,选择小表情的时候表情是以字符串的形式显示在编辑框内的，而且在删除的过程中是按单个字符来删的，用户使用起来也极不方便,57,55,1
途牛,途牛,10010000005509,10010000005509,private_chat.page_view.other,private_chat.page_view.other,每次打开私聊页面，里面的聊天记录以及用户信息都要重新获取一遍，这不仅加大了服务器负载，也极大地降低了用户体验效果。,57,53,1
途牛,途牛,10010000005516,10010000005516,message_send.image_banner.other,message_send.image_banner.other,通过相册给对方发送一张图片，再在表情里添加这张照片，然后通过表情给对方发送这一张图片。通过表情发送出去的图片很模糊,57,54,1
途牛,途牛,10010000005015,10010000005015,login.page_view.other,login.page_view.other,操作：已登录用户进入聊天记录窗口，消息栏向左滑动界面,26,24,1
途牛,途牛,10010000005804,10010000005804,private_chat.page_view.crash,private_chat.page_view.crash,"1,发起私聊，闪退后，聊体记录错乱。不能设置私聊。",25,20,1
途牛,途牛,10010000006571,10010000006571,login.other.other,login.other.other,第三方登录异常,7,7,1
途牛,途牛,10010000001780,10010000001780,other.other.other,other.other.other,进入购物车经典玩法,9,9,1
途牛,途牛,10010000003871,10010000003871,private_chat.input_box.other,private_chat.input_box.other,在私聊页面进入设置，选择投诉该用户，输入法自动弹出来之后又自动关闭，需要用户点击输入框才会弹出输入法（讯飞输入法）！,58,52,1
途牛,途牛,10010000004316,10010000004316,other.other.other,other.other.other,自己添加的透明表情图，会变成不透明的,18,17,1
途牛,途牛,10010000003507,10010000003507,message_send.chat.other,message_send.chat.other,在联系人中删除他人后，别人给自己发消息才能更新那个人新更新的名字，否则那个人更新了名字自己这边也不会显示新更新的名字,58,56,1
途牛,途牛,10010000003748,10010000003748,other.page_view.other,other.page_view.other,三星手机截图的方式是手侧面贴住屏幕左边缘向右滑动，而途牛的界面设计，做了这个动作之后是返回上一个界面，与用户要求不符,58,55,1
途牛,途牛,10010000005177,10010000005177,message_send.button_icon.other,message_send.button_icon.other,个人主页左上角的设置图标和右上角的消息图标太小，特别是左上角的设置图标，点击不方便，有时候我要点击好几次才能成功感应,58,55,1
途牛,途牛,10010000004041,10010000004041,login.chat.cannot_or_fail,login.chat.cannot_or_fail,登录途牛后，无法定位到用户当前所在位置，无法找到附近的用户并进行私聊！比方说，我当前所在地为太原市，定位竟然时上海！,58,52,1
途牛,途牛,10010000006969,10010000006969,message_send.audio.other,message_send.audio.other,接受语音会发生错乱，只接收第一次发送的语音，第一条接受的语音只有一秒，以后的语音永远只有那条一秒语音，不管发送多少秒,58,54,1
途牛,途牛,10010000006975,10010000006975,message_send.image_banner.cannot_or_fail,message_send.image_banner.cannot_or_fail,我屏蔽对方聊天，对方给我发一张图片，然后我解除屏蔽，以后全部信息都收不到！又测试一遍，没有以上问题，有时候会丢失文件,58,52,1
途牛,途牛,10010000004260,10010000004260,shopping.chat.cannot_or_fail,shopping.chat.cannot_or_fail,好友向用户提出金钱请求时，比如银行卡，支付宝等敏感词汇，用户不能得到一定的提示，来判断好友身份，容易造成用户财产损失,58,53,1
途牛,途牛,10010000003701,10010000003701,message_send.image_banner.other,message_send.image_banner.other,图片:点击发送或者接收的图片，点击右上角，会有保存到手机，保存之后也会显示保存到本地路径，但是本地路径里面没有图片。,58,52,1
途牛,途牛,10010000004336,10010000004336,message_send.other.cannot_send,message_send.other.cannot_send,用户用相机拍摄照片发送的时候会出现发送失败的情况，而且连续好多次出现，但是换一个用户又可以发送了，无规律性出现特征。,58,54,1
途牛,途牛,10010000004737,10010000004737,playback.audio.other,playback.audio.other,语音功能存在严重BUG,11,11,1
途牛,途牛,10010000005744,10010000005744,gps_track.gps.cannot_or_fail,gps_track.gps.cannot_or_fail,定位当前位置，“无法获取您的位置，请开启定位服务”,25,21,1
途牛,途牛,10010000006095,10010000006095,other.chat.cannot_or_fail,other.chat.cannot_or_fail,“我的”—叫好友求关注很不好找（反正我们宿舍人没找到）。这样大家的圈子就无法交集，同时无法给大家提供游玩的参考与建议,58,51,1
途牛,途牛,10010000006480,10010000006480,message_send.chat.other,message_send.chat.other,在与a的聊天窗口中点击自己的头像进入自己的主页，点击自己关注的人b，进入他的主页发起聊天，聊天窗口还是与a的聊天窗口,58,55,1
途牛,途牛,10010000006740,10010000006740,message_send.list_item.wrong_value,message_send.list_item.wrong_value,在联系人和聊天记录中，互相关注的人和陌生人不作区分，这样在聊天这个功能中，关注与否给用户的感觉是相同的，都分不清楚。,58,53,1
途牛,途牛,10010000005691,10010000005691,message_send.chat.other,message_send.chat.other,当输入法为英文或中文全角时，输入内容全部为空格，可以发送消息。,31,28,1
途牛,途牛,10010000006051,10010000006051,message_send.other.cannot_or_fail,message_send.other.cannot_or_fail,不能判断“[微笑]”类似的字符是用户输入还是通过点击表情发送，都会发送为表情（如果用户想要发送“[微笑]”怎么办？）,58,46,1
途牛,途牛,10010000006478,10010000006478,comment.list_item.other,comment.list_item.other,评论之后，左下角评论的数量不发生变化，需重新进入才可以，例如我评论了一条“哟哟哟”，左下角的评论是还是28，数量没变,58,51,1
途牛,途牛,10010000006337,10010000006337,private_chat.chat.cannot_or_fail,private_chat.chat.cannot_or_fail,投诉私聊的用户时，提示输入100字，但是当输入时不提示还剩余能够输入多少字，用户不能知道还能输入多少字，使用不方便。,58,53,1
途牛,途牛,10010000006852,10010000006852,message_send.other.other,message_send.other.other,当双方用户发送涉及到金钱的话题时，无相关注意事项的警告，常规是应提示用户“涉及钱财时，应打电话向对方确认”等类似提示,58,53,1
途牛,途牛,10010000003435,10010000003435,message_send.audio.no_prompt,message_send.audio.no_prompt,发送的语音很短的时候提示了用户语音过短，当开始录音的时候没有提示录音已经开始，会导致用户发送的语音前一大段是空白语音！,59,56,1
途牛,途牛,10010000003853,10010000003853,private_chat.page_view.other,private_chat.page_view.other,"在私聊界面,选择发送表情,点击爱心进入自定义表情栏,点击加号添加表情,添加完毕后,原有表情和加号之间空着一个图片的位置",59,54,1
途牛,途牛,10010000005902,10010000005902,other.other.permission,other.other.permission,安装权限设定可以访问通讯录以及联系频率，而应用中却无法访问通讯录进行添加联系人。要求权限却没有相应执行，存在安全隐患。,59,55,1
途牛,途牛,10010000004474,10010000004474,private_chat.chat.other,private_chat.chat.other,向私聊对象发送语音消息时，不发出任何声音仍然可以发送出消息，对声音没有检测，用户分不清这是设备原因还是人为原因引起的。,59,55,1
途牛,途牛,10010000006236,10010000006236,other.other.other,other.other.other,手机静音状态：,7,6,1
途牛,途牛,10010000006153,10010000006153,other.other.other,other.other.other,点击“我的”进入个人主页,12,10,1
途牛,途牛,10010000006993,10010000006993,other.other.other,other.other.other,现象：使用表情时可以用文字打表情发出去，但是自己看到的是表情，对方看到的还是文字,40,37,1
途牛,途牛,10010000003608,10010000003608,private_chat.page_view.other,private_chat.page_view.other,关注好友并发私聊信息，若好友更改昵称，用户私聊界面里的好友名称还是数字，没有改变，并且消息里的聊天界面的名字也没有改变,59,55,1
途牛,途牛,10010000005632,10010000005632,message_send.chat.cannot_or_fail,message_send.chat.cannot_or_fail,我屏蔽了对方，对方依然可以给我发消息并没有任何提示我屏蔽了他，只是我收不到对方消息而已，用户体验不佳会造成不必要的误会,59,56,1
途牛,途牛,10010000005613,10010000005613,other.other.other,other.other.other,发表情时，发几个表情，会出现文字，但出现在最后一个表情的文字中删掉一个字，理应不出现该表情，但是它复制了最后一个表情。,59,53,1
途牛,途牛,10010000004159,10010000004159,private_chat.page_view.other,private_chat.page_view.other,查看与某个用户的私聊信息记录的时候，只能通过进入该用户的聊天界面才能够看到之前的聊天记录，没有查看历史聊天记录的选项。,59,56,1
途牛,途牛,10010000003227,10010000003227,message_send.chat.cannot_or_fail,message_send.chat.cannot_or_fail,语音聊天时下半段没有录到，导致同伴说话不能完整知道，十多秒的语音只能听到两秒，而且原声被其他声音代替，好像和机器对话。,59,54,1
途牛,途牛,10010000004033,10010000004033,register.list_item.wrong_value,register.list_item.wrong_value,在联系人列表里只能看到那个人的注册号，不能自己为他添加备注，这样必须点开看看记录才能知道这个人是谁，用户体验非常不好。,59,55,1
途牛,途牛,10010000003911,10010000003911,search.chat.cannot_or_fail,search.chat.cannot_or_fail,无法精确查找好友，只能通过查找结伴信息等被好友找到，无法自主发起私聊，会在查找好友上花费大量时间。 对新用户不友好。,58,52,1
途牛,途牛,10010000004540,10010000004540,other.input_box.layout_issue,other.input_box.layout_issue,输入的文本内容被输入框遮挡，输入框为单行文本设计，在文本换行后，很难看清之前输入的内容，难以对文本进行复制、粘贴等操作,59,54,1
途牛,途牛,10010000004736,10010000004736,other.image_banner.other,other.image_banner.other,在我的收藏的添加自定义表情的功能，重复添加同一张图片，系统未检查图片是否已添加，造成在我的收藏中出现了多张一样的图片。,59,55,1
途牛,途牛,10010000005432,10010000005432,message_send.chat.other,message_send.chat.other,接收语音消息时，对方明明发了长达9s的语音，显示的是9s，但我接收到的语音打开听，还不到5s，出现部分语言缺失的情况。,59,53,1
途牛,途牛,10010000005725,10010000005725,message_send.page_view.other,message_send.page_view.other,操作：界面停留在非聊天界面，已好友发送消息。,22,19,1
途牛,途牛,10010000006763,10010000006763,message_send.chat.other,message_send.chat.other,操作：互相关注好友发送消息,13,12,1
途牛,途牛,10010000005714,10010000005714,private_chat.button_icon.other,private_chat.button_icon.other,登入软件后首页右上角的对话小图标不会提示有新的消息，必须用户手动查看消息时才会提示有私聊信息，可能导致用户错过重要事情,59,57,1
途牛,途牛,10010000005972,10010000005972,other.other.other,other.other.other,一些建议,4,4,1
途牛,途牛,10010000007089,10010000007089,message_send.page_view.cannot_or_fail,message_send.page_view.cannot_or_fail,无法正常显示对方昵称，在对方更改昵称以后，发现聊天界面显示的昵称还是更改之前，而进入对方信息界面，却发现昵称已经更改。,59,54,1
途牛,途牛,10010000005890,10010000005890,login.other.cannot_or_fail,login.other.cannot_or_fail,无法使用第三方登录。,10,9,1
途牛,途牛,10010000006797,10010000006797,login.page_view.other,login.page_view.other,登录界面还行,6,6,1
途牛,途牛,10010000007033,10010000007033,other.page_view.other,other.page_view.other,在投诉用户页面，作为投诉的一方，不管从投诉前还是投诉后都缺少相应的信息提示 ：途牛官方对于投诉意见的处理时间大概是多长,59,55,1
途牛,途牛,10010000003978,10010000003978,private_chat.button_icon.other,private_chat.button_icon.other,当用户填完投诉该用户的内容后，不选择点击发送，点击左上角的返回按钮，回到设置私聊页面，没有自动关闭输入法（讯飞输入法）！,60,53,1
途牛,途牛,10010000004798,10010000004798,private_chat.chat.other,private_chat.chat.other,图二点右下角的私聊显示只有星级用户可以私聊。可是按图一左下角就能正常私聊，这里存在用户安全漏洞，用户可能会因此而被骚扰。,60,56,1
途牛,途牛,10010000002744,10010000002744,message_send.button_icon.other,message_send.button_icon.other,进入聊天页面，点击【按住说话】按钮，使用上滑功能取消发送语音,30,26,1
途牛,途牛,10010000005189,10010000005189,other.other.other,other.other.other,图4是他改名前的id 改名后的id冒牌货,20,19,1
途牛,途牛,10010000002864,10010000002864,private_chat.page_view.cannot_or_fail,private_chat.page_view.cannot_or_fail,私聊设置界面只有三个选项：删除聊天记录，投诉该用户，新消息提醒。无法查看私聊的记录，只能通过手动上划翻找记录，十分不方便,60,54,1
途牛,途牛,10010000005525,10010000005525,search.chat.cannot_or_fail,search.chat.cannot_or_fail,添加好友不方便，已知好友昵称不能搜索该好友。此次测试添加好友是通过发状态，好友进入结伴同游中的求结伴才找到我的状态并关注,60,57,1
途牛,途牛,10010000006927,10010000006927,message_send.page_view.cannot_or_fail,message_send.page_view.cannot_or_fail,在对方给我发送图片的过程中网络断开连接，重新连接后图片虽然已经完整接收，但是在聊天界面无法显示图片，点开图片却可以显示。,60,56,1
途牛,途牛,10010000004215,10010000004215,message_send.chat.other,message_send.chat.other,对方发送语音消息，我收到的总是相同的内容——“可以可以” 这是我听到的第一个语音内容，以后无论谁给我发语音，也是这个内容,60,52,1
途牛,途牛,10010000003994,10010000003994,playback.step.other,playback.step.other,A给你发的语音不同，但是你接收的语音点击出来无论语音时间的长短出来的都是你第一次听到的语音。换B的语音听也是一样的语音。,60,57,1
途牛,途牛,10010000004672,10010000004672,login.page_view.wrong_value,login.page_view.wrong_value,在进行登录，如果选择动态登录，随便填写一个不规范的号码，那么页面将一直停留在等待页面，没有任何的错误提示，用户体验较差。,60,54,1
途牛,途牛,10010000006286,10010000006286,message_send.audio.other,message_send.audio.other,发送语音时，我发出的语音，最后会有一段被剪掉，比如：我发的是“你吃饭了吗”，发出去后，我点开来自己听，听到的是“你吃饭”,60,49,1
途牛,途牛,10010000004528,10010000004528,message_send.chat.other,message_send.chat.other,用户聊天时，聊天框并不是随着时间顺序排列的。刚开始打开是一问一答参差顺序，之后系统会自动归并用户聊天。用户体验非常不好。,60,55,1
途牛,途牛,10010000005170,10010000005170,other.list_item.cannot_or_fail,other.list_item.cannot_or_fail,联系人列表中，无法自定义分组，且默认只有“最近联系人”一个分组。单向关注，双向关注与陌生人同在一个组别，联系人难以管理。,60,52,1
途牛,途牛,10010000005763,10010000005763,message_send.chat.other,message_send.chat.other,当接收到好友发送的私信消息过来，悬浮窗上会显示出好友私信的消息，当点击消息的时候，并没有跳转到会话窗口，也没有任何反应。,60,55,1
途牛,途牛,10010000006436,10010000006436,private_chat.chat.other,private_chat.chat.other,在私聊功能中，当我输入多行字符时，屏幕上只能清晰的显示一行字符，这样就会导致用户很难分清上面输入的是什么，影响输入体验。,60,55,1
途牛,途牛,10010000006713,10010000006713,login.other.other,login.other.other,一个账号在多个客户端登录时，没有安全提示，严重威胁用户个人账户安全。左图是在手机客户端登录的，右图是在电脑模拟器登录的。,60,55,1
途牛,途牛,10010000002481,10010000002481,private_chat.image_banner.other,private_chat.image_banner.other,操作：进入私聊对话框，发送图片，成功发送后，点击取消,26,22,1
途牛,途牛,10010000002559,10010000002559,private_chat.page_view.crash,private_chat.page_view.crash,在私聊时选择照片，点击照片查看详细时，图片进入详细浏览后闪退回到选择照片界面。（使用机型：Bluestacks安卓模拟器）,61,55,1
途牛,途牛,10010000003688,10010000003688,other.other.other,other.other.other,点击删除历史Button之后，出现提示对话框，提示对话框style使用的是系统自带的风格，与APP整体的设计风格大相径庭。,61,57,1
途牛,途牛,10010000005821,10010000005821,private_chat.page_view.other,private_chat.page_view.other,进入联系人或私聊模式等对话类窗口时，以及进入个人主页或其他用户主页时，在进入所有导航栏二级界面之后，应用最下端导航栏消失。,61,57,1
途牛,途牛,10010000005070,10010000005070,message_send.chat.cannot_or_fail,message_send.chat.cannot_or_fail,如果两人聊天，一人不在服务器（或断网），当另一人（有网）给断网的用户发送消息。当断网用户重新连接到网络时，接收不到此消息。,61,52,1
途牛,途牛,10010000002737,10010000002737,other.other.other,other.other.other,点击本地相册，选择照片修剪后,14,13,1
途牛,途牛,10010000007097,10010000007097,message_send.image_banner.other,message_send.image_banner.other,在把一张19.67MB的图片作为表情之后，虽然自动压缩了大小，可是还是发送不了。上面一张图为正常大小，下面两张为表情大小。,61,55,1
途牛,途牛,10010000002859,10010000002859,search.chat.cannot_or_fail,search.chat.cannot_or_fail,点击联系人中只显示最近联系人，没有搜索添加联系人的功能，无法添加好友互相关注。只能在途牛中随机寻找用户进行关注，用户体验差,61,57,1
途牛,途牛,10010000004615,10010000004615,search.chat.other,search.chat.other,点开个人主页右下角那个加号，还以为是可以关注通过帐号查找的用户，但是没有那个功能，没有添加好友的功能，或者是这个功能不明显,61,57,1
途牛,途牛,10010000006432,10010000006432,message_send.page_view.cannot_or_fail,message_send.page_view.cannot_or_fail,退出聊天界面或者应用程序后无法收到消息提示。48分在个人信息界面截图，未收到新消息，进入聊天界面后收到46，47分的消息。,61,56,1
途牛,途牛,10010000004658,10010000004658,message_send.button_icon.other,message_send.button_icon.other,步骤：1.点击首页右上角的“消息”图标,19,15,1
途牛,途牛,10010000003311,10010000003311,message_send.page_view.other,message_send.page_view.other,右上角消息通知有红点提醒，但是进入以后的界面没有显示，需要切换到聊天窗口才有提示，个人觉得可以在通知和聊天两栏上加红色提示,61,58,1
途牛,途牛,10010000005428,10010000005428,other.page_view.other,other.page_view.other,在关注列表这个界面，有时候会出现关注的人点击点不动的情况，点击完后没反应。不是手机卡，手机还可以在列表中上下滑动并没有卡。,61,56,1
途牛,途牛,10010000005921,10010000005921,private_chat.page_view.other,private_chat.page_view.other,经过一段时间后，再发新的消息，并未显示更新的实时发送时间，而是在之前的时间下排列消息，再过一段时间后进入私聊界面又显示正确,61,57,1
途牛,途牛,10010000003622,10010000003622,message_send.chat.wrong_value,message_send.chat.wrong_value,聊天对方更改名字后，在聊天窗口中不更新，仍然显示上一个名字，但是点击对方头像进入个人信息，其中显示的名字是是更新后的名字。,61,56,1
途牛,途牛,10010000004781,10010000004781,private_chat.chat.other,private_chat.chat.other,"当有陌生人或者好友发私聊信息时，点击消息框进入聊天，虽然手机会震动提示，但是""聊天""框并不会提示有未读消息以及未读消息数量",61,56,1
途牛,途牛,10010000006962,10010000006962,message_send.list_item.other,message_send.list_item.other,对于互动类消息，例如评论通知等，会被重复发送。如下面的图，释怀IT在萌主YY上面和下面各有一个评论，并且内容时间完全相同。,61,55,1
途牛,途牛,10010000003718,10010000003718,settings.page_view.other,settings.page_view.other,第一个:个人主页不明显，点击头像进入是个人主页，但是点击用户账号进入却是个人资料的设置和完善。,47,43,1
途牛,途牛,10010000003930,10010000003930,other.chat.cannot_or_fail,other.chat.cannot_or_fail,无法加好友,5,5,1
途牛,途牛,10010000005646,10010000005646,share.share_panel.other,share.share_panel.other,+里面只有相册，拍照两个功能，没有小视频功能，没有分享位置功能，那怎么行呢！现在都流行发小视频，早知道，有图不一定有真相呀,61,53,1
途牛,途牛,10010000004611,10010000004611,message_send.page_view.cannot_or_fail,message_send.page_view.cannot_or_fail,和互粉的人、陌生人聊天，界面都一样，用户体验很差，不能区分到底人认识不认识。下方截图一个是互粉的，一个不是，但是，界面一样,61,53,1
途牛,途牛,10010000004963,10010000004963,message_send.chat.other,message_send.chat.other,发送语音消息时，接收方收到的内容为发送方某一历史消息的缓存，若此缓存是发送方与其他人的历史消息，则有可能暴露发送方的隐私。,61,57,1
途牛,途牛,10010000005103,10010000005103,other.input_box.no_prompt,other.input_box.no_prompt,在输入比单行输入框多的文字的时候，输入框的前面没有提示，让用户以为，只输入当前界面的这么多文字呢，最好有个省略号，提示一下,61,56,1
途牛,途牛,10010000005325,10010000005325,private_chat.list_item.wrong_value,private_chat.list_item.wrong_value,"聊天完毕重新启动途牛,对同一用户再次发起私聊,发现本来处在右边的聊天记录列在的左边,且显示的也是对方用户的所处的状态颜色。",61,57,1
途牛,途牛,10010000006609,10010000006609,message_send.other.other,message_send.other.other,屏蔽玩家，还可以发送信息给屏蔽了的玩家，但是被屏蔽的玩家发送信息给把他屏蔽的玩家，显示发送成功了。但是对方却没有接收到信息,61,57,1
途牛,途牛,10010000007181,10010000007181,other.chat.cannot_or_fail,other.chat.cannot_or_fail,用户无法在通讯录中添加旅游好友结伴旅游，我们在测试时都得先发个微游记，才能找到关注的对象，而没有直接通过手机联系人添加功能,61,58,1
途牛,途牛,10010000003514,10010000003514,other.page_view.other,other.page_view.other,"在“尾货特价”中,仍然存在活动已经结束的过期活动,应该及时清除已结束的功能,更好的节省界面,为新的活动添加空间,节省时间成本",62,55,1
途牛,途牛,10010000002762,10010000002762,private_chat.list_item.other,private_chat.list_item.other,输入：进去“私聊”后，点击进入发送图片功能，右滑图片列表。,29,23,1
途牛,途牛,10010000003104,10010000003104,private_chat.button_icon.other,private_chat.button_icon.other,输入：进入“私聊”模式，发送图片，表情及语音，发送后点击“取消”按钮。,35,26,1
途牛,途牛,10010000005039,10010000005039,settings.page_view.other,settings.page_view.other,输入：进入”设置“模式，点击屏蔽某人。,19,14,1
途牛,途牛,10010000006665,10010000006665,message_send.chat.cannot_or_fail,message_send.chat.cannot_or_fail,聊天中，与对方的聊天时间为对方机器的时间，这样会导致的后果是，时间不统一的问题，如果时区不一致，无法得到与好友聊天的本地时间,62,57,1
途牛,途牛,10010000003679,10010000003679,share.page_view.other,share.page_view.other,在使用APP的过程中，“分享到”的页面会不时的弹出来，选择分享给QQ好友，页面也并不跳转到相应的页面，而是像什么也没发生一样,62,56,1
途牛,途牛,10010000003850,10010000003850,private_chat.list_item.other,private_chat.list_item.other,当有联系人私聊发消息给我时，app没有提醒我有消息来了，而是需要我点进右上角聊天记录里，才会提醒，感觉像进去再刷新一次收消息,62,58,1
途牛,途牛,10010000003249,10010000003249,private_chat.chat.other,private_chat.chat.other,向陌生用户发送信息后，信息显示在右侧，从任务管理器中杀掉应用，再打开应用，进入私聊，信息却显示在左侧，会与对方发的信息混淆。,62,55,1
途牛,途牛,10010000003458,10010000003458,search.page_view.other,search.page_view.other,“发现”界面中，顶部搜索栏不提供“搜索用户”功能,24,19,1
途牛,途牛,10010000005580,10010000005580,other.other.other,other.other.other,投诉一个人的时候直接写信息就可以投诉，这会增加很多无用信息的处理，并且用户可能会遭到别有用心的人的投诉，投诉功能并没有很严密,62,59,1
途牛,途牛,10010000004390,10010000004390,register.page_view.other,register.page_view.other,登录界面提供动态密码登录，但未注册用户登录时，点击获取动态密码，闪现用户未注册之后就出现加载中，直到用户点击手机屏幕才消失,61,57,1
途牛,途牛,10010000005514,10010000005514,other.step.crash,other.step.crash,一开始进入途牛旅游app时，频繁出现闪退，同时KikAndroid也退出。使用一段时间后闪退次数减少，到最后几乎不出现闪退。,62,57,1
途牛,途牛,10010000004526,10010000004526,share.chat.cannot_share,share.chat.cannot_share,无法分享我的问题到“朋友圈/微信好友/QQ好友”。,25,20,1
途牛,途牛,10010000005152,10010000005152,message_send.other.cannot_or_fail,message_send.other.cannot_or_fail,一个人断网了，而另一人依然愉快地向他发送信息，断网的人连上网络之后，他在断网期间应该接收到的信息全都无法在联网的时候进行接受,62,59,0
途牛,途牛,10010000005559,10010000005559,notification.other.other,notification.other.other,软件的手机通知栏提示功能存在缺陷,16,16,1
途牛,途牛,10010000006871,10010000006871,message_send.other.other,message_send.other.other,发送信息，信息长度无限制,12,11,1
途牛,途牛,10010000006271,10010000006271,other.input_box.other,other.input_box.other,当输入的文字长度大于文本框的时候，文本框没有相应的提示，要是有提示，用户就可以知道自己写了多少了，最好在文本框开头写个省略号,62,58,1
途牛,途牛,10010000006303,10010000006303,settings.slider.other,settings.slider.other,当点击关注我的好友的时候，页面跳转到好友主页的过程会非常缓慢，整个页面会呈现白色，紧接着才会出现进度条。跳转的过程十分缓慢。,62,57,1
途牛,途牛,10010000006776,10010000006776,message_send.list_item.other,message_send.list_item.other,"消息列表中的互为动态中,别人关注你的将会显示在这里,点击某个关注你但是你却没有关注的人,却没有直接的操作让你直接可以关注他。",62,58,1
途牛,途牛,10010000002141,10010000002141,other.other.other,other.other.other,性能较差，,5,4,1
途牛,途牛,10010000003420,10010000003420,message_send.chat.cannot_or_fail,message_send.chat.cannot_or_fail,消息没有转发和撤回功能。如果发错消息就无法撤回了,24,23,1
途牛,途牛,10010000002991,10010000002991,other.other.other,other.other.other,发现,2,2,1
途牛,途牛,10010000004059,10010000004059,message_send.button_icon.other,message_send.button_icon.other,"发送语音时,用户可能下意识地将按钮向四周拖以取消发送,(实际上只能通过向上拖取消发送语音),向其他三个方向滑动语音都发出去了.",63,57,1
途牛,途牛,10010000003427,10010000003427,other.page_view.other,other.page_view.other,用户信息编辑页面，选择出生年份的时候，默认是1970年，选择自己出生年月的时候，，最小粒度是月，要点击非常多下才能到1997年,63,57,1
途牛,途牛,10010000003953,10010000003953,private_chat.button_icon.other,private_chat.button_icon.other,输入：进入“私聊”模式，点击选择表情符号，点击删除按钮。,28,22,1
途牛,途牛,10010000005656,10010000005656,message_send.list_item.wrong_value,message_send.list_item.wrong_value,当长按已发送的消息时，会出现复制和删除，建议增加撤回，以防发送错误，还有就是现在一次只能删除一条记录，不支持多远，同时删除多条,63,57,1
途牛,途牛,10010000005659,10010000005659,login.page_view.other,login.page_view.other,不知道用户是否在线(登录)，希望可以把在线用户和不在线用户区分开来，可以通过头像亮度或在聊天页面的用户名下直接显示在线或不在线,63,59,1
途牛,途牛,10010000006579,10010000006579,message_send.page_view.other,message_send.page_view.other,第一次进入聊天页面自己发送的消息在右边，第二次进入发送的消息就跑到左边了，不过bug仅限于第二次，第三次进入就正常了（在右边）,63,58,1
途牛,途牛,10010000007110,10010000007110,other.other.other,other.other.other,如用户需绑定银行卡，需要很多证件，使得安全度大大的提高,27,25,0
途牛,途牛,10010000006623,10010000006623,message_send.chat.other,message_send.chat.other,最近聊天按照最近时间递减排序，但是联系人未按照聊天时间排序，也未按照名称某个规则排序，因为需求不清楚，所以不知道联系人排序规则,63,59,0
途牛,途牛,10010000005964,10010000005964,other.other.other,other.other.other,自带表情是用文字显示，如果用户不小心在中间点了一下的话，表情代码会在光标处添加，如果检测光标是否在表情代码内再自动移动光标就好了,64,61,0
途牛,途牛,10010000002754,10010000002754,private_chat.list_item.other,private_chat.list_item.other,一般用户习惯看评论后点击这个评论用户私聊问具体情况，但是途牛不行，要去个人主页点击别的用户再私聊，很麻烦，因为涉及到具体想问的人,64,60,0
途牛,途牛,10010000004438,10010000004438,message_send.image_banner.cannot_send,message_send.image_banner.cannot_send,输入：发送语音，文字，或图片消息，当用户发送失败时，希望撤销消息。,33,27,1
途牛,途牛,10010000004802,10010000004802,private_chat.image_banner.other,private_chat.image_banner.other,第1步：打开私聊，添加收藏的图片、gif作为表情（图一所示）,30,25,1
途牛,途牛,10010000005858,10010000005858,message_send.step.cannot_or_fail,message_send.step.cannot_or_fail,发送语音上限为60s，文字没有上限，发送达几万字后，app变得特别卡，并且发送的信息对方收不到，并且过一段时间这段文字就会没有。,64,58,1
途牛,途牛,10010000004262,10010000004262,message_send.page_view.other,message_send.page_view.other,长时候未发送消息后再次发送消息时，屏幕中未显示最后一次发送消息的时间，退出聊天页面后再次进入该页面，又显示最后一次发送消息的时间,64,61,1
途牛,途牛,10010000003913,10010000003913,private_chat.chat.other,private_chat.chat.other,当与好友发起私聊时 一部分好友需要花很长时间建立好友关系(而这个好友是聊天次数最多 聊天内容最多 并且是发送了无限制字数的好友),64,59,1
途牛,途牛,10010000004626,10010000004626,private_chat.page_view.other,private_chat.page_view.other,发起私聊后长时间未发送消息，再次发送消息时屏幕中未显示最后一次发送消息的时间，退出聊天页面后再次进入，显示最后一次发送消息的时间,64,61,1
途牛,途牛,10010000005133,10010000005133,other.other.cannot_or_fail,other.other.cannot_or_fail,"当他人用户改了用户名时，用户名在我手机上的显示可能不能及时更新，如这个名为″大表1哥″的用户改名成""大表2哥""，我这不能及时显现",64,57,1
途牛,途牛,10010000005765,10010000005765,message_send.chat.layout_issue,message_send.chat.layout_issue,发送语音消息异常错乱，他人语音出现在与之不对应人的聊天消息中。用户甚至无法接受到新的语音消息，不一样的语音错位成同一语音消息等。,64,60,1
途牛,途牛,10010000004086,10010000004086,private_chat.page_view.other,private_chat.page_view.other,在设置私聊页面选择投诉该用户，填入内容之后，点击发送，返回设置私聊页面，提示投诉意见已发送，但是没有自动关闭输入法（讯飞输入法）！,65,57,1
途牛,途牛,10010000002393,10010000002393,message_send.chat.other,message_send.chat.other,在进行聊天的时候，不确保对方是否收到信息，应该能够想what~s app一样如果当对方看到了发送的信息之后应该有一个标志来进行显示,65,61,1
途牛,途牛,10010000002728,10010000002728,other.page_view.other,other.page_view.other,点击底部导航栏中的”客服“,13,11,1
途牛,途牛,10010000003951,10010000003951,other.page_view.cannot_or_fail,other.page_view.cannot_or_fail,所有界面的切换和退出，有的可以通过手指左右滑动屏幕实现，有的不可以。,34,31,1
途牛,途牛,10010000002984,10010000002984,message_send.other.cannot_or_fail,message_send.other.cannot_or_fail,当发送表情输入后，想删除重新进行输入时。删除的部分只能将表情转化成的文字符号一个个删除。不能整个表情一起进行删除。用户体验度不好。,65,60,1
途牛,途牛,10010000006858,10010000006858,private_chat.chat.other,private_chat.chat.other,输入：建立私聊路径，进行聊天，互发消息。,20,16,1
途牛,途牛,10010000004039,10010000004039,private_chat.button_icon.other,private_chat.button_icon.other,在设置私聊的时候，如果已经点击新消息提醒，那么下面那个屏蔽的按钮应该变成灰色，否则就是点击了新消息提醒，并且屏蔽此用户，互相矛盾。,65,59,1
途牛,途牛,10010000005172,10010000005172,other.image_banner.cannot_or_fail,other.image_banner.cannot_or_fail,图片存储在相应路径下，与手机相册没有绑定，无法在手机相册查看存储的图。,35,32,1
途牛,途牛,10010000007080,10010000007080,private_chat.input_box.other,private_chat.input_box.other,私聊发送一张照片，对方回复“好看”，网络信号弱的时候，输入框出现“正在建立好友关系”，输入框不应该出现提示，并且应该保持可以输入。,65,55,1
途牛,途牛,10010000005470,10010000005470,message_send.input_box.other,message_send.input_box.other,当我发送三个不同的表情时，文本框种显示三个表情的中文，要是将最后一个表情的文字删掉一个的话，那么发送出去后会显示与前一个表情一样。,65,61,1
途牛,途牛,10010000004663,10010000004663,message_send.page_view.other,message_send.page_view.other,退出应用后，好友给自己发送消息后，当自己进入页面后，系统在右上角消息提醒上并没有变为红点提醒，只有进入界面后聊天界面后才看得到提醒,65,61,1
途牛,途牛,10010000003819,10010000003819,private_chat.page_view.other,private_chat.page_view.other,在发起私聊时，一般提到银行卡等有关个人信息的聊天内容，应该设置相应的提示框，该软件是旅行类软件，应该把用户的隐私问题提高好的保护。,65,60,1
途牛,途牛,10010000003963,10010000003963,message_send.list_item.crash,message_send.list_item.crash,发送后，看到消息的用户将直接死机，之后黑屏闪退，造成拒绝服务，并影响此页所有功能，无法正常删除聊天记录、无法投诉、无法屏蔽该人消息,65,58,1
途牛,途牛,10010000004950,10010000004950,message_send.page_view.other,message_send.page_view.other,聊天设置功能不全面，只有删除聊天记录，屏蔽消息，新消息提醒，投诉用户。应适当添加收藏聊天内容，设置聊天背景，更改聊天提示音等功能。,65,57,1
途牛,途牛,10010000006102,10010000006102,login.chat.other,login.chat.other,两台设备同时登录账号，给同一个对象发送不同内容，两台设备发送的不同内容都能出现在另一台设备上。但对方回发消息时，只有一台设备能收到,65,61,0
途牛,途牛,10010000006326,10010000006326,other.button_icon.cannot_or_fail,other.button_icon.cannot_or_fail,删除自定义添加表情不能同时删除多张，并且删除按钮太小，很容易点错（第一张截图是长按第一张收藏图片，第二张截图是长按第二张收藏图片）,65,60,1
途牛,途牛,10010000005905,10010000005905,search.chat.cannot_or_fail,search.chat.cannot_or_fail,无法搜索好友，比如通过搜索账户名称，或者账户号码搜索添加好友，也没有明确的搜索框用来添加好友的，现有搜索框都是用来搜索目的地之类的,65,61,1
途牛,途牛,10010000006911,10010000006911,private_chat.image_banner.cannot_or_fail,private_chat.image_banner.cannot_or_fail,不能屏蔽所有陌生人的消息，不能选择不接受陌生人的私聊，可能导致会有大量陌生人发送用户并不想接受的消息（如广告等）导致用户受到骚扰。,65,60,1
途牛,途牛,10010000001201,10010000001201,other.button_icon.other,other.button_icon.other,在清空购物车返回后，右上角的“更多”菜单下的清空购物车按钮应变成不可点击状态。 菜单下不应该有回到首页这一按钮，与返回icon重复。,66,59,1
途牛,途牛,10010000002216,10010000002216,login.other.wrong_value,login.other.wrong_value,登录功能下的找回密码功能，若输入相关信息时未输入手机号，直接点击找回密码，错误信息提示“手机号码格式错误”，应提示“未输入手机号码”,66,58,1
途牛,途牛,10010000002622,10010000002622,private_chat.chat.other,private_chat.chat.other,操作：用户进入私聊对话框，输入文字，点击输入法还行功能,27,24,1
途牛,途牛,10010000006062,10010000006062,other.button_icon.other,other.button_icon.other,"在“我的”界面点击“专属顾问”,进入后点击按钮会提示“是否选择TA为顾问”,然而我并没有选择任何顾问,并且界面上也没有任何相关选项。",66,56,1
途牛,途牛,10010000003743,10010000003743,private_chat.chat.other,private_chat.chat.other,当我退出私聊后再进入时，我之前发送过的消息竟然跑到对方那边去了，也就是我之前的消息跑到左边，如下图。再次退出进入又显示到我的右边了。,66,61,1
途牛,途牛,10010000004006,10010000004006,message_send.page_view.other,message_send.page_view.other,在聊天界面，屏蔽好友,10,9,1
途牛,途牛,10010000002550,10010000002550,message_send.other.freeze,message_send.other.freeze,发送表情时，发送的表情过多时，软件卡死，无法操作。之后就不正常退出了。,35,30,1
途牛,途牛,10010000003546,10010000003546,private_chat.page_view.crash,private_chat.page_view.crash,互相关注的人发语音，发送完毕后再次点击收听，手机会卡死，将内存清空再次进入第一次点私聊页面闪退，第二次我发送过去的消息没有历史记录。,66,61,1
途牛,途牛,10010000006448,10010000006448,private_chat.chat.other,private_chat.chat.other,输入：建立私聊路径，发送消息，进行私聊。,20,16,1
途牛,途牛,10010000003177,10010000003177,message_send.other.other,message_send.other.other,现象：当文字或其他内容输入超过一行之后不是框在变化而是字和内容往上翻，看不到发送的全部内容文字,47,45,1
途牛,途牛,10010000003212,10010000003212,private_chat.chat.other,private_chat.chat.other,发起私聊时，发送语音消息时，自己发送的是多条不同的语言内容，而接收者听到的都是第一条收到的语音消息，即第一条语音覆盖所有的语音消息。,66,61,1
途牛,途牛,10010000003886,10010000003886,search.page_view.cannot_or_fail,search.page_view.cannot_or_fail,在 设置私聊 功能块上，用户所能选择功能过少，查找历史私聊记录也较为困难，对于对其他用户不能进行“备注”，很容易让用户混淆，使用不易,66,57,1
途牛,途牛,10010000006658,10010000006658,other.other.other,other.other.other,用户名规定过于僵硬，必须是4,14,13,1
途牛,途牛,10010000005809,10010000005809,message_send.chat.display_missing,message_send.chat.display_missing,语音发送消息的时候，消息显示不完整，到后面就显示不出来了。比如说我说了三秒，他发过去的内容只有两秒，最后一秒的内容没有给我显示出来。,66,60,1
途牛,途牛,10010000006915,10010000006915,message_send.chat.other,message_send.chat.other,操作：被屏蔽好友发送消息,12,11,1
途牛,途牛,10010000005839,10010000005839,groupchat.page_view.other,groupchat.page_view.other,建群路径不明显。聊天点开联系人之后出现群聊。但是如果没有群，却想要建群，我觉得应该把建群的标志放在群聊的页面。而且建群的路径找不到。,66,60,1
途牛,途牛,10010000006710,10010000006710,search.other.cannot_or_fail,search.other.cannot_or_fail,无法通过搜索用户名或手机号进行关注。应该在联系人右上角增加搜索功能以便能搜索到用户。或者添加读取手机联系人（使用途牛app）的功能。,66,61,1
途牛,途牛,10010000002201,10010000002201,share.share_panel.permission,share.share_panel.permission,当我使用微博登陆时 显示文件不存在 使用QQ时出现未授权（登陆其他软件时无此情况） 点击微信则无反应,50,45,1
途牛,途牛,10010000005320,10010000005320,message_send.button_icon.other,message_send.button_icon.other,"对聊天用户设置为""新消息提醒""后，若该用户发送消息，若当前为“我的”界面，则没有新消息提醒，只有点击右上角的后图标，才会有新消息提醒。",67,57,1
途牛,途牛,10010000003314,10010000003314,share.share_panel.cannot_share,share.share_panel.cannot_share,"在分享他人的动态时,点击分享,再点击取消,会出现“分享失败”,明明取消了怎么还好说分享失败。",46,39,1
途牛,途牛,10010000003409,10010000003409,share.image_banner.other,share.image_banner.other,"点击某个景点时,最上方的图片不带链接功能,应该增添链接功能,让用户更好的了解这个景区,这个地方,否则用户对其不了解,自然就对它不感兴趣",67,61,1
途牛,途牛,10010000003717,10010000003717,message_send.page_view.cannot_or_fail,message_send.page_view.cannot_or_fail,别人发消息过来，自己在别的界面或者别的app收不到提示，只有点开聊天才听到声音提示，也没有数值显示，只有点到最里面才能看见是谁发给你的,67,63,1
途牛,途牛,10010000003710,10010000003710,message_send.audio.other,message_send.audio.other,语音输入功能，发送多条语音信息，后面接收的语音信息都为第一条语音的内容，后面的语音信息丢失。即不管接收到多条语音，只能收到同样的内容。,67,61,1
途牛,途牛,10010000002800,10010000002800,other.chat.other,other.chat.other,联系人板块中，没有推荐好友和添加好友功能，建议自动匹配手机通讯录找寻好友。,37,34,1
途牛,途牛,10010000004049,10010000004049,private_chat.chat.other,private_chat.chat.other,进入私聊以后，发送语音，自己可以听到语音说的内容，但是对方没办法听清楚，而且语音内容长度有限，语音时间过长，后面的信息则被系统删除了。,67,60,1
途牛,途牛,10010000006711,10010000006711,search.button_icon.other,search.button_icon.other,查找到与相互关注的用户聊天路径繁琐！新用户要摸索半天才能找到路径，使用不方便，并且很少会注意到“发现”页面右上角的“牛头”按钮的运用！,67,59,1
途牛,途牛,10010000003353,10010000003353,message_send.button_icon.other,message_send.button_icon.other,根据测试设计进行测试，发现步骤4中的聊天按钮图标并没有任何提示（如小红点）。,38,34,1
途牛,途牛,10010000004180,10010000004180,login.page_view.other,login.page_view.other,当退出登录后，再次登录，如果在未登录的这段时间有人私聊自己，则系统首页和个人中心页面右上角的消息框有时会提示有未读信息有时候不会提示、,67,63,1
途牛,途牛,10010000003887,10010000003887,search.image_banner.cannot_or_fail,search.image_banner.cannot_or_fail,在聊天中添加表情功能不可以自定义分组。若用户长时间使用该功能后，所有自己添加的表情图片会无序放在一个组里，使用和查找都很变得十分困难。,67,63,1
途牛,途牛,10010000005342,10010000005342,private_chat.page_view.other,private_chat.page_view.other,进行私聊设置时，只有四个选项:删除聊天记录，投诉该用户，新消息提醒，屏蔽该用户。用户希望在此能看到聊天对象的个人信息，而此处并未提供。,67,59,1
途牛,途牛,10010000005679,10010000005679,other.other.no_prompt,other.other.no_prompt,一个账号在两台设备上登陆时没有提示,17,17,1
途牛,途牛,10010000006031,10010000006031,other.button_icon.cannot_delete,other.button_icon.cannot_delete,在选择表情后，点击表情界面的删除按钮并不能删除完整的表情，而是删除表情对于的词语的一部分。对于用户来说比较麻烦，不符合用户一般的习惯。,67,62,1
途牛,途牛,10010000006564,10010000006564,message_send.input_box.other,message_send.input_box.other,输入文字多行，文本框不会随着文字的增多或者减少而上下变化，用户根本看不到已经输入的哪些内容，发送后才知道。当然输入表情问题也是一样的。,67,62,1
途牛,途牛,10010000006882,10010000006882,other.other.other,other.other.other,"在互为关注里显示了关注我的但我还没关注的人,我点击进去后看到的应该是她的信息，而这最上面的文本明是她的关注，下面的内容却显示我的关注。",67,63,1
途牛,途牛,10010000001982,10010000001982,other.button_icon.other,other.button_icon.other,"点击右上角的购物车按钮后,会有小概率出现界面跳转缓慢的情况,且跳转过程中为黑屏,用户体验不够好,可在跳转过程中加上小动画等,提高用户体验",68,63,1
途牛,途牛,10010000004393,10010000004393,other.other.wrong_value,other.other.wrong_value,选择表情时是以文字形式显示，当我错误的点击了一个表情后想删除很麻烦，我不能一次性删除需要点击多次，而且图像以文字的形式显示看的很不舒服。,68,64,1
途牛,途牛,10010000004200,10010000004200,other.page_view.other,other.page_view.other,离开途牛页面，但不关闭后台，接收好友信息。,21,18,1
途牛,途牛,10010000002554,10010000002554,message_send.list_item.other,message_send.list_item.other,聊天列表中有多人，但是在跟不同用户的语音聊天时，点击语音消息后播放的语音内容均为第一个联系人发送的第一条语音内容，即所有语音内容均一样。,68,64,1
途牛,途牛,10010000003744,10010000003744,playback.audio.other,playback.audio.other,A与B之间互相发出第一段语音之后,16,16,1
途牛,途牛,10010000003219,10010000003219,message_send.chat.cannot_or_fail,message_send.chat.cannot_or_fail,在与陌生用户或者互相关注的用户发送语音消息时，所有的用户发来的语音消息一直重复第一次听到的语音内容。无法听到对方实际发来的语音消息内容。,68,65,1
途牛,途牛,10010000003779,10010000003779,search.other.other,search.other.other,"经测试,发现本应用搜索功能存在问题:",18,16,1
途牛,途牛,10010000007023,10010000007023,other.page_view.other,other.page_view.other,最多添加六个目的地，页面表达不准确，至少应表达为从··到··再到··,34,26,1
途牛,途牛,10010000004910,10010000004910,playback.audio.other,playback.audio.other,语音bug：收听第一条语音之后，再去听其他人的语音都只能听到第一个人的语音内容，显示长度不同，但是听到的内容，长度，声音都是第一个人的。,68,61,1
途牛,途牛,10010000005402,10010000005402,message_send.chat.other,message_send.chat.other,消息通知不到位！有人给我发消息时，右上角有小红点提醒，但是点开消息先出现通知，要自己点消息才出现消息，应该有通知出现通知，有消息出现消息,68,62,1
途牛,途牛,10010000005345,10010000005345,search.page_view.cannot_or_fail,search.page_view.cannot_or_fail,用户之间无法直接搜索对方加关注与私聊，只能通过一方发送动态，另一方找到动态进入动态找到头像才能加关注，并进入主界面才能发起私聊，很麻烦。,68,63,1
途牛,途牛,10010000005965,10010000005965,playback.audio.cannot_or_fail,playback.audio.cannot_or_fail,在录制语音时，如果有电话打进来，不能自动停止录制语音,26,24,1
途牛,途牛,10010000006650,10010000006650,other.image_banner.other,other.image_banner.other,投诉的字数仅仅限于100字，过少，尤其是当使用者为英文时，能说的话也就更少，建议添加多一些的字数，同时提供对于图片等超文本文件的上传支持,68,63,1
途牛,途牛,10010000006961,10010000006961,message_send.chat.other,message_send.chat.other,按照如上操作后，发送出去的消息按道理来说应该是,23,22,1
途牛,途牛,10010000002412,10010000002412,private_chat.page_view.other,private_chat.page_view.other,"在私聊页面中""更多""里，消息提示是开启的，但是发送图片，文字，表情语音是没有消息提示音，偶尔，在将其关闭再打开以后，才会小概率出现提示音。",69,59,1
途牛,途牛,10010000003065,10010000003065,search.chat.cannot_or_fail,search.chat.cannot_or_fail,无法直接搜索好友,8,8,1
途牛,途牛,10010000003964,10010000003964,other.other.other,other.other.other,（1）重现步骤：,8,5,1
途牛,途牛,10010000006070,10010000006070,message_send.chat.other,message_send.chat.other,只有控制聊天信息是否推送至通知栏的功能，该功能会一并关闭提示音几震动。没有单独关闭提示音或震动的功能，在特定场合下很大程度影响了用户体验。,69,65,1
途牛,途牛,10010000006209,10010000006209,playback.step.other,playback.step.other,别人发给自己的语音，无论什么时间，无论语音长短，无论什么是什么人发的，都只显示第一个人发给自己的第一条语音。（如图，所有语音都是相同内容）,69,61,1
途牛,途牛,10010000005341,10010000005341,search.chat.cannot_or_fail,search.chat.cannot_or_fail,没有对联系人或者其他陌生人的搜索。也就无法直接找该人员。在该人员没有消息或者其他问题的发表的情况下。基本无法找到该人员。更不要提互相关注。,69,64,1
途牛,途牛,10010000005333,10010000005333,message_send.chat.cannot_or_fail,message_send.chat.cannot_or_fail,无法直接添加联系人，即无法直接根据帐号发起聊天，且无法直接进入对方个人主页，陌生号码只能通过问答、结伴等找到对方开始聊天，极度影响用户体验,69,64,1
途牛,途牛,10010000006365,10010000006365,search.other.cannot_or_fail,search.other.cannot_or_fail,想和认识的朋友互相关注，却找不到搜索朋友账号的入口，只能关注陌生人，求关注的信息不能即时响应。联系人中没有搜索朋友账号的功能这一点很不好。,69,64,1
途牛,途牛,10010000005642,10010000005642,login.image_banner.other,login.image_banner.other,vivo x5max在网络良好且未登录的的情况下，与好友进行聊天时登陆账户，偶现图片验证码一直刷不出来，重启app时，可以看到图片验证码。,69,63,1
途牛,途牛,10010000005856,10010000005856,message_send.chat.other,message_send.chat.other,从主页进入消息,7,7,1
途牛,途牛,10010000006798,10010000006798,other.input_box.cannot_or_fail,other.input_box.cannot_or_fail,当在输入框输入完表情之后无法提供缩略图预览（微信或者QQ都有提供预览）,35,33,1
途牛,途牛,10010000002658,10010000002658,private_chat.chat.other,private_chat.chat.other,操作：用户进入私聊对话框，成功发送语音，点击语音取消,26,23,1
途牛,途牛,10010000004518,10010000004518,private_chat.chat.other,private_chat.chat.other,操作：私聊对话框，表情选择处，屏幕向右滑动,21,18,1
途牛,途牛,10010000005511,10010000005511,other.button_icon.other,other.button_icon.other,点击添加表情按钮，然后点击图片下面的红心，再点击该模块的新增，出现的是手机相册的图片保存到表情，这和图二点击加号选择图片功能相似，可以省略。,70,64,1
途牛,途牛,10010000004674,10010000004674,other.input_box.other,other.input_box.other,在结伴中，关联路线时，那个输入框不知道需要我们输入什么产品编号，没给个例子不懂，而且输入框下面一片空白，应该充分利用起来给几个热门的产品编号,70,65,1
途牛,途牛,10010000002519,10010000002519,register.other.wrong_value,register.other.wrong_value,"新用户在使用手机号注册途牛时，手机号填写不正确，不给提示“手机格式正确”，直接显示已发送验证码,导致用户无法收到验证码，还得从头检查哪里错了",70,63,1
途牛,途牛,10010000005041,10010000005041,other.other.other,other.other.other,对方更改了用户名,8,8,1
途牛,途牛,10010000002689,10010000002689,search.list_item.other,search.list_item.other,发表帖子选择关联地点时，有的地点搜索不到，比如江苏省南京市江宁区的南京航空航天大学将军路校区。只能搜索到秦淮区的南京航空航天大学明故宫校区。,70,66,1
途牛,途牛,10010000003849,10010000003849,message_send.chat.cannot_or_fail,message_send.chat.cannot_or_fail,当我不小心发错消息了，那么我想撤销我的消息，当我点击删除的时候，只能把我本地的数据删除，并不能起到撤销的功能。用户体验不好。违背用户的意图。,70,63,1
途牛,途牛,10010000005638,10010000005638,private_chat.chat.other,private_chat.chat.other,在私聊窗口中，给对方发送多个表情时，删除最后一个表情里的文字(全部删除或只删除部分)，显示的表情会多出一个，多出的表情会与倒数第二个表情一样,70,64,1
途牛,途牛,10010000004693,10010000004693,message_send.chat.other,message_send.chat.other,有未读消息时，与通知菜单栏并列的消息菜单并未显示消息未读(没有红点)。,35,31,1
途牛,途牛,10010000006616,10010000006616,other.input_box.other,other.input_box.other,在输入框中输入内容时，一次复制粘贴超过2745（包括空格）时出现一个乱码字符并且后面的内容没有进入输入框，在后面还可以继续输入，并且再次粘贴,70,65,1
途牛,途牛,10010000002493,10010000002493,private_chat.chat.other,private_chat.chat.other,进入私聊,4,4,1
途牛,途牛,10010000002958,10010000002958,playback.page_view.permission,playback.page_view.permission,长按语音输入，此时弹出权限申请界面，点击允许之后，此时并没有处于长按状态下，上滑取消提示不断出现，APP仍然在获取音频数据，导致语音无…,68,61,1
途牛,途牛,10010000005617,10010000005617,message_send.list_item.wrong_value,message_send.list_item.wrong_value,发送语音时，如果发送多条语音，听到的内容都是第一条语音的内容，清楚聊天记录后，语音内容还是第一条聊天的语音内容。发送者听着自己的语音是…,68,62,1
途牛,途牛,10010000005123,10010000005123,message_send.page_view.other,message_send.page_view.other,输入：进入”设置“模式，进行”投诉“，输入投诉内容后，点击”发送“。,34,23,1
途牛,途牛,10010000006851,10010000006851,message_send.button_icon.other,message_send.button_icon.other,在评论窗口下，输入内容框右边不是发送按钮，是一个取消按钮。,29,26,1
途牛,途牛,10010000003284,10010000003284,playback.page_view.freeze,playback.page_view.freeze,三星截图是向右滑动截图，本来打算左手按住语音键松开瞬间，右手截图，但是左手松开后还是按住的界面，界面卡顿，返回后再进入，之前那段语音没…,68,61,1
途牛,途牛,10010000003180,10010000003180,other.other.other,other.other.other,（1）重现步骤：,8,5,1
途牛,途牛,10010000006891,10010000006891,message_send.other.cannot_or_fail,message_send.other.cannot_or_fail,当A用户屏蔽B用户后，B用户发送信息能正常发送，A用户无法收到,31,29,1
途牛,途牛,10010000006664,10010000006664,message_send.list_item.wrong_value,message_send.list_item.wrong_value,聊天记录中，用户自己发送的消息，有时却出现在对方用户发送消息的位置！一般情况下用户自己发送的消息在右侧，对方发送的消息在左侧，此处却不…,68,62,1
途牛,途牛,10010000004204,10010000004204,playback.audio.other,playback.audio.other,长按自己发出的语音，APP提供对这段语音的操作有,24,23,1
途牛,途牛,10010000004682,10010000004682,message_send.audio.other,message_send.audio.other,发送的语音会缺失最后一部分。,14,13,1
途牛,途牛,10010000005078,10010000005078,login.button_icon.permission,login.button_icon.permission,点击第三方登录按钮的三个登录方式按钮，点击QQ登录按钮出现登录授权失败,35,34,1
途牛,途牛,10010000004875,10010000004875,private_chat.chat.load_fail,private_chat.chat.load_fail,在使用途牛私聊功能时，向私聊对象发送语音信息，对方无法正常播放。且会出现两种情况，一是长时间无法加载和播放，二是播放出不完整的极短的一…,68,62,1
途牛,途牛,10010000005769,10010000005769,message_send.chat.other,message_send.chat.other,在与好友进行语音聊天时，好友发送多条语音时，只能接受第一条语音内容，其余语音均被这条语音遮盖，播放好友发送的其他语音也只能听到第一天语…,68,63,1
途牛,途牛,10010000006639,10010000006639,playback.other.other,playback.other.other,用户录音最多只能够录1分钟,13,13,1
途牛,途牛,10010000006042,10010000006042,other.button_icon.other,other.button_icon.other,自带表情框这里右下角有删除表情的退格图标，但是只能和输入法自带的一样删除一个字符，那就失去了添加它的意义，建议自动检测删除范围(一整个…,68,63,1
途牛,途牛,10010000004612,10010000004612,private_chat.chat.other,private_chat.chat.other,输入：进入”私聊“模式，从系统表情切换到用户添加的表情。,28,23,1
途牛,途牛,10010000006981,10010000006981,message_send.button_icon.load_fail,message_send.button_icon.load_fail,在发送比较大的信息量的时候（未发送完就点击返回键），这样就无法进入与所有用户的聊天（不包括在线客服）。比如发送图片。必须重新启动方可再…,68,60,1
途牛,途牛,10010000004095,10010000004095,other.chat.other,other.chat.other,查看好友(例:hjh126hdj）的关注情况，发现他的关注的用户和用户人数跟我的关注一模一样，有六个，而点击他的头像后，发现他的关注其…,68,60,1
途牛,途牛,10010000003727,10010000003727,message_send.page_view.other,message_send.page_view.other,每次在聊天的中途，按home键退出途牛，查看微信或者其他消息以后，再次进入点击如途牛时，又回到首页，没有停留在上次聊天的界面，用户体验…,68,61,1
途牛,途牛,10010000003882,10010000003882,message_send.chat.other,message_send.chat.other,消息显示时间的问题：每一条消息应该都精确到具体时间，本身就是一款设计交易的软件，时间提示太长。有时过了很长时间发送消息后，时间提示框都…,68,62,1
途牛,途牛,10010000004691,10010000004691,other.other.no_prompt,other.other.no_prompt,投诉的时候没有提示是因为哪方面进行的投诉(应该有一个下拉框)，这样不仅在处理时不方便进行归纳然后统一处理，也可能会让用户不能准确表达自…,68,63,1
途牛,途牛,10010000004710,10010000004710,other.other.other,other.other.other,在个人关注里面，选择关注我的一个用户。选择的时候只能点击关注我的用户的头像。中间留有大部分空间不可触摸。用户需要精确点击才能选中，会让…,68,62,1
途牛,途牛,10010000005554,10010000005554,message_send.audio.cannot_or_fail,message_send.audio.cannot_or_fail,语音只能听取第一条听取的语音。如果又接收到语音，发送方语音可听取，接收方收到与发送方相同长度语音但是内容仍为第一条语音内容。更改设备也…,68,63,1
途牛,途牛,10010000006802,10010000006802,message_send.page_view.cannot_or_fail,message_send.page_view.cannot_or_fail,通过消息页面进入聊天发现聊天的显示正常，但是通过所关注的人查看与同一个人的聊天发现聊天显示出现异常，消息两人的混在一起无法分清谁发的哪…,68,65,1
途牛,途牛,10010000006195,10010000006195,message_send.input_box.other,message_send.input_box.other,当聊天输入框内有文字时，想要粘贴一段文字进去，长按光标位置，会使图中包含粘贴操作框闪现一秒消失之后再跳出来，然后才稳定存在，这样很影响…,68,62,1
途牛,途牛,10010000002014,10010000002014,other.page_view.other,other.page_view.other,在点击购物车之后，进入的主页面中除了有一个大大的加号之外，下面还有三个小的选项。让人以为是能够点击选择的功能，但是点击之后发现，这是点…,68,62,1
途牛,途牛,10010000003083,10010000003083,other.button_icon.other,other.button_icon.other,在下方我的选项进入社区，选择游记，在未发布过游记的情况下下拉刷新，您还未发表过游记图标会下移，最低移至屏幕底部。同时建议在该界面添加新…,68,62,1
途牛,途牛,10010000005728,10010000005728,settings.page_view.other,settings.page_view.other,点击粉丝或关注人主页后，若头像全部与个人用户头像一致且用户名未做更改，则易出现混淆功能。没有设置返回我的主页的清晰标志，使用户很容易出…,68,63,1
途牛,途牛,10010000005998,10010000005998,message_send.page_view.crash,message_send.page_view.crash,对方发送大量表情给我之后，我的联系人界面就会卡住，无法进行正常的聊天。并且程序崩溃。这等同于其他人可以通过这个方法进行攻击他人，造成他…,68,62,1
途牛,途牛,10010000005027,10010000005027,search.button_icon.wrong_value,search.button_icon.wrong_value,点击首页右上角的“查找聊天记录”按钮，进入到“消息”面板的“聊天”界面，显示所有聊天用户，但不能区分是否是被关注用户，且不能进入对方用…,68,57,1
途牛,途牛,10010000005409,10010000005409,playback.audio.other,playback.audio.other,语音功能存在BUG,9,9,1
途牛,途牛,10010000007161,10010000007161,message_send.chat.other,message_send.chat.other,发送多个表情时，例如[大笑][可爱][发怒]，若我删除怒这个字，则此时会多发一次[可爱]的那个表情，此时发出的消息为[大笑][可爱][…,68,50,1
途牛,途牛,10010000006806,10010000006806,message_send.page_view.other,message_send.page_view.other,在你好友给你发送语音和图片的时候，聊天界面上方不会出现“对方正在输入”的提示,38,35,1
途牛,途牛,10010000007198,10010000007198,private_chat.page_view.other,private_chat.page_view.other,用户A如图1设置新消息提醒后退回到途牛主页面（如图2），用户B在私聊中发送新消息给用户A，用户A在主页面不会接受到提醒，只有进入图3页…,68,62,1
途牛,途牛,10010000002306,10010000002306,other.other.other,other.other.other,未屏蔽敏感词汇,7,7,0
途牛,途牛,10010000006471,10010000006471,message_send.page_view.other,message_send.page_view.other,点击一个人进入聊天界面，顶部先会显示一串数字(不确定是不是帐号)，过一会再显示用户名。截图是两个例子，第二个例子，那个人本身的用户名就…,68,60,0
途牛,途牛,10010000004696,10010000004696,message_send.input_box.other,message_send.input_box.other,在聊天中，发送表情时，点击表情时在文本框中会出现表情意思的文字，但在删除时，会删除文本框中的字，如果删除后只剩下“愤怒”中的“怒”时，…,68,57,0
途牛,途牛,10010000004705,10010000004705,comment.button_icon.other,comment.button_icon.other,在“发现”栏目下，点击用户动态的评论按钮,20,17,0
途牛,途牛,10010000006645,10010000006645,private_chat.chat.other,private_chat.chat.other,输入：建立陌生人私聊路径，进行私聊，发送消息。,23,19,0
途牛,途牛,10010000006838,10010000006838,private_chat.chat.other,private_chat.chat.other,输入：建立私聊路径，进行聊天，对方发送消息。,22,18,1
途牛,途牛,10010000006917,10010000006917,private_chat.chat.other,private_chat.chat.other,输入：建立私聊路径进行私聊，当A把B屏蔽，B给A发消息。,28,24,1
途牛,途牛,10010000005264,10010000005264,private_chat.chat.other,private_chat.chat.other,私聊这种常用的功能很难找，需要对方有发贴或者动态才能找到，陌生用户的私聊路径：,39,36,1
途牛,途牛,10010000005071,10010000005071,message_send.button_icon.other,message_send.button_icon.other,步骤：1.点击首页右上角的“消息图标”,19,15,1
途牛,途牛,10010000004031,10010000004031,message_send.chat.cannot_or_fail,message_send.chat.cannot_or_fail,在跟用户聊天的过程中，点击对方用户的头像是无法看到对方的个人主页的，那么这样的话就非常的困难去找到所聊天对象的相关讯息，是的用户的体验…,68,64,1
途牛,途牛,10010000004107,10010000004107,message_send.image_banner.cannot_or_fail,message_send.image_banner.cannot_or_fail,添加表情功能中，所添加的表情图片清晰度无法选择，且默认的清晰度十分模糊。下图是分别使用添加表情功能与发送图片功能对同一张图片进行发送后…,68,64,1
途牛,途牛,10010000003696,10010000003696,playback.step.other,playback.step.other,无论别人给我发什么样的、时间多长的语音信息，我都只能听到一个为期两秒的男声说你好，其他什么都听不到，从开始测试到结束不管点哪个语音都听…,68,63,1
途牛,途牛,10010000004634,10010000004634,message_send.chat.other,message_send.chat.other,语音之间相互串扰，好友语音只能接收到第一条，接收到其他语音的时候，无论是不是在跟第一条语音的发送者聊天，播放语音也只能播放所有好友语音…,68,63,1
途牛,途牛,10010000005327,10010000005327,private_chat.chat.other,private_chat.chat.other,点发现，我的头像，此时间点，有时会出现不正常退出，正常进入，点全部关注，点已关注对象，此时间点，有时会出现不正常退出，若前两步正常，可…,68,57,1
途牛,途牛,10010000005296,10010000005296,playback.audio.other,playback.audio.other,用3台手机测试，甲乙丙，三个用户，甲与乙相互关注，乙与丙相互关注。甲与丙不相互关注，甲对乙发1条语音，丙对乙发2条语音，乙收听的都是甲…,68,59,1
途牛,途牛,10010000005215,10010000005215,search.button_icon.other,search.button_icon.other,在结伴模块中，选择想去哪儿，进入搜索地点界面，选择好地点。在我想去的地点旁点击删除按钮，再点击其上的完成按钮，选择好的地点会仍然会进入…,68,61,1
途牛,途牛,10010000006674,10010000006674,groupchat.chat.other,groupchat.chat.other,没法实现添加联系人功能，没法创建新的聊天群组。,23,21,1
途牛,途牛,10010000006725,10010000006725,other.page_view.cannot_or_fail,other.page_view.cannot_or_fail,在投诉用户页面进行编辑投诉的理由，然后返回到上一页面。再次进入编辑文字的界面。返现之前编辑的文字消失。用户之前的数据无法保存。这样会让…,68,62,1
途牛,途牛,10010000002573,10010000002573,message_send.chat.layout_issue,message_send.chat.layout_issue,在聊天信息输入过程中，输入法弹出之后，点击表情Button，输入法消失之前，包含有大量表情的布局就出现在了输入法上方，并随着输入法消失…,68,62,1
途牛,途牛,10010000002468,10010000002468,private_chat.list_item.cannot_or_fail,private_chat.list_item.cannot_or_fail,要建立与已经关注人的私聊路径，但是没有出现联系人列表，只有最近联系人列表，无法建立新的私聊路径。要与已经关注的人建立私聊路径，只能通过…,68,62,1
途牛,途牛,10010000007036,10010000007036,message_send.chat.other,message_send.chat.other,输入：分别与陌生人与互相关注的好友建立聊天。,22,20,1
途牛,途牛,10010000005954,10010000005954,message_send.list_item.other,message_send.list_item.other,两个已关注好友，当一个好友删除聊天记录后，另一个好友能看到本地的聊天信息,36,34,1
途牛,途牛,10010000004877,10010000004877,message_send.button_icon.cannot_or_fail,message_send.button_icon.cannot_or_fail,在消息页面外收不到消息提醒。点击右上角的消息图标进到消息页面后才出现消息提示的声音。而且在其他界面没有醒目的消息提示显示（只有右上角图…,68,64,1
途牛,途牛,10010000004907,10010000004907,private_chat.page_view.display_missing,private_chat.page_view.display_missing,私聊界面中，在对话过程中有时候不显示用户名，只显示头像和内容。大部分用户都是用习惯了QQ与微信的方式，这种类型看着是真的好不舒服。但是…,68,62,1
途牛,途牛,10010000005851,10010000005851,other.page_view.other,other.page_view.other,在点击行程玩法后，再点击购物车，然后点击那个绿色加号，进入选择套餐。例如点击机票，返回之后不会回到选择套餐那个界面，而是回到购物车，这…,68,60,1
途牛,途牛,10010000006783,10010000006783,message_send.input_box.other,message_send.input_box.other,当点击表情输入时，显示在文本框里的是“[文字]”当想删除表情时，只能一个一个字符删除，当发送只删除了一半的表情字符时，被删除一半的表情…,68,59,1
途牛,途牛,10010000006410,10010000006410,message_send.chat.other,message_send.chat.other,+收到消息的提醒不及时。,12,10,1
途牛,途牛,10010000006744,10010000006744,search.button_icon.other,search.button_icon.other,刚进入应用，想和其他人交流时，首先想到的是联系人，可联系人列表是空的，也只有返回按钮，什么也没有，过了好久也不知道如何与其他人交流。建…,68,60,1
途牛,途牛,10010000002926,10010000002926,message_send.page_view.crash,message_send.page_view.crash,要发送图片时，选择好了图片，点击预览后，往左滑动预览各张图片，滑到最后一张再往左滑出现白屏然后闪退回原来选择图片的界面，而且原来选择的…,68,62,1
途牛,途牛,10010000005530,10010000005530,message_send.page_view.other,message_send.page_view.other,我屏蔽了这个人，只有在聊天设置里看得见，很不好，万一我忘记屏蔽了他但是一直没收到消息就会误会，至少在聊天框里给个提示，或者在此人头像上…,68,62,1
途牛,途牛,10010000003538,10010000003538,message_send.page_view.cannot_or_fail,message_send.page_view.cannot_or_fail,消息界面如果想要删除一个对话框必须手动一个一个的删除，而不能点击编辑以后，选中所有的对话框全部删除。,50,47,1
途牛,途牛,10010000004350,10010000004350,other.page_view.other,other.page_view.other,在个人主页中间部分可以看到已经发布的帖子，已经发布的帖子在删除时，点击删除后弹出的确人删除界面页面不完整，但这是在安卓模拟器上的情况，…,68,63,1
途牛,途牛,10010000004827,10010000004827,private_chat.image_banner.wrong_value,private_chat.image_banner.wrong_value,在私聊，当连续不停地发消息，再继续发9张图片，发送完刷新后，发现我的用户头像突然出现在左侧。左侧本应该是对方发的消息，右侧本应该是我的…,68,61,1
途牛,途牛,10010000005226,10010000005226,message_send.chat.other,message_send.chat.other,好友A先给我发一条语音消息，能正常听到消息内容,23,22,1
途牛,途牛,10010000006108,10010000006108,private_chat.chat.cannot_or_fail,private_chat.chat.cannot_or_fail,用户除非在广场上直接发现别的用户，不能够通过用户名等信息找到别的用户进行私聊、关注等操作。若是想要关注特定的用户，只能通过双方在同一地…,68,63,1
途牛,途牛,10010000006765,10010000006765,search.page_view.cannot_or_fail,search.page_view.cannot_or_fail,在选择求结伴页面的信息时，点击关联路线，选择线路时，页面刷新不出来，无法正常显示，而且搜索栏提示输入商品编号，对app不熟悉的用户无法…,68,61,1
途牛,途牛,10010000006869,10010000006869,message_send.image_banner.other,message_send.image_banner.other,如图，点击图片后进入手机本地相册进行图片选择，但途牛把gif类型图片全部屏蔽（即是说，手机本地相册有gif图片，但是途牛发送图片的时候…,68,62,1
途牛,途牛,10010000007139,10010000007139,login.page_view.crash,login.page_view.crash,发帖后分享到其他社交软件，点击微信和朋友圈没反应，点击微博不能进行链接信息无法发布，点击qq没反应，即使出现qq登录界面也会闪退，均出…,68,62,1
途牛,途牛,10010000001934,10010000001934,other.page_view.other,other.page_view.other,进入购物车，选择“+”，点击“当地玩乐”一项，选择玩乐类型“观光游”等，出现全部玩乐类型，功能未实现。在当前页面下，再次选择“观光游”…,68,51,1
途牛,途牛,10010000004826,10010000004826,other.page_view.cannot_or_fail,other.page_view.cannot_or_fail,在首次和粉丝建立对话的过程中，进入自己的粉丝页面，只有点击头像才能进入粉丝的个人主页，点击头像右侧区域不能跳转，应该让整个ViewGr…,68,63,1
途牛,途牛,10010000002446,10010000002446,other.page_view.other,other.page_view.other,当点击用户头像，跳转至该用户个人页面详情页面中，共出现两个加载控件，第一个是系统自带的progressBar，第二个是途牛自定义的Pr…,68,63,1
途牛,途牛,10010000004149,10010000004149,message_send.page_view.cannot_or_fail,message_send.page_view.cannot_or_fail,联系人模块只能看到最近聊天的联系人，没有导入手机联系人功能，不能通过联系人模块查看已关注联系人或者粉丝。用户体验效果较差，操作起来较为…,68,63,1
途牛,途牛,10010000003906,10010000003906,other.other.other,other.other.other,（1）重现步骤：,8,5,1
途牛,途牛,10010000003390,10010000003390,private_chat.page_view.other,private_chat.page_view.other,进入用户私聊模块:在表情里添加自定义表情，将手机里的图片选择添加为表情后将自动缩略图片形成马赛克,48,46,1
途牛,途牛,10010000003628,10010000003628,other.other.other,other.other.other,当选择了一个表情后，在编辑框中会出现该表情对应的字符串。,28,26,1
途牛,途牛,10010000004647,10010000004647,message_send.other.other,message_send.other.other,发送表情时，输入到发送框里的是汉字，不是表情，个人感觉不是很合理（仁者见仁智者见智），然后点击删除（回退）键，删除的不是整个表情，而是…,68,57,1
途牛,途牛,10010000005939,10010000005939,private_chat.input_box.other,private_chat.input_box.other,与好友进行私聊的时候，如果消息输入框中输入多行消息的时候，前面已将输入的消息会不可见。当用户需要进行复制、粘贴的时候，需要进行滑动多次…,68,62,1
途牛,途牛,10010000002602,10010000002602,private_chat.chat.other,private_chat.chat.other,操作：进入私聊对话框，输入大于两行文字,19,17,1
途牛,途牛,10010000006307,10010000006307,private_chat.chat.other,private_chat.chat.other,用户进入非自己个人主页，在个人主页左下角找到“发起私聊”入口，进入私聊。用户点击用户头像，想要进入其主页没有反应，严重程度为严重，是不…,68,59,1
途牛,途牛,10010000003883,10010000003883,private_chat.input_box.other,private_chat.input_box.other,点击私聊界面文本输入框右侧“表情”按钮，要先选择表情，再点击“发送”才可将表情发送，操作繁琐。如果能够直接点击表情就可以发送，用户使用…,68,58,1
途牛,途牛,10010000005649,10010000005649,message_send.page_view.crash,message_send.page_view.crash,"在测试发送表情时,点击表情里的加号,跳转到相册里选择其他图片,此时退出相册,会有小概率复现闪退的现象，截图为闪退后截的图以证明（自动退…",68,61,1
途牛,途牛,10010000005644,10010000005644,message_send.chat.other,message_send.chat.other,操作：已互相关注好友，发送消息，通知栏有显示，点击通知栏消息：,31,26,1
途牛,途牛,10010000006176,10010000006176,private_chat.chat.other,private_chat.chat.other,当与一自己关注的用户私聊是输入相应内容，此时的内容显示在屏幕右面,32,31,1
途牛,途牛,10010000006205,10010000006205,other.button_icon.cannot_or_fail,other.button_icon.cannot_or_fail,个人主页，或是他人主页下，任意点击一张照片进去，只可以查看，无法保存，因为找不到任何可以用来保存的按钮，或许只能通过截屏来保存。是一个…,68,60,1
途牛,途牛,10010000006819,10010000006819,message_send.chat.cannot_or_fail,message_send.chat.cannot_or_fail,当有其他用户发来消息或者有新用户添加成为粉丝时，系统本应该给出消息提醒，但是在测试过程中发现，某些情况下可能会收不到提醒，用户没有得到…,68,63,1
途牛,途牛,10010000002442,10010000002442,private_chat.chat.cannot_send,private_chat.chat.cannot_send,问题描述:私聊语音发送失败,13,12,1
途牛,途牛,10010000002361,10010000002361,register.chat.wrong_value,register.chat.wrong_value,我是新用户，私聊前先注册，密码忘记，通过找回密码功能想找回密码，若未输入手机号或邮箱，直接点击找回密码，错误提示信息为“手机号码格式错…,68,60,1
途牛,途牛,10010000003344,10010000003344,message_send.chat.other,message_send.chat.other,"发送消息的时候，输入""[微笑]"",点击发送之后，默认被转化成对于的微笑表情了，如果要发送一篇文章中出现这些文字，都会被强制转为表情，这…",68,57,1
途牛,途牛,10010000003096,10010000003096,other.other.other,other.other.other,（1）重现步骤：,8,5,1
途牛,途牛,10010000004011,10010000004011,private_chat.chat.other,private_chat.chat.other,在私聊里面收到一条他人的语音消息，会正常播放，当我收到第二条语音并播放时，其内容与第一次的一模一样。之后收到的语音消息都与第一次一样。…,68,62,1
途牛,途牛,10010000004401,10010000004401,register.chat.other,register.chat.other,在进行私聊测试之前必须先注册登录，但是在注册登录过程中，如果随便写入一个手机号或者是一个不规范的手机号（根本不符合手机的正常位数）就会…,68,63,1
途牛,途牛,10010000004906,10010000004906,message_send.button_icon.other,message_send.button_icon.other,在发送语音消息时，按住发送按钮，不会提示已经录音多长时间，只有在达到录音极限60秒的最后10秒才会有提示，这样对某些较短但是有时间要求…,68,63,1
途牛,途牛,10010000005175,10010000005175,login.button_icon.other,login.button_icon.other,首页最上方右边的电话(拨打客服热线)和耳机(用户登录)图标容易让人混淆意思。,38,33,1
途牛,途牛,10010000006606,10010000006606,private_chat.page_view.other,private_chat.page_view.other,在私聊对话界面，在添加表情的时候，每次只能添加一张，当遇到大量表情需要添加的时候，会很麻烦，费时间。,50,44,1
途牛,途牛,10010000006470,10010000006470,message_send.chat.no_prompt,message_send.chat.no_prompt,无法及时接受好友的消息，在打开媒体音量的情况下，没有提示音,29,27,1
途牛,途牛,10010000002483,10010000002483,private_chat.chat.wrong_value,private_chat.chat.wrong_value,在与用户私聊过程中，已发出的消息只可以进行复制或者删除操作，不能进行撤回操作，不小心造成的错误不能挽回,51,48,1
途牛,途牛,10010000004007,10010000004007,share.list_item.cannot_or_fail,share.list_item.cannot_or_fail,在个人主页右下角，点击加好，选择发帖子，发完之后返回个人主页后查看帖子，点进去查看详情后，在右下角选择分享，选择QQ分享，点击之后无反…,68,60,1
途牛,途牛,10010000005052,10010000005052,other.other.other,other.other.other,只有发帖或者动态才能找到人，关注很麻烦。,20,18,1
途牛,途牛,10010000003650,10010000003650,other.other.other,other.other.other,（1）重现步骤：,8,5,1
途牛,途牛,10010000004441,10010000004441,other.step.other,other.step.other,"在测试进入非自己个人主页时,发现大概率复现点击后加载个人主页过慢的现象,用户等待时间过长,用户体验不够好。可考虑提高加载速度或在加载过…",68,63,1
途牛,途牛,10010000005140,10010000005140,message_send.button_icon.other,message_send.button_icon.other,如果有新消息，右上角的消息图标会有红点标识，点进去以后需要切换到聊天窗口才能看到新接收到的消息，如果点击消息图标进去后有标识新接收的消…,68,64,1
途牛,途牛,10010000006136,10010000006136,notification.page_view.layout_issue,notification.page_view.layout_issue,在投诉界面显示最多100字，然而测试中输入回车键也算入100字内，100字表述不清楚，这里应该标明剩余可输入多少字，而且对于超出100…,68,63,1
途牛,途牛,10010000006663,10010000006663,message_send.chat.other,message_send.chat.other,发送消息时，一次输入的长度没有限制，会导致接受消息的用户的手机性能收到严重影响，特别卡，而且可能会造成安全漏洞。陌生人向你发送大量消息…,68,62,1
途牛,途牛,10010000003400,10010000003400,private_chat.button_icon.cannot_or_fail,private_chat.button_icon.cannot_or_fail,进入非自己个人主页之后，进入私聊，发起对话完毕，想要点击返回按钮返回到个人主页，返回按钮不灵敏，偶尔出现不能返回的现象。严重程度为严重…,68,61,1
途牛,途牛,10010000005682,10010000005682,other.other.other,other.other.other,初始新用户若没有发布过结伴且无粉丝等信息，则点击自己头像只能选择发布信息功能，而看不到自己有多少粉丝多少关注，看不到关注人信息粉丝信息…,68,64,1
途牛,途牛,10010000006114,10010000006114,private_chat.page_view.other,private_chat.page_view.other,手机拍照图片页面刷新后，到非个人主页，再次点击“发起私聊”，跳转到自己跟自己聊天的页面，更新一会儿，变成对方跟我的聊天，即我发送的消息…,68,59,1
途牛,途牛,10010000005729,10010000005729,message_send.page_view.wrong_value,message_send.page_view.wrong_value,当有多个好友或者陌生人向用户发送语音时，用户接收到的语音内容一直是第一个人的语音内容，即接收方接受的语音内容不正确，但是发送方聊天界面…,68,64,1
途牛,途牛,10010000005670,10010000005670,other.page_view.other,other.page_view.other,"“行程玩法”页面,显示不正常,页面混乱。已发现的会出现该BUG的情况：打开APP并打开“行程玩法”页面后，返回桌面，APP进入休眠时重…",68,57,1
途牛,途牛,10010000003715,10010000003715,private_chat.chat.other,private_chat.chat.other,私聊发送语音消息第一条正常，之后发送的语音消息内容全为第一个语音的内容。如截图上所示:虽然三条语音消息在输入时是不同的，但是听起来内容…,68,63,1
途牛,途牛,10010000006420,10010000006420,message_send.image_banner.other,message_send.image_banner.other,发送图片相关：1，未对照片大小做限制，或限制太小。,25,21,1
途牛,途牛,10010000003277,10010000003277,other.page_view.other,other.page_view.other,运行客户端软件，点击切换到“首页”,17,14,1
途牛,途牛,10010000003338,10010000003338,message_send.page_view.other,message_send.page_view.other,图一：左上角的...一般用户会理解为里面有很多子功能，但其实，里面就是一个大的子功能设置（图二），所以完全可以把图一右上角...改成为…,68,55,1
途牛,途牛,10010000005664,10010000005664,private_chat.page_view.other,private_chat.page_view.other,在私聊对话界面，在添加表情的时候，每次只能添加一张，当遇到大量表情需要添加的时候，会很麻烦，费时间。,50,44,1
途牛,途牛,10010000004801,10010000004801,message_send.chat.cannot_or_fail,message_send.chat.cannot_or_fail,在屏蔽消息后再次点击该用户时应该提示该用户已被您屏蔽，否则用户不知道哪些好友已经被屏蔽了，如果用户出现误操作，可能会导致用户一直收不到…,68,64,1
途牛,途牛,10010000004896,10010000004896,private_chat.image_banner.other,private_chat.image_banner.other,重启程序后给别人发消息时很多都是未发送，即消息框前面有红色感叹号，点感叹号重新发送也没有发送成功，重新换多个陌生人私聊也是发消息，图片…,68,63,1
途牛,途牛,10010000005515,10010000005515,share.page_view.other,share.page_view.other,从目前版本来看，私聊功能并不实用，甚至有些鸡肋，甚至会引来其它问题，如私信发广告，用户不可能挨个屏蔽。最最最重要的是，为什么分享模块里…,68,60,1
途牛,途牛,10010000006497,10010000006497,message_send.button_icon.other,message_send.button_icon.other,点击消息按钮，进入查看消息界面。,16,14,1
途牛,途牛,10010000006926,10010000006926,private_chat.button_icon.other,private_chat.button_icon.other,想和我关注的人建立私聊，找了好久都没找见我的关注在哪里，最后发现是在消息—>互动状态里，与系统的通知是并列的，且没有相关的图标指明。这…,68,60,1
途牛,途牛,10010000006982,10010000006982,private_chat.list_item.cannot_or_fail,private_chat.list_item.cannot_or_fail,与不是关注的用户私聊后如果需要关注他，在消息列表那儿不可以，要重新找到那个用户点开主页才能关注，如果能够在私聊消息记录那儿点开用户添加…,68,64,1
途牛,途牛,10010000003559,10010000003559,message_send.button_icon.other,message_send.button_icon.other,消息来临时如果在应用首页或其他页面，则不会接收到相应的消息提醒，只有点击首页右上角对话小图标，进入消息界面才能接收到消息，这时退出到主…,68,63,1
途牛,途牛,10010000002492,10010000002492,settings.page_view.layout_issue,settings.page_view.layout_issue,"布局设置有问题。在 我的 里面,用户的头像和账号占得 空间 太多了,我的 建议 :把用户信息放在 我的 界面的最上面 ,这样只占一小部…",68,53,1
途牛,途牛,10010000002634,10010000002634,share.button_icon.wrong_value,share.button_icon.wrong_value,"无法分享""广场""中的帖子，具体体现为，新浪微博以外的分享按钮点击后无反应(微信，朋友圈，QQ)，而新浪微博分享按钮点击后进行分享会有来…",68,58,1
途牛,途牛,10010000002836,10010000002836,message_send.image_banner.crash,message_send.image_banner.crash,发送图片时，点击选择九张图片后，点击预览，然后闪退，出现下图画面，自己发出去的文字出现在了左边，而且点击返回后到了此用户的主页，相应选…,68,60,1
途牛,途牛,10010000004944,10010000004944,settings.page_view.other,settings.page_view.other,输入：进入”设置“功能，进行投诉，添加文字。,22,16,1
途牛,途牛,10010000003272,10010000003272,other.other.other,other.other.other,在“发现”栏目下，寻找陌生人发起私信,18,15,1
途牛,途牛,10010000003196,10010000003196,private_chat.page_view.other,private_chat.page_view.other,在私聊界面发送语音后，长按语音内容则弹框提示“删除 取消”，如果用户发送错了想撤回，而软件却没有这个功能，如果只是“删除”了，对方还是…,68,57,1
途牛,途牛,10010000003631,10010000003631,private_chat.page_view.other,private_chat.page_view.other,在私聊界面发送文字后，长按文字内容则弹框提示“复制 删除”，如果用户发送错了想撤回，而软件却没有这个功能，如果只是“删除”了，对方还是…,68,57,1
途牛,途牛,10010000003693,10010000003693,private_chat.page_view.other,private_chat.page_view.other,在私聊界面发送表情后，长按表情内容则弹框提示“复制 删除”，如果用户发送错了想撤回，而软件却没有这个功能，如果只是“删除”了，对方还是…,68,57,1
途牛,途牛,10010000003952,10010000003952,private_chat.page_view.other,private_chat.page_view.other,在私聊界面发送图片后，长按图片内容则弹框提示“删除 取消”，如果用户发送错了想撤回，而软件却没有这个功能，如果只是“删除”了，对方还是…,68,57,1
途牛,途牛,10010000004716,10010000004716,message_send.page_view.other,message_send.page_view.other,当我第一次关注别人并且聊天后，她的名字会在聊天界面一直显示第一次关注她时的名字，就算她改了也不会变更，但是只要删除该联系人让对方重新发…,68,64,1
途牛,途牛,10010000005449,10010000005449,other.other.cannot_or_fail,other.other.cannot_or_fail,当有提示别的用户关注自己的互动动态，点击其中一个动态，仅显示当前自己已经关注的用户。而不能直接显示刚刚关注自己的用户。除非找到自己的空…,68,63,1
途牛,途牛,10010000006678,10010000006678,other.other.cannot_or_fail,other.other.cannot_or_fail,用户对其他用户提出投诉时，投诉说明限制字数为100个字以内，但是用户在写说明的过程中，软件并没有给出提示可以再输入多少字，这使得用户不…,68,63,1
途牛,途牛,10010000003394,10010000003394,other.button_icon.other,other.button_icon.other,在下方我的选项进入社区，选择报名的活动，在未报名任何活动的情况下下拉刷新，抱歉暂无相关帖子图标会下移，最低移至屏幕底部。同时建议在该界…,68,62,1
途牛,途牛,10010000003220,10010000003220,other.other.other,other.other.other,运行软件，点击切换到“我的”,14,11,1
途牛,途牛,10010000005498,10010000005498,search.chat.other,search.chat.other,加好友的过程不友好，加一个人需要找到对方动态，进入个人私聊，才能进行私聊，聊天。建议加多可以通过关键字搜索用户的功能。这样，我可以在已…,68,60,1
途牛,途牛,10010000003451,10010000003451,other.button_icon.other,other.button_icon.other,点击表情后，输入栏中会默认出现表情对应的文字，这时，点击表情旁边的“×”删除按钮时，并没有将该表情对应的完整文字删掉，而只是一个字符一…,68,59,1
途牛,途牛,10010000004593,10010000004593,other.image_banner.cannot_or_fail,other.image_banner.cannot_or_fail,表情收藏:只能收藏本地相册中的图片，而且不能选择原图，因此图片容易失真,35,32,1
途牛,途牛,10010000004519,10010000004519,message_send.chat.other,message_send.chat.other,当与几个好友聊天的时候，第一个好友发过来一个3s语音，第二个好友也发过来一个3、4s语音，两个语音是相同的，里面的内容都是一样的。第三…,68,61,0
途牛,途牛,10010000006159,10010000006159,other.page_view.other,other.page_view.other,在找他人个人主页较麻烦，在进入个人主页后给人错觉，不知道在哪去关注他人，进入其他用户界面，没有一个好的入口，操作很麻烦。需点击头像，在…,68,60,1
途牛,途牛,10010000003905,10010000003905,message_send.button_icon.other,message_send.button_icon.other,消息来临时如果在应用首页或其他页面，则不会接收到相应的消息提醒，只有点击首页右上角对话小图标，进入消息界面才能接收到消息，这时退出到主…,68,63,1
途牛,途牛,10010000006313,10010000006313,message_send.input_box.other,message_send.input_box.other,将要发送的消息在消息文本框中编辑好后，页面没有“发送”提示，只有一个换行键代表发送，容易与键盘上的换行键相混淆。,56,50,1
途牛,途牛,10010000005840,10010000005840,private_chat.page_view.other,private_chat.page_view.other,当我在和A聊天时，点击A头像，进去A的主页，有“感兴趣的人”模块，随便找一个其他人B点进去，再点击私聊跟B私聊，会发现这聊天界面居然仍…,68,59,1
途牛,途牛,10010000005900,10010000005900,message_send.page_view.other,message_send.page_view.other,返回到系统主界面后，若有聊天新消息，通知栏提示后点击不会进入聊天界面，使用不方便。多数时候不会通知提示，且必须打开软件的聊天界面才有提…,68,62,1
途牛,途牛,10010000006251,10010000006251,message_send.other.other,message_send.other.other,在用户输入[可爱]，诸如此类与表情汉字对应的词组时，发送出去后软件会自动将这类词组文字改为表情。这看起来方便了用户，然而有时也会影响会…,68,61,1
途牛,途牛,10010000004698,10010000004698,other.button_icon.other,other.button_icon.other,点击加号，再点击手机自带的返回键，返回到了个人主页之前的界面，不是很好。。虽然右下角有个叉号但是用户普遍喜欢用返回键，而且要用叉号就都…,68,61,1
途牛,途牛,10010000004305,10010000004305,message_send.page_view.wrong_value,message_send.page_view.wrong_value,聊天页面的语音聊天，语音内容出现错误。当你已经发了一条语音之后接下来的所有的语音出现了但是语音的内容一直是一条语音的内容。且出现的频率…,68,64,1
途牛,途牛,10010000006388,10010000006388,private_chat.list_item.wrong_value,private_chat.list_item.wrong_value,聊天列表中无法正确显示联系人昵称(为一串随机码，有时不更新，有时很久更新)。关注列表点开此人个人主页，发起私聊时聊天顶部依旧未能正确显…,68,61,1
途牛,途牛,10010000006294,10010000006294,message_send.page_view.other,message_send.page_view.other,操作：未关注好友发送消息，接收方界面停留在非聊天界面,26,24,1
途牛,途牛,10010000006008,10010000006008,message_send.page_view.wrong_value,message_send.page_view.wrong_value,聊天页面的语音聊天，语音内容出现错误。当你已经发了一条语音之后接下来的所有的语音出现了但是语音的内容一直是一条语音的内容。且出现的频率…,68,64,1
途牛,途牛,10010000006618,10010000006618,message_send.chat.other,message_send.chat.other,当和其他好友发送语音聊天时，除第一个好友发来的第一句语音可以正常接收并查看以外，接下来不论好友发来什么语音消息，用户点击倾听时永远只能…,68,64,1
途牛,途牛,10010000007138,10010000007138,other.other.other,other.other.other,当用户输入表情时，变成了文字，视觉效果差,20,18,1
途牛,途牛,10010000006854,10010000006854,private_chat.chat.cannot_or_fail,private_chat.chat.cannot_or_fail,假设你看上了某人写的文章，和他私聊，发现从头到尾她不回你，你又想再看一遍她的文章，这时候此人的文章和个人信息都不能通过聊天画面选择，一…,68,62,1
途牛,途牛,10010000005535,10010000005535,other.step.other,other.step.other,"在选择出生日期时,会出现未来的时间选项,比如今天是11.26,选择出生日期却有12月的选项,而选择12月的时候12又会消失变回11月,…",68,61,1
途牛,途牛,10010000003089,10010000003089,other.button_icon.other,other.button_icon.other,进入一个非自己的主页后，在右下角有“+关注”，然后点击关注之后，发现界面并没有“取消关注”的按钮，最后经过尝试，发现再次点击“已关注”…,68,55,1
途牛,途牛,10010000004203,10010000004203,private_chat.button_icon.other,private_chat.button_icon.other,步骤：1.点击私聊页面右上角“更多”图标,20,16,1
途牛,途牛,10010000004878,10010000004878,message_send.button_icon.other,message_send.button_icon.other,步骤：1.点击首页右上角的“消息图标”,19,15,1
途牛,途牛,10010000005672,10010000005672,other.page_view.other,other.page_view.other,这个用户的使用界面实在不好看，让用户对这款软件的印象大打折扣。界面冗杂繁复，有些功能找不到或是没有，有一大堆推荐在下面飘来飘去。让用户…,68,62,1
途牛,途牛,10010000004312,10010000004312,share.page_view.other,share.page_view.other,点击“我的”→左上角“设置”→“关于”→“推荐给好友”，点击“微信”、“朋友圈”、“QQ”都没有反应，只有“新浪微博”可以。（包括此操…,68,42,1
途牛,途牛,10010000005214,10010000005214,message_send.page_view.cannot_or_fail,message_send.page_view.cannot_or_fail,聊天功能未设置离线与在线的区别，不能通过头像的灰与亮或其它方式显示用户不在线，这会让用户默认为离线的对方在线，而自己一直发消息却得不到…,68,64,1
途牛,途牛,10010000005273,10010000005273,private_chat.chat.other,private_chat.chat.other,当别人和你私聊时，如果对方和你发送多条语音，当你点击听了第一条语音后，其他语音的内容都变得和第一条一样。另一个对象和你语音时，你听到的…,68,62,1
途牛,途牛,10010000004871,10010000004871,other.other.other,other.other.other,修改自己的昵称后，查看自己的主页或者信息，昵称已经是最新更新的，但是别人看到的昵称还是原来的，并没有修改成功。,55,50,1
途牛,途牛,10010000005179,10010000005179,message_send.button_icon.load_fail,message_send.button_icon.load_fail,在发送一条语音以后再持续摁住语音按钮导致应用出现异常，本次是白屏后跳转到了消息通知界面，在返回聊天界面后聊天记录出现部分丢失，而对面聊…,68,64,1
途牛,途牛,10010000005581,10010000005581,message_send.audio.other,message_send.audio.other,发送语音，不管发送多少条，都是以第一条语言发送过去，对方永远听见第一条语言，发送人自己可以听到，换手机也是一样,55,50,1
途牛,途牛,10010000006855,10010000006855,message_send.chat.other,message_send.chat.other,下图所示（此时用户A和用户B都相互屏蔽了对方）。假设用户A屏蔽了用户B，则在用户A的角度就看不到用户B发送的消息，但是用户B任然能够向…,68,62,1
途牛,途牛,10010000007086,10010000007086,private_chat.list_item.other,private_chat.list_item.other,每次和陌生用户建立私聊一会，就会进入联系人列表，联系人列表会显得很乱,34,32,1
途牛,途牛,10010000001208,10010000001208,other.list_item.other,other.list_item.other,添加当地玩乐时，选择除“交通接驳”以外的标签，搜出来的是含“交通接驳”标签的列表,40,34,1
途牛,途牛,10010000005199,10010000005199,private_chat.list_item.cannot_send,private_chat.list_item.cannot_send,联系人和聊天记录bug:点击聊天，所有联系人全部消失，选择联系人，请求私聊后，联系人的昵称变化，且聊天记录消失。重新发送消息，发送失败…,68,59,1
途牛,途牛,10010000005278,10010000005278,other.other.other,other.other.other,打开软件，进去我的主页后,12,11,1
途牛,途牛,10010000002540,10010000002540,other.other.other,other.other.other,"修改用户资料“常住地”时,详细地址栏可输入任意字符,如“#¥@%¥@%#@¥#%¥%¥......¥@%¥##¥......%¥”,而…",68,24,1
途牛,途牛,10010000005762,10010000005762,private_chat.input_box.other,private_chat.input_box.other,在点击那个加号安扭后正常，再次点击时竟然出现了键盘，然而我并不想输入文本，应该将该键盘收起来，和刚进入私聊一样，以为此时我点击该加号你…,68,62,1
途牛,途牛,10010000002853,10010000002853,message_send.chat.other,message_send.chat.other,新消息提醒打开和关闭没有区别，即使关闭了也会有提醒出现。,28,26,1
途牛,途牛,10010000003095,10010000003095,message_send.page_view.cannot_or_fail,message_send.page_view.cannot_or_fail,如果你想添加一个好友，你已经知道了他的昵称，但是在我的或者聊天的页面没有添加好友的选项，你无法添加一个认识的人，除非你们有个人在广场上…,68,63,1
途牛,途牛,10010000003950,10010000003950,message_send.page_view.other,message_send.page_view.other,在给好友发送语音的时候，设置较为复杂,18,17,1
途牛,途牛,10010000005826,10010000005826,login.other.other,login.other.other,"用户登录的时候没有记住密码或记住账号的勾选项,不便于下次输入。",31,29,1
途牛,途牛,10010000006103,10010000006103,login.chat.no_prompt,login.chat.no_prompt,"一个帐号同时可以在多给设备登录，私聊的信息并没有整合到一起.A,B设备登录同一个帐号对C私聊，但A,B均不知道对方对C发送了什么。且A…",68,61,1
途牛,途牛,10010000004067,10010000004067,private_chat.chat.other,private_chat.chat.other,输入：进入“私聊”模式，输入文字，当输入文字超过一行。,27,21,1
途牛,途牛,10010000006459,10010000006459,login.chat.other,login.chat.other,在两台不同设备登陆同一账号后，只有后登录的账号可以接收到其他人发来的信息，但是同一账号在不同设备上发送的信息两边都可以看到，并且另一设…,68,64,0
途牛,途牛,10010000003244,10010000003244,other.other.other,other.other.other,运行软件，点击切换到“我的”,14,11,1
途牛,途牛,10010000007014,10010000007014,message_send.audio.other,message_send.audio.other,由于网络问题，点击对方发的语音时没有成功播放。之后我给对方发送语音时，之前没有成功播放的语音突然播放，并且录在了我要给对方发送的语音中。,68,63,1
途牛,途牛,10010000004261,10010000004261,private_chat.chat.cannot_or_fail,private_chat.chat.cannot_or_fail,聊天信息提示存在问题。（1）后台运行的时候，收不到私聊信息的提示音。（2）在静音或者关闭提示音的时候，app的信息提示非常不明显。最好…,68,58,1
途牛,途牛,10010000006096,10010000006096,other.button_icon.other,other.button_icon.other,点击我的关注页面的悬浮加号，会显示一个悬浮页面。然后点击返回按钮，会回退两个页面。但是如果点击悬浮页面的关闭符号，就不会回退两个页面。…,68,61,1
途牛,途牛,10010000006912,10010000006912,private_chat.page_view.other,private_chat.page_view.other,在设置私聊中，缺少用户可以设置拒绝陌生人发送消息的功能，用户在使用软件过程中，可能会收到很多无关的广告骚扰，用户不愿意接收但是却没办法…,68,63,1
途牛,途牛,10010000005505,10010000005505,message_send.chat.other,message_send.chat.other,"在测试聊天安全性时,发现如果聊天中涉及交易、财产安全,并没有出现注意自身财产安全的提醒。途牛APP作为一个涉及交易的软件,应该格外注意…",68,62,1
途牛,途牛,10010000004627,10010000004627,register.page_view.cannot_or_fail,register.page_view.cannot_or_fail,在未注册时私聊一个用户，需要注册。注册新用户后没有直接跳转到先前点击的私聊界面，而是进入了个人主页，这样可能丢失我们要询问的那名用户的…,68,63,1
途牛,途牛,10010000005240,10010000005240,login.page_view.other,login.page_view.other,打开途牛旅游app，以正确的用户名和密码登录，进入app首页,30,28,1
途牛,途牛,10010000005377,10010000005377,private_chat.chat.other,private_chat.chat.other,私聊时发语音，发现收到的语音内容是一样的，多个人给我发语音，所有的语音内容都是第一个陌生人给我发的第一个语音的内容。,58,54,1
途牛,途牛,10010000005953,10010000005953,groupchat.chat.other,groupchat.chat.other,关于群聊，可以分类，分成我创建的群和我加入的群,23,21,1
途牛,途牛,10010000001707,10010000001707,other.button_icon.other,other.button_icon.other,通过“+”添加 行程或玩法的界面都是独立的，若想要返回应用主界面，就要一步步点击返回按钮。如上传截图所示，若重复1、2步骤n次，想要返…,68,57,1
途牛,途牛,10010000005415,10010000005415,message_send.button_icon.other,message_send.button_icon.other,在聊天设置中，“屏蔽此人消息”和“解除消息”这两个按钮，样式一样，只能通过文字进行区分，而大部分用户对文字其实并不敏感，反而对一些颜色…,68,58,1
途牛,途牛,10010000006999,10010000006999,comment.list_item.cannot_delete,comment.list_item.cannot_delete,本来在问大家功能里，自己都可以点击“我来回答”，本来是评论来着，刚开始在自己发布的信息里评论，显示的是有两人评论，重新点进去问大家功能…,68,60,1
途牛,途牛,10010000003221,10010000003221,other.other.other,other.other.other,（1）重现步骤：,8,5,1
途牛,途牛,10010000006161,10010000006161,message_send.audio.other,message_send.audio.other,播放发送的语音，会有一段延时，语音才开始播放。录制语音时，功能提示松开结束语音，即可发送，但是，话刚讲完，立即松开时，最后的几个字并没…,68,58,1
途牛,途牛,10010000003676,10010000003676,private_chat.page_view.wrong_value,private_chat.page_view.wrong_value,在私聊过程中退出途牛应用，重新启动应用，并找到之前未关注的私聊用户，聊天记录显示错误，用户发送的语音应该在右边，并且呈现绿色，但是重新…,68,61,1
途牛,途牛,10010000003834,10010000003834,other.page_view.other,other.page_view.other,"在投诉用户界面,一个字母算一个字,一个中文算一个字,一个数字算一个字,在外国人大量涌入中国的时代,给中国人一百个字可以表达出应有的意思…",68,62,1
途牛,途牛,10010000002830,10010000002830,private_chat.page_view.other,private_chat.page_view.other,进入用户私聊界面之后，点击表情，左右滑动选择表情的区域，当向右滑动表情区域时会退出当前私聊页面，回到私聊对象的主页面！当表情区域为表情…,68,62,1
途牛,途牛,10010000007102,10010000007102,other.other.other,other.other.other,复现步骤：前提自己未关注任何人。,16,14,1
途牛,途牛,10010000005490,10010000005490,other.page_view.other,other.page_view.other,页面颜色变化过于艳丽，给人以不舒服的体验,20,19,1
途牛,途牛,10010000002740,10010000002740,private_chat.page_view.crash,private_chat.page_view.crash,严重问题，将图片聊天记录清空后，无法再进入私聊界面。可能是从服务器下载图片需要时间，当还没有下载完全的时候，就调用控件的设置方法，将图…,68,61,1
途牛,途牛,10010000006013,10010000006013,private_chat.page_view.other,private_chat.page_view.other,有时候进入私聊页面会出现两个私聊用户的聊天内容都出现在左边，这不仅仅影响了用户的体验，这也是软件性能与安全系数的反映。若是有人钻到了这…,68,64,1
途牛,途牛,10010000006192,10010000006192,message_send.list_item.other,message_send.list_item.other,聊天编辑框里当输入超过一行的文本信息的时候，编辑框不会自动扩张，而是在相同大小的编辑框中显示并排的两行文本，有更多的文本信息就以列表的…,68,64,1
途牛,途牛,10010000007008,10010000007008,register.page_view.other,register.page_view.other,在“消息”模块下的“聊天”列表中显示的是对方注册时的默认昵称（10位数字串“8097628323”），在“联系人”中的“最近联系人”列…,68,54,1
途牛,途牛,10010000005778,10010000005778,private_chat.chat.other,private_chat.chat.other,问题描述: 途牛私聊语音只能播放第一段音频 测试环境:安卓5.1,32,27,1
途牛,途牛,10010000005424,10010000005424,message_send.chat.other,message_send.chat.other,两台手机可以同时登陆同一个账号，然而并没有任何的提示。两台手机可以同时与一个好友进行聊天，但是消息却没有任何的同步。好友发送过来的消息…,68,63,1
途牛,途牛,10010000006847,10010000006847,message_send.page_view.other,message_send.page_view.other,按照一般的思维，首页中的消息应当是一些系统消息及提示等，而我的联系人我的聊天记录应当在我的个人主页中找得到，所以导致找联系人或者消息记…,68,64,1
途牛,途牛,10010000006640,10010000006640,message_send.chat.other,message_send.chat.other,在全部关注里，点击我关注过的用户。曾经出现过我之前发的消息出现在对方说话的位置。就是整个消息屏幕，我原来给他发送的消息出现在左边。现在…,68,62,1
途牛,途牛,10010000004024,10010000004024,other.page_view.cannot_or_fail,other.page_view.cannot_or_fail,有其他用户关注个人用户之后，点击进入系统提示“”有用户关注了你”界面后以及互动动态界面后查看不到其他用户主页，点击其他用户头像或名称之…,68,62,1
途牛,途牛,10010000004220,10010000004220,private_chat.page_view.other,private_chat.page_view.other,进入私聊模块后，,8,7,1
途牛,途牛,10010000005629,10010000005629,private_chat.image_banner.cannot_or_fail,private_chat.image_banner.cannot_or_fail,"同一个手机上，可以用不同的账号登陆， 但是不能共享私聊的对象和信息，图片中显示了之前聊天的对象以及聊天内容。 所谓的""私聊""便不是私聊…",68,59,1
途牛,途牛,10010000005724,10010000005724,other.input_box.other,other.input_box.other,在途牛的输入框中，输入表情界面有一个叉，用来删除输入的内容，有个不好的地方是，只能按一下删一个字符，当遇到长内容要删除时会很麻烦，浪费…,68,61,1
途牛,途牛,10010000004966,10010000004966,register.page_view.other,register.page_view.other,在登录时选择动态密码登录时，若填写的是为注册过的手机号，点击发送验证码后页面一直显示下载中，只在最下方提示“未注册用户”。,61,55,1
途牛,途牛,10010000006769,10010000006769,register.other.other,register.other.other,用户注册并登陆途牛APP，在主页上搜索想要进入的非自己个人主页，根据用户名搜索但是搜索不到，但是该用户一定是存在的。模糊搜索也不是模糊…,68,63,1
途牛,途牛,10010000003137,10010000003137,other.page_view.other,other.page_view.other,如截图所示，在提问模块中，需要地点和提问的问题，而如果先把问题输入再选择地点的话，则100%会退出到所有问题界面，而且必会丢失辛辛苦苦…,68,61,1
途牛,途牛,10010000007156,10010000007156,search.page_view.other,search.page_view.other,联系人排序混乱。没有系统的排序方式。不是以第一聊天人的方式进行排序，是以对一个联系人的操作进行排序。并且未设置关键字搜索项。详见截图，…,68,61,1
途牛,途牛,10010000003870,10010000003870,message_send.image_banner.other,message_send.image_banner.other,"此时找不到刚才保存的图片(好像图片被保存到内存卡了,但选择发送图片时读取的全部图片是手机本机的图片,所以找不到刚才保存的图片)。(又好…",68,61,1
途牛,途牛,10010000004769,10010000004769,private_chat.page_view.crash,private_chat.page_view.crash,准备私聊和在私聊中发送表情，图片会出现闪退。点别人头像准备私聊时，没有进去聊天界面，强制退出了程序。发送表情也会有强制退出。途牛私聊选…,68,61,1
途牛,途牛,10010000002694,10010000002694,other.other.other,other.other.other,Bug描述：,6,5,1
途牛,途牛,10010000004332,10010000004332,message_send.chat.other,message_send.chat.other,应用在后台运行时，如果没有进入应用收到消息没有提醒功能 这样用户体验非常不好 可能很久之后 ，点进应用， 才发现别人给自己发了消息 建…,68,59,1
途牛,途牛,10010000004666,10010000004666,gps_track.page_view.load_fail,gps_track.page_view.load_fail,"首页城市首次进入无法手动定位(或是加载较慢),第二次进入才可定位。用户不想加载的时候无法关闭,只能等系统加载失败才能退出",60,55,1
途牛,途牛,10010000005805,10010000005805,message_send.button_icon.other,message_send.button_icon.other,（不知道是按照4.x问题，还是安卓模拟器毛病）聊天界面下，打开下拉菜单，点击右上角 图标，然后点击“机主”框，之后再收回下拉菜单，途牛…,68,55,1
途牛,途牛,10010000006899,10010000006899,message_send.image_banner.other,message_send.image_banner.other,通过图片的方式发送的图片其清晰度比通过表情的方式发送的图片的清晰度更高。,36,35,1
途牛,途牛,10010000003231,10010000003231,other.other.other,other.other.other,运行软件，点击切换到“我的”,14,11,1
途牛,途牛,10010000003604,10010000003604,other.page_view.layout_issue,other.page_view.layout_issue,用户进入非自己个人主页，点击非个人主页里面的动态，上下拉动动态的过程中，发现字体叠加，给界面造成十分不美观的局面，用户不能正常使用AP…,68,62,1
途牛,途牛,10010000006677,10010000006677,other.other.other,other.other.other,当编辑框里有文字时，如果要发照片，必须把编辑框里的内容清空或者发出去。不符合用户的使用习惯。,46,42,1
途牛,途牛,10010000005783,10010000005783,message_send.chat.other,message_send.chat.other,收到聊天消息后虽然有铃声通知，但通知栏没有，我还以为出故障了。看到右上角的聊天窗口有了个红点，点进去后不知怎么回事，上面的显示栏没提示…,68,62,1
途牛,途牛,10010000005174,10010000005174,message_send.list_item.other,message_send.list_item.other,步骤3中，用户2的聊天记录里找不到用户1向其发送的离线消息。,30,28,1
途牛,途牛,10010000006739,10010000006739,message_send.input_box.freeze,message_send.input_box.freeze,用户聊天时，输入框可以输入的字数没有限制，尤其是为相互关注的人即非好友，可以一次性向用户发送大段的信息，造成软件卡顿，用户体验急剧降低…,68,62,1
途牛,途牛,10010000001971,10010000001971,shopping.commerce.cannot_or_fail,shopping.commerce.cannot_or_fail,买机票或火车票时，一名成人只能携带一名儿童，我选择了2名成人，同时选择了20名儿童，竟然可以加入购物车并提交订单。选择儿童时，应判定儿…,68,61,1
途牛,途牛,10010000003252,10010000003252,message_send.button_icon.load_fail,message_send.button_icon.load_fail,在发送图片时选择拍照发送，拍照完成后无法发送图片(点了发送按钮后图片并没有发送出去)，而且之前的聊天记录也自动删除，在这以后无法给对方…,68,62,1
途牛,途牛,10010000004299,10010000004299,private_chat.button_icon.other,private_chat.button_icon.other,步骤：1.点击私聊页面右上角“更多”图标,20,16,1
途牛,途牛,10010000004756,10010000004756,other.input_box.other,other.input_box.other,在进行文字输入过程中，若文字过长，会自动换行，但是输入框的高度不会改变，这样导致只能完整的显示一行文字，还有一行字会被遮住一半。这样用…,68,61,1
途牛,途牛,10010000004792,10010000004792,private_chat.page_view.other,private_chat.page_view.other,查看私聊记录时，刚才聊天的用户会在个人聊天列表里显示，在聊天设置里，点击删除聊天历史，会清除刚才的聊天记录，不过聊天用户还在聊天列表内…,68,62,1
途牛,途牛,10010000006675,10010000006675,other.input_box.other,other.input_box.other,当输入表情后，点击表情内的“X”删除，发现该功能仍然和删除字符相同（相当于使用键盘的back←），而不是把整个表情删除,59,51,1
途牛,途牛,10010000005801,10010000005801,other.input_box.other,other.input_box.other,在途牛的输入框中，输入表情的界面有一个❌，用来删除输入的内容，有个不友好的地方是每次按一下删除一个字符，当遇到要删除很长一段内容的时候…,68,62,1
途牛,途牛,10010000003900,10010000003900,other.other.other,other.other.other,【安全漏洞】,6,4,1
途牛,途牛,10010000006638,10010000006638,private_chat.page_view.other,private_chat.page_view.other,建立私聊路径时，必须先加载对象主页视图的动态详情，“发起私聊”的功能控件在页面下方。此方法耗损较多流量且加载时较慢。可以创建类似用户名…,68,61,1
途牛,途牛,10010000005641,10010000005641,message_send.page_view.other,message_send.page_view.other,消息发送后推送到系统通知，但是在点击系统通知后并没有跳转到对应的用户聊天界面。然后再继续发送消息就没有了系统通知，而且即使再使用app…,68,64,1
途牛,途牛,10010000001801,10010000001801,other.step.cannot_or_fail,other.step.cannot_or_fail,问题描述:选择火车票往返时，选择返程时间失败,22,20,1
途牛,途牛,10010000002869,10010000002869,private_chat.chat.other,private_chat.chat.other,私聊窗口中，自己发的消息，气泡一直靠右，,20,17,1
途牛,途牛,10010000004155,10010000004155,message_send.image_banner.other,message_send.image_banner.other,相互关注的好友之间，发送的图片，点击图片，当图片处于放大的状态时，在图片的右上方有一个，下拉菜单的按键，点击有一个保存图片到本地，然而…,68,60,1
途牛,途牛,10010000004139,10010000004139,private_chat.page_view.wrong_value,private_chat.page_view.wrong_value,除了途牛自带的表情，APP显示可以添加表情，选择添加表情并选择图片之后，系统会出现两种结果，一种是页面返回对话界面，像什么都没发生一样…,68,62,1
途牛,途牛,10010000005210,10010000005210,private_chat.page_view.other,private_chat.page_view.other,设置私聊中有一个新消息提醒的开关项，关闭新消息提醒，上面提示不会再收到推送通知，声音和振动提醒，这样的解释对用户来说有歧义，是指不会提…,68,62,1
途牛,途牛,10010000004339,10010000004339,private_chat.list_item.other,private_chat.list_item.other,打开应用，进入非自己主页，找到发起私聊，点击进入私聊后，显示之前的聊天记录，自己的发言也显示在左边(截图中的发言为上次退出应用之前，我…,68,60,1
途牛,途牛,10010000004918,10010000004918,message_send.image_banner.other,message_send.image_banner.other,发送图片时，可选择的图片有数量限制，所为旅游类app，用户可能会发送大量图片，这样就会让用户不停选择发送图片，不够友好,59,54,1
途牛,途牛,10010000006433,10010000006433,message_send.page_view.other,message_send.page_view.other,点击评论里的陌生人进入聊天界面，顶部的联系人用户名，一开始显示0 退出后重新点进去才恢复正常（并不是真正正常，而是出現下一個bug的情…,68,62,1
途牛,途牛,10010000004218,10010000004218,private_chat.button_icon.other,private_chat.button_icon.other,点击私聊界面右上角“更多”图标，可设置聊天。点击“删除聊天历史”按钮，弹出的提示框中“确认”按钮在右侧，“取消”按钮在左侧，不符合用户…,68,54,1
途牛,途牛,10010000004830,10010000004830,message_send.page_view.crash,message_send.page_view.crash,聊天好友改了昵称之后在聊天界面有的不显示改完后的昵称，只有在个人主页才能看到改完后的昵称。有时候系统会自动闪退再次进入时有的聊天好友的…,68,65,1
途牛,途牛,10010000006500,10010000006500,message_send.chat.other,message_send.chat.other,"在测试聊天路径时,发现已关注的人还要从他的个人主页进入聊天,加上进入个人主页很慢,很不方便,而陌生用户(聊过天的)却可从消息的聊天这一…",68,61,1
途牛,途牛,10010000006811,10010000006811,other.image_banner.other,other.image_banner.other,当用户添加自定义表情时，如果多次添加同一张图片作为表情，系统中会出现多张一样的表情，系统没有对此作出判断,52,49,1
途牛,途牛,10010000006786,10010000006786,search.chat.other,search.chat.other,软件中没有提供好友搜索的功能（或者有，但是很难找到入口），当两个用户想互相添加好友时，没有一个快捷方便的方法找到对方，成为对方的好友，…,68,60,1
途牛,途牛,10010000002967,10010000002967,other.other.other,other.other.other,点击底部“客服”,8,6,1
途牛,途牛,10010000006659,10010000006659,other.button_icon.cannot_or_fail,other.button_icon.cannot_or_fail,当删除自定义表情时，图片只能单个删除，不能多个删除（长按第三个图片，其右上角多出一个删除按钮，紧接着长按第二个图片，其右上角多出一个删…,68,61,1
途牛,途牛,10010000004300,10010000004300,search.image_banner.cannot_or_fail,search.image_banner.cannot_or_fail,在选择私聊用户时，a:只可以从应用推荐的用户中选择私聊对象，不能有针对性的搜索。b:私聊对象可以从推荐的用户中任意选择，这一点对被选择…,68,61,1
途牛,途牛,10010000006501,10010000006501,other.page_view.other,other.page_view.other,"在联系人界面显示的最近联系人列表中,应增加能对最近联系人进行快速关注的功能(应该显示是否相互关注或关注或被关注的状态)。",60,56,1
途牛,途牛,10010000006944,10010000006944,comment.input_box.other,comment.input_box.other,步骤9收回输入键盘后，评论输入框中应该有信息显示“ninhao”，但是测试时发现收回键盘时，评论输入框中的信息被清空。,59,53,1
途牛,途牛,10010000006461,10010000006461,message_send.button_icon.other,message_send.button_icon.other,页面色彩十分单调，色彩单一。一些功能键设置不合理，颜色不协调。比如设置页面屏蔽此人消息，使用了红色的按钮，与上面的listview列举…,68,61,1
途牛,途牛,10010000001530,10010000001530,other.other.cannot_or_fail,other.other.cannot_or_fail,现象:定制活动购物车返回不能直接返回第一个菜单。,24,22,1
途牛,途牛,10010000004194,10010000004194,other.other.other,other.other.other,（1）步骤重现：,8,5,1
途牛,途牛,10010000004530,10010000004530,private_chat.page_view.cannot_or_fail,private_chat.page_view.cannot_or_fail,途牛app为旅游类app，涉及金钱交易与信誉评估的问题，因而投诉用户的功能十分重要。私聊设置中，该功能中投诉提交之后无任何反馈，而是直…,68,62,1
途牛,途牛,10010000005683,10010000005683,other.other.other,other.other.other,用户互相关注,6,6,1
途牛,途牛,10010000006516,10010000006516,message_send.button_icon.other,message_send.button_icon.other,在输入聊天内容后，用户只能够点击它提供的发送按钮进行消息的发送，并不支持用户自己设置是否可以通过回车按钮发送信息，而有的用户恰好有点击…,68,64,1
途牛,途牛,10010000005423,10010000005423,private_chat.input_box.wrong_value,private_chat.input_box.wrong_value,在启动途牛应用之后，进入私聊页面，选择之前的用户进行私聊，点击输入框，再关闭输入法，或者在输入框输入内容后点击发送，聊天窗口会自动刷新…,68,61,1
途牛,途牛,10010000006874,10010000006874,message_send.button_icon.wrong_value,message_send.button_icon.wrong_value,用户点击“消息”按钮，在聊天栏中可以查看到和所有其他用户的聊天消息记录，但是对于未关注用户发来的消息和已相互关注好友发来的消息没有任何…,68,63,1
途牛,途牛,10010000007022,10010000007022,message_send.page_view.other,message_send.page_view.other,当用户8097632752设置了不接受用户8097633122的消息通知时，用户8097633122向用户8097632752发送消息…,68,66,1
途牛,途牛,10010000004511,10010000004511,message_send.page_view.cannot_or_fail,message_send.page_view.cannot_or_fail,聊天界面点击联系人头像或名称只能进入聊天界面，并不能看到联系人主页。在没有收到回复的时候，若想看看主页，需进入联系人板块点击头像才查看…,68,63,1
途牛,途牛,10010000003093,10010000003093,private_chat.image_banner.load_fail,private_chat.image_banner.load_fail,用户进入非自己个人主页，在需要图片加载时，加载不出来，等待时间过长。在个人主页左下角找到“发起私聊”入口，进入私聊之后，想要发送图片，…,68,58,1
途牛,途牛,10010000005720,10010000005720,other.other.other,other.other.other,"结伴旅游可选的目的地只有泰国、云南等少数几个,用户可选性少甚至很可能选不到心仪的目的地。",44,41,1
途牛,途牛,10010000005110,10010000005110,message_send.chat.cannot_or_fail,message_send.chat.cannot_or_fail,作为一个旅游app中的聊天功能，除了发送文字语音照片这些基本功能外，能够发送自己的即将旅行的行程安排来邀请朋友或者自己之前已有的行程给…,68,65,1
途牛,途牛,10010000003020,10010000003020,share.input_box.cannot_or_fail,share.input_box.cannot_or_fail,在进入与其他用户私聊时，输入的文本框显示正在建立好友联系，4G网的条件下，等待的时间较长，而且在聊天时突然网络断开的情况下，未发出去的…,68,62,1
途牛,途牛,10010000006656,10010000006656,login.chat.cannot_or_fail,login.chat.cannot_or_fail,当一个账号在电脑模拟器和手机端同时登录时，给他人发送消息时，只能在一个客户端显示，且接收的消息也只能在另一个客户端显示，造成消息不能同…,68,63,1
途牛,途牛,10010000005365,10010000005365,private_chat.input_box.other,private_chat.input_box.other,在私聊的对话界面，在输入框里，当有换行操作时，前一行的内容就被掩盖掉了，在输入长对话时不方便确认检查之前写过的内容。,58,53,1
途牛,途牛,10010000005971,10010000005971,other.other.permission,other.other.permission,缺陷名称：无法使用QQ账号授权登陆。,18,16,1
途牛,途牛,10010000005662,10010000005662,message_send.audio.other,message_send.audio.other,收到和发送的语音有重音,11,11,1
途牛,途牛,10010000006720,10010000006720,message_send.image_banner.other,message_send.image_banner.other,在发送图片时一次最多只能发送9张，有时候用户发送数量可能会比这个多,33,32,1
途牛,途牛,10010000005329,10010000005329,private_chat.chat.other,private_chat.chat.other,在举报私聊对象时，字数限制在1,15,14,1
途牛,途牛,10010000006207,10010000006207,message_send.chat.other,message_send.chat.other,现在的手机 人们聊天得时候不发几个表情感觉浑身不舒服啊，特别是年轻人，这么大的一个消费者群体，当然得满足他们的需求。 所以我建议添加一…,68,61,1
途牛,途牛,10010000006409,10010000006409,register.button_icon.layout_issue,register.button_icon.layout_issue,用户已经注册并登陆途牛APP，进入首页，底部有tab栏，点击tab栏的每个按钮，进入不用的界面，每个页面的右上角最好一直有对话小图标按…,68,62,1
途牛,途牛,10010000003516,10010000003516,playback.audio.other,playback.audio.other,进行完操作2之后发现在A、B两方所听到的语音仍然与操作1听到的相同,33,32,0
途牛,途牛,10010000006544,10010000006544,message_send.page_view.other,message_send.page_view.other,+聊天界面，不好清除与联系人的聊天记录,19,17,1
途牛,途牛,10010000005435,10010000005435,share.image_banner.load_fail,share.image_banner.load_fail,"用户进入非自己个人主页，看见其他用户的精彩动态，想要分享到QQ,但是无法打开，无法进行分享。想要分享给某个好友，只能在个人主页左下角找…",68,61,1
途牛,途牛,10010000005447,10010000005447,other.other.cannot_or_fail,other.other.cannot_or_fail,用户进入广场，看见某用户发自己喜欢的内容，点击关注用户，但是无法取消。如果想要取消，只能进入非自己个人主页——某用户主页，在个人主页右…,68,59,1
途牛,途牛,10010000003672,10010000003672,message_send.list_item.other,message_send.list_item.other,在用户B关注用户A之后，用户A更改名字，用户B聊天时则看不到用户A更改后的名字，但是在联系人中可以看见。图二为用户A改完后的名字，图三…,68,62,1
途牛,途牛,10010000002359,10010000002359,private_chat.image_banner.other,private_chat.image_banner.other,问题描述:私聊发送同一张图片出现一张清晰一张模糊的情况,27,26,1
途牛,途牛,10010000005285,10010000005285,private_chat.chat.cannot_or_fail,private_chat.chat.cannot_or_fail,假设我现在和对方私聊的过程中得知对方有一个小的旅游攻略，我很开心啊，毕竟我这样就可以参照别人走过的路，省下一大堆时间。其实就是一个wo…,68,63,1
途牛,途牛,10010000006087,10010000006087,register.button_icon.wrong_value,register.button_icon.wrong_value,用户已注册并登录途牛APP，点击首页右上角的对话小图标，进入私聊路径，即陌生用户A和用户B建立私聊的路径，已互相关注的用户A和用户B建…,68,63,1
途牛,途牛,10010000004711,10010000004711,message_send.page_view.cannot_or_fail,message_send.page_view.cannot_or_fail,用户与好友聊天时，发送表情，系统自带的表情无法满足用户需求，用户想要添加表情，点击❤符号，添加跳转到相册页面，成为添加图片，用户本身可…,68,59,1
途牛,途牛,10010000002188,10010000002188,other.page_view.cannot_input,other.page_view.cannot_input,在kikbug里启动土牛后，在“我的”界面右上角点击“专属客服”，会导致途牛非正常退出，之后会返回kikbug界面，然后再次返回途牛，…,68,58,1
途牛,途牛,10010000005760,10010000005760,private_chat.page_view.wrong_value,private_chat.page_view.wrong_value,点击当前聊天对象（用户1）的头像，进入个人信息界面，下方可以看到其他用户（用户2）（黄色头像），点击（用户2）头像，进入 ( 用户2 …,68,51,1
途牛,途牛,10010000001792,10010000001792,search.commerce.other,search.commerce.other,购买机票时，日期当天显示有价格，点击搜索显示无数据,25,23,1
途牛,途牛,10010000006514,10010000006514,private_chat.button_icon.other,private_chat.button_icon.other,私聊页面右上角“更多”图标点进去 的投诉功能 ，当用户点击发送时，投诉发送按钮没有视觉上的变化，即点击前点击后按钮的颜色是一样的，这可…,68,59,1
途牛,途牛,10010000006098,10010000006098,search.chat.other,search.chat.other,我建议在软件中添加一个搜索私聊对象的功能。 比如我就是一个爱旅游的人，家里有条件，可以让我不停地旅游，那我就要不停地请教去过不同地方的…,68,62,1
途牛,途牛,10010000007088,10010000007088,message_send.page_view.other,message_send.page_view.other,"在消息界面(不管在通知页面,还是在聊天页面),左滑都会返回到上一界面(特别是在右边的聊天界面左滑一般应该切到左边的通知页面),右滑均没…",68,60,1
途牛,途牛,10010000005348,10010000005348,other.page_view.cannot_input,other.page_view.cannot_input,还是之前的bug：在kikbug里启动土牛后，在“我的”界面右上角点击“专属客服”，会导致途牛非正常退出，之后会返回kikbug界面，…,68,58,1
途牛,途牛,10010000006160,10010000006160,message_send.chat.other,message_send.chat.other,当我们打开应用后，按照接下来的步骤操作，会出现聊天框里自己的头像出现在对面。,38,35,1
途牛,途牛,10010000002986,10010000002986,private_chat.input_box.other,private_chat.input_box.other,未互相关注和相互关注进行私聊时，输入表情时在输入框中是以文字形式出现的，而未解析成图片表情,45,43,1
途牛,途牛,10010000005376,10010000005376,other.other.other,other.other.other,（1）重现步骤：,8,5,1
途牛,途牛,10010000004128,10010000004128,private_chat.input_box.crash,private_chat.input_box.crash,用户进入非自己个人主页，在个人主页左下角找到“发起私聊”入口，进入私聊，发起对话。点击聊天页面文本输入框最右侧“+”按钮，“选择照片”…,68,55,1
途牛,途牛,10010000005607,10010000005607,message_send.chat.other,message_send.chat.other,缺陷标题：与A的关注者B聊天，聊天窗口是与A的聊天窗口,27,25,1
途牛,途牛,10010000005758,10010000005758,message_send.chat.other,message_send.chat.other,缺陷标题：与A的关注者B聊天，聊天窗口是与A的聊天窗口,27,25,1
途牛,途牛,10010000004440,10010000004440,private_chat.chat.other,private_chat.chat.other,发起私聊功能不易被发现。,12,11,1
途牛,途牛,10010000005896,10010000005896,other.other.other,other.other.other,第一次操作步骤：我的,10,9,1
途牛,途牛,10010000006208,10010000006208,register.button_icon.wrong_value,register.button_icon.wrong_value,用户已注册并登录途牛APP，点击首页右上角的对话小图标，进入私聊路径，即陌生用户A和用户B建立私聊的路径，已互相关注的用户A和用户B建…,68,63,1
途牛,途牛,10010000006840,10010000006840,private_chat.page_view.cannot_or_fail,private_chat.page_view.cannot_or_fail,途牛app中设置私聊的语音聊天最长为1分钟，然而在实际使用过程中到了53s的时候才提示还有多久结束，这就会造成不良的用户体验，一般要进…,68,64,1
途牛,途牛,10010000006983,10010000006983,register.button_icon.cannot_or_fail,register.button_icon.cannot_or_fail,用户已注册并登录途牛APP，点击首页右上角的对话小图标，进入私聊路径，即陌生用户A和用户B建立私聊的路径，已互相关注的用户A和用户B建…,68,63,1
途牛,途牛,10010000007078,10010000007078,message_send.button_icon.other,message_send.button_icon.other,消息—>通知—>互动状态，显示了谁关注我。点击其中一条，但点进去却发现有好多用户，仔细观察，发现我关注的用户也在，而且不懂后面的图标是…,68,57,1
途牛,途牛,10010000004990,10010000004990,register.button_icon.layout_issue,register.button_icon.layout_issue,当刚进行注册、登录的新用户对APP布局功能还不是很清楚，想要和人进行聊天时，点开首页右上角的对话小图标，在没有和用户聊过天时，聊天一栏…,68,62,1
途牛,途牛,10010000002371,10010000002371,register.page_view.cannot_or_fail,register.page_view.cannot_or_fail,在未登陆途牛的情况下，进入其他用户的主页，选择发起私聊，选择动态密码登陆，填入一个未注册的手机号，然后进入注册界面，填写手机号并注册，…,68,60,1
途牛,途牛,10010000002815,10010000002815,other.page_view.other,other.page_view.other,用户找到非自己动态页面，想要进入非自己个人主页，点击用户名，没有反应，点击头像才可以进入非自己个人主页。这样用户体验不是很好，一般用户…,68,61,1
途牛,途牛,10010000005881,10010000005881,private_chat.page_view.other,private_chat.page_view.other,消息中两栏，一个是系统通知，另一个是聊天的消息， 在我看来系统消息应该放在别的地方。聊天应该单独占一栏。因为，但凡是一个用户都不太喜欢…,68,60,1
途牛,途牛,10010000005736,10010000005736,other.other.other,other.other.other,输入表情出错,6,6,1
途牛,途牛,10010000005138,10010000005138,private_chat.chat.cannot_or_fail,private_chat.chat.cannot_or_fail,不能对我的私聊对象进行备注。 比如我现在不清楚寒假去哪里玩好。 就漫无目的地逛逛，发一个有点兴趣的就询问一下具体情况。 那如果我询问了…,68,60,1
途牛,途牛,10010000005895,10010000005895,playback.audio.other,playback.audio.other,语音接受重复播放,8,8,1
途牛,途牛,10010000005654,10010000005654,private_chat.button_icon.cannot_input,private_chat.button_icon.cannot_input,选择私聊，选择聊天，点击在线客服，点击文本编辑框左侧的图标时，在线客服会发送相关选项，但此时已经点了文本编辑框左侧的图标，此时文本编辑…,68,61,1
途牛,途牛,10010000003828,10010000003828,private_chat.input_box.other,private_chat.input_box.other,用户进入非自己个人主页，在个人主页左下角找到“发起私聊”入口，进入私聊，发起对话。点击聊天页面文本输入框最右侧“+”按钮，“选择照片”…,68,55,1
途牛,途牛,10010000003085,10010000003085,private_chat.page_view.cannot_input,private_chat.page_view.cannot_input,问题描述:私聊设置中的投诉该用户先输入空格直到不能输入，点击发送失败,34,32,1
途牛,途牛,10010000005160,10010000005160,message_send.input_box.cannot_or_fail,message_send.input_box.cannot_or_fail,用户打完要发送的话后，点击回车键无法换行，必须要点击屏幕上的回车键符号才能发送，这是一个不方便的问题，尤其是对弈使用安卓模拟器的客户。…,68,62,1
途牛,途牛,10010000003991,10010000003991,message_send.chat.cannot_input,message_send.chat.cannot_input,聊天无法输入空格或者换行,12,12,1
途牛,途牛,10010000007041,10010000007041,register.button_icon.no_prompt,register.button_icon.no_prompt,用户已注册并登录途牛APP，点击首页右上角的对话小图标，进入私聊路径，即陌生用户A和用户B建立私聊的路径，已互相关注的用户A和用户B建…,68,63,1
途牛,途牛,10010000004853,10010000004853,message_send.chat.cannot_send,message_send.chat.cannot_send,缺陷名称：互相关注好友语音发送失败。,18,16,1
途牛,途牛,10010000005493,10010000005493,register.button_icon.wrong_value,register.button_icon.wrong_value,用户此时已注册并登陆途牛APP，用户点击右上角的对话小图标，对话列表有陌生用户A和用户B建立私聊的对话框，有已互相关注的用户A和用户B…,68,64,1
途牛,途牛,10010000004531,10010000004531,message_send.image_banner.cannot_or_fail,message_send.image_banner.cannot_or_fail,无法发送动态图片,8,8,1
途牛,途牛,10010000003370,10010000003370,private_chat.page_view.other,private_chat.page_view.other,私聊模式设置功能缺陷较多，只拥有删除聊天历史记录、投诉该用户、新消息提醒功能以及屏蔽此人消息。,47,43,1
途牛,途牛,10010000005660,10010000005660,message_send.chat.cannot_send,message_send.chat.cannot_send,预期情况下，用户2为被投诉用户，即在该系统中为禁言用户，其应该只能接收被人发送的消息，而不能发送给被人消息。,54,49,1
途牛,途牛,10010000004618,10010000004618,private_chat.page_view.permission,private_chat.page_view.permission,进入非自己个人主页，在个人主页左下角找到“发起私聊”入口，进入私聊。其他用户可以看见个人所发的所有动态，在发送动态时没有权限限制，而且…,68,60,1
途牛,途牛,10010000006996,10010000006996,register.button_icon.other,register.button_icon.other,用户已注册并登录途牛APP，点击首页右上角的对话小图标，进入私聊路径，即陌生用户A和用户B建立私聊的路径，已互相关注的用户A和用户B建…,68,63,1
途牛,途牛,10010000004298,10010000004298,private_chat.input_box.cannot_or_fail,private_chat.input_box.cannot_or_fail,用户非自己个人主页，在个人主页左下角找到“发起私聊”入口，进入私聊，发起对话。点击聊天页面输入框左侧 “语音输入”图标，进入语音输入界…,68,57,1
途牛,途牛,10010000005557,10010000005557,private_chat.chat.cannot_send,private_chat.chat.cannot_send,缺陷名称：与仅关注好友私聊非文字信息发送失败。,23,21,1
途牛,途牛,10010000006016,10010000006016,private_chat.chat.cannot_or_fail,private_chat.chat.cannot_or_fail,私聊对象之间可以互相关注， 但是我们却不能了解互相关注的情况， 我知道自己关注了他， 但是不能知道是不是他也关注了我，这个信息只能在系…,68,60,1
途牛,途牛,10010000005520,10010000005520,private_chat.page_view.wrong_value,private_chat.page_view.wrong_value,出去旅游做一个合理的旅游攻略肯定是非常必要的。 所以和已经去过的人取取经就显得很明智，但是这不是一个快速便捷的过程，我们需要和私聊对方…,68,63,1
途牛,途牛,10010000005523,10010000005523,other.other.other,other.other.other,必现: 由于资源有限，此处为三台手机进行测试（A:vivo x5 pro D B:vivo x5 max C:小米2）A和B、B和C相…,68,51,1
途牛,途牛,10010000006945,10010000006945,private_chat.input_box.other,private_chat.input_box.other,当进入途牛旅行APP，进入非自己个人主页，在个人主页左下角找到“发起私聊”入口，进入私聊后，点击聊天页面输入框左侧 “语音输入”图标，…,68,57,1
途牛,途牛,10010000006193,10010000006193,message_send.image_banner.cannot_or_fail,message_send.image_banner.cannot_or_fail,发送“添加个人喜爱的图片”无法发送原图,19,17,1
途牛,途牛,10010000004849,10010000004849,private_chat.chat.freeze,private_chat.chat.freeze,压力测试，在私聊时，发送超大文本字符（测试用例：372320 个字符）出现途牛无响应，出现连锁错误。,50,42,1
途牛,途牛,10010000004257,10010000004257,message_send.page_view.wrong_value,message_send.page_view.wrong_value,安装途牛9.0.0版本后，进去聊天界面进行沟通。在聊天的时候发现问题：第一，如果在输入多个表情时出现输入错误，修改其中一个的时候会有点…,68,60,1
途牛,途牛,10010000004154,10010000004154,groupchat.list_item.cannot_or_fail,groupchat.list_item.cannot_or_fail,自己关注的所有用户，在联系人中无法查看，联系人中只提供了群聊和最近联系人，只能查看最近联系人的聊天记录，以及向最近联系人发起聊天，无法…,68,62,1
途牛,途牛,10010000003813,10010000003813,playback.audio.other,playback.audio.other,c（陈丽霞），y（游宇虹），z（张凤莲）三人互发语音。,27,18,1
途牛,途牛,10010000003845,10010000003845,private_chat.chat.other,private_chat.chat.other,c（陈丽霞），y（游宇虹），z（张凤莲）三人互相发语音。其中两人私聊。,35,25,1
途牛,途牛,10010000006860,10010000006860,register.button_icon.layout_issue,register.button_icon.layout_issue,用户已注册并登录途牛APP，点击首页右上角的对话小图标，进入私聊路径，即陌生用户A和用户B建立私聊的路径，已互相关注的用户A和用户B建…,68,63,1
途牛,途牛,10010000003924,10010000003924,private_chat.chat.other,private_chat.chat.other,c（陈丽霞），y（游宇虹），z（张凤莲）三人互发语音。其中两人私聊，发送者语音内容正常。,44,33,1
途牛,途牛,10010000002401,10010000002401,private_chat.input_box.other,private_chat.input_box.other,当进入途牛旅行APP，进入非自己个人主页，在个人主页左下角找到“发起私聊”入口，进入私聊后，点击聊天页面输入框左侧 “语音输入”图标，…,68,57,1
Slife,Slife,10010000007491,10010000007491,other.other.other,other.other.other,成功注销后应该提示成功注销信息,15,15,1
Slife,Slife,10010000007499,10010000007499,settings.page_view.cannot_or_fail,settings.page_view.cannot_or_fail,设置头像时不能完全包含整个照片,15,15,1
Slife,Slife,10010000007727,10010000007727,other.page_view.other,other.page_view.other,相关页面没有登出信息，只有注销,15,14,1
Slife,Slife,10010000010390,10010000010390,other.other.other,other.other.other,app内存使用的大小为78MB,15,15,0
Slife,Slife,10010000009975,10010000009975,login.other.other,login.other.other,在未登录状态也能设定运动目标！,15,14,1
Slife,Slife,10010000011506,10010000011506,share.share_panel.cannot_or_fail,share.share_panel.cannot_or_fail,无法通过facebook 分享,15,14,1
Slife,Slife,10010000009945,10010000009945,step_count.step.other,step_count.step.other,设定步数时固定到某一点比较困难,15,15,1
Slife,Slife,10010000010210,10010000010210,other.page_view.other,other.page_view.other,页面上的省电模式时间一直不改变,15,15,1
Slife,Slife,10010000010129,10010000010129,register.other.other,register.other.other,在注册时，不验证邮箱是否正确。,15,13,1
Slife,Slife,10010000011694,10010000011694,search.button_icon.other,search.button_icon.other,没有搜索按钮，不提示搜索结果。,15,13,1
Slife,Slife,10010000011197,10010000011197,notification.other.permission,notification.other.permission,给予所有权限后，无通知栏通知。,15,13,1
Slife,Slife,10010000010592,10010000010592,search.chat.cannot_or_fail,search.chat.cannot_or_fail,不能搜索好友名称进行添加好友。,15,14,1
Slife,Slife,10010000010688,10010000010688,other.other.other,other.other.other,点击活动汇总和活动详细没有变化,15,15,1
Slife,Slife,10010000011744,10010000011744,register.page_view.other,register.page_view.other,用户注册时密码设置没有长度限制,15,15,1
Slife,Slife,10010000011373,10010000011373,other.other.other,other.other.other,用户名没有长度，字符等的，限制,15,13,1
Slife,Slife,10010000010458,10010000010458,run_walk.other.other,run_walk.other.other,运动量在天的视图中没有显示出来,15,15,1
Slife,Slife,10010000010156,10010000010156,step_count.step.other,step_count.step.other,走了有步数但没计算出距离，时间,15,14,1
Slife,Slife,10010000011292,10010000011292,step_count.step.cannot_or_fail,step_count.step.cannot_or_fail,无法显示除了步数之外的当前状况,15,15,1
Slife,Slife,10010000010269,10010000010269,share.page_view.other,share.page_view.other,分享时候点击更多容易跳回原界面,15,15,1
Slife,Slife,10010000011112,10010000011112,gps_track.gps.other,gps_track.gps.other,定位功能没有显眼标识，不易找到,15,14,1
Slife,Slife,10010000010494,10010000010494,run_walk.step.other,run_walk.step.other,有了步行数目，但是距离还是0米,15,14,1
Slife,Slife,10010000010438,10010000010438,other.other.other,other.other.other,5分钟后Slife内存占用减少,15,15,0
Slife,Slife,10010000010808,10010000010808,other.other.other,other.other.other,软件使用电量很少。几乎不耗电。,15,13,0
Slife,Slife,10010000010864,10010000010864,run_walk.step.wrong_value,run_walk.step.wrong_value,统计运动距离不准确。或者失效。,15,13,1
Slife,Slife,10010000010474,10010000010474,step_count.step.cannot_or_fail,step_count.step.cannot_or_fail,步数只能30 步一调，不能微调,15,13,1
Slife,Slife,10010000011460,10010000011460,other.page_view.cannot_or_fail,other.page_view.cannot_or_fail,页面内容不能随手机横竖屏幕切换,15,15,1
Slife,Slife,10010000010832,10010000010832,share.share_panel.cannot_or_fail,share.share_panel.cannot_or_fail,用户不能将运动结果分享到微信上,15,15,1
Slife,Slife,10010000010795,10010000010795,other.other.other,other.other.other,软件所占内存和软件大小描述不符,15,15,1
Slife,Slife,10010000010989,10010000010989,step_count.step.other,step_count.step.other,没有步数推荐 没有输入步数功能,15,14,1
Slife,Slife,10010000011254,10010000011254,other.other.other,other.other.other,部分功能只有英文显示，没有中文,15,14,1
Slife,Slife,10010000011503,10010000011503,other.other.other,other.other.other,电量消耗较高，内存占用比较高！,15,13,0
Slife,Slife,10010000011643,10010000011643,step_count.step.cannot_or_fail,step_count.step.cannot_or_fail,无法显示除了步数之外的所有数据,15,15,0
Slife,Slife,10010000011686,10010000011686,other.other.other,other.other.other,后台用电比较大，,8,7,0
Slife,Slife,10010000011792,10010000011792,step_count.step.other,step_count.step.other,手机关机重启以后运动步数不一致,15,15,1
Slife,Slife,10010000007814,10010000007814,other.other.cannot_or_fail,other.other.cannot_or_fail,只能注销帐号，不能实际退出软件。,16,14,1
Slife,Slife,10010000011515,10010000011515,step_count.step.other,step_count.step.other,步数计数不准确，走路的路线无显示,16,15,1
Slife,Slife,10010000011654,10010000011654,login.other.other,login.other.other,有一些小问题，反应慢，要重新登录,16,14,0
Slife,Slife,10010000010116,10010000010116,step_count.step.other,step_count.step.other,只有步数无距离和时间和能量的显示,16,16,0
Slife,Slife,10010000011428,10010000011428,share.share_panel.load_fail,share.share_panel.load_fail,分享到未安装社交平台时会白屏无效,16,16,1
Slife,Slife,10010000011746,10010000011746,run_walk.list_item.other,run_walk.list_item.other,重新设定目标后，运动记录不删除。,16,14,1
Slife,Slife,10010000010527,10010000010527,notification.other.other,notification.other.other,退出时没有提醒“再按一次退出”！,16,13,1
Slife,Slife,10010000010711,10010000010711,other.step.cannot_or_fail,other.step.cannot_or_fail,不能将时间轴向上下拉查看历史活动,16,16,1
Slife,Slife,10010000011054,10010000011054,other.other.other,other.other.other,app使用的电量较多，性能不优。,16,14,1
Slife,Slife,10010000010426,10010000010426,share.chat.cannot_or_fail,share.chat.cannot_or_fail,无法将运动结果分享到微信的好友圈,16,16,1
Slife,Slife,10010000011074,10010000011074,other.step.other,other.step.other,应用在长时间后台运行后会自动关闭,16,16,1
Slife,Slife,10010000011626,10010000011626,other.other.other,other.other.other,在完成每日任务后，没有任何提示。,16,14,1
Slife,Slife,10010000010466,10010000010466,share.share_panel.cannot_send,share.share_panel.cannot_send,分享朋友圈。发送失败。无法分享。,16,13,1
Slife,Slife,10010000011778,10010000011778,share.share_panel.other,share.share_panel.other,"分享到Facebook,时间过长",16,15,1
Slife,Slife,10010000010584,10010000010584,other.list_item.cannot_or_fail,other.list_item.cannot_or_fail,在慢行过程中，有时会无法记录数据,16,15,1
Slife,Slife,10010000010834,10010000010834,run_walk.step.other,run_walk.step.other,运动的时间与系统累计的时间不相符,16,16,1
Slife,Slife,10010000011121,10010000011121,other.other.other,other.other.other,当App后台运行时，内存占用过高,16,15,1
Slife,Slife,10010000011291,10010000011291,other.other.other,other.other.other,隐私协议和使用条款都没有中文版。,16,15,1
Slife,Slife,10010000011422,10010000011422,other.other.cannot_or_fail,other.other.cannot_or_fail,用户不能修改自己的头像和修改昵称,16,16,1
Slife,Slife,10010000011421,10010000011421,step_count.step.other,step_count.step.other,计步，时间，距离与实际不符，较少,16,13,1
Slife,Slife,10010000011753,10010000011753,run_walk.other.other,run_walk.other.other,没有相关提示在哪里查看运动路径。,16,15,1
Slife,Slife,10010000007494,10010000007494,register.page_view.other,register.page_view.other,用户注册界面没有良好的注册提示信息,17,17,1
Slife,Slife,10010000010615,10010000010615,share.share_panel.cannot_share,share.share_panel.cannot_share,运动结果通过微信分享失败，并报错！,17,15,1
Slife,Slife,10010000010219,10010000010219,settings.other.other,settings.other.other,设定目标时，选项太少，影响用户体验,17,15,1
Slife,Slife,10010000010042,10010000010042,other.other.cannot_or_fail,other.other.cannot_or_fail,与描述不符无法进行左右滑动查看历史,17,17,1
Slife,Slife,10010000011655,10010000011655,other.chat.cannot_or_fail,other.chat.cannot_or_fail,无法添加好友，总是提示用户不存在。,17,15,1
Slife,Slife,10010000011559,10010000011559,other.step.wrong_value,other.step.wrong_value,没有开启省电模式，时间轴显示有错误,17,16,1
Slife,Slife,10010000011217,10010000011217,run_walk.other.other,run_walk.other.other,跑步变换的只有歩数，米和路径都不对,17,16,1
Slife,Slife,10010000010388,10010000010388,step_count.step.other,step_count.step.other,步行后步数没立刻增加，同步性不够好,17,16,1
Slife,Slife,10010000010477,10010000010477,share.share_panel.wrong_value,share.share_panel.wrong_value,分享到朋友圈功能失效，提示发送失败,17,16,1
Slife,Slife,10010000010171,10010000010171,other.other.other,other.other.other,隐秘协议只有英文版的，中文版的缺少,17,16,1
Slife,Slife,10010000011757,10010000011757,other.chat.cannot_or_fail,other.chat.cannot_or_fail,无法添加好友。极大的影响用户体验。,17,15,1
Slife,Slife,10010000010883,10010000010883,other.other.other,other.other.other,在人不触碰手机震动手机依然产生数据,17,17,0
Slife,Slife,10010000010736,10010000010736,other.other.cannot_or_fail,other.other.cannot_or_fail,用户数据与手机本地保存数据不能同步,17,17,0
Slife,Slife,10010000011021,10010000011021,other.other.other,other.other.other,实际统计数据与应用检测数据误差较大,17,17,0
Slife,Slife,10010000010681,10010000010681,other.other.other,other.other.other,在用电情况中找不到私生活的用电情况,17,17,1
Slife,Slife,10010000010708,10010000010708,run_walk.other.other,run_walk.other.other,用户可直接用新运动状态覆盖当前状态,17,17,1
Slife,Slife,10010000010497,10010000010497,share.share_panel.other,share.share_panel.other,分享微博，出现私生活软件停止运行。,17,15,1
Slife,Slife,10010000010472,10010000010472,other.other.other,other.other.other,内存使用及运行内存使用情况如图所示,17,17,0
Slife,Slife,10010000010691,10010000010691,gps_track.gps.no_prompt,gps_track.gps.no_prompt,关掉手机的gps定位，软件无提示。,17,15,1
Slife,Slife,10010000010549,10010000010549,share.share_panel.cannot_share,share.share_panel.cannot_share,运动结果分享：分享到“朋友圈”失败,17,14,1
Slife,Slife,10010000010738,10010000010738,other.other.other,other.other.other,玩游戏晃动手机有时候会出现数据波动,17,17,0
Slife,Slife,10010000010630,10010000010630,settings.page_view.cannot_or_fail,settings.page_view.cannot_or_fail,设置个人信息的体重不能低于30千克,17,17,1
Slife,Slife,10010000010892,10010000010892,share.share_panel.other,share.share_panel.other,分享到微博时微博提醒用户文件不存在,17,17,1
Slife,Slife,10010000011048,10010000011048,other.step.other,other.step.other,往返走后距离应该为0 实际偏差太大,17,16,0
Slife,Slife,10010000011392,10010000011392,other.step.other,other.step.other,时间不同，但较早的数据比晚一点的大,17,16,0
Slife,Slife,10010000011110,10010000011110,other.step.other,other.step.other,查看软件一定时间内运行消耗电量情况,17,17,0
Slife,Slife,10010000011663,10010000011663,message_send.image_banner.cannot_send,message_send.image_banner.cannot_send,用户反馈只能发送文字，不能发送图片,17,16,1
Slife,Slife,10010000011561,10010000011561,share.share_panel.cannot_or_fail,share.share_panel.cannot_or_fail,将运动结果无法通过手机分享到微博上,17,17,1
Slife,Slife,10010000011584,10010000011584,share.share_panel.other,share.share_panel.other,将运动结果通过手机上分享到朋友圈上,17,17,1
Slife,Slife,10010000011537,10010000011537,gps_track.gps.other,gps_track.gps.other,GPS定位的显示重进一次每次都现实,17,17,0
Slife,Slife,10010000011726,10010000011726,step_count.other.freeze,step_count.other.freeze,在运动过程中，计步器出现卡顿情况。,17,15,0
Slife,Slife,10010000011801,10010000011801,share.share_panel.cannot_share,share.share_panel.cannot_share,分享至微博时提示网络不好，不能分享,17,16,1
Slife,Slife,10010000007459,10010000007459,other.other.other,other.other.other,操作次数变多了之后，应用会变的很卡。,18,16,0
Slife,Slife,10010000010054,10010000010054,step_count.step.load_fail,step_count.step.load_fail,当网络异常时，它会突然终止测试步数。,18,16,0
Slife,Slife,10010000010628,10010000010628,share.page_view.other,share.page_view.other,分享私生活在QQ上，会跳转到下载页面,18,17,1
Slife,Slife,10010000010695,10010000010695,step_count.step.other,step_count.step.other,跑步和边玩手机边走路的时候步数会减半,18,18,1
Slife,Slife,10010000011047,10010000011047,other.other.other,other.other.other,占用内存32.86MB,11,10,0
Slife,Slife,10010000009927,10010000009927,login.page_view.other,login.page_view.other,即使不登录账号也可以进行设置运动目标,18,18,1
Slife,Slife,10010000011472,10010000011472,other.other.other,other.other.other,活动汇总活动详情点进去内容是一样的。,18,17,1
Slife,Slife,10010000010977,10010000010977,share.share_panel.other,share.share_panel.other,分享时，总是出现个截屏中，没有必要。,18,15,1
Slife,Slife,10010000011324,10010000011324,other.other.other,other.other.other,SLife软件所占内存大小增大的很快,18,18,1
Slife,Slife,10010000011107,10010000011107,share.share_panel.other,share.share_panel.other,点击右上角分享，点击更多，提示截屏中,18,16,1
Slife,Slife,10010000011618,10010000011618,run_walk.other.other,run_walk.other.other,走路的路径五花八门，而我没出过教学楼,18,17,0
Slife,Slife,10010000010289,10010000010289,settings.input_box.other,settings.input_box.other,设定目标没有用户自己填写目标的文本框,18,18,1
Slife,Slife,10010000011143,10010000011143,search.button_icon.other,search.button_icon.other,添加好友没有搜索按钮，用户体验非常差,18,17,1
Slife,Slife,10010000010194,10010000010194,search.chat.cannot_or_fail,search.chat.cannot_or_fail,添加好友的搜索不能用，添加好友不成功,18,17,1
Slife,Slife,10010000010227,10010000010227,settings.page_view.permission,settings.page_view.permission,安装时，发现应用有修改系统设置的权限,18,17,1
Slife,Slife,10010000010218,10010000010218,other.other.cannot_or_fail,other.other.cannot_or_fail,没有修改用户名的选项，无法修改用户名,18,17,1
Slife,Slife,10010000010635,10010000010635,other.other.other,other.other.other,占用内存过大(相对于qq微信等应用),18,16,1
Slife,Slife,10010000010643,10010000010643,settings.page_view.cannot_or_fail,settings.page_view.cannot_or_fail,设置个人信息的体重不能高于200千克,18,18,1
Slife,Slife,10010000011233,10010000011233,login.other.other,login.other.other,重新登录后，数据跟关闭前的数据不一样,18,17,0
Slife,Slife,10010000011309,10010000011309,run_walk.page_view.other,run_walk.page_view.other,运动目标界面标题为个人信息，不合适。,18,16,1
Slife,Slife,10010000011536,10010000011536,other.other.other,other.other.other,开启和关闭状态栏应用的内存变化不大。,18,17,1
Slife,Slife,10010000011693,10010000011693,login.other.other,login.other.other,用户没有登录也能进行相关目标的设定。,18,17,1
Slife,Slife,10010000011653,10010000011653,other.other.other,other.other.other,用户的详细情况不名，不及时更新！,16,14,1
Slife,Slife,10010000007425,10010000007425,other.step.cannot_or_fail,other.step.cannot_or_fail,无法增加每日卡路里，点击没有任何反应！,19,17,1
Slife,Slife,10010000007428,10010000007428,register.input_box.other,register.input_box.other,登录注册画面，输入框和顶部有一段距离。,19,17,1
Slife,Slife,10010000007497,10010000007497,other.button_icon.other,other.button_icon.other,用户退出或注销按钮不明显，用户不易察觉,19,18,1
Slife,Slife,10010000007571,10010000007571,other.other.other,other.other.other,电子邮箱栏输入字符过多，没有上限提示。,19,17,1
Slife,Slife,10010000011056,10010000011056,other.step.other,other.step.other,应用在使用一段时间后，内存占用会飙升。,19,17,0
Slife,Slife,10010000011083,10010000011083,step_count.step.wrong_value,step_count.step.wrong_value,如图，不走路只是上下甩手机步数也会增长,19,18,0
Slife,Slife,10010000011442,10010000011442,step_count.page_view.other,step_count.page_view.other,首页步数显示上下不符，但卡路里却一致。,19,17,1
Slife,Slife,10010000011456,10010000011456,share.share_panel.cannot_or_fail,share.share_panel.cannot_or_fail,当将运动数据分享到微博时，不能成功发送,19,18,1
Slife,Slife,10010000011001,10010000011001,share.share_panel.cannot_share,share.share_panel.cannot_share,在分享的时候选择朋友圈分享，分享失败。,19,17,1
Slife,Slife,10010000010144,10010000010144,run_walk.step.other,run_walk.step.other,在我停止运动的时候，运动时间依旧在计时,19,18,1
Slife,Slife,10010000011800,10010000011800,run_walk.other.other,run_walk.other.other,分别选择轻中强度运动，没有改变歩数数据,19,18,1
Slife,Slife,10010000011144,10010000011144,step_count.step.other,step_count.step.other,骑自行车，显示为跑步，且步数计数有误差,19,17,1
Slife,Slife,10010000010311,10010000010311,step_count.step.cannot_or_fail,step_count.step.cannot_or_fail,记得步数在走的过程中不能及时的加载出来,19,19,1
Slife,Slife,10010000010944,10010000010944,other.other.other,other.other.other,缓存仅为84K和内存在运行时为85MB,19,19,0
Slife,Slife,10010000010459,10010000010459,settings.page_view.other,settings.page_view.other,没有设置省点模式，应用自己来个省点模式,19,18,0
Slife,Slife,10010000010774,10010000010774,step_count.step.other,step_count.step.other,来回走的话距离是不改变的，只有步数在变,19,18,0
Slife,Slife,10010000011020,10010000011020,other.other.other,other.other.other,活动汇总和活动详细没有变化，是相同内容,19,18,1
Slife,Slife,10010000010931,10010000010931,other.button_icon.other,other.button_icon.other,左侧灰色的图标容易误导用户不可点击操作,19,19,1
Slife,Slife,10010000011457,10010000011457,share.share_panel.cannot_or_fail,share.share_panel.cannot_or_fail,将地图进行分享到朋友圈时，不能正常分享,19,18,1
Slife,Slife,10010000011158,10010000011158,share.share_panel.cannot_share,share.share_panel.cannot_share,微博和朋友圈不能分享我的运动，如图所示,19,18,1
Slife,Slife,10010000007729,10010000007729,login.other.other,login.other.other,登录后改头像，登出，再次登录，头像未更改,20,17,1
Slife,Slife,10010000011274,10010000011274,share.share_panel.cannot_send,share.share_panel.cannot_send,当将运动数据分享给朋友圈时，显示发送失败,20,19,1
Slife,Slife,10010000009877,10010000009877,share.share_panel.other,share.share_panel.other,点击分享里面的更多时，会显示截屏中……。,20,16,1
Slife,Slife,10010000010136,10010000010136,step_count.step.other,step_count.step.other,停顿后，计步数停止恢复后与实际步数有差别,20,19,1
Slife,Slife,10010000010128,10010000010128,share.share_panel.cannot_share,share.share_panel.cannot_share,运动中点击分享选择朋友圈会显示分享失败！,20,19,1
Slife,Slife,10010000011690,10010000011690,other.other.other,other.other.other,计算用户完成百分比的时候，不会四舍五入。,20,18,1
Slife,Slife,10010000011638,10010000011638,other.step.other,other.step.other,内存在一段时间内会上升。从27MB上升。,20,18,0
Slife,Slife,10010000011772,10010000011772,other.page_view.other,other.page_view.other,下拉菜单，活动汇总和活动详细界面不改变。,20,18,1
Slife,Slife,10010000011781,10010000011781,share.share_panel.other,share.share_panel.other,点击更多分享，显示截屏中，出现卡屏现象。,20,17,1
Slife,Slife,10010000011660,10010000011660,settings.other.cannot_or_fail,settings.other.cannot_or_fail,在设定目标中，体重选择不能超过200kg,20,19,1
Slife,Slife,10010000010145,10010000010145,step_count.step.other,step_count.step.other,行走的具体和时间，距离没有和步数同步更新,20,19,1
Slife,Slife,10010000010480,10010000010480,step_count.step.other,step_count.step.other,室内运动除了步数其他均停止计量，如图所示,20,19,1
Slife,Slife,10010000010694,10010000010694,other.other.other,other.other.other,slife 内存占用过高达到了 65MB,20,18,1
Slife,Slife,10010000010161,10010000010161,step_count.gps.other,step_count.gps.other,在没有网络没有GPS的情况下，可以计步。,20,18,1
Slife,Slife,10010000010776,10010000010776,run_walk.other.other,run_walk.other.other,退出后修改运动目标等信息，登陆后不会刷新,20,19,1
Slife,Slife,10010000011395,10010000011395,register.chat.other,register.chat.other,查找已注册好友，点击添加，显示用户不存在,20,18,1
Slife,Slife,10010000010752,10010000010752,other.other.other,other.other.other,用撸大师跑分测试。私生活运行内存是28m,20,19,1
Slife,Slife,10010000010456,10010000010456,share.share_panel.other,share.share_panel.other,通过QQ分享，分享的是下载链接而不是结果,20,19,1
Slife,Slife,10010000010573,10010000010573,step_count.step.other,step_count.step.other,即使人不动，手机晃动一下，步数就增加一。,20,17,1
Slife,Slife,10010000011263,10010000011263,step_count.step.wrong_value,step_count.step.wrong_value,根据身高体重等修改目标，目标步数不更新。,20,18,1
Slife,Slife,10010000010933,10010000010933,other.other.other,other.other.other,还未搭公交车，应用就已有搭公交车的数据。,20,18,1
Slife,Slife,10010000011585,10010000011585,run_walk.step.other,run_walk.step.other,跑步过程中消耗的卡路里，时间，米数未显示,20,18,1
Slife,Slife,10010000011138,10010000011138,share.share_panel.crash,share.share_panel.crash,分享功能，无法分享到朋友圈。显示崩溃,18,16,1
Slife,Slife,10010000011603,10010000011603,other.other.other,other.other.other,活动汇总和活动功能没有功能性的作用。,18,17,1
Slife,Slife,10010000011518,10010000011518,step_count.step.other,step_count.step.other,"步数统计有时不具备实时性,停留时间有误。",20,18,1
Slife,Slife,10010000007498,10010000007498,login.other.other,login.other.other,使用不同的账号登录系统，其个人目标信息相同,21,20,1
Slife,Slife,10010000007500,10010000007500,settings.page_view.other,settings.page_view.other,头像设置界面显示头像与菜单栏界面头像不一致,21,21,1
Slife,Slife,10010000007808,10010000007808,login.other.cannot_or_fail,login.other.cannot_or_fail,退出了不能直接登录，要重新输入账号和密码。,21,19,1
Slife,Slife,10010000010518,10010000010518,other.other.other,other.other.other,App占用内存为74.7MB，占用内存过大,21,19,1
Slife,Slife,10010000010015,10010000010015,run_walk.other.other,run_walk.other.other,设定运动目标步骤及缺陷，限制10后的人群。,21,19,0
Slife,Slife,10010000011312,10010000011312,share.share_panel.cannot_send,share.share_panel.cannot_send,运动数据不能分享到朋友圈，朋友圈发送失败。,21,19,1
Slife,Slife,10010000011725,10010000011725,share.button_icon.other,share.button_icon.other,分享时，点击更多，里面的很多图标没有颜色。,21,18,1
Slife,Slife,10010000010886,10010000010886,gps_track.gps.other,gps_track.gps.other,关闭GPS进行运动，运动数据仍然会发生变化,21,20,1
Slife,Slife,10010000010672,10010000010672,settings.other.cannot_or_fail,settings.other.cannot_or_fail,在设定目标中，体重的选择不能超过200kg,21,20,1
Slife,Slife,10010000010372,10010000010372,share.share_panel.other,share.share_panel.other,分享内容是链接，而不是个人活动的详细内容。,21,19,1
Slife,Slife,10010000010214,10010000010214,other.other.other,other.other.other,安装时发现应用要可以修改删除sd中的内容。,21,20,0
Slife,Slife,10010000010266,10010000010266,settings.page_view.other,settings.page_view.other,设定应用目标完成后，没有系统提示 设置成功,21,19,1
Slife,Slife,10010000010548,10010000010548,share.share_panel.other,share.share_panel.other,用户分享到QQ的内容与实际看到的内容不一致,21,21,1
Slife,Slife,10010000011100,10010000011100,share.share_panel.other,share.share_panel.other,分享到各个交流平台时，朋友圈，微博分享不了,21,19,1
Slife,Slife,10010000010894,10010000010894,other.other.other,other.other.other,活动趋势,4,4,1
Slife,Slife,10010000011132,10010000011132,step_count.step.other,step_count.step.other,跑步数据以及运动路径：状态持续时间计算出错,21,20,1
Slife,Slife,10010000010541,10010000010541,share.share_panel.cannot_share,share.share_panel.cannot_share,点击右上角，选择朋友圈分享，朋友圈分享失败,21,19,1
Slife,Slife,10010000010567,10010000010567,other.other.display_missing,other.other.display_missing,在系统运行时，有时候突然不显示数据运行情况,21,20,1
Slife,Slife,10010000010971,10010000010971,share.share_panel.cannot_or_fail,share.share_panel.cannot_or_fail,无法将运动结果在微博，朋友圈分享，功能不全,21,19,1
Slife,Slife,10010000011343,10010000011343,share.share_panel.other,share.share_panel.other,分享经短信功能异常。,10,9,1
Slife,Slife,10010000011003,10010000011003,share.share_panel.cannot_share,share.share_panel.cannot_share,将运动数据通过链接分享至朋友圈，分享失败。,21,19,1
Slife,Slife,10010000010876,10010000010876,share.share_panel.cannot_share,share.share_panel.cannot_share,分享到朋友圈时失败，不能分享数据到朋友圈。,21,19,1
Slife,Slife,10010000010980,10010000010980,other.other.other,other.other.other,推特和facebook都在墙外，没有本地化,21,20,0
Slife,Slife,10010000011326,10010000011326,login.share_panel.other,login.share_panel.other,未登录状态与登录状态都能成功分享到朋友圈。,21,20,0
Slife,Slife,10010000011260,10010000011260,other.other.other,other.other.other,点击活动汇总或活动详情，没有出现相应信息。,21,19,1
Slife,Slife,10010000011596,10010000011596,notification.page_view.other,notification.page_view.other,通知栏显示步数与app页面显示步数差距较大,21,21,1
Slife,Slife,10010000007490,10010000007490,other.other.other,other.other.other,退出当前账户时，应该给出友好提示是否确认退出,22,21,1
Slife,Slife,10010000007492,10010000007492,other.other.other,other.other.other,成功注销后应该给出友好的提示信息“成功注销”,22,20,1
Slife,Slife,10010000007495,10010000007495,register.page_view.other,register.page_view.other,注册时未进行密码强度设置提示，密码无长度要求,22,21,1
Slife,Slife,10010000007559,10010000007559,register.other.no_prompt,register.other.no_prompt,"在注册时输入密码,未提示密码安全等级,不安全",22,20,1
Slife,Slife,10010000007681,10010000007681,register.other.other,register.other.other,注册时如果输入一个不存在的邮箱也能注册成功。,22,21,1
Slife,Slife,10010000011680,10010000011680,share.share_panel.wrong_value,share.share_panel.wrong_value,在分享到微信朋友圈时，异常错误退出。分享失败,22,20,1
Slife,Slife,10010000011148,10010000011148,share.share_panel.cannot_share,share.share_panel.cannot_share,分享到一些平台失败，如QQ,13,12,1
Slife,Slife,10010000010859,10010000010859,run_walk.other.other,run_walk.other.other,运动了但是app更新不了运动数据，一直为0步,22,21,1
Slife,Slife,10010000010632,10010000010632,share.page_view.other,share.page_view.other,无网络连接时，分享到微博时用户提示界面不友好,22,21,1
Slife,Slife,10010000010248,10010000010248,run_walk.other.cannot_or_fail,run_walk.other.cannot_or_fail,用户能够设定的运动范围过小，不能满足用户需求,22,21,1
Slife,Slife,10010000010641,10010000010641,other.page_view.cannot_or_fail,other.page_view.cannot_or_fail,页面太过密集，月份中不能对具体日期进行显示。,22,20,1
Slife,Slife,10010000011146,10010000011146,run_walk.other.cannot_or_fail,run_walk.other.cannot_or_fail,设定目标，不能选择运动方式，用户使用不方便。,22,19,1
Slife,Slife,10010000011264,10010000011264,other.other.other,other.other.other,耗电比较严重，后台运行时，手机发热比较明显。,22,19,1
Slife,Slife,10010000010785,10010000010785,other.other.other,other.other.other,活动趋势中，跨月周的显示有问题，让用户误解。,22,19,1
Slife,Slife,10010000010159,10010000010159,register.list_item.other,register.list_item.other,新用户注册登录后，应用上还保存有旧用户的记录,22,21,1
Slife,Slife,10010000010200,10010000010200,step_count.step.other,step_count.step.other,计算步数不准确，200步的运动显示为346步,22,21,1
Slife,Slife,10010000010945,10010000010945,share.share_panel.cannot_share,share.share_panel.cannot_share,向下拉出现分享，选择新浪微博分享时，无法分享,22,20,1
Slife,Slife,10010000010918,10010000010918,share.share_panel.cannot_or_fail,share.share_panel.cannot_or_fail,在邮件分享时输入正确信息，却无法通过邮件分享,22,21,1
Slife,Slife,10010000011284,10010000011284,step_count.step.other,step_count.step.other,有运动步数，时间、距离、卡路里会出现0的数据,22,19,1
Slife,Slife,10010000011163,10010000011163,step_count.step.other,step_count.step.other,"在测试时,人站着不动,手动,结果步数也增加。",22,18,1
Slife,Slife,10010000011769,10010000011769,other.page_view.other,other.page_view.other,活动趋势页面的开始时间和结束时间完全不相符。,22,21,1
Slife,Slife,10010000011630,10010000011630,share.page_view.cannot_or_fail,share.page_view.cannot_or_fail,下拉首页，出现分享对象和活动选项，点击无反应,22,20,1
Slife,Slife,10010000011684,10010000011684,step_count.step.other,step_count.step.other,在运动时，计算步数会出现延时状况（详见报告）,22,19,1
Slife,Slife,10010000007441,10010000007441,other.other.other,other.other.other,使用相册换头像的时候，第二次选择的过程会很卡。,23,21,1
Slife,Slife,10010000007477,10010000007477,login.other.other,login.other.other,注销登录时，没有弹框提醒，容易误操作导致注销。,23,20,1
Slife,Slife,10010000007728,10010000007728,other.step.other,other.step.other,要求提高100卡路里，可是系统不允许提高那么多,23,22,1
Slife,Slife,10010000010642,10010000010642,other.other.other,other.other.other,系统软件的不兼容行，此APP与魅族手机不兼容。,23,21,1
Slife,Slife,10010000010085,10010000010085,other.page_view.other,other.page_view.other,更改用户头像后，重新登陆界面，头像又恢复默认。,23,20,1
Slife,Slife,10010000010088,10010000010088,register.other.other,register.other.other,注册时，邮箱异常，明明存在的邮箱，报错说不存在,23,20,1
Slife,Slife,10010000011683,10010000011683,share.share_panel.wrong_value,share.share_panel.wrong_value,邮箱分享，账号密码都是正确的，但是显示密码错误,23,21,1
Slife,Slife,10010000010149,10010000010149,register.other.cannot_or_fail,register.other.cannot_or_fail,注册后直接登录，退出登录后再登录，不能登录成功,23,21,1
Slife,Slife,10010000010304,10010000010304,other.other.other,other.other.other,修改密码后 一直显示修改中 然后不正常退出,21,19,1
Slife,Slife,10010000010365,10010000010365,other.step.other,other.step.other,消耗电量最高，达到3.4%，会造成使用时间短。,23,18,0
Slife,Slife,10010000010421,10010000010421,settings.page_view.other,settings.page_view.other,主页设置太过简单，不合理，太简介。不受用户欢迎,23,20,1
Slife,Slife,10010000011756,10010000011756,step_count.page_view.other,step_count.page_view.other,日常活动强度，三个等级，轻度的设置目标步数最高,23,21,1
Slife,Slife,10010000010928,10010000010928,other.other.other,other.other.other,当选择身高体重，出生日期显然不合理时，不报错。,23,20,1
Slife,Slife,10010000011129,10010000011129,other.page_view.layout_issue,other.page_view.layout_issue,页面布局单一，没有做到清晰明了。没有推荐功能。,23,20,1
Slife,Slife,10010000010964,10010000010964,step_count.step.other,step_count.step.other,经常出现 时间为0 距离为0 步数不为0的情况,23,20,1
Slife,Slife,10010000011339,10010000011339,run_walk.other.other,run_walk.other.other,用户在不同手机上登陆时，显示的运动结果不一致。,23,21,1
Slife,Slife,10010000011751,10010000011751,step_count.step.other,step_count.step.other,使用私生活的过程中，即使走了好多，步数一直为0,23,21,1
Slife,Slife,10010000007439,10010000007439,other.step.other,other.step.other,没有办法选择每日卡路里 增加100卡路里每天 。,24,21,1
Slife,Slife,10010000007450,10010000007450,register.other.other,register.other.other,注册时输入密码，密码没有长度限制，用户体验不好。,24,21,1
Slife,Slife,10010000010155,10010000010155,run_walk.step.other,run_walk.step.other,在我运动的时候，时间显示为停留，没有显示为运动。,24,21,1
Slife,Slife,10010000010500,10010000010500,register.other.no_prompt,register.other.no_prompt,在用户登录和注册是，邮箱没有提示，cn邮箱的格式,24,22,1
Slife,Slife,10010000011541,10010000011541,other.other.other,other.other.other,打开不同app数量时，Slife内存占用差别较大,24,23,0
Slife,Slife,10010000010823,10010000010823,share.share_panel.other,share.share_panel.other,断网分享到QQ,7,7,1
Slife,Slife,10010000011057,10010000011057,step_count.other.other,step_count.other.other,与同类计步软件相比，占用内存较大，具体为61M。,24,21,0
Slife,Slife,10010000011509,10010000011509,share.share_panel.other,share.share_panel.other,在手机无网络的情况下分享到QQ仍然显示发送成功。,24,23,1
Slife,Slife,10010000010975,10010000010975,share.share_panel.wrong_value,share.share_panel.wrong_value,分享至朋友圈会出现发送错误的情况，必然出现，如图,24,22,1
Slife,Slife,10010000010338,10010000010338,other.other.other,other.other.other,打开应用后，下拉找到，活动汇总和活动详细无功能。,24,21,1
Slife,Slife,10010000010185,10010000010185,step_count.step.other,step_count.step.other,坐着不动摇晃一下手机步数都可以增加距离也可以增加,24,24,0
Slife,Slife,10010000010237,10010000010237,share.share_panel.cannot_or_fail,share.share_panel.cannot_or_fail,分享功能不能使用微信朋友圈分享，其他都可以分享。,24,22,1
Slife,Slife,10010000010559,10010000010559,share.share_panel.cannot_share,share.share_panel.cannot_share,分享至朋友圈失败，通过facebook分享失败。,24,22,1
Slife,Slife,10010000010373,10010000010373,step_count.page_view.other,step_count.page_view.other,进入主界面，查看步数相关信息，步数相关信息不完整,24,22,1
Slife,Slife,10010000011218,10010000011218,step_count.step.wrong_value,step_count.step.wrong_value,开启应用不走路，摇晃手机，出现步数，运动路径错误,24,21,1
Slife,Slife,10010000011255,10010000011255,other.step.cannot_or_fail,other.step.cannot_or_fail,两处箭头时间不一致，时效性差。不能同步更新时间。,24,21,1
Slife,Slife,10010000011111,10010000011111,other.other.other,other.other.other,用户骑自行车时，有时显示交通工具，有时显示停留。,24,21,0
Slife,Slife,10010000011188,10010000011188,run_walk.other.other,run_walk.other.other,如何切换运动模式，软件没有介绍，必须用户自己摸索,24,22,1
Slife,Slife,10010000011080,10010000011080,share.share_panel.cannot_share,share.share_panel.cannot_share,当使用微信将活动汇总和活动详细分享到朋友圈会失败,24,24,1
Slife,Slife,10010000011487,10010000011487,other.button_icon.wrong_value,other.button_icon.wrong_value,点击更多按钮，出现黑屏“截屏中...”错误提示。,24,17,1
Slife,Slife,10010000011182,10010000011182,share.page_view.other,share.page_view.other,新用户不容易找到分享的界面，下拉运动界面才能实现,24,23,1
Slife,Slife,10010000011173,10010000011173,share.share_panel.other,share.share_panel.other,通过qq分享出去，点开的是下载链接而不是运动量。,24,22,1
Slife,Slife,10010000011486,10010000011486,share.share_panel.other,share.share_panel.other,活动详情和活动汇总分享一致，对用户体验造成疑问。,24,22,1
Slife,Slife,10010000007436,10010000007436,settings.page_view.other,settings.page_view.other,重新设定目标的时候，数据没有清空，还是之前设置的。,25,22,1
Slife,Slife,10010000007442,10010000007442,other.other.other,other.other.other,使用头像换照片的时候，换几次过后，应用会自动退出。,25,22,1
Slife,Slife,10010000007463,10010000007463,register.other.other,register.other.other,注册时只进行了重名检查，未进行帐号是否真实存在检查,25,24,1
Slife,Slife,10010000007590,10010000007590,settings.page_view.other,settings.page_view.other,更好的头像在再次设置用户头像时，其头像没有进行更改,25,24,1
Slife,Slife,10010000007688,10010000007688,settings.page_view.other,settings.page_view.other,设置头像拍照或者从相册选择图片后，没有修图的功能。,25,23,1
Slife,Slife,10010000010988,10010000010988,step_count.step.wrong_value,step_count.step.wrong_value,app测试的步数和距离与现实有很大差距，错误巨大。,25,23,1
Slife,Slife,10010000011137,10010000011137,share.share_panel.cannot_share,share.share_panel.cannot_share,将我的运动情况分享在默认情况下的朋友圈，不能分享。,25,23,1
Slife,Slife,10010000011609,10010000011609,other.other.display_missing,other.other.display_missing,每次退出重新登陆后，侧边栏的头像不显示，已设为默认,25,23,1
Slife,Slife,10010000010778,10010000010778,other.step.other,other.step.other,走了一分钟，歩数没有任何变化。（注意我的截图时间）,25,21,0
Slife,Slife,10010000011257,10010000011257,share.share_panel.cannot_share,share.share_panel.cannot_share,分享到朋友圈提示框跳的很快，看不清楚，并且分享失败,25,23,1
Slife,Slife,10010000010139,10010000010139,step_count.step.cannot_or_fail,step_count.step.cannot_or_fail,步骤3设定目标时，不能手动输入步数，影响用户体验。,25,22,1
Slife,Slife,10010000010696,10010000010696,settings.page_view.other,settings.page_view.other,密码位数设置不合理 一位也可以，试了34位也可以,24,22,1
Slife,Slife,10010000010379,10010000010379,step_count.step.other,step_count.step.other,慢步不计入步数，跑步或上下跳步数会比实际要多一些。,25,23,1
Slife,Slife,10010000010515,10010000010515,message_send.chat.cannot_or_fail,message_send.chat.cannot_or_fail,可以发给QQ好友但无法发送到QQ说说，用户体验不足,25,24,1
Slife,Slife,10010000010727,10010000010727,share.share_panel.cannot_share,share.share_panel.cannot_share,点击分享，选择微博分享，显示文件不存在。无法分享。,25,21,1
Slife,Slife,10010000010849,10010000010849,share.image_banner.other,share.image_banner.other,点开分享出去的内容，里面不是运动数据，而是软件广告,25,23,1
Slife,Slife,10010000010788,10010000010788,other.other.other,other.other.other,没有输入用户名应该提示请输入用户名，而不是密码为空,25,24,1
Slife,Slife,10010000010844,10010000010844,share.share_panel.cannot_share,share.share_panel.cannot_share,将运动数据通过链接分享至微博，点击链接，跳转失败。,25,22,1
Slife,Slife,10010000010930,10010000010930,other.other.other,other.other.other,没有解释各状态是什么意思，出现的名词会让用户不理解,25,24,1
Slife,Slife,10010000011342,10010000011342,other.page_view.other,other.page_view.other,在与其他地图相连时，有时会在界面上不会显示具体地图,25,24,1
Slife,Slife,10010000011671,10010000011671,other.other.other,other.other.other,太占用内存了，性能不是很好，达到了33.45MB。,25,21,1
Slife,Slife,10010000011661,10010000011661,run_walk.step.other,run_walk.step.other,输入：运动一段时间,9,8,1
Slife,Slife,10010000007478,10010000007478,settings.page_view.other,settings.page_view.other,设置头像后，再点击头像，进入用户详情，头像又变为默认,26,23,1
Slife,Slife,10010000007536,10010000007536,settings.page_view.other,settings.page_view.other,当用户头像为默认时，还能够设置为默认头像，多此一举。,26,23,1
Slife,Slife,10010000010636,10010000010636,step_count.step.other,step_count.step.other,手机轻微的晃动都会计步数，太灵敏了会导致数据不准确。,26,24,1
Slife,Slife,10010000011646,10010000011646,step_count.step.other,step_count.step.other,应用在一段时间内，剧烈晃动手机边走边晃动也不会计步，,26,24,1
Slife,Slife,10010000010209,10010000010209,run_walk.page_view.no_prompt,run_walk.page_view.no_prompt,"设置了运动目标,在主页没有提示今天运动量和目标的差距",26,25,1
Slife,Slife,10010000011345,10010000011345,other.other.other,other.other.other,头像更换后，在APP完全关闭后再打开，头像会恢复默认,26,24,1
Slife,Slife,10010000011578,10010000011578,step_count.step.other,step_count.step.other,步数显示不准确。走路计数有时步数不变化。有时增加很多,26,24,1
Slife,Slife,10010000011009,10010000011009,share.share_panel.other,share.share_panel.other,点击分享到社交平台，选择twitter时提示未下载。,26,24,1
Slife,Slife,10010000011474,10010000011474,share.share_panel.other,share.share_panel.other,当以信息或是邮件分享运动数据时，分享的内容是一个链接,26,25,1
Slife,Slife,10010000010121,10010000010121,share.button_icon.other,share.button_icon.other,点击分享上边的活动汇总和活动分享按钮时，软件与反应。,26,24,1
Slife,Slife,10010000010070,10010000010070,step_count.step.other,step_count.step.other,用一台设备登陆两个账号，第二个账号的步数与第一个一样,26,25,1
Slife,Slife,10010000010713,10010000010713,share.share_panel.other,share.share_panel.other,当用户并未安装，某些社交应用而分享至该社交平台时出错,26,25,1
Slife,Slife,10010000011288,10010000011288,run_walk.other.other,run_walk.other.other,此应用并没有，开始运动和停止运动功能，非常的不方便。,26,23,1
Slife,Slife,10010000011775,10010000011775,other.other.other,other.other.other,内存占用有时候非常大，比普通应用大很多，且变化较大。,26,23,0
Slife,Slife,10010000011141,10010000011141,register.other.cannot_or_fail,register.other.cannot_or_fail,注册时 密码只输入一次，不能确认，如果输错也不清楚。,26,22,1
Slife,Slife,10010000011538,10010000011538,other.other.other,other.other.other,没有显示活动历程，而是每次显示的都是最新的活动状态。,26,24,1
Slife,Slife,10010000011768,10010000011768,run_walk.other.wrong_value,run_walk.other.wrong_value,步行和跑步等不同类型的运动没有区分开，结果都是步行。,26,24,1
Slife,Slife,10010000010749,10010000010749,step_count.step.other,step_count.step.other,在用户使用app时，手机在锁屏状态下，软件不计步数。,26,23,1
Slife,Slife,10010000010840,10010000010840,step_count.step.other,step_count.step.other,位置不动用手摇动手机，步数发生了变化，说明数据不精准,26,24,1
Slife,Slife,10010000010947,10010000010947,step_count.step.other,step_count.step.other,运动步数出现大幅度的跳动和有时在运动但是步数没有统计,26,26,1
Slife,Slife,10010000011715,10010000011715,share.page_view.other,share.page_view.other,分享到朋友圈后跳转的提示框页面出现时间太短，一闪而过,26,25,1
Slife,Slife,10010000010323,10010000010323,settings.other.other,settings.other.other,在左上角菜单中，重新设定目标之后，歩数的数据没有改变,26,24,1
Slife,Slife,10010000011448,10010000011448,share.share_panel.other,share.share_panel.other,分享到微博没有自动拉区我本手机已经登陆的微博账号信息,26,26,1
Slife,Slife,10010000011303,10010000011303,share.image_banner.other,share.image_banner.other,在运动结果显示步骤3后，打开分享有的时候会出现广告。,26,24,1
Slife,Slife,10010000010765,10010000010765,share.share_panel.other,share.share_panel.other,分享过程中，运动轨迹突然变为空白。显然是bug.如图,26,23,1
Slife,Slife,10010000010449,10010000010449,other.other.other,other.other.other,程序后台运行后，重新点击桌面上的APP，APP重启。,26,23,1
Slife,Slife,10010000011051,10010000011051,login.other.other,login.other.other,登录状态与未登录状态下，设定目标值都为开始设定数据。,26,24,1
Slife,Slife,10010000010753,10010000010753,other.page_view.other,other.page_view.other,在活动趋势界面的数据变化情况没有实时更新并显示出来。,26,25,1
Slife,Slife,10010000010974,10010000010974,other.list_item.other,other.list_item.other,没有计算出每小时几千米，卡路里图1和图2记录不一致。,26,24,1
Slife,Slife,10010000011355,10010000011355,run_walk.other.other,run_walk.other.other,骑自行车，没有骑自行车数据，而是显示在步行数据里面。,26,23,1
Slife,Slife,10010000010831,10010000010831,step_count.list_item.freeze,step_count.list_item.freeze,跑步数据以及运动路径：运动路径记录有3~5分钟的延迟,26,24,1
Slife,Slife,10010000010699,10010000010699,share.page_view.other,share.page_view.other,点击分享，选择facebook分享，始终在加载页面。,26,23,1
Slife,Slife,10010000010938,10010000010938,step_count.step.other,step_count.step.other,当用户走动时，步数显示增加。实际情况与预期情况符合。,26,23,0
Slife,Slife,10010000011013,10010000011013,other.other.cannot_or_fail,other.other.cannot_or_fail,没有清理缓存以及清理历史功能 不能清晰地去除个人信息,26,25,1
Slife,Slife,10010000011128,10010000011128,share.share_panel.cannot_send,share.share_panel.cannot_send,分享中qq可以分享成功，但是微信不可以，显示发送失败,26,24,1
Slife,Slife,10010000011247,10010000011247,share.share_panel.other,share.share_panel.other,断网，进行分享，没有分享成功，却给出了分享成功的提示,26,23,1
Slife,Slife,10010000011798,10010000011798,other.other.other,other.other.other,10000步换算应该是几百千卡，而此软件显示几百卡。,26,24,1
Slife,Slife,10010000011619,10010000011619,other.page_view.other,other.page_view.other,主页面的时间显示和活动趋势页面的活动时间显示不一致。,26,25,1
Slife,Slife,10010000011734,10010000011734,settings.other.cannot_or_fail,settings.other.cannot_or_fail,用户不能自主选择目标，只能在app给出的范围里选择。,26,24,1
Slife,Slife,10010000007504,10010000007504,other.image_banner.other,other.image_banner.other,选择图片后未提供美化图片的功能，提供美化图片功能会更好,27,26,1
Slife,Slife,10010000007805,10010000007805,other.step.other,other.step.other,增加100卡路里，如果可增加额小于100卡路里，则加满,27,25,0
Slife,Slife,10010000007804,10010000007804,login.other.other,login.other.other,用户登录时，没有记住密码功能，每次登录必须手动输入密码,27,25,1
Slife,Slife,10010000011172,10010000011172,step_count.step.other,step_count.step.other,骑自行车或乘车时该app步数基本不变，偶尔增加一两步。,27,25,1
Slife,Slife,10010000011087,10010000011087,step_count.step.other,step_count.step.other,行走步数与距离不统一,10,10,1
Slife,Slife,10010000010435,10010000010435,share.image_banner.other,share.image_banner.other,分享给好友的内容为该APP的广告，而不是自己的运动信息,27,26,1
Slife,Slife,10010000010593,10010000010593,settings.page_view.other,settings.page_view.other,目标设置成功后没有相应的提示，而是自动跳转到了主界面。,27,25,1
Slife,Slife,10010000011651,10010000011651,step_count.step.cannot_or_fail,step_count.step.cannot_or_fail,运动时，步数等经常不能实时更新，通常20多步一下增加。,27,24,1
Slife,Slife,10010000010609,10010000010609,settings.page_view.cannot_or_fail,settings.page_view.cannot_or_fail,界面太简洁，用户自己不能设置界面，不符合一些用户的需求,27,25,1
Slife,Slife,10010000011275,10010000011275,share.page_view.layout_issue,share.page_view.layout_issue,在不同的厂家的手机，在更多分享的时候，界面布局差距很大,27,25,1
Slife,Slife,10010000010595,10010000010595,search.chat.other,search.chat.other,能够通过用户名或邮箱搜索到好友，但添加时提示用户不存在,27,26,1
Slife,Slife,10010000011289,10010000011289,run_walk.page_view.other,run_walk.page_view.other,在首页的点击距离统计小球然后进行运动，距离没有发生改变,27,26,1
Slife,Slife,10010000011549,10010000011549,other.button_icon.other,other.button_icon.other,在首页下滑，出现活动汇总和活动详情的按钮，点击后没反应,27,25,1
Slife,Slife,10010000010720,10010000010720,gps_track.page_view.crash,gps_track.page_view.crash,在切进程时，若是app处于轨迹界面，不时出现闪退的现象,27,25,1
Slife,Slife,10010000010271,10010000010271,share.share_panel.wrong_value,share.share_panel.wrong_value,无法将结果分享至微信朋友圈中，而且微信是在打开的情况下,27,26,1
Slife,Slife,10010000010282,10010000010282,other.other.other,other.other.other,占用内存62.54Mb，占用空间大，会造成运行速度慢。,27,23,1
Slife,Slife,10010000010761,10010000010761,share.share_panel.cannot_share,share.share_panel.cannot_share,将运动结果通过手机的微信进行分享时，显示发送请求失败。,27,25,1
Slife,Slife,10010000010789,10010000010789,share.share_panel.other,share.share_panel.other,将运动结果通过手机的微博进行分享时，会显示文件不存在。,27,25,1
Slife,Slife,10010000010784,10010000010784,share.share_panel.other,share.share_panel.other,点击分享，选择更多，点击任意一个分享后却是屏幕的截图。,27,24,1
Slife,Slife,10010000010686,10010000010686,step_count.page_view.other,step_count.page_view.other,用户每日目标步数应可自行设置，不应只让用户在滑块上选择,27,26,1
Slife,Slife,10010000011471,10010000011471,share.share_panel.wrong_value,share.share_panel.wrong_value,点击微博进行分享，出现截屏中..错误提示，并分享失败。,27,22,1
Slife,Slife,10010000011465,10010000011465,other.other.other,other.other.other,将该app放于后台运行，不关闭，但是再次打开应用关闭。,27,24,0
Slife,Slife,10010000007435,10010000007435,login.other.other,login.other.other,用相册修改头像后，退出登录，再次登录后发现还是默认头像！,28,25,1
Slife,Slife,10010000007433,10010000007433,login.other.cannot_or_fail,login.other.cannot_or_fail,登录过程中，输入邮箱和密码，删除的时候不能够正确的删除。,28,25,1
Slife,Slife,10010000007434,10010000007434,settings.slider.cannot_or_fail,settings.slider.cannot_or_fail,选择体重和身高等等的时候，不能够直接点击，只能拖动尺子。,28,25,1
Slife,Slife,10010000007449,10010000007449,settings.page_view.other,settings.page_view.other,设置完头像后退出，再进去还是默认的头像，并没有发生改变。,28,25,1
Slife,Slife,10010000007456,10010000007456,login.page_view.other,login.page_view.other,更改密码之后，不会提醒重新登录，还是以之前的密码的界面。,28,25,1
Slife,Slife,10010000007475,10010000007475,register.input_box.wrong_value,register.input_box.wrong_value,用户注册时，应有确认密码输入框，避免密码输入错误无法登陆,28,26,1
Slife,Slife,10010000011097,10010000011097,other.other.other,other.other.other,应用在后台很耗电，且经过测试，应用打开省电模式用处不大。,28,25,1
Slife,Slife,10010000011763,10010000011763,step_count.page_view.other,step_count.page_view.other,重新设置了目标步数，发现目标完成进度不变，没有更新过来。,28,25,1
Slife,Slife,10010000011273,10010000011273,share.share_panel.other,share.share_panel.other,点击分享通道之后，提示截屏中，但是分享的链接中没有截图！,28,25,1
Slife,Slife,10010000011357,10010000011357,step_count.step.other,step_count.step.other,手机振动，晃动手机，手机滑行步数都增加，不应该增加步数。,28,24,1
Slife,Slife,10010000010120,10010000010120,other.other.other,other.other.other,在后台使用Slife，再次进入到窗口，显示应用已经关闭。,28,25,1
Slife,Slife,10010000010732,10010000010732,run_walk.other.other,run_walk.other.other,"设定运动目标后,步行时,数据更新慢、不灵敏、不是很准确。",28,23,1
Slife,Slife,10010000010882,10010000010882,step_count.gps.other,step_count.gps.other,打开gps后，该app显示的步数与实际步数仍有较大差距。,28,26,1
Slife,Slife,10010000011752,10010000011752,login.other.other,login.other.other,如图，修改密码成功后，app正在登录的账号没有被迫下线。,28,25,1
Slife,Slife,10010000010856,10010000010856,other.other.other,other.other.other,软件耗电量异常大。,9,8,1
Slife,Slife,10010000011215,10010000011215,share.page_view.other,share.page_view.other,在活动趋势页面点击右上角的分享，然后点击更多，提示截屏中,28,26,1
Slife,Slife,10010000010842,10010000010842,step_count.step.other,step_count.step.other,步数同步功能不同步，（人停了要过一会APP才能停止计数）,28,25,1
Slife,Slife,10010000010719,10010000010719,settings.step.other,settings.step.other,之前设定的目标 过较长时间再看 数据全部重置了（又0%）,28,23,1
Slife,Slife,10010000010178,10010000010178,other.other.no_prompt,other.other.no_prompt,密码长度没有特定的限制，或者是密码到规定的长度没有提示。,28,26,1
Slife,Slife,10010000010890,10010000010890,share.page_view.cannot_or_fail,share.page_view.cannot_or_fail,用户点击分享链接，直接进入应用下载页面，无法查看运动数据,28,26,1
Slife,Slife,10010000010332,10010000010332,settings.page_view.other,settings.page_view.other,用小米4手机系统设置检测app内存使用大小，如截图所示。,28,26,0
Slife,Slife,10010000010610,10010000010610,share.share_panel.other,share.share_panel.other,前提条件:分享我的运动,11,10,1
Slife,Slife,10010000010956,10010000010956,step_count.step.other,step_count.step.other,用户无需走动，只需晃动手机即可增加步数，与预期情况不符。,28,25,1
Slife,Slife,10010000010935,10010000010935,other.other.other,other.other.other,运行此程序的过程中，转化其他软件，程序就被系统结束掉了。,28,25,1
Slife,Slife,10010000011438,10010000011438,share.share_panel.cannot_share,share.share_panel.cannot_share,点击朋友圈进行分享，闪屏，提示语与本功能无关，分享失败。,28,24,1
Slife,Slife,10010000011458,10010000011458,settings.page_view.other,settings.page_view.other,设置里面未开启省电模式，但是软件显示正在进行整点模式,26,25,1
Slife,Slife,10010000011470,10010000011470,share.share_panel.cannot_or_fail,share.share_panel.cannot_or_fail,无法直接分享至微信朋友圈以及微博，只有点击更多才能成功。,28,26,1
Slife,Slife,10010000011568,10010000011568,login.list_item.cannot_or_fail,login.list_item.cannot_or_fail,当用户卸载该软件并重新登录后，无法显示该账号的历史记录。,28,26,1
Slife,Slife,10010000011732,10010000011732,share.share_panel.other,share.share_panel.other,分享至新浪微博时候，提示文件不存在，网络出错，分享不成功,28,25,1
Slife,Slife,10010000007451,10010000007451,login.page_view.other,login.page_view.other,设置完头像后，退出登录，再次进入的时候头像还是没有发现改变,29,27,1
Slife,Slife,10010000007429,10010000007429,settings.other.other,settings.other.other,不同日常强度，推荐的目标不一致，但该软件实现的推荐目标一样,29,27,1
Slife,Slife,10010000007562,10010000007562,register.page_view.cannot_or_fail,register.page_view.cannot_or_fail,"注册时未设置密码确认,若用户由于疏忽输错了密码,就无法发现",29,27,1
Slife,Slife,10010000007566,10010000007566,register.page_view.other,register.page_view.other,"注册界面上方有大量空白,个人认为可添加一个APP的logo",29,28,1
Slife,Slife,10010000007785,10010000007785,login.other.cannot_or_fail,login.other.cannot_or_fail,登录时不能记住账户密码，使用户在使用过程中不断的重新登录。,29,27,1
Slife,Slife,10010000009651,10010000009651,other.other.other,other.other.other,安装软件时，测试兼容性，发现不兼容。一会重新测试又兼容了。,29,25,0
Slife,Slife,10010000010679,10010000010679,share.page_view.other,share.page_view.other,下拉分享时，发现“活动汇总”和“活动详细”页面没有什么不同,29,24,1
Slife,Slife,10010000010520,10010000010520,other.page_view.other,other.page_view.other,将主界面上拉时，出现活动汇总和活动详细，点击两个都没用反应,29,27,1
Slife,Slife,10010000010603,10010000010603,step_count.list_item.other,step_count.list_item.other,步数记录不准确，当用户向前或向后移动两步时，并没有显示移动,29,27,1
Slife,Slife,10010000010655,10010000010655,share.share_panel.cannot_send,share.share_panel.cannot_send,当将运动数据分享到朋友圈时，显示“发送失败，请重试...”,29,22,1
Slife,Slife,10010000010252,10010000010252,settings.page_view.other,settings.page_view.other,在修改密码时，新设密码可以设置成一位，使账号的安全不可靠。,29,26,1
Slife,Slife,10010000011011,10010000011011,step_count.step.other,step_count.step.other,在楼梯上行走后突然在平地上走，步数会不动，走一会才会出现。,29,26,0
Slife,Slife,10010000011770,10010000011770,other.other.other,other.other.other,在使用条款和隐私协议中为全英文，没有中文翻译，用户体验不好,29,27,1
Slife,Slife,10010000010442,10010000010442,register.other.other,register.other.other,注册时随便输入什么邮箱都行。不需要进行邮箱验证即可注册成功,29,28,1
Slife,Slife,10010000011644,10010000011644,step_count.step.other,step_count.step.other,只有计步小球会实时更新，小球切换到距离和时间都不会实时更新,29,28,1
Slife,Slife,10010000010673,10010000010673,login.other.other,login.other.other,卸载软件 重新安装后 使用原有用户登录，所有信息全都清空了,29,26,1
Slife,Slife,10010000011606,10010000011606,register.other.other,register.other.other,用户注册没有手机号一键注册，用邮箱还需去关联邮箱过于繁琐。,29,27,1
Slife,Slife,10010000010350,10010000010350,step_count.step.other,step_count.step.other,手动轻轻摇晃手机，计步就开始了，这不符合步数计算的一般规则,29,27,1
Slife,Slife,10010000010781,10010000010781,notification.other.other,notification.other.other,图1开启通知栏Slife状态,14,14,0
Slife,Slife,10010000010542,10010000010542,other.other.cannot_or_fail,other.other.cannot_or_fail,在测试过程中，kikbug出现停止运行的情况，无法进行测试,29,27,1
Slife,Slife,10010000011183,10010000011183,share.share_panel.other,share.share_panel.other,当用户选择分享中的更多时，最后将会以截屏的形式分享给他人。,29,27,1
Slife,Slife,10010000011031,10010000011031,run_walk.other.cannot_or_fail,run_walk.other.cannot_or_fail,在使用这个软件时，运动的数据不能随时同步反应，反应速度较慢,29,27,1
Slife,Slife,10010000011632,10010000011632,run_walk.page_view.other,run_walk.page_view.other,摇动手机，运动数据也会增加，说明监测运动数据模块算法应完善,29,27,1
Slife,Slife,10010000011154,10010000011154,step_count.step.other,step_count.step.other,运动时步数不会跟随走路的步伐改变而是在运动一段时间后改变。,29,28,0
Slife,Slife,10010000011667,10010000011667,login.other.other,login.other.other,打开轻客软件并登录，手拿手机步行92步，未骑行或跑步，点击,29,26,1
Slife,Slife,10010000007426,10010000007426,other.other.other,other.other.other,第一次进入应用时，提示按键操作，位置和应用本身的位置不一样。,30,27,1
Slife,Slife,10010000007443,10010000007443,other.other.cannot_or_fail,other.other.cannot_or_fail,换头像过程中，如果想把之前的头像换回来的话，无法执行该操作。,30,27,1
Slife,Slife,10010000009948,10010000009948,step_count.step.wrong_value,step_count.step.wrong_value,不运动时，app的步数显示每秒钟自动增长20步左右，如图 。,30,26,1
Slife,Slife,10010000011540,10010000011540,step_count.list_item.wrong_value,step_count.list_item.wrong_value,用户在不联网的情况下可以进行步数记录但是无法进行线路的查询。,30,29,1
Slife,Slife,10010000011761,10010000011761,share.share_panel.wrong_value,share.share_panel.wrong_value,在分享自己的相关信息到微博的时候，出现了错误，说文件不存在。,30,27,1
Slife,Slife,10010000010162,10010000010162,run_walk.other.cannot_or_fail,run_walk.other.cannot_or_fail,指定运动目标时。用户不可以手动输入，只能通过APP计算得出。,30,27,1
Slife,Slife,10010000010687,10010000010687,gps_track.gps.other,gps_track.gps.other,经过实测，打开GPS后运动距离测试扔不准确，与实际差距较大。,30,27,1
Slife,Slife,10010000010335,10010000010335,other.step.cannot_or_fail,other.step.cannot_or_fail,应用在后台耗电大，使一些用户在户外活动中，手机不能长时间使用,30,28,1
Slife,Slife,10010000011393,10010000011393,register.page_view.other,register.page_view.other,用户注册时，密码设置没有最低长度限制，只要有填就可以注册成功,30,28,1
Slife,Slife,10010000010587,10010000010587,share.share_panel.cannot_share,share.share_panel.cannot_share,任务5，将运动结果通过手机上的应用进行分享，无法分享到朋友圈,30,28,1
Slife,Slife,10010000010657,10010000010657,share.share_panel.other,share.share_panel.other,任务5，将运动结果通过手机上的应用进行分享，邮件只能发送链接,30,28,1
Slife,Slife,10010000010274,10010000010274,run_walk.page_view.cannot_or_fail,run_walk.page_view.cannot_or_fail,设置运动目标只能在一定范围内选定，不能高于或低于系统设定范围,30,29,1
Slife,Slife,10010000010298,10010000010298,step_count.step.other,step_count.step.other,运动过快是，步数来不及变化，（在跑步时测试变化和走路时一样）,30,26,0
Slife,Slife,10010000010400,10010000010400,other.step.other,other.step.other,“”应用已关闭时间”一直在增加，明明开着应用，该时间还在增加,30,25,0
Slife,Slife,10010000010411,10010000010411,run_walk.step.other,run_walk.step.other,距离米数运动后未及时累加（如截图所示，实际已走了不止20米）,30,27,0
Slife,Slife,10010000010524,10010000010524,share.share_panel.other,share.share_panel.other,分享twitter、facebook意义不大，国内一般上不了,30,28,1
Slife,Slife,10010000010666,10010000010666,other.other.other,other.other.other,VIVO，账户修改密码的时候。修改的密码没有长度及字符限制。,30,27,1
Slife,Slife,10010000010321,10010000010321,share.share_panel.cannot_share,share.share_panel.cannot_share,进行分享时，有些应用不能分享，而且每次分享时都会显示截屏中。,30,27,1
Slife,Slife,10010000011235,10010000011235,gps_track.gps.other,gps_track.gps.other,对用户的定位偏差较大（误差在几公里左右），对用户体验很不好。,30,26,1
Slife,Slife,10010000010499,10010000010499,step_count.step.other,step_count.step.other,身体大力晃动，也可以累加步数，反而有的步数累计器不是很灵活。,30,27,1
Slife,Slife,10010000010591,10010000010591,step_count.step.other,step_count.step.other,步行一段距离后，步数有变化，其他数据都处于初始状态，无变化。,30,26,1
Slife,Slife,10010000010468,10010000010468,run_walk.page_view.other,run_walk.page_view.other,在查看运动数据与路径页面时，其数据能与主页面的运动数据不一致,30,29,1
Slife,Slife,10010000010896,10010000010896,other.step.other,other.step.other,"主页的时间线最下端为最近的时间,不便于用户查看最近状态信息.",30,28,1
Slife,Slife,10010000010677,10010000010677,share.share_panel.other,share.share_panel.other,点击分享邮件，出现分享到短信，JayMe。。等其他非邮件应用,30,26,1
Slife,Slife,10010000010734,10010000010734,register.page_view.other,register.page_view.other,用户注册时，密码设置没有最低长度限制，只要有填就可以注册成功,30,28,1
Slife,Slife,10010000010982,10010000010982,step_count.step.other,step_count.step.other,当用户走动时，如手机保持不动则步数不会增加，与预期结果不符。,30,27,1
Slife,Slife,10010000011094,10010000011094,run_walk.step.other,run_walk.step.other,用户一直骑车，但是因为手机晃动的关系仍然有显示某段距离步行。,30,28,1
Slife,Slife,10010000011410,10010000011410,share.share_panel.cannot_share,share.share_panel.cannot_share,点击QQ进行分享，出现灰屏并提示“截屏中...”，分享失败。,30,22,1
Slife,Slife,10010000011441,10010000011441,run_walk.list_item.other,run_walk.list_item.other,一段时间没有运动应该显示停留记录，但该软件没有实现相应功能。,30,28,1
Slife,Slife,10010000011579,10010000011579,other.list_item.freeze,other.list_item.freeze,记录数据有延迟和卡顿。且过于敏感，将手部的摆动都记录进去了。,30,27,1
Slife,Slife,10010000011702,10010000011702,run_walk.other.wrong_value,run_walk.other.wrong_value,在运动时，仅手部的晃动或身体的晃动会造成错误计数（详见报告）,30,27,0
Slife,Slife,10010000007446,10010000007446,register.other.wrong_value,register.other.wrong_value,注册时，邮箱格式无法正确的识别，错误的格式也可以注册账号成功。,31,28,1
Slife,Slife,10010000007506,10010000007506,other.other.other,other.other.other,成功修改头像后应该给出修改成功的友好提示，该软件未提供提示信息,31,30,1
Slife,Slife,10010000007521,10010000007521,register.other.other,register.other.other,注册后没有进行邮箱验证，而是直接进入已登录状态，存在安全隐患。,31,28,1
Slife,Slife,10010000007635,10010000007635,search.chat.other,search.chat.other,添加好友时，搜索功能不可用，输入好友信息后，无确定添加好友功能,31,28,1
Slife,Slife,10010000007691,10010000007691,settings.page_view.other,settings.page_view.other,在用户详情页面，点击上半部分的任意区域都可以唤起头像设置菜单。,31,29,1
Slife,Slife,10010000007792,10010000007792,register.other.other,register.other.other,用户注册之后直接登录主页。注销之后使用该账号登录显示用户不存在,31,30,1
Slife,Slife,10010000010135,10010000010135,step_count.page_view.cannot_or_fail,step_count.page_view.cannot_or_fail,不能自行修改目标步数，只能根据软件本事设置的公式设置目标步数！,31,29,1
Slife,Slife,10010000009911,10010000009911,step_count.step.cannot_or_fail,step_count.step.cannot_or_fail,设定运动目标时，不能进行手工输入步行步数，强迫症患者会感到难受,31,29,1
Slife,Slife,10010000010538,10010000010538,gps_track.gps.other,gps_track.gps.other,建议可以使用离线模式，在离线模式时可以关闭定位，这样可以省电。,31,28,1
Slife,Slife,10010000010709,10010000010709,step_count.step.wrong_value,step_count.step.wrong_value,.实际在走时，步数并未更新，但是直接晃动手机步数等数据就会更新,31,28,1
Slife,Slife,10010000011261,10010000011261,settings.page_view.other,settings.page_view.other,设置头像之后，在侧滑菜单中，头像并没有显示。右边是设置的头像。,31,27,1
Slife,Slife,10010000010410,10010000010410,step_count.step.other,step_count.step.other,跑步时，步数，距离，时间，卡路里均不变。,20,15,1
Slife,Slife,10010000011165,10010000011165,search.chat.cannot_or_fail,search.chat.cannot_or_fail,搜索好友，明明存在该账户，也搜到了，但无法添加且提示用户不存在,31,28,1
Slife,Slife,10010000010158,10010000010158,other.page_view.cannot_or_fail,other.page_view.cannot_or_fail,初始化界面是，选择头像，在低分辨率的三星手机下，无法正常显示。,31,27,1
Slife,Slife,10010000010212,10010000010212,share.list_item.other,share.list_item.other,当我将今天的记录分享到朋友圈时，没有调到微信，而直接回到当前。,31,28,1
Slife,Slife,10010000010830,10010000010830,other.other.other,other.other.other,当进入APP时，选择体重、身高、出生年份时不方便，用户体验不好,31,27,1
Slife,Slife,10010000010526,10010000010526,step_count.step.other,step_count.step.other,即使人不动，手机发生晃动，步数也会改变，手机动一下，步数增加一,31,27,1
Slife,Slife,10010000010649,10010000010649,share.share_panel.other,share.share_panel.other,前提条件:朋友圈分享运动步数,14,13,1
Slife,Slife,10010000011727,10010000011727,run_walk.page_view.other,run_walk.page_view.other,设置目标时，设置女性运动强度为重度后查看其目标卡路里前后不一致,31,30,1
Slife,Slife,10010000007476,10010000007476,register.other.other,register.other.other,用户注册时，对密码强度没有要求，很简单的密码如123都可注册成功,32,30,1
Slife,Slife,10010000007502,10010000007502,other.other.other,other.other.other,用户修改密码时，其修改的新密码不应该和就密码相同，这样修改无意义,32,30,1
Slife,Slife,10010000010914,10010000010914,step_count.step.other,step_count.step.other,当大幅度摆动手机时，步数会增加，而距离不变，消耗的卡路里也不变。,32,28,1
Slife,Slife,10010000010296,10010000010296,step_count.gps.cannot_or_fail,step_count.gps.cannot_or_fail,"没有启动GPS或者GPS无法连接,只有步数统计，其它统计一概是0",32,30,1
Slife,Slife,10010000011635,10010000011635,other.other.other,other.other.other,在未连接电源且启动应用时，内存消耗反而低于连接电源并且后台应用。,32,30,0
Slife,Slife,10010000010309,10010000010309,other.step.other,other.step.other,放置应用至后台，查看应用内存占用，随着时间增加，内存使用也增加。,32,28,0
Slife,Slife,10010000011300,10010000011300,other.step.other,other.step.other,一段时间过后app会自动关闭。需要重新开启，但是悬浮窗的还存在。,32,29,1
Slife,Slife,10010000011557,10010000011557,settings.other.other,settings.other.other,在个人信息里没有可以对天、周、年的目标设计，用户体验目标性不好。,32,28,1
Slife,Slife,10010000010698,10010000010698,step_count.page_view.other,step_count.page_view.other,运动情况页面中，中间位置的步数总计与下面的分时间段统计之和不一致,32,31,1
Slife,Slife,10010000011551,10010000011551,run_walk.other.cannot_or_fail,run_walk.other.cannot_or_fail,每天当中的运动详细信息的呈现不太美观，不能呈现出他想要表达的意思,32,31,1
Slife,Slife,10010000010669,10010000010669,share.share_panel.other,share.share_panel.other,任务5，将运动结果通过手机上的应用进行分享，短信分享只能收到链接,32,30,1
Slife,Slife,10010000011207,10010000011207,other.step.wrong_value,other.step.wrong_value,有时候应用会错误的关闭，后台没有运行，下图也是骑自行车的一段时间,32,30,1
Slife,Slife,10010000010487,10010000010487,other.button_icon.other,other.button_icon.other,主界面下拉后 会出现活动汇总和活动详细 2个按钮好像都没什么作用,32,30,1
Slife,Slife,10010000010191,10010000010191,share.page_view.other,share.page_view.other,进入用户分享界面，点击中间的开始时间和中间时间部分，会退出到首页,32,30,1
Slife,Slife,10010000010387,10010000010387,step_count.step.other,step_count.step.other,用户并未运动，并未移动，软件仍旧在计算步数，346步变为406步,32,29,1
Slife,Slife,10010000011605,10010000011605,share.share_panel.cannot_share,share.share_panel.cannot_share,分享时，手机安装有facebook，但却无法分享，导致短暂卡屏。,32,28,1
Slife,Slife,10010000011025,10010000011025,run_walk.page_view.other,run_walk.page_view.other,手机启动应用后，运动，当停下来，不运动的时候，首页的计时还在继续,32,28,1
Slife,Slife,10010000011159,10010000011159,run_walk.other.other,run_walk.other.other,软件功能太少。建议添加关于运动的资讯，运动的新闻，或者常识。等等,32,28,1
Slife,Slife,10010000010491,10010000010491,step_count.other.other,step_count.other.other,拿着手机步行一段路程，观察到计步出现的都是偶数步，不存在奇数步。,32,29,1
Slife,Slife,10010000011443,10010000011443,run_walk.page_view.cannot_or_fail,run_walk.page_view.cannot_or_fail,点击”步行“查看运动数据及路径，不能跳转到查看数据及路径的页面。,32,28,1
Slife,Slife,10010000011539,10010000011539,run_walk.other.cannot_or_fail,run_walk.other.cannot_or_fail,活动趋势里面显示的运动数据的信息不清晰，不能清楚地看出运动数据。,32,30,1
Slife,Slife,10010000010731,10010000010731,share.share_panel.other,share.share_panel.other,点击分享没有安装的应用Facebook，应用不提示无相关应用安装,32,31,1
Slife,Slife,10010000010705,10010000010705,other.other.other,other.other.other,坐在那里，有时移动手机会出现数据的大波动，你动一下，会显示好多步,32,29,0
Slife,Slife,10010000010576,10010000010576,run_walk.page_view.other,run_walk.page_view.other,手机启动应用后，运动，当停下来，不运动的时候，首页的计时还在继续,32,28,1
Slife,Slife,10010000011572,10010000011572,share.page_view.cannot_share,share.page_view.cannot_share,网络正常情况下，分享朋友圈会闪屏，提示失败，甚至没有弹出分享页面,32,29,1
Slife,Slife,10010000010985,10010000010985,other.step.cannot_or_fail,other.step.cannot_or_fail,app不能实时更新系统时间改成之后的时间再改回来 app不变了,31,30,1
Slife,Slife,10010000011073,10010000011073,run_walk.other.cannot_or_fail,run_walk.other.cannot_or_fail,下面表现人处在某种状态时，不能正确表示，上面是步行，下面表示神游,32,29,1
Slife,Slife,10010000011136,10010000011136,step_count.other.other,step_count.other.other,用小米手机4运行软件，软件置于前台与软件置于后台计步有较大差距。,32,30,1
Slife,Slife,10010000011455,10010000011455,share.share_panel.cannot_share,share.share_panel.cannot_share,点击Facebook，出现Loading...并黑屏，分享失败。,32,26,1
Slife,Slife,10010000011477,10010000011477,other.step.other,other.step.other,软件计数需要一定的反应时间（10~20步左右）才能开始计数。,30,26,1
Slife,Slife,10010000011202,10010000011202,share.chat.load_fail,share.chat.load_fail,没有网络条件下，分享给QQ好友，应用不提示网络异常，一直处于发送,32,29,1
Slife,Slife,10010000011527,10010000011527,share.share_panel.cannot_share,share.share_panel.cannot_share,点击分享数据到facebook和twitter出现不能分享的情况,32,32,1
Slife,Slife,10010000011558,10010000011558,share.share_panel.other,share.share_panel.other,分享中的直接链接，分享的是链接，只有更多分享中的链接是分享截图。,32,29,1
Slife,Slife,10010000011641,10010000011641,other.page_view.other,other.page_view.other,页面标题与其功能不一至,11,11,1
Slife,Slife,10010000007585,10010000007585,other.chat.other,other.chat.other,添加好友不应该可以添加自己，此时不应该给出提示信息:该用户不存在。,33,30,1
Slife,Slife,10010000007592,10010000007592,other.other.other,other.other.other,添加不是自己的账号时弹出提示信息用户不存在，本应该实现正常添加用户,33,32,1
Slife,Slife,10010000007796,10010000007796,register.other.cannot_or_fail,register.other.cannot_or_fail,用户注册时，必须是邮箱注册登录，不能使用电话号码或是昵称注册登录。,33,30,1
Slife,Slife,10010000010423,10010000010423,other.other.other,other.other.other,查看应用在后台和其他情况（类似于状态栏开启）时的内存和电量使用情况,33,31,0
Slife,Slife,10010000011717,10010000011717,step_count.step.other,step_count.step.other,步数的统计实时性不强，有时会滞后，需要增加外力震动，步数才会被记上,33,30,1
Slife,Slife,10010000011623,10010000011623,other.other.other,other.other.other,内存使用情况比其他软件相对来说高一点,18,18,1
Slife,Slife,10010000010512,10010000010512,share.share_panel.cannot_or_fail,share.share_panel.cannot_or_fail,分享运动结果中，朋友圈，Facebook，Twitter无法使用。,33,29,1
Slife,Slife,10010000010441,10010000010441,other.other.other,other.other.other,耗电较为严重，使用25分钟耗电9%,17,15,0
Slife,Slife,10010000010401,10010000010401,step_count.gps.other,step_count.gps.other,由于gps定位的特点和计算的问题，app步数存在有时时停时跳的现象,33,32,1
Slife,Slife,10010000010571,10010000010571,search.chat.other,search.chat.other,在添加好友中输入存在的用户名，点击搜索，点击添加，显示用户不存在。,33,29,1
Slife,Slife,10010000010420,10010000010420,search.chat.other,search.chat.other,通过查找邮箱账号查找好友，查找到了，然后添加好友，显示用户不存在。,33,29,1
Slife,Slife,10010000011529,10010000011529,search.button_icon.other,search.button_icon.other,通过好友查找可以查找到好友，但是点击添加按钮，却提示该用户不存在。,33,30,1
Slife,Slife,10010000010383,10010000010383,step_count.other.freeze,step_count.other.freeze,具有明显的延迟，作为计步工具应该是灵敏的，但是该APP延迟比较明显,33,31,1
Slife,Slife,10010000010522,10010000010522,share.share_panel.freeze,share.share_panel.freeze,分享到FAcebook，私生活软件出现无法分享，手机死机卡机现象。,33,30,1
Slife,Slife,10010000010940,10010000010940,step_count.list_item.other,step_count.list_item.other,跑步数据以及运动路径：运动路径记录出错，将停留的时间算入步行的时间,33,31,1
Slife,Slife,10010000010663,10010000010663,other.page_view.other,other.page_view.other,在使用其他app时，在后台的私生活会退出运行界面，需要重新进入系统,33,31,1
Slife,Slife,10010000010908,10010000010908,share.share_panel.other,share.share_panel.other,分享到QQ时，进入分享，只有该应用的推荐，但是分享内容是运动结果。,33,29,1
Slife,Slife,10010000011575,10010000011575,share.list_item.other,share.list_item.other,活动汇总和活动详情下面就是分享列表，没有给汇总和详情留下空间。,31,29,1
Slife,Slife,10010000011301,10010000011301,step_count.step.cannot_or_fail,step_count.step.cannot_or_fail,同样差值为1卡路里，步数差值为30或者31，且不能设定步数为目标。,33,30,1
Slife,Slife,10010000011565,10010000011565,step_count.step.other,step_count.step.other,日常生活强度中的轻度、中度、重度的选择对推荐步数和卡路里量没有影响,33,31,1
Slife,Slife,10010000011543,10010000011543,run_walk.page_view.other,run_walk.page_view.other,设置选择不开启省电功能，在运动一分钟后，主页面却显示使用省电模式。,33,30,1
Slife,Slife,10010000007458,10010000007458,other.other.other,other.other.other,点击头像，没有详细的账号信息，用户体验不好，给用户的感觉太过于简陋。,34,30,1
Slife,Slife,10010000007682,10010000007682,settings.slider.other,settings.slider.other,在设定目标，拖动进度条的时候不容易控制，应该设置为可以选择相应数字。,34,31,1
Slife,Slife,10010000011398,10010000011398,other.other.other,other.other.other,后台内存使用情况会突然增多然后减少，但是此时并没有使用软件进行操作。,34,32,1
Slife,Slife,10010000011252,10010000011252,share.share_panel.other,share.share_panel.other,Facebook分享数据不成功，如下图，转圈大概10s之后提示不成功,34,32,1
Slife,Slife,10010000011106,10010000011106,run_walk.page_view.other,run_walk.page_view.other,已经运动了五百多步，但是首页运动时间，运动距离，燃烧卡路里一直都是0,34,31,1
Slife,Slife,10010000011178,10010000011178,run_walk.other.layout_issue,run_walk.other.layout_issue,设定目标时，最低值与最高值间隔太小，有大运动量的用户使用起来不合理。,34,31,1
Slife,Slife,10010000010621,10010000010621,share.share_panel.cannot_share,share.share_panel.cannot_share,任务5，将运动结果通过手机上的应用进行分享，微博无法分享步数等信息。,34,31,1
Slife,Slife,10010000011666,10010000011666,share.slider.other,share.slider.other,当通过Facebook分享时，页面一直处于过度状态，长时间出现进度条,34,32,1
Slife,Slife,10010000011077,10010000011077,run_walk.other.cannot_or_fail,run_walk.other.cannot_or_fail,停留提示，不能正确出现，当有时候不运动的时候，停留运动还不能正常出现,34,31,1
Slife,Slife,10010000010436,10010000010436,other.page_view.other,other.page_view.other,Slife首页界面过于简洁，没有适当的提示使用信息，不方便用户操作。,34,31,1
Slife,Slife,10010000010822,10010000010822,share.page_view.other,share.page_view.other,无网络的情况下，分享到“我的电脑”后，回到slife页面显示发送成功,34,30,1
Slife,Slife,10010000010900,10010000010900,run_walk.page_view.cannot_or_fail,run_walk.page_view.cannot_or_fail,运动主页面的步行数据与步行状态下显示的不行数据不一致，不能同步更新。,34,32,1
Slife,Slife,10010000011229,10010000011229,login.share_panel.other,login.share_panel.other,复现步骤:运动的qq分享会跳转到浏览器登录，没有直接在QQ应用上登录,34,32,1
Slife,Slife,10010000011059,10010000011059,other.other.other,other.other.other,耗电量较高 若不开启省电模式则会自动应用位置服务，后台占用内存较大。,34,31,1
Slife,Slife,10010000011555,10010000011555,run_walk.step.other,run_walk.step.other,运动时间只显示到分钟，可以具体到秒和分，这样的话可以方便计算步速,32,30,1
Slife,Slife,10010000011494,10010000011494,login.share_panel.cannot_share,login.share_panel.cannot_share,点击分享到朋友圈和微博，不能分享。微博和微信确定已登录且不是网络问题,34,32,1
Slife,Slife,10010000011445,10010000011445,login.step.cannot_or_fail,login.step.cannot_or_fail,在账户密码均正确的情况下，登录时间超过7s，且登录失败未给任何提示。,34,31,1
Slife,Slife,10010000011563,10010000011563,other.step.other,other.step.other,距离不知道怎么计算的 走了60米(100步)还是显示和没有之前一样,33,30,1
Slife,Slife,10010000007567,10010000007567,other.page_view.other,other.page_view.other,"想进入用户详情界面时,需要点击用户头像,用户不习惯点击头像进入详情界面",35,33,1
Slife,Slife,10010000007628,10010000007628,register.other.cannot_or_fail,register.other.cannot_or_fail,slife下载后 注册后直接登录 然后退出再登录就不能再登录成功了,33,31,1
Slife,Slife,10010000007793,10010000007793,settings.step.cannot_or_fail,settings.step.cannot_or_fail,更改每日目标，增加100卡路里不行。300多是上限，不能每日增加100,35,32,1
Slife,Slife,10010000010924,10010000010924,other.other.other,other.other.other,路径中没有显示：测试过程中去操场的路径！只显示了去校门口和实验室的过程,35,33,1
Slife,Slife,10010000010255,10010000010255,step_count.step.other,step_count.step.other,"在运动晃动手机,会被统计步数,偶尔会发生晃动一下,步数会被统计3",32,29,1
Slife,Slife,10010000010537,10010000010537,step_count.step.other,step_count.step.other,运动的时候，除了步数有统计变更，其他的时间，消耗卡路里都为空，不统计。,35,30,1
Slife,Slife,10010000010229,10010000010229,run_walk.other.no_prompt,run_walk.other.no_prompt,只看到了处于神游状态，却没有提示如何切换到跑步，骑车，交通工具等状态。,35,31,1
Slife,Slife,10010000010057,10010000010057,share.share_panel.crash,share.share_panel.crash,分享不成功，分享到朋友圈闪退，分享到QQ一直处于分享中。微博可以分享。,35,31,1
Slife,Slife,10010000011361,10010000011361,other.step.freeze,other.step.freeze,数据更新延迟或是数据不更新。最长活动时间和最长活动距离不可能一直为零。,35,33,1
Slife,Slife,10010000010259,10010000010259,settings.button_icon.other,settings.button_icon.other,设置目标时，重新设置按钮是灰色的，给用户不可点击的感觉。但是可以点击。,35,31,1
Slife,Slife,10010000011797,10010000011797,share.share_panel.cannot_send,share.share_panel.cannot_send,"分享时，点击取消应该出现""您取消了分享""之类的提示，但显示的是发送失败",35,31,1
Slife,Slife,10010000011189,10010000011189,share.share_panel.other,share.share_panel.other,用户将运动情况分享到Facebook时，一直处在Loading的状态。,35,33,1
Slife,Slife,10010000011469,10010000011469,step_count.step.other,step_count.step.other,在用户运动的情况下，步数实时更新，但是时间、距离、卡路里并没有实时更新,35,31,1
Slife,Slife,10010000011582,10010000011582,share.page_view.other,share.page_view.other,分享运动结果到QQ平台，点击分享的链接，打开相应的页面，没有运动结果。,35,31,1
Slife,Slife,10010000010275,10010000010275,settings.other.other,settings.other.other,“设定目标”,6,4,1
Slife,Slife,10010000010404,10010000010404,step_count.step.other,step_count.step.other,只有在计步时小球才能事实时更新，小球切换到距离，时间的时候不会实时更新,35,33,1
Slife,Slife,10010000011328,10010000011328,share.share_panel.other,share.share_panel.other,在运动结果显示步骤3后，有的时候打开分享的链接后，查看不到运动的情况。,35,32,1
Slife,Slife,10010000010375,10010000010375,settings.button_icon.other,settings.button_icon.other,设置目标中，点重新设置，设置过程中上一步按钮灰的，但可点，用户体验不佳,35,31,1
Slife,Slife,10010000010475,10010000010475,settings.page_view.other,settings.page_view.other,设置目标里点重新设置后，体重、身高等设置的标尺到不了尽头，还有一段余留,35,32,1
Slife,Slife,10010000010492,10010000010492,settings.page_view.other,settings.page_view.other,设置目标中，随着设置日常活动强度，分为轻度、中度、中度，推荐目标都没变,35,30,1
Slife,Slife,10010000010675,10010000010675,gps_track.gps.other,gps_track.gps.other,停留这个功能只有在GPS时 才会出现， 应该提示用户打开GPS才能查看,35,32,1
Slife,Slife,10010000010231,10010000010231,other.page_view.cannot_or_fail,other.page_view.cannot_or_fail,应用介绍里，翻到最后一个界面后，无法跳转到系统首页界面，需要点击跳过。,35,31,1
Slife,Slife,10010000010797,10010000010797,other.other.cannot_or_fail,other.other.cannot_or_fail,同一个可以拥有不同的数据，应用程序存在着多点登陆的问题。数据无法统一。,35,32,1
Slife,Slife,10010000010662,10010000010662,register.other.cannot_or_fail,register.other.cannot_or_fail,登录方法单一，只可以使用邮箱注册，没有其他方式，同时，不可以第三方登陆,35,31,1
Slife,Slife,10010000010577,10010000010577,share.share_panel.no_prompt,share.share_panel.no_prompt,操作3通过更多选择分享到朋友圈后，分享成功时，没有提示，影响用户体验。,35,31,1
Slife,Slife,10010000011139,10010000011139,other.other.other,other.other.other,对路径的刻画不怎么准确，我在测试时是在绕圈，而最后画出来的路径是直线。,35,32,1
Slife,Slife,10010000010839,10010000010839,other.other.other,other.other.other,运行时，该应用非常耗电，所占用内存也较多。后台运行时，同样耗电占内存。,35,30,1
Slife,Slife,10010000010680,10010000010680,other.other.cannot_or_fail,other.other.cannot_or_fail,不能使用QQ或者微信等第三方软件登陆，造成了此应用在一定方面的局限性。,35,33,1
Slife,Slife,10010000010582,10010000010582,share.share_panel.cannot_send,share.share_panel.cannot_send,"点击朋友圈,teitter，显示发送失败，请重试。",25,21,1
Slife,Slife,10010000010791,10010000010791,share.page_view.cannot_or_fail,share.page_view.cannot_or_fail,分享到qq页面，打开之后看到的只是app的推广链接，不能看到分享的数据,35,33,1
Slife,Slife,10010000011206,10010000011206,run_walk.page_view.other,run_walk.page_view.other,在设置运动目标界面，只可以设置步行的运动目标，而没有提供设置骑行等的。,35,32,1
Slife,Slife,10010000011318,10010000011318,share.share_panel.cannot_send,share.share_panel.cannot_send,活动数据不能分享到微信朋友圈。每次分享都是发送失败，请重试。如图所示：,35,31,1
Slife,Slife,10010000011553,10010000011553,run_walk.step.other,run_walk.step.other,在停止运动后的至少4分钟内，步行时间会在手机静止的情况下自动向上累积。,35,33,1
Slife,Slife,10010000007423,10010000007423,other.page_view.other,other.page_view.other,停留位置详情页面不应该出现提示信息 invalid,25,24,1
Slife,Slife,10010000007581,10010000007581,other.step.other,other.step.other,"调节卡路里数时,调节条上没有刻度且移动后变化粒度较大,不利于用户精确调节",36,34,1
Slife,Slife,10010000007798,10010000007798,step_count.step.other,step_count.step.other,在体验过程中，有时只是手机晃动就在增加步数,21,20,1
Slife,Slife,10010000010967,10010000010967,step_count.step.other,step_count.step.other,在无网或弱网情况下，只自动计算步数，而距离、时间、卡路里消耗量未出现变化,36,32,1
Slife,Slife,10010000010533,10010000010533,other.other.other,other.other.other,slife电量使用情况如下图所示，只运行2分钟就消耗了3%，电量消耗较快,36,33,1
Slife,Slife,10010000011369,10010000011369,share.share_panel.other,share.share_panel.other,在分享的时候提示截图中，分享操作完成后，进入手机图库没有发现截图的照片！,36,33,1
Slife,Slife,10010000011733,10010000011733,share.share_panel.wrong_value,share.share_panel.wrong_value,适配度不高，在分享自己的相关信息到朋友圈的时候出现了错误不能分享的问题。,36,34,1
Slife,Slife,10010000010406,10010000010406,other.other.wrong_value,other.other.wrong_value,计数:在计数的时候我明明走了十步却不是增加这么多。在，精确度上不够准确。,36,32,1
Slife,Slife,10010000010454,10010000010454,gps_track.gps.wrong_value,gps_track.gps.wrong_value,定位:运动路径的定位不够准确。我明明在我们的教学楼，它却显示我在图书馆。,36,32,1
Slife,Slife,10010000011804,10010000011804,step_count.step.other,step_count.step.other,换了账号，依然显示和原账号一样的数据，应该清零或者需要同步数据的话有提示,36,34,1
Slife,Slife,10010000010948,10010000010948,share.share_panel.other,share.share_panel.other,应用中的分享时通过下拉菜单的方式呈现的，很少有应用采取这种方式，很不喜欢,36,34,1
Slife,Slife,10010000010898,10010000010898,run_walk.page_view.wrong_value,run_walk.page_view.wrong_value,设置运动目标功能，个人信息设置页面，米与英尺换算错误，8英尺应为2.4米,36,32,1
Slife,Slife,10010000010273,10010000010273,step_count.step.other,step_count.step.other,观察走路的步数的时候，有的时候软件的反应非常慢，有的时候甚至不增加步数。,36,33,1
Slife,Slife,10010000010943,10010000010943,other.other.wrong_value,other.other.wrong_value,NOTE手机使用中，在断网情况下，修改密码，直接向系统内置错误代码抛出。,36,32,1
Slife,Slife,10010000010417,10010000010417,share.share_panel.wrong_value,share.share_panel.wrong_value,在qq分享后，并非分享运动结果，而是分享APP下载链接，严重影响用户体验,36,33,1
Slife,Slife,10010000010934,10010000010934,other.other.other,other.other.other,活动趋势,4,4,1
Slife,Slife,10010000010803,10010000010803,run_walk.other.other,run_walk.other.other,"设定目标时,最后一个选项""日常活动强度""不同时,结果""建议运动量""相同.",36,29,1
Slife,Slife,10010000010978,10010000010978,share.page_view.other,share.page_view.other,"将主页向下滑以显示""分享到社交平台""的功能难以发现.界面对此无丝毫提示.",36,32,1
Slife,Slife,10010000010620,10010000010620,share.page_view.other,share.page_view.other,分享短信时直接停留在短信页面了，没有出现选择留在短信还是返回应用的提示框,36,35,1
Slife,Slife,10010000010712,10010000010712,other.page_view.other,other.page_view.other,停留位置详情页面不应该出现提示信息 invalid,25,24,1
Slife,Slife,10010000010751,10010000010751,other.step.other,other.step.other,执行1后，时间显示有偏差。,13,11,1
Slife,Slife,10010000010970,10010000010970,settings.page_view.cannot_or_fail,settings.page_view.cannot_or_fail,目标设置无法精确设定，只能靠滑条来进行设置，导致精确设置某个值时不好操作,36,34,1
Slife,Slife,10010000011793,10010000011793,other.other.crash,other.other.crash,用户在运行软件时，会无规律的不时出现闪退的现象，极大的降低了用户体验度。,36,33,1
Slife,Slife,10010000011784,10010000011784,step_count.list_item.other,step_count.list_item.other,跑步时其记录的跑步步数与实际不一致，例如：实际跑步20步，但计算出35步,36,33,1
Slife,Slife,10010000007560,10010000007560,register.input_box.no_prompt,register.input_box.no_prompt,"在注册时密码输入框附近未提示密码格式、长度要求,用户自由设置密码,不够安全",37,34,1
Slife,Slife,10010000010035,10010000010035,share.share_panel.other,share.share_panel.other,在无网络状态时，将其分享至其他应用显示发送成功，而实际上却没有显示该分享。,37,34,1
Slife,Slife,10010000011033,10010000011033,share.share_panel.crash,share.share_panel.crash,将运动结果通过转发功能分享到各个平台，当点击转发到朋友圈出现不正常的闪退。,37,35,1
Slife,Slife,10010000010416,10010000010416,gps_track.gps.cannot_or_fail,gps_track.gps.cannot_or_fail,运动过程中，关闭GPS定位，手部如果不做出大幅度动作，应用就无法统计数据。,37,33,1
Slife,Slife,10010000010326,10010000010326,search.button_icon.other,search.button_icon.other,在搜索好友时，在搜索页面进行好友添加时，并没有搜索按钮，用户使用中带来不便,37,34,1
Slife,Slife,10010000011050,10010000011050,share.page_view.other,share.page_view.other,"当分享数据时,被分享者接收到的数据是软件的宣传页面,而不是分享者的运动数据",37,35,1
Slife,Slife,10010000010397,10010000010397,login.other.other,login.other.other,从未登录编程已登良状态，点击设定目标，数据还是保留原有未登录时候设定的数据,37,35,1
Slife,Slife,10010000011279,10010000011279,share.button_icon.other,share.button_icon.other,分享时，上面有活动汇总和活动详细按钮，点击切换没有区别，不知道做什么用的。,37,33,1
Slife,Slife,10010000010228,10010000010228,settings.button_icon.cannot_or_fail,settings.button_icon.cannot_or_fail,个人信息页面，重新设置按钮为灰色。容易使用户产生误区，误以为此按钮不能用。,37,33,1
Slife,Slife,10010000011238,10010000011238,share.share_panel.other,share.share_panel.other,已信息方式分享时，对分享信息（包括连接）可以改动，很容易不慎删除连接某字节,37,33,1
Slife,Slife,10010000011476,10010000011476,run_walk.step.cannot_or_fail,run_walk.step.cannot_or_fail,只有步行/跑步，没有骑行的选项，不同运动消耗的卡路里不能区分，功能不完善。,37,32,1
Slife,Slife,10010000010330,10010000010330,other.step.other,other.step.other,卡路里燃烧 ，时间 ，时间根本就不发生变化。 这三项功能本身失去了意义。,36,29,1
Slife,Slife,10010000011703,10010000011703,gps_track.gps.other,gps_track.gps.other,应用简介 有生活轨迹 ，但实际app中 没有这个功能 ，与应用简介严重不符,37,31,1
Slife,Slife,10010000011008,10010000011008,other.other.other,other.other.other,手机多点登陆后，一个手机端上修改密码，另一个手机端上的账号可以继续正常使用,37,35,1
Slife,Slife,10010000010457,10010000010457,share.share_panel.other,share.share_panel.other,QQ和朋友圈分享都成功了，但是同样的东西分享到微博却不行，提示说文件不存在,37,35,1
Slife,Slife,10010000010676,10010000010676,other.step.wrong_value,other.step.wrong_value,时间不更新，开始的时候时间还更新，到后面，时间就一直停留在8分钟处不更新了,37,34,1
Slife,Slife,10010000010820,10010000010820,other.page_view.other,other.page_view.other,页面锁定显示和应用显示一样，但是如果当屏幕长时间锁定的话，页面显示会取消。,37,34,1
Slife,Slife,10010000010848,10010000010848,share.chat.cannot_or_fail,share.chat.cannot_or_fail,可以分享给QQ好友，微信好友，QQ空间！但是分享到朋友圈和微博都不能成功！,37,33,1
Slife,Slife,10010000011177,10010000011177,share.page_view.cannot_share,share.page_view.cannot_share,在后面的界面中不能分享到朋友圈和微博里边，只能在前面的里边才能分享到朋友圈,37,36,1
Slife,Slife,10010000011286,10010000011286,share.page_view.other,share.page_view.other,在这两个界面中所分享的功能不一样，建议修改，比如从微博来看，建议使用前面的,37,34,1
Slife,Slife,10010000011408,10010000011408,share.chat.cannot_or_fail,share.chat.cannot_or_fail,点开分享的链接，显示的是关于APP的信息，不能查看到分享给好友的运动结果。,37,34,1
Slife,Slife,10010000011586,10010000011586,login.share_panel.other,login.share_panel.other,用户登录与否都能分享，游客与顾客没有区别，所谓的公平对待实则没有任何作用。,37,34,0
Slife,Slife,10010000011576,10010000011576,step_count.slider.other,step_count.slider.other,在主页面用户的步数和卡路里都有环形进度条和数字显示，而距离和时间只有数字。,37,35,0
Slife,Slife,10010000007418,10010000007418,login.other.other,login.other.other,在退出当前登录时显示“注销”，让人产生奇异，以为是要销户，请修改为“退出”！,38,30,1
Slife,Slife,10010000007421,10010000007421,other.button_icon.other,other.button_icon.other,"首次进入APP,引导页结束后没有进入应用的按钮,只能点击跳过才能进入app。",38,35,1
Slife,Slife,10010000007468,10010000007468,other.other.other,other.other.other,每次修改完帐号的头像，退出重登后，头像仍然显示默认头像。估计修改头像为保存。,38,34,1
Slife,Slife,10010000007505,10010000007505,other.page_view.other,other.page_view.other,成功修改头像后，app左侧栏显示修改后的头像，但是个人详情界面仍显示默认头像,38,36,1
Slife,Slife,10010000007683,10010000007683,settings.button_icon.other,settings.button_icon.other,点击重新设置按钮，需要退回到第一步重新设置，有时候只需要设置当前页面就可以。,38,35,1
Slife,Slife,10010000007730,10010000007730,other.other.other,other.other.other,头像改变后，回到APP主页，头像改变，但再次进入本人主页，头像依旧为默认头像,38,34,1
Slife,Slife,10010000011510,10010000011510,share.share_panel.other,share.share_panel.other,当分享到QQ空间，或者是分享给朋友时，分享的是一个链接，而不是具体的运动数据,38,35,1
Slife,Slife,10010000011399,10010000011399,other.other.other,other.other.other,第一步：查看本机的耗电情况，发现对于一个较小的应用来说比较耗电，应及时优化。,38,34,1
Slife,Slife,10010000011152,10010000011152,step_count.page_view.other,step_count.page_view.other,Slife软件对于运动不敏感，当自己运动了有几分钟才会在首页的步数上有体现。,38,36,1
Slife,Slife,10010000011714,10010000011714,login.page_view.other,login.page_view.other,目标设置里，未登录设置目标，登陆后原来目标依存在，卸载软件后，设置目标消失。,38,33,1
Slife,Slife,10010000010377,10010000010377,search.page_view.other,search.page_view.other,再添加好友页面当搜索当好友后，点击添加显示用户不存在。这是系统的性能bug。,38,35,1
Slife,Slife,10010000011262,10010000011262,run_walk.other.other,run_walk.other.other,功能方面，计数不准确，走了八步计出来走路31步，造成误判的情况，不十分准确。,38,33,1
Slife,Slife,10010000010301,10010000010301,other.button_icon.other,other.button_icon.other,"点击‘’完成""按钮后跳转界面，点击home键退出软件，没有返回上一级，体验差",38,32,1
Slife,Slife,10010000011764,10010000011764,settings.page_view.other,settings.page_view.other,用户使用设定目标中的“重新设置”设置目标后，原先数据仍然保留。这不是很合理。,38,33,1
Slife,Slife,10010000010558,10010000010558,other.other.other,other.other.other,对应用所占内存进行检验，发现所占用内存较大，在下载后的30分钟内存占用20m,38,36,1
Slife,Slife,10010000011533,10010000011533,share.share_panel.other,share.share_panel.other,分享到朋友圈若直接分享则不成功，若选择分享更多，再选择朋友圈则可以发送分享。,38,35,1
Slife,Slife,10010000011023,10010000011023,settings.button_icon.cannot_or_fail,settings.button_icon.cannot_or_fail,无法添加好友，当准备添加目标好友时，点击添加图标，提示用户不存在！详情看图片,38,34,1
Slife,Slife,10010000011258,10010000011258,gps_track.gps.other,gps_track.gps.other,我并没有走动而是直接拿着手机抖动或者晃动，距离会跟着增加！软件定位存在缺陷！,38,35,1
Slife,Slife,10010000011672,10010000011672,run_walk.page_view.other,run_walk.page_view.other,设置目标时，相同体重、身高、出生年其运动强度中度和重度系统给出目标卡路里一致,38,35,1
Slife,Slife,10010000007437,10010000007437,register.other.other,register.other.other,注册时不会验证邮箱的存在性，只验证格式的正确性！输入不存在的邮箱，竟然能成功！,39,35,1
Slife,Slife,10010000009976,10010000009976,run_walk.page_view.other,run_walk.page_view.other,在进入运动目标设定的页面上，显示的是“个人信息”，而非运动目标，与隐含需求不符,39,34,1
Slife,Slife,10010000011244,10010000011244,step_count.list_item.other,step_count.list_item.other,步数的记录一定程度上与手机的震动强度有关，当强度较小时，会出现步数计不上的情况,39,37,1
Slife,Slife,10010000009983,10010000009983,run_walk.other.cannot_or_fail,run_walk.other.cannot_or_fail,设定目标以后，锁屏，或点击HOME至桌面，运动后在打开，期间不能统计更新数据。,39,34,1
Slife,Slife,10010000010240,10010000010240,share.button_icon.other,share.button_icon.other,在将运动结果进行分享时，在分享界面上，两个按钮（活动汇总和活动详细）没有区别。,39,34,1
Slife,Slife,10010000010413,10010000010413,other.page_view.other,other.page_view.other,在添加好友页面，页面中提示好友请求和好友推荐，但事实上并没有，给用户推荐好友。,39,35,1
Slife,Slife,10010000010462,10010000010462,login.other.other,login.other.other,在用户登陆时，下方没有第三方登录，这样给用户带来登陆时的反锁，给用户带来不便。,39,35,1
Slife,Slife,10010000011496,10010000011496,other.page_view.other,other.page_view.other,在app首页，下拉点击活动汇总，点击活动详情，内容没有什么变化，并且也没有跳转,39,35,1
Slife,Slife,10010000011795,10010000011795,run_walk.other.cannot_or_fail,run_walk.other.cannot_or_fail,用户以不同方位摇动手机，出现的运动情况正面运动量会增加，侧面摇动运动量无反应。,39,36,1
Slife,Slife,10010000010566,10010000010566,share.share_panel.cannot_share,share.share_panel.cannot_share,任务5，将运动结果通过手机上的应用进行分享，QQ进行分享时，无法分享步数等信息,39,36,1
Slife,Slife,10010000011755,10010000011755,settings.page_view.no_prompt,settings.page_view.no_prompt,设置身高和体重时，设置身高为0.60m和200kg ，应用没有提示与实际不符合,39,35,1
Slife,Slife,10010000010316,10010000010316,share.share_panel.other,share.share_panel.other,分享中对于信息和邮件的分享，功能有误，一下分别为分享平台，分享信息，分析邮件。,39,34,1
Slife,Slife,10010000010878,10010000010878,step_count.list_item.cannot_or_fail,step_count.list_item.cannot_or_fail,步数记录问题。当运动速度过快时，步数统计和时间统计以及卡路里统计并不能记录上。,39,36,1
Slife,Slife,10010000010703,10010000010703,search.page_view.cannot_or_fail,search.page_view.cannot_or_fail,出现搜索好友的模块，但是不能添加好友。不管是针对对方的邮箱还是名称都不能添加。,39,36,1
Slife,Slife,10010000011483,10010000011483,run_walk.list_item.other,run_walk.list_item.other,下方统计运动时间记录，不够及时，时间延时5分钟左右，，最新时间与系统时间有偏差,39,35,1
Slife,Slife,10010000011532,10010000011532,share.share_panel.other,share.share_panel.other,网络断开情况下，分享运动数据到qq，我的电脑，电脑未接收到，但系统提示发送成功,39,35,1
Slife,Slife,10010000011239,10010000011239,login.share_panel.wrong_value,login.share_panel.wrong_value,不能将结果分享于微博中，会显示服务器数据异常错误。在点击登录后显示文件不存在。,39,36,1
Slife,Slife,10010000011205,10010000011205,run_walk.button_icon.other,run_walk.button_icon.other,在设定完运动目标后，不点击保存按钮，进行其它操作，软件不会提示数据没有被保存。,39,35,1
Slife,Slife,10010000011783,10010000011783,step_count.page_view.other,step_count.page_view.other,保持停留在软件的首页，软件依旧显示应用已停止。即使正在增加步数也一样结果。,37,34,1
Slife,Slife,10010000011787,10010000011787,gps_track.gps.cannot_or_fail,gps_track.gps.cannot_or_fail,没有连接网络时不能显示路径，没有GPS地点不会变化。任何时候运动方向不会改变。,39,36,1
Slife,Slife,10010000010295,10010000010295,login.other.other,login.other.other,多个账号在一个手机登录时，数据会叠加在一部手机里，这些账号在别的手机登录数据为零,40,38,1
Slife,Slife,10010000010039,10010000010039,step_count.step.other,step_count.step.other,软件记步方面存在严重缺陷，不走动，拿着手机轻微晃动，步数依旧会增加。严重bug。,40,35,1
Slife,Slife,10010000010798,10010000010798,step_count.step.other,step_count.step.other,实际运动过程中，步数增加但是距离不变，并且在运动停止后，时间需变化一段时间后停止,40,37,1
Slife,Slife,10010000011405,10010000011405,share.share_panel.no_prompt,share.share_panel.no_prompt,点击分享，断开网络，选择分享通道，没有提示网络已断开，而是一直处于正在发送状态。,40,35,1
Slife,Slife,10010000011103,10010000011103,share.button_icon.other,share.button_icon.other,第一步：进入应用主界面，点击右上角的分享按钮,22,20,1
Slife,Slife,10010000011222,10010000011222,step_count.page_view.other,step_count.page_view.other,第一步：进入跑步数据记录主界面，随意晃动手机。,23,20,1
Slife,Slife,10010000010249,10010000010249,gps_track.gps.other,gps_track.gps.other,应用程序占用内存较小，但是耗电量较大，分析原因是其开启GPS定位进行相关运算所致,40,38,1
Slife,Slife,10010000010163,10010000010163,settings.page_view.cannot_or_fail,settings.page_view.cannot_or_fail,设定目标的时候，点击重新设置，如果想放弃重新设置，返回之前所设定的目标，无法返回,40,36,1
Slife,Slife,10010000011281,10010000011281,share.share_panel.cannot_or_fail,share.share_panel.cannot_or_fail,在操作步骤9时，点击分享到facebook，一直处于loading状态无法响应。,40,37,1
Slife,Slife,10010000010224,10010000010224,other.other.other,other.other.other,同时开启多个应用，slife会关闭，而不是进去后台状态，所谓不正常退出，如图所示,40,36,1
Slife,Slife,10010000010612,10010000010612,step_count.step.freeze,step_count.step.freeze,除了步数其他三项延迟太严重，过了两分钟才出来，不是实时显示，比同类产品觅动还差！,40,36,1
Slife,Slife,10010000010638,10010000010638,other.other.other,other.other.other,当用户头像更换成功后，点击头像进入我的账户，头像会显示默认头像（VIVO手机）。,40,35,1
Slife,Slife,10010000010187,10010000010187,settings.button_icon.other,settings.button_icon.other,对个人的体重进行设置界面，上一页按钮可以点击，但是颜色呈现灰色，不利于用户体验。,40,36,1
Slife,Slife,10010000011531,10010000011531,share.share_panel.cannot_send,share.share_panel.cannot_send,当进行运动信息分享时，点击进行朋友圈分享，提示“发送失败，请重试......”。,40,28,1
Slife,Slife,10010000011175,10010000011175,step_count.step.other,step_count.step.other,跑步数据以及运动路径：数据更新不及时，大部分情况下都是在退出后重新打开才更新数据,40,38,1
Slife,Slife,10010000010850,10010000010850,message_send.other.other,message_send.other.other,没有一个手机号的验证或者是登陆邮箱发送验证码。在一定程度上造成了，邮箱号的泄漏，,40,37,1
Slife,Slife,10010000011066,10010000011066,share.share_panel.other,share.share_panel.other,手机上如果没有安装qq点分享的话会跳到网页端分享，但是网页端没有分享到空间的选项,40,39,1
Slife,Slife,10010000011078,10010000011078,other.chat.other,other.chat.other,查看好友、排行榜时数据有时加载缓慢,17,16,1
Slife,Slife,10010000011007,10010000011007,run_walk.other.cannot_or_fail,run_walk.other.cannot_or_fail,不能自己选择所使用的工具，无论是用什么工具完成设定目标，系统都是显示是步行状态。,40,37,1
Slife,Slife,10010000011706,10010000011706,settings.button_icon.other,settings.button_icon.other,在个人设置页面点击重新设置按钮，需要从第一步开始重新设置。有时只想设置当前页面。,40,37,1
Slife,Slife,10010000011743,10010000011743,other.step.other,other.step.other,算法运算的时间和实际的活动时间完全不一致，相差太远，用户已经静止不动，还在计数。,40,36,1
Slife,Slife,10010000007763,10010000007763,login.page_view.other,login.page_view.other,修改密码成功后应该返回登录界面，不过应用未返回登录界面，仍旧返回的是修改密码子页面,41,39,1
Slife,Slife,10010000010363,10010000010363,run_walk.page_view.other,run_walk.page_view.other,在个人信息页面设置完运动目标后，点击完成没有跳转回侧边栏页面图2，此处跳转的是首页,41,39,1
Slife,Slife,10010000011724,10010000011724,share.button_icon.other,share.button_icon.other,当不断点击分享各大平台按钮时，尤其是twitter和facebook，程序异常退出,41,39,1
Slife,Slife,10010000010998,10010000010998,share.share_panel.other,share.share_panel.other,点击分享到社交平台，选择Facebook时显示黑屏并且长时间不跳转，必须强行退出。,41,38,1
Slife,Slife,10010000011037,10010000011037,share.share_panel.cannot_share,share.share_panel.cannot_share,在分享的时候，选择微博分享，在请求微博授权的时候，取消微博授权，没有提示分享失败！,41,36,1
Slife,Slife,10010000011193,10010000011193,step_count.list_item.other,step_count.list_item.other,用户不行走，用手晃动手机也能增加步数的记录，相关数据也会跟着变动，但实际并不准确。,41,37,1
Slife,Slife,10010000011053,10010000011053,share.button_icon.other,share.button_icon.other,app里分享按钮应该分享的是用户个人的运动数据，但分享后的链接却是该APP的广告。,41,39,1
Slife,Slife,10010000011160,10010000011160,share.page_view.other,share.page_view.other,在主页面进行下拉，显示出分享页面。,17,15,1
Slife,Slife,10010000011482,10010000011482,other.button_icon.display_missing,other.button_icon.display_missing,在操作步骤10时，停留时间有时候显示有时候不显示，并且这个蓝色的图标大小变化无常。,41,38,1
Slife,Slife,10010000010056,10010000010056,gps_track.gps.other,gps_track.gps.other,获取用户位置时 ，没有信息提示 用户 是否同意允许软件进行定位。而是直接进行定位。,41,35,1
Slife,Slife,10010000010685,10010000010685,share.share_panel.other,share.share_panel.other,"分享到社交平台的 更多功能 点击后弹出【截屏在...】, 应该直接显示更多平台",39,30,1
Slife,Slife,10010000010700,10010000010700,other.other.other,other.other.other,电量耗用 超过了行业均值太多 行业均值是 2.71mh，而它达到了 6.19mah,41,34,1
Slife,Slife,10010000011640,10010000011640,other.step.other,other.step.other,刚刚的数据比现在的数据多，原本燃烧18k，现在燃烧6.4k，由于事发突然并没有截图,41,37,0
Slife,Slife,10010000010292,10010000010292,run_walk.page_view.other,run_walk.page_view.other,测试运动量的时候，页面的时间不计时,17,16,1
Slife,Slife,10010000010536,10010000010536,run_walk.page_view.other,run_walk.page_view.other,在运动目标设置界面，从新设置的时候，点击返回没有返回到设置界面，而是返回到了主界面,41,38,1
Slife,Slife,10010000010965,10010000010965,step_count.step.other,step_count.step.other,个人信息所描述为一位78岁老人，而步行步数目标最低为10658步，与实际情况不符。,41,38,1
Slife,Slife,10010000010505,10010000010505,step_count.step.other,step_count.step.other,应用软件所测的数据与实际有偏差，软件重启后除了步数，其余项目归零，运动之后仍然不变,41,38,1
Slife,Slife,10010000010519,10010000010519,settings.page_view.other,settings.page_view.other,当从首页切换到设定目标页等，左侧边栏会先向右滑动，再切换，当切换到同一界面，就不会,41,37,1
Slife,Slife,10010000010946,10010000010946,other.other.other,other.other.other,"主页中央的圆环点击后切换统计数据的功能难以发现,用户下意识以为该区域只是显示区域.",41,39,1
Slife,Slife,10010000010861,10010000010861,share.share_panel.wrong_value,share.share_panel.wrong_value,将运动结果通过手机的QQ进行分享时，虽然分享成功，但显示的分享内容却不是运动结果。,41,38,1
Slife,Slife,10010000011016,10010000011016,login.share_panel.other,login.share_panel.other,用户在未登录的状态下任可将运动结果分享到社交平台上，如未登录时将运动结果分享至QQ,41,40,1
Slife,Slife,10010000010741,10010000010741,step_count.step.other,step_count.step.other,通过不同方式(走路，跑步，骑行)等等运动，测试出来的数据不准。把手机震动就会加步数,41,35,1
Slife,Slife,10010000011347,10010000011347,run_walk.other.cannot_or_fail,run_walk.other.cannot_or_fail,在使用该软件的时候，打开地图模式，查看运动路径，发现地图无法显示。刷新后恢复正常。,41,36,1
Slife,Slife,10010000011232,10010000011232,step_count.step.other,step_count.step.other,我并没有走动而是直接拿着手机抖动或者晃动，步数也会跟着增加！软件感应存在功能缺陷！,41,38,1
Slife,Slife,10010000011489,10010000011489,search.button_icon.other,search.button_icon.other,通过输入好友信息搜索到相关好友，但单击右侧“加号”按钮添加好友时总是显示用户不存在,41,38,1
Slife,Slife,10010000011400,10010000011400,share.share_panel.crash,share.share_panel.crash,无法分享到朋友圈，分享的时候闪退显示“发送失败请重试”或分享后朋友圈无显示分享内容,41,38,1
Slife,Slife,10010000011687,10010000011687,gps_track.gps.other,gps_track.gps.other,输入：蓝牙定位功能,9,8,1
Slife,Slife,10010000011674,10010000011674,other.other.other,other.other.other,查看该应用运行时占用的内存，为74mb。比手机中大部分应用包括微信占用的内存还大。,41,38,0
Slife,Slife,10010000011728,10010000011728,step_count.step.freeze,step_count.step.freeze,在通过跑步和走路的测试之后发现，步数无法立即显示而是要通过一段时间的延迟后才会显示,41,40,1
Slife,Slife,10010000007432,10010000007432,login.page_view.other,login.page_view.other,用相机设置头像成功后，退出登录，再次登录后发现头像没有修改为相机设置，而是默认头像！,42,38,1
Slife,Slife,10010000010554,10010000010554,share.page_view.wrong_value,share.page_view.wrong_value,将运动结果通过手机上的应用分享，手机出现的页面不是分享的数据页面而是安装此app页面,42,41,1
Slife,Slife,10010000010763,10010000010763,share.share_panel.cannot_share,share.share_panel.cannot_share,点击分享，不能分享到朋友圈。点击更多里面的分享到微信朋友圈才可以分享，微博也是这样。,42,38,1
Slife,Slife,10010000011058,10010000011058,settings.page_view.other,settings.page_view.other,在进行个人信息设置的时候，上一步和下一步都是可以点击的，然而却将上一步致灰，误导用户,42,39,1
Slife,Slife,10010000010730,10010000010730,share.page_view.other,share.page_view.other,分享到其他社交平台后点击返回私生活，该app还停留在分享社交的窗口，并未返回主页面。,42,39,1
Slife,Slife,10010000010764,10010000010764,register.other.other,register.other.other,"注册账号,登录不同的设备后,查看今日的运动数据,数据在第二个设备中不保存,数据不共享",42,38,1
Slife,Slife,10010000011166,10010000011166,share.share_panel.cannot_share,share.share_panel.cannot_share,用户将自己的每日运动步数分享到社交平台上时无法分享到朋友圈，总是显示出错，无法完成。,42,39,1
Slife,Slife,10010000010847,10010000010847,run_walk.other.other,run_walk.other.other,当app在后台运行时，占用内存40M~48M左右，骑行和跑步时占用85M~90M左右,42,38,1
Slife,Slife,10010000011249,10010000011249,step_count.page_view.cannot_or_fail,step_count.page_view.cannot_or_fail,设置运动目标时，用户不能够自定义设置运动步数，可能会使一些运动量较少的用户感到困惑。,42,39,1
Slife,Slife,10010000010281,10010000010281,step_count.step.other,step_count.step.other,当步数在不断更新时，距离，时间，卡路里却不变。一段时间后才改变，没有同步改变的效果。,42,36,1
Slife,Slife,10010000010412,10010000010412,login.step.other,login.step.other,未登录情况下，步数增加，卡路里、活动距离、最长活动时间均没有增加。 VIVO手机下。,42,35,1
Slife,Slife,10010000010170,10010000010170,other.other.other,other.other.other,163邮箱需要,7,7,1
Slife,Slife,10010000010302,10010000010302,share.page_view.other,share.page_view.other,分享页面点击更多，显示的内容与分享的第一个页面重复，这里感觉这样是设计是有点重复了。,42,39,1
Slife,Slife,10010000010357,10010000010357,other.page_view.layout_issue,other.page_view.layout_issue,本软件首页的布局显示比较奇特，隐藏了主要的功能选项，让用户易点击退出，使用也不太方便,42,39,1
Slife,Slife,10010000010650,10010000010650,share.share_panel.other,share.share_panel.other,分享时的信息是消耗了33卡路里，过会儿又运动了一下，却变成消耗了18卡路里，不进反退,42,39,1
Slife,Slife,10010000010902,10010000010902,settings.input_box.other,settings.input_box.other,在用户反馈的页面中，输入框中可以输入的文字没有设置上限，可能增加了后台人员阅读的难度,42,40,1
Slife,Slife,10010000011214,10010000011214,settings.page_view.other,settings.page_view.other,"分别设置不同的体重，第一次设置47Kg,第二次设置105Kg，系统显示的适合目标相同",42,39,1
Slife,Slife,10010000011785,10010000011785,other.other.other,other.other.other,测试功能：记步,7,6,1
Slife,Slife,10010000011698,10010000011698,run_walk.page_view.other,run_walk.page_view.other,设置目标时，相同身高、体重、出生年的男性运动强度为轻度和中度时系统给出目标卡路里一致,42,39,1
Slife,Slife,10010000011014,10010000011014,other.other.other,other.other.other,App在切换到后台的情况下，占用内存68.4MB，占用内存与未切换到后台的情况差别不大,43,40,1
Slife,Slife,10010000010586,10010000010586,settings.other.other,settings.other.other,在设定目标中，当填写完数据之后，系统给定的目标有些不合理，使用户体验起来非常的不舒服。,43,39,1
Slife,Slife,10010000010817,10010000010817,step_count.other.other,step_count.other.other,查看此软件的储存大小发现，相比于其他计步软件，此APP的存储比较大，比较占手机的内存。,43,39,1
Slife,Slife,10010000010198,10010000010198,settings.page_view.other,settings.page_view.other,设置好目标后，个人信息中显示的目标没有明确具体的时间，比如说这是每日的还是每周的目标？,43,40,1
Slife,Slife,10010000010153,10010000010153,settings.step.other,settings.step.other,"不同的三个年龄段，1930，1980,2010，其推荐目标都是一样的，都为223卡路里",43,38,1
Slife,Slife,10010000010276,10010000010276,register.other.other,register.other.other,新注册用户登录之后修改头像信息,15,15,1
Slife,Slife,10010000010225,10010000010225,other.step.other,other.step.other,该应用开启、使用、关闭情况有时候会发生改变，使用户在一段时间内观察到应用信息发生改变。,43,39,0
Slife,Slife,10010000011000,10010000011000,step_count.step.other,step_count.step.other,当运动完成后，只显示步数，而不现实总时间、完成卡路里、距离，功能不完整，用户体验不佳。,43,36,1
Slife,Slife,10010000010613,10010000010613,other.other.other,other.other.other,开启应用软件，后台运行时，耗电量较大。其中QQ耗电为2.76%，该软件耗电为93.3%,43,35,1
Slife,Slife,10010000010646,10010000010646,other.page_view.other,other.page_view.other,打开应用程序后，返回桌面后再进入，程序重新加载运行而不是直接显示返回桌面操作前的页面。,43,40,1
Slife,Slife,10010000010807,10010000010807,run_walk.page_view.other,run_walk.page_view.other,在设定运动目标时，选择重新设置，则会根据性别，年龄，体重，身高，日常运动度来智能推荐。,43,36,0
Slife,Slife,10010000011168,10010000011168,share.share_panel.other,share.share_panel.other,将该平台分享到QQ，微信朋友圈，信息等平台上皆以链接的形式出现，不直观，用户体验较差。,43,38,1
Slife,Slife,10010000010796,10010000010796,step_count.step.cannot_or_fail,step_count.step.cannot_or_fail,敏感度不强，步数统计，时间，距离无法实时更新，需进行一段时间后才发生变化，用户体验不好,43,38,1
Slife,Slife,10010000010877,10010000010877,step_count.step.cannot_or_fail,step_count.step.cannot_or_fail,敏感度不强，步数，距离，时间，需进行一段时间后才发生变化，无法实时更新，用户体验不好。,43,36,1
Slife,Slife,10010000011748,10010000011748,share.page_view.cannot_share,share.page_view.cannot_share,在步数界面分享步数时，分享的链接是 APP的链接，无法分享今日所走步数，影响用户体验。,43,38,1
Slife,Slife,10010000011098,10010000011098,settings.slider.other,settings.slider.other,个人信息设置时，没有显示进度条，在填了五项信息后仍没有结束标志，导致用户对APP产生反感,44,41,1
Slife,Slife,10010000010941,10010000010941,run_walk.list_item.freeze,run_walk.list_item.freeze,步行距离的记录存在延迟情况，步行路线的显示也存在大概率延迟，延迟时间为30s~60s不等,44,41,1
Slife,Slife,10010000011385,10010000011385,step_count.step.other,step_count.step.other,运动步数的更新同步性较差，用户在从静止到开始走动时步数不会更新，过一小段时间后才恢复正常,44,42,1
Slife,Slife,10010000010226,10010000010226,run_walk.step.other,run_walk.step.other,"无论年龄的大小，只要性别,体重,身高一样，步行和卡路里目标都是一样的。设定的目标不合理。",44,38,1
Slife,Slife,10010000011228,10010000011228,share.page_view.other,share.page_view.other,首页上往下滑数据，出来的分享界面上， 一个”活动汇总“，一个”活动详细“，两个按键无效。,44,34,1
Slife,Slife,10010000010262,10010000010262,settings.other.other,settings.other.other,重新设定目标的时候，只重置某一项目，其他项目不变，这个实现不了，要重置就必须全部重置完。,44,39,1
Slife,Slife,10010000011766,10010000011766,share.share_panel.cannot_share,share.share_panel.cannot_share,点击分享用户的数据生成的截图分享到某些app时，比如说jayme时，没有反应，无法分享。,44,40,1
Slife,Slife,10010000011611,10010000011611,step_count.other.other,step_count.other.other,计步过程中会出现缺步，多步表现。而且比较严重，实时更新有问题，在快速行进中，缺步问题明显,44,39,1
Slife,Slife,10010000011315,10010000011315,step_count.page_view.other,step_count.page_view.other,首页显示只有步行的步数产生变化，时间、距离、卡路里均为0,28,25,1
Slife,Slife,10010000010405,10010000010405,other.step.other,other.step.other,手机显示是高耗内存， 而且软件本身不是什么功能强大的软件， 内存的使用随着时间慢慢变高。,44,39,1
Slife,Slife,10010000010277,10010000010277,settings.step.other,settings.step.other,不论男士还是女士，其推荐目标都是一样的，都为149卡路里，男士和女士其活动强度应该不一样,44,41,1
Slife,Slife,10010000011475,10010000011475,run_walk.other.other,run_walk.other.other,修改信息，点击上一步修改男女，身高，体重，年龄，职业，推荐步行数始终一样，数据没有更新。,44,36,1
Slife,Slife,10010000010215,10010000010215,search.other.cannot_or_fail,search.other.cannot_or_fail,搜索方面不能过有特殊符号，不能有模糊查询,20,19,1
Slife,Slife,10010000010602,10010000010602,other.other.other,other.other.other,小米安全中心 耗电排行显示 私生活耗电占用比重较大,25,23,1
Slife,Slife,10010000010254,10010000010254,step_count.page_view.other,step_count.page_view.other,设置的个人信息界面，最低的步行步数为8995步，对于部分用户可能都达不到，影响用户体验。,44,40,1
Slife,Slife,10010000010236,10010000010236,gps_track.gps.other,gps_track.gps.other,GPS试使用时间不会立刻随着时间的变化而变化，退出再进入也不会更改，如图在不同时间进入。,44,41,1
Slife,Slife,10010000010915,10010000010915,step_count.step.other,step_count.step.other,没有帮助功能，好多功能都不知道怎么使用，和出现的意义，比如，步数下面的神游，关闭应用等等,44,39,1
Slife,Slife,10010000010392,10010000010392,share.button_icon.other,share.button_icon.other,"点击更多按钮，应该出现需要分享的平台，而不应该出现提示信息""截屏中""，再跳转到分享平台。",44,38,1
Slife,Slife,10010000010481,10010000010481,run_walk.list_item.other,run_walk.list_item.other,图三是本来的历史记录为步行，选择跑步后，历史记录更改为图二中的跑步。历史记录不应该被更改,44,41,1
Slife,Slife,10010000007417,10010000007417,share.button_icon.other,share.button_icon.other,"点击更多按钮，应该出现需要分享的平台，而不应该出现提示信息""截图成功""，再跳转到分享平台。",45,39,1
Slife,Slife,10010000007556,10010000007556,register.input_box.wrong_value,register.input_box.wrong_value,"在用户名输入框输入格式不对的用户名时,未提示格式错误,要等到点注册后才会提示用户名格式错误",45,43,1
Slife,Slife,10010000007767,10010000007767,other.other.other,other.other.other,修改密码时，若新密码是非中文英文的其他语言，如日文，俄语，有可能是用户输错，但未有相关提示,45,40,1
Slife,Slife,10010000011209,10010000011209,share.page_view.wrong_value,share.page_view.wrong_value,将运动结果通过微信朋友圈分享是，发送失败，通过Facebook分享时，一直停留在加载界面。,45,41,1
Slife,Slife,10010000011658,10010000011658,step_count.step.other,step_count.step.other,用户设定目标时，仅仅靠简单的体重身高设定目标步数，不是很合理，应该加上一天食物的能量消耗。,45,41,1
Slife,Slife,10010000010968,10010000010968,step_count.step.no_prompt,step_count.step.no_prompt,在运动是当走了相应的步数后，会发现，此APP只是提示了步数，并没有提示消耗的卡路里为多少。,45,41,1
Slife,Slife,10010000011521,10010000011521,settings.other.other,settings.other.other,在操作步骤5的时候，设定目标的时候不够明确。,22,20,0
Slife,Slife,10010000010124,10010000010124,other.other.other,other.other.other,应用软件内存极大，手机运行内存小的用户在后期手机存储满的情况下，习惯卸载此类内存较大的应用,45,43,0
Slife,Slife,10010000010810,10010000010810,step_count.step.other,step_count.step.other,修改身高体重等信息后，应用的统计方法不变，行走步数，消耗卡路里不随用户信息改变转换运算方法,45,42,1
Slife,Slife,10010000010937,10010000010937,run_walk.step.other,run_walk.step.other,当携带该应用软件进行运动时，实际运动距离仅为30米左右，而显示的运动路径范围过大，不准确。,45,41,1
Slife,Slife,10010000011015,10010000011015,run_walk.page_view.other,run_walk.page_view.other,"运动之后活动趋势页面里只能看到步行数和卡路里，而活动时间,活动距离都是0，没有相应的改变。",45,41,1
Slife,Slife,10010000010349,10010000010349,share.share_panel.other,share.share_panel.other,当进行分享时，首先出现的是“截屏中...”，但被分享者收到的只是应用的链接，没有相关的截屏。,46,37,1
Slife,Slife,10010000010424,10010000010424,other.other.cannot_or_fail,other.other.cannot_or_fail,计数:在计数的时候偶尔发生，停顿。无法时时刻刻的连续奇数。它会从一个数，突然增到另外一个数。,46,40,0
Slife,Slife,10010000010260,10010000010260,step_count.step.other,step_count.step.other,在经过一段时间的走动后，只有步数发生了变化，而距离(米数)，燃烧，时间等数值均没有发生变化。,46,39,0
Slife,Slife,10010000011637,10010000011637,step_count.step.wrong_value,step_count.step.wrong_value,走路时，步数增长不是很及时，有时候还可以，走一步就更新一步，有时候就要等一段时间才出现更新。,46,41,0
Slife,Slife,10010000011722,10010000011722,other.button_icon.other,other.button_icon.other,主界面过于单一，框架层只有几个单调的按钮，主页面几乎没有按钮，使得用户不知道在哪里进行选择。,46,42,1
Slife,Slife,10010000010288,10010000010288,share.button_icon.other,share.button_icon.other,当选择分享到微博的时候，会出现微博 和该app绑定的界面，可是点击“确定按钮”，没有一点反应,46,40,1
Slife,Slife,10010000011526,10010000011526,share.share_panel.other,share.share_panel.other,用户手机本身有安装私生活app时，点击分享内容建议直接转到本机app呈现，而不是在浏览器呈现,46,44,1
Slife,Slife,10010000010550,10010000010550,share.button_icon.other,share.button_icon.other,短信形式分享功能的图标名称“信息”应改为“短信”，在国内的安卓系统中短信功能常命名为“短信”,46,39,1
Slife,Slife,10010000011634,10010000011634,share.button_icon.cannot_share,share.button_icon.cannot_share,分享时，直接点击图标后只能分享软件，而无法分享步数等信息，只有通过点击更多按钮才能正确分享。,46,42,1
Slife,Slife,10010000007438,10010000007438,register.other.other,register.other.other,注册时，密码的位数没有进行控制，输入一位也能注册成功。请限制密码为6,34,31,1
Slife,Slife,10010000007462,10010000007462,register.other.other,register.other.other,注册帐号时无验证措施，随便输入一个邮箱，输入密码即可注册成功，安全性能很低，建议增加注册验证。,47,42,1
Slife,Slife,10010000011231,10010000011231,share.share_panel.other,share.share_panel.other,当进行分享时，正常的app会提示相关操作。而slife直接已很隐蔽的形式未征求用户同意下就截屏,47,45,1
Slife,Slife,10010000010884,10010000010884,run_walk.step.other,run_walk.step.other,建议将状态信息按照时间的顺序倒序排列，即时间最新的排在最前方，把最新的运动信息显示在第一个位置,47,45,1
Slife,Slife,10010000011333,10010000011333,step_count.step.freeze,step_count.step.freeze,用户在走路时软件有时不能立即来时记步数，存在一定的延迟时间，开始记步数时也就会差生一定的误差。,47,44,1
Slife,Slife,10010000011219,10010000011219,run_walk.page_view.other,run_walk.page_view.other,软件对于运动不敏感。我从8楼下到1楼且走远几十米。但是在首页的距离上没有体现，仍然是距离0米。,47,43,1
Slife,Slife,10010000010718,10010000010718,other.other.other,other.other.other,在应用进行后天运行时，此APP占内比较大，相对于用户其他软件所占内存大，使用户的手机性能降低。,47,43,1
Slife,Slife,10010000010091,10010000010091,settings.other.cannot_or_fail,settings.other.cannot_or_fail,"设定目标:制定目标的时候只能滑动滑块儿而无法让用户手动输入,在滑动的过程中容易导致精确度不够。",47,44,1
Slife,Slife,10010000011374,10010000011374,gps_track.list_item.other,gps_track.list_item.other,定位误差太大，我只是在宿舍内来回走动，摇晃手机，但其记录的路径显示我穿过了街道，走了很远距离。,47,42,1
Slife,Slife,10010000011114,10010000011114,share.chat.other,share.chat.other,将我的运动情况分享给qq好友时，进行截图，但是在qq上看到的用户分享的却是该app应用的推荐。,47,44,1
Slife,Slife,10010000010340,10010000010340,share.share_panel.crash,share.share_panel.crash,当选择分享到朋友圈的时候 ，会直接闪退，然后提示“发.送失败，请重试”（重复了十几次次次如此）,47,38,1
Slife,Slife,10010000011068,10010000011068,step_count.list_item.wrong_value,step_count.list_item.wrong_value,步数计算不准确，有记录步数严重少于实际步数的情况。也有不步行，只是甩手步数就会快速上升的情况。,47,43,1
Slife,Slife,10010000010279,10010000010279,share.share_panel.cannot_share,share.share_panel.cannot_share,在进行分享运动结果的测试时，发现在QQ上能正常进行分享，而分享到朋友圈的时候，就提示分享失败。,47,43,1
Slife,Slife,10010000010312,10010000010312,share.share_panel.cannot_send,share.share_panel.cannot_send,在用户未登陆时，当将运动情况通过微信分享到朋友圈时，发送失败。而其他应用如qq则能够分享成功。,47,43,1
Slife,Slife,10010000010528,10010000010528,share.image_banner.cannot_or_fail,share.image_banner.cannot_or_fail,进行操作3选择分享到微信时，若分享给好友则只会显示一条图片名字的信息，不能显示图片具体的内容。,47,44,1
Slife,Slife,10010000011664,10010000011664,share.page_view.other,share.page_view.other,分享到社交平台界面，如果分享到微信平台，却只显示分享到朋友圈的功能，没有显示分享给朋友的功能。,47,43,1
Slife,Slife,10010000010939,10010000010939,other.other.other,other.other.other,活动趋势,4,4,1
Slife,Slife,10010000010923,10010000010923,step_count.step.freeze,step_count.step.freeze,当开始运动，步数能够统计上时，其他统计并不能同步统计，有延迟，并且下方的状态显示一直显示停留。,47,42,1
Slife,Slife,10010000010742,10010000010742,login.other.other,login.other.other,在不登录的情况下，依旧可以使用各种功能。,20,18,1
Slife,Slife,10010000010904,10010000010904,step_count.step.other,step_count.step.other,运动过程中，只有步数变化。,13,11,1
Slife,Slife,10010000010880,10010000010880,share.chat.no_prompt,share.chat.no_prompt,坚果手机分享到QQ后提示返回私生活，分享微信好友时提示返回第三方平台，分享到朋友圈无提示返回。,47,44,1
Slife,Slife,10010000011042,10010000011042,step_count.step.other,step_count.step.other,活动趋势里面只显示步数，卡路里、活动时间、活动距离、最长活动时间、最长活动距离显示异常，都为0,47,41,1
Slife,Slife,10010000011377,10010000011377,run_walk.other.freeze,run_walk.other.freeze,运动数据不会实时更新，会延迟0.5秒左右且数据与实际运动情况稍有不符。走路数据不实情况比较严重,47,44,1
Slife,Slife,10010000011516,10010000011516,share.share_panel.cannot_share,share.share_panel.cannot_share,在运动结果分享的过程中，1、点击QQ分享，分享失败，没有任何提示 2、选择微信分享时、分享失败,47,40,1
Slife,Slife,10010000007473,10010000007473,other.other.other,other.other.other,注销:当我点击注销安扭时，没对用户的操作进行确认，用户可能误点注销安扭了，但是软件却直接注销掉。,48,43,1
Slife,Slife,10010000007550,10010000007550,settings.page_view.other,settings.page_view.other,在设置中查看隐私协议，只有英文的篇章，却没有中文，如果是不懂英文的用户使用，会严重影响用户体验。,48,43,1
Slife,Slife,10010000007531,10010000007531,settings.slider.other,settings.slider.other,当用户拖动表情调节卡路里值时，表情下方的标度三角形不跟随表情移动，总是位于中间位置，视觉效果差。,48,44,1
Slife,Slife,10010000010108,10010000010108,step_count.step.other,step_count.step.other,运动步数没有实时性和准确性，如图3直接从42步跳到图2 51步，并且在此期间走的步数不止9步，。,48,43,1
Slife,Slife,10010000011253,10010000011253,share.button_icon.other,share.button_icon.other,当我点击分享的其他按钮时，竟然首先自动截屏。而且等了好一会儿才出现系统自带的分享到其他平台的按钮,48,46,1
Slife,Slife,10010000010771,10010000010771,run_walk.step.cannot_or_fail,run_walk.step.cannot_or_fail,在活动趋势中，并没有很好的把用户所运动的时间距离及时的体现，使用户不能及时的发现现在所运动的状况,48,46,1
Slife,Slife,10010000010911,10010000010911,share.share_panel.cannot_share,share.share_panel.cannot_share,分享到 朋友圈，facebook都失败，Twitter是未连接，微博是文件不存在（c8998）。,48,41,1
Slife,Slife,10010000010203,10010000010203,settings.other.cannot_or_fail,settings.other.cannot_or_fail,在设定目标的时候，体重，身高，出生日期，只能滑动尺子，不能够直接输入值，而且没有小数，全是整数。,48,40,1
Slife,Slife,10010000011027,10010000011027,step_count.step.other,step_count.step.other,进行模拟骑自行车测试时，步数会出现显示，但是距离上面没有显示出来。过一会才会显示，UI更新缓慢。,48,43,1
Slife,Slife,10010000011434,10010000011434,share.button_icon.other,share.button_icon.other,主页面下拉，在分享列表的上方出现“活动汇总”、“活动详细”两个按钮，这两个按钮按下后没有任何功能,48,41,1
Slife,Slife,10010000010460,10010000010460,run_walk.page_view.other,run_walk.page_view.other,由于用户在设置中关了私生活，但在关闭时及步行统计界面等都没提示，导致用户不知情的情况下无数据累计,48,46,1
Slife,Slife,10010000010793,10010000010793,step_count.list_item.other,step_count.list_item.other,跑步数据记录不准确，实时性差。坐着摇晃手机数据会变化，数据会大幅度跳跃变化，比如从24跳到35等,48,44,1
Slife,Slife,10010000010598,10010000010598,step_count.step.wrong_value,step_count.step.wrong_value,私生活作为一款计步软件，计步器不灵敏，用户在行走了一段距离并没有实时的计步，而是一下子增长很多步,48,45,1
Slife,Slife,10010000011251,10010000011251,share.button_icon.cannot_send,share.button_icon.cannot_send,当完成运动目标后，选择分享到社交平台，无法使用提供的朋友圈图标按钮分享到微信朋友圈，显示发送失败,48,45,1
Slife,Slife,10010000010689,10010000010689,settings.page_view.other,settings.page_view.other,在设置身高数据时，默认出现显示是5.96m，但刻度尺上表示的是2.3m。用户体验差，必现，严重。,48,40,1
Slife,Slife,10010000011030,10010000011030,step_count.button_icon.other,step_count.button_icon.other,当用户查看步数后，在查看其他的各项，如果用户处于运动状态，则圆形图标一直上下浮动，视觉效果不好。,48,43,1
Slife,Slife,10010000010717,10010000010717,run_walk.page_view.other,run_walk.page_view.other,用户打开主界面，查看运动时间计算,16,15,1
Slife,Slife,10010000010772,10010000010772,settings.other.other,settings.other.other,在设定目标时，当仅有日常强度不一样时，系统给的建议目标是一样的，这个应该是不合理的，应该不一样的,48,44,1
Slife,Slife,10010000010954,10010000010954,run_walk.list_item.cannot_or_fail,run_walk.list_item.cannot_or_fail,步行记录不能及时更新，有时需要等一段时间才能更新步行记录，有时可以及时更新，这会造成用户体验不好,48,45,1
Slife,Slife,10010000011571,10010000011571,run_walk.other.other,run_walk.other.other,步行，跑步，自行车，交通工具统计的路径不够准确，实际上的路径并没有像app统计的路径跨度那么大。,48,43,1
Slife,Slife,10010000011376,10010000011376,other.page_view.cannot_or_fail,other.page_view.cannot_or_fail,点击骑行，进入骑行具体页面后，对屏幕进行截屏操作，返回骑行具体界面后显示大量空白，页面刷新失败。,48,43,1
Slife,Slife,10010000007557,10010000007557,register.other.wrong_value,register.other.wrong_value,"注册时输入格式不对的邮箱地址,未提示邮箱地址错误,要等到点击注册后才提示邮箱地址错误,用户体验不佳",49,46,1
Slife,Slife,10010000011386,10010000011386,run_walk.step.other,run_walk.step.other,同样是不行，16:14后既显示了运动时间，又显示运动距离和消耗能量。但16:57后却只显示运动时间,49,44,0
Slife,Slife,10010000010633,10010000010633,gps_track.list_item.other,gps_track.list_item.other,GPS定位不准确，同时内置高德地图上显示的记录的路径不准确，测试地点未发生变化但记录的路径已变化。,49,46,1
Slife,Slife,10010000011547,10010000011547,other.other.other,other.other.other,查看后台运行时，内存占用情况，内存占用并无明显变化，而且要是移至后台运行，在运行软件中找不到此应用,49,45,1
Slife,Slife,10010000009870,10010000009870,step_count.step.cannot_or_fail,step_count.step.cannot_or_fail,在进入设定目标时，只展现了每天的步行步数目标，而没有其他信息，使用户无法直接了解到设定的目标信息。,49,45,1
Slife,Slife,10010000010325,10010000010325,run_walk.page_view.other,run_walk.page_view.other,"设置运动目标时,所设定的参数范围给定的不是很合理,特别是运动目标量的给定,太多,用户没法自主设定。",49,44,1
Slife,Slife,10010000010034,10010000010034,register.page_view.wrong_value,register.page_view.wrong_value,在注册页面中没有第二次验证密码，这样可能导致，用户输入密码是错误而是用户无法登录，而且密码不可视。,49,45,1
Slife,Slife,10010000011187,10010000011187,share.button_icon.other,share.button_icon.other,在分享之后，点击留在QQ，发现私生活的图标界面之下就是QQ界面，没有完全退出一个应用进入一个应用。,49,45,1
Slife,Slife,10010000010579,10010000010579,step_count.list_item.other,step_count.list_item.other,在没有运动的情况下，仅仅只是用手拿着手机进行上下震动，和甩手机的动作，该款app就记录了步数和距离,49,46,1
Slife,Slife,10010000011242,10010000011242,share.share_panel.other,share.share_panel.other,在操作步骤9时，点击分享到朋友圈，无任何响应。,23,20,1
Slife,Slife,10010000010186,10010000010186,other.button_icon.other,other.button_icon.other,在首次进入app时，欢迎页没有直接提示进入app的按钮而是通过跳过来提示进入app，用户体验不好。,49,46,1
Slife,Slife,10010000010451,10010000010451,login.other.other,login.other.other,如图1，登录账号后将头像改为自定义的头像。注销账号后重新登录该账号，头像又变回了默认头像，如图2.,49,44,1
Slife,Slife,10010000011488,10010000011488,share.list_item.cannot_share,share.list_item.cannot_share,如图：在分享列表中，只能将运动数据分享给其他的应用程序，而无法分享给本应用内的好友。用户体验较差。,49,44,1
Slife,Slife,10010000011562,10010000011562,step_count.other.other,step_count.other.other,没有自行车，跑步，交通工具，神游等运动方式的选择，运动方式比较单一，和传统计步软件相比没有什么优势,49,44,1
Slife,Slife,10010000010525,10010000010525,login.page_view.cannot_or_fail,login.page_view.cannot_or_fail,修改密码时，无法识别空格，比如设置密码为1空格 显示修改成功，但是登录时还是只能输入1才能登录成功,49,45,1
Slife,Slife,10010000010769,10010000010769,share.share_panel.cannot_or_fail,share.share_panel.cannot_or_fail,在分享功能中，点击朋友圈和微博等应用后，无法成功分享。但在点击更多之后，点击微信发送，则可以发送。,49,43,1
Slife,Slife,10010000011049,10010000011049,other.other.other,other.other.other,分别对开启节电模式和不开启节电模式的耗电量进行观察，发现两个模式下的耗电速度几乎一样，没什么变化。,49,46,0
Slife,Slife,10010000010434,10010000010434,share.button_icon.load_fail,share.button_icon.load_fail,选择分享到社交平台里的更多按钮时，有时会无法打开相应界面，而是显示SDCard not found,49,45,1
Slife,Slife,10010000010790,10010000010790,other.button_icon.other,other.button_icon.other,单击首页右上角的按钮，选择好友，出现“请稍等...”，需要等待很久后才能进入好友界面，用户体验不好,49,40,1
Slife,Slife,10010000010627,10010000010627,login.chat.cannot_or_fail,login.chat.cannot_or_fail,没有登录成功的用户不能进行分享，而应该弹出提示消息，请登录。但直接弹出提示框，直接分享到社交平台。,49,44,1
Slife,Slife,10010000011237,10010000011237,other.other.other,other.other.other,该app不支持在1930年之前或者2010年之后出生的人（即年龄在86岁以上或者6岁以下的人）使用,49,47,1
Slife,Slife,10010000007545,10010000007545,other.page_view.other,other.page_view.other,在活动趋势图页面，分别点击月周日下面的竖条框，会直接退回到上一个页面，也就是主页面。是不正常的退出。,50,45,1
Slife,Slife,10010000007532,10010000007532,other.page_view.other,other.page_view.other,当处于图示位置时，按照习惯，当点击左下方空白处，页面应该复位，但是没有，必须点击右侧的页面才能复位。,50,44,1
Slife,Slife,10010000010997,10010000010997,step_count.page_view.other,step_count.page_view.other,活动趋势界面，不管运动情况如何，活动时间，活动距离，最长活动时间，最长活动距离都是0，只显示运动步数,50,44,1
Slife,Slife,10010000011344,10010000011344,share.share_panel.other,share.share_panel.other,通过分享通道分享的是用户的运动信息，但是打开链接之后不是用户的运动信息！而是一个提供下载应用的链接！,50,47,1
Slife,Slife,10010000010760,10010000010760,message_send.list_item.other,message_send.list_item.other,"运动目标设定后,记录数据期间,没有主动的提示消息,用户可能会忘记运动目标。需要用户主动去查看才知道。",50,45,1
Slife,Slife,10010000010197,10010000010197,settings.other.cannot_or_fail,settings.other.cannot_or_fail,设定目标:在选择出生日期时，不能超过2010年，而2010年后出生的人也需要锻炼，功能不能满足一些人,50,46,1
Slife,Slife,10010000011109,10010000011109,share.button_icon.cannot_or_fail,share.button_icon.cannot_or_fail,分享按钮只能qq分享，微信分享不出去，微博也不能登陆。其中微博切换账号登陆也不行。注:不是网络问题。,50,44,1
Slife,Slife,10010000011513,10010000011513,share.button_icon.other,share.button_icon.other,分享界面点击更多，APP直接截屏并跳到qq发送信息界面。令用户不明所以，且更多按钮功能没有给出说明。,50,46,1
Slife,Slife,10010000010109,10010000010109,login.page_view.other,login.page_view.other,在未登录的情况下，设置了目标后，来回走动，有时候计步器会增加，有时候（步速较慢的情况下）好久都不增加,50,44,1
Slife,Slife,10010000010545,10010000010545,other.chat.other,other.chat.other,好友添加功能不完整,9,9,1
Slife,Slife,10010000010352,10010000010352,share.button_icon.cannot_share,share.button_icon.cannot_share,当操作3直接选择分享到朋友圈的图标时，提示分享失败，但若通过选择更多,34,32,1
Slife,Slife,10010000010557,10010000010557,run_walk.list_item.other,run_walk.list_item.other,当用户步行行进时，走一步，应用却记录了2步,21,19,1
Slife,Slife,10010000010767,10010000010767,run_walk.page_view.other,run_walk.page_view.other,在显示运动过程的界面。没有详细到运动速率以及具体的运动过程，而且界面也做的不太美观。影响了用户的体验,50,47,1
Slife,Slife,10010000011617,10010000011617,step_count.step.freeze,step_count.step.freeze,通过与统计算法的比较发现，步数的变化有卡顿延迟。统计步数的方式太轻率，轻微的摇晃摆动都会被记成步数。,50,46,1
Slife,Slife,10010000010932,10010000010932,share.page_view.other,share.page_view.other,将运动数据通过链接分享至facebook（手机中未安装），软件为给出提示。一直处于一个界面，见截图。,50,44,1
Slife,Slife,10010000007522,10010000007522,register.page_view.wrong_value,register.page_view.wrong_value,注册页面没有信息填写标准格式提示，等填写完毕才会提示格式错误，不利于用户注册使用，增加了不必要的麻烦。,51,47,1
Slife,Slife,10010000011334,10010000011334,other.step.wrong_value,other.step.wrong_value,没有关闭软件，但它却检测到应用关闭。而且，时间是16.26～16.57。并错误计算出2分钟多的关闭时间,51,44,1
Slife,Slife,10010000010759,10010000010759,other.page_view.other,other.page_view.other,首页页面下拉，出现活动汇总和活动详细页面，点击活动汇总和活动详细页面显示的页面一样，没有任何不同的提示,51,48,1
Slife,Slife,10010000010036,10010000010036,share.share_panel.cannot_share,share.share_panel.cannot_share,将即时运动成果分享到第三方平台时，分享至微博出现文件不存在的提示，无法分享。分享至朋友圈时，无法分享。,51,46,1
Slife,Slife,10010000011017,10010000011017,step_count.list_item.cannot_or_fail,step_count.list_item.cannot_or_fail,进行跑步测试的时，跑步与步行无法识别。并且记录步数不准确，建议更新算法。相关计算的卡路里也计算不准确。,51,46,1
Slife,Slife,10010000011210,10010000011210,step_count.step.other,step_count.step.other,"通过室内跑步，步数在增加时，其他的""距离、时间、卡路里""都没有变化，仍然是0，影响用户使用，性能较差。",51,41,1
Slife,Slife,10010000010165,10010000010165,other.other.layout_issue,other.other.layout_issue,当用户选择身高、体重、年龄等个人信息时，虽然都是四舍五入，但刻度线并没有自动和标尺对齐，视觉效果不好。,51,45,1
Slife,Slife,10010000010258,10010000010258,step_count.page_view.other,step_count.page_view.other,步骤:1.设定运动目标后，在首页查看步数,20,17,1
Slife,Slife,10010000010667,10010000010667,other.other.other,other.other.other,选择用户是2010年出生 到现在也就6岁 而还提示用户选他的劳动强度 这完全与实际生活不符 用户体验差,51,47,1
Slife,Slife,10010000010802,10010000010802,step_count.step.other,step_count.step.other,手机震动步数也会增加,10,10,1
Slife,Slife,10010000011269,10010000011269,step_count.list_item.wrong_value,step_count.list_item.wrong_value,在软件开启的条件下，拿着手机进行运动并记录运动数据，但是只能记录步数，运动距离，时间，燃烧等值均为0.,51,45,1
Slife,Slife,10010000011451,10010000011451,other.other.freeze,other.other.freeze,应用在后台运行时占用内存还是较大，对于我手机内存较小的用户来说，在使用其他软件时就会有卡顿的情况发生。,51,48,1
Slife,Slife,10010000010590,10010000010590,other.other.other,other.other.other,活动趋势,4,4,1
Slife,Slife,10010000010581,10010000010581,run_walk.other.other,run_walk.other.other,设定目标时，在性别、出生年、日常活动前度相同的情况下，身高和体重相差较大时目标的步行数和卡路数没有改变,51,47,1
Slife,Slife,10010000011105,10010000011105,share.chat.other,share.chat.other,邮件分享和QQ分享将活动汇总和活动详细分享给好友的时候不是自己的运动信息，而是一个关于APP介绍的链接,51,50,1
Slife,Slife,10010000011179,10010000011179,step_count.step.other,step_count.step.other,在观察数据变化和实际步数时发现：,16,15,1
Slife,Slife,10010000011346,10010000011346,share.share_panel.cannot_send,share.share_panel.cannot_send,分享到朋友圈应该要成功进入朋友圈分享平台，但结果却弹出提示信息：发送失败，请重试。。。这与功能需求不符,51,45,1
Slife,Slife,10010000007543,10010000007543,register.share_panel.other,register.share_panel.other,点击微博分享，没有微博帐号要注册，点击注册后会一直转圈，时间比较长，多次试验，仍然是这样，影响用户体验。,52,45,1
Slife,Slife,10010000010031,10010000010031,run_walk.step.other,run_walk.step.other,"无论日常活动强度选择哪个，只要性别,体重,身高,年龄一样，步行和卡路里目标都是一样的。设定的目标不合理。",52,45,1
Slife,Slife,10010000010513,10010000010513,settings.page_view.other,settings.page_view.other,在手机自带设置中，查看到应用管理器，查看app占用的手机内存，发现占用内存过大，导致其他软件运行不流畅。,52,47,0
Slife,Slife,10010000011504,10010000011504,step_count.page_view.cannot_or_fail,step_count.page_view.cannot_or_fail,步数范围设置不合理，最少和做多的步数不能满足各类人群的需求，不适应于所有人群。最大值和最小值的区间过小。,52,48,1
Slife,Slife,10010000010748,10010000010748,other.other.other,other.other.other,活动趋势,4,4,1
Slife,Slife,10010000010543,10010000010543,share.share_panel.other,share.share_panel.other,将排行榜分享到微博报错,11,11,1
Slife,Slife,10010000011404,10010000011404,login.share_panel.cannot_or_fail,login.share_panel.cannot_or_fail,在反复检查微信的登录情况并确保微信正常登录运行的状况下，系统总是无法在微信朋友圈分享，而QQ则不存在问题,52,50,1
Slife,Slife,10010000011447,10010000011447,login.share_panel.cannot_or_fail,login.share_panel.cannot_or_fail,在反复检查微信的登录情况并确保微信正常登录运行的状况下，系统总是无法在微信朋友圈分享，而QQ则不存在问题,52,50,1
Slife,Slife,10010000010800,10010000010800,share.share_panel.cannot_share,share.share_panel.cannot_share,点击社交平台分享时，反应迟钝，卡(网络状况良好)，用QQ分享时偶尔失败，用其他的分享失败，显示上传失败。,52,44,1
Slife,Slife,10010000010999,10010000010999,share.image_banner.other,share.image_banner.other,“活动汇总”和“活动详细”两个选项点开后没有区别，点了后“分享到社交平台”也没变，分享内容也一样是广告。,52,43,1
Slife,Slife,10010000011161,10010000011161,share.share_panel.other,share.share_panel.other,分享到第三方应用时，有的没有安装的应用跳转到网页端，有的就不跳转，有的跳转回来会反馈分享结果，有的不反馈,52,48,1
Slife,Slife,10010000007440,10010000007440,settings.page_view.other,settings.page_view.other,使用相机进行换头像的操作的时候，第二次照相的时候，照的照片不会设置成头像，并且进入app会直接闪到照相机。,53,49,1
Slife,Slife,10010000007469,10010000007469,register.other.other,register.other.other,注册:未提供邮箱验证或者手机验证，其他人可以随便输入一个邮箱号来注册，这会导致有人恶意使用他人邮箱疯狂注册,53,50,1
Slife,Slife,10010000007529,10010000007529,other.page_view.other,other.page_view.other,当处于当前页面时，点击任意一个性别头像，都会出现头像跟脖子二者透明度不同，脱节严重，较为明显，视觉效果差。,53,47,1
Slife,Slife,10010000010235,10010000010235,other.step.other,other.step.other,测试slife的内存使用情况，随时间增加Slife占用内存会逐步增加。我的手机上运行17分钟为90M左右。,53,50,0
Slife,Slife,10010000010814,10010000010814,share.chat.cannot_share,share.chat.cannot_share,"分享今日运动的数据,分享给QQ好友后变成分享应用的主页,而不是今日运动的数据。无法分享至朋友圈，直接报错。",53,48,1
Slife,Slife,10010000011293,10010000011293,share.page_view.cannot_or_fail,share.page_view.cannot_or_fail,长按停留，然后轻轻将手指轻轻向下滑离屏幕，但不能将分享页面拖出，会出现一块背景色，不进行其他操作不会消失。,53,48,1
Slife,Slife,10010000011615,10010000011615,share.button_icon.other,share.button_icon.other,在这个分享页面中，如果你想退出不分享了，这能按返回键。没有其他方式退出。比如：点击屏幕上的灰暗处即可退出。,53,47,1
Slife,Slife,10010000011176,10010000011176,share.share_panel.other,share.share_panel.other,点击右上角分享，出现“分享到社交平台”提示框，点击更多，又会在屏幕下方出现“分享方式”，又有“更多”选项。,53,42,1
Slife,Slife,10010000011505,10010000011505,other.other.other,other.other.other,此时关闭网络。,7,6,1
Slife,Slife,10010000010722,10010000010722,run_walk.page_view.cannot_or_fail,run_walk.page_view.cannot_or_fail,运动主页面的运动状态不能及时更新，当运动状态由停留变为步行且运动一定距离后时，主页面显示的状态仍然是停留。,53,50,1
Slife,Slife,10010000011125,10010000011125,step_count.step.wrong_value,step_count.step.wrong_value,正常步行时，不更新步数,11,10,1
Slife,Slife,10010000011607,10010000011607,share.page_view.other,share.page_view.other,用户在首页下拉出分享列表，出现活动汇总和活动详细两个分列表，但是两个列表所包含的内容是一样的，造成了冗余。,53,49,1
Slife,Slife,10010000007551,10010000007551,other.page_view.other,other.page_view.other,首页过于简单，整个app都看起来过于简单，很多功能都没有实现，整体色调也比较单调，总体来说比较影响用户体验。,54,49,1
Slife,Slife,10010000010735,10010000010735,run_walk.step.wrong_value,run_walk.step.wrong_value,运动结果经过一段时间后会出错。一开始我是“17步，7米，0.5卡路里”，后来变成“17步，0米，0卡路里”。,54,42,1
Slife,Slife,10010000010857,10010000010857,share.page_view.wrong_value,share.page_view.wrong_value,打开对运动结果的分享，不管手机是否下载过app，显示都是下载界面。对于已经下载的用户，不会自动跳转到app.,54,49,1
Slife,Slife,10010000010824,10010000010824,settings.other.other,settings.other.other,设计目标是设计不同属性值点击完成数值无变化，只有触碰一下才有变化。无规律出现，有的时候时有变化的（无需点触）,54,49,0
Slife,Slife,10010000010455,10010000010455,run_walk.page_view.cannot_or_fail,run_walk.page_view.cannot_or_fail,在应用设置中设置省电模式，查看运动主页状态，不能及时显示出省电模式的信息，大概一分钟以后才出现省电模式的信息,54,51,1
Slife,Slife,10010000011035,10010000011035,other.page_view.cannot_or_fail,other.page_view.cannot_or_fail,"活动汇总"", ""活动详细""两功能无法根据字面意思推断用途,而且两个功能均未完成, 分别点击时页面没有切换.",53,44,1
Slife,Slife,10010000011432,10010000011432,share.page_view.cannot_send,share.page_view.cannot_send,"分享运动结果:网络情况正常，微信正常，分享运动结果到微信朋友圈，跳回应用界面并显示 """"发送失败请重试""。",53,44,1
Slife,Slife,10010000010813,10010000010813,settings.page_view.other,settings.page_view.other,点击设置，选择最下面的“兼容性测试”，根据提示步骤完成操作,29,25,1
Slife,Slife,10010000011022,10010000011022,share.share_panel.other,share.share_panel.other,分享时，使用facebook不提示未安装，一直loading,30,28,1
Slife,Slife,10010000010961,10010000010961,step_count.list_item.other,step_count.list_item.other,记录步数与实际步数不一致，且相差较大,18,17,1
Slife,Slife,10010000010995,10010000010995,share.share_panel.cannot_or_fail,share.share_panel.cannot_or_fail,"在选择""更多""时，会通过截屏发送的方式分享，但是用户并不知道这种形式。""更多""这两个字不能使用户知道该功能。",54,46,1
Slife,Slife,10010000011363,10010000011363,run_walk.list_item.freeze,run_walk.list_item.freeze,app在记录数据时有延迟，当运动产生数据后，app数据的改变不是瞬时的，而是需要等待一段时间。这个无法截图。,54,49,1
Slife,Slife,10010000011427,10010000011427,share.button_icon.other,share.button_icon.other,点击分享之后，会出现更多按钮，用”更多”可以分享运动首页的截图。但是直接选择分享只会分享软件的下载链接。,52,46,1
Slife,Slife,10010000011747,10010000011747,run_walk.page_view.other,run_walk.page_view.other,在目标设置完成后，点击完成，进行运动。程序程序下栏显示应用已关闭，但应用并没关闭，过几十秒后便显示了步行时间,54,49,1
Slife,Slife,10010000007579,10010000007579,login.page_view.other,login.page_view.other,"在未登录状态下,在侧边栏点击设定目标,可以进行设定,并没有跳转到登录界面,而未登录状态下的目标设定是没有意义的",55,51,1
Slife,Slife,10010000011464,10010000011464,step_count.page_view.other,step_count.page_view.other,第一步：进入应用的跑步数据界面,15,14,1
Slife,Slife,10010000010746,10010000010746,share.share_panel.cannot_share,share.share_panel.cannot_share,在分享时，直接采用其所给分享方式分享时，部分分享失败，例如:微信朋友圈。但更多里的对应分享方式都可以成功分享。,55,49,1
Slife,Slife,10010000010234,10010000010234,step_count.step.other,step_count.step.other,在走动中，步数，距离，时间，卡路里反复刷新，仍然为一个数值，当停下来的时候，才进行了点击操作，更新为新的数据？,55,46,1
Slife,Slife,10010000011271,10010000011271,share.share_panel.cannot_share,share.share_panel.cannot_share,在使用HTC ONE 分享时直接点击分享到朋友圈，会提示分享失败，但通过分享到其他，再点朋友圈时可以分享成功。,55,49,1
Slife,Slife,10010000010166,10010000010166,step_count.step.other,step_count.step.other,时效性：在运动的步数和对应的步数不等，比如我在运动走5步，到它没有任何改变，还有就是不运动，狂摇它会猛涨步数。,55,49,1
Slife,Slife,10010000011589,10010000011589,other.other.other,other.other.other,私生活app耗电性能不好，太耗电了。从图上可以看到，私生活比QQ的耗电占用率还要大，达到了2.4%，有待优化。,55,47,1
Slife,Slife,10010000010539,10010000010539,share.page_view.other,share.page_view.other,分享到QQ里面的内容，点开是广告，并没有显示出我的相关信息，只有没点开的时候首页那个小界面显示的是我的相关信息,55,52,1
Slife,Slife,10010000010437,10010000010437,share.button_icon.load_fail,share.button_icon.load_fail,在首页点击步行那个按钮，进入高德地图界面，点击右上角的分享，分享后返回APP，地图界面不能正常显示，加载不出来,55,50,1
Slife,Slife,10010000011409,10010000011409,run_walk.page_view.wrong_value,run_walk.page_view.wrong_value,显示的省电模式的信息不正确，刚设置为省电模式，运动主页的省电模式的信息显示”3分钟3秒“，时间完全与实际不符。,55,49,1
Slife,Slife,10010000010546,10010000010546,register.button_icon.layout_issue,register.button_icon.layout_issue,右侧菜单栏的宽度过大。主要原因在于登录注册按钮的宽度过大，与整体主界面占比不恰当。影响页面布局美观和用户体验。,55,51,1
Slife,Slife,10010000011338,10010000011338,share.page_view.other,share.page_view.other,复现步骤:短信分享会显示文字和链接，链接会跳转到应用市场的下载app页面,36,34,1
Slife,Slife,10010000010768,10010000010768,run_walk.step.cannot_or_fail,run_walk.step.cannot_or_fail,当用户步行或跑步的等方式运动一段时间后停止，必须要用户自己切换成停留模式，不能自动感应，不计算入运动时间里面。,55,51,1
Slife,Slife,10010000011636,10010000011636,share.share_panel.other,share.share_panel.other,网络正常，未安装Facebook客户端，分享到Facebook一直在加载中，响应时间很长，屏幕样式颜色还会改变,55,51,1
Slife,Slife,10010000011268,10010000011268,other.other.cannot_or_fail,other.other.cannot_or_fail,软件在低电量下自动在未经过用户允许的情况下进入省电模式，且当用户充满电后不会退出省电模式，且无法关闭省电模式！,55,52,1
Slife,Slife,10010000011789,10010000011789,settings.other.other,settings.other.other,在设定目标时，在其他条件（性别、体重、身高、出生年份）都相同的条件下，日常活动强度不同时设定的目标竟然是相同的,55,48,1
Slife,Slife,10010000007472,10010000007472,register.input_box.other,register.input_box.other,注册:没有确认密码的输入框，在用户不小心多按了一个字符后都不知道，却仍然可以注册成功，之后用户就不知道正确密码了,56,52,1
Slife,Slife,10010000007775,10010000007775,other.other.other,other.other.other,修改密码的时候如果输入的新密码与原始密码相同的话，给出的提示应该为:与原密码相同，但是实际给出的提示是:密码不同,56,52,1
Slife,Slife,10010000010962,10010000010962,share.page_view.no_prompt,share.page_view.no_prompt,在分享页面中选择facebook，没有提示无法连接或者没有安装facebook，而是一直处在Loading状态！,56,53,1
Slife,Slife,10010000009968,10010000009968,login.list_item.other,login.list_item.other,刚打开应用，未登录，未进行运动情况下，应用记步功能出现步数上涨迅速现象。截图是 前后时间差在一分钟以内的记录。,55,49,1
Slife,Slife,10010000010140,10010000010140,run_walk.page_view.other,run_walk.page_view.other,用户在进行运动量设置的时候，完全凭借自己的想法进行设置，系统并没有给出参考的范围，尤其对于新用户来说，不好设置。,56,51,1
Slife,Slife,10010000011794,10010000011794,other.button_icon.cannot_or_fail,other.button_icon.cannot_or_fail,单手操作APP时，比如右手单拿手机，触摸左上角的按钮，不管用，只能左手很准确的触摸才可以响应。按钮不能及时反应。,56,50,1
Slife,Slife,10010000010239,10010000010239,login.other.other,login.other.other,用户设定目标时也包括其他情况，未登录与登录时完全一样的，这很荒唐。而且未登录状态下照样可以使用app，很不合理。,56,51,1
Slife,Slife,10010000010368,10010000010368,share.share_panel.other,share.share_panel.other,下拉设定目标栏，活动汇总与活动详细重复了，而且这里的内容也是分享与右上角的功能重复了，我觉得这里设计的很不合理。,56,52,1
Slife,Slife,10010000010564,10010000010564,step_count.step.other,step_count.step.other,在“设定目标”环节，无论怎样更改“性别”“体重”“身高”“出生年”“日常活动强度”参数后，均出现相同的目标步数。,56,41,1
Slife,Slife,10010000010715,10010000010715,other.other.other,other.other.other,活动趋势,4,4,1
Slife,Slife,10010000011490,10010000011490,step_count.list_item.wrong_value,step_count.list_item.wrong_value,若该应用在后台运行时，记录的运动步数远少于实际运动步数,27,26,0
Slife,Slife,10010000011415,10010000011415,step_count.list_item.wrong_value,step_count.list_item.wrong_value,跑步数据以及运动路径：随着下一个状态的发生和记录，上一个状态的持续时间发生改变，且这种改变不是修正，而是偏差增大,56,52,1
Slife,Slife,10010000010728,10010000010728,step_count.step.other,step_count.step.other,当前步数为836步，自己计数走10步后，应用显示步数为844步，如图1，实际应为846步，如图2，与实际步数不同,56,50,1
Slife,Slife,10010000011196,10010000011196,run_walk.other.other,run_walk.other.other,后台占用内存70M左右，是系统运动软件占用的2倍左右。省电模式开启后内存占用从71M降到68M，好像没什么区别。,56,52,0
Slife,Slife,10010000010756,10010000010756,share.share_panel.cannot_share,share.share_panel.cannot_share,当向微博分享时，会出现失败,13,12,1
Slife,Slife,10010000010888,10010000010888,share.page_view.cannot_share,share.page_view.cannot_share,在应用分享的过程中，下拉主页面，点击选择活动汇总，选择里面的分享到朋友圈，会出现截屏保存，但随后会显示分享失败。,56,50,1
Slife,Slife,10010000011723,10010000011723,run_walk.other.cannot_or_fail,run_walk.other.cannot_or_fail,当用户的运动状态由步行变换为跑步时，不能立即监测出来，运动状态仍然显示为步行，这不满足该软件对于准确方面的要求。,56,52,1
Slife,Slife,10010000011601,10010000011601,step_count.step.other,step_count.step.other,如果没有走路但是手机握在手机有一点点摇晃了，依旧会计步数，真正走的步数就不准确了，而且在原地的步行距离依旧在增加,56,53,1
Slife,Slife,10010000011669,10010000011669,other.page_view.other,other.page_view.other,将省电模式关闭后，首页还存在着省电模式,19,18,1
Slife,Slife,10010000011720,10010000011720,run_walk.other.other,run_walk.other.other,在走路过程中，如果将手机拿在手中，走动时计数基本准确,26,24,1
Slife,Slife,10010000011750,10010000011750,other.page_view.other,other.page_view.other,进入状态界面（图1）,10,8,1
Slife,Slife,10010000011569,10010000011569,step_count.other.other,step_count.other.other,使用者并未进行运动，简单的晃动手机就会计步，,22,20,1
Slife,Slife,10010000011639,10010000011639,other.other.other,other.other.other,第一步：在后台运行本应用，并打开系统内存查看工具,24,22,1
Slife,Slife,10010000010189,10010000010189,settings.other.other,settings.other.other,要设定目标时，填写信息后，点击上一步，重新填写信息，到最后先是显示之前计算出来的目标，移动笑脸才回更新显示目标数据,57,52,1
Slife,Slife,10010000010754,10010000010754,share.button_icon.other,share.button_icon.other,点用户点击分享中的“更多”按钮后，程序将数据的图片进行分享，而不是链接,35,31,1
Slife,Slife,10010000010869,10010000010869,share.image_banner.other,share.image_banner.other,在分享时，直接采用其所给的分享方式分享，发送的是该app宣传广告，而使用更多里的分享方式分享时，分享的是截屏图片。,57,52,1
Slife,Slife,10010000011479,10010000011479,share.share_panel.other,share.share_panel.other,分享到微博时登陆不成功，网络无问题但提示网络出错。,25,23,1
Slife,Slife,10010000011065,10010000011065,step_count.page_view.other,step_count.page_view.other,页面只有跑步数，最好直接在首页是有个显示跑多少步，大约多少卡路里的,33,31,1
Slife,Slife,10010000011780,10010000011780,settings.other.other,settings.other.other,当用户完成目标时，没有给出提示,15,14,1
Slife,Slife,10010000011250,10010000011250,share.button_icon.cannot_send,share.button_icon.cannot_send,"通过朋友圈""分享到社交平台""功能未实现, 点击朋友圈图标后提示""截屏中"", ""分享中"", ""发送失败, 请重试"".",57,40,1
Slife,Slife,10010000011463,10010000011463,step_count.step.other,step_count.step.other,通过特定方式（跑步，自行车，交通工具，神游）进行跑步数据时需要一直摇动手机，数据才能一直上升，让人感觉使用不太方便！,58,50,1
Slife,Slife,10010000010508,10010000010508,step_count.step.other,step_count.step.other,并未进行走动，手机放在手中晃动，步数不断增加，但是处于原地状态并未进行移动，距离增加，实际应为0米，且运动计时不准确,58,52,1
Slife,Slife,10010000011153,10010000011153,share.share_panel.load_fail,share.share_panel.load_fail,手机上安装了此引用，分享时无法打开此应用(Facebook)，且无提示，一直保持loading状态，只能强制返回退出,58,52,1
Slife,Slife,10010000010936,10010000010936,step_count.step.other,step_count.step.other,步数的实时性不强。,9,8,1
Slife,Slife,10010000011099,10010000011099,run_walk.step.other,run_walk.step.other,运动路径显示的时间轴：易给人造成困扰，因其在相邻的两个状态与其间的时间节点中有缝隙，感觉好像是中间还有一段时间的空缺,58,55,1
Slife,Slife,10010000011692,10010000011692,settings.page_view.other,settings.page_view.other,在目标设置当中，日常强度无论选择哪个选项，都不会改变最后的建议值。既然强度选择与最后建议无关，是否可以不要这个选项。,58,53,1
Slife,Slife,10010000007548,10010000007548,other.input_box.other,other.input_box.other,添加好友中，在上面的输入框中输入信息，但是输入完成后没有任何跳转的按钮，只能用手机自带的跳转完成这个功能，功能不完善。,59,54,1
Slife,Slife,10010000007507,10010000007507,other.image_banner.other,other.image_banner.other,从本地或者拍照后选择图片后，该软件就直接修改了头像，并没有提供是否确定修改功能，而要修改就必须再上传一次，用户体验不好,59,55,1
Slife,Slife,10010000007794,10010000007794,settings.page_view.cannot_or_fail,settings.page_view.cannot_or_fail,用户修改账户头像时，点击修改头像选择相册里的图片进行修改，但退出后就有恢复默认设置头像了，不能永久设置自己喜欢的头像。,59,55,1
Slife,Slife,10010000010532,10010000010532,step_count.step.other,step_count.step.other,在状态栏中，只有完成的百分比。并没有具体的目标步数，在想知道自己还有多少步没有完成时，还需点开app，这样是很麻烦的。,59,53,1
Slife,Slife,10010000011718,10010000011718,other.other.other,other.other.other,用户修改头像后，在关闭app后重新打开时，用户头像恢复默认状态，用户体验差，但在排行榜中头像依旧存在，同步更新存在问题,59,54,1
Slife,Slife,10010000011045,10010000011045,notification.other.other,notification.other.other,在关闭“启用私生活”，关闭“通知栏状态”，开启“省电模式”时，内存占用没有明显下降，有小概率会出现内存占用竟然上升了。,59,48,1
Slife,Slife,10010000010729,10010000010729,other.step.other,other.step.other,在刚刚启动此app后，占用内存过高，此app是目前运行程序中占用最高的，运行一段时间后再次测试，占用内存同样在较高水平,59,55,0
Slife,Slife,10010000010920,10010000010920,settings.other.other,settings.other.other,在设定目标时，身高，体重，出生日期不同，日常强度相同时，所得目标相同，应该是不同，出现bug。功能不完整，必现，严重。,59,48,1
Slife,Slife,10010000010588,10010000010588,share.share_panel.cannot_share,share.share_panel.cannot_share,进行分享时：qq空间：不能分享qq空间,19,17,1
Slife,Slife,10010000011038,10010000011038,step_count.page_view.other,step_count.page_view.other,在骑行信息栏出现后，进入具体骑行界面，继续当前运动，运动1分钟50秒后，观察具体骑行界面中的步数和卡路里值没有及时改变,59,55,1
Slife,Slife,10010000007526,10010000007526,other.image_banner.crash,other.image_banner.crash,执行相机拍照的任务，启动相机拍照后点击确定，会不显示照片，直接是白图，提示图片太小，点击右上角确定会直接退出却不是重拍。,60,54,1
Slife,Slife,10010000007580,10010000007580,other.step.other,other.step.other,"在测试增加100卡路里每天时,图一为未修改前,为363卡路里,图二为将卡路里值调到最大时,仍未达到增加100卡路里的要求",60,56,1
Slife,Slife,10010000011340,10010000011340,run_walk.other.other,run_walk.other.other,步骤:(已经存在运动目标),13,10,1
Slife,Slife,10010000011610,10010000011610,other.page_view.cannot_or_fail,other.page_view.cannot_or_fail,进入首页右上角，活动趋势里的最长活动时间和最长活动距离不能实时更新，只能在当天任务完成后才能得出，过程中却不能体现作用。,60,56,1
Slife,Slife,10010000011026,10010000011026,share.share_panel.load_fail,share.share_panel.load_fail,由于国内并不能使用facebook，然而Slife没有优化这一点，所以分享至facebook就会出现一直加载的现象，如图,60,57,1
Slife,Slife,10010000010452,10010000010452,register.page_view.other,register.page_view.other,注册一个新账号，并登陆成功，设置目标后，携带手机开始运动，开始运动时，只有步数在增加，在运动一段时间后，运动时间仍然是0,60,53,1
Slife,Slife,10010000010815,10010000010815,run_walk.page_view.display_missing,run_walk.page_view.display_missing,点击运动主页面的”步行“状态，不显示运动数据及路径，点击停留时却显示运动数据及路径，但是显示的运动数据及路径与实际不符。,60,54,1
Slife,Slife,10010000011248,10010000011248,run_walk.step.cannot_or_fail,run_walk.step.cannot_or_fail,在一段时间段内只能选择一种方式，一旦切换方式在此时间段内的运动情况全部改变成新的计算方式下的结果，无法自己建立运动时间段,60,58,1
Slife,Slife,10010000011295,10010000011295,run_walk.other.wrong_value,run_walk.other.wrong_value,不能良好地识别跑步和乘坐交通工具的区别，我在标准的400m跑道上奔跑一圈，手机放在裤兜里，显示的结果却是我在乘坐交通工具,60,57,1
Slife,Slife,10010000011473,10010000011473,other.other.other,other.other.other,乘坐1站的公交车（耗时约1min40s），显示如图，大约多行走了37步，如果是20站的公交，会多走多少呢？我们不难算出来,60,53,1
Slife,Slife,10010000011302,10010000011302,share.page_view.wrong_value,share.page_view.wrong_value,通过QQ分享的内容，不点开时只显示模糊不清的的截图内容，点开后并不是个人的详细运动记录，而是被转到了APP官网下载页面。,60,56,1
Slife,Slife,10010000007544,10010000007544,login.page_view.other,login.page_view.other,不论是拍照、或是用相册图片修改头像，看似成功，可退出后，再次登录头像还是默认的。而且与修改后是否再次设置为默认的头像无关。,61,55,1
Slife,Slife,10010000007801,10010000007801,step_count.step.other,step_count.step.other,用户在走路的同时步数更新不及时，计数器也不灵活，例如：我走多步之后它没有更新，还是原来的步数，原地摇动手机步数偶尔会猛增。,61,55,1
Slife,Slife,10010000011608,10010000011608,run_walk.other.other,run_walk.other.other,步骤:(重置运动目标),11,8,1
Slife,Slife,10010000010640,10010000010640,run_walk.page_view.cannot_or_fail,run_walk.page_view.cannot_or_fail,设置运动目标页面，点击重新设置，进入个人信息页面，选择性别之后点击上一步，选择另一个性别，出现截图所示情况，无法继续设置。,61,54,1
Slife,Slife,10010000010360,10010000010360,step_count.step.other,step_count.step.other,在运动测试中，运动状态应属于“停留”状态，但实际显示处于“步行”状态，并且运动时长在不断增加。步行步数与运动时间不成比例。,61,52,1
Slife,Slife,10010000010511,10010000010511,other.page_view.other,other.page_view.other,用户打开主界面，查看神游时间,14,13,1
Slife,Slife,10010000011265,10010000011265,step_count.step.other,step_count.step.other,"当通过特定方式通过特定方式（跑步,自行车,交通工具,神游），完成跑步数据以及运动路径。后对比发现，此应用的所记的步数不准确。",62,53,1
Slife,Slife,10010000011621,10010000011621,other.other.other,other.other.other,耗电量比同类软件大，后台耗电为同类软件的6倍,22,21,1
Slife,Slife,10010000010318,10010000010318,other.other.other,other.other.other,根据Harris,8,8,1
Slife,Slife,10010000010955,10010000010955,run_walk.page_view.other,run_walk.page_view.other,运动主页面的时间及运动状态是由上往下排列的，用户使用不方便，如果要看最新的状态或运动数据，还需要将页面往下滑屏，使用不方便。,62,57,1
Slife,Slife,10010000010674,10010000010674,other.other.other,other.other.other,不论应用是否退出，都是提示，一个应用，两个服务在运行，这是不合理的，当程序在后台运行时。只应该保留最基本服务，占用最少的内存,62,55,1
Slife,Slife,10010000011366,10010000011366,share.share_panel.cannot_send,share.share_panel.cannot_send,离线状态下，点击分享到我的电脑上。我的电脑上显示无法分送，但是slife上却显示发送成功，与预期结果的发送失败结果严重不符。,62,57,1
Slife,Slife,10010000010845,10010000010845,other.page_view.other,other.page_view.other,当程序在后台运行，即退出界面时，留一个悬浮窗。,23,20,1
Slife,Slife,10010000011391,10010000011391,run_walk.page_view.other,run_walk.page_view.other,若用户已经完成运动目标了，但是最终的完成界面上的最长活动时间以及最长活动距离显示的都是0，与已经活动的时间不符合。如图所示。,62,58,1
Slife,Slife,10010000011430,10010000011430,run_walk.page_view.other,run_walk.page_view.other,点击进入运动结果界面，,11,10,1
Slife,Slife,10010000007542,10010000007542,other.image_banner.other,other.image_banner.other,同样的，使用相册的图片，虽然会提示图片过小，放大后可上传，但修改也是不成功的。虽然看起来成功了，但是点击头像后又变成了默认的。,63,56,1
Slife,Slife,10010000007594,10010000007594,login.page_view.cannot_or_fail,login.page_view.cannot_or_fail,步骤2后登录界面的登录账号只可以输入邮箱名称，不可以输入用户名，见截图1,36,34,1
Slife,Slife,10010000011285,10010000011285,share.button_icon.other,share.button_icon.other,主界面下拉时，突然出现活动汇总和活动详细界面，但是下方却出现的是分享到其他平台的选项，并且点击汇总和详细按钮，无任何变化和响应,63,59,1
Slife,Slife,10010000010743,10010000010743,step_count.step.other,step_count.step.other,测试跑步数据统计，100米距离，分别用三种方式完成，步行，跑步，跳跃。发现统计的步数相差较大，分别为 15步，17步和11步。,63,53,1
Slife,Slife,10010000010966,10010000010966,run_walk.other.other,run_walk.other.other,手机app在后台运行，没有跑步运动时，耗电量在2%~3%，运动时，耗电量在6%~7%之间，此外，不同的手机型号，耗电量情况不同,63,50,0
Slife,Slife,10010000011729,10010000011729,register.share_panel.cannot_or_fail,register.share_panel.cannot_or_fail,点击微博分享，没有微博帐号要注册，点击注册后会一直转圈，时间比较长，多次试验，仍然是这样，影响用户体验，完成后也不能完成分享。,63,55,1
Slife,Slife,10010000011311,10010000011311,share.share_panel.other,share.share_panel.other,分享到QQ和微信、朋友圈等有两个入口，一个是直接点击分享后出现的，另一个是点击分享再点击其他后出现的，两个入口会造成用户困扰。,63,58,1
Slife,Slife,10010000010693,10010000010693,step_count.page_view.other,step_count.page_view.other,用户设置运动目标 ，用户轻度运动就需要最少9836步，而中度运动最少目标是7962步，这样的设置不够灵活，步数太多不容易实现。,63,57,1
Slife,Slife,10010000010498,10010000010498,other.page_view.other,other.page_view.other,步骤:1.进入软件首页,11,9,1
Slife,Slife,10010000011299,10010000011299,register.other.other,register.other.other,手机NOTE手机下，在未登录的情况下，快速点击忘记密码、登录/注册下，在操作10,40,35,1
Slife,Slife,10010000011423,10010000011423,share.image_banner.other,share.image_banner.other,在排行榜分享自己今天的运动完成情况时，使用的是分享到qq好友，竟然发过去之后的链接是广告（下载此应用），而不是自己的运动情况。,63,57,1
Slife,Slife,10010000007757,10010000007757,settings.page_view.no_prompt,settings.page_view.no_prompt,用户头像设置新头像后，没有提示设置成功，返回查看，仍旧是系统默认头像，但是在侧边栏的排行榜子功能页面刷新后，头像显示的是新头像。,64,58,1
Slife,Slife,10010000007781,10010000007781,settings.page_view.cannot_or_fail,settings.page_view.cannot_or_fail,设置头像，在相机和图册里的图片，必须要截图，不能整张图片，而且截图只能在规定的范围内截图（圆圈截图），不能自己选取（其他形状）。,64,54,1
Slife,Slife,10010000011556,10010000011556,run_walk.page_view.other,run_walk.page_view.other,在重新设定目标的时候，选择女士，设置完毕之后，不点击完成而是点击上一步，修改日常活动强度，再点击下一步，建议运动量没有发生变化。,64,57,1
Slife,Slife,10010000010906,10010000010906,settings.page_view.other,settings.page_view.other,在应用设置中查看隐私条例和使用条例发现，隐私条例内容全为英文，对于中国大多数用户来说，是看不懂的，这是用户在使用中非常的不方便。,64,59,1
Slife,Slife,10010000011659,10010000011659,other.page_view.layout_issue,other.page_view.layout_issue,主页面的页面布局与悦动圈相比用户体验极差，不够美观。,26,24,1
Slife,Slife,10010000010704,10010000010704,other.page_view.other,other.page_view.other,在启动aap进入首页时提示的潜藏功能，在下方提示存在左右滑动看历史记录，但用户在下方左右滑动时，并没有出现历史记录，功能不完整。,64,59,1
Slife,Slife,10010000011120,10010000011120,share.share_panel.other,share.share_panel.other,分享到QQ，朋友圈，微博，信息，邮件等时，会显示已截图，但是分享时分享的却是该APP的下载链接，反而选择分享到其他时会出现截图。,64,56,1
Slife,Slife,10010000010333,10010000010333,step_count.page_view.other,step_count.page_view.other,在设定目标界面，选择你的基本信息来到推荐完成步数界面，在点击上一步更改你的基本信息，然后回到推荐完成步数页面，步数的信息没有改变,64,60,1
Slife,Slife,10010000010942,10010000010942,step_count.step.cannot_or_fail,step_count.step.cannot_or_fail,在刚开始进入APP或，手机静止过长时间的话，再次晃动手机，发现在很长一段时间内无反应，即步数不发生任何变化。之后才慢慢有了反应。,64,58,1
Slife,Slife,10010000011321,10010000011321,other.page_view.wrong_value,other.page_view.wrong_value,点击页面右上角进入记录活动的页面，选择周（即按周查看活动记录），发现今天本是12月3号，但它最上面却显示11月，很容易误导用户。,64,57,1
Slife,Slife,10010000011507,10010000011507,login.other.cannot_or_fail,login.other.cannot_or_fail,登录与非登录情况下都可以设定运动目标，有网络和无网络之下也都可以设定运动目标。目标设定有限值，无法满足想要加强运动量的人的需求。,64,60,1
Slife,Slife,10010000011740,10010000011740,register.other.other,register.other.other,用邮箱注册时，用户只需填入邮箱名称，用户名，密码即可注册成功。虽然用户会收到激活邮件但是如果不激活依旧可以使用。安全性严重缺失。,64,58,1
Slife,Slife,10010000007546,10010000007546,other.other.other,other.other.other,第一步：点击修改密码,10,9,1
Slife,Slife,10010000010290,10010000010290,run_walk.page_view.other,run_walk.page_view.other,在刚开始启用应用时，应用就会提示用户去按照自己的个人信息设定运动目标，此功能体验不佳，既然在启动时已经设置，还在这块设置有时会重复,65,61,1
Slife,Slife,10010000011627,10010000011627,run_walk.page_view.other,run_walk.page_view.other,在重新设置运动目标的时候，选择男士，设置完毕，不点击完成，而是点击上一步，修改日常活动强度，再点击下一步，建议运动量没有发生变化。,65,57,1
Slife,Slife,10010000011151,10010000011151,run_walk.other.other,run_walk.other.other,当运行此APP时，手机的耗电量非常快，使用户在外运动时，手机容易没电，给用户带来不便。从另一方面体现，此应用需求的手机性能比较高。,65,58,1
Slife,Slife,10010000011184,10010000011184,share.page_view.other,share.page_view.other,在红米测试机的平台上，当跳转到“分享到社交平台”界面上 会有闪屏的情况，属于用户体验不好的情况，大概率复现，每次分享几乎都会出现。,65,57,1
Slife,Slife,10010000011689,10010000011689,other.page_view.other,other.page_view.other,步骤:1.进入首页，点开左上角菜单,17,14,1
Slife,Slife,10010000007661,10010000007661,register.other.load_fail,register.other.load_fail,当断开网络或者网络异常时，点击注册正确输入相关信息，点击注册时，没有提示“请先连接网络”，点击注册时没有反应，也没有相关提示信息”。,66,57,1
Slife,Slife,10010000007690,10010000007690,register.other.other,register.other.other,没有通过其他方式进行登录的功能，只能通过注册好的邮箱进行登录，可选择性不强，有时因为需要用户想要直接登陆，新用户必须先注册才能登录。,66,61,1
Slife,Slife,10010000011142,10010000011142,run_walk.other.other,run_walk.other.other,个人信息的日常活动选择时，考虑到使用app可能会有老人等理解能力娇弱的群体。三种描述运动量大小的语言描述晦涩难懂，而且语义逻辑有误。,66,62,1
Slife,Slife,10010000011478,10010000011478,step_count.step.other,step_count.step.other,我将应用移至后台时，标题栏显示在后台运行，不过后台运行期间没有对我的步数进行统计，而且我静止不动时，显示是应用关闭，统计运动量有误差,66,61,1
Slife,Slife,10010000011075,10010000011075,share.page_view.cannot_share,share.page_view.cannot_share,在有链接网络的情况下，启动微博，再进行分享，点击确定授权，出现网络连接失败!并且点击取消之后回到应用分享的时候页面没有提示分享失败！,66,60,1
Slife,Slife,10010000011019,10010000011019,gps_track.gps.other,gps_track.gps.other,GPS定位存在异常，在原地不动得运动情况下，定位系统出现路线差异过大，在地图中没有标尺，并且地图的方向指向不敏感且始终指向手机上方。,66,61,1
Slife,Slife,10010000010418,10010000010418,other.page_view.other,other.page_view.other,步骤:1.进入首页,9,7,1
Slife,Slife,10010000010206,10010000010206,other.other.other,other.other.other,应用退出有几个原因，包括人工退出或是使用消耗大的app时等情况，但是经过排查，发现该软件会自动退出，显示应用关闭，但并不是上述原因。,66,60,0
Slife,Slife,10010000011707,10010000011707,share.share_panel.other,share.share_panel.other,分享功能在断网的情况下,11,11,1
Slife,Slife,10010000011600,10010000011600,settings.button_icon.other,settings.button_icon.other,首页进入到设定目标页面，点击“重新设置”按钮，进入选择“男士女士”头像界面，再点击返回键，理应回到设定目标界面，实际上却回到了首页。,66,56,1
Slife,Slife,10010000010009,10010000010009,share.chat.other,share.chat.other,若想把运动结果分享给好友，我之前在搜索栏进行过这个好友的搜索，此时分享时再次搜索好友，应该有历史搜索用户推荐，这里没有，只能重新搜索。,67,61,1
Slife,Slife,10010000011225,10010000011225,other.page_view.other,other.page_view.other,步骤:1.在首页右上角点击进入“活动趋势”页面,23,19,1
Slife,Slife,10010000010750,10010000010750,run_walk.page_view.wrong_value,run_walk.page_view.wrong_value,设置运动目标功能，在个人设置选择好个人信息后，得到建议运动量，此时不点击完成，点击上一步修改个人信息，修改个人信息后，建议运动量不更新,67,61,1
Slife,Slife,10010000010427,10010000010427,share.chat.other,share.chat.other,若想把运动结果分享给好友，我之前在搜索栏进行过这个好友的搜索，此时分享时再次搜索好友，应该有历史搜索用户推荐，这里没有，只能重新搜索。,67,61,1
Slife,Slife,10010000011130,10010000011130,step_count.step.other,step_count.step.other,坚果手机在测试步行数量时，走了很多步，但是依然步数显示为0，其他网络什么的正常。vivo手机可以正常计算步行数量。因此可能为兼容性问题,67,62,1
Slife,Slife,10010000007519,10010000007519,other.other.other,other.other.other,未进行密码二次确认，用户容易记错密码，同时没有密码强度检查，不安全,33,30,1
Slife,Slife,10010000010887,10010000010887,settings.other.other,settings.other.other,完成目标：,5,4,1
Slife,Slife,10010000011236,10010000011236,other.page_view.cannot_or_fail,other.page_view.cannot_or_fail,在首页显示路径的地方，没有实时更新，之前是445步，后面走到466步，过了10分钟，界面上还是显示的518，和上面圆圈里面的不能够同步。,68,61,1
Slife,Slife,10010000010605,10010000010605,run_walk.step.other,run_walk.step.other,数据太假，不合常理，当我的运动是60步的时候（此时我已经停止运动），显示距离为200米，这意味着我一步走3米多，现实我的一步只有几十厘米,68,61,1
Slife,Slife,10010000007558,10010000007558,register.other.wrong_value,register.other.wrong_value,"注册时用户名未提示格式及长度,导致用户输入了格式错误或长度不符合要求的用户名只有等点注册时提示用户名格式错误才知道,不能及时知道并进行更改",69,67,1
Slife,Slife,10010000011227,10010000011227,share.share_panel.other,share.share_panel.other,不管点活动汇总和活动详细 分享时都会分享的是链接http://slife.slightech.com/cn,53,46,1
Slife,Slife,10010000010265,10010000010265,run_walk.page_view.cannot_or_fail,run_walk.page_view.cannot_or_fail,在设定运动目标时，用户不能邀请亲近的人一起运动并监督自己，可以在这一块邀请好友一起来设定运动目标会更好，用户体验目标不佳，只能设置一个人的,69,65,1
Slife,Slife,10010000009939,10010000009939,settings.other.crash,settings.other.crash,当用户选择重新设定目标时，必须从头到尾重新设定完整，假设用户进入重新设定又想退出来，就只能重新设定完，而无法直接退出。这样会使操作更繁琐。,69,63,1
Slife,Slife,10010000011330,10010000011330,settings.step.cannot_or_fail,settings.step.cannot_or_fail,设定目标时，之前根据个人信息计算得到最佳位置，一旦移动卡路里位置之后，不能调整到通过计算得到的位置设定，只能通过重置，点击三角形也不可以。,69,63,1
Slife,Slife,10010000011010,10010000011010,other.other.other,other.other.other,活动趋势,4,4,1
Slife,Slife,10010000010637,10010000010637,other.other.other,other.other.other,在菜单栏选择功能时，菜单栏会短暂的占满屏幕在闪回，从而屏幕切换。在此过程中，选定了一个菜单栏功能后还能在菜单栏满屏过程中再选择另一个功能。,69,64,1
Slife,Slife,10010000011767,10010000011767,share.page_view.cannot_share,share.page_view.cannot_share,无网络状态下，分享到各大平台的反应各不相同，提示信息也各不相同，qq正常进入分享页面，分享失败，Facebook闪屏，微博变白，朋友圈变灰,69,62,1
Slife,Slife,10010000007471,10010000007471,register.other.other,register.other.other,注册:在输入密码和用户名时，密码和用户名的长度似乎可以无限长，输入很长的密码和用户名(60多位)时依然可以注册成功，没有限制密码和用户名长度,70,64,1
Slife,Slife,10010000007525,10010000007525,settings.page_view.other,settings.page_view.other,执行增加100卡路里/每天的任务，当设置好自身条件后，再加100卡路里，那一个条的最高值不够再增加100卡路里的，从284最高增加至341。,70,64,0
Slife,Slife,10010000007765,10010000007765,settings.page_view.no_prompt,settings.page_view.no_prompt,在修改密码或设置密码时，没有提示密码设置的相关限制，如不能以下划线开头，密码长度也没有提示，没有相关的密保问题，任何人都可以进行修改密码操作,70,65,1
Slife,Slife,10010000010080,10010000010080,run_walk.other.other,run_walk.other.other,在操作步骤5时，选择身高2.3M，体重30KG，1930年出生，重度运动,36,31,1
Slife,Slife,10010000010376,10010000010376,share.page_view.other,share.page_view.other,步骤:1.在首页下拉页面，进入分享功能,19,16,1
Slife,Slife,10010000010651,10010000010651,other.other.other,other.other.other,"目前包括Slife应用的四个应用在后台运行时的内存为122M,当只把Slife应用关闭之后，内存却显示为156M，理论上应该是内存使用变少。",70,66,1
Slife,Slife,10010000011759,10010000011759,share.list_item.cannot_share,share.list_item.cannot_share,用户选择分享运动记录时，若选择分享到朋友圈，则显示“分享失败”，若选择分享到微博则无法跳转到微博，即使在联网的状态下，也显示网络连接有问题。,70,62,1
Slife,Slife,10010000011700,10010000011700,run_walk.step.wrong_value,run_walk.step.wrong_value,热量消耗计算错误，按照步行速度，4分钟的消耗卡路里约为6卡，但是在测试过程中，不到4分钟，消耗的卡路里已经为13.1卡，差距巨大！算法有错误,70,62,1
Slife,Slife,10010000011149,10010000011149,step_count.list_item.cannot_or_fail,step_count.list_item.cannot_or_fail,跑步时一边心里默数步数，一边看app记录的数据，发现两者不统一。该app记录步数不准确，记录的数据大多数情况下多于实际步数。无法记录跑…,68,62,1
Slife,Slife,10010000010339,10010000010339,step_count.step.other,step_count.step.other,运动计数:我模拟坐在公交车上，其实也就是坐在凳子上上下一起一落的震动。然后那个记步数仍然在不断的增加。额外的帮我完成了一定的运动量。不够准确,70,65,1
Slife,Slife,10010000010223,10010000010223,register.page_view.cannot_or_fail,register.page_view.cannot_or_fail,应用只能允许轻客账号登陆，不允许其他第三方账号登陆。账号注册只能用邮箱，不能用手机号绑定。而且登录界面记住密码设置，每次注销之后需要重…,68,62,1
Slife,Slife,10010000011322,10010000011322,other.list_item.other,other.list_item.other,当在一个地方停留一段时间时，app会生成一条“停留”的记录，点击“停留”会显示所停留的位置，这个入口很难被发现，只有在不经意点到时才能…,68,59,1
Slife,Slife,10010000011771,10010000011771,share.share_panel.other,share.share_panel.other,输入：用户分享运动信息到Facebook,20,19,1
Slife,Slife,10010000010889,10010000010889,share.page_view.other,share.page_view.other,在主界面，向下拉出现分享界面，选择QQ，分享后只是http://slife.slightech.com/cn网址，与想象中不一样，用户…,68,56,1
Slife,Slife,10010000011437,10010000011437,login.list_item.other,login.list_item.other,在不登录的情况下记录的结果，在登录时依旧可以显示，安全性严重不足。如果他人在同台设备登录时，将看到原先没有登录的用户的结果，导致他人隐…,68,62,1
Slife,Slife,10010000011419,10010000011419,step_count.step.other,step_count.step.other,用户不在运动状态，只简简单单的晃动手机就会增加步数，计步不准确。,32,29,1
Slife,Slife,10010000011411,10010000011411,run_walk.page_view.other,run_walk.page_view.other,在应用首页点开右上角进入我的运动趋势,18,18,1
Slife,Slife,10010000010380,10010000010380,share.share_panel.wrong_value,share.share_panel.wrong_value,"用qq分享运动结果,是私生活的app主页的url,不是自己的运动结果的url,且点击qq提示回到私生活后,通过后台在切换的qq会导致q…",68,63,1
Slife,Slife,10010000011417,10010000011417,step_count.list_item.other,step_count.list_item.other,当运动步数大于500步之后，app上记录的运动步数和实际走动的步数相差大于50，模拟走路时的步频用手摇动手机600次，而显示的结果只有…,68,64,1
Slife,Slife,10010000011317,10010000011317,other.other.other,other.other.other,当前日期模糊，今天是2016年12月3号，当查看APP周时，显示为2016年11月，但“3日”处有标记，会让人误解为今天为2016年1…,68,60,1
Slife,Slife,10010000011709,10010000011709,share.button_icon.cannot_share,share.button_icon.cannot_share,想要分享到朋友圈，如果想直接点击图一中朋友圈来分享每次都失败。但点击更多按钮，从那里分享朋友圈就可以成功，直接点击图一qq微博等等可以…,68,63,1
Slife,Slife,10010000011679,10010000011679,settings.page_view.other,settings.page_view.other,在进行查看耗电量的时候，查看私生活app是耗电量最大的一个。因为APP 背景色采用白色，十分耗电。一般应设置为黑色这种颜色为手机最为省…,68,62,1
Slife,Slife,10010000011208,10010000011208,other.other.other,other.other.other,前提：用户成功登陆app,12,11,1
Slife,Slife,10010000010488,10010000010488,share.page_view.cannot_or_fail,share.page_view.cannot_or_fail,如图， 点击应用后会直接添加。分享到别的应用时不能添加自己的心情描述等。 那分享的时候就加上一句系统自己设置的话语，不利于用户表示自己…,68,61,1
Slife,Slife,10010000010270,10010000010270,share.page_view.other,share.page_view.other,分享数据的时候，toast提示截屏，然而，并没有截屏。分享给好友，好友点开后，并没有我的运动数据，只是软件的一些介绍。这个和分享界面的…,68,59,1
Slife,Slife,10010000011776,10010000011776,share.share_panel.cannot_send,share.share_panel.cannot_send,当进行运动数据Facebook平台分享时，由于手机中为安装facebook应用，应该提示“未安装应用”，但却提示“发送失败，请重试..…,68,58,1
Slife,Slife,10010000011192,10010000011192,other.other.other,other.other.other,将app放入后台，在状态栏显示时，app的内存占用量还是继续增大，用电量也非常大，不符合用户的需求，如果开一天手机耗电量最大的就是这个…,68,62,1
Slife,Slife,10010000011760,10010000011760,share.share_panel.cannot_share,share.share_panel.cannot_share,分享到QQ时，如果退出不想继续分享，会显示分享失败。分享到朋友圈直接显示分享失败！分享到Facebook时会进行长时间的跳转，然后显示…,68,62,1
Slife,Slife,10010000011499,10010000011499,share.page_view.other,share.page_view.other,分享数据的时候，toast提示截屏，然而，并没有截屏。分享给好友，好友点开后，并没有我的运动数据，只是软件的一些介绍。这个和分享界面的…,68,59,1
Slife,Slife,10010000007470,10010000007470,register.input_box.wrong_value,register.input_box.wrong_value,"注册:用户名输入框内没有描述用户名命名的规则，也就是你允许我随便取名，当输入名称为一个 点 时，即 "" . "" 时，又提示命名格式错误…",68,53,1
Slife,Slife,10010000010949,10010000010949,share.chat.wrong_value,share.chat.wrong_value,如图所示，分享运动结果给qq好友，对方点击只能看到app介绍及下载途径，并不能看到自己的运动结果。用其他途径分享也是只能看到app介绍…,68,63,1
Slife,Slife,10010000010154,10010000010154,share.page_view.cannot_or_fail,share.page_view.cannot_or_fail,运动结果不能通过 qq分享，选择QQ之后会停滞在当前页面，不进行跳转。而且对手机上各个应用的版本有要求，比如本人手机安装的微信版本不支…,68,62,1
Slife,Slife,10010000011018,10010000011018,settings.page_view.other,settings.page_view.other,进入手机设置中查看app的内存占用量发现占用内存过大，而且app打开时间越长app的内存占用量越大！！影响其他app的使用，导致用户应…,68,63,1
Slife,Slife,10010000011468,10010000011468,gps_track.gps.other,gps_track.gps.other,打开app后台运行，在跑步，骑自行车和跑步机上运动时，数据实时变化的不准确，有时会变化很快，有时却不变化虽然进行了大量的运动，而且路径…,68,61,1
Slife,Slife,10010000011319,10010000011319,notification.step.other,notification.step.other,完成运动目标后，不提示已完成通知，只是单纯地继续计算步数，给用户的体验不太好。例如图中设定目标为2880，而达到之后不通知已完成只是单…,68,62,1
Slife,Slife,10010000010851,10010000010851,share.image_banner.other,share.image_banner.other,在分享中，选择QQ分享会给对方发送一则广告，而选择微信给对方会发送截屏。但在点击更多之后，再选择用QQ发送，此时发送的是截屏。这会给用…,68,61,1
Slife,Slife,10010000007524,10010000007524,register.page_view.other,register.page_view.other,填写完好用户信息后，不会显示任何信息，完成注册会直接跳转到侧边栏页面，却没有让再登陆。应该是显示注册成功，然后跳转到登陆页面，等登陆后…,68,61,1
Slife,Slife,10010000010106,10010000010106,run_walk.page_view.cannot_or_fail,run_walk.page_view.cannot_or_fail,在设置个人信息时，只能按照特定提示去设置个人信息，而且最后的运动目标是应用自己计算生成，对于运动达人来说，想要根据自身情况去设置目标并…,68,63,1
Slife,Slife,10010000010556,10010000010556,step_count.page_view.other,step_count.page_view.other,打开Slife，设定运动目标后开始运动，当选择在室内行走（类似导致手机晃动不剧烈运动）时，主界面步数、距离、时间等变化不连贯或不变化，…,68,59,1
Slife,Slife,10010000010862,10010000010862,step_count.step.other,step_count.step.other,上面的步数和下面的显示不一致，当运动的时候，步数会同步着随之变化，但米数和时间变化慢不同步，上面的时间显示的整分钟数，如3分59秒，显…,68,61,1
Slife,Slife,10010000011444,10010000011444,run_walk.other.cannot_or_fail,run_walk.other.cannot_or_fail,在选择设定运动目标之后，开始完善个人信息，但是在选择了一项个人信息之后，就把上一步选项置灰了，感觉就像是不可以修改的感觉，这会给用户造…,68,62,1
Slife,Slife,10010000007539,10010000007539,share.share_panel.cannot_send,share.share_panel.cannot_send,点击朋友圈进行分享，先是截屏中然后分享中，然后发送失败请重试，期间会出现极速闪屏，不实现分享就退出现象，其功能不完善，不正常的退出，影…,68,60,1
Slife,Slife,10010000007770,10010000007770,settings.page_view.other,settings.page_view.other,在侧边栏设置模块，设置功能感觉不全面，应该增加自己设置目标的功能，比如每天走几步，消耗多少卡路里，用户体验不佳，只能根据提示下一步去设…,68,61,1
Slife,Slife,10010000011052,10010000011052,other.other.other,other.other.other,私生活app不支持安装后的移动（从手机内存到SD卡移动）,28,26,1
Slife,Slife,10010000010801,10010000010801,share.share_panel.cannot_send,share.share_panel.cannot_send,两个分享入口都有如下问题：无法分享到朋友圈，总是发送失败,28,26,1
Slife,Slife,10010000011181,10010000011181,other.other.other,other.other.other,后台运行软件，使用“猎豹清理大师”查看软件的内存占用情况,28,25,0
Slife,Slife,10010000010893,10010000010893,gps_track.gps.other,gps_track.gps.other,下载压缩包只有十几兆但是运行内存却占到七十多兆，而且还需要打开定位，以便精确查看运动路径，因此造成内存占用更大。,56,52,1
Slife,Slife,10010000007764,10010000007764,other.step.no_prompt,other.step.no_prompt,我在修改密码时，重复多次修改操作，在短时间内操作多次，应用未有安全提示，而且我的新密码安全系数也不高，只是简单的123456，密码过于…,68,61,1
Slife,Slife,10010000010305,10010000010305,run_walk.page_view.other,run_walk.page_view.other,用户只能按照提示设置，最后结果通过自动计算来设置卡路里目标，对于运动达人来说，过于局限，如果在计算卡路里时有其他可供选择的计算方式会更…,68,63,1
Slife,Slife,10010000010407,10010000010407,other.step.other,other.step.other,应用状态为启动状态，但是一段时间不动手机，以及APP时，应用会显示已关闭，实际使用APP无论何种状态，只要在白名单中，APP应该一直处…,68,61,1
Slife,Slife,10010000011670,10010000011670,other.other.other,other.other.other,应用移至后台运行时，耗电量较高，其他应用正在前台运行，耗电量和此应用想差不多，qq占用内存要比此应用多很多，而且后台相关进程很多，耗电…,68,61,1
Slife,Slife,10010000011157,10010000011157,share.page_view.other,share.page_view.other,用户分享点进去应该先显示的是该用户完成的任务，然后才是邀请你也来参加，可是这个分享之后，点进去链接直接就是app下载界面的链接，会使得…,68,63,1
Slife,Slife,10010000011006,10010000011006,other.other.other,other.other.other,点击手机自带软件“i管家”，点击“省电管理”，查看“耗电排行”。,32,23,1
Slife,Slife,10010000011668,10010000011668,search.button_icon.wrong_value,search.button_icon.wrong_value,添加好友部分，可以通过搜索得到某一用户。然后点击加好按钮申请加其为好友，可是得到的结果却是用户不存在。而且直接点击用户头像无法添加，这…,68,62,1
Slife,Slife,10010000011353,10010000011353,step_count.page_view.wrong_value,step_count.page_view.wrong_value,在个人信息界面点击“设定目标”进入界面时，发现，进去的虽然是设定步数目标的界面，但是最上面显示的是“个人信息”。属于显示错误，功能ta…,68,58,1
Slife,Slife,10010000010353,10010000010353,share.share_panel.cannot_send,share.share_panel.cannot_send,分享功能，通过QQ分享成功，通过朋友圈分享显示发送失败，通过，微博分享失败，通过短信，邮箱成功，通过Facebook一直找加载中，通过…,68,59,1
Slife,Slife,10010000010064,10010000010064,run_walk.page_view.other,run_walk.page_view.other,点击“设定目标”后，只要点击“重新设定目标”，就会重新设置个人信息，然后设置运动目标，太繁琐了，每个人的个人信息是一定的，不需要每次重…,68,57,1
Slife,Slife,10010000010551,10010000010551,register.other.other,register.other.other,"Slife软件本身内存大小不到17M,但是在运行过程中却占用的内存到达68M,并且还是在没有登录注册的情况下出现的。软件占用内存过大，…",68,63,1
Slife,Slife,10010000011420,10010000011420,share.share_panel.other,share.share_panel.other,测试的功能：分享至社交平台,13,12,1
Slife,Slife,10010000011122,10010000011122,run_walk.other.cannot_or_fail,run_walk.other.cannot_or_fail,重置运动目标是，进行对身高，体重，出生年月，活动强度等各极限数值进行随意搭配，发现系统总能给出不同目标，表明应用只进行运算，不够智能，…,68,59,1
Slife,Slife,10010000007597,10010000007597,other.button_icon.other,other.button_icon.other,修改密码为长度为1的新密码（见截图1），步骤7后点击完成按钮应该提示“密码长度为6,41,37,1
Slife,Slife,10010000007555,10010000007555,register.input_box.other,register.input_box.other,"在测注册的在输入框输入注册信息时,发现点击输入框后光标与背景颜色有时过于接近,导致很难看清在输入框中已有闪烁的光标,容易使用户误以为未…",68,64,1
Slife,Slife,10010000011370,10010000011370,login.page_view.other,login.page_view.other,打开轻客软件并登录，进入首页，该界面显示今天的步行情况，见截图1,32,29,1
Slife,Slife,10010000010544,10010000010544,share.chat.other,share.chat.other,将运动情况分享给qq好友后，点击返回应用，提示发送成功。,28,25,1
Slife,Slife,10010000010111,10010000010111,notification.page_view.other,notification.page_view.other,在进行运动目标设置的时候，系统会提醒建议运动量基于Roza和Shizga修正的HarrisBenedict的公式计算，但是却并没有给出…,68,65,1
Slife,Slife,10010000010385,10010000010385,other.page_view.other,other.page_view.other,活动趋势里面包含了天、周、月的统计图表，当点击中间的图表的时候，应用会返回到主界面。点击图表的时候应该是查看图表，或者忽略点击的事件。…,68,60,1
Slife,Slife,10010000011681,10010000011681,login.other.no_prompt,login.other.no_prompt,当用户在另一台手机设备上登录时，用户自己的手机的该账号未提示任何信息，安全堪忧。如果用户不小心被别人看到了账号和密码，则隐私就会被别人…,68,63,1
Slife,Slife,10010000010622,10010000010622,share.page_view.cannot_share,share.page_view.cannot_share,一般使用用户在中国大陆，普通用户不会翻墙，但是分享界面的主页上存在着Facebook，Twitter，用户并不能分享，放在这儿是不合中…,68,62,1
Slife,Slife,10010000010105,10010000010105,other.step.other,other.step.other,通过手机自带的工具，统计app内存使用的大小，下载app需要24.38MB，运行app占系统空间30MB，而不同的时间查看则显示运行a…,68,62,0
Slife,Slife,10010000011012,10010000011012,share.page_view.wrong_value,share.page_view.wrong_value,当在分享自己的运动结果的时候，点击右上角之后出现的是活动趋势，如果要分享的话还要在点击右上角的分享标志，这个步骤特别的繁琐。可以把活动…,68,63,1
Slife,Slife,10010000011620,10010000011620,share.share_panel.cannot_send,share.share_panel.cannot_send,点击朋友圈进行分享，先是截屏中然后分享中，请稍后，然后发送失败请重试，期间会出现极速闪屏，不实现分享就退出现象，其功能不完善，不正常的…,68,60,1
Slife,Slife,10010000011424,10010000011424,step_count.step.other,step_count.step.other,大力晃动手机增加步数（频率：晃动1下加1步）,22,19,0
Slife,Slife,10010000011194,10010000011194,share.page_view.no_prompt,share.page_view.no_prompt,在分享页面通过信息成功发送发送给好友之后没有关闭信息页面，也没有自动返回应用页面，手动返回应用页面没有提示分享成功！再次切换到信息页面…,68,64,1
Slife,Slife,10010000011076,10010000011076,share.share_panel.cannot_or_fail,share.share_panel.cannot_or_fail,在进行分享时，直接点击他提示的可分享应用时，是以此APP应用进行的分享，当在分享中点击更多时在选着应用是以截图发送，使用户不能在自己想…,68,63,1
Slife,Slife,10010000010341,10010000010341,settings.other.other,settings.other.other,设定目标的时候，重置，应该把所有数据还原，但是这个的重置还是保留原有数据。,37,33,1
Slife,Slife,10010000010755,10010000010755,share.image_banner.other,share.image_banner.other,在分享中，在更多的里面分享的是分享者自己运动的图片，而在其他的应用中，分享的确实分享者使用的这款slife对应的app，这个分享者的初…,68,63,1
Slife,Slife,10010000010652,10010000010652,share.share_panel.other,share.share_panel.other,进行分享时，分享的并不是运动结果,16,15,1
Slife,Slife,10010000011542,10010000011542,settings.button_icon.cannot_or_fail,settings.button_icon.cannot_or_fail,用户在首页点击左上角的菜单栏，选择“设定目标”，其中的“重新设定”和“上一步”按钮是灰色的，容易让用户误以为是不能用的，色彩选用不合理…,68,57,1
Slife,Slife,10010000011204,10010000011204,other.other.other,other.other.other,我手机安装的是猎豹清理大师，点击进入，软件管理,23,21,1
Slife,Slife,10010000011123,10010000011123,step_count.list_item.other,step_count.list_item.other,步行时一边心里默数步数，一边看app记录的数据，发现两者不统一。该app记录步数不准确，有时逐步增加，有时一下增加十几二十步，记录的数…,68,61,1
Slife,Slife,10010000010251,10010000010251,share.share_panel.other,share.share_panel.other,测试功能：分享数据至QQ,12,11,1
Slife,Slife,10010000010355,10010000010355,login.other.other,login.other.other,操作1：在设备A中登录账号,13,12,1
Slife,Slife,10010000011407,10010000011407,other.chat.cannot_or_fail,other.chat.cannot_or_fail,如图，不能添加好友：点击左上角“功能”,19,15,1
Slife,Slife,10010000010794,10010000010794,share.share_panel.other,share.share_panel.other,测试功能：运动结果分享至朋友圈,15,14,1
Slife,Slife,10010000010322,10010000010322,register.other.other,register.other.other,用户注册时包括电子邮箱的输入检验（不存在的邮箱），用户名的检验（什么字符都可以），以及密码的检验（密码输入123竟然都可以），十分的不…,68,58,1
Slife,Slife,10010000011278,10010000011278,run_walk.other.wrong_value,run_walk.other.wrong_value,自身系统监测是否走动或跑动不正确。在使用手机摇一摇或是模拟器摇一摇时，app会监测到数据的变化，这是不对的。不想运动的人还会是不运动，…,68,62,1
Slife,Slife,10010000007547,10010000007547,other.button_icon.cannot_or_fail,other.button_icon.cannot_or_fail,在侧边栏，点击好友，添加好友，输入要添加好友的账号，显示好友，却不能查看好友任何信息，只能点击添加的加号按钮，却显示用户不存在，实际上…,68,59,1
Slife,Slife,10010000007713,10010000007713,settings.page_view.cannot_or_fail,settings.page_view.cannot_or_fail,点击用户头像，出现头像设置界面，出现3个选择项，相机(现拍照片)，图片(从相册中选择)，默认头像，此时选择第1个功能，即选择相机拍照，…,68,55,1
Slife,Slife,10010000010521,10010000010521,step_count.page_view.other,step_count.page_view.other,在设定运动目标时，当输入的体重分别为30kg和200kg，而其他条件一致时，进入推算结果界面的设定目标步数却一样，当点击确定之后再次进…,68,63,1
Slife,Slife,10010000011573,10010000011573,share.page_view.permission,share.page_view.permission,在首页点右上角进入活动趋势，然后再点击右上的分享，点击QQ分享，会显示截屏中，然后分享中，然后并没有实现分享，不再有任何提示，直接返回…,68,60,1
Slife,Slife,10010000010865,10010000010865,share.share_panel.other,share.share_panel.other,测试功能：运动结果分享至微博,14,13,1
Slife,Slife,10010000010611,10010000010611,login.button_icon.crash,login.button_icon.crash,红米NOTE中，登录后，我的账号，点击更改头像，点击相册选择，选择你系统自带的相册，上方标题中的相册，进入一个相册列表，等待约5秒钟，…,68,58,1
Slife,Slife,10010000011545,10010000011545,other.other.other,other.other.other,一些建议,4,4,1
Slife,Slife,10010000007538,10010000007538,share.page_view.permission,share.page_view.permission,在首页点右上角进入活动趋势，然后再点击右上的分享，点击QQ分享，会显示截屏中，然后分享中，然后并没有实现分享，不再有任何提示，直接返回…,68,60,1
Slife,Slife,10010000007533,10010000007533,settings.button_icon.other,settings.button_icon.other,当前页面下方有两个按钮，按照常规，在用户设置完卡路里之后，完成的按钮就应该隐藏,39,36,1
Slife,Slife,10010000010370,10010000010370,other.step.other,other.step.other,运行时间统计不准确，slife正在运行时，将其关掉，然后立马重新启动，但是现实应用已经停止的时间不准确。如下图，我关掉应用，然后立马打…,68,60,1
Slife,Slife,10010000011313,10010000011313,step_count.step.other,step_count.step.other,统计时间不准确，我大概半个小时前测试跑步步数统计的时候出去运动了大概5分钟，现在一直在测试别的功能，但是slife却提示我运动了36分…,68,64,1
Slife,Slife,10010000011381,10010000011381,login.button_icon.other,login.button_icon.other,打开轻客软件并登录，手拿手机步行，当步行到92步时，见截图1，点击步行数目圆形图标，显示步行距离只有2米，见截图3,57,51,1
Slife,Slife,10010000010619,10010000010619,login.button_icon.other,login.button_icon.other,VIVO中，登录后，我的账号，点击更改头像，点击相册选择，选择你系统自带的相册，上方标题中的相册，进入一个相册列表，等待约5秒钟，点击…,68,58,1
Slife,Slife,10010000011710,10010000011710,other.step.other,other.step.other,我在36分时关闭了省电模式，但时间轴在37分依旧显示我处于省电模式中。,35,33,1
Slife,Slife,10010000011085,10010000011085,login.list_item.wrong_value,login.list_item.wrong_value,图一是用账户名为haha123456进行登录，图二为其步行记录。图四用账户名为yuanjinjin进行登录，图三为其步行记录。不同账户…,68,63,1
Slife,Slife,10010000011786,10010000011786,register.other.other,register.other.other,用户不需要登陆或者注册账号就能直接进行测试，导致客户在更换移动设备时丢失之前的数据，APP账号保护不严谨，应该要求客户注册完账号之后再…,68,64,1
Slife,Slife,10010000011198,10010000011198,run_walk.page_view.wrong_value,run_walk.page_view.wrong_value,在一段时间里明明有运动，但是首页的记录一直是“应用已关闭”,29,26,1
Slife,Slife,10010000011685,10010000011685,run_walk.page_view.other,run_walk.page_view.other,在重新设定目标的时候，选择男士（女士），设置完毕之后，不点击完成，多次点击上一步回到身高设置页面，修改身高，然后点击下一步一直到建议运…,68,59,1
Slife,Slife,10010000011360,10010000011360,run_walk.step.other,run_walk.step.other,打开轻客软件，手拿着手机步行，步行时观察步行数目的变化，当步行到92步时停止，此时发现轻客应用的步行数目下方的运行时间轴未显示步行的时…,68,63,1
Slife,Slife,10010000010013,10010000010013,settings.step.other,settings.step.other,不同日常强度，推荐的目标不一致，但该软件实现的推荐目标一样。图一是日常活动的强度为中度其推荐的目标，301卡路里。图三是日常活动的强度…,68,62,1
Slife,Slife,10010000011591,10010000011591,run_walk.page_view.cannot_or_fail,run_walk.page_view.cannot_or_fail,设定的运动目标范围不能自由定义。如果用户天天运动数量较少，一开始就给设置为最小9000步，用户可能会因为完不成目标而有抵触心理，时间一…,68,63,1
Slife,Slife,10010000010317,10010000010317,run_walk.slider.cannot_or_fail,run_walk.slider.cannot_or_fail,进行主要步骤的步骤1时，因为只能通过拖动表情来进行运动量卡路里的修改，所以无法精确修改卡路里数量（如图，原本最初时“表情”默认在正中间…,68,61,1
Slife,Slife,10010000010838,10010000010838,share.share_panel.wrong_value,share.share_panel.wrong_value,在分享运动结果时，不管是完成还是未完成设定的运动目标都可以进行分享，建议在分享时提示“恭喜您完成今天的运动目标！”或者“今天没能完成目…,68,61,1
Slife,Slife,10010000011492,10010000011492,step_count.step.other,step_count.step.other,规划路径里程数和实际测试里程数基本一致，骑行时步数存在误差，步行时步数基本一致。例如：（1）骑行了2.1公里，上面显示步数为761步。…,68,58,0
Slife,Slife,10010000007485,10010000007485,register.page_view.wrong_value,register.page_view.wrong_value,注册页面仅有一次密码输入，没有再次确认密码，密码框多数是隐藏输入的，可能会因为手误出现错误，输入完成直接注册，会增加错误概率，所以功能…,68,61,1
Slife,Slife,10010000007656,10010000007656,register.other.wrong_value,register.other.wrong_value,若没有进行注册直接进行登录，没有提示请先注册等信息，而是提示邮箱不存在或密码错误提示信息，而且只能通过邮箱注册，没有其他注册方式，或者…,68,62,1
Slife,Slife,10010000011216,10010000011216,other.other.other,other.other.other,我手机安装的是猎豹清理大师，点击进入，软件管理,23,21,1
Slife,Slife,10010000011738,10010000011738,run_walk.page_view.other,run_walk.page_view.other,在重新设定目标的时候，选择男士（女士），设置完毕之后，不点击完成，多次点击上一步，回到设置体重页面，修改体重，再多次点击下一步，回到建…,68,57,1
Slife,Slife,10010000011741,10010000011741,other.button_icon.other,other.button_icon.other,主页显示距离，时间，燃烧卡路里只有一个按钮，点击按钮才会显示其他数据资料，不直观不便于查看，最好平铺，依次显示用户信息，这样给用户的体…,68,60,1
Slife,Slife,10010000010648,10010000010648,share.share_panel.other,share.share_panel.other,分享到各个应用软件,9,9,1
Slife,Slife,10010000010927,10010000010927,run_walk.page_view.other,run_walk.page_view.other,测试功能：查看首页运动信息,13,12,1
Slife,Slife,10010000010294,10010000010294,share.share_panel.cannot_share,share.share_panel.cannot_share,分享功能，通过QQ分享成功，通过朋友圈分享点击后有反应，但并没有真正分享，通过，微博分享失败，通过短信，邮箱成功，通过Facebook…,68,59,1
Slife,Slife,10010000011570,10010000011570,step_count.page_view.cannot_or_fail,step_count.page_view.cannot_or_fail,用户在设置每日步数时，一开始默认的是推荐步数，也是基于公式得出的最佳步数，但是一旦用户选择了其他步数之后，无法再回到一开始的最近推荐步…,68,63,1
Slife,Slife,10010000007466,10010000007466,settings.page_view.other,settings.page_view.other,每次设置完头像后，点出去后，再次点击头像时，会出现明明已经更换成功，但是点击修改后，跳转的界面中，人物头像没有显示已经更换的头像，仍然…,68,60,1
Slife,Slife,10010000010222,10010000010222,run_walk.page_view.other,run_walk.page_view.other,设置目标的时候，重置修改了个人信息后，点击下一步会出现一个推荐的运动目标，再次点击上一步，再次修改个人信息，下一步推荐的运动目标没有发…,68,62,1
Slife,Slife,10010000011365,10010000011365,login.page_view.layout_issue,login.page_view.layout_issue,该app主页面布局单调，可实现的功能单一。而且用户在已登录和未登录的情况下都能正常实现基本功能（如统计步数，分享至其他社交等），所以用…,68,61,1
Slife,Slife,10010000010337,10010000010337,share.page_view.cannot_share,share.page_view.cannot_share,在将数据分享到微博时，会提示文件不存在，无法分享。还会提示网络有问题，而网络其实是没有问题的。并且在分享界面中使用kikbug无法截图…,68,62,1
Slife,Slife,10010000011307,10010000011307,other.page_view.layout_issue,other.page_view.layout_issue,侧边栏滑动时宽度太大，导致在左边个人信息侧边栏点击进入的时候，比如点击排行榜、好友时，会全屏占用左边的界面，会让用户看不到原界面，页面…,68,61,1
Slife,Slife,10010000010762,10010000010762,share.share_panel.other,share.share_panel.other,当进行运动目标设定时，设定流程里填写男性，体重75kg，身高1米9，出生年份是2010年，居然可以通过，没有报错，这不合逻辑，数据真实…,68,59,1
Slife,Slife,10010000011480,10010000011480,message_send.chat.other,message_send.chat.other,点击添加好友后，输入对面的用户名称，点击添加后，虽然显示添加请求已发送，但是对面用户会直接消失,47,43,1
Slife,Slife,10010000011566,10010000011566,share.page_view.other,share.page_view.other,当将运动数据分享到twitter时，显示未安装这个应用，但是我的手机同样未安装facebook，却不给出提示，而在一个loading页…,68,63,1
Slife,Slife,10010000011791,10010000011791,run_walk.page_view.other,run_walk.page_view.other,重新设置运动目标的时候，选择男士（女士），设置完毕之后，不点击完成，多次点击上一部，回到设置出生年页面，修改出生年，多次点击下一步，回…,68,57,1
Slife,Slife,10010000010816,10010000010816,step_count.page_view.other,step_count.page_view.other,打开应用进入计步界面,10,10,1
Slife,Slife,10010000010952,10010000010952,other.other.other,other.other.other,点击左上角菜单栏里的头像,12,12,1
Slife,Slife,10010000011171,10010000011171,step_count.step.other,step_count.step.other,在进行软件应用的运动测试的过程中，发现最后的运动结果与事实有很大的差距。如下所示：在运动步数达3466步后，软件计步测试显示的距离和消…,68,63,1
Slife,Slife,10010000010660,10010000010660,share.share_panel.cannot_share,share.share_panel.cannot_share,问题描述:运动结果分享到微博失败,16,15,1
Slife,Slife,10010000010100,10010000010100,other.other.other,other.other.other,前提条件：无,6,5,1
Slife,Slife,10010000010409,10010000010409,share.page_view.other,share.page_view.other,打开Slife，设定运动目标后开始运动，运动完成后，打开应用主界面，下拉主界面，选择“活动汇总”分享（信息，qq联系人等），分享内容非…,68,56,1
Slife,Slife,10010000010683,10010000010683,share.button_icon.cannot_share,share.button_icon.cannot_share,分享到社交平台时。在第一个微信朋友圈分享按钮无法链接到微信朋友圈分享，会显示分享失败。qq分享功能也不完善，提示已截图但并不会页面跳转。,68,63,1
Slife,Slife,10010000011799,10010000011799,run_walk.step.other,run_walk.step.other,北京师范大学体育与运动学院副教授赵纪生介绍，人体每天摄入的总热量约为1800～2000千卡。走一万步等于消耗掉240～300千卡的热量…,68,63,1
Slife,Slife,10010000010486,10010000010486,register.step.other,register.step.other,正常注册注册之后，有步数统计，但是无距离和卡路里统计。,27,24,1
Slife,Slife,10010000011550,10010000011550,share.chat.other,share.chat.other,如图1：通过分享功能将自己的运动数据分享给QQ好友，如图2：好友收到分享后点击打开后并没有出现所分享的运动数据，而是如图3出现了sli…,68,63,1
Slife,Slife,10010000010261,10010000010261,share.page_view.cannot_or_fail,share.page_view.cannot_or_fail,打开Slife，设定运动目标后开始运动，运动完成后，打开应用主界面，下拉主界面，选择分享到新浪微博，应用成功拉起新浪微博后，并不能实现…,68,60,1
Slife,Slife,10010000011452,10010000011452,run_walk.other.cannot_or_fail,run_walk.other.cannot_or_fail,当进行路径信息测试时，拿着两部手机进行运动，运动结束后查看路径信息。其中，一部手机主页上显示“步行”选项，点击进入便可看到路径信息。但…,68,59,1
Slife,Slife,10010000011648,10010000011648,share.button_icon.wrong_value,share.button_icon.wrong_value,分享提示不明确：将运动结果通过手机上的各个应用进行分享。（入口：首页右上角点开）点击分享按钮，本来想分享我的运动数据，结果分享成应用。…,68,59,1
Slife,Slife,10010000011462,10010000011462,share.list_item.wrong_value,share.list_item.wrong_value,将自己的运动记录通过软件上的朋友圈和facebook接口分享无法分享，分享失败。但是在更多里面的通过手机朋友圈接口是没问题的。所以该软…,68,64,1
Slife,Slife,10010000010833,10010000010833,other.page_view.other,other.page_view.other,活动汇总与活动详细两个页面相同,15,15,1
Slife,Slife,10010000010976,10010000010976,other.chat.other,other.chat.other,添加好友异常,6,6,1
Slife,Slife,10010000011544,10010000011544,run_walk.list_item.wrong_value,run_walk.list_item.wrong_value,步行由144步到197步时，没有新增加一天新的步行时间记录。图二是步行144步，步行时间记录为7分钟7秒。图一是步行197步，但没有增…,68,62,1
Slife,Slife,10010000007686,10010000007686,register.page_view.no_prompt,register.page_view.no_prompt,我在注册时，设置的密码是123456，密码过于简单，但是注册时没有提示需要设置复杂度较高的密码，安全系数不高，而且输入邮箱和密码时也没…,68,62,1
Slife,Slife,10010000010152,10010000010152,run_walk.button_icon.cannot_or_fail,run_walk.button_icon.cannot_or_fail,"设定目标:首先重置目标这个按钮,显示为灰色让用户以为不能点击,其次等我点击该按钮的时候。却需要重新选择自己的性别身高年龄，原本以为只是…",68,62,1
Slife,Slife,10010000010629,10010000010629,share.image_banner.other,share.image_banner.other,分享:在用QQ等其他社交软件分享的时候，系统会分享一张图片出去。然而，当用发送消息的形式分享的时候。这是分享一个链接而这个链接确实需要…,68,62,1
Slife,Slife,10010000011351,10010000011351,other.other.other,other.other.other,前提：用户已经成功登陆且成功修改头像,18,17,1
Slife,Slife,10010000010786,10010000010786,run_walk.page_view.other,run_walk.page_view.other,设定运动目标功能时，每次选择重新设定都会回到初始界面，从性别选择开始。(即使是登陆后，绑定了账号)。用户体验差。,56,48,1
Slife,Slife,10010000011331,10010000011331,other.other.other,other.other.other,在打开APP使用时，查看内存占用情况,18,17,1
Slife,Slife,10010000011072,10010000011072,step_count.step.other,step_count.step.other,性别、体重、身高、出生年份、日常活动强度这四个值，保持其中三个值不变，更改另外一个值，建议步行的步数正常是有变化的，但经常没有变化，即…,68,58,1
Slife,Slife,10010000011223,10010000011223,share.chat.wrong_value,share.chat.wrong_value,运动结果无法分享给共同使用的好友，分享至QQ和短信可以跳转，但分享的链接不是运动数据，分享至微博可以跳转，但会显示文件不存在而无法分享…,68,63,1
Slife,Slife,10010000010267,10010000010267,settings.button_icon.other,settings.button_icon.other,如图所示，用户设置的目标，用头像图标标识，但指示条下方的小三角形图标并没有随头像图标移动，一直处于中间位置,53,49,1
Slife,Slife,10010000010369,10010000010369,step_count.step.other,step_count.step.other,对于设定步数那里，是只能以卡路里增加减少的情况与步数进行对应。,31,29,1
Slife,Slife,10010000011574,10010000011574,search.other.other,search.other.other,如图1，Slife运行时是可以正常查找到Slife的电量使用情况的，但当强制停止Slife并关闭Slife在后台自启动的功能后（如图2…,68,64,1
Slife,Slife,10010000011524,10010000011524,step_count.step.cannot_or_fail,step_count.step.cannot_or_fail,设定运动目标时可选择的范围过小，如今很多人一天能走两三万步左右，相对于想减肥的人群来说，自然想把目标定高，而该app的根据我的身高体重…,68,63,1
Slife,Slife,10010000011024,10010000011024,share.page_view.other,share.page_view.other,分享的内容太单一，只有一个公司网址，显然宣传度和吸引力是不够的，应该加上分享用户的活动记录，使用app的完成任务的情况等。形式上应该加…,68,62,1
Slife,Slife,10010000011069,10010000011069,share.page_view.other,share.page_view.other,在进行分享自己的运动成果是，步骤是点击右上角的标志—>在点击右上角的分享标志—>出现选择分享平台的页面。但是在这里分享出现的是对Sli…,68,61,1
Slife,Slife,10010000011350,10010000011350,share.share_panel.other,share.share_panel.other,分享功能：,5,4,1
Slife,Slife,10010000010463,10010000010463,run_walk.page_view.other,run_walk.page_view.other,当由首页切换到地图页面时候，可以发现，在显示地图的页面的最上方是数据一直就是点击进来的数据，不过用户如何运动，这个数据都不会实时更新，…,68,62,1
Slife,Slife,10010000011387,10010000011387,step_count.page_view.permission,step_count.page_view.permission,在设定步数界面中，设置的步数过低，只能设置到最高是13393步，并不是一个常人不能达到的日常步数，应该起码设置在两万步以上，才是比较正…,68,62,1
Slife,Slife,10010000011259,10010000011259,other.other.other,other.other.other,先登陆用户,5,5,1
Slife,Slife,10010000011277,10010000011277,other.step.other,other.step.other,用例名称：距离统计,9,8,1
Slife,Slife,10010000011280,10010000011280,share.share_panel.load_fail,share.share_panel.load_fail,没有安装推特，点击用推特分享运动情况报应用未安装，然而并没有安装facebook如图1所示 ，若点击用facebook分享运动情况，则…,68,62,1
Slife,Slife,10010000010177,10010000010177,other.other.other,other.other.other,用例名称：内存检测,9,8,1
Slife,Slife,10010000010359,10010000010359,step_count.step.other,step_count.step.other,测试用例：统计步数与举例,12,11,1
Slife,Slife,10010000010665,10010000010665,run_walk.other.other,run_walk.other.other,运动后，,4,3,1
Slife,Slife,10010000011245,10010000011245,share.button_icon.other,share.button_icon.other,在活动趋势页面，点击分享按钮，弹出分享到社交平台对话框后，如截图一。点击更多，跳转过程中提示信息为“截屏中”，提示信息不合理。建议修改…,68,58,1
Slife,Slife,10010000007520,10010000007520,register.other.wrong_value,register.other.wrong_value,注册提交时，没有进行邮箱格式二次检查，即使邮箱格式错误，也能成功注册。用户注册时虽然自动添加邮箱密码格式，但是当用户不小心删除了已经输…,68,62,1
Slife,Slife,10010000010243,10010000010243,other.other.other,other.other.other,问题描述:Slife耗电较高,14,13,1
Slife,Slife,10010000010670,10010000010670,step_count.page_view.wrong_value,step_count.page_view.wrong_value,步数多的所对应的卡路里没有步数少的对应的卡路里多，并且，在目标设定的最后一个界面，这个界面既可以根据公式算出，但是也可以自己手动调节，…,68,62,1
Slife,Slife,10010000011730,10010000011730,other.other.other,other.other.other,测试的功能：活动趋势,10,9,1
Slife,Slife,10010000010614,10010000010614,share.share_panel.other,share.share_panel.other,问题描述:运动结果分享到facebook时，点击后一直为加载状态,32,30,1
Slife,Slife,10010000011612,10010000011612,settings.page_view.cannot_or_fail,settings.page_view.cannot_or_fail,设置个人信息时，体重不能低于30KG，身高不能低于0.6M，出生年份不能晚于2010年，限制了一些小孩无法使用该软件。另外上限值也限制…,68,61,1
Slife,Slife,10010000011113,10010000011113,share.page_view.layout_issue,share.page_view.layout_issue,在进行自己的运动情况分享的时候，在右上角的位置分享的是对Slife这个软件的简介。要出现自己的运动情况的话要对首页进行下拉。但是对于页…,68,64,1
Slife,Slife,10010000010863,10010000010863,register.page_view.other,register.page_view.other,用户在注册阶段输入密码的字符数量上限设置过高，至少是200多的字符。这样是那些喜欢设置长密码的用户能过多输入密码，也极大程度的导致一些…,68,64,1
Slife,Slife,10010000011390,10010000011390,share.share_panel.other,share.share_panel.other,分享到微博，截图成功，未能打开微博应用,19,17,1
Slife,Slife,10010000011396,10010000011396,other.other.other,other.other.other,测试的功能,5,5,1
Slife,Slife,10010000007541,10010000007541,share.button_icon.cannot_send,share.button_icon.cannot_send,分享至facebook，点击facebook图标，先是出现截屏中、分享中、然后就是loading页面，一直是loading，直至手机自…,68,61,1
Slife,Slife,10010000011440,10010000011440,share.page_view.wrong_value,share.page_view.wrong_value,对于分享页面出现的社交平台微博、微信等应用点击分享时会出现错误。点击朋友圈会提示：发送失败，请重试,49,45,1
Slife,Slife,10010000011665,10010000011665,share.button_icon.cannot_send,share.button_icon.cannot_send,分享至facebook，点击facebook图标，先是出现截屏中、分享中、然后就是loading页面，一直是loading，直至手机自…,68,61,1
Slife,Slife,10010000010514,10010000010514,run_walk.page_view.other,run_walk.page_view.other,设置女生数据后，得步行8163步,16,15,1
Slife,Slife,10010000010827,10010000010827,settings.page_view.other,settings.page_view.other,在设置数据时，男女所给的数据范围一样，体重：30kg到200kg,32,29,1
Slife,Slife,10010000011678,10010000011678,settings.page_view.cannot_or_fail,settings.page_view.cannot_or_fail,开始的时候必须设置”目标”，否则无法进行下一次。而且还要进行手机兼容性测试，如果兼容心测试表示匹配之后，再次点击兼容性测试，还需要再重…,68,60,1
Slife,Slife,10010000007537,10010000007537,other.step.cannot_or_fail,other.step.cannot_or_fail,当用户更换头像选择拍照时，虽然能够更改成功，但是在选定照片后，无论等多长时间，都看不到头像，只是一片空白，只有上传之后才能看到，用户体…,68,60,1
Slife,Slife,10010000010981,10010000010981,share.share_panel.other,share.share_panel.other,测试功能：运动结果的分享,12,11,1
Slife,Slife,10010000011071,10010000011071,step_count.page_view.other,step_count.page_view.other,进去“首页”，通过特定方式（跑步），完成跑步数据以及运动路径,30,24,1
Slife,Slife,10010000010897,10010000010897,step_count.step.cannot_or_fail,step_count.step.cannot_or_fail,进行步数统计的时候，如果在停留后进行重新走路时，数据无法随时更新，走路走了一段时间后才会更新，而且是突变，另外，像距离，运动时间，消耗…,68,59,1
Slife,Slife,10010000011705,10010000011705,gps_track.gps.other,gps_track.gps.other,用例名称：步行轨迹,9,8,1
Slife,Slife,10010000010721,10010000010721,step_count.step.other,step_count.step.other,进行多个测试用例测试之后发现，根据Roza和Shizgal修正的Harris—Benedict公式自行算出正确的运动步数和卡路里该消耗…,68,65,1
Slife,Slife,10010000011371,10010000011371,share.button_icon.cannot_share,share.button_icon.cannot_share,"分享到""facebook""时,点击facebook图标后, (由于手机未安装facebook或其它原因而不能分享,此时该app应给予提…",68,60,1
Slife,Slife,10010000010478,10010000010478,other.page_view.other,other.page_view.other,打开轻客软件进入首页，见截图1,15,14,1
Slife,Slife,10010000011004,10010000011004,login.step.wrong_value,login.step.wrong_value,登录轻客软件，设定运动目标之后，手拿着手机开始步行并查看步数的变化，测试时发现步数到68步时，继续步行，出现了暂停增长的情况，见截图1,67,61,1
Slife,Slife,10010000010647,10010000010647,settings.page_view.other,settings.page_view.other,在设置目标，选择数据时，所对应的一些标准，如刻度尺，刻度尺上数据与显示出来的数据不吻合，甚至是错的。如图一中时间刻度尺是在1997和1…,68,61,1
Slife,Slife,10010000010913,10010000010913,register.button_icon.other,register.button_icon.other,点击“登录/注册”按钮,11,8,1
Slife,Slife,10010000007530,10010000007530,settings.page_view.other,settings.page_view.other,当我设置体重最小值，身高最大值，年龄最大值，体力劳动强度最强后，卡路里范围变化不大，显然不符合逻辑。无论怎样调节个人信息，每天卡路里的…,68,60,1
Slife,Slife,10010000007766,10010000007766,other.other.other,other.other.other,【预置条件】,6,4,1
Slife,Slife,10010000011788,10010000011788,other.button_icon.other,other.button_icon.other,首页点击右上角按钮,9,9,1
Slife,Slife,10010000010182,10010000010182,share.page_view.cannot_send,share.page_view.cannot_send,打开Slife，设定运动目标后开始运动，运动完成，进入应用主界面，下拉界面，显示分享区，选择分享到朋友圈，手机屏幕闪烁后，显示“发送失…,68,58,1
Slife,Slife,10010000011378,10010000011378,share.button_icon.other,share.button_icon.other,在活动趋势页面，点击分享按钮，弹出分享到社交平台对话框后，如截图一。点击任一平台进行分享，跳转过程中提示信息为“截屏中”。提示信息不合…,68,59,1
Slife,Slife,10010000010871,10010000010871,other.other.other,other.other.other,活动趋势,4,4,1
Slife,Slife,10010000011501,10010000011501,share.share_panel.other,share.share_panel.other,"当用户想要进行分享时，选择“QQ”,“朋友圈”,""微博""等，这时候存在一个问题，就是有时候虽然用户已经选中了某个软件进行分享操作，但是…",68,55,1
Slife,Slife,10010000011270,10010000011270,share.share_panel.other,share.share_panel.other,分享到facebook和twitter时，如果手机里没有安装facebook，提示信息为”something went wrong“，…,68,60,1
Slife,Slife,10010000011169,10010000011169,run_walk.other.other,run_walk.other.other,前提：用户在开启app时以各种形式运动,19,18,1
Slife,Slife,10010000010552,10010000010552,run_walk.page_view.other,run_walk.page_view.other,设置个人目标的时候，最高点会告诉用户这个目标很好。 但是真实生活中， 过度的运动可能会对人造成伤害， 这是很常见的事情， 但是软件没有…,68,58,1
Slife,Slife,10010000010346,10010000010346,run_walk.page_view.cannot_or_fail,run_walk.page_view.cannot_or_fail,在进行主要步骤的步骤2时，点击重新设置，会跳转到图2界面。而图2界面是进行个人的性别，体重，身高等个人属性设置（也就是说系统在“设定目…,68,60,1
Slife,Slife,10010000011041,10010000011041,other.other.other,other.other.other,【预置条件】,6,4,1
Slife,Slife,10010000010589,10010000010589,settings.page_view.other,settings.page_view.other,后台切换进程到手机设置的应用管理观察软件的内存使用情况，能观察到内存使用为54MB。切换进程进入私生活app应用再切换回应用管理，这时…,68,64,1
Slife,Slife,10010000010123,10010000010123,step_count.step.other,step_count.step.other,测试功能：计步距离,9,8,1
Slife,Slife,10010000011413,10010000011413,share.page_view.other,share.page_view.other,点击应用首页右上角 进入运动的详情界面 点击右上角分享的符号 点击分享到qq 和通过更多分享到qq 发送给同一个好友，发现分享的方式不…,68,61,1
Slife,Slife,10010000011695,10010000011695,run_walk.other.other,run_walk.other.other,该软件运行时，耗电量比较大，尽管软件提供了“省电模式”的选择，但是即使是在省电模式下，也比市面上的其他运动工具软件在省电模式下的耗电量…,68,61,1
Slife,Slife,10010000011466,10010000011466,share.share_panel.other,share.share_panel.other,首先进入地图，然后当点击右上角的分享进行分享时，比如点击QQ进行分享，首先系统会跳转至QQ，当分享结束，系统会弹出选择框“返回私生活”…,68,60,1
Slife,Slife,10010000010329,10010000010329,share.share_panel.cannot_share,share.share_panel.cannot_share,问题描述:运动结果分享微信朋友圈失败，提示您安装的微信版本不支持当前api,37,35,1
Slife,Slife,10010000011354,10010000011354,settings.page_view.other,settings.page_view.other,在手机设置,5,5,0
Slife,Slife,10010000011426,10010000011426,share.button_icon.cannot_send,share.button_icon.cannot_send,在活动趋势页面，点击分享按钮，弹出分享到社交平台对话框后，如截图一。点击更多，进入到截图二界面，点击取消，提示“发送失败请重试”，提示…,68,57,1
Slife,Slife,10010000011046,10010000011046,other.other.other,other.other.other,当用三部手机测试app占用内存大小时，发现同一版本的私生活app所占内存大小相差甚大。第一部手机中，app占用内存为24.38MB,65,61,0
Slife,Slife,10010000007807,10010000007807,login.image_banner.other,login.image_banner.other,头像更改以后，注销之后再登录，头像变成默认图片。,24,21,1
Slife,Slife,10010000011523,10010000011523,share.share_panel.wrong_value,share.share_panel.wrong_value,下滑出现的活动汇总和活动详细都没有内容 ，直接显示的是分享到社交平台。最好可以先显示活动汇总和内容，给用户一个直观的结果展示，再进行分…,68,62,1
Slife,Slife,10010000010578,10010000010578,other.other.other,other.other.other,步骤:(该手机未安装facebook软件),21,18,1
Slife,Slife,10010000010656,10010000010656,other.other.other,other.other.other,活动趋势,4,4,1
Slife,Slife,10010000011425,10010000011425,share.share_panel.other,share.share_panel.other,测试功能：分享,7,6,1
Slife,Slife,10010000011742,10010000011742,share.share_panel.other,share.share_panel.other,测试功能：分享,7,6,1
Slife,Slife,10010000010386,10010000010386,register.button_icon.other,register.button_icon.other,第一步：点击应用主界面的侧边栏。第二步：点击登录/注册按钮，再点击注册按钮。第三步：填写注册信息，在输入密码时，系统没有对用户的输入采…,68,58,1
Slife,Slife,10010000010979,10010000010979,other.other.other,other.other.other,【预置条件】,6,4,1
Slife,Slife,10010000007540,10010000007540,other.page_view.other,other.page_view.other,第一步：点击应用主界面的侧边栏,15,14,1
Slife,Slife,10010000011431,10010000011431,step_count.list_item.other,step_count.list_item.other,功能不完善：对于个人的基础信息应该另外列出一个功能列表的功能，而不是集成在设定目标的功能（虽然目标步数的计算是和个人功能相关联）。,65,60,1
Slife,Slife,10010000010991,10010000010991,other.page_view.other,other.page_view.other,步骤:1.在首页右上角点击进入“活动趋势”页面,23,19,1
Slife,Slife,10010000011180,10010000011180,share.button_icon.other,share.button_icon.other,"通过qq""分享到社交平台"", 点击qq图标后,",23,18,1
Slife,Slife,10010000011375,10010000011375,settings.other.other,settings.other.other,断网之后，对性别体重、身高、出生年份、活动强度这四个值进行更改，此时出现的合适目标不会变化。（本身公式应该是可以内置在本地无需联网的，…,68,59,1
Slife,Slife,10010000010994,10010000010994,share.page_view.other,share.page_view.other,首页上进行下拉操作弹出分享信息，提示用户截图中弹出分享界面,29,28,1
Slife,Slife,10010000010837,10010000010837,share.share_panel.cannot_or_fail,share.share_panel.cannot_or_fail,无法“分享”到新浪微博以及微信朋友圈社交平台。,23,20,1
Slife,Slife,10010000011701,10010000011701,login.button_icon.other,login.button_icon.other,打开轻客软件并登录，步行了92步，手机未关机也未关闭该应用，步行情况显示界面的时间轴上出现应用已关闭，点击截图1中所示的步行图标，进入…,68,62,1
Slife,Slife,10010000007768,10010000007768,other.other.other,other.other.other,【预置条件】,6,4,1
Slife,Slife,10010000010912,10010000010912,other.button_icon.other,other.button_icon.other,运行软件客户端，点击切换到“首页”，点击首页右上角的图标,28,24,1
Slife,Slife,10010000011086,10010000011086,other.other.other,other.other.other,【预置条件】,6,4,1
Slife,Slife,10010000011029,10010000011029,run_walk.step.wrong_value,run_walk.step.wrong_value,只显示神游（即无论跑步还是步行都只显示神游状态），活动时间显示0分钟，活动距离也一直显示0米，最长活动时间和最长活动距离，消耗卡路里都…,68,61,1
Slife,Slife,10010000011495,10010000011495,step_count.list_item.cannot_or_fail,step_count.list_item.cannot_or_fail,每日运动没有显示具体某小时段运动数量，而只是显示一个很细的条来代表大概每个小时的运动量，这样给用户的体验不是很好，因为用户使用运动类a…,68,64,1
Slife,Slife,10010000010616,10010000010616,register.other.other,register.other.other,其实用户在使用邮箱注册时，系统是会向用户邮箱里发送邮件的，可是在实际操作中，app并不会想用户提示已发送邮件，这回造成什么后果尚不知，…,68,62,1
Slife,Slife,10010000010002,10010000010002,step_count.other.other,step_count.other.other,测试功能：计步功能,9,8,1
Slife,Slife,10010000011062,10010000011062,run_walk.other.other,run_walk.other.other,前提：用户以各种方式运动,12,11,1
Slife,Slife,10010000010371,10010000010371,other.other.other,other.other.other,和其他应用一起开启是内存降到39.88mb，内存占用率降低，其他应用较少时，APP内存占用率上升到40多MB，APP刚刚开启时内存占用…,68,62,0
Slife,Slife,10010000010867,10010000010867,login.page_view.other,login.page_view.other,打开轻客软件，点击首页右上角三道杠打开左侧导航栏，如果登录了App，则退出，见截图1,42,38,1
Slife,Slife,10010000010560,10010000010560,share.image_banner.other,share.image_banner.other,分享:在分享数据的时候该应用会自动帮你截图，分享出去的，只能是图片。而不是上传到服务器上的数据。那么用户，只能看到你今天分享的运动量。…,68,60,1
Slife,Slife,10010000010905,10010000010905,other.button_icon.other,other.button_icon.other,运行软件客户端，点击切换到“首页”，点击首页右上角的图标,28,24,1
Slife,Slife,10010000010530,10010000010530,share.share_panel.other,share.share_panel.other,测试功能：分享数据至微博、微信,15,13,1
Slife,Slife,10010000011156,10010000011156,other.other.other,other.other.other,【预置条件】,6,4,1
Slife,Slife,10010000010910,10010000010910,other.page_view.other,other.page_view.other,步骤:1.在首页右上角点击进入“活动趋势”页面,23,19,1
Slife,Slife,10010000010733,10010000010733,step_count.step.other,step_count.step.other,当进入“设定目标”模式，填写个人信息，两次填写的信息除体重不同外，其它信息均相同，第一次体重为40kg，第一次体重为80kg。体重为8…,68,59,1
Slife,Slife,10010000011212,10010000011212,other.other.other,other.other.other,【预置条件】,6,4,1
Slife,Slife,10010000007769,10010000007769,run_walk.page_view.cannot_or_fail,run_walk.page_view.cannot_or_fail,侧边栏没有用户任务的相关设置，只有在设置子功能中设置相关的卡路里，而且设置时必须重头开始，没有直接增加每日卡路里的选择项，增加每日运动…,68,63,1
Slife,Slife,10010000011588,10010000011588,other.other.other,other.other.other,(1)启动应用,7,5,1
Slife,Slife,10010000011595,10010000011595,share.share_panel.other,share.share_panel.other,在分享到QQ时，分享成功，但查出来的只是软件的介绍，没有分享的跑步数据,35,32,1
Slife,Slife,10010000010841,10010000010841,share.share_panel.other,share.share_panel.other,用例名称：分享运动,9,8,1
Slife,Slife,10010000011380,10010000011380,other.other.other,other.other.other,【预置条件】,6,4,1
Slife,Slife,10010000011567,10010000011567,run_walk.page_view.other,run_walk.page_view.other,进入运动结果界面,8,8,1
Slife,Slife,10010000010138,10010000010138,step_count.step.permission,step_count.step.permission,当用手机自带的内存清理工具进行清理内存的时候，应用从后台退出。退出之后是没有办法对用户的步数进行准确测量的。像计步工具这类的应用，安装…,68,63,1
Slife,Slife,10010000011593,10010000011593,share.page_view.cannot_share,share.page_view.cannot_share,当用QQ邮箱登陆时，不能通过微博分享，也不提示不能分享，只是停留在那个页面,37,34,1
Slife,Slife,10010000011162,10010000011162,settings.page_view.other,settings.page_view.other,重新设置目标存在问题,10,10,1
Slife,Slife,10010000007718,10010000007718,login.page_view.other,login.page_view.other,进入左侧侧边栏，点击用户头像，弹出注销界面。或者在设置完用户头像后，在侧边栏直接点击用户头像，弹出注销界面，在图1操作后点击用户头像，…,68,60,1
Slife,Slife,10010000010870,10010000010870,other.button_icon.other,other.button_icon.other,运行软件客户端，点击切换到“首页”，点击首页右上角的图标,28,24,1
Slife,Slife,10010000011266,10010000011266,other.other.other,other.other.other,【预置条件】,6,4,1
Slife,Slife,10010000007523,10010000007523,register.other.wrong_value,register.other.wrong_value,输入一个不存在的邮箱名，其他不填写会直接提示“密码为空”，却没有提示到用户名为填写，只输入密码或者什么都不填写后点击注册，只提示“邮箱…,68,60,1
Slife,Slife,10010000007595,10010000007595,other.other.other,other.other.other,步骤5后输入特殊字符“@ ”并没有类似“不可输入特殊字符”等提示信息，见截图1,39,32,1
Slife,Slife,10010000010074,10010000010074,share.page_view.load_fail,share.page_view.load_fail,当进行分享时，点击朋友圈的时候该系统无法打开微信进入微信界面，同时在点击Twitter进行分享时，系统也无法打开Twitter官网，这…,68,63,1
Slife,Slife,10010000011662,10010000011662,other.other.other,other.other.other,(1)app在后台运行,11,9,1
Slife,Slife,10010000010895,10010000010895,other.button_icon.other,other.button_icon.other,运行软件客户端，点击切换到“首页”，点击首页右上角的图标,28,24,1
Slife,Slife,10010000011645,10010000011645,step_count.page_view.freeze,step_count.page_view.freeze,用户在使用该软件进行步数监测时，出现了性能不稳定以及实时性不能够得到保障的情况，在某些时候软件可以准确的监测到用户步数的变化，在用户每…,68,64,1
Slife,Slife,10010000010658,10010000010658,run_walk.other.other,run_walk.other.other,软件会显示完成的百分比。但是绿色总是给人一种轻松的感觉 让人觉得 好像也没那么严重的任务， 一天不完成也可以。我建议一开始用红色，然后…,68,60,0
Slife,Slife,10010000010881,10010000010881,other.button_icon.other,other.button_icon.other,运行软件客户端，点击切换到“首页”，点击首页右上角的图标,28,24,1
Slife,Slife,10010000011773,10010000011773,run_walk.page_view.cannot_or_fail,run_walk.page_view.cannot_or_fail,"可设置性别<男，女>，体重<30~200kg>,身高<0.60~2.30m>,出生年份<1930~2010年>，但体重小于30，大于2…",68,48,1
Slife,Slife,10010000011092,10010000011092,share.page_view.wrong_value,share.page_view.wrong_value,在测试应用分享的过程中，出现了较大的问题。如图：在选择分享给QQ好友的过程中时，可以看到有两个界面可提供选择，一个是直接在分享主界面中…,68,62,1
Slife,Slife,10010000011294,10010000011294,other.other.other,other.other.other,【预置条件】,6,4,1
Slife,Slife,10010000010574,10010000010574,share.share_panel.other,share.share_panel.other,当用户使用分享时，在手机没有按照翻墙软件的情况下进行Facebook的分享测试时可以发现，系统一直处于“loading”状态，不管加载…,68,62,1
Slife,Slife,10010000010440,10010000010440,settings.other.other,settings.other.other,根据公式进行目标设定：基础能量代谢（BEE）,22,19,1
Slife,Slife,10010000011512,10010000011512,share.image_banner.other,share.image_banner.other,在用户分享给其它用户时，其它用户打开却是这款软件的宣传介绍及下载链接，这样子给其他新用户的印象是很不好的，大家都会认为有一种打广告的感…,68,64,1
Slife,Slife,10010000011581,10010000011581,other.other.cannot_or_fail,other.other.cannot_or_fail,录入身高时，最小值0.6米，最大值2.3米，体重最轻60斤，最重400斤，最小年纪6岁，最大年纪86岁。这是不合理的，在世界上身高体重…,68,57,1
Slife,Slife,10010000010607,10010000010607,share.share_panel.cannot_send,share.share_panel.cannot_send,通过微信朋友圈，twitter分享时，发送失败。,24,21,1
Slife,Slife,10010000011439,10010000011439,other.other.other,other.other.other,(1)打开app，进入主页。,14,10,1
Slife,Slife,10010000007709,10010000007709,register.page_view.no_prompt,register.page_view.no_prompt,进入左侧边侧栏，点击用户头像或者用户名，进入到注销页面，若此时想设置用户头像和用户名，用户名是注册时设置的，这里未提示能否修改用户名，…,68,61,1
Slife,Slife,10010000010307,10010000010307,login.other.other,login.other.other,操作1：如图1，在设备A上登录账号，并设定目标为8871步。,30,26,1
Slife,Slife,10010000007657,10010000007657,register.page_view.wrong_value,register.page_view.wrong_value,注册时只输入一次密码，若密码输入与自己预期设置密码不同，输入错误，用户无法获知，容易忘记密码，在点击忘记密码时，只有一种密码找回方式，…,68,60,1
Slife,Slife,10010000010278,10010000010278,share.page_view.wrong_value,share.page_view.wrong_value,"当进行邮件分享的时候，(此处可以保证输入的邮箱和密码是正确的),尽管已经将提供的协议全部进行测试，结果显示，邮箱分享功能存在严重的bu…",68,61,1
Slife,Slife,10010000011200,10010000011200,step_count.other.cannot_or_fail,step_count.other.cannot_or_fail,这个问题或许是当前几乎所有计步软件都面临的一个问题。同样是一步，系统无法判断用户是走了一步还是跑了一步，这一步是大步还是小步。由于无法…,68,63,0
Slife,Slife,10010000011220,10010000011220,other.other.other,other.other.other,在操作步骤9时,7,7,1
Slife,Slife,10010000010506,10010000010506,share.page_view.wrong_value,share.page_view.wrong_value,问题描述:运动结果分享到qq链接打开为app下载页面，不是运动结果界面,35,33,1
Slife,Slife,10010000010779,10010000010779,share.page_view.other,share.page_view.other,问题描述:运动结果已信息分享打开为下载界面非运动结果,26,25,1
Slife,Slife,10010000010787,10010000010787,share.share_panel.other,share.share_panel.other,分享测试：,5,4,1
Slife,Slife,10010000010575,10010000010575,step_count.step.other,step_count.step.other,设定目标时，选择女士，体重30kg，见截图1，身高0.60m，1930年出生，日常活动强度为轻度，其推荐活动步数为13001步，卡路里…,68,58,1
Slife,Slife,10010000010471,10010000010471,share.share_panel.other,share.share_panel.other,活动汇总和活动详细分享的内容是一样的。,19,18,1
Slife,Slife,10010000010608,10010000010608,step_count.step.other,step_count.step.other,设定目标时，选择女士，体重30kg，身高0.60m，见截图1，1930年出生，日常活动强度为轻度，其推荐活动步数为13001步，卡路里…,68,58,1
Slife,Slife,10010000010354,10010000010354,step_count.step.other,step_count.step.other,设定目标时，选择女士，体重30kg，身高0.60m，1930年出生，日常活动强度为轻度，见截图1，其推荐活动步数为4233步，卡路里为…,68,58,1
Slife,Slife,10010000010959,10010000010959,share.share_panel.other,share.share_panel.other,使用分享功能时可分享至qq，邮箱，短信等程序,22,20,1
Slife,Slife,10010000010600,10010000010600,step_count.step.other,step_count.step.other,设定目标时，选择女士，体重30kg，身高0.60m，1930年出生，见截图1，日常活动强度为轻度，其推荐活动步数为13001步，卡路里…,68,58,1
Slife,Slife,10010000011484,10010000011484,step_count.page_view.other,step_count.page_view.other,继上一个bug，断网之后还会出现一个问题，当你此时联网之后，app所推荐的合适步数数据仍然没有改变。（正常情况下，点击完成之前就该有显…,68,61,1
Slife,Slife,10010000011604,10010000011604,other.other.other,other.other.other,前提：用户手机状况良好，用户已经开启应用,20,18,0
Slife,Slife,10010000011364,10010000011364,other.other.other,other.other.other,【预置条件】,6,4,1
Slife,Slife,10010000009940,10010000009940,step_count.page_view.other,step_count.page_view.other,问题描述:设置运动目标中设置步数区间娇小，建议优化,25,23,1
Slife,Slife,10010000010855,10010000010855,other.other.other,other.other.other,前提：手机运行状况良好,11,10,1
Slife,Slife,10010000010569,10010000010569,register.other.other,register.other.other,前提：用户已经成功注册,11,10,1
Slife,Slife,10010000010115,10010000010115,other.other.other,other.other.other,前提：,3,2,1
Slife,Slife,10010000011737,10010000011737,share.share_panel.cannot_share,share.share_panel.cannot_share,用例名称：分享时直接点击朋友圈，分享失败,20,18,1
Slife,Slife,10010000011449,10010000011449,step_count.page_view.wrong_value,step_count.page_view.wrong_value,功能不完善：私生活这个产品本来就是记录人的行动路线，并且记录步数来检测当天的生活是否足够健康的，但是在应用设置的省电模式里面却提示用户…,68,64,1
Slife,Slife,10010000011514,10010000011514,other.other.other,other.other.other,测试的功能,5,5,1
Slife,Slife,10010000007704,10010000007704,settings.page_view.other,settings.page_view.other,点击侧边栏，进入到当前用户详情页面，查看用户详情页面的相关信息，页面左上角为用户头像 用户名，若头像未设置就是系统默认的头像，头像下面…,68,61,1
Slife,Slife,10010000007712,10010000007712,login.page_view.other,login.page_view.other,点击用户头像，出现头像设置界面，出现3个选择项，相机(现拍照片)，图片(从相册中选择)，默认头像，此时选择第三个功能，即选择默认头像，…,68,55,1
Slife,Slife,10010000011528,10010000011528,other.other.other,other.other.other,(1)进入app,8,6,1
Slife,Slife,10010000007750,10010000007750,other.other.other,other.other.other,【预置条件】,6,4,1
Slife,Slife,10010000007751,10010000007751,other.other.other,other.other.other,【预置条件】,6,4,1
Slife,Slife,10010000011039,10010000011039,step_count.list_item.wrong_value,step_count.list_item.wrong_value,一般大多数这样的计步软件，都是根据人体走路的颠簸频率来计数，但是当用户骑车坐车的时候，就会出现数不清的差错。那可不可以把在不同地方(比…,68,62,0
Slife,Slife,10010000011134,10010000011134,run_walk.other.other,run_walk.other.other,用例名称:设定运动目标,11,10,1
Slife,Slife,10010000007752,10010000007752,other.other.other,other.other.other,【预置条件】,6,4,1
Slife,Slife,10010000010836,10010000010836,settings.page_view.other,settings.page_view.other,在设定目标的时候，点击“重新设置”,17,14,1
Slife,Slife,10010000011005,10010000011005,run_walk.step.other,run_walk.step.other,当用户进行主要步骤的步骤2时，其默认的运动量卡路里数与步骤1（即图1）看到的相同（如图2），“表情”在正中间,54,46,1
Slife,Slife,10010000011314,10010000011314,step_count.page_view.layout_issue,step_count.page_view.layout_issue,用户在使用这款软件的时候，无论是什么时候，第一眼一定是看最顶上那一个主题，今天我走了多少步。这里就存在一个页面布局设计上的问题，它的最…,68,62,1
Slife,Slife,10010000007762,10010000007762,other.other.other,other.other.other,【预置条件】,6,4,1
Slife,Slife,10010000010250,10010000010250,other.page_view.other,other.page_view.other,首先进入应用的主界面，点击右上角进入“活动趋势”界面,26,23,1
Slife,Slife,10010000007714,10010000007714,settings.page_view.no_prompt,settings.page_view.no_prompt,点击用户头像，出现头像设置界面，出现3个选择项，相机(现拍照片)，图片(从相册中选择)，默认头像，此时选择第2个功能，通过系统默认相册…,68,56,1
Slife,Slife,10010000010963,10010000010963,step_count.step.other,step_count.step.other,我将手机装在裤子口袋里进行测试，视奏之前步数为557，在路上走了一百二十步之后系统显示的步数是590步，之后又进行了多次测试，发现将手…,68,63,1
Slife,Slife,10010000010529,10010000010529,run_walk.page_view.other,run_walk.page_view.other,填写个人信息。点击返回上一步，修改个人信息，性别，身高，体重，日常活动强度，再点下一步，回到建议运动量界面，建议运动量不改变，但是完成…,68,57,1
Slife,Slife,10010000010151,10010000010151,step_count.page_view.other,step_count.page_view.other,问题描述:设置运单目标运单强度为轻度的步数设置大于运单强度为中度的步数设置（中度也大于重度）,46,43,1
Slife,Slife,10010000011631,10010000011631,share.page_view.other,share.page_view.other,"将运动结果通过各个应用进行分享，点击首页右上角，分别选择“新浪微博”，“QQ”,",40,32,1
Slife,Slife,10010000010702,10010000010702,run_walk.other.other,run_walk.other.other,建议运动量基于Roza和Shizal修正的Harris,27,27,1
