id,description,primary_clue,secondary_issues,primary_category,action,target,symptom,issue_key,is_multi_issue,label_confidence,n_issues,app,__sheet__,id_norm,issue_key_norm,text_used,text_col_used,raw_text_len,norm_text_len,text_key,has_anchor,drop_reason
10010000009466,注册账号时若输入字符无法显示，将导致无法用邮箱注册,注册账号时若输入字符无法显示，将导致无法用邮箱注册,,Functional-Account,register,other,cannot_or_fail,register.other.cannot_or_fail,N,High,1,jayme,jayme,10010000009466,register.other.cannot_or_fail,注册账号时若输入字符无法显示，将导致无法用邮箱注册,primary_clue,25,24,注册账号时若输入字符无法显示 将导致无法用邮箱注册,1,
10010000008326,"*必须选择至少一个好友才可以创建群聊，单独自己不可以；
*成员退出群聊，群主收不到提醒；
*注册时，不可以用邮箱注册，不可以输入数字以外的其他字符；",必须选择至少一个好友才可以创建群聊，单独自己不可以,成员退出群聊，群主收不到提醒 || 注册时，不可以用邮箱注册，不可以输入数字以外的其他字符,Functional-Social,groupchat,chat,cannot_or_fail,groupchat.chat.cannot_or_fail,Y,Medium,3,jayme,jayme,10010000008326,groupchat.chat.cannot_or_fail,必须选择至少一个好友才可以创建群聊，单独自己不可以,primary_clue,25,24,必须选择至少一个好友才可以创建群聊 单独自己不可以,1,
10010000007965,说可以用手机或邮箱注册，但输入框不接受任何字符输入，所以实际上无法完成邮箱注册。而且同时输入框最右没有一键删除所输入内容的叉号按钮，所以当用户想要一键删除输入内容时会很不方便,说可以用手机或邮箱注册，但输入框不接受任何字符输入，所以实际上无法完成邮箱注册。而且同时输入框最右没有一键删除所输入内容的叉号按钮，所…,,Functional-Account,register,input_box,cannot_input,register.input_box.cannot_input,N,High,1,jayme,jayme,10010000007965,register.input_box.cannot_input,说可以用手机或邮箱注册，但输入框不接受任何字符输入，所以实际上无法完成邮箱注册。而且同时输入框最右没有一键删除所输入内容的叉号按钮，所…,primary_clue,68,63,说可以用手机或邮箱注册 但输入框不接受任何字符输入 所以实际上无法完成邮箱注册 而且同时输入框最右没有一键删除所输入内容的叉号按钮 所,1,
10010000009059,在用户注册界面输入手机号码或邮箱时，只能输入数字，不能输入英文，不知是测试手机的原因还是程序设定,在用户注册界面输入手机号码或邮箱时，只能输入数字，不能输入英文，不知是测试手机的原因还是程序设定,,Functional-Account,register,page_view,cannot_input,register.page_view.cannot_input,N,High,1,jayme,jayme,10010000009059,register.page_view.cannot_input,在用户注册界面输入手机号码或邮箱时，只能输入数字，不能输入英文，不知是测试手机的原因还是程序设定,primary_clue,48,45,在用户注册界面输入手机号码或邮箱时 只能输入数字 不能输入英文 不知是测试手机的原因还是程序设定,1,
10010000008005,写的有邮箱注册，但是无邮箱特殊符号@,写的有邮箱注册，但是无邮箱特殊符号@,,Functional-Account,register,other,other,register.other.other,N,High,1,jayme,jayme,10010000008005,register.other.other,写的有邮箱注册，但是无邮箱特殊符号@,primary_clue,18,16,写的有邮箱注册 但是无邮箱特殊符号,1,
10010000008227,注册时输入不进去@，无法用邮箱进行注册,注册时输入不进去@，无法用邮箱进行注册,,Functional-Account,register,other,cannot_or_fail,register.other.cannot_or_fail,N,High,1,jayme,jayme,10010000008227,register.other.cannot_or_fail,注册时输入不进去@，无法用邮箱进行注册,primary_clue,19,17,注册时输入不进去 无法用邮箱进行注册,1,
10010000007984,注册杰迷吧的时候，提示可以用手机和邮箱注册，可是实际上邮箱并不能注册,注册杰迷吧的时候，提示可以用手机和邮箱注册，可是实际上邮箱并不能注册,,Functional-Account,register,other,cannot_or_fail,register.other.cannot_or_fail,N,High,1,jayme,jayme,10010000007984,register.other.cannot_or_fail,注册杰迷吧的时候，提示可以用手机和邮箱注册，可是实际上邮箱并不能注册,primary_clue,34,32,注册杰迷吧的时候 提示可以用手机和邮箱注册 可是实际上邮箱并不能注册,1,
10010000007892,当进行注册时，实验邮箱注册时无法弹出@符号，也没有邮箱提示。给用户注册带来麻烦,当进行注册时，实验邮箱注册时无法弹出@符号，也没有邮箱提示。给用户注册带来麻烦,,Functional-Account,register,other,cannot_or_fail,register.other.cannot_or_fail,N,High,1,jayme,jayme,10010000007892,register.other.cannot_or_fail,当进行注册时，实验邮箱注册时无法弹出@符号，也没有邮箱提示。给用户注册带来麻烦,primary_clue,39,35,当进行注册时 实验邮箱注册时无法弹出 符号 也没有邮箱提示 给用户注册带来麻烦,1,
10010000009472,注册页面提示可以使用邮箱注册，但是注册的时候不能输入字母。用邮箱注册的功能不能实现。,注册页面提示可以使用邮箱注册，但是注册的时候不能输入字母。用邮箱注册的功能不能实现。,,Functional-Account,register,page_view,cannot_input,register.page_view.cannot_input,N,High,1,jayme,jayme,10010000009472,register.page_view.cannot_input,注册页面提示可以使用邮箱注册，但是注册的时候不能输入字母。用邮箱注册的功能不能实现。,primary_clue,42,39,注册页面提示可以使用邮箱注册 但是注册的时候不能输入字母 用邮箱注册的功能不能实现,1,
10010000007514,步骤2后使用邮箱注册时，无法输入@符号及其以后的信息，见截图1，因此无法通过邮箱进行注册,步骤2后使用邮箱注册时，无法输入@符号及其以后的信息，见截图1，因此无法通过邮箱进行注册,,Functional-Account,register,other,cannot_input,register.other.cannot_input,N,High,1,jayme,jayme,10010000007514,register.other.cannot_input,步骤2后使用邮箱注册时，无法输入@符号及其以后的信息，见截图1，因此无法通过邮箱进行注册,primary_clue,44,40,步骤2后使用邮箱注册时 无法输入 符号及其以后的信息 见截图1 因此无法通过邮箱进行注册,1,
10010000008834,在注册界面，提醒用户可以选择手机注册或者邮箱注册，但是只能选择手机注册，邮箱注册功能没有实现。,在注册界面，提醒用户可以选择手机注册或者邮箱注册，但是只能选择手机注册，邮箱注册功能没有实现。,,Functional-Account,register,page_view,other,register.page_view.other,N,High,1,jayme,jayme,10010000008834,register.page_view.other,在注册界面，提醒用户可以选择手机注册或者邮箱注册，但是只能选择手机注册，邮箱注册功能没有实现。,primary_clue,47,43,在注册界面 提醒用户可以选择手机注册或者邮箱注册 但是只能选择手机注册 邮箱注册功能没有实现,1,
10010000007803,邮箱注册时，只能输入前面的数字，不能输入后面的“@qq.com”。,邮箱注册时，只能输入前面的数字，不能输入后面的“@qq.com”。,,Functional-Account,register,share_panel,cannot_input,register.share_panel.cannot_input,N,High,1,jayme,jayme,10010000007803,register.share_panel.cannot_input,邮箱注册时，只能输入前面的数字，不能输入后面的“@qq.com”。,primary_clue,33,26,邮箱注册时 只能输入前面的数字 不能输入后面的 qq com,1,
10010000007951,进入app，进行注册账号时，提示可以使用手机号或者邮箱注册，但是使用邮箱无法注册，只能输入数字并不能切换键盘，并且在输入过程中控制只能输入十一个数字。,进入app，进行注册账号时，提示可以使用手机号或者邮箱注册，但是使用邮箱无法注册，只能输入数字并不能切换键盘，并且在输入过程中控制只能…,,Functional-Account,register,input_box,only_number,register.input_box.only_number,N,High,1,jayme,jayme,10010000007951,register.input_box.only_number,进入app，进行注册账号时，提示可以使用手机号或者邮箱注册，但是使用邮箱无法注册，只能输入数字并不能切换键盘，并且在输入过程中控制只能…,primary_clue,68,62,进入app 进行注册账号时 提示可以使用手机号或者邮箱注册 但是使用邮箱无法注册 只能输入数字并不能切换键盘 并且在输入过程中控制只能,1,
10010000008404,当首次进入APP是，显示周杰伦的欢迎视频，视频播放完成有出现“注册”页面，提示“请输入电话号码或邮箱”，但是输入时该输入框只能输入数字，不能输入字母及特殊符号，导致无法输入邮箱号，只能通过手机号注册。,当首次进入APP是，显示周杰伦的欢迎视频，视频播放完成有出现“注册”页面，提示“请输入电话号码或邮箱”，但是输入时该输入框只能输入数字…,,Functional-Account,register,input_box,cannot_input,register.input_box.cannot_input,N,High,1,jayme,jayme,10010000008404,register.input_box.cannot_input,当首次进入APP是，显示周杰伦的欢迎视频，视频播放完成有出现“注册”页面，提示“请输入电话号码或邮箱”，但是输入时该输入框只能输入数字…,primary_clue,68,59,当首次进入app是 显示周杰伦的欢迎视频 视频播放完成有出现 注册 页面 提示 请输入电话号码或邮箱 但是输入时该输入框只能输入数字,1,
10010000008879,当该群显示为任何人都可以加入时，群主可以修改加人的方式，比如需管理员审核。预期结果原本是组内其他人拉人时需要管理员审核，而群主拉人时不需要审核。然而实际结果是尽管是组内其他人也不需要管理员审核通过。,当该群显示为任何人都可以加入时，群主可以修改加人的方式，比如需管理员审核。预期结果原本是组内其他人拉人时需要管理员审核，而群主拉人时不…,,Functional-Social,groupchat,other,wrong_value,groupchat.other.wrong_value,N,High,1,jayme,jayme,10010000008879,groupchat.other.wrong_value,当该群显示为任何人都可以加入时，群主可以修改加人的方式，比如需管理员审核。预期结果原本是组内其他人拉人时需要管理员审核，而群主拉人时不…,primary_clue,68,63,当该群显示为任何人都可以加入时 群主可以修改加人的方式 比如需管理员审核 预期结果原本是组内其他人拉人时需要管理员审核 而群主拉人时不,1,
10010000009244,拉黑一个好友之后，仍然能够不经过对方同意便拉对方进入群内。,拉黑一个好友之后，仍然能够不经过对方同意便拉对方进入群内。,,Functional-Social,other,chat,other,other.chat.other,N,High,1,jayme,jayme,10010000009244,other.chat.other,拉黑一个好友之后，仍然能够不经过对方同意便拉对方进入群内。,primary_clue,29,27,拉黑一个好友之后 仍然能够不经过对方同意便拉对方进入群内,1,
10010000008594,操作人员是非群主，在群聊页面，点击群组设置标志，页面转到群组设置页面，点击添加新成员，页面转到添加成员页面，有最近联系人列表，点击要拉进群的联系人，不需该联系人同意，直接加入群（实际：被拉进群的联系人应该有同意不同意的权限）,操作人员是非群主，在群聊页面，点击群组设置标志，页面转到群组设置页面，点击添加新成员，页面转到添加成员页面，有最近联系人列表，点击要拉…,,Functional-Social,groupchat,page_view,permission,groupchat.page_view.permission,N,High,1,jayme,jayme,10010000008594,groupchat.page_view.permission,操作人员是非群主，在群聊页面，点击群组设置标志，页面转到群组设置页面，点击添加新成员，页面转到添加成员页面，有最近联系人列表，点击要拉…,primary_clue,68,60,操作人员是非群主 在群聊页面 点击群组设置标志 页面转到群组设置页面 点击添加新成员 页面转到添加成员页面 有最近联系人列表 点击要拉,1,
10010000009218,在创建群聊时，用户可以选择添加自己的好友加入群，也可以添加陌生人加入群，并且这种添加不需要经过被添加人的同意，即用户可以随意添加任何人进入一个群，这样会导致在使用该软件时，在毫无察觉的情况下被拉入自己并不想加入的群里面，被迫接受该群发送的消息或是垃圾广告，直到退出该群，极大的降低了用户体验。,在创建群聊时，用户可以选择添加自己的好友加入群，也可以添加陌生人加入群，并且这种添加不需要经过被添加人的同意，即用户可以随意添加任何人…,,Functional-Social,groupchat,image_banner,other,groupchat.image_banner.other,N,High,1,jayme,jayme,10010000009218,groupchat.image_banner.other,在创建群聊时，用户可以选择添加自己的好友加入群，也可以添加陌生人加入群，并且这种添加不需要经过被添加人的同意，即用户可以随意添加任何人…,primary_clue,68,63,在创建群聊时 用户可以选择添加自己的好友加入群 也可以添加陌生人加入群 并且这种添加不需要经过被添加人的同意 即用户可以随意添加任何人,1,
10010000009051,由于APP内没有被加群的相关中设置，用户可以被任意用户拉进群聊，即使把对方拉入黑名单，对方也是有权拉人进群，可能会造成一些骚扰。,由于APP内没有被加群的相关中设置，用户可以被任意用户拉进群聊，即使把对方拉入黑名单，对方也是有权拉人进群，可能会造成一些骚扰。,,Functional-Social,groupchat,page_view,other,groupchat.page_view.other,N,High,1,jayme,jayme,10010000009051,groupchat.page_view.other,由于APP内没有被加群的相关中设置，用户可以被任意用户拉进群聊，即使把对方拉入黑名单，对方也是有权拉人进群，可能会造成一些骚扰。,primary_clue,64,59,由于app内没有被加群的相关中设置 用户可以被任意用户拉进群聊 即使把对方拉入黑名单 对方也是有权拉人进群 可能会造成一些骚扰,1,
10010000009066,不经过同意便可以给陌生人发送消息，拉黑后才能防止骚扰。但是，创建群聊时可以拉入陌生人，并且不需要经过他同意。就算用户被拉黑，也能将拉黑他的人拉入群。这很容易让用户遭受骚扰，并且拉黑也不能阻止骚扰,不经过同意便可以给陌生人发送消息，拉黑后才能防止骚扰。但是，创建群聊时可以拉入陌生人，并且不需要经过他同意。就算用户被拉黑，也能将拉黑…,,Functional-Social,groupchat,chat,cannot_or_fail,groupchat.chat.cannot_or_fail,N,High,1,jayme,jayme,10010000009066,groupchat.chat.cannot_or_fail,不经过同意便可以给陌生人发送消息，拉黑后才能防止骚扰。但是，创建群聊时可以拉入陌生人，并且不需要经过他同意。就算用户被拉黑，也能将拉黑…,primary_clue,68,61,不经过同意便可以给陌生人发送消息 拉黑后才能防止骚扰 但是 创建群聊时可以拉入陌生人 并且不需要经过他同意 就算用户被拉黑 也能将拉黑,1,
10010000008897,改了头像之后显示成功，但是在群聊里不显示改过的头像,改了头像之后显示成功，但是在群聊里不显示改过的头像,,Functional-Social,groupchat,chat,display_missing,groupchat.chat.display_missing,N,High,1,jayme,jayme,10010000008897,groupchat.chat.display_missing,改了头像之后显示成功，但是在群聊里不显示改过的头像,primary_clue,25,24,改了头像之后显示成功 但是在群聊里不显示改过的头像,1,
10010000008900,在外面看群头像是最新的更新后的头像，但点进群看到的群成员头像是未更新的老头像,在外面看群头像是最新的更新后的头像，但点进群看到的群成员头像是未更新的老头像,,Functional-Social,groupchat,other,wrong_value,groupchat.other.wrong_value,N,High,1,jayme,jayme,10010000008900,groupchat.other.wrong_value,在外面看群头像是最新的更新后的头像，但点进群看到的群成员头像是未更新的老头像,primary_clue,38,37,在外面看群头像是最新的更新后的头像 但点进群看到的群成员头像是未更新的老头像,1,
10010000009017,在群组设置页面，点击更改头像后选择手机相册，当选择两张图片是的提示信息错误，应该提示不能选择多张图片,在群组设置页面，点击更改头像后选择手机相册，当选择两张图片是的提示信息错误，应该提示不能选择多张图片,,Functional-Social,groupchat,page_view,wrong_value,groupchat.page_view.wrong_value,N,High,1,jayme,jayme,10010000009017,groupchat.page_view.wrong_value,在群组设置页面，点击更改头像后选择手机相册，当选择两张图片是的提示信息错误，应该提示不能选择多张图片,primary_clue,50,47,在群组设置页面 点击更改头像后选择手机相册 当选择两张图片是的提示信息错误 应该提示不能选择多张图片,1,
10010000008963,这个bug较小些了，但还是很有必要对其重视。当用户与用户私聊的时候，用户聊天界面里是只显示头像与聊天框的。在群聊中，会出现两种不同的情况，一种是显示头像与聊天框，而另一种情况是显示头像、昵称与聊天框，如群聊截图所示。这个bug虽然不会产生太大的问题但也会在用户的心中留下一个很不好的形象，一方面在一定程度上也影响了用户体验。,这个bug较小些了，但还是很有必要对其重视。当用户与用户私聊的时候，用户聊天界面里是只显示头像与聊天框的。在群聊中，会出现两种不同的情…,,Functional-Social,groupchat,page_view,other,groupchat.page_view.other,N,High,1,jayme,jayme,10010000008963,groupchat.page_view.other,这个bug较小些了，但还是很有必要对其重视。当用户与用户私聊的时候，用户聊天界面里是只显示头像与聊天框的。在群聊中，会出现两种不同的情…,primary_clue,68,62,这个bug较小些了 但还是很有必要对其重视 当用户与用户私聊的时候 用户聊天界面里是只显示头像与聊天框的 在群聊中 会出现两种不同的情,1,
10010000009119,用户更改头像后，在群聊天的界面不能显示更改后的头像信息,用户更改头像后，在群聊天的界面不能显示更改后的头像信息,,Functional-Social,groupchat,page_view,cannot_or_fail,groupchat.page_view.cannot_or_fail,N,High,1,jayme,jayme,10010000009119,groupchat.page_view.cannot_or_fail,用户更改头像后，在群聊天的界面不能显示更改后的头像信息,primary_clue,27,26,用户更改头像后 在群聊天的界面不能显示更改后的头像信息,1,
10010000009737,更改群头像后，在我的孙列表里面显示的还为原来的头像，在群的里面是更改后的,更改群头像后，在我的孙列表里面显示的还为原来的头像，在群的里面是更改后的,,Other,other,list_item,other,other.list_item.other,N,Medium,1,jayme,jayme,10010000009737,other.list_item.other,更改群头像后，在我的孙列表里面显示的还为原来的头像，在群的里面是更改后的,primary_clue,36,34,更改群头像后 在我的孙列表里面显示的还为原来的头像 在群的里面是更改后的,1,
10010000007924,群组组员信息更新:群组中组员更改个人信息，如头像，名称，群组中无法更新至最新，还是初始信息。,群组组员信息更新:群组中组员更改个人信息，如头像，名称，群组中无法更新至最新，还是初始信息。,,Functional-Social,groupchat,chat,cannot_or_fail,groupchat.chat.cannot_or_fail,N,High,1,jayme,jayme,10010000007924,groupchat.chat.cannot_or_fail,群组组员信息更新:群组中组员更改个人信息，如头像，名称，群组中无法更新至最新，还是初始信息。,primary_clue,46,40,群组组员信息更新 群组中组员更改个人信息 如头像 名称 群组中无法更新至最新 还是初始信息,1,
10010000009764,修改头像后，在群聊消息中的头像显示延迟。,修改头像后，在群聊消息中的头像显示延迟。,,Performance/Freeze,groupchat,chat,freeze,groupchat.chat.freeze,N,High,1,jayme,jayme,10010000009764,groupchat.chat.freeze,修改头像后，在群聊消息中的头像显示延迟。,primary_clue,20,18,修改头像后 在群聊消息中的头像显示延迟,1,
10010000008811,通过点击群组成员头像进入该成员个人页面，发现其信息修改之后，在群组中并未显现，并通过多次刷新，没有成功将成员默认头像及名称显现成成员自己修改内容。,通过点击群组成员头像进入该成员个人页面，发现其信息修改之后，在群组中并未显现，并通过多次刷新，没有成功将成员默认头像及名称显现成成员自…,,Functional-Social,groupchat,page_view,other,groupchat.page_view.other,N,High,1,jayme,jayme,10010000008811,groupchat.page_view.other,通过点击群组成员头像进入该成员个人页面，发现其信息修改之后，在群组中并未显现，并通过多次刷新，没有成功将成员默认头像及名称显现成成员自…,primary_clue,68,63,通过点击群组成员头像进入该成员个人页面 发现其信息修改之后 在群组中并未显现 并通过多次刷新 没有成功将成员默认头像及名称显现成成员自,1,
10010000009453,功能不全：如果用户想在第三方的群或者分享到本软件其他群，群成员无法复制群号码，只能群主复制群号码，造成群无法分享，功能不完全，用户体验较差。,功能不全：如果用户想在第三方的群或者分享到本软件其他群，群成员无法复制群号码，只能群主复制群号码，造成群无法分享，功能不完全，用户体验较差。,,Functional-Share,share,share_panel,cannot_share,share.share_panel.cannot_share,N,High,1,jayme,jayme,10010000009453,share.share_panel.cannot_share,功能不全：如果用户想在第三方的群或者分享到本软件其他群，群成员无法复制群号码，只能群主复制群号码，造成群无法分享，功能不完全，用户体验较差。,primary_clue,70,63,功能不全 如果用户想在第三方的群或者分享到本软件其他群 群成员无法复制群号码 只能群主复制群号码 造成群无法分享 功能不完全 用户体验较差,1,
10010000007651,发表帖子或者查看最新帖子时没有分享到其他其他软件的功能，若发现有用的信息只能注册后才能查看，非此软件注册用户无法获得好友在此软件分享的有用信息。,发表帖子或者查看最新帖子时没有分享到其他其他软件的功能，若发现有用的信息只能注册后才能查看，非此软件注册用户无法获得好友在此软件分享的…,,Functional-Account,register,list_item,cannot_or_fail,register.list_item.cannot_or_fail,N,High,1,jayme,jayme,10010000007651,register.list_item.cannot_or_fail,发表帖子或者查看最新帖子时没有分享到其他其他软件的功能，若发现有用的信息只能注册后才能查看，非此软件注册用户无法获得好友在此软件分享的…,primary_clue,68,65,发表帖子或者查看最新帖子时没有分享到其他其他软件的功能 若发现有用的信息只能注册后才能查看 非此软件注册用户无法获得好友在此软件分享的,1,
10010000008441,群聊时，不能收藏表情，长按表情有个分享功能，分享到qq，没有分享到微信好友，微博其他选项，我点击分享到qq时，手机反应很慢，最后手机卡住了，关机重启后才行,群聊时，不能收藏表情，长按表情有个分享功能，分享到qq，没有分享到微信好友，微博其他选项，我点击分享到qq时，手机反应很慢，最后手机卡…,,Functional-Share,share,chat,cannot_or_fail,share.chat.cannot_or_fail,N,High,1,jayme,jayme,10010000008441,share.chat.cannot_or_fail,群聊时，不能收藏表情，长按表情有个分享功能，分享到qq，没有分享到微信好友，微博其他选项，我点击分享到qq时，手机反应很慢，最后手机卡…,primary_clue,68,59,群聊时 不能收藏表情 长按表情有个分享功能 分享到qq 没有分享到微信好友 微博其他选项 我点击分享到qq时 手机反应很慢 最后手机卡,1,
10010000008147,"聊天界面成功分享内容到QQ后，提示框按钮文字内容有错误同时在QQ聊天界面中，分享内容来源也有问题。
【预期:提示框按钮文字内容应为：返回JayMe；内容来源应为：来自JayMe】",聊天界面成功分享内容到QQ后，提示框按钮文字内容有错误同时在QQ聊天界面中，分享内容来源也有问题。,【预期:提示框按钮文字内容应为：返回JayMe || 内容来源应为：来自JayMe】,Functional-Share,share,button_icon,wrong_value,share.button_icon.wrong_value,Y,Medium,3,jayme,jayme,10010000008147,share.button_icon.wrong_value,聊天界面成功分享内容到QQ后，提示框按钮文字内容有错误同时在QQ聊天界面中，分享内容来源也有问题。,primary_clue,49,46,聊天界面成功分享内容到qq后 提示框按钮文字内容有错误同时在qq聊天界面中 分享内容来源也有问题,1,
10010000007938,"在红米Note手机上使用，长按  聊天输入框内的内容 -》点击分享按钮-》选择“JayMe”。
预期结果：屏幕提示浮动信息，如：“分享成功”
实际结果：无提示

附件：附上其他机型手机的正常截图",在红米Note手机上使用，长按 聊天输入框内的内容,》点击分享按钮 || 》选择“JayMe”。 || 预期结果：屏幕提示浮动信息，如：“分享成功” || 实际结果：无提示 || 附件：附上其他机型手机的正常截图,Functional-Social,message_send,input_box,other,message_send.input_box.other,Y,Medium,6,jayme,jayme,10010000007938,message_send.input_box.other,在红米Note手机上使用，长按 聊天输入框内的内容,primary_clue,25,23,在红米note手机上使用 长按 聊天输入框内的内容,1,
10010000008217,没有踢人出群的提示，只有群里面的人主动突出，才能退出群，这样，当有人做出不符合群规范的事情，管理员无法对其做任何事情,没有踢人出群的提示，只有群里面的人主动突出，才能退出群，这样，当有人做出不符合群规范的事情，管理员无法对其做任何事情,,Functional-Social,groupchat,other,cannot_or_fail,groupchat.other.cannot_or_fail,N,High,1,jayme,jayme,10010000008217,groupchat.other.cannot_or_fail,没有踢人出群的提示，只有群里面的人主动突出，才能退出群，这样，当有人做出不符合群规范的事情，管理员无法对其做任何事情,primary_clue,58,53,没有踢人出群的提示 只有群里面的人主动突出 才能退出群 这样 当有人做出不符合群规范的事情 管理员无法对其做任何事情,1,
10010000008938,被踢出群组后仍然能够看到在消息页面该群组,被踢出群组后仍然能够看到在消息页面该群组,,Functional-Social,groupchat,page_view,other,groupchat.page_view.other,N,High,1,jayme,jayme,10010000008938,groupchat.page_view.other,被踢出群组后仍然能够看到在消息页面该群组,primary_clue,20,20,被踢出群组后仍然能够看到在消息页面该群组,1,
10010000007480,消息盒子点击编辑进去之后，退出时会有不正常的退出，界面显示黑色。,消息盒子点击编辑进去之后，退出时会有不正常的退出，界面显示黑色。,,Functional-Social,message_send,page_view,other,message_send.page_view.other,N,High,1,jayme,jayme,10010000007480,message_send.page_view.other,消息盒子点击编辑进去之后，退出时会有不正常的退出，界面显示黑色。,primary_clue,32,29,消息盒子点击编辑进去之后 退出时会有不正常的退出 界面显示黑色,1,
10010000008880,快捷回复出现之后，用户选择一句话进行发送。语句直接发送出去。我认为快捷回复的内容应该先跳转到发送消息的文本框内，经用户确认之后再进行发送。快速回复的内容用户可能需要稍微的改动。,快捷回复出现之后，用户选择一句话进行发送。语句直接发送出去。我认为快捷回复的内容应该先跳转到发送消息的文本框内，经用户确认之后再进行发…,,Functional-Social,message_send,input_box,other,message_send.input_box.other,N,High,1,jayme,jayme,10010000008880,message_send.input_box.other,快捷回复出现之后，用户选择一句话进行发送。语句直接发送出去。我认为快捷回复的内容应该先跳转到发送消息的文本框内，经用户确认之后再进行发…,primary_clue,68,63,快捷回复出现之后 用户选择一句话进行发送 语句直接发送出去 我认为快捷回复的内容应该先跳转到发送消息的文本框内 经用户确认之后再进行发,1,
10010000007626,对自己发的帖子进行评论时，杰迷吧页面，右上角的消息盒子右上角没有出现新信息提示，即没有出现红色小点，而且自己评论自己发的帖子时，会显示成楼主评论，但返回最新页面时，刚才评论没有显示，评论刷新反应较慢，点击评论框才能看见刚才评论的信息。,对自己发的帖子进行评论时，杰迷吧页面，右上角的消息盒子右上角没有出现新信息提示，即没有出现红色小点，而且自己评论自己发的帖子时，会显示…,,Functional-Social,message_send,page_view,other,message_send.page_view.other,N,High,1,jayme,jayme,10010000007626,message_send.page_view.other,对自己发的帖子进行评论时，杰迷吧页面，右上角的消息盒子右上角没有出现新信息提示，即没有出现红色小点，而且自己评论自己发的帖子时，会显示…,primary_clue,68,62,对自己发的帖子进行评论时 杰迷吧页面 右上角的消息盒子右上角没有出现新信息提示 即没有出现红色小点 而且自己评论自己发的帖子时 会显示,1,
10010000007625,自己对自己发的帖子点赞时，没有也在消息盒子提示有新的消息，消息盒子右上角没有出现红色小点。,自己对自己发的帖子点赞时，没有也在消息盒子提示有新的消息，消息盒子右上角没有出现红色小点。,,Functional-Social,message_send,list_item,other,message_send.list_item.other,N,High,1,jayme,jayme,10010000007625,message_send.list_item.other,自己对自己发的帖子点赞时，没有也在消息盒子提示有新的消息，消息盒子右上角没有出现红色小点。,primary_clue,45,42,自己对自己发的帖子点赞时 没有也在消息盒子提示有新的消息 消息盒子右上角没有出现红色小点,1,
10010000008732,当添加完快捷回复的语句之后，没有办法进行修改,当添加完快捷回复的语句之后，没有办法进行修改,,Other,comment,other,other,comment.other.other,N,Medium,1,jayme,jayme,10010000008732,comment.other.other,当添加完快捷回复的语句之后，没有办法进行修改,primary_clue,22,21,当添加完快捷回复的语句之后 没有办法进行修改,1,
10010000008587,用户不能修改任意已有的快捷回复信息（不论是系统最初提供的还是用户自己创建的）,用户不能修改任意已有的快捷回复信息（不论是系统最初提供的还是用户自己创建的）,,Other,comment,other,cannot_or_fail,comment.other.cannot_or_fail,N,Medium,1,jayme,jayme,10010000008587,comment.other.cannot_or_fail,用户不能修改任意已有的快捷回复信息（不论是系统最初提供的还是用户自己创建的）,primary_clue,38,36,用户不能修改任意已有的快捷回复信息 不论是系统最初提供的还是用户自己创建的,1,
10010000008848,快捷回复和群名称编辑的时候，输入框设置了tirm（）;无法满足全部用户的体验，如果想要文字左右出现空格，但是这个没法实现。,快捷回复和群名称编辑的时候，输入框设置了tirm（）,无法满足全部用户的体验，如果想要文字左右出现空格，但是这个没法实现。,Input/Validation,comment,input_box,other,comment.input_box.other,Y,Medium,2,jayme,jayme,10010000008848,comment.input_box.other,快捷回复和群名称编辑的时候，输入框设置了tirm（）,primary_clue,26,23,快捷回复和群名称编辑的时候 输入框设置了tirm,1,
10010000008485,"单击任意一条快捷回复信息右边的按钮，不能出现诸如“修改”、“删除”等按钮以对该条快捷回复信息进行相应的操作；
用户只能单击右上角的“铅笔”按钮对快捷回复信息进行删除。",单击任意一条快捷回复信息右边的按钮，不能出现诸如“修改”、“删除”等按钮以对该条快捷回复信息进行相应的操作,用户只能单击右上角的“铅笔”按钮对快捷回复信息进行删除。,UI/Display,comment,button_icon,cannot_or_fail,comment.button_icon.cannot_or_fail,Y,Medium,2,jayme,jayme,10010000008485,comment.button_icon.cannot_or_fail,单击任意一条快捷回复信息右边的按钮，不能出现诸如“修改”、“删除”等按钮以对该条快捷回复信息进行相应的操作,primary_clue,53,47,单击任意一条快捷回复信息右边的按钮 不能出现诸如 修改 删除 等按钮以对该条快捷回复信息进行相应的操作,1,
10010000009412,当一个帖子有很多楼的跟帖时，当评论很高的楼时，评论成功后返回到“帖子详情”页面时跳会到了5楼左右。如图1，我在第65楼的跟帖中回复“test”，提示我“评论成功”后自动跳到如图2的5楼左右的高度。如果一个帖子有很多跟帖的话，当回复后必须从新找到回复的楼层才能继续阅读该贴，给用户造成了极大的不变。,当一个帖子有很多楼的跟帖时，当评论很高的楼时，评论成功后返回到“帖子详情”页面时跳会到了5楼左右。如图1，我在第65楼的跟帖中回复“t…,,UI/Display,comment,page_view,other,comment.page_view.other,N,Medium,1,jayme,jayme,10010000009412,comment.page_view.other,当一个帖子有很多楼的跟帖时，当评论很高的楼时，评论成功后返回到“帖子详情”页面时跳会到了5楼左右。如图1，我在第65楼的跟帖中回复“t…,primary_clue,68,60,当一个帖子有很多楼的跟帖时 当评论很高的楼时 评论成功后返回到 帖子详情 页面时跳会到了5楼左右 如图1 我在第65楼的跟帖中回复 t,1,
10010000008224,发起群聊，添加好友，创建群时，填入群名，系统默认的输入不能输入其他字符，只能通过第三方输入法输入其他个性字符,发起群聊，添加好友，创建群时，填入群名，系统默认的输入不能输入其他字符，只能通过第三方输入法输入其他个性字符,,Functional-Social,groupchat,chat,cannot_input,groupchat.chat.cannot_input,N,High,1,jayme,jayme,10010000008224,groupchat.chat.cannot_input,发起群聊，添加好友，创建群时，填入群名，系统默认的输入不能输入其他字符，只能通过第三方输入法输入其他个性字符,primary_clue,54,49,发起群聊 添加好友 创建群时 填入群名 系统默认的输入不能输入其他字符 只能通过第三方输入法输入其他个性字符,1,
10010000009655,输入框未能显示出群名称输入字符数的限制是多少,输入框未能显示出群名称输入字符数的限制是多少,,Input/Validation,other,input_box,other,other.input_box.other,N,High,1,jayme,jayme,10010000009655,other.input_box.other,输入框未能显示出群名称输入字符数的限制是多少,primary_clue,22,22,输入框未能显示出群名称输入字符数的限制是多少,1,
10010000008480,任务二，填写群信息，修改群信息页面时，页面指示不清,任务二，填写群信息，修改群信息页面时，页面指示不清,,UI/Display,other,page_view,other,other.page_view.other,N,Medium,1,jayme,jayme,10010000008480,other.page_view.other,任务二，填写群信息，修改群信息页面时，页面指示不清,primary_clue,25,22,任务二 填写群信息 修改群信息页面时 页面指示不清,1,
10010000009818,群组名称在需求书上是要求，不多于64个字符，空格也是字符，在群组名称中填写空格这一字符，并不能添加成功,群组名称在需求书上是要求，不多于64个字符，空格也是字符，在群组名称中填写空格这一字符，并不能添加成功,,Functional-Social,groupchat,chat,cannot_or_fail,groupchat.chat.cannot_or_fail,N,High,1,jayme,jayme,10010000009818,groupchat.chat.cannot_or_fail,群组名称在需求书上是要求，不多于64个字符，空格也是字符，在群组名称中填写空格这一字符，并不能添加成功,primary_clue,51,47,群组名称在需求书上是要求 不多于64个字符 空格也是字符 在群组名称中填写空格这一字符 并不能添加成功,1,
10010000008008,创建群组的时候，第一步勾选了好友，第二部填写群名称的时候界面没有提示不可以超过多少位字符，但在我字符数满了的时候就再也输入不了字符了。没有用户提示,创建群组的时候，第一步勾选了好友，第二部填写群名称的时候界面没有提示不可以超过多少位字符，但在我字符数满了的时候就再也输入不了字符了。…,,Functional-Social,groupchat,page_view,no_prompt,groupchat.page_view.no_prompt,N,High,1,jayme,jayme,10010000008008,groupchat.page_view.no_prompt,创建群组的时候，第一步勾选了好友，第二部填写群名称的时候界面没有提示不可以超过多少位字符，但在我字符数满了的时候就再也输入不了字符了。…,primary_clue,68,63,创建群组的时候 第一步勾选了好友 第二部填写群名称的时候界面没有提示不可以超过多少位字符 但在我字符数满了的时候就再也输入不了字符了,1,
10010000008121,进行完操作9之后，群名称到达限制的字数无提示。,进行完操作9之后，群名称到达限制的字数无提示。,,Other,other,other,no_prompt,other.other.no_prompt,N,High,1,jayme,jayme,10010000008121,other.other.no_prompt,进行完操作9之后，群名称到达限制的字数无提示。,primary_clue,23,21,进行完操作9之后 群名称到达限制的字数无提示,1,
10010000009438,在我的群组的搜索框中可以输入比群组名称更长的字符串！没有提示已达最大字数。,在我的群组的搜索框中可以输入比群组名称更长的字符串！没有提示已达最大字数。,,Functional-Search,search,chat,no_prompt,search.chat.no_prompt,N,High,1,jayme,jayme,10010000009438,search.chat.no_prompt,在我的群组的搜索框中可以输入比群组名称更长的字符串！没有提示已达最大字数。,primary_clue,37,35,在我的群组的搜索框中可以输入比群组名称更长的字符串 没有提示已达最大字数,1,
10010000007483,编辑当中，输入超过最大字数的字数，不会提醒。只有在点击发表按钮的时候会提醒。,编辑当中，输入超过最大字数的字数，不会提醒。只有在点击发表按钮的时候会提醒。,,UI/Display,notification,button_icon,other,notification.button_icon.other,N,Medium,1,jayme,jayme,10010000007483,notification.button_icon.other,编辑当中，输入超过最大字数的字数，不会提醒。只有在点击发表按钮的时候会提醒。,primary_clue,38,34,编辑当中 输入超过最大字数的字数 不会提醒 只有在点击发表按钮的时候会提醒,1,
10010000008859,群名称在编辑里面，字数超出限制，显示红色，而群简介里面，超出限制，没有任何提示,群名称在编辑里面，字数超出限制，显示红色，而群简介里面，超出限制，没有任何提示,,Other,other,other,layout_issue,other.other.layout_issue,N,High,1,jayme,jayme,10010000008859,other.other.layout_issue,群名称在编辑里面，字数超出限制，显示红色，而群简介里面，超出限制，没有任何提示,primary_clue,39,34,群名称在编辑里面 字数超出限制 显示红色 而群简介里面 超出限制 没有任何提示,1,
10010000008153,在创建群聊的时候，输入群名称，当群名称字数达到最大数字的时候没有提示用户已达最大字数！,在创建群聊的时候，输入群名称，当群名称字数达到最大数字的时候没有提示用户已达最大字数！,,Functional-Social,groupchat,chat,no_prompt,groupchat.chat.no_prompt,N,High,1,jayme,jayme,10010000008153,groupchat.chat.no_prompt,在创建群聊的时候，输入群名称，当群名称字数达到最大数字的时候没有提示用户已达最大字数！,primary_clue,43,40,在创建群聊的时候 输入群名称 当群名称字数达到最大数字的时候没有提示用户已达最大字数,1,
10010000008215,输入群名称超出了64个字符之后，并不会进行提示，只是无法进行继续输入了，应该在此处加入一个提示的弹窗，说明字数的上限,输入群名称超出了64个字符之后，并不会进行提示，只是无法进行继续输入了，应该在此处加入一个提示的弹窗，说明字数的上限,,Other,other,other,layout_issue,other.other.layout_issue,N,High,1,jayme,jayme,10010000008215,other.other.layout_issue,输入群名称超出了64个字符之后，并不会进行提示，只是无法进行继续输入了，应该在此处加入一个提示的弹窗，说明字数的上限,primary_clue,58,54,输入群名称超出了64个字符之后 并不会进行提示 只是无法进行继续输入了 应该在此处加入一个提示的弹窗 说明字数的上限,1,
10010000009956,10.创建群名以及申请加入群填写申请理由的时候，超过限制字数还可以继续输入，虽然最终创建的结果是在规定字数以内，但是软甲提醒的不明显。,创建群名以及申请加入群填写申请理由的时候，超过限制字数还可以继续输入，虽然最终创建的结果是在规定字数以内，但是软甲提醒的不明显。,,Functional-Social,groupchat,other,wrong_value,groupchat.other.wrong_value,N,High,1,jayme,jayme,10010000009956,groupchat.other.wrong_value,创建群名以及申请加入群填写申请理由的时候，超过限制字数还可以继续输入，虽然最终创建的结果是在规定字数以内，但是软甲提醒的不明显。,primary_clue,64,60,创建群名以及申请加入群填写申请理由的时候 超过限制字数还可以继续输入 虽然最终创建的结果是在规定字数以内 但是软甲提醒的不明显,1,
10010000009046,当发起群聊添加联系人21名时，依然能点击确定按钮，输入群名称后点击右上角按钮，群创建不成功但是没有提示,当发起群聊添加联系人21名时，依然能点击确定按钮，输入群名称后点击右上角按钮，群创建不成功但是没有提示,,Functional-Social,groupchat,button_icon,no_prompt,groupchat.button_icon.no_prompt,N,High,1,jayme,jayme,10010000009046,groupchat.button_icon.no_prompt,当发起群聊添加联系人21名时，依然能点击确定按钮，输入群名称后点击右上角按钮，群创建不成功但是没有提示,primary_clue,51,48,当发起群聊添加联系人21名时 依然能点击确定按钮 输入群名称后点击右上角按钮 群创建不成功但是没有提示,1,
10010000009397,当查找加入群时，搜索自己创建的群名为“乱七八糟群”的群，不能搜索到,当查找加入群时，搜索自己创建的群名为“乱七八糟群”的群，不能搜索到,,Functional-Search,search,other,cannot_or_fail,search.other.cannot_or_fail,N,High,1,jayme,jayme,10010000009397,search.other.cannot_or_fail,当查找加入群时，搜索自己创建的群名为“乱七八糟群”的群，不能搜索到,primary_clue,33,29,当查找加入群时 搜索自己创建的群名为 乱七八糟群 的群 不能搜索到,1,
10010000008069,正常登陆软件点击创建群组后，进入选择联系人界面，通过搜索（放大镜图标）添加联系人时，点击确定后群名称对话框内汉字出现短暂性重影（2秒左右）。,正常登陆软件点击创建群组后，进入选择联系人界面，通过搜索（放大镜图标）添加联系人时，点击确定后群名称对话框内汉字出现短暂性重影（2秒左右）。,,Functional-Search,search,button_icon,other,search.button_icon.other,N,High,1,jayme,jayme,10010000008069,search.button_icon.other,正常登陆软件点击创建群组后，进入选择联系人界面，通过搜索（放大镜图标）添加联系人时，点击确定后群名称对话框内汉字出现短暂性重影（2秒左右）。,primary_clue,70,62,正常登陆软件点击创建群组后 进入选择联系人界面 通过搜索 放大镜图标 添加联系人时 点击确定后群名称对话框内汉字出现短暂性重影 2秒左右,1,
10010000009418,创建群组是，群名称没有相关提示不能超过64个字符,创建群组是，群名称没有相关提示不能超过64个字符,,Functional-Social,groupchat,chat,cannot_or_fail,groupchat.chat.cannot_or_fail,N,High,1,jayme,jayme,10010000009418,groupchat.chat.cannot_or_fail,创建群组是，群名称没有相关提示不能超过64个字符,primary_clue,24,23,创建群组是 群名称没有相关提示不能超过64个字符,1,
10010000009266,创建群的时候，群名称最多只能显示64个字符，超过的字符用...表示，显示不出来,创建群的时候，群名称最多只能显示64个字符，超过的字符用...表示，显示不出来,,Functional-Social,groupchat,other,display_missing,groupchat.other.display_missing,N,High,1,jayme,jayme,10010000009266,groupchat.other.display_missing,创建群的时候，群名称最多只能显示64个字符，超过的字符用...表示，显示不出来,primary_clue,39,33,创建群的时候 群名称最多只能显示64个字符 超过的字符用 表示 显示不出来,1,
10010000009174,在填写群信息时，将群名称设置为空或者群名称超过64个字符，点击“确定”，创建不成功但是没有提示,在填写群信息时，将群名称设置为空或者群名称超过64个字符，点击“确定”，创建不成功但是没有提示,,Other,settings,page_view,no_prompt,settings.page_view.no_prompt,N,High,1,jayme,jayme,10010000009174,settings.page_view.no_prompt,在填写群信息时，将群名称设置为空或者群名称超过64个字符，点击“确定”，创建不成功但是没有提示,primary_clue,47,42,在填写群信息时 将群名称设置为空或者群名称超过64个字符 点击 确定 创建不成功但是没有提示,1,
10010000008286,群名称不能大于64个字符，输入群名称过程中，输入到64个字符，就输入不进去了，但是创建的时候可以创建成功，并不提示群名称不能大于64个字符。,群名称不能大于64个字符，输入群名称过程中，输入到64个字符，就输入不进去了，但是创建的时候可以创建成功，并不提示群名称不能大于64个字符。,,Other,other,other,cannot_or_fail,other.other.cannot_or_fail,N,Medium,1,jayme,jayme,10010000008286,other.other.cannot_or_fail,群名称不能大于64个字符，输入群名称过程中，输入到64个字符，就输入不进去了，但是创建的时候可以创建成功，并不提示群名称不能大于64个字符。,primary_clue,70,64,群名称不能大于64个字符 输入群名称过程中 输入到64个字符 就输入不进去了 但是创建的时候可以创建成功 并不提示群名称不能大于64个字符,1,
10010000008613,进入聊天界面，点击群组图标进入“我的群组”界面，点击该界面右上角三道杠图标可发起群聊，进入添加成员界面，选择好友“夏璨”，点击确定按钮，进入编辑群名称界面，输入群名称为123，点击打勾图标，应该提示成员不应该少于3个，但是测试时发现创建的群，其成员可以为两个。,进入聊天界面，点击群组图标进入“我的群组”界面，点击该界面右上角三道杠图标可发起群聊，进入添加成员界面，选择好友“夏璨”，点击确定按钮…,,Functional-Social,groupchat,button_icon,other,groupchat.button_icon.other,N,High,1,jayme,jayme,10010000008613,groupchat.button_icon.other,进入聊天界面，点击群组图标进入“我的群组”界面，点击该界面右上角三道杠图标可发起群聊，进入添加成员界面，选择好友“夏璨”，点击确定按钮…,primary_clue,68,58,进入聊天界面 点击群组图标进入 我的群组 界面 点击该界面右上角三道杠图标可发起群聊 进入添加成员界面 选择好友 夏璨 点击确定按钮,1,
10010000008218,进入聊天界面，点击群组图标进入“我的群组”界面，点击该界面右上角三道杠图标可发起群聊；通过步骤5到步骤8后可成功创建群，名称为“123”；重复步骤5到步骤8，创建新群，名称同为“123”，应该给出提示“该群已创建，请更换群名称”，但测试时发现可创建群名称相同的群，见截图1,进入聊天界面，点击群组图标进入“我的群组”界面，点击该界面右上角三道杠图标可发起群聊,通过步骤5到步骤8后可成功创建群，名称为“123” || 重复步骤5到步骤8，创建新群，名称同为“123”，应该给出提示“该群已创建，请更换群名称”，但测试时发现可创建群名称相同的群，见截图1,Functional-Social,groupchat,button_icon,other,groupchat.button_icon.other,Y,Medium,3,jayme,jayme,10010000008218,groupchat.button_icon.other,进入聊天界面，点击群组图标进入“我的群组”界面，点击该界面右上角三道杠图标可发起群聊,primary_clue,42,38,进入聊天界面 点击群组图标进入 我的群组 界面 点击该界面右上角三道杠图标可发起群聊,1,
10010000008407,创建一个“默默默默”群之后，再创建一个群，群名称设置为“默默默默”，仍可创建。,创建一个“默默默默”群之后，再创建一个群，群名称设置为“默默默默”，仍可创建。,,Other,settings,page_view,other,settings.page_view.other,N,Medium,1,jayme,jayme,10010000008407,settings.page_view.other,创建一个“默默默默”群之后，再创建一个群，群名称设置为“默默默默”，仍可创建。,primary_clue,39,31,创建一个 默默默默 群之后 再创建一个群 群名称设置为 默默默默 仍可创建,1,
10010000008088,当用户发起群聊，进入搜索和群名设置，人员和群名全部重复，应用没有提示重复创建，而是重复建立多个相同群组,当用户发起群聊，进入搜索和群名设置，人员和群名全部重复，应用没有提示重复创建，而是重复建立多个相同群组,,Functional-Search,search,page_view,no_prompt,search.page_view.no_prompt,N,High,1,jayme,jayme,10010000008088,search.page_view.no_prompt,当用户发起群聊，进入搜索和群名设置，人员和群名全部重复，应用没有提示重复创建，而是重复建立多个相同群组,primary_clue,51,47,当用户发起群聊 进入搜索和群名设置 人员和群名全部重复 应用没有提示重复创建 而是重复建立多个相同群组,1,
10010000009487,创建群组时，在群信息设置处，左上角的群名有瞬间的延迟，会从相对左下方向右上方移动。,创建群组时，在群信息设置处，左上角的群名有瞬间的延迟，会从相对左下方向右上方移动。,,Performance/Freeze,groupchat,page_view,freeze,groupchat.page_view.freeze,N,High,1,jayme,jayme,10010000009487,groupchat.page_view.freeze,创建群组时，在群信息设置处，左上角的群名有瞬间的延迟，会从相对左下方向右上方移动。,primary_clue,41,37,创建群组时 在群信息设置处 左上角的群名有瞬间的延迟 会从相对左下方向右上方移动,1,
10010000008091,创建群组的界面，蓝色的群名称字体太小，整个界面看起来不协调。,创建群组的界面，蓝色的群名称字体太小，整个界面看起来不协调。,,Functional-Social,groupchat,page_view,other,groupchat.page_view.other,N,High,1,jayme,jayme,10010000008091,groupchat.page_view.other,创建群组的界面，蓝色的群名称字体太小，整个界面看起来不协调。,primary_clue,30,27,创建群组的界面 蓝色的群名称字体太小 整个界面看起来不协调,1,
10010000009560,创建群时，群名称键入空格键提示群名称为空白无法建群。但空白占用了字符数，超过64字符的空白格也算字符。,创建群时，群名称键入空格键提示群名称为空白无法建群。但空白占用了字符数，超过64字符的空白格也算字符。,,Functional-Social,groupchat,other,cannot_or_fail,groupchat.other.cannot_or_fail,N,High,1,jayme,jayme,10010000009560,groupchat.other.cannot_or_fail,创建群时，群名称键入空格键提示群名称为空白无法建群。但空白占用了字符数，超过64字符的空白格也算字符。,primary_clue,51,47,创建群时 群名称键入空格键提示群名称为空白无法建群 但空白占用了字符数 超过64字符的空白格也算字符,1,
10010000009158,聊天页面右上角任务栏，发起群聊，点击添加最近联系人，需要点击至少一个人才能点击确定，一个人无法建群。,聊天页面右上角任务栏，发起群聊，点击添加最近联系人，需要点击至少一个人才能点击确定，一个人无法建群。,,Functional-Social,groupchat,page_view,cannot_or_fail,groupchat.page_view.cannot_or_fail,N,High,1,jayme,jayme,10010000009158,groupchat.page_view.cannot_or_fail,聊天页面右上角任务栏，发起群聊，点击添加最近联系人，需要点击至少一个人才能点击确定，一个人无法建群。,primary_clue,50,45,聊天页面右上角任务栏 发起群聊 点击添加最近联系人 需要点击至少一个人才能点击确定 一个人无法建群,1,
10010000008795,登录后，打开聊天界面，点击右上角的发起群聊，可以向最近联系人发起，不管该联系人是否被加为好友都可以发起群聊。,登录后，打开聊天界面，点击右上角的发起群聊，可以向最近联系人发起，不管该联系人是否被加为好友都可以发起群聊。,,Functional-Account,login,page_view,other,login.page_view.other,N,High,1,jayme,jayme,10010000008795,login.page_view.other,登录后，打开聊天界面，点击右上角的发起群聊，可以向最近联系人发起，不管该联系人是否被加为好友都可以发起群聊。,primary_clue,54,49,登录后 打开聊天界面 点击右上角的发起群聊 可以向最近联系人发起 不管该联系人是否被加为好友都可以发起群聊,1,
10010000008168,1.新建群的入口，点击朋友页面右上角更多“发起群聊”之后，需要选择（至少一个）好友，才可以点击确定，进入新建群的页面（设置群名称、权限等）；点击群组页面右上角，结果一样。,新建群的入口，点击朋友页面右上角更多“发起群聊”之后，需要选择（至少一个）好友，才可以点击确定，进入新建群的页面（设置群名称、权限等）,点击群组页面右上角，结果一样。,Functional-Social,groupchat,page_view,permission,groupchat.page_view.permission,Y,Medium,2,jayme,jayme,10010000008168,groupchat.page_view.permission,新建群的入口，点击朋友页面右上角更多“发起群聊”之后，需要选择（至少一个）好友，才可以点击确定，进入新建群的页面（设置群名称、权限等）,primary_clue,67,56,新建群的入口 点击朋友页面右上角更多 发起群聊 之后 需要选择 至少一个 好友 才可以点击确定 进入新建群的页面 设置群名称 权限等,1,
10010000009607,一个人无法发起群聊，即无法建群。但是却可以存在一个人的群。,一个人无法发起群聊，即无法建群。但是却可以存在一个人的群。,,Functional-Social,groupchat,chat,cannot_or_fail,groupchat.chat.cannot_or_fail,N,High,1,jayme,jayme,10010000009607,groupchat.chat.cannot_or_fail,一个人无法发起群聊，即无法建群。但是却可以存在一个人的群。,primary_clue,29,26,一个人无法发起群聊 即无法建群 但是却可以存在一个人的群,1,
10010000009919,输入数字、字母、中文、空格、符号查询群组时，输入数字、字母、空格不能查找显示对应的群组,输入数字、字母、中文、空格、符号查询群组时，输入数字、字母、空格不能查找显示对应的群组,,Functional-Search,search,chat,cannot_or_fail,search.chat.cannot_or_fail,N,High,1,jayme,jayme,10010000009919,search.chat.cannot_or_fail,输入数字、字母、中文、空格、符号查询群组时，输入数字、字母、空格不能查找显示对应的群组,primary_clue,43,36,输入数字 字母 中文 空格 符号查询群组时 输入数字 字母 空格不能查找显示对应的群组,1,
10010000009795,搜索时通过数字，字母，符号，中文，空格等查找时，中文和符号能准确查找，数字，字母和空格不能准确查找，,搜索时通过数字，字母，符号，中文，空格等查找时，中文和符号能准确查找，数字，字母和空格不能准确查找，,,Functional-Search,search,other,cannot_or_fail,search.other.cannot_or_fail,N,High,1,jayme,jayme,10010000009795,search.other.cannot_or_fail,搜索时通过数字，字母，符号，中文，空格等查找时，中文和符号能准确查找，数字，字母和空格不能准确查找，,primary_clue,50,42,搜索时通过数字 字母 符号 中文 空格等查找时 中文和符号能准确查找 数字 字母和空格不能准确查找,1,
10010000008176,"在""我的所有群""界面中，第一个群旁边有一个数字1，用户并不清除这代表什么意思。","在""我的所有群""界面中，第一个群旁边有一个数字1，用户并不清除这代表什么意思。",,Input/Validation,other,page_view,other,other.page_view.other,N,High,1,jayme,jayme,10010000008176,other.page_view.other,"在""我的所有群""界面中，第一个群旁边有一个数字1，用户并不清除这代表什么意思。",primary_clue,39,34,在 我的所有群 界面中 第一个群旁边有一个数字1 用户并不清除这代表什么意思,1,
10010000009150,每个群都有唯一的群号，但群号都是数字。如果有人新建群，并以与群号相同的数字命名群昵称，这样就无法实现精确匹配了。,每个群都有唯一的群号，但群号都是数字。如果有人新建群，并以与群号相同的数字命名群昵称，这样就无法实现精确匹配了。,,Other,groupchat,other,cannot_or_fail,groupchat.other.cannot_or_fail,N,Medium,1,jayme,jayme,10010000009150,groupchat.other.cannot_or_fail,每个群都有唯一的群号，但群号都是数字。如果有人新建群，并以与群号相同的数字命名群昵称，这样就无法实现精确匹配了。,primary_clue,56,51,每个群都有唯一的群号 但群号都是数字 如果有人新建群 并以与群号相同的数字命名群昵称 这样就无法实现精确匹配了,1,
10010000008233,"1.在我的群组界面时，点击搜索按钮，输入文字搜索结果正常，输入数字1时，搜索结果不正常。
2.在最近联系人中搜索时，输入数字，搜索结果不正常。",在我的群组界面时，点击搜索按钮，输入文字搜索结果正常，输入数字1时，搜索结果不正常。,在最近联系人中搜索时，输入数字，搜索结果不正常。,Functional-Search,search,button_icon,other,search.button_icon.other,Y,Medium,2,jayme,jayme,10010000008233,search.button_icon.other,在我的群组界面时，点击搜索按钮，输入文字搜索结果正常，输入数字1时，搜索结果不正常。,primary_clue,42,37,在我的群组界面时 点击搜索按钮 输入文字搜索结果正常 输入数字1时 搜索结果不正常,1,
10010000009422,搜索是如果是数字会将群的id也搜索在内，而群昵称中有很多不包含该数字，该情况会是使用这错乱，并且增加使用者的搜索力度，添加麻烦，可以设置两种搜索方式，“ID搜索”和“昵称搜索”这样应该能更方便用户。,搜索是如果是数字会将群的id也搜索在内，而群昵称中有很多不包含该数字，该情况会是使用这错乱，并且增加使用者的搜索力度，添加麻烦，可以设…,,Functional-Search,search,page_view,other,search.page_view.other,N,High,1,jayme,jayme,10010000009422,search.page_view.other,搜索是如果是数字会将群的id也搜索在内，而群昵称中有很多不包含该数字，该情况会是使用这错乱，并且增加使用者的搜索力度，添加麻烦，可以设…,primary_clue,68,62,搜索是如果是数字会将群的id也搜索在内 而群昵称中有很多不包含该数字 该情况会是使用这错乱 并且增加使用者的搜索力度 添加麻烦 可以设,1,
10010000008132,用户以为在“查找群”旁边单击即可输入搜索信息，但是实际上用户必须单击右上角的搜索小图标后才会出现搜索框,用户以为在“查找群”旁边单击即可输入搜索信息，但是实际上用户必须单击右上角的搜索小图标后才会出现搜索框,,Functional-Search,search,button_icon,other,search.button_icon.other,N,High,1,jayme,jayme,10010000008132,search.button_icon.other,用户以为在“查找群”旁边单击即可输入搜索信息，但是实际上用户必须单击右上角的搜索小图标后才会出现搜索框,primary_clue,51,48,用户以为在 查找群 旁边单击即可输入搜索信息 但是实际上用户必须单击右上角的搜索小图标后才会出现搜索框,1,
10010000009135,输入没有查找结果的搜索条件后，系统没有提示“没有找到相关群”,输入没有查找结果的搜索条件后，系统没有提示“没有找到相关群”,,Functional-Search,search,other,no_prompt,search.other.no_prompt,N,High,1,jayme,jayme,10010000009135,search.other.no_prompt,输入没有查找结果的搜索条件后，系统没有提示“没有找到相关群”,primary_clue,30,27,输入没有查找结果的搜索条件后 系统没有提示 没有找到相关群,1,
10010000009390,在查找群时，当输入的群号没有找到相应的群组时，就什么提示也没有，也不显示搜索，也不退出，只是停留在那个页面。,在查找群时，当输入的群号没有找到相应的群组时，就什么提示也没有，也不显示搜索，也不退出，只是停留在那个页面。,,Functional-Search,search,page_view,cannot_input,search.page_view.cannot_input,N,High,1,jayme,jayme,10010000009390,search.page_view.cannot_input,在查找群时，当输入的群号没有找到相应的群组时，就什么提示也没有，也不显示搜索，也不退出，只是停留在那个页面。,primary_clue,54,48,在查找群时 当输入的群号没有找到相应的群组时 就什么提示也没有 也不显示搜索 也不退出 只是停留在那个页面,1,
10010000009002,"在查找群过程中，在输入框中输入123,110等信息，搜索结果不符合用户需求，搜索框未提示以什么方式搜索。","在查找群过程中，在输入框中输入123,110等信息，搜索结果不符合用户需求，搜索框未提示以什么方式搜索。",,Functional-Search,search,input_box,no_prompt,search.input_box.no_prompt,N,High,1,jayme,jayme,10010000009002,search.input_box.no_prompt,"在查找群过程中，在输入框中输入123,110等信息，搜索结果不符合用户需求，搜索框未提示以什么方式搜索。",primary_clue,52,47,在查找群过程中 在输入框中输入123 110等信息 搜索结果不符合用户需求 搜索框未提示以什么方式搜索,1,
10010000008231,点击搜索按钮，输入群信息，在搜索结果中选择未加入的群，并点击，无法查看群信息，并提示未找到群资料，属于用户体验bug,点击搜索按钮，输入群信息，在搜索结果中选择未加入的群，并点击，无法查看群信息，并提示未找到群资料，属于用户体验bug,,Functional-Search,search,button_icon,cannot_or_fail,search.button_icon.cannot_or_fail,N,High,1,jayme,jayme,10010000008231,search.button_icon.cannot_or_fail,点击搜索按钮，输入群信息，在搜索结果中选择未加入的群，并点击，无法查看群信息，并提示未找到群资料，属于用户体验bug,primary_clue,58,52,点击搜索按钮 输入群信息 在搜索结果中选择未加入的群 并点击 无法查看群信息 并提示未找到群资料 属于用户体验bug,1,
10010000009123,点击搜索按钮，输入群信息，选择已加入的群组，点击，可直接进入聊天，点击群头像，只显示群信息，与需求（即显示“开始聊天”按钮）不符,点击搜索按钮，输入群信息，选择已加入的群组，点击，可直接进入聊天，点击群头像，只显示群信息，与需求（即显示“开始聊天”按钮）不符,,Functional-Search,search,button_icon,other,search.button_icon.other,N,High,1,jayme,jayme,10010000009123,search.button_icon.other,点击搜索按钮，输入群信息，选择已加入的群组，点击，可直接进入聊天，点击群头像，只显示群信息，与需求（即显示“开始聊天”按钮）不符,primary_clue,64,53,点击搜索按钮 输入群信息 选择已加入的群组 点击 可直接进入聊天 点击群头像 只显示群信息 与需求 即显示 开始聊天 按钮 不符,1,
10010000008469,进入查找群的入口，输入关键词，页面有一分钟就像卡机一样什么反应也没有，一分钟之后才显示搜索出来的结果。应该显示一个正在搜索的提示，不然用户以为手机死机了,进入查找群的入口，输入关键词，页面有一分钟就像卡机一样什么反应也没有，一分钟之后才显示搜索出来的结果。应该显示一个正在搜索的提示，不然…,,Performance/Freeze,search,page_view,freeze,search.page_view.freeze,N,High,1,jayme,jayme,10010000008469,search.page_view.freeze,进入查找群的入口，输入关键词，页面有一分钟就像卡机一样什么反应也没有，一分钟之后才显示搜索出来的结果。应该显示一个正在搜索的提示，不然…,primary_clue,68,62,进入查找群的入口 输入关键词 页面有一分钟就像卡机一样什么反应也没有 一分钟之后才显示搜索出来的结果 应该显示一个正在搜索的提示 不然,1,
10010000008193,功能性错误：查找群，筛选显示的不是app中的群，而是已经加入的群。,功能性错误：查找群，筛选显示的不是app中的群，而是已经加入的群。,,Functional-Search,search,other,wrong_value,search.other.wrong_value,N,High,1,jayme,jayme,10010000008193,search.other.wrong_value,功能性错误：查找群，筛选显示的不是app中的群，而是已经加入的群。,primary_clue,33,29,功能性错误 查找群 筛选显示的不是app中的群 而是已经加入的群,1,
10010000009809,查找群时，搜索框再左边点击不能搜索。用户体验不够好,查找群时，搜索框再左边点击不能搜索。用户体验不够好,,Functional-Search,search,other,cannot_or_fail,search.other.cannot_or_fail,N,High,1,jayme,jayme,10010000009809,search.other.cannot_or_fail,查找群时，搜索框再左边点击不能搜索。用户体验不够好,primary_clue,25,23,查找群时 搜索框再左边点击不能搜索 用户体验不够好,1,
10010000008244,查找群时，在搜索框内输入“测试”进行搜索，出来一个群列表，但是在我已加入的群后面却未见提示“我的群”，不方便用户的使用,查找群时，在搜索框内输入“测试”进行搜索，出来一个群列表，但是在我已加入的群后面却未见提示“我的群”，不方便用户的使用,,Functional-Search,search,list_item,other,search.list_item.other,N,High,1,jayme,jayme,10010000008244,search.list_item.other,查找群时，在搜索框内输入“测试”进行搜索，出来一个群列表，但是在我已加入的群后面却未见提示“我的群”，不方便用户的使用,primary_clue,59,51,查找群时 在搜索框内输入 测试 进行搜索 出来一个群列表 但是在我已加入的群后面却未见提示 我的群 不方便用户的使用,1,
10010000009179,查找群时，输入一个不存在的群，无提示，一片空白。,查找群时，输入一个不存在的群，无提示，一片空白。,,Functional-Search,search,other,no_prompt,search.other.no_prompt,N,High,1,jayme,jayme,10010000009179,search.other.no_prompt,查找群时，输入一个不存在的群，无提示，一片空白。,primary_clue,24,20,查找群时 输入一个不存在的群 无提示 一片空白,1,
10010000008128,输入b，查找群后，在查询结果中页面最下面没有提示已看完全部内容。,输入b，查找群后，在查询结果中页面最下面没有提示已看完全部内容。,,Functional-Search,search,page_view,no_prompt,search.page_view.no_prompt,N,High,1,jayme,jayme,10010000008128,search.page_view.no_prompt,输入b，查找群后，在查询结果中页面最下面没有提示已看完全部内容。,primary_clue,32,29,输入b 查找群后 在查询结果中页面最下面没有提示已看完全部内容,1,
10010000008430,网络未连接时，查找群信息失败，但是未给出任何提示,网络未连接时，查找群信息失败，但是未给出任何提示,,Functional-Search,search,other,cannot_or_fail,search.other.cannot_or_fail,N,High,1,jayme,jayme,10010000008430,search.other.cannot_or_fail,网络未连接时，查找群信息失败，但是未给出任何提示,primary_clue,24,22,网络未连接时 查找群信息失败 但是未给出任何提示,1,
10010000009942,在查找群时，搜索框中输入内容时，显示的是群名称，和用户输入不符，没有说明是按群名搜索还是群ID搜索。显示不明确，容易给用户产生错误的感觉。,在查找群时，搜索框中输入内容时，显示的是群名称，和用户输入不符，没有说明是按群名搜索还是群ID搜索。显示不明确，容易给用户产生错误的感觉。,,Functional-Search,search,other,wrong_value,search.other.wrong_value,N,High,1,jayme,jayme,10010000009942,search.other.wrong_value,在查找群时，搜索框中输入内容时，显示的是群名称，和用户输入不符，没有说明是按群名搜索还是群ID搜索。显示不明确，容易给用户产生错误的感觉。,primary_clue,69,62,在查找群时 搜索框中输入内容时 显示的是群名称 和用户输入不符 没有说明是按群名搜索还是群id搜索 显示不明确 容易给用户产生错误的感觉,1,
10010000008397,每次在搜索框中，输入40进行模糊搜索查找群组时，得到的结果和预期相差比较大，没有按照搜索关键字的顺序对结果排序，例如:结果排名第一的是12340，而不是408，按照搜索逻辑，理应先列出408。如下面几张截图所示。,每次在搜索框中，输入40进行模糊搜索查找群组时，得到的结果和预期相差比较大，没有按照搜索关键字的顺序对结果排序，例如:结果排名第一的是…,,Functional-Search,search,chat,wrong_value,search.chat.wrong_value,N,High,1,jayme,jayme,10010000008397,search.chat.wrong_value,每次在搜索框中，输入40进行模糊搜索查找群组时，得到的结果和预期相差比较大，没有按照搜索关键字的顺序对结果排序，例如:结果排名第一的是…,primary_clue,68,62,每次在搜索框中 输入40进行模糊搜索查找群组时 得到的结果和预期相差比较大 没有按照搜索关键字的顺序对结果排序 例如 结果排名第一的是,1,
10010000008596,注册用户时只能使用 数字  不能出现字符如@   以及字母等,注册用户时只能使用 数字 不能出现字符如@ 以及字母等,,Functional-Account,register,other,cannot_or_fail,register.other.cannot_or_fail,N,High,1,jayme,jayme,10010000008596,register.other.cannot_or_fail,注册用户时只能使用 数字 不能出现字符如@ 以及字母等,primary_clue,27,23,注册用户时只能使用 数字 不能出现字符如 以及字母等,1,
10010000008851,进行步骤1时，只能输入数字，无法输入字母和符号。所以无法完成注册。,进行步骤1时，只能输入数字，无法输入字母和符号。所以无法完成注册。,,Functional-Account,register,other,cannot_input,register.other.cannot_input,N,High,1,jayme,jayme,10010000008851,register.other.cannot_input,进行步骤1时，只能输入数字，无法输入字母和符号。所以无法完成注册。,primary_clue,33,29,进行步骤1时 只能输入数字 无法输入字母和符号 所以无法完成注册,1,
10010000009617,在注册时，只能输入11位数字，不能再输入@符号和多余的数字，给用户造成极大的不变！！！,在注册时，只能输入11位数字，不能再输入@符号和多余的数字，给用户造成极大的不变！！！,,Functional-Account,register,other,only_number,register.other.only_number,N,High,1,jayme,jayme,10010000009617,register.other.only_number,在注册时，只能输入11位数字，不能再输入@符号和多余的数字，给用户造成极大的不变！！！,primary_clue,43,36,在注册时 只能输入11位数字 不能再输入 符号和多余的数字 给用户造成极大的不变,1,
10010000008297,输入查找信息后，界面内没有搜索按钮，是用不方便；,输入查找信息后，界面内没有搜索按钮，是用不方便,,Functional-Search,search,button_icon,other,search.button_icon.other,N,High,1,jayme,jayme,10010000008297,search.button_icon.other,输入查找信息后，界面内没有搜索按钮，是用不方便,primary_clue,23,21,输入查找信息后 界面内没有搜索按钮 是用不方便,1,
10010000008299,输入搜索信息后，再单击“重输”按钮，不能清空文本；,输入搜索信息后，再单击“重输”按钮，不能清空文本,,Functional-Search,search,button_icon,cannot_or_fail,search.button_icon.cannot_or_fail,N,High,1,jayme,jayme,10010000008299,search.button_icon.cannot_or_fail,输入搜索信息后，再单击“重输”按钮，不能清空文本,primary_clue,24,20,输入搜索信息后 再单击 重输 按钮 不能清空文本,1,
10010000008017,搜索时，文本框前后加 空格 会导致，无法正常查询到相关联系人，对于文本卡的trim()方法没有调用,搜索时，文本框前后加 空格 会导致，无法正常查询到相关联系人，对于文本卡的trim()方法没有调用,,Functional-Search,search,input_box,cannot_or_fail,search.input_box.cannot_or_fail,N,High,1,jayme,jayme,10010000008017,search.input_box.cannot_or_fail,搜索时，文本框前后加 空格 会导致，无法正常查询到相关联系人，对于文本卡的trim()方法没有调用,primary_clue,49,42,搜索时 文本框前后加 空格 会导致 无法正常查询到相关联系人 对于文本卡的trim 方法没有调用,1,
10010000008042,点击搜索框，输入群信息，无法单独查找群，查找结果包括个人，群组，公众号等，属于用户体验bug,点击搜索框，输入群信息，无法单独查找群，查找结果包括个人，群组，公众号等，属于用户体验bug,,Functional-Search,search,chat,cannot_or_fail,search.chat.cannot_or_fail,N,High,1,jayme,jayme,10010000008042,search.chat.cannot_or_fail,点击搜索框，输入群信息，无法单独查找群，查找结果包括个人，群组，公众号等，属于用户体验bug,primary_clue,46,40,点击搜索框 输入群信息 无法单独查找群 查找结果包括个人 群组 公众号等 属于用户体验bug,1,
10010000009916,用户注册接收验证码是出现一分钟内不得重复请求验证码。不利于用户快速注册。,用户注册接收验证码是出现一分钟内不得重复请求验证码。不利于用户快速注册。,,Functional-Account,register,other,other,register.other.other,N,High,1,jayme,jayme,10010000009916,register.other.other,用户注册接收验证码是出现一分钟内不得重复请求验证码。不利于用户快速注册。,primary_clue,36,34,用户注册接收验证码是出现一分钟内不得重复请求验证码 不利于用户快速注册,1,
10010000008277,当用手机号注册新用户账号的时候，注册时验证码位数过长，不是一般APP的六位数字，影响用户体验。,当用手机号注册新用户账号的时候，注册时验证码位数过长，不是一般APP的六位数字，影响用户体验。,,Functional-Account,register,other,other,register.other.other,N,High,1,jayme,jayme,10010000008277,register.other.other,当用手机号注册新用户账号的时候，注册时验证码位数过长，不是一般APP的六位数字，影响用户体验。,primary_clue,47,43,当用手机号注册新用户账号的时候 注册时验证码位数过长 不是一般app的六位数字 影响用户体验,1,
10010000008482,注册时收到的短信验证码输入后显示短信验证码不正确，不能使用手机号注册，严重影响APP的功能体验。,注册时收到的短信验证码输入后显示短信验证码不正确，不能使用手机号注册，严重影响APP的功能体验。,,Functional-Account,register,other,wrong_value,register.other.wrong_value,N,High,1,jayme,jayme,10010000008482,register.other.wrong_value,注册时收到的短信验证码输入后显示短信验证码不正确，不能使用手机号注册，严重影响APP的功能体验。,primary_clue,48,45,注册时收到的短信验证码输入后显示短信验证码不正确 不能使用手机号注册 严重影响app的功能体验,1,
10010000008632,用户注册的过程中部分手机号码段输入错误无法识别,用户注册的过程中部分手机号码段输入错误无法识别,,Functional-Account,register,other,wrong_value,register.other.wrong_value,N,High,1,jayme,jayme,10010000008632,register.other.wrong_value,用户注册的过程中部分手机号码段输入错误无法识别,primary_clue,23,23,用户注册的过程中部分手机号码段输入错误无法识别,1,
10010000008380,用户在使用手机号码注册新用户账号时，输入密码系统只提示输入一遍，而没有确认密码十用户再输一遍密码予以确认，密码的确认性不完善。,用户在使用手机号码注册新用户账号时，输入密码系统只提示输入一遍，而没有确认密码十用户再输一遍密码予以确认，密码的确认性不完善。,,Functional-Account,register,other,other,register.other.other,N,High,1,jayme,jayme,10010000008380,register.other.other,用户在使用手机号码注册新用户账号时，输入密码系统只提示输入一遍，而没有确认密码十用户再输一遍密码予以确认，密码的确认性不完善。,primary_clue,63,59,用户在使用手机号码注册新用户账号时 输入密码系统只提示输入一遍 而没有确认密码十用户再输一遍密码予以确认 密码的确认性不完善,1,
10010000009644,用户注册时输入密码仅一次，由于密码输入是无法在屏幕上显示，用户极有可能输入与内心所想的不同的密码，如此一来，下次登录时就会遇到很大的问题,用户注册时输入密码仅一次，由于密码输入是无法在屏幕上显示，用户极有可能输入与内心所想的不同的密码，如此一来，下次登录时就会遇到很大的问题,,Functional-Account,register,other,cannot_or_fail,register.other.cannot_or_fail,N,High,1,jayme,jayme,10010000009644,register.other.cannot_or_fail,用户注册时输入密码仅一次，由于密码输入是无法在屏幕上显示，用户极有可能输入与内心所想的不同的密码，如此一来，下次登录时就会遇到很大的问题,primary_clue,68,64,用户注册时输入密码仅一次 由于密码输入是无法在屏幕上显示 用户极有可能输入与内心所想的不同的密码 如此一来 下次登录时就会遇到很大的问题,1,
10010000008338,当使用手机号注册新的用户账号时，没有密码可见的小眼睛，输入密码时只有小圆点，无法查看到输入的具体密码。这样很容易使得用户注册时不小心打错密码的情况下不知情。,当使用手机号注册新的用户账号时，没有密码可见的小眼睛，输入密码时只有小圆点，无法查看到输入的具体密码。这样很容易使得用户注册时不小心打…,,Functional-Account,register,other,cannot_or_fail,register.other.cannot_or_fail,N,High,1,jayme,jayme,10010000008338,register.other.cannot_or_fail,当使用手机号注册新的用户账号时，没有密码可见的小眼睛，输入密码时只有小圆点，无法查看到输入的具体密码。这样很容易使得用户注册时不小心打…,primary_clue,68,63,当使用手机号注册新的用户账号时 没有密码可见的小眼睛 输入密码时只有小圆点 无法查看到输入的具体密码 这样很容易使得用户注册时不小心打,1,
10010000007615,"1.输入验证码时，如输入错误，可能存在危险风险，应提示用户10分钟可再次获取验证码
2.输入密码时，只输入一次密码就可注册成功，万一密码输错，可能使用户遗忘密码，应提示请再次输入密码，若两次密码相同，即可注册成功。",输入验证码时，如输入错误，可能存在危险风险，应提示用户10分钟可再次获取验证码,输入密码时，只输入一次密码就可注册成功，万一密码输错，可能使用户遗忘密码，应提示请再次输入密码，若两次密码相同，即可注册成功。,Functional-Account,other,other,wrong_value,other.other.wrong_value,Y,Medium,2,jayme,jayme,10010000007615,other.other.wrong_value,输入验证码时，如输入错误，可能存在危险风险，应提示用户10分钟可再次获取验证码,primary_clue,39,36,输入验证码时 如输入错误 可能存在危险风险 应提示用户10分钟可再次获取验证码,1,
10010000008555,查找群图标不是一个输入框而是点击图标之后才会进入输入界面，给用户错觉,查找群图标不是一个输入框而是点击图标之后才会进入输入界面，给用户错觉,,Functional-Search,search,input_box,other,search.input_box.other,N,High,1,jayme,jayme,10010000008555,search.input_box.other,查找群图标不是一个输入框而是点击图标之后才会进入输入界面，给用户错觉,primary_clue,34,33,查找群图标不是一个输入框而是点击图标之后才会进入输入界面 给用户错觉,1,
10010000008960,查找群或添加成员或其他查找功能，只能点击搜索图标才有反应。用户体验度不好。若是点击图标所在的一条任意位置都可以较好。,查找群或添加成员或其他查找功能，只能点击搜索图标才有反应。用户体验度不好。若是点击图标所在的一条任意位置都可以较好。,,Functional-Search,search,button_icon,other,search.button_icon.other,N,High,1,jayme,jayme,10010000008960,search.button_icon.other,查找群或添加成员或其他查找功能，只能点击搜索图标才有反应。用户体验度不好。若是点击图标所在的一条任意位置都可以较好。,primary_clue,58,54,查找群或添加成员或其他查找功能 只能点击搜索图标才有反应 用户体验度不好 若是点击图标所在的一条任意位置都可以较好,1,
10010000008734,"点击加入群后，要再次点击搜索图标，才能输入搜索条件。用户在不知道的情况下会多次点击""查找群""所在的位置，而得不到响应，然后尝试点击搜索图标，才能输入关键字搜索，用户体验效果不好。","点击加入群后，要再次点击搜索图标，才能输入搜索条件。用户在不知道的情况下会多次点击""查找群""所在的位置，而得不到响应，然后尝试点击搜索…",,Functional-Search,search,button_icon,other,search.button_icon.other,N,High,1,jayme,jayme,10010000008734,search.button_icon.other,"点击加入群后，要再次点击搜索图标，才能输入搜索条件。用户在不知道的情况下会多次点击""查找群""所在的位置，而得不到响应，然后尝试点击搜索…",primary_clue,68,60,点击加入群后 要再次点击搜索图标 才能输入搜索条件 用户在不知道的情况下会多次点击 查找群 所在的位置 而得不到响应 然后尝试点击搜索,1,
10010000008293,点击“查找群”不能直接弹出文本输入框；,点击“查找群”不能直接弹出文本输入框,,Functional-Search,search,input_box,cannot_or_fail,search.input_box.cannot_or_fail,N,High,1,jayme,jayme,10010000008293,search.input_box.cannot_or_fail,点击“查找群”不能直接弹出文本输入框,primary_clue,18,16,点击 查找群 不能直接弹出文本输入框,1,
10010000009250,聊天主界面有查找功能可以，只有查找好友的，没有查找群的功能,聊天主界面有查找功能可以，只有查找好友的，没有查找群的功能,,Functional-Search,search,page_view,other,search.page_view.other,N,High,1,jayme,jayme,10010000009250,search.page_view.other,聊天主界面有查找功能可以，只有查找好友的，没有查找群的功能,primary_clue,29,27,聊天主界面有查找功能可以 只有查找好友的 没有查找群的功能,1,
10010000009265,点击搜索，然后查找群，点击查找群，无法点击，点击放大镜才能进入，给用户造成误导。,点击搜索，然后查找群，点击查找群，无法点击，点击放大镜才能进入，给用户造成误导。,,Functional-Search,search,other,cannot_or_fail,search.other.cannot_or_fail,N,High,1,jayme,jayme,10010000009265,search.other.cannot_or_fail,点击搜索，然后查找群，点击查找群，无法点击，点击放大镜才能进入，给用户造成误导。,primary_clue,40,34,点击搜索 然后查找群 点击查找群 无法点击 点击放大镜才能进入 给用户造成误导,1,
10010000009032,在查找群的页面上，只能通过点击搜索小图标才能输入群号进行查找，用起来不是很方便，较麻烦,在查找群的页面上，只能通过点击搜索小图标才能输入群号进行查找，用起来不是很方便，较麻烦,,Functional-Search,search,button_icon,other,search.button_icon.other,N,High,1,jayme,jayme,10010000009032,search.button_icon.other,在查找群的页面上，只能通过点击搜索小图标才能输入群号进行查找，用起来不是很方便，较麻烦,primary_clue,43,40,在查找群的页面上 只能通过点击搜索小图标才能输入群号进行查找 用起来不是很方便 较麻烦,1,
10010000009329,在查找群时，只能点击放大镜图标进行查找，再点击左面白框和查找群字时，不会有任何反应！！,在查找群时，只能点击放大镜图标进行查找，再点击左面白框和查找群字时，不会有任何反应！！,,Functional-Search,search,button_icon,other,search.button_icon.other,N,High,1,jayme,jayme,10010000009329,search.button_icon.other,在查找群时，只能点击放大镜图标进行查找，再点击左面白框和查找群字时，不会有任何反应！！,primary_clue,43,38,在查找群时 只能点击放大镜图标进行查找 再点击左面白框和查找群字时 不会有任何反应,1,
10010000009793,群搜索的时候，操作繁琐，要先点击右上角的放大镜图标，由于用户的行为习惯，喜欢直接点解”查找群”,群搜索的时候，操作繁琐，要先点击右上角的放大镜图标，由于用户的行为习惯，喜欢直接点解”查找群”,,Functional-Search,search,button_icon,other,search.button_icon.other,N,High,1,jayme,jayme,10010000009793,search.button_icon.other,群搜索的时候，操作繁琐，要先点击右上角的放大镜图标，由于用户的行为习惯，喜欢直接点解”查找群”,primary_clue,47,41,群搜索的时候 操作繁琐 要先点击右上角的放大镜图标 由于用户的行为习惯 喜欢直接点解 查找群,1,
10010000008544,"1.朋友界面的搜索按钮只能查找对应关键字的个人用户或者已加入的群组
2.朋友界面点击群组，再点击搜索框只能搜索到已加入的群组
3.而查找群需要点击更多按钮点击加入群再点击搜索框才能添加想查找的群
每个界面里的搜索框功能不一样，太复杂，达不到用户想要的效果",朋友界面的搜索按钮只能查找对应关键字的个人用户或者已加入的群组,朋友界面点击群组，再点击搜索框只能搜索到已加入的群组 || 而查找群需要点击更多按钮点击加入群再点击搜索框才能添加想查找的群 || 每个界面里的搜索框功能不一样，太复杂，达不到用户想要的效果,Functional-Search,search,button_icon,other,search.button_icon.other,Y,Medium,4,jayme,jayme,10010000008544,search.button_icon.other,朋友界面的搜索按钮只能查找对应关键字的个人用户或者已加入的群组,primary_clue,31,31,朋友界面的搜索按钮只能查找对应关键字的个人用户或者已加入的群组,1,
10010000008891,在群聊体验中的涂鸦功能，其中单色可以直接选取，但是涂鸦盘里的颜色若只是单击并不能进行替换，而是需要双击，或者单击之后有确定按钮，给用户带来很大的不方便。,在群聊体验中的涂鸦功能，其中单色可以直接选取，但是涂鸦盘里的颜色若只是单击并不能进行替换，而是需要双击，或者单击之后有确定按钮，给用户…,,Functional-Social,groupchat,button_icon,cannot_or_fail,groupchat.button_icon.cannot_or_fail,N,High,1,jayme,jayme,10010000008891,groupchat.button_icon.cannot_or_fail,在群聊体验中的涂鸦功能，其中单色可以直接选取，但是涂鸦盘里的颜色若只是单击并不能进行替换，而是需要双击，或者单击之后有确定按钮，给用户…,primary_clue,68,62,在群聊体验中的涂鸦功能 其中单色可以直接选取 但是涂鸦盘里的颜色若只是单击并不能进行替换 而是需要双击 或者单击之后有确定按钮 给用户,1,
10010000009733,聊天界面消息查看，当还没有到下一屏幕时，还有文字提示标签，屏幕转换不流畅用户体验差，严重程度较轻,聊天界面消息查看，当还没有到下一屏幕时，还有文字提示标签，屏幕转换不流畅用户体验差，严重程度较轻,,Functional-Social,message_send,page_view,other,message_send.page_view.other,N,High,1,jayme,jayme,10010000009733,message_send.page_view.other,聊天界面消息查看，当还没有到下一屏幕时，还有文字提示标签，屏幕转换不流畅用户体验差，严重程度较轻,primary_clue,48,44,聊天界面消息查看 当还没有到下一屏幕时 还有文字提示标签 屏幕转换不流畅用户体验差 严重程度较轻,1,
10010000007904,聊天界面的的上方的更多消息查看，当没有跨越一屏幕的时候，还是会有那个文字提示标签在那里，用户体验有问题，让人误以为有聊天记录，最好是有跨越一屏幕的记录，再提示，没有跨越，不提示,聊天界面的的上方的更多消息查看，当没有跨越一屏幕的时候，还是会有那个文字提示标签在那里，用户体验有问题，让人误以为有聊天记录，最好是有…,,Functional-Social,message_send,page_view,wrong_value,message_send.page_view.wrong_value,N,High,1,jayme,jayme,10010000007904,message_send.page_view.wrong_value,聊天界面的的上方的更多消息查看，当没有跨越一屏幕的时候，还是会有那个文字提示标签在那里，用户体验有问题，让人误以为有聊天记录，最好是有…,primary_clue,68,62,聊天界面的的上方的更多消息查看 当没有跨越一屏幕的时候 还是会有那个文字提示标签在那里 用户体验有问题 让人误以为有聊天记录 最好是有,1,
10010000009335,点击视频不能正常播放，还会在网络良好的状态下现实网络异常,点击视频不能正常播放，还会在网络良好的状态下现实网络异常,,Network/Loading,playback,audio,load_fail,playback.audio.load_fail,N,High,1,jayme,jayme,10010000009335,playback.audio.load_fail,点击视频不能正常播放，还会在网络良好的状态下现实网络异常,primary_clue,28,27,点击视频不能正常播放 还会在网络良好的状态下现实网络异常,1,
10010000008417,网络状况良好情况下查看视频，跳转到网页后提示网络有问题；断开网络，点击赞按钮，按钮仍会变色,网络状况良好情况下查看视频，跳转到网页后提示网络有问题,断开网络，点击赞按钮，按钮仍会变色,Functional-Media,playback,other,other,playback.other.other,Y,Medium,2,jayme,jayme,10010000008417,playback.other.other,网络状况良好情况下查看视频，跳转到网页后提示网络有问题,primary_clue,27,26,网络状况良好情况下查看视频 跳转到网页后提示网络有问题,1,
10010000009333,断开手机网络，进行刷新，这时候，群组设置界面和正常联网一样，没有任何提示，但是，修改资料，却会提示网络不可用。应该在断网的情况下，刷新，弹出toast提示网络不可用,断开手机网络，进行刷新，这时候，群组设置界面和正常联网一样，没有任何提示，但是，修改资料，却会提示网络不可用。应该在断网的情况下，刷新…,,Functional-Social,groupchat,page_view,other,groupchat.page_view.other,N,High,1,jayme,jayme,10010000009333,groupchat.page_view.other,断开手机网络，进行刷新，这时候，群组设置界面和正常联网一样，没有任何提示，但是，修改资料，却会提示网络不可用。应该在断网的情况下，刷新…,primary_clue,68,58,断开手机网络 进行刷新 这时候 群组设置界面和正常联网一样 没有任何提示 但是 修改资料 却会提示网络不可用 应该在断网的情况下 刷新,1,
10010000010033,因为网络的原因，无法发出去的消息，长按，没有重新发送的按钮，体验不好。,因为网络的原因，无法发出去的消息，长按，没有重新发送的按钮，体验不好。,,Functional-Social,message_send,button_icon,cannot_or_fail,message_send.button_icon.cannot_or_fail,N,High,1,jayme,jayme,10010000010033,message_send.button_icon.cannot_or_fail,因为网络的原因，无法发出去的消息，长按，没有重新发送的按钮，体验不好。,primary_clue,35,30,因为网络的原因 无法发出去的消息 长按 没有重新发送的按钮 体验不好,1,
10010000008743,当无网络时，消息不能发出，但没有超时限制，一直在尝试发出，直到再次连上网络。这样会占据太多内存，应该设置超时机制，如2分钟发不出则给一个叹号，下次连上网络可以由用户手动发出,当无网络时，消息不能发出，但没有超时限制，一直在尝试发出，直到再次连上网络。这样会占据太多内存，应该设置超时机制，如2分钟发不出则给一…,,Functional-Social,message_send,page_view,cannot_send,message_send.page_view.cannot_send,N,High,1,jayme,jayme,10010000008743,message_send.page_view.cannot_send,当无网络时，消息不能发出，但没有超时限制，一直在尝试发出，直到再次连上网络。这样会占据太多内存，应该设置超时机制，如2分钟发不出则给一…,primary_clue,68,60,当无网络时 消息不能发出 但没有超时限制 一直在尝试发出 直到再次连上网络 这样会占据太多内存 应该设置超时机制 如2分钟发不出则给一,1,
10010000007923,在成功登陆之后，断开网络，然后搜索已存在的群，没有提示网络已断开,在成功登陆之后，断开网络，然后搜索已存在的群，没有提示网络已断开,,Functional-Search,search,other,no_prompt,search.other.no_prompt,N,High,1,jayme,jayme,10010000007923,search.other.no_prompt,在成功登陆之后，断开网络，然后搜索已存在的群，没有提示网络已断开,primary_clue,32,29,在成功登陆之后 断开网络 然后搜索已存在的群 没有提示网络已断开,1,
10010000008317,登陆之后，从朋友页面发起群聊，点击搜索，断开网络，输入关键字，没有提示网络已断开，而是一直显示搜索！,登陆之后，从朋友页面发起群聊，点击搜索，断开网络，输入关键字，没有提示网络已断开，而是一直显示搜索！,,Functional-Search,search,page_view,no_prompt,search.page_view.no_prompt,N,High,1,jayme,jayme,10010000008317,search.page_view.no_prompt,登陆之后，从朋友页面发起群聊，点击搜索，断开网络，输入关键字，没有提示网络已断开，而是一直显示搜索！,primary_clue,50,43,登陆之后 从朋友页面发起群聊 点击搜索 断开网络 输入关键字 没有提示网络已断开 而是一直显示搜索,1,
10010000009705,在有网络的情况下进入我的群组，断开网络，在搜寻框中输入没有加入的群的名字，没有提示网络断开，而是提示无相关结果。,在有网络的情况下进入我的群组，断开网络，在搜寻框中输入没有加入的群的名字，没有提示网络断开，而是提示无相关结果。,,Functional-Social,groupchat,chat,no_prompt,groupchat.chat.no_prompt,N,High,1,jayme,jayme,10010000009705,groupchat.chat.no_prompt,在有网络的情况下进入我的群组，断开网络，在搜寻框中输入没有加入的群的名字，没有提示网络断开，而是提示无相关结果。,primary_clue,56,51,在有网络的情况下进入我的群组 断开网络 在搜寻框中输入没有加入的群的名字 没有提示网络断开 而是提示无相关结果,1,
10010000008433,查找群组并加入后，查看聊天图片，页面显示空白，无提示信息。建议增加提示信息：群组无聊天图片，从而区分是网速慢加载不出来还是的确没有聊天图片的情况。,查找群组并加入后，查看聊天图片，页面显示空白，无提示信息。建议增加提示信息：群组无聊天图片，从而区分是网速慢加载不出来还是的确没有聊天…,,Network/Loading,search,page_view,load_fail,search.page_view.load_fail,N,High,1,jayme,jayme,10010000008433,search.page_view.load_fail,查找群组并加入后，查看聊天图片，页面显示空白，无提示信息。建议增加提示信息：群组无聊天图片，从而区分是网速慢加载不出来还是的确没有聊天…,primary_clue,68,61,查找群组并加入后 查看聊天图片 页面显示空白 无提示信息 建议增加提示信息 群组无聊天图片 从而区分是网速慢加载不出来还是的确没有聊天,1,
10010000008748,数据传输很慢，使用带宽100m的WIFI和4G网络都测试过，加载头像和发送过来的语音和图片都很慢，有时直接加载失败,数据传输很慢，使用带宽100m的WIFI和4G网络都测试过，加载头像和发送过来的语音和图片都很慢，有时直接加载失败,,Network/Loading,message_send,image_banner,load_fail,message_send.image_banner.load_fail,N,High,1,jayme,jayme,10010000008748,message_send.image_banner.load_fail,数据传输很慢，使用带宽100m的WIFI和4G网络都测试过，加载头像和发送过来的语音和图片都很慢，有时直接加载失败,primary_clue,57,54,数据传输很慢 使用带宽100m的wifi和4g网络都测试过 加载头像和发送过来的语音和图片都很慢 有时直接加载失败,1,
10010000008723,该bug比较严重。个人是在网络环境比较好的实验室环境下测试的，手机运行正常，但是使用该软件在进行加入群，创建群，打开群设置，查看用户主页等操作时，就十分的卡，一直在等待服务器响应，大概会等待七八秒甚至十秒吧，该问题极大地影响了用户体验，建议采取紧急措施提高软件性能。,该bug比较严重。个人是在网络环境比较好的实验室环境下测试的，手机运行正常，但是使用该软件在进行加入群，创建群，打开群设置，查看用户主…,,Functional-Social,groupchat,page_view,other,groupchat.page_view.other,N,High,1,jayme,jayme,10010000008723,groupchat.page_view.other,该bug比较严重。个人是在网络环境比较好的实验室环境下测试的，手机运行正常，但是使用该软件在进行加入群，创建群，打开群设置，查看用户主…,primary_clue,68,61,该bug比较严重 个人是在网络环境比较好的实验室环境下测试的 手机运行正常 但是使用该软件在进行加入群 创建群 打开群设置 查看用户主,1,
10010000007613,通过第三方软件如qq微信登陆时，反应时间较长，如果是网络异常应该有相信提示信息。,通过第三方软件如qq微信登陆时，反应时间较长，如果是网络异常应该有相信提示信息。,,Network/Loading,other,step,load_fail,other.step.load_fail,N,High,1,jayme,jayme,10010000007613,other.step.load_fail,通过第三方软件如qq微信登陆时，反应时间较长，如果是网络异常应该有相信提示信息。,primary_clue,40,37,通过第三方软件如qq微信登陆时 反应时间较长 如果是网络异常应该有相信提示信息,1,
10010000008241,从群组页面右上角发起群聊，输入搜索好友关键字，出现好友列表之后，断开网络，再次输入一样的关键字，没有提示网络已断开，而是出现刚才的好友列表！,从群组页面右上角发起群聊，输入搜索好友关键字，出现好友列表之后，断开网络，再次输入一样的关键字，没有提示网络已断开，而是出现刚才的好友列表！,,Functional-Search,search,page_view,no_prompt,search.page_view.no_prompt,N,High,1,jayme,jayme,10010000008241,search.page_view.no_prompt,从群组页面右上角发起群聊，输入搜索好友关键字，出现好友列表之后，断开网络，再次输入一样的关键字，没有提示网络已断开，而是出现刚才的好友列表！,primary_clue,70,63,从群组页面右上角发起群聊 输入搜索好友关键字 出现好友列表之后 断开网络 再次输入一样的关键字 没有提示网络已断开 而是出现刚才的好友列表,1,
10010000008062,通过朋友页面右上角发起群聊之后，搜索好友，输入关键字，出现好友列表之后，断开网络，清空搜索框，再输入刚才的关键字，没有提示网络断开，依然出现刚才的好友列表。,通过朋友页面右上角发起群聊之后，搜索好友，输入关键字，出现好友列表之后，断开网络，清空搜索框，再输入刚才的关键字，没有提示网络断开，依…,,Functional-Search,search,page_view,no_prompt,search.page_view.no_prompt,N,High,1,jayme,jayme,10010000008062,search.page_view.no_prompt,通过朋友页面右上角发起群聊之后，搜索好友，输入关键字，出现好友列表之后，断开网络，清空搜索框，再输入刚才的关键字，没有提示网络断开，依…,primary_clue,68,59,通过朋友页面右上角发起群聊之后 搜索好友 输入关键字 出现好友列表之后 断开网络 清空搜索框 再输入刚才的关键字 没有提示网络断开 依,1,
10010000008866,在添加群组时，先点击要选择的联系人，然后把网络关掉，点击确定，此时仍可以进去创建群组界面，然后创建时才会提示网络连接不可用。应该在点击确定时就显示网络连接不可用。,在添加群组时，先点击要选择的联系人，然后把网络关掉，点击确定，此时仍可以进去创建群组界面，然后创建时才会提示网络连接不可用。应该在点击…,,Functional-Social,groupchat,page_view,other,groupchat.page_view.other,N,High,1,jayme,jayme,10010000008866,groupchat.page_view.other,在添加群组时，先点击要选择的联系人，然后把网络关掉，点击确定，此时仍可以进去创建群组界面，然后创建时才会提示网络连接不可用。应该在点击…,primary_clue,68,61,在添加群组时 先点击要选择的联系人 然后把网络关掉 点击确定 此时仍可以进去创建群组界面 然后创建时才会提示网络连接不可用 应该在点击,1,
10010000008942,加入群，输入申请条件的时候，不能大于255，但是输入框中的字符大于255后，还是可以输入。,加入群，输入申请条件的时候，不能大于255，但是输入框中的字符大于255后，还是可以输入。,,Input/Validation,other,input_box,cannot_or_fail,other.input_box.cannot_or_fail,N,High,1,jayme,jayme,10010000008942,other.input_box.cannot_or_fail,加入群，输入申请条件的时候，不能大于255，但是输入框中的字符大于255后，还是可以输入。,primary_clue,45,40,加入群 输入申请条件的时候 不能大于255 但是输入框中的字符大于255后 还是可以输入,1,
10010000008721,输入群公告信息，提示创建公告成功，在聊天页面没有显示,输入群公告信息，提示创建公告成功，在聊天页面没有显示,,Functional-Social,message_send,page_view,other,message_send.page_view.other,N,High,1,jayme,jayme,10010000008721,message_send.page_view.other,输入群公告信息，提示创建公告成功，在聊天页面没有显示,primary_clue,26,24,输入群公告信息 提示创建公告成功 在聊天页面没有显示,1,
10010000008507,在聊天群里设置群公告，输入公告里正常的数字或汉字可以正常发布，并且在群聊天记录中可以查看到相关数据。但是如果群公告输入的是空格，则在群聊天记录中无法找到相关数据。,在聊天群里设置群公告，输入公告里正常的数字或汉字可以正常发布，并且在群聊天记录中可以查看到相关数据。但是如果群公告输入的是空格，则在群…,,Functional-Social,groupchat,page_view,wrong_value,groupchat.page_view.wrong_value,N,High,1,jayme,jayme,10010000008507,groupchat.page_view.wrong_value,在聊天群里设置群公告，输入公告里正常的数字或汉字可以正常发布，并且在群聊天记录中可以查看到相关数据。但是如果群公告输入的是空格，则在群…,primary_clue,68,63,在聊天群里设置群公告 输入公告里正常的数字或汉字可以正常发布 并且在群聊天记录中可以查看到相关数据 但是如果群公告输入的是空格 则在群,1,
10010000008509,在加入群聊的时候，正如图片上写的热门群推荐，但是却没有热门群的内容出现，这是一个bug.,在加入群聊的时候，正如图片上写的热门群推荐，但是却没有热门群的内容出现，这是一个bug.,,Functional-Social,groupchat,image_banner,other,groupchat.image_banner.other,N,High,1,jayme,jayme,10010000008509,groupchat.image_banner.other,在加入群聊的时候，正如图片上写的热门群推荐，但是却没有热门群的内容出现，这是一个bug.,primary_clue,44,40,在加入群聊的时候 正如图片上写的热门群推荐 但是却没有热门群的内容出现 这是一个bug,1,
10010000009535,在查找群页面，页面布局不佳，点击热门群推荐时，跳转一个新页面可选择热门群，而页面其他内容可以重新布局,在查找群页面，页面布局不佳，点击热门群推荐时，跳转一个新页面可选择热门群，而页面其他内容可以重新布局,,Functional-Search,search,page_view,layout_issue,search.page_view.layout_issue,N,High,1,jayme,jayme,10010000009535,search.page_view.layout_issue,在查找群页面，页面布局不佳，点击热门群推荐时，跳转一个新页面可选择热门群，而页面其他内容可以重新布局,primary_clue,50,46,在查找群页面 页面布局不佳 点击热门群推荐时 跳转一个新页面可选择热门群 而页面其他内容可以重新布局,1,
10010000008939,版本原因，加群界面没有热门群推荐信息。,版本原因，加群界面没有热门群推荐信息。,,UI/Display,other,page_view,other,other.page_view.other,N,Medium,1,jayme,jayme,10010000008939,other.page_view.other,版本原因，加群界面没有热门群推荐信息。,primary_clue,19,17,版本原因 加群界面没有热门群推荐信息,1,
10010000008601,表情发送:用键盘上的表情发现与填写不符合,表情发送:用键盘上的表情发现与填写不符合,,Functional-Social,message_send,input_box,other,message_send.input_box.other,N,High,1,jayme,jayme,10010000008601,message_send.input_box.other,表情发送:用键盘上的表情发现与填写不符合,primary_clue,20,19,表情发送 用键盘上的表情发现与填写不符合,1,
10010000009531,发送表情时，只能输入四行表情，无法在多输入！！！,发送表情时，只能输入四行表情，无法在多输入！！！,,Functional-Social,message_send,other,cannot_or_fail,message_send.other.cannot_or_fail,N,High,1,jayme,jayme,10010000009531,message_send.other.cannot_or_fail,发送表情时，只能输入四行表情，无法在多输入！！！,primary_clue,24,19,发送表情时 只能输入四行表情 无法在多输入,1,
10010000009430,remixOS基于安卓的电脑平台使用该软件，无法发送表情,remixOS基于安卓的电脑平台使用该软件，无法发送表情,,Functional-Social,message_send,other,cannot_or_fail,message_send.other.cannot_or_fail,N,High,1,jayme,jayme,10010000009430,message_send.other.cannot_or_fail,remixOS基于安卓的电脑平台使用该软件，无法发送表情,primary_clue,28,27,remixos基于安卓的电脑平台使用该软件 无法发送表情,1,
10010000009424,在RemixOS（基于安卓5.1）X86设备环境下，无法发送表情。,在RemixOS（基于安卓5.1）X86设备环境下，无法发送表情。,,Functional-Social,message_send,other,cannot_or_fail,message_send.other.cannot_or_fail,N,High,1,jayme,jayme,10010000009424,message_send.other.cannot_or_fail,在RemixOS（基于安卓5.1）X86设备环境下，无法发送表情。,primary_clue,33,28,在remixos 基于安卓5 1 x86设备环境下 无法发送表情,1,
10010000008781,修改群公告为表情。群内无法正常显示群公告内容，并且表情显示为系统自带表情,修改群公告为表情。群内无法正常显示群公告内容，并且表情显示为系统自带表情,,Functional-Social,other,other,cannot_or_fail,other.other.cannot_or_fail,N,High,1,jayme,jayme,10010000008781,other.other.cannot_or_fail,修改群公告为表情。群内无法正常显示群公告内容，并且表情显示为系统自带表情,primary_clue,36,34,修改群公告为表情 群内无法正常显示群公告内容 并且表情显示为系统自带表情,1,
10010000008667,通过表情查找群聊名称，不能查找匹配到对应的表情，而是会出现许多不与查找表情相同的群聊,通过表情查找群聊名称，不能查找匹配到对应的表情，而是会出现许多不与查找表情相同的群聊,,Functional-Search,search,chat,cannot_or_fail,search.chat.cannot_or_fail,N,High,1,jayme,jayme,10010000008667,search.chat.cannot_or_fail,通过表情查找群聊名称，不能查找匹配到对应的表情，而是会出现许多不与查找表情相同的群聊,primary_clue,42,40,通过表情查找群聊名称 不能查找匹配到对应的表情 而是会出现许多不与查找表情相同的群聊,1,
10010000008518,群聊时，群聊表情不能收藏，而且静态表情里没有收藏本地表情的体验，长按表情也不能进行保存,群聊时，群聊表情不能收藏，而且静态表情里没有收藏本地表情的体验，长按表情也不能进行保存,,Functional-Social,groupchat,chat,cannot_or_fail,groupchat.chat.cannot_or_fail,N,High,1,jayme,jayme,10010000008518,groupchat.chat.cannot_or_fail,群聊时，群聊表情不能收藏，而且静态表情里没有收藏本地表情的体验，长按表情也不能进行保存,primary_clue,43,40,群聊时 群聊表情不能收藏 而且静态表情里没有收藏本地表情的体验 长按表情也不能进行保存,1,
10010000009007,功能不齐全：表情无法增加自己想要的表情包，只有有限的表情，需要增加新的表情包无途径和按钮。,功能不齐全：表情无法增加自己想要的表情包，只有有限的表情，需要增加新的表情包无途径和按钮。,,Functional-Social,other,button_icon,cannot_or_fail,other.button_icon.cannot_or_fail,N,High,1,jayme,jayme,10010000009007,other.button_icon.cannot_or_fail,功能不齐全：表情无法增加自己想要的表情包，只有有限的表情，需要增加新的表情包无途径和按钮。,primary_clue,45,41,功能不齐全 表情无法增加自己想要的表情包 只有有限的表情 需要增加新的表情包无途径和按钮,1,
10010000009182,当群主发送具有表情的群公告，聊天界面是无法显示表情，只能看到文字。但是群组设置是可以看到表情的。,当群主发送具有表情的群公告，聊天界面是无法显示表情，只能看到文字。但是群组设置是可以看到表情的。,,Functional-Social,groupchat,page_view,cannot_or_fail,groupchat.page_view.cannot_or_fail,N,High,1,jayme,jayme,10010000009182,groupchat.page_view.cannot_or_fail,当群主发送具有表情的群公告，聊天界面是无法显示表情，只能看到文字。但是群组设置是可以看到表情的。,primary_clue,48,44,当群主发送具有表情的群公告 聊天界面是无法显示表情 只能看到文字 但是群组设置是可以看到表情的,1,
10010000009950,测试“表情”时，发现在向文本框发送输入表情，还未发送，历史表情记录中，已有这些表情。用户体验差，必现，严重程度较轻,测试“表情”时，发现在向文本框发送输入表情，还未发送，历史表情记录中，已有这些表情。用户体验差，必现，严重程度较轻,,Functional-Social,message_send,input_box,other,message_send.input_box.other,N,High,1,jayme,jayme,10010000009950,message_send.input_box.other,测试“表情”时，发现在向文本框发送输入表情，还未发送，历史表情记录中，已有这些表情。用户体验差，必现，严重程度较轻,primary_clue,57,48,测试 表情 时 发现在向文本框发送输入表情 还未发送 历史表情记录中 已有这些表情 用户体验差 必现 严重程度较轻,1,
10010000009221,表情在文本框上的时候发送了变化。如果用户忘记了刚刚点击的是什么表情，而表情在文本框上也变得难以辨识。那么用户就要删除文本框上的表情进行重新选择。,表情在文本框上的时候发送了变化。如果用户忘记了刚刚点击的是什么表情，而表情在文本框上也变得难以辨识。那么用户就要删除文本框上的表情进行…,,Functional-Social,message_send,input_box,other,message_send.input_box.other,N,High,1,jayme,jayme,10010000009221,message_send.input_box.other,表情在文本框上的时候发送了变化。如果用户忘记了刚刚点击的是什么表情，而表情在文本框上也变得难以辨识。那么用户就要删除文本框上的表情进行…,primary_clue,68,64,表情在文本框上的时候发送了变化 如果用户忘记了刚刚点击的是什么表情 而表情在文本框上也变得难以辨识 那么用户就要删除文本框上的表情进行,1,
10010000008637,"加入群组－＞进入群组聊天－＞在群组聊天框里键入搜狗输入法自带表情－＞点击发送－＞显示的表情与输入框表情不同  附截图 输入框与已发送的表情为同一表情 而显示结果不同
附截图",加入群组－＞进入群组聊天－＞在群组聊天框里键入搜狗输入法自带表情－＞点击发送－＞显示的表情与输入框表情不同 附截图 输入框与已发送的表…,附截图,Functional-Social,groupchat,input_box,other,groupchat.input_box.other,Y,Medium,2,jayme,jayme,10010000008637,groupchat.input_box.other,加入群组－＞进入群组聊天－＞在群组聊天框里键入搜狗输入法自带表情－＞点击发送－＞显示的表情与输入框表情不同 附截图 输入框与已发送的表…,primary_clue,68,57,加入群组 进入群组聊天 在群组聊天框里键入搜狗输入法自带表情 点击发送 显示的表情与输入框表情不同 附截图 输入框与已发送的表,1,
10010000009958,在发帖子的页面输入大量表情就会卡顿崩溃，发表不了。,在发帖子的页面输入大量表情就会卡顿崩溃，发表不了。,,Crash,other,page_view,crash,other.page_view.crash,N,High,1,jayme,jayme,10010000009958,other.page_view.crash,在发帖子的页面输入大量表情就会卡顿崩溃，发表不了。,primary_clue,25,23,在发帖子的页面输入大量表情就会卡顿崩溃 发表不了,1,
10010000008492,输入框右侧表情头像被掩盖了部分，强迫症的人看了不舒服，需要改善。,输入框右侧表情头像被掩盖了部分，强迫症的人看了不舒服，需要改善。,,Functional-Social,other,input_box,other,other.input_box.other,N,High,1,jayme,jayme,10010000008492,other.input_box.other,输入框右侧表情头像被掩盖了部分，强迫症的人看了不舒服，需要改善。,primary_clue,32,29,输入框右侧表情头像被掩盖了部分 强迫症的人看了不舒服 需要改善,1,
10010000009888,聊天表情比较少， 只有系统自带的四种， 没有自己可以添加的功能。 对于周杰伦的年轻粉丝来说，不是一个好消息。,聊天表情比较少， 只有系统自带的四种， 没有自己可以添加的功能。 对于周杰伦的年轻粉丝来说，不是一个好消息。,,Functional-Social,message_send,chat,other,message_send.chat.other,N,High,1,jayme,jayme,10010000009888,message_send.chat.other,聊天表情比较少， 只有系统自带的四种， 没有自己可以添加的功能。 对于周杰伦的年轻粉丝来说，不是一个好消息。,primary_clue,54,46,聊天表情比较少 只有系统自带的四种 没有自己可以添加的功能 对于周杰伦的年轻粉丝来说 不是一个好消息,1,
10010000008668,复制表情后。聊天框内显示为系统自带表情,复制表情后。聊天框内显示为系统自带表情,,Functional-Social,message_send,chat,other,message_send.chat.other,N,High,1,jayme,jayme,10010000008668,message_send.chat.other,复制表情后。聊天框内显示为系统自带表情,primary_clue,19,18,复制表情后 聊天框内显示为系统自带表情,1,
10010000008399,复制表情后在聊天框中粘贴无法正常显示为表情,复制表情后在聊天框中粘贴无法正常显示为表情,,Functional-Social,message_send,chat,cannot_or_fail,message_send.chat.cannot_or_fail,N,High,1,jayme,jayme,10010000008399,message_send.chat.cannot_or_fail,复制表情后在聊天框中粘贴无法正常显示为表情,primary_clue,21,21,复制表情后在聊天框中粘贴无法正常显示为表情,1,
10010000008067,复制表情，在聊天框中粘贴后，无法显示为表情，只能显示表情代码。,复制表情，在聊天框中粘贴后，无法显示为表情，只能显示表情代码。,,Functional-Social,message_send,chat,cannot_or_fail,message_send.chat.cannot_or_fail,N,High,1,jayme,jayme,10010000008067,message_send.chat.cannot_or_fail,复制表情，在聊天框中粘贴后，无法显示为表情，只能显示表情代码。,primary_clue,31,27,复制表情 在聊天框中粘贴后 无法显示为表情 只能显示表情代码,1,
10010000008519,复制表情后，在聊天框粘贴，粘贴出现的表情是系统自带的样式，而不是应用内的表情样式。,复制表情后，在聊天框粘贴，粘贴出现的表情是系统自带的样式，而不是应用内的表情样式。,,Functional-Social,message_send,chat,other,message_send.chat.other,N,High,1,jayme,jayme,10010000008519,message_send.chat.other,复制表情后，在聊天框粘贴，粘贴出现的表情是系统自带的样式，而不是应用内的表情样式。,primary_clue,41,37,复制表情后 在聊天框粘贴 粘贴出现的表情是系统自带的样式 而不是应用内的表情样式,1,
10010000008493,当表情不可用之后，使用复制功能对对方发送的表情进行复制，粘贴。聊天框中显示的是代码，所以如果用户有需求对表情进行编辑，那么他可能需要全部删掉或者将表情代码背下来才可以进行编辑。,当表情不可用之后，使用复制功能对对方发送的表情进行复制，粘贴。聊天框中显示的是代码，所以如果用户有需求对表情进行编辑，那么他可能需要全…,,Functional-Social,message_send,chat,other,message_send.chat.other,N,High,1,jayme,jayme,10010000008493,message_send.chat.other,当表情不可用之后，使用复制功能对对方发送的表情进行复制，粘贴。聊天框中显示的是代码，所以如果用户有需求对表情进行编辑，那么他可能需要全…,primary_clue,68,62,当表情不可用之后 使用复制功能对对方发送的表情进行复制 粘贴 聊天框中显示的是代码 所以如果用户有需求对表情进行编辑 那么他可能需要全,1,
10010000009506,功能缺陷：在输入法中输入（笑哭）表情和在表情列表里中点击（笑哭）表情的结果不同，输入法中的表情无法被存储。属于功能方面的缺陷，缺陷程度为必现。,功能缺陷：在输入法中输入（笑哭）表情和在表情列表里中点击（笑哭）表情的结果不同，输入法中的表情无法被存储。属于功能方面的缺陷，缺陷程度…,,Functional-Social,other,list_item,cannot_or_fail,other.list_item.cannot_or_fail,N,High,1,jayme,jayme,10010000009506,other.list_item.cannot_or_fail,功能缺陷：在输入法中输入（笑哭）表情和在表情列表里中点击（笑哭）表情的结果不同，输入法中的表情无法被存储。属于功能方面的缺陷，缺陷程度…,primary_clue,68,59,功能缺陷 在输入法中输入 笑哭 表情和在表情列表里中点击 笑哭 表情的结果不同 输入法中的表情无法被存储 属于功能方面的缺陷 缺陷程度,1,
10010000008931,有人退出群时候，群主和群聊里没有提示,有人退出群时候，群主和群聊里没有提示,,Functional-Social,groupchat,chat,no_prompt,groupchat.chat.no_prompt,N,High,1,jayme,jayme,10010000008931,groupchat.chat.no_prompt,有人退出群时候，群主和群聊里没有提示,primary_clue,18,17,有人退出群时候 群主和群聊里没有提示,1,
10010000008707,当组员退出群聊时，群主没有提示组员退出聊天，组员再次加入该群时，也无提示加入该组。,当组员退出群聊时，群主没有提示组员退出聊天，组员再次加入该群时，也无提示加入该组。,,Functional-Social,groupchat,chat,no_prompt,groupchat.chat.no_prompt,N,High,1,jayme,jayme,10010000008707,groupchat.chat.no_prompt,当组员退出群聊时，群主没有提示组员退出聊天，组员再次加入该群时，也无提示加入该组。,primary_clue,41,37,当组员退出群聊时 群主没有提示组员退出聊天 组员再次加入该群时 也无提示加入该组,1,
10010000009160,如图在群组设置中选择退出群 ，然后确认退出群 自己的群消息助手中会提示“你退出了‘东大荒’”。但是群主不会接收到群成全退群提示。,如图在群组设置中选择退出群 ，然后确认退出群 自己的群消息助手中会提示“你退出了‘东大荒’”。但是群主不会接收到群成全退群提示。,,Functional-Social,groupchat,page_view,other,groupchat.page_view.other,N,High,1,jayme,jayme,10010000009160,groupchat.page_view.other,如图在群组设置中选择退出群 ，然后确认退出群 自己的群消息助手中会提示“你退出了‘东大荒’”。但是群主不会接收到群成全退群提示。,primary_clue,64,55,如图在群组设置中选择退出群 然后确认退出群 自己的群消息助手中会提示 你退出了 东大荒 但是群主不会接收到群成全退群提示,1,
10010000009112,一个群成员退出群的时候群里面不会显示“某某某  已经退出该群”。 图片中显示了 该成员加入的消息 ，她退出后 却没有她退出的消息。,一个群成员退出群的时候群里面不会显示“某某某 已经退出该群”。 图片中显示了 该成员加入的消息 ，她退出后 却没有她退出的消息。,,Functional-Social,groupchat,image_banner,other,groupchat.image_banner.other,N,High,1,jayme,jayme,10010000009112,groupchat.image_banner.other,一个群成员退出群的时候群里面不会显示“某某某 已经退出该群”。 图片中显示了 该成员加入的消息 ，她退出后 却没有她退出的消息。,primary_clue,64,54,一个群成员退出群的时候群里面不会显示 某某某 已经退出该群 图片中显示了 该成员加入的消息 她退出后 却没有她退出的消息,1,
10010000007482,编辑不正常退出之后，再次进入app，无法进入。,编辑不正常退出之后，再次进入app，无法进入。,,Network/Loading,other,other,load_fail,other.other.load_fail,N,High,1,jayme,jayme,10010000007482,other.other.load_fail,编辑不正常退出之后，再次进入app，无法进入。,primary_clue,23,20,编辑不正常退出之后 再次进入app 无法进入,1,
10010000007481,点击编辑按钮之后，输入一个字，点击发表的时候，app自动退出。,点击编辑按钮之后，输入一个字，点击发表的时候，app自动退出。,,UI/Display,other,button_icon,other,other.button_icon.other,N,Medium,1,jayme,jayme,10010000007481,other.button_icon.other,点击编辑按钮之后，输入一个字，点击发表的时候，app自动退出。,primary_clue,31,27,点击编辑按钮之后 输入一个字 点击发表的时候 app自动退出,1,
10010000009808,应该添加被拉入群聊的意愿权限，不能随意被拉入群聊,应该添加被拉入群聊的意愿权限，不能随意被拉入群聊,,Functional-Social,groupchat,chat,permission,groupchat.chat.permission,N,High,1,jayme,jayme,10010000009808,groupchat.chat.permission,应该添加被拉入群聊的意愿权限，不能随意被拉入群聊,primary_clue,24,23,应该添加被拉入群聊的意愿权限 不能随意被拉入群聊,1,
10010000009098,加入群聊时，未加入的群聊权限为“允许任何人加入该群”，显示也是“加入群聊”，用户分不清哪个是已经加入过的，哪个是未加入的。,加入群聊时，未加入的群聊权限为“允许任何人加入该群”，显示也是“加入群聊”，用户分不清哪个是已经加入过的，哪个是未加入的。,,Functional-Social,groupchat,chat,permission,groupchat.chat.permission,N,High,1,jayme,jayme,10010000009098,groupchat.chat.permission,加入群聊时，未加入的群聊权限为“允许任何人加入该群”，显示也是“加入群聊”，用户分不清哪个是已经加入过的，哪个是未加入的。,primary_clue,61,52,加入群聊时 未加入的群聊权限为 允许任何人加入该群 显示也是 加入群聊 用户分不清哪个是已经加入过的 哪个是未加入的,1,
10010000007989,新建群聊后设置名称和加群方式后不能继续添加其他信息，希望可以让群建设者完善群介绍等后才创建群聊，可以让所有入群者知道群是干啥的。,新建群聊后设置名称和加群方式后不能继续添加其他信息，希望可以让群建设者完善群介绍等后才创建群聊，可以让所有入群者知道群是干啥的。,,Functional-Social,groupchat,page_view,cannot_or_fail,groupchat.page_view.cannot_or_fail,N,High,1,jayme,jayme,10010000007989,groupchat.page_view.cannot_or_fail,新建群聊后设置名称和加群方式后不能继续添加其他信息，希望可以让群建设者完善群介绍等后才创建群聊，可以让所有入群者知道群是干啥的。,primary_clue,64,61,新建群聊后设置名称和加群方式后不能继续添加其他信息 希望可以让群建设者完善群介绍等后才创建群聊 可以让所有入群者知道群是干啥的,1,
10010000008383,邀请非好友进群无需对方同意就能邀请成功,邀请非好友进群无需对方同意就能邀请成功,,Functional-Social,other,chat,other,other.chat.other,N,High,1,jayme,jayme,10010000008383,other.chat.other,邀请非好友进群无需对方同意就能邀请成功,primary_clue,19,19,邀请非好友进群无需对方同意就能邀请成功,1,
10010000009483,"1，邀请好友加群时，自动加入，无需被邀请者同意。
2，朋友界面搜索不到目标群。",1，邀请好友加群时，自动加入，无需被邀请者同意。,2，朋友界面搜索不到目标群。,Functional-Social,other,chat,other,other.chat.other,Y,Medium,2,jayme,jayme,10010000009483,other.chat.other,1，邀请好友加群时，自动加入，无需被邀请者同意。,primary_clue,24,20,1 邀请好友加群时 自动加入 无需被邀请者同意,1,
10010000009282,自己的好友不是通过自己加入某个群组时，你想邀请多个好友加入该群时，不显示该好友已经加入该群，自然可以选择邀请，然后提示该用户已加入群,自己的好友不是通过自己加入某个群组时，你想邀请多个好友加入该群时，不显示该好友已经加入该群，自然可以选择邀请，然后提示该用户已加入群,,Functional-Social,groupchat,chat,display_missing,groupchat.chat.display_missing,N,High,1,jayme,jayme,10010000009282,groupchat.chat.display_missing,自己的好友不是通过自己加入某个群组时，你想邀请多个好友加入该群时，不显示该好友已经加入该群，自然可以选择邀请，然后提示该用户已加入群,primary_clue,66,62,自己的好友不是通过自己加入某个群组时 你想邀请多个好友加入该群时 不显示该好友已经加入该群 自然可以选择邀请 然后提示该用户已加入群,1,
10010000008097,创建群组，邀请好友进入群。被邀人都不用同意，直接被拉进群里面，这样不能保证被邀请人是否有意愿加入，加群限制，只是群主限制是否可以让别人进入。,创建群组，邀请好友进入群。被邀人都不用同意，直接被拉进群里面，这样不能保证被邀请人是否有意愿加入，加群限制，只是群主限制是否可以让别人进入。,,Functional-Social,groupchat,chat,cannot_or_fail,groupchat.chat.cannot_or_fail,N,High,1,jayme,jayme,10010000008097,groupchat.chat.cannot_or_fail,创建群组，邀请好友进入群。被邀人都不用同意，直接被拉进群里面，这样不能保证被邀请人是否有意愿加入，加群限制，只是群主限制是否可以让别人进入。,primary_clue,70,63,创建群组 邀请好友进入群 被邀人都不用同意 直接被拉进群里面 这样不能保证被邀请人是否有意愿加入 加群限制 只是群主限制是否可以让别人进入,1,
10010000008112,别人在聊天中发送PNG格式的文件无法直接打开,别人在聊天中发送PNG格式的文件无法直接打开,,Functional-Social,message_send,chat,cannot_or_fail,message_send.chat.cannot_or_fail,N,High,1,jayme,jayme,10010000008112,message_send.chat.cannot_or_fail,别人在聊天中发送PNG格式的文件无法直接打开,primary_clue,22,22,别人在聊天中发送png格式的文件无法直接打开,1,
10010000010020,软件无法正常读取手机信息，无法正常传上去文件,软件无法正常读取手机信息，无法正常传上去文件,,Other,other,other,cannot_or_fail,other.other.cannot_or_fail,N,Medium,1,jayme,jayme,10010000010020,other.other.cannot_or_fail,软件无法正常读取手机信息，无法正常传上去文件,primary_clue,22,21,软件无法正常读取手机信息 无法正常传上去文件,1,
10010000008344,选择发送文件时，应该告知用户可发送的最大文件是多大,选择发送文件时，应该告知用户可发送的最大文件是多大,,Other,message_send,other,other,message_send.other.other,N,Medium,1,jayme,jayme,10010000008344,message_send.other.other,选择发送文件时，应该告知用户可发送的最大文件是多大,primary_clue,25,24,选择发送文件时 应该告知用户可发送的最大文件是多大,1,
10010000009346,好友在群里发送了一个.so的文件。提示消息无法打开此类型文件，长按该文件却没有给出其他打开方式。,好友在群里发送了一个.so的文件。提示消息无法打开此类型文件，长按该文件却没有给出其他打开方式。,,Network/Loading,message_send,chat,load_fail,message_send.chat.load_fail,N,High,1,jayme,jayme,10010000009346,message_send.chat.load_fail,好友在群里发送了一个.so的文件。提示消息无法打开此类型文件，长按该文件却没有给出其他打开方式。,primary_clue,48,44,好友在群里发送了一个 so的文件 提示消息无法打开此类型文件 长按该文件却没有给出其他打开方式,1,
10010000009040,"1.测试功能：聊天发送字数与自动转换为文件功能
2.重现步骤：在好友聊天界面，输入大量信息并发送
3.实际结果：超过一定数量后会自动截断后面消息，即发送消息不完全，无法自动转换为文件发送
4预期结果：当消息过多时，自动转换为txt文件发送",测试功能：聊天发送字数与自动转换为文件功能,重现步骤：在好友聊天界面，输入大量信息并发送 || 实际结果：超过一定数量后会自动截断后面消息，即发送消息不完全，无法自动转换为文件发送 || 4预期结果：当消息过多时，自动转换为txt文件发送,Functional-Social,message_send,chat,other,message_send.chat.other,Y,Medium,4,jayme,jayme,10010000009040,message_send.chat.other,测试功能：聊天发送字数与自动转换为文件功能,primary_clue,21,20,测试功能 聊天发送字数与自动转换为文件功能,1,
10010000009409,与测试需求文档不服，系统以多条申请中任意一条审批记录为准,与测试需求文档不服，系统以多条申请中任意一条审批记录为准,,Other,other,list_item,other,other.list_item.other,N,Medium,1,jayme,jayme,10010000009409,other.list_item.other,与测试需求文档不服，系统以多条申请中任意一条审批记录为准,primary_clue,28,27,与测试需求文档不服 系统以多条申请中任意一条审批记录为准,1,
10010000009178,批准一条申请消息时，应该出现一条申请消息被批准，但此时出现多条申请消息一同被批准,批准一条申请消息时，应该出现一条申请消息被批准，但此时出现多条申请消息一同被批准,,Functional-Social,message_send,chat,other,message_send.chat.other,N,High,1,jayme,jayme,10010000009178,message_send.chat.other,批准一条申请消息时，应该出现一条申请消息被批准，但此时出现多条申请消息一同被批准,primary_clue,40,38,批准一条申请消息时 应该出现一条申请消息被批准 但此时出现多条申请消息一同被批准,1,
10010000009482,对于用户的多次入群申请，一旦审批某一条，其他申请自动同意，并不能再审批其他申请，没有以最新申请为准，与描述不相符合,对于用户的多次入群申请，一旦审批某一条，其他申请自动同意，并不能再审批其他申请，没有以最新申请为准，与描述不相符合,,Other,other,other,cannot_or_fail,other.other.cannot_or_fail,N,Medium,1,jayme,jayme,10010000009482,other.other.cannot_or_fail,对于用户的多次入群申请，一旦审批某一条，其他申请自动同意，并不能再审批其他申请，没有以最新申请为准，与描述不相符合,primary_clue,57,52,对于用户的多次入群申请 一旦审批某一条 其他申请自动同意 并不能再审批其他申请 没有以最新申请为准 与描述不相符合,1,
10010000008912,多次申请加群，管理员收到同一个人，同一个群的多条提醒，只需要处理其中任意一条即可，而不是如需求所说，以最后一条通知的处理结果为准。,多次申请加群，管理员收到同一个人，同一个群的多条提醒，只需要处理其中任意一条即可，而不是如需求所说，以最后一条通知的处理结果为准。,,Other,notification,other,other,notification.other.other,N,Medium,1,jayme,jayme,10010000008912,notification.other.other,多次申请加群，管理员收到同一个人，同一个群的多条提醒，只需要处理其中任意一条即可，而不是如需求所说，以最后一条通知的处理结果为准。,primary_clue,65,59,多次申请加群 管理员收到同一个人 同一个群的多条提醒 只需要处理其中任意一条即可 而不是如需求所说 以最后一条通知的处理结果为准,1,
10010000008288,对添加群进行测试，同一用户对同一个群的多条申请，没有按照功能描述的以最后一条审批结果为准而是以任意一条审批结果为准，任意一条拒绝系统就判为全部拒绝。,对添加群进行测试，同一用户对同一个群的多条申请，没有按照功能描述的以最后一条审批结果为准而是以任意一条审批结果为准，任意一条拒绝系统就…,,Other,other,other,wrong_value,other.other.wrong_value,N,High,1,jayme,jayme,10010000008288,other.other.wrong_value,对添加群进行测试，同一用户对同一个群的多条申请，没有按照功能描述的以最后一条审批结果为准而是以任意一条审批结果为准，任意一条拒绝系统就…,primary_clue,68,64,对添加群进行测试 同一用户对同一个群的多条申请 没有按照功能描述的以最后一条审批结果为准而是以任意一条审批结果为准 任意一条拒绝系统就,1,
10010000008467,功能需求要求以最后一条的审批结果为准，但当用户申请多次时，群主接收到多次申请消息，选择接受或拒绝后，就不能再操作选择接受或拒绝，并不是以最后一条审批结果为准,功能需求要求以最后一条的审批结果为准，但当用户申请多次时，群主接收到多次申请消息，选择接受或拒绝后，就不能再操作选择接受或拒绝，并不是…,,Functional-Social,groupchat,chat,wrong_value,groupchat.chat.wrong_value,N,High,1,jayme,jayme,10010000008467,groupchat.chat.wrong_value,功能需求要求以最后一条的审批结果为准，但当用户申请多次时，群主接收到多次申请消息，选择接受或拒绝后，就不能再操作选择接受或拒绝，并不是…,primary_clue,68,62,功能需求要求以最后一条的审批结果为准 但当用户申请多次时 群主接收到多次申请消息 选择接受或拒绝后 就不能再操作选择接受或拒绝 并不是,1,
10010000008571,同一用户的在同一个群提出多条申请，管理员若是在之前几条的审批信息中拒绝他的申请加入，则在之后的几条申请信息中按同意按钮会显示同意入群失败。与需求文档中的以最后一条审批结果为准这个描述相违。,同一用户的在同一个群提出多条申请，管理员若是在之前几条的审批信息中拒绝他的申请加入，则在之后的几条申请信息中按同意按钮会显示同意入群失…,,UI/Display,other,button_icon,cannot_or_fail,other.button_icon.cannot_or_fail,N,Medium,1,jayme,jayme,10010000008571,other.button_icon.cannot_or_fail,同一用户的在同一个群提出多条申请，管理员若是在之前几条的审批信息中拒绝他的申请加入，则在之后的几条申请信息中按同意按钮会显示同意入群失…,primary_clue,68,65,同一用户的在同一个群提出多条申请 管理员若是在之前几条的审批信息中拒绝他的申请加入 则在之后的几条申请信息中按同意按钮会显示同意入群失,1,
10010000009361,若同一用户的同一个群有多条申请，应以最后一条的审批结果为准，但群主批准第一条申请消息时，后面跟着的申请消息以第一条申请消息为准了。图一批准第一条消息记录，结果三条一起被批准，没有以最后一条为准,若同一用户的同一个群有多条申请，应以最后一条的审批结果为准，但群主批准第一条申请消息时，后面跟着的申请消息以第一条申请消息为准了。图一…,,Functional-Social,groupchat,list_item,other,groupchat.list_item.other,N,High,1,jayme,jayme,10010000009361,groupchat.list_item.other,若同一用户的同一个群有多条申请，应以最后一条的审批结果为准，但群主批准第一条申请消息时，后面跟着的申请消息以第一条申请消息为准了。图一…,primary_clue,68,63,若同一用户的同一个群有多条申请 应以最后一条的审批结果为准 但群主批准第一条申请消息时 后面跟着的申请消息以第一条申请消息为准了 图一,1,
10010000009895,创建群时，必须选择一个好友，不然不能创建。,创建群时，必须选择一个好友，不然不能创建。,,Functional-Social,groupchat,chat,cannot_or_fail,groupchat.chat.cannot_or_fail,N,High,1,jayme,jayme,10010000009895,groupchat.chat.cannot_or_fail,创建群时，必须选择一个好友，不然不能创建。,primary_clue,21,18,创建群时 必须选择一个好友 不然不能创建,1,
10010000009949,创建群名称时和创建群后群名称字符限制处理风格不一致，一种是不能输入一种可以输入,创建群名称时和创建群后群名称字符限制处理风格不一致，一种是不能输入一种可以输入,,Functional-Social,groupchat,other,cannot_input,groupchat.other.cannot_input,N,High,1,jayme,jayme,10010000009949,groupchat.other.cannot_input,创建群名称时和创建群后群名称字符限制处理风格不一致，一种是不能输入一种可以输入,primary_clue,39,38,创建群名称时和创建群后群名称字符限制处理风格不一致 一种是不能输入一种可以输入,1,
10010000009118,当选择成员时陌生人时，不应该能成功地的创建群，实际可以创建成功，创建群时不能加入不是好友的用户,当选择成员时陌生人时，不应该能成功地的创建群，实际可以创建成功，创建群时不能加入不是好友的用户,,Functional-Social,groupchat,chat,cannot_or_fail,groupchat.chat.cannot_or_fail,N,High,1,jayme,jayme,10010000009118,groupchat.chat.cannot_or_fail,当选择成员时陌生人时，不应该能成功地的创建群，实际可以创建成功，创建群时不能加入不是好友的用户,primary_clue,47,44,当选择成员时陌生人时 不应该能成功地的创建群 实际可以创建成功 创建群时不能加入不是好友的用户,1,
10010000008100,创建群：能够创建两个相同名称，相同群成员，相同权限的群。对于用户创建一个已存在的群没有给出合理的提示，不能创建，而是允许两个相同群的存在,创建群：能够创建两个相同名称，相同群成员，相同权限的群。对于用户创建一个已存在的群没有给出合理的提示，不能创建，而是允许两个相同群的存在,,Functional-Social,groupchat,other,permission,groupchat.other.permission,N,High,1,jayme,jayme,10010000008100,groupchat.other.permission,创建群：能够创建两个相同名称，相同群成员，相同权限的群。对于用户创建一个已存在的群没有给出合理的提示，不能创建，而是允许两个相同群的存在,primary_clue,68,62,创建群 能够创建两个相同名称 相同群成员 相同权限的群 对于用户创建一个已存在的群没有给出合理的提示 不能创建 而是允许两个相同群的存在,1,
10010000009286,在创建新的群时，选择的群成员应该是自己的好友列表中的好友，不应该是从系统中搜索出来的其他陌生人。但是这里再新创建群时能够从系统中选择陌生人组成群，如图3所示,在创建新的群时，选择的群成员应该是自己的好友列表中的好友，不应该是从系统中搜索出来的其他陌生人。但是这里再新创建群时能够从系统中选择陌…,,Functional-Search,search,list_item,other,search.list_item.other,N,High,1,jayme,jayme,10010000009286,search.list_item.other,在创建新的群时，选择的群成员应该是自己的好友列表中的好友，不应该是从系统中搜索出来的其他陌生人。但是这里再新创建群时能够从系统中选择陌…,primary_clue,68,64,在创建新的群时 选择的群成员应该是自己的好友列表中的好友 不应该是从系统中搜索出来的其他陌生人 但是这里再新创建群时能够从系统中选择陌,1,
10010000009540,新用户第一次发起群聊时，整个页面基本空白，应该提示用户下一步该做什么，可以在哪里找到新成员等。新建群类似。,新用户第一次发起群聊时，整个页面基本空白，应该提示用户下一步该做什么，可以在哪里找到新成员等。新建群类似。,,Functional-Social,groupchat,page_view,other,groupchat.page_view.other,N,High,1,jayme,jayme,10010000009540,groupchat.page_view.other,新用户第一次发起群聊时，整个页面基本空白，应该提示用户下一步该做什么，可以在哪里找到新成员等。新建群类似。,primary_clue,53,48,新用户第一次发起群聊时 整个页面基本空白 应该提示用户下一步该做什么 可以在哪里找到新成员等 新建群类似,1,
10010000008316,创建群成功后，无管理员设置项，多人的大群，不便于管理。,创建群成功后，无管理员设置项，多人的大群，不便于管理。,,Functional-Social,groupchat,page_view,other,groupchat.page_view.other,N,High,1,jayme,jayme,10010000008316,groupchat.page_view.other,创建群成功后，无管理员设置项，多人的大群，不便于管理。,primary_clue,27,23,创建群成功后 无管理员设置项 多人的大群 不便于管理,1,
10010000008918,设置群成员为该群管理员时，没有相应的设置群管理员消息提示。,设置群成员为该群管理员时，没有相应的设置群管理员消息提示。,,Functional-Social,groupchat,page_view,other,groupchat.page_view.other,N,High,1,jayme,jayme,10010000008918,groupchat.page_view.other,设置群成员为该群管理员时，没有相应的设置群管理员消息提示。,primary_clue,29,27,设置群成员为该群管理员时 没有相应的设置群管理员消息提示,1,
10010000007880,群聊的设置中无法设置管理员的，却有设置需管理员同意的相关设置,群聊的设置中无法设置管理员的，却有设置需管理员同意的相关设置,,Functional-Social,groupchat,page_view,cannot_or_fail,groupchat.page_view.cannot_or_fail,N,High,1,jayme,jayme,10010000007880,groupchat.page_view.cannot_or_fail,群聊的设置中无法设置管理员的，却有设置需管理员同意的相关设置,primary_clue,30,29,群聊的设置中无法设置管理员的 却有设置需管理员同意的相关设置,1,
10010000009109,群主将某个群成员设置为管理员后，有时在页面上无法区分管理员和普通用户的区别，有时可以区分。,群主将某个群成员设置为管理员后，有时在页面上无法区分管理员和普通用户的区别，有时可以区分。,,Functional-Social,groupchat,page_view,cannot_or_fail,groupchat.page_view.cannot_or_fail,N,High,1,jayme,jayme,10010000009109,groupchat.page_view.cannot_or_fail,群主将某个群成员设置为管理员后，有时在页面上无法区分管理员和普通用户的区别，有时可以区分。,primary_clue,45,42,群主将某个群成员设置为管理员后 有时在页面上无法区分管理员和普通用户的区别 有时可以区分,1,
10010000009869,无法选择添加自己的好友，只能够通过搜索添加。,无法选择添加自己的好友，只能够通过搜索添加。,,Functional-Search,search,chat,cannot_or_fail,search.chat.cannot_or_fail,N,High,1,jayme,jayme,10010000009869,search.chat.cannot_or_fail,无法选择添加自己的好友，只能够通过搜索添加。,primary_clue,22,20,无法选择添加自己的好友 只能够通过搜索添加,1,
10010000009886,在最近联系人里添加好友，出现失败，原因是已添加。,在最近联系人里添加好友，出现失败，原因是已添加。,,Functional-Social,other,chat,cannot_or_fail,other.chat.cannot_or_fail,N,High,1,jayme,jayme,10010000009886,other.chat.cannot_or_fail,在最近联系人里添加好友，出现失败，原因是已添加。,primary_clue,24,21,在最近联系人里添加好友 出现失败 原因是已添加,1,
10010000008679,在最近联系人里添加好友时出现添加失败，原因是已添加,在最近联系人里添加好友时出现添加失败，原因是已添加,,Functional-Social,other,chat,cannot_or_fail,other.chat.cannot_or_fail,N,High,1,jayme,jayme,10010000008679,other.chat.cannot_or_fail,在最近联系人里添加好友时出现添加失败，原因是已添加,primary_clue,25,24,在最近联系人里添加好友时出现添加失败 原因是已添加,1,
10010000008634,在添加好友之后，再次添加好友还是会跳出确认添加好友窗口,在添加好友之后，再次添加好友还是会跳出确认添加好友窗口,,Functional-Social,other,chat,other,other.chat.other,N,High,1,jayme,jayme,10010000008634,other.chat.other,在添加好友之后，再次添加好友还是会跳出确认添加好友窗口,primary_clue,27,26,在添加好友之后 再次添加好友还是会跳出确认添加好友窗口,1,
10010000008542,进入后点击创建，查找要添加的好友，但并没有显示你的好友列表,进入后点击创建，查找要添加的好友，但并没有显示你的好友列表,,Functional-Search,search,list_item,other,search.list_item.other,N,High,1,jayme,jayme,10010000008542,search.list_item.other,进入后点击创建，查找要添加的好友，但并没有显示你的好友列表,primary_clue,29,27,进入后点击创建 查找要添加的好友 但并没有显示你的好友列表,1,
10010000009092,添加好友的功能中，选择已在自己列表中的好友，添加不成功，提示错误,添加好友的功能中，选择已在自己列表中的好友，添加不成功，提示错误,,Functional-Social,other,list_item,wrong_value,other.list_item.wrong_value,N,High,1,jayme,jayme,10010000009092,other.list_item.wrong_value,添加好友的功能中，选择已在自己列表中的好友，添加不成功，提示错误,primary_clue,32,29,添加好友的功能中 选择已在自己列表中的好友 添加不成功 提示错误,1,
10010000008021,添加好友:添加好有时都不知道搜索结果是怎么排序的，很难找到自己需要添加的好友，也就是关键字完全匹配，可却排在很后面,添加好友:添加好有时都不知道搜索结果是怎么排序的，很难找到自己需要添加的好友，也就是关键字完全匹配，可却排在很后面,,Functional-Search,search,chat,wrong_value,search.chat.wrong_value,N,High,1,jayme,jayme,10010000008021,search.chat.wrong_value,添加好友:添加好有时都不知道搜索结果是怎么排序的，很难找到自己需要添加的好友，也就是关键字完全匹配，可却排在很后面,primary_clue,57,53,添加好友 添加好有时都不知道搜索结果是怎么排序的 很难找到自己需要添加的好友 也就是关键字完全匹配 可却排在很后面,1,
10010000008593,该应用商城里面没有商品选择类型，望改进,该应用商城里面没有商品选择类型，望改进,,Functional-Commerce,shopping,commerce,other,shopping.commerce.other,N,High,1,jayme,jayme,10010000008593,shopping.commerce.other,该应用商城里面没有商品选择类型，望改进,primary_clue,19,18,该应用商城里面没有商品选择类型 望改进,1,
10010000008334,在商城中购买东西的时候没有做到更好的分类，让人无从下手，感觉就是没有购买的欲望,在商城中购买东西的时候没有做到更好的分类，让人无从下手，感觉就是没有购买的欲望,,Functional-Commerce,shopping,commerce,other,shopping.commerce.other,N,High,1,jayme,jayme,10010000008334,shopping.commerce.other,在商城中购买东西的时候没有做到更好的分类，让人无从下手，感觉就是没有购买的欲望,primary_clue,39,37,在商城中购买东西的时候没有做到更好的分类 让人无从下手 感觉就是没有购买的欲望,1,
10010000009654,"1.商城的商品没有用户评论的界面，以及详细介绍的界面。
2 .用户进行订单提交，如果购买多个没有给出总价，用户只能自己累加金额",商城的商品没有用户评论的界面，以及详细介绍的界面。,2 .用户进行订单提交，如果购买多个没有给出总价，用户只能自己累加金额,Functional-Commerce,comment,page_view,other,comment.page_view.other,Y,Medium,2,jayme,jayme,10010000009654,comment.page_view.other,商城的商品没有用户评论的界面，以及详细介绍的界面。,primary_clue,25,23,商城的商品没有用户评论的界面 以及详细介绍的界面,1,
10010000007697,登录JayMe，点击首页下方导航栏的商城图标进入商城，该商城商城的食品，服侍，电子产品，书等商品信息，见截图1、2、3，但是这些信息并没有明确的分类显示，并且也未提供通过分类进行商品查询的功能,登录JayMe，点击首页下方导航栏的商城图标进入商城，该商城商城的食品，服侍，电子产品，书等商品信息，见截图1、2、3，但是这些信息并…,,Functional-Account,login,button_icon,other,login.button_icon.other,N,High,1,jayme,jayme,10010000007697,login.button_icon.other,登录JayMe，点击首页下方导航栏的商城图标进入商城，该商城商城的食品，服侍，电子产品，书等商品信息，见截图1、2、3，但是这些信息并…,primary_clue,68,58,登录jayme 点击首页下方导航栏的商城图标进入商城 该商城商城的食品 服侍 电子产品 书等商品信息 见截图1 2 3 但是这些信息并,1,
10010000007702,登录JayMe，点击首页下方导航栏的商城图标进入商城，该商城商城的食品，服侍，电子产品，书等商品信息，见截图1；点击图1中显示价格为299的T恤，进入该商品详情界面；点击该界面下方的购买按钮，进入下订单界面，见截图2；不知是否是因为无法添加收货地址，下订单界面右下角的确认按钮一直处于未激活状态，无法点击，即无法下订单,登录JayMe，点击首页下方导航栏的商城图标进入商城，该商城商城的食品，服侍，电子产品，书等商品信息，见截图1,点击图1中显示价格为299的T恤，进入该商品详情界面 || 点击该界面下方的购买按钮，进入下订单界面，见截图2 || 不知是否是因为无法添加收货地址，下订单界面右下角的确认按钮一直处于未激活状态，无法点击，即无法下订单,Functional-Account,login,button_icon,other,login.button_icon.other,Y,Medium,4,jayme,jayme,10010000007702,login.button_icon.other,登录JayMe，点击首页下方导航栏的商城图标进入商城，该商城商城的食品，服侍，电子产品，书等商品信息，见截图1,primary_clue,55,49,登录jayme 点击首页下方导航栏的商城图标进入商城 该商城商城的食品 服侍 电子产品 书等商品信息 见截图1,1,
10010000007940,登录后，发起群聊之后，搜索后加了20个人，然后在群资料里面点击添加其他人的时候，发现有的人已经加入该群聊，但是没有出现默认的勾选，而有的则出现。,登录后，发起群聊之后，搜索后加了20个人，然后在群资料里面点击添加其他人的时候，发现有的人已经加入该群聊，但是没有出现默认的勾选，而有…,,Functional-Account,login,chat,other,login.chat.other,N,High,1,jayme,jayme,10010000007940,login.chat.other,登录后，发起群聊之后，搜索后加了20个人，然后在群资料里面点击添加其他人的时候，发现有的人已经加入该群聊，但是没有出现默认的勾选，而有…,primary_clue,68,61,登录后 发起群聊之后 搜索后加了20个人 然后在群资料里面点击添加其他人的时候 发现有的人已经加入该群聊 但是没有出现默认的勾选 而有,1,
10010000008361,新建群添加好友一次性达到20个时就应该提示不能在添加！然而此还可以继续选择好友，在选择确认的时候才显示创建不符合！,新建群添加好友一次性达到20个时就应该提示不能在添加！然而此还可以继续选择好友，在选择确认的时候才显示创建不符合！,,Functional-Social,other,chat,cannot_or_fail,other.chat.cannot_or_fail,N,High,1,jayme,jayme,10010000008361,other.chat.cannot_or_fail,新建群添加好友一次性达到20个时就应该提示不能在添加！然而此还可以继续选择好友，在选择确认的时候才显示创建不符合！,primary_clue,57,54,新建群添加好友一次性达到20个时就应该提示不能在添加 然而此还可以继续选择好友 在选择确认的时候才显示创建不符合,1,
10010000007953,当邀请好友加入群聊时，一次最多邀请20个，但挑选好友是可以挑选多余于20个，只有在确定后才会告诉用户不能选择多于20个，当用户第一次使用的时候，就会白费功夫，可以改为超过20个后，就不能再选择任何好友。,当邀请好友加入群聊时，一次最多邀请20个，但挑选好友是可以挑选多余于20个，只有在确定后才会告诉用户不能选择多于20个，当用户第一次使…,,Functional-Social,groupchat,chat,cannot_or_fail,groupchat.chat.cannot_or_fail,N,High,1,jayme,jayme,10010000007953,groupchat.chat.cannot_or_fail,当邀请好友加入群聊时，一次最多邀请20个，但挑选好友是可以挑选多余于20个，只有在确定后才会告诉用户不能选择多于20个，当用户第一次使…,primary_clue,68,63,当邀请好友加入群聊时 一次最多邀请20个 但挑选好友是可以挑选多余于20个 只有在确定后才会告诉用户不能选择多于20个 当用户第一次使,1,
10010000009204,在群组设置里添加群成员，点击添加超过20人时没有提示超过上限或者不能继续点击，只有在点击确定时才有提示,在群组设置里添加群成员，点击添加超过20人时没有提示超过上限或者不能继续点击，只有在点击确定时才有提示,,Functional-Social,groupchat,page_view,no_prompt,groupchat.page_view.no_prompt,N,High,1,jayme,jayme,10010000009204,groupchat.page_view.no_prompt,在群组设置里添加群成员，点击添加超过20人时没有提示超过上限或者不能继续点击，只有在点击确定时才有提示,primary_clue,51,49,在群组设置里添加群成员 点击添加超过20人时没有提示超过上限或者不能继续点击 只有在点击确定时才有提示,1,
10010000008890,添加群聊:系统限制一次性人数添加上限为20，但在添加时就可以超过20个，应在选择人数时就添加限制提示条件，等到下个活动页面创建群聊时提示严重影响用户体验。,添加群聊:系统限制一次性人数添加上限为20，但在添加时就可以超过20个，应在选择人数时就添加限制提示条件，等到下个活动页面创建群聊时提…,,Functional-Social,groupchat,page_view,other,groupchat.page_view.other,N,High,1,jayme,jayme,10010000008890,groupchat.page_view.other,添加群聊:系统限制一次性人数添加上限为20，但在添加时就可以超过20个，应在选择人数时就添加限制提示条件，等到下个活动页面创建群聊时提…,primary_clue,68,63,添加群聊 系统限制一次性人数添加上限为20 但在添加时就可以超过20个 应在选择人数时就添加限制提示条件 等到下个活动页面创建群聊时提,1,
10010000008449,新建群组时，如果选择20个人以上，在创建群组时才提醒有限制，而且未明确说明到底限制什么，应该怎么做。最好的是在添加群成员超过20人时就提示超过上限不能添加了。,新建群组时，如果选择20个人以上，在创建群组时才提醒有限制，而且未明确说明到底限制什么，应该怎么做。最好的是在添加群成员超过20人时就…,,Functional-Social,groupchat,chat,cannot_or_fail,groupchat.chat.cannot_or_fail,N,High,1,jayme,jayme,10010000008449,groupchat.chat.cannot_or_fail,新建群组时，如果选择20个人以上，在创建群组时才提醒有限制，而且未明确说明到底限制什么，应该怎么做。最好的是在添加群成员超过20人时就…,primary_clue,68,62,新建群组时 如果选择20个人以上 在创建群组时才提醒有限制 而且未明确说明到底限制什么 应该怎么做 最好的是在添加群成员超过20人时就,1,
10010000008523,进行新建群中的选择联系人操作时，如图一所示:当选择的人数超过20人时，仍然可以继续添加，而在图二最终创建时候，才提示数据超出20，用户体验较差，可以提早提示用户。,进行新建群中的选择联系人操作时，如图一所示:当选择的人数超过20人时，仍然可以继续添加，而在图二最终创建时候，才提示数据超出20，用户…,,UI/Display,other,other,layout_issue,other.other.layout_issue,N,High,1,jayme,jayme,10010000008523,other.other.layout_issue,进行新建群中的选择联系人操作时，如图一所示:当选择的人数超过20人时，仍然可以继续添加，而在图二最终创建时候，才提示数据超出20，用户…,primary_clue,68,61,进行新建群中的选择联系人操作时 如图一所示 当选择的人数超过20人时 仍然可以继续添加 而在图二最终创建时候 才提示数据超出20 用户,1,
10010000008379,进行第二步新建群时，在选择联系人的时候，需求文档说明为一次最多添加20个人，然而，如图一所示，当添加超过20人时，未给任何超出人数的提示，反而在图二，最终创建时才提示。影响用户体验,进行第二步新建群时，在选择联系人的时候，需求文档说明为一次最多添加20个人，然而，如图一所示，当添加超过20人时，未给任何超出人数的提…,,UI/Display,other,other,layout_issue,other.other.layout_issue,N,High,1,jayme,jayme,10010000008379,other.other.layout_issue,进行第二步新建群时，在选择联系人的时候，需求文档说明为一次最多添加20个人，然而，如图一所示，当添加超过20人时，未给任何超出人数的提…,primary_clue,68,61,进行第二步新建群时 在选择联系人的时候 需求文档说明为一次最多添加20个人 然而 如图一所示 当添加超过20人时 未给任何超出人数的提,1,
10010000009211,当进行第四步时，选择超出20人时，还能继续添加成员，并且系统没有给出任何提示，在操作至最后一步时，系统才给出错误提示，如图1,当进行第四步时，选择超出20人时，还能继续添加成员，并且系统没有给出任何提示，在操作至最后一步时，系统才给出错误提示，如图1,,Other,other,other,layout_issue,other.other.layout_issue,N,High,1,jayme,jayme,10010000009211,other.other.layout_issue,当进行第四步时，选择超出20人时，还能继续添加成员，并且系统没有给出任何提示，在操作至最后一步时，系统才给出错误提示，如图1,primary_clue,62,56,当进行第四步时 选择超出20人时 还能继续添加成员 并且系统没有给出任何提示 在操作至最后一步时 系统才给出错误提示 如图1,1,
10010000008185,测试需求给出，群聊一次添加好友不能超出20个，但实际测试过程中，可添加好友显示超过20人时，并不会提示一次性添加好友错误，而是在下一步提交群信息时提示请求失败,测试需求给出，群聊一次添加好友不能超出20个，但实际测试过程中，可添加好友显示超过20人时，并不会提示一次性添加好友错误，而是在下一步…,,Functional-Social,groupchat,chat,layout_issue,groupchat.chat.layout_issue,N,High,1,jayme,jayme,10010000008185,groupchat.chat.layout_issue,测试需求给出，群聊一次添加好友不能超出20个，但实际测试过程中，可添加好友显示超过20人时，并不会提示一次性添加好友错误，而是在下一步…,primary_clue,68,62,测试需求给出 群聊一次添加好友不能超出20个 但实际测试过程中 可添加好友显示超过20人时 并不会提示一次性添加好友错误 而是在下一步,1,
10010000009717,在添加成员是一次只能添加20个成员。但是软件在哪个步骤的时候没有提示，当到了提示的时候，再返回修改麻烦。而且没有提示做多一次20 个成员，不知道要修改成几个。,在添加成员是一次只能添加20个成员。但是软件在哪个步骤的时候没有提示，当到了提示的时候，再返回修改麻烦。而且没有提示做多一次20 个成…,,UI/Display,other,other,no_prompt,other.other.no_prompt,N,High,1,jayme,jayme,10010000009717,other.other.no_prompt,在添加成员是一次只能添加20个成员。但是软件在哪个步骤的时候没有提示，当到了提示的时候，再返回修改麻烦。而且没有提示做多一次20 个成…,primary_clue,68,62,在添加成员是一次只能添加20个成员 但是软件在哪个步骤的时候没有提示 当到了提示的时候 再返回修改麻烦 而且没有提示做多一次20 个成,1,
10010000008714,点击群组，添加群组成员，未提示用户最大选择邀请用户数量，应在20位用户时将按钮置为不可用状态！对待用户不友好,点击群组，添加群组成员，未提示用户最大选择邀请用户数量，应在20位用户时将按钮置为不可用状态！对待用户不友好,,Functional-Social,groupchat,button_icon,no_prompt,groupchat.button_icon.no_prompt,N,High,1,jayme,jayme,10010000008714,groupchat.button_icon.no_prompt,点击群组，添加群组成员，未提示用户最大选择邀请用户数量，应在20位用户时将按钮置为不可用状态！对待用户不友好,primary_clue,54,50,点击群组 添加群组成员 未提示用户最大选择邀请用户数量 应在20位用户时将按钮置为不可用状态 对待用户不友好,1,
10010000009130,添加成员时要求最多只能20个，而当超过20个时不提醒，而且点击确定仍可以进入创建群组页面。,添加成员时要求最多只能20个，而当超过20个时不提醒，而且点击确定仍可以进入创建群组页面。,,Functional-Social,groupchat,page_view,other,groupchat.page_view.other,N,High,1,jayme,jayme,10010000009130,groupchat.page_view.other,添加成员时要求最多只能20个，而当超过20个时不提醒，而且点击确定仍可以进入创建群组页面。,primary_clue,45,42,添加成员时要求最多只能20个 而当超过20个时不提醒 而且点击确定仍可以进入创建群组页面,1,
10010000009028,一次性添加群组成员上限20个人，选择30多个，还能继续选择，建议这个时候，确定按钮置灰,一次性添加群组成员上限20个人，选择30多个，还能继续选择，建议这个时候，确定按钮置灰,,Functional-Social,groupchat,button_icon,other,groupchat.button_icon.other,N,High,1,jayme,jayme,10010000009028,groupchat.button_icon.other,一次性添加群组成员上限20个人，选择30多个，还能继续选择，建议这个时候，确定按钮置灰,primary_clue,43,39,一次性添加群组成员上限20个人 选择30多个 还能继续选择 建议这个时候 确定按钮置灰,1,
10010000008545,"新建群选择联系人时,超过了所规定的20人后,点击确定按钮,直接进入群信息填写页面,没有出现数量限制信息,和所描述的数量限制不符合。","新建群选择联系人时,超过了所规定的20人后,点击确定按钮,直接进入群信息填写页面,没有出现数量限制信息,和所描述的数量限制不符合。",,UI/Display,other,button_icon,other,other.button_icon.other,N,Medium,1,jayme,jayme,10010000008545,other.button_icon.other,"新建群选择联系人时,超过了所规定的20人后,点击确定按钮,直接进入群信息填写页面,没有出现数量限制信息,和所描述的数量限制不符合。",primary_clue,65,59,新建群选择联系人时 超过了所规定的20人后 点击确定按钮 直接进入群信息填写页面 没有出现数量限制信息 和所描述的数量限制不符合,1,
10010000008902,在添加成员的时候，一次只能添加20个人员。当我们在添加成员页面选择添加成员的时候我们能点击21个成员，在最后创建群组的时候才说一次不可以添加超过20个人员，若果修改还要返回，很麻烦，应该在添加成员时不能添加第21个人员。,在添加成员的时候，一次只能添加20个人员。当我们在添加成员页面选择添加成员的时候我们能点击21个成员，在最后创建群组的时候才说一次不可…,,Functional-Social,groupchat,page_view,cannot_or_fail,groupchat.page_view.cannot_or_fail,N,High,1,jayme,jayme,10010000008902,groupchat.page_view.cannot_or_fail,在添加成员的时候，一次只能添加20个人员。当我们在添加成员页面选择添加成员的时候我们能点击21个成员，在最后创建群组的时候才说一次不可…,primary_clue,68,64,在添加成员的时候 一次只能添加20个人员 当我们在添加成员页面选择添加成员的时候我们能点击21个成员 在最后创建群组的时候才说一次不可,1,
10010000008615,创建群聊，群成员人数达到上限，因限制了一次性最多添加的成员人数是20，如果我加入的人数是21，只有修改群名称之后，才提示我超出人数限制。建议：当我添加的人数超出范围时，就提示！,创建群聊，群成员人数达到上限，因限制了一次性最多添加的成员人数是20，如果我加入的人数是21，只有修改群名称之后，才提示我超出人数限制…,,Functional-Social,groupchat,chat,layout_issue,groupchat.chat.layout_issue,N,High,1,jayme,jayme,10010000008615,groupchat.chat.layout_issue,创建群聊，群成员人数达到上限，因限制了一次性最多添加的成员人数是20，如果我加入的人数是21，只有修改群名称之后，才提示我超出人数限制…,primary_clue,68,62,创建群聊 群成员人数达到上限 因限制了一次性最多添加的成员人数是20 如果我加入的人数是21 只有修改群名称之后 才提示我超出人数限制,1,
10010000009304,在添加成员的时候，一次可以选择超过20个用户，后面确认创建群组的时候才会提示您请求的数据超出系统限制。,在添加成员的时候，一次可以选择超过20个用户，后面确认创建群组的时候才会提示您请求的数据超出系统限制。,,Functional-Social,groupchat,chat,layout_issue,groupchat.chat.layout_issue,N,High,1,jayme,jayme,10010000009304,groupchat.chat.layout_issue,在添加成员的时候，一次可以选择超过20个用户，后面确认创建群组的时候才会提示您请求的数据超出系统限制。,primary_clue,51,48,在添加成员的时候 一次可以选择超过20个用户 后面确认创建群组的时候才会提示您请求的数据超出系统限制,1,
10010000008197,正常登陆软件点击创建群组后，进入选择联系人界面，一次性添加成员超过20时，显示请求的数据超过系统限制。,正常登陆软件点击创建群组后，进入选择联系人界面，一次性添加成员超过20时，显示请求的数据超过系统限制。,,Functional-Social,groupchat,page_view,other,groupchat.page_view.other,N,High,1,jayme,jayme,10010000008197,groupchat.page_view.other,正常登陆软件点击创建群组后，进入选择联系人界面，一次性添加成员超过20时，显示请求的数据超过系统限制。,primary_clue,51,47,正常登陆软件点击创建群组后 进入选择联系人界面 一次性添加成员超过20时 显示请求的数据超过系统限制,1,
10010000008742,选择联系人时，功能规定添加成员一次最多20个人，界面上面没有提示，并且一次却可以勾选超过20个人，而且可以点击确定按钮，点击之后出现消息提示“您请求的数据超过系统限制”，不利于用户理解，而且还是没有指出一次添加用户人数上限。,选择联系人时，功能规定添加成员一次最多20个人，界面上面没有提示，并且一次却可以勾选超过20个人，而且可以点击确定按钮，点击之后出现消…,,Functional-Social,message_send,button_icon,no_prompt,message_send.button_icon.no_prompt,N,High,1,jayme,jayme,10010000008742,message_send.button_icon.no_prompt,选择联系人时，功能规定添加成员一次最多20个人，界面上面没有提示，并且一次却可以勾选超过20个人，而且可以点击确定按钮，点击之后出现消…,primary_clue,68,62,选择联系人时 功能规定添加成员一次最多20个人 界面上面没有提示 并且一次却可以勾选超过20个人 而且可以点击确定按钮 点击之后出现消,1,
10010000009344,在创建群聊的时候，用户选择欲添加进群聊的人，系统设置每次最多添加20个用户，但是在选择添加进群聊的时候，用户在已经选择了20个用户的情况下，仍可以继续选择用户，当选择了超过20个用户点击确认时，系统只提示“选择的用户数量超过了系统的限制”，却不提示系统的限制是多少个，这让用户无法得知一次究竟可以添加多少个用户，用户体验度降低。,在创建群聊的时候，用户选择欲添加进群聊的人，系统设置每次最多添加20个用户，但是在选择添加进群聊的时候，用户在已经选择了20个用户的情…,,Functional-Social,groupchat,page_view,cannot_or_fail,groupchat.page_view.cannot_or_fail,N,High,1,jayme,jayme,10010000009344,groupchat.page_view.cannot_or_fail,在创建群聊的时候，用户选择欲添加进群聊的人，系统设置每次最多添加20个用户，但是在选择添加进群聊的时候，用户在已经选择了20个用户的情…,primary_clue,68,63,在创建群聊的时候 用户选择欲添加进群聊的人 系统设置每次最多添加20个用户 但是在选择添加进群聊的时候 用户在已经选择了20个用户的情,1,
10010000008325,群主选择加群时虽然系统默认一次只能拉入20人，但是在选择时数量却可以选择超过20人，如下图所示，确认旁边的按钮已经是“21”人了。,群主选择加群时虽然系统默认一次只能拉入20人，但是在选择时数量却可以选择超过20人，如下图所示，确认旁边的按钮已经是“21”人了。,,Functional-Social,groupchat,button_icon,other,groupchat.button_icon.other,N,High,1,jayme,jayme,10010000008325,groupchat.button_icon.other,群主选择加群时虽然系统默认一次只能拉入20人，但是在选择时数量却可以选择超过20人，如下图所示，确认旁边的按钮已经是“21”人了。,primary_clue,65,59,群主选择加群时虽然系统默认一次只能拉入20人 但是在选择时数量却可以选择超过20人 如下图所示 确认旁边的按钮已经是 21 人了,1,
10010000009611,建群时，勾选成员超过限制数20个而未提醒。,建群时，勾选成员超过限制数20个而未提醒。,,Other,notification,other,other,notification.other.other,N,Medium,1,jayme,jayme,10010000009611,notification.other.other,建群时，勾选成员超过限制数20个而未提醒。,primary_clue,21,19,建群时 勾选成员超过限制数20个而未提醒,1,
10010000008653,创建群的时候，第一次勾选群友，没有提示只能勾选20个人，当超过20个还可以继续勾选，到创建群(如图页面)的时候，正下方才会提示出错。,创建群的时候，第一次勾选群友，没有提示只能勾选20个人，当超过20个还可以继续勾选，到创建群(如图页面)的时候，正下方才会提示出错。,,Functional-Social,groupchat,page_view,no_prompt,groupchat.page_view.no_prompt,N,High,1,jayme,jayme,10010000008653,groupchat.page_view.no_prompt,创建群的时候，第一次勾选群友，没有提示只能勾选20个人，当超过20个还可以继续勾选，到创建群(如图页面)的时候，正下方才会提示出错。,primary_clue,66,58,创建群的时候 第一次勾选群友 没有提示只能勾选20个人 当超过20个还可以继续勾选 到创建群 如图页面 的时候 正下方才会提示出错,1,
10010000008335,创建群的时候，添加成员一次性最多20个人，可是勾选成员超过20人后，仍然可以勾选，当进入到最后一步后，才提示请求数据超出限制，又要返回勾选成员那一步重新进行创建群的操作。,创建群的时候，添加成员一次性最多20个人，可是勾选成员超过20人后，仍然可以勾选，当进入到最后一步后，才提示请求数据超出限制，又要返回…,,Functional-Social,groupchat,other,layout_issue,groupchat.other.layout_issue,N,High,1,jayme,jayme,10010000008335,groupchat.other.layout_issue,创建群的时候，添加成员一次性最多20个人，可是勾选成员超过20人后，仍然可以勾选，当进入到最后一步后，才提示请求数据超出限制，又要返回…,primary_clue,68,61,创建群的时候 添加成员一次性最多20个人 可是勾选成员超过20人后 仍然可以勾选 当进入到最后一步后 才提示请求数据超出限制 又要返回,1,
10010000009175,"创建群组时，在勾选好友页面，当勾选的好友数抄错20时，点击确定按钮，仍可以跳转到群组设置页面，点击【确定】按钮才提示“数据超过限制”。

建议：在勾选用户的时候，当勾选的用户数超过20时就提示勾选“”的用户超过限制，不必等到提交群信息时才提醒",创建群组时，在勾选好友页面，当勾选的好友数抄错20时，点击确定按钮，仍可以跳转到群组设置页面，点击【确定】按钮才提示“数据超过限制”。,建议：在勾选用户的时候，当勾选的用户数超过20时就提示勾选“”的用户超过限制，不必等到提交群信息时才提醒,Functional-Social,groupchat,button_icon,other,groupchat.button_icon.other,Y,Medium,2,jayme,jayme,10010000009175,groupchat.button_icon.other,创建群组时，在勾选好友页面，当勾选的好友数抄错20时，点击确定按钮，仍可以跳转到群组设置页面，点击【确定】按钮才提示“数据超过限制”。,primary_clue,67,57,创建群组时 在勾选好友页面 当勾选的好友数抄错20时 点击确定按钮 仍可以跳转到群组设置页面 点击 确定 按钮才提示 数据超过限制,1,
10010000009156,在选择联系人时，当一次添加的人数为21人时，可以进入输群名称界面，群名称条件都输好后点确认才报错，又要退回去，好了后要重输名称条件等，用户体验不佳,在选择联系人时，当一次添加的人数为21人时，可以进入输群名称界面，群名称条件都输好后点确认才报错，又要退回去，好了后要重输名称条件等，…,,UI/Display,other,page_view,other,other.page_view.other,N,Medium,1,jayme,jayme,10010000009156,other.page_view.other,在选择联系人时，当一次添加的人数为21人时，可以进入输群名称界面，群名称条件都输好后点确认才报错，又要退回去，好了后要重输名称条件等，…,primary_clue,68,61,在选择联系人时 当一次添加的人数为21人时 可以进入输群名称界面 群名称条件都输好后点确认才报错 又要退回去 好了后要重输名称条件等,1,
10010000008570,如图所示，发起群聊，添加好友，当添加好友超过指定数量时，没有在添加好友界面做出提示，而是在确定建群时才提示，而且提示信息不明确。,如图所示，发起群聊，添加好友，当添加好友超过指定数量时，没有在添加好友界面做出提示，而是在确定建群时才提示，而且提示信息不明确。,,Functional-Social,groupchat,page_view,wrong_value,groupchat.page_view.wrong_value,N,High,1,jayme,jayme,10010000008570,groupchat.page_view.wrong_value,如图所示，发起群聊，添加好友，当添加好友超过指定数量时，没有在添加好友界面做出提示，而是在确定建群时才提示，而且提示信息不明确。,primary_clue,64,57,如图所示 发起群聊 添加好友 当添加好友超过指定数量时 没有在添加好友界面做出提示 而是在确定建群时才提示 而且提示信息不明确,1,
10010000010006,进入群聊界面后退出，看到消息提醒，再进入，看完再退出，反复几次，出现了闪退情况。,进入群聊界面后退出，看到消息提醒，再进入，看完再退出，反复几次，出现了闪退情况。,,Crash,groupchat,page_view,crash,groupchat.page_view.crash,N,High,1,jayme,jayme,10010000010006,groupchat.page_view.crash,进入群聊界面后退出，看到消息提醒，再进入，看完再退出，反复几次，出现了闪退情况。,primary_clue,40,34,进入群聊界面后退出 看到消息提醒 再进入 看完再退出 反复几次 出现了闪退情况,1,
10010000009045,本来想看看能不能分享APP里的内容到群聊，结果点进去找不到网页，闪退了，网络状况是良好的（使用Wifi），网速本来不慢。,本来想看看能不能分享APP里的内容到群聊，结果点进去找不到网页，闪退了，网络状况是良好的（使用Wifi），网速本来不慢。,,Crash,share,chat,crash,share.chat.crash,N,High,1,jayme,jayme,10010000009045,share.chat.crash,本来想看看能不能分享APP里的内容到群聊，结果点进去找不到网页，闪退了，网络状况是良好的（使用Wifi），网速本来不慢。,primary_clue,60,53,本来想看看能不能分享app里的内容到群聊 结果点进去找不到网页 闪退了 网络状况是良好的 使用wifi 网速本来不慢,1,
10010000007906,在kikbug中开始应用会出现闪退,在kikbug中开始应用会出现闪退,,Crash,other,other,crash,other.other.crash,N,High,1,jayme,jayme,10010000007906,other.other.crash,在kikbug中开始应用会出现闪退,primary_clue,17,17,在kikbug中开始应用会出现闪退,1,
10010000008421,闪退在杰迷吧点击头像添加好友时，频频出现闪退现象,闪退在杰迷吧点击头像添加好友时，频频出现闪退现象,,Crash,other,chat,crash,other.chat.crash,N,High,1,jayme,jayme,10010000008421,other.chat.crash,闪退在杰迷吧点击头像添加好友时，频频出现闪退现象,primary_clue,24,23,闪退在杰迷吧点击头像添加好友时 频频出现闪退现象,1,
10010000008521,闪退，在界面好好的，突然就闪退，然后就只能重新登录了，期间出现过两三次,闪退，在界面好好的，突然就闪退，然后就只能重新登录了，期间出现过两三次,,Crash,login,page_view,crash,login.page_view.crash,N,High,1,jayme,jayme,10010000008521,login.page_view.crash,闪退，在界面好好的，突然就闪退，然后就只能重新登录了，期间出现过两三次,primary_clue,35,31,闪退 在界面好好的 突然就闪退 然后就只能重新登录了 期间出现过两三次,1,
10010000008517,聊天框内单个复制表情时，当数量达到一定数值时，软件会闪退,聊天框内单个复制表情时，当数量达到一定数值时，软件会闪退,,Crash,message_send,chat,crash,message_send.chat.crash,N,High,1,jayme,jayme,10010000008517,message_send.chat.crash,聊天框内单个复制表情时，当数量达到一定数值时，软件会闪退,primary_clue,28,26,聊天框内单个复制表情时 当数量达到一定数值时 软件会闪退,1,
10010000008416,不断在聊天框复制粘贴表情，复制表情到30 个以上时会有一定概率应用出现闪退。,不断在聊天框复制粘贴表情，复制表情到30 个以上时会有一定概率应用出现闪退。,,Crash,message_send,chat,crash,message_send.chat.crash,N,High,1,jayme,jayme,10010000008416,message_send.chat.crash,不断在聊天框复制粘贴表情，复制表情到30 个以上时会有一定概率应用出现闪退。,primary_clue,38,35,不断在聊天框复制粘贴表情 复制表情到30 个以上时会有一定概率应用出现闪退,1,
10010000009348,"在测试中突然从界面退出(用安卓虚拟机测试),再从kikbug中进入会出现闪退。","在测试中突然从界面退出(用安卓虚拟机测试),再从kikbug中进入会出现闪退。",,Crash,other,page_view,crash,other.page_view.crash,N,High,1,jayme,jayme,10010000009348,other.page_view.crash,"在测试中突然从界面退出(用安卓虚拟机测试),再从kikbug中进入会出现闪退。",primary_clue,39,35,在测试中突然从界面退出 用安卓虚拟机测试 再从kikbug中进入会出现闪退,1,
10010000009819,"1.注册页面应该添加多一项微博直接登录。
2.出现闪退现象。提示JayMe停止运行，并退出手机主页。点击该软件再次登录还是出现类似情况。
定位分析：软件运行产生大量缓存数据，造成手机内存空间不足。或者本手机之前已经安装过此款软件，历史数据没有清除；对网络环境分析，可能是测试过程中刚刚网络延迟问题，手机从服务器获取请求的信息数据时，服务器将已经响应过的信息发送来手机端，由于网络延迟会出现响应数据不能正常接收，因此闪退。",注册页面应该添加多一项微博直接登录。,出现闪退现象。提示JayMe停止运行，并退出手机主页。点击该软件再次登录还是出现类似情况。 || 定位分析：软件运行产生大量缓存数据，造成手机内存空间不足。或者本手机之前已经安装过此款软件，历史数据没有清除 || 对网络环境分析，可能…,Functional-Account,register,page_view,other,register.page_view.other,Y,Medium,4,jayme,jayme,10010000009819,register.page_view.other,注册页面应该添加多一项微博直接登录。,primary_clue,18,17,注册页面应该添加多一项微博直接登录,1,
10010000008234,搜索群应该有搜索字数限制！搜索按钮应为用户提供！,搜索群应该有搜索字数限制！搜索按钮应为用户提供！,,Functional-Search,search,button_icon,other,search.button_icon.other,N,High,1,jayme,jayme,10010000008234,search.button_icon.other,搜索群应该有搜索字数限制！搜索按钮应为用户提供！,primary_clue,24,22,搜索群应该有搜索字数限制 搜索按钮应为用户提供,1,
10010000008220,利用关键词搜索群的时候，没有根据搜索内容进行联想，只有在按下搜索按钮后才有内容。,利用关键词搜索群的时候，没有根据搜索内容进行联想，只有在按下搜索按钮后才有内容。,,Functional-Search,search,button_icon,other,search.button_icon.other,N,High,1,jayme,jayme,10010000008220,search.button_icon.other,利用关键词搜索群的时候，没有根据搜索内容进行联想，只有在按下搜索按钮后才有内容。,primary_clue,40,37,利用关键词搜索群的时候 没有根据搜索内容进行联想 只有在按下搜索按钮后才有内容,1,
10010000007986,在利用搜索框搜索群后，再次就行搜索时，发现没有搜索记录，如果用户想重新再搜索一次，还需要重新输入，给用户带来不便。,在利用搜索框搜索群后，再次就行搜索时，发现没有搜索记录，如果用户想重新再搜索一次，还需要重新输入，给用户带来不便。,,Functional-Search,search,list_item,other,search.list_item.other,N,High,1,jayme,jayme,10010000007986,search.list_item.other,在利用搜索框搜索群后，再次就行搜索时，发现没有搜索记录，如果用户想重新再搜索一次，还需要重新输入，给用户带来不便。,primary_clue,57,51,在利用搜索框搜索群后 再次就行搜索时 发现没有搜索记录 如果用户想重新再搜索一次 还需要重新输入 给用户带来不便,1,
10010000009845,搜索群时，有时候会无法搜索到，特别是在群刚建立不久，也就是说系统更新较慢，不能及时将新添加的群组更新上去，导致搜索不到。搜索群号成功率教高，搜索名字更新更慢，需要隔一会才能搜索到。,搜索群时，有时候会无法搜索到，特别是在群刚建立不久，也就是说系统更新较慢，不能及时将新添加的群组更新上去，导致搜索不到。搜索群号成功率…,,Functional-Search,search,chat,cannot_or_fail,search.chat.cannot_or_fail,N,High,1,jayme,jayme,10010000009845,search.chat.cannot_or_fail,搜索群时，有时候会无法搜索到，特别是在群刚建立不久，也就是说系统更新较慢，不能及时将新添加的群组更新上去，导致搜索不到。搜索群号成功率…,primary_clue,68,61,搜索群时 有时候会无法搜索到 特别是在群刚建立不久 也就是说系统更新较慢 不能及时将新添加的群组更新上去 导致搜索不到 搜索群号成功率,1,
10010000008474,"1，正常情况下，搜索群时，没有旋转的圆圈提示正在搜索，搜索失败不能提示，没有对应的群聊。
2，断网情况下，不提醒已经断网。",1，正常情况下，搜索群时，没有旋转的圆圈提示正在搜索，搜索失败不能提示，没有对应的群聊。,2，断网情况下，不提醒已经断网。,Functional-Search,search,chat,cannot_or_fail,search.chat.cannot_or_fail,Y,Medium,2,jayme,jayme,10010000008474,search.chat.cannot_or_fail,1，正常情况下，搜索群时，没有旋转的圆圈提示正在搜索，搜索失败不能提示，没有对应的群聊。,primary_clue,44,38,1 正常情况下 搜索群时 没有旋转的圆圈提示正在搜索 搜索失败不能提示 没有对应的群聊,1,
10010000008820,在群组命名有问题。在我的群组列表中出现两个完全相同的群组名称，无论是群组人员是否相同都可以名称相同，影响使用。当我用群名称搜索群是出现不止一个令人混淆,在群组命名有问题。在我的群组列表中出现两个完全相同的群组名称，无论是群组人员是否相同都可以名称相同，影响使用。当我用群名称搜索群是出现…,,Functional-Search,search,list_item,other,search.list_item.other,N,High,1,jayme,jayme,10010000008820,search.list_item.other,在群组命名有问题。在我的群组列表中出现两个完全相同的群组名称，无论是群组人员是否相同都可以名称相同，影响使用。当我用群名称搜索群是出现…,primary_clue,68,63,在群组命名有问题 在我的群组列表中出现两个完全相同的群组名称 无论是群组人员是否相同都可以名称相同 影响使用 当我用群名称搜索群是出现,1,
10010000009308,在选择“加入群聊”后搜索群组，所搜索出的群组均为群组名中包含所搜索字段的群组。列表中的群组以创建时间为序排列，创建时间早的靠前。精确查找群组时，精确匹配的群组有时在最后，而并不是在最前方。,在选择“加入群聊”后搜索群组，所搜索出的群组均为群组名中包含所搜索字段的群组。列表中的群组以创建时间为序排列，创建时间早的靠前。精确查…,,Functional-Search,search,list_item,other,search.list_item.other,N,High,1,jayme,jayme,10010000009308,search.list_item.other,在选择“加入群聊”后搜索群组，所搜索出的群组均为群组名中包含所搜索字段的群组。列表中的群组以创建时间为序排列，创建时间早的靠前。精确查…,primary_clue,68,61,在选择 加入群聊 后搜索群组 所搜索出的群组均为群组名中包含所搜索字段的群组 列表中的群组以创建时间为序排列 创建时间早的靠前 精确查,1,
10010000008395,已知新建群的群号，但是在好友页面上方的搜索中搜索群号，无法找到，上方搜索只能进行好友搜索,已知新建群的群号，但是在好友页面上方的搜索中搜索群号，无法找到，上方搜索只能进行好友搜索,,Functional-Search,search,page_view,cannot_or_fail,search.page_view.cannot_or_fail,N,High,1,jayme,jayme,10010000008395,search.page_view.cannot_or_fail,已知新建群的群号，但是在好友页面上方的搜索中搜索群号，无法找到，上方搜索只能进行好友搜索,primary_clue,44,41,已知新建群的群号 但是在好友页面上方的搜索中搜索群号 无法找到 上方搜索只能进行好友搜索,1,
10010000008913,"对于群昵称相同的，群头像相同的，想加群的人无法分辨到底该加入哪一个群。

按昵称搜索群号，搜索的结果是模糊匹配",对于群昵称相同的，群头像相同的，想加群的人无法分辨到底该加入哪一个群。,按昵称搜索群号，搜索的结果是模糊匹配,Other,other,other,cannot_or_fail,other.other.cannot_or_fail,Y,Medium,2,jayme,jayme,10010000008913,other.other.cannot_or_fail,对于群昵称相同的，群头像相同的，想加群的人无法分辨到底该加入哪一个群。,primary_clue,35,32,对于群昵称相同的 群头像相同的 想加群的人无法分辨到底该加入哪一个群,1,
10010000009145,通过搜索群号的方式加群，由于会匹配群名称，但搜索结果中没有标出群号，无法辨别想要根据群号码加的对应群。,通过搜索群号的方式加群，由于会匹配群名称，但搜索结果中没有标出群号，无法辨别想要根据群号码加的对应群。,,Functional-Search,search,other,cannot_or_fail,search.other.cannot_or_fail,N,High,1,jayme,jayme,10010000009145,search.other.cannot_or_fail,通过搜索群号的方式加群，由于会匹配群名称，但搜索结果中没有标出群号，无法辨别想要根据群号码加的对应群。,primary_clue,51,47,通过搜索群号的方式加群 由于会匹配群名称 但搜索结果中没有标出群号 无法辨别想要根据群号码加的对应群,1,
10010000008429,"在执行搜索群组的功能时,当你输入的关键词部分存在相似结果,但整体没有时,不显示相似结果,做不到截取关键词。如“周董”和“周董好”","在执行搜索群组的功能时,当你输入的关键词部分存在相似结果,但整体没有时,不显示相似结果,做不到截取关键词。如“周董”和“周董好”",,Functional-Search,search,chat,cannot_input,search.chat.cannot_input,N,High,1,jayme,jayme,10010000008429,search.chat.cannot_input,"在执行搜索群组的功能时,当你输入的关键词部分存在相似结果,但整体没有时,不显示相似结果,做不到截取关键词。如“周董”和“周董好”",primary_clue,64,55,在执行搜索群组的功能时 当你输入的关键词部分存在相似结果 但整体没有时 不显示相似结果 做不到截取关键词 如 周董 和 周董好,1,
10010000009134,搜索群:在搜索群的时候如果没有任何的输入。应该在下面显示热门推荐群。然而该列表里面一个群都没有。,搜索群:在搜索群的时候如果没有任何的输入。应该在下面显示热门推荐群。然而该列表里面一个群都没有。,,Functional-Search,search,list_item,other,search.list_item.other,N,High,1,jayme,jayme,10010000009134,search.list_item.other,搜索群:在搜索群的时候如果没有任何的输入。应该在下面显示热门推荐群。然而该列表里面一个群都没有。,primary_clue,48,44,搜索群 在搜索群的时候如果没有任何的输入 应该在下面显示热门推荐群 然而该列表里面一个群都没有,1,
10010000009593,在搜索群时，如果组群名称重复用户无法区分,在搜索群时，如果组群名称重复用户无法区分,,Functional-Search,search,other,cannot_or_fail,search.other.cannot_or_fail,N,High,1,jayme,jayme,10010000009593,search.other.cannot_or_fail,在搜索群时，如果组群名称重复用户无法区分,primary_clue,20,19,在搜索群时 如果组群名称重复用户无法区分,1,
10010000008659,"加入群搜索群名,完全匹配的群,排在搜索列表最后","加入群搜索群名,完全匹配的群,排在搜索列表最后",,Functional-Search,search,list_item,other,search.list_item.other,N,High,1,jayme,jayme,10010000008659,search.list_item.other,"加入群搜索群名,完全匹配的群,排在搜索列表最后",primary_clue,23,21,加入群搜索群名 完全匹配的群 排在搜索列表最后,1,
10010000008269,搜索群:模糊搜索时输入的字符串必须相连。如果中间有其他字符的不能匹配。用户无法根据某几部分的关键词来搜索群。,搜索群:模糊搜索时输入的字符串必须相连。如果中间有其他字符的不能匹配。用户无法根据某几部分的关键词来搜索群。,,Functional-Search,search,other,cannot_or_fail,search.other.cannot_or_fail,N,High,1,jayme,jayme,10010000008269,search.other.cannot_or_fail,搜索群:模糊搜索时输入的字符串必须相连。如果中间有其他字符的不能匹配。用户无法根据某几部分的关键词来搜索群。,primary_clue,54,50,搜索群 模糊搜索时输入的字符串必须相连 如果中间有其他字符的不能匹配 用户无法根据某几部分的关键词来搜索群,1,
10010000010000,模糊搜索群名时，输入的部分关键字与群名一样，不能出现搜索结果,模糊搜索群名时，输入的部分关键字与群名一样，不能出现搜索结果,,Functional-Search,search,other,cannot_or_fail,search.other.cannot_or_fail,N,High,1,jayme,jayme,10010000010000,search.other.cannot_or_fail,模糊搜索群名时，输入的部分关键字与群名一样，不能出现搜索结果,primary_clue,30,28,模糊搜索群名时 输入的部分关键字与群名一样 不能出现搜索结果,1,
10010000009848,搜索群，查找群号，搜过不到，没有提示，该提示查找不到该群，或者该群号不正确或不存在。,搜索群，查找群号，搜过不到，没有提示，该提示查找不到该群，或者该群号不正确或不存在。,,Functional-Search,search,other,wrong_value,search.other.wrong_value,N,High,1,jayme,jayme,10010000009848,search.other.wrong_value,搜索群，查找群号，搜过不到，没有提示，该提示查找不到该群，或者该群号不正确或不存在。,primary_clue,42,36,搜索群 查找群号 搜过不到 没有提示 该提示查找不到该群 或者该群号不正确或不存在,1,
10010000009755,"搜索群加入是,搜索列表未显示每一项群是否可加入,不方便用户加群","搜索群加入是,搜索列表未显示每一项群是否可加入,不方便用户加群",,Functional-Search,search,list_item,other,search.list_item.other,N,High,1,jayme,jayme,10010000009755,search.list_item.other,"搜索群加入是,搜索列表未显示每一项群是否可加入,不方便用户加群",primary_clue,31,29,搜索群加入是 搜索列表未显示每一项群是否可加入 不方便用户加群,1,
10010000009425,用户搜索群时，没有历史消息记录，如果用户加群不成功，还需要重新搜索。而且，即使用户已经加入了该群，仍然没有优先显示。,用户搜索群时，没有历史消息记录，如果用户加群不成功，还需要重新搜索。而且，即使用户已经加入了该群，仍然没有优先显示。,,Functional-Search,search,list_item,other,search.list_item.other,N,High,1,jayme,jayme,10010000009425,search.list_item.other,用户搜索群时，没有历史消息记录，如果用户加群不成功，还需要重新搜索。而且，即使用户已经加入了该群，仍然没有优先显示。,primary_clue,58,51,用户搜索群时 没有历史消息记录 如果用户加群不成功 还需要重新搜索 而且 即使用户已经加入了该群 仍然没有优先显示,1,
10010000009328,在群内管理群成员界面搜索群内成员时，输入某个成员的首字母，不能正确定位到相应位置。,在群内管理群成员界面搜索群内成员时，输入某个成员的首字母，不能正确定位到相应位置。,,Functional-Search,search,page_view,cannot_or_fail,search.page_view.cannot_or_fail,N,High,1,jayme,jayme,10010000009328,search.page_view.cannot_or_fail,在群内管理群成员界面搜索群内成员时，输入某个成员的首字母，不能正确定位到相应位置。,primary_clue,41,38,在群内管理群成员界面搜索群内成员时 输入某个成员的首字母 不能正确定位到相应位置,1,
10010000008364,搜索群后进入到群详细资料页面，显示的资料过于简单，用户无法知道这个群的属性。,搜索群后进入到群详细资料页面，显示的资料过于简单，用户无法知道这个群的属性。,,Functional-Search,search,page_view,cannot_or_fail,search.page_view.cannot_or_fail,N,High,1,jayme,jayme,10010000008364,search.page_view.cannot_or_fail,搜索群后进入到群详细资料页面，显示的资料过于简单，用户无法知道这个群的属性。,primary_clue,38,35,搜索群后进入到群详细资料页面 显示的资料过于简单 用户无法知道这个群的属性,1,
10010000009890,"搜索群时,输入为""              ""(一连串空格), 程序长时间显示处于搜索状态, 无响应结果输出.","搜索群时,输入为"" ""(一连串空格), 程序长时间显示处于搜索状态, 无响应结果输出.",,Performance/Freeze,search,step,freeze,search.step.freeze,N,High,1,jayme,jayme,10010000009890,search.step.freeze,"搜索群时,输入为"" ""(一连串空格), 程序长时间显示处于搜索状态, 无响应结果输出.",primary_clue,43,32,搜索群时 输入为 一连串空格 程序长时间显示处于搜索状态 无响应结果输出,1,
10010000009659,创建群聊选择好友时，点击好友头像，头像图片有闪烁情况。,创建群聊选择好友时，点击好友头像，头像图片有闪烁情况。,,Functional-Social,groupchat,image_banner,other,groupchat.image_banner.other,N,High,1,jayme,jayme,10010000009659,groupchat.image_banner.other,创建群聊选择好友时，点击好友头像，头像图片有闪烁情况。,primary_clue,27,24,创建群聊选择好友时 点击好友头像 头像图片有闪烁情况,1,
10010000008090,步骤2邀请好友入群的过程中，在已选中一个好友的情况下，选择第二个好友时，一个被选中的好友的头像会闪动，，在已选中第一个好友的情况下取消选择该好友，好友的头像会闪动。,步骤2邀请好友入群的过程中，在已选中一个好友的情况下，选择第二个好友时，一个被选中的好友的头像会闪动，，在已选中第一个好友的情况下取消…,,Functional-Social,other,chat,other,other.chat.other,N,High,1,jayme,jayme,10010000008090,other.chat.other,步骤2邀请好友入群的过程中，在已选中一个好友的情况下，选择第二个好友时，一个被选中的好友的头像会闪动，，在已选中第一个好友的情况下取消…,primary_clue,68,62,步骤2邀请好友入群的过程中 在已选中一个好友的情况下 选择第二个好友时 一个被选中的好友的头像会闪动 在已选中第一个好友的情况下取消,1,
10010000008876,建群之后在群组设置界面点击消息免打扰，出现的提示框信息时间太短，一闪而过,建群之后在群组设置界面点击消息免打扰，出现的提示框信息时间太短，一闪而过,,Functional-Social,groupchat,page_view,other,groupchat.page_view.other,N,High,1,jayme,jayme,10010000008876,groupchat.page_view.other,建群之后在群组设置界面点击消息免打扰，出现的提示框信息时间太短，一闪而过,primary_clue,36,34,建群之后在群组设置界面点击消息免打扰 出现的提示框信息时间太短 一闪而过,1,
10010000008513,在拉群组讨论的时候，添加成员里，邀请最近联系人时，点方框选取，快速连续点击的时候，联系人头像会闪烁不定，并且跳成另外一张图片。,在拉群组讨论的时候，添加成员里，邀请最近联系人时，点方框选取，快速连续点击的时候，联系人头像会闪烁不定，并且跳成另外一张图片。,,Functional-Social,groupchat,image_banner,other,groupchat.image_banner.other,N,High,1,jayme,jayme,10010000008513,groupchat.image_banner.other,在拉群组讨论的时候，添加成员里，邀请最近联系人时，点方框选取，快速连续点击的时候，联系人头像会闪烁不定，并且跳成另外一张图片。,primary_clue,63,56,在拉群组讨论的时候 添加成员里 邀请最近联系人时 点方框选取 快速连续点击的时候 联系人头像会闪烁不定 并且跳成另外一张图片,1,
10010000008348,"在选择成员时,选中再取消用户的图标会闪烁","在选择成员时,选中再取消用户的图标会闪烁",,UI/Display,other,button_icon,other,other.button_icon.other,N,Medium,1,jayme,jayme,10010000008348,other.button_icon.other,"在选择成员时,选中再取消用户的图标会闪烁",primary_clue,20,19,在选择成员时 选中再取消用户的图标会闪烁,1,
10010000009419,无论是在群组界面还是好友界面，新建群组，添加成员时最近联系人的头像以及底部被选栏头像，在选择时总是频繁闪烁。,无论是在群组界面还是好友界面，新建群组，添加成员时最近联系人的头像以及底部被选栏头像，在选择时总是频繁闪烁。,,Functional-Social,groupchat,page_view,other,groupchat.page_view.other,N,High,1,jayme,jayme,10010000009419,groupchat.page_view.other,无论是在群组界面还是好友界面，新建群组，添加成员时最近联系人的头像以及底部被选栏头像，在选择时总是频繁闪烁。,primary_clue,54,50,无论是在群组界面还是好友界面 新建群组 添加成员时最近联系人的头像以及底部被选栏头像 在选择时总是频繁闪烁,1,
10010000008828,"1.进入朋友界面，点击右上角的更多，选择发起群聊
2.在最近联系人中选择一位好友，后面的单选框中会打上钩，在点击一下，钩会取消。在点击取消钩的时候，头像会一闪一闪的。",进入朋友界面，点击右上角的更多，选择发起群聊,在最近联系人中选择一位好友，后面的单选框中会打上钩，在点击一下，钩会取消。在点击取消钩的时候，头像会一闪一闪的。,Functional-Social,groupchat,page_view,other,groupchat.page_view.other,Y,Medium,2,jayme,jayme,10010000008828,groupchat.page_view.other,进入朋友界面，点击右上角的更多，选择发起群聊,primary_clue,22,20,进入朋友界面 点击右上角的更多 选择发起群聊,1,
10010000009216,在发起群聊后，出现添加成员界面，反复点击同一联系人，该联系人的头像会反复闪烁,在发起群聊后，出现添加成员界面，反复点击同一联系人，该联系人的头像会反复闪烁,,Functional-Social,groupchat,page_view,other,groupchat.page_view.other,N,High,1,jayme,jayme,10010000009216,groupchat.page_view.other,在发起群聊后，出现添加成员界面，反复点击同一联系人，该联系人的头像会反复闪烁,primary_clue,38,35,在发起群聊后 出现添加成员界面 反复点击同一联系人 该联系人的头像会反复闪烁,1,
10010000008024,正常登陆软件点击创建群组后，进入选择联系人界面，反复选择、取消联系人时，其头像出现不正常频繁性闪烁。,正常登陆软件点击创建群组后，进入选择联系人界面，反复选择、取消联系人时，其头像出现不正常频繁性闪烁。,,Functional-Social,groupchat,page_view,other,groupchat.page_view.other,N,High,1,jayme,jayme,10010000008024,groupchat.page_view.other,正常登陆软件点击创建群组后，进入选择联系人界面，反复选择、取消联系人时，其头像出现不正常频繁性闪烁。,primary_clue,50,45,正常登陆软件点击创建群组后 进入选择联系人界面 反复选择 取消联系人时 其头像出现不正常频繁性闪烁,1,
10010000008887,选中好友后进入创建群组界面，刚进入时群名称三个字会闪，用户体验不好,选中好友后进入创建群组界面，刚进入时群名称三个字会闪，用户体验不好,,Functional-Social,groupchat,page_view,other,groupchat.page_view.other,N,High,1,jayme,jayme,10010000008887,groupchat.page_view.other,选中好友后进入创建群组界面，刚进入时群名称三个字会闪，用户体验不好,primary_clue,33,31,选中好友后进入创建群组界面 刚进入时群名称三个字会闪 用户体验不好,1,
10010000008711,发起群聊进入添加群成员界面是，重复点击一个群成员，成员头像出现闪屏现象,发起群聊进入添加群成员界面是，重复点击一个群成员，成员头像出现闪屏现象,,Functional-Social,groupchat,page_view,other,groupchat.page_view.other,N,High,1,jayme,jayme,10010000008711,groupchat.page_view.other,发起群聊进入添加群成员界面是，重复点击一个群成员，成员头像出现闪屏现象,primary_clue,35,33,发起群聊进入添加群成员界面是 重复点击一个群成员 成员头像出现闪屏现象,1,
10010000009684,对于加入群组的成员，管理者无法强制使某一成员退出该群。,对于加入群组的成员，管理者无法强制使某一成员退出该群。,,Functional-Social,groupchat,chat,cannot_or_fail,groupchat.chat.cannot_or_fail,N,High,1,jayme,jayme,10010000009684,groupchat.chat.cannot_or_fail,对于加入群组的成员，管理者无法强制使某一成员退出该群。,primary_clue,27,25,对于加入群组的成员 管理者无法强制使某一成员退出该群,1,
10010000009646,管理员不能把踢掉群成员，如果有不良群成员存在，不利于维护良好的网络聊天环境。如图， 点击一个群成员不具备踢掉功能 ， 我觉得这不利于维护我们的聊天环境。,管理员不能把踢掉群成员，如果有不良群成员存在，不利于维护良好的网络聊天环境。如图， 点击一个群成员不具备踢掉功能 ， 我觉得这不利于维…,,Functional-Social,groupchat,chat,cannot_or_fail,groupchat.chat.cannot_or_fail,N,High,1,jayme,jayme,10010000009646,groupchat.chat.cannot_or_fail,管理员不能把踢掉群成员，如果有不良群成员存在，不利于维护良好的网络聊天环境。如图， 点击一个群成员不具备踢掉功能 ， 我觉得这不利于维…,primary_clue,68,59,管理员不能把踢掉群成员 如果有不良群成员存在 不利于维护良好的网络聊天环境 如图 点击一个群成员不具备踢掉功能 我觉得这不利于维,1,
10010000009223,群组管理员不能将已经加入群的成员踢出群。  管理员应该有权限踢出不良成员， 这样才能保持群一定的安全性和较好聊天环境。 我觉得这很重要。而在群组设置里面第几一个人只能有图片里面显示的功能,群组管理员不能将已经加入群的成员踢出群。 管理员应该有权限踢出不良成员， 这样才能保持群一定的安全性和较好聊天环境。 我觉得这很重要。…,,Functional-Social,groupchat,page_view,permission,groupchat.page_view.permission,N,High,1,jayme,jayme,10010000009223,groupchat.page_view.permission,群组管理员不能将已经加入群的成员踢出群。 管理员应该有权限踢出不良成员， 这样才能保持群一定的安全性和较好聊天环境。 我觉得这很重要。…,primary_clue,68,60,群组管理员不能将已经加入群的成员踢出群 管理员应该有权限踢出不良成员 这样才能保持群一定的安全性和较好聊天环境 我觉得这很重要,1,
10010000008974,选择移出群聊或者设为管理员时，跳出来的请求框界面太不美观了，而且没有标识出来设为管理员和移出群聊按钮，咋一看还以为就是两行字，给用户造成困扰。,选择移出群聊或者设为管理员时，跳出来的请求框界面太不美观了，而且没有标识出来设为管理员和移出群聊按钮，咋一看还以为就是两行字，给用户造…,,Functional-Social,groupchat,button_icon,layout_issue,groupchat.button_icon.layout_issue,N,High,1,jayme,jayme,10010000008974,groupchat.button_icon.layout_issue,选择移出群聊或者设为管理员时，跳出来的请求框界面太不美观了，而且没有标识出来设为管理员和移出群聊按钮，咋一看还以为就是两行字，给用户造…,primary_clue,68,63,选择移出群聊或者设为管理员时 跳出来的请求框界面太不美观了 而且没有标识出来设为管理员和移出群聊按钮 咋一看还以为就是两行字 给用户造,1,
10010000008068,当将好友删除后，联系列表里仍有原好友，且仍能够给原好友发送信息，并不会提示用户已删除好友，需要重新添加,当将好友删除后，联系列表里仍有原好友，且仍能够给原好友发送信息，并不会提示用户已删除好友，需要重新添加,,Functional-Social,message_send,list_item,other,message_send.list_item.other,N,High,1,jayme,jayme,10010000008068,message_send.list_item.other,当将好友删除后，联系列表里仍有原好友，且仍能够给原好友发送信息，并不会提示用户已删除好友，需要重新添加,primary_clue,51,47,当将好友删除后 联系列表里仍有原好友 且仍能够给原好友发送信息 并不会提示用户已删除好友 需要重新添加,1,
10010000009153,"删除了某个好友之后，通过以下几种方法均不能重新添加为好友：
1、点击“最近联系人”列表中的头像添加好友提示好友已在列表中
2、进入其主页点击“添加好友”，提示“好友已存在”
3、通过朋友页面-好友-右上角添加好友-搜索-添加，提示“请求失败：请求的好友已在列表中”
此BUG使用户不能重新添加被删除的好友，可能导致用户误操作删除好友后不能找回。",删除了某个好友之后，通过以下几种方法均不能重新添加为好友：,点击“最近联系人”列表中的头像添加好友提示好友已在列表中 || 进入其主页点击“添加好友”，提示“好友已存在” || 通过朋友页面 || 好友 || 右上角添加好友 || 搜索 || 添加，提示“请求失败：请求的好友已在列表中” ||…,Functional-Social,other,chat,cannot_or_fail,other.chat.cannot_or_fail,Y,Medium,9,jayme,jayme,10010000009153,other.chat.cannot_or_fail,删除了某个好友之后，通过以下几种方法均不能重新添加为好友：,primary_clue,29,27,删除了某个好友之后 通过以下几种方法均不能重新添加为好友,1,
10010000008888,有时不能选择消息免打扰，或选择反应迟缓,有时不能选择消息免打扰，或选择反应迟缓,,Functional-Social,message_send,chat,cannot_or_fail,message_send.chat.cannot_or_fail,N,High,1,jayme,jayme,10010000008888,message_send.chat.cannot_or_fail,有时不能选择消息免打扰，或选择反应迟缓,primary_clue,19,18,有时不能选择消息免打扰 或选择反应迟缓,1,
10010000009155,在好友的聊天设置里，开启消息免打扰的提示时间太短,在好友的聊天设置里，开启消息免打扰的提示时间太短,,Functional-Social,message_send,page_view,other,message_send.page_view.other,N,High,1,jayme,jayme,10010000009155,message_send.page_view.other,在好友的聊天设置里，开启消息免打扰的提示时间太短,primary_clue,24,23,在好友的聊天设置里 开启消息免打扰的提示时间太短,1,
10010000008898,在群设置里面，设置消息免打扰，提示时间太短，还没看完就看不到了,在群设置里面，设置消息免打扰，提示时间太短，还没看完就看不到了,,Functional-Social,message_send,page_view,other,message_send.page_view.other,N,High,1,jayme,jayme,10010000008898,message_send.page_view.other,在群设置里面，设置消息免打扰，提示时间太短，还没看完就看不到了,primary_clue,31,28,在群设置里面 设置消息免打扰 提示时间太短 还没看完就看不到了,1,
10010000008141,在进行群消息设置时，点击 消息免打扰页面，会有一个diaLog弹出，但是生存周期太短，会让用户误以为存在其他问题。,在进行群消息设置时，点击 消息免打扰页面，会有一个diaLog弹出，但是生存周期太短，会让用户误以为存在其他问题。,,Functional-Social,message_send,page_view,other,message_send.page_view.other,N,High,1,jayme,jayme,10010000008141,message_send.page_view.other,在进行群消息设置时，点击 消息免打扰页面，会有一个diaLog弹出，但是生存周期太短，会让用户误以为存在其他问题。,primary_clue,57,51,在进行群消息设置时 点击 消息免打扰页面 会有一个dialog弹出 但是生存周期太短 会让用户误以为存在其他问题,1,
10010000008910,群组设置中多次快速切换，消息免打扰存在性能问题，会造成无提示界面始终等待,群组设置中多次快速切换，消息免打扰存在性能问题，会造成无提示界面始终等待,,Functional-Social,groupchat,page_view,no_prompt,groupchat.page_view.no_prompt,N,High,1,jayme,jayme,10010000008910,groupchat.page_view.no_prompt,群组设置中多次快速切换，消息免打扰存在性能问题，会造成无提示界面始终等待,primary_clue,36,34,群组设置中多次快速切换 消息免打扰存在性能问题 会造成无提示界面始终等待,1,
10010000008868,在新用户邀请好友创建完群组后，在群设置中设置群消息免打扰的模式时，设置完之后App提示请稍后过于快速，无法使用户看清设置结果，影响用户体验。,在新用户邀请好友创建完群组后，在群设置中设置群消息免打扰的模式时，设置完之后App提示请稍后过于快速，无法使用户看清设置结果，影响用户体验。,,Functional-Social,groupchat,page_view,cannot_or_fail,groupchat.page_view.cannot_or_fail,N,High,1,jayme,jayme,10010000008868,groupchat.page_view.cannot_or_fail,在新用户邀请好友创建完群组后，在群设置中设置群消息免打扰的模式时，设置完之后App提示请稍后过于快速，无法使用户看清设置结果，影响用户体验。,primary_clue,70,65,在新用户邀请好友创建完群组后 在群设置中设置群消息免打扰的模式时 设置完之后app提示请稍后过于快速 无法使用户看清设置结果 影响用户体验,1,
10010000008745,在群组设置中，点击消息免打扰会弹出，一个框，里边是信息免打扰提示，当框的生命周期存在时间比较短，所以用户会误认为出现问题。,在群组设置中，点击消息免打扰会弹出，一个框，里边是信息免打扰提示，当框的生命周期存在时间比较短，所以用户会误认为出现问题。,,Functional-Social,groupchat,page_view,other,groupchat.page_view.other,N,High,1,jayme,jayme,10010000008745,groupchat.page_view.other,在群组设置中，点击消息免打扰会弹出，一个框，里边是信息免打扰提示，当框的生命周期存在时间比较短，所以用户会误认为出现问题。,primary_clue,61,55,在群组设置中 点击消息免打扰会弹出 一个框 里边是信息免打扰提示 当框的生命周期存在时间比较短 所以用户会误认为出现问题,1,
10010000009047,测试“消息免打扰”时，提示界面闪现，看不清所提示内容，用户体验差，问题严重。,测试“消息免打扰”时，提示界面闪现，看不清所提示内容，用户体验差，问题严重。,,Functional-Social,message_send,page_view,other,message_send.page_view.other,N,High,1,jayme,jayme,10010000009047,message_send.page_view.other,测试“消息免打扰”时，提示界面闪现，看不清所提示内容，用户体验差，问题严重。,primary_clue,38,31,测试 消息免打扰 时 提示界面闪现 看不清所提示内容 用户体验差 问题严重,1,
10010000008418,"步骤1中，进入更多，测试""消息免打扰""时，提示界面闪现，看不清所提示内容，用户体验差。","步骤1中，进入更多，测试""消息免打扰""时，提示界面闪现，看不清所提示内容，用户体验差。",,Functional-Social,message_send,page_view,other,message_send.page_view.other,N,High,1,jayme,jayme,10010000008418,message_send.page_view.other,"步骤1中，进入更多，测试""消息免打扰""时，提示界面闪现，看不清所提示内容，用户体验差。",primary_clue,43,35,步骤1中 进入更多 测试 消息免打扰 时 提示界面闪现 看不清所提示内容 用户体验差,1,
10010000009340,对于群消息的提示，不是免打扰就是所有消息都提示，不能屏蔽,对于群消息的提示，不是免打扰就是所有消息都提示，不能屏蔽,,Functional-Social,message_send,chat,cannot_or_fail,message_send.chat.cannot_or_fail,N,High,1,jayme,jayme,10010000009340,message_send.chat.cannot_or_fail,对于群消息的提示，不是免打扰就是所有消息都提示，不能屏蔽,primary_clue,28,26,对于群消息的提示 不是免打扰就是所有消息都提示 不能屏蔽,1,
10010000009212,当用户使用消息免打扰时，当群再次发来消息时，只显示消息，不振动，不提醒。,当用户使用消息免打扰时，当群再次发来消息时，只显示消息，不振动，不提醒。,,Functional-Social,message_send,chat,other,message_send.chat.other,N,High,1,jayme,jayme,10010000009212,message_send.chat.other,当用户使用消息免打扰时，当群再次发来消息时，只显示消息，不振动，不提醒。,primary_clue,36,31,当用户使用消息免打扰时 当群再次发来消息时 只显示消息 不振动 不提醒,1,
10010000009023,用户在创建完群后，开始编辑群公告，群公告只显示群公告内容，没有公告创建时间，创建者。,用户在创建完群后，开始编辑群公告，群公告只显示群公告内容，没有公告创建时间，创建者。,,Other,other,step,other,other.step.other,N,Medium,1,jayme,jayme,10010000009023,other.step.other,用户在创建完群后，开始编辑群公告，群公告只显示群公告内容，没有公告创建时间，创建者。,primary_clue,42,37,用户在创建完群后 开始编辑群公告 群公告只显示群公告内容 没有公告创建时间 创建者,1,
10010000008172,群公告只能保留当前的内容，历史群公告不能保存。严重影响用户体验。下图是当前一条群公告。,群公告只能保留当前的内容，历史群公告不能保存。严重影响用户体验。下图是当前一条群公告。,,UI/Display,other,other,cannot_or_fail,other.other.cannot_or_fail,N,Medium,1,jayme,jayme,10010000008172,other.other.cannot_or_fail,群公告只能保留当前的内容，历史群公告不能保存。严重影响用户体验。下图是当前一条群公告。,primary_clue,43,39,群公告只能保留当前的内容 历史群公告不能保存 严重影响用户体验 下图是当前一条群公告,1,
10010000008836,在群组设置中，在查看群公告时，并不能查看历史公告，历史群公告并没有保存，用户只能在历史信息中查看，在用户体验方面，给用户带来非常的不便。,在群组设置中，在查看群公告时，并不能查看历史公告，历史群公告并没有保存，用户只能在历史信息中查看，在用户体验方面，给用户带来非常的不便。,,Functional-Social,groupchat,page_view,cannot_or_fail,groupchat.page_view.cannot_or_fail,N,High,1,jayme,jayme,10010000008836,groupchat.page_view.cannot_or_fail,在群组设置中，在查看群公告时，并不能查看历史公告，历史群公告并没有保存，用户只能在历史信息中查看，在用户体验方面，给用户带来非常的不便。,primary_clue,68,61,在群组设置中 在查看群公告时 并不能查看历史公告 历史群公告并没有保存 用户只能在历史信息中查看 在用户体验方面 给用户带来非常的不便,1,
10010000009237,随着聊天记录的增加，群公告会移到上面去，不利于消息的通知,随着聊天记录的增加，群公告会移到上面去，不利于消息的通知,,Functional-Social,message_send,list_item,other,message_send.list_item.other,N,High,1,jayme,jayme,10010000009237,message_send.list_item.other,随着聊天记录的增加，群公告会移到上面去，不利于消息的通知,primary_clue,28,26,随着聊天记录的增加 群公告会移到上面去 不利于消息的通知,1,
10010000009534,更换头像后，在聊天界面不会改变，还是原来的。,更换头像后，在聊天界面不会改变，还是原来的。,,Functional-Social,message_send,page_view,other,message_send.page_view.other,N,High,1,jayme,jayme,10010000009534,message_send.page_view.other,更换头像后，在聊天界面不会改变，还是原来的。,primary_clue,22,19,更换头像后 在聊天界面不会改变 还是原来的,1,
10010000009336,头像更换不彻底，.修改头像后，预期结果是不管在个人信息还是聊天时都应该显示为更改后的头像，但是实际结果是聊天界面里的头像没有发生改变,头像更换不彻底，.修改头像后，预期结果是不管在个人信息还是聊天时都应该显示为更改后的头像，但是实际结果是聊天界面里的头像没有发生改变,,Functional-Social,message_send,page_view,wrong_value,message_send.page_view.wrong_value,N,High,1,jayme,jayme,10010000009336,message_send.page_view.wrong_value,头像更换不彻底，.修改头像后，预期结果是不管在个人信息还是聊天时都应该显示为更改后的头像，但是实际结果是聊天界面里的头像没有发生改变,primary_clue,66,62,头像更换不彻底 修改头像后 预期结果是不管在个人信息还是聊天时都应该显示为更改后的头像 但是实际结果是聊天界面里的头像没有发生改变,1,
10010000007927,选择好友时 其他在列表中的好友的头像会闪烁变为一个相同的头像之后恢复正常。,选择好友时 其他在列表中的好友的头像会闪烁变为一个相同的头像之后恢复正常。,,Functional-Social,other,list_item,other,other.list_item.other,N,High,1,jayme,jayme,10010000007927,other.list_item.other,选择好友时 其他在列表中的好友的头像会闪烁变为一个相同的头像之后恢复正常。,primary_clue,37,35,选择好友时 其他在列表中的好友的头像会闪烁变为一个相同的头像之后恢复正常,1,
10010000009462,"由图2好友点击第一个头像进入该好友界面如图1所示，再点击好友头像进入该好友主页之后他的id就发生了变化如图3所示。
个人信息的昵称存在着严重的缺陷 尤其是在第一次改名后",由图2好友点击第一个头像进入该好友界面如图1所示，再点击好友头像进入该好友主页之后他的id就发生了变化如图3所示。,个人信息的昵称存在着严重的缺陷 尤其是在第一次改名后,Functional-Social,other,page_view,other,other.page_view.other,Y,Medium,2,jayme,jayme,10010000009462,other.page_view.other,由图2好友点击第一个头像进入该好友界面如图1所示，再点击好友头像进入该好友主页之后他的id就发生了变化如图3所示。,primary_clue,57,55,由图2好友点击第一个头像进入该好友界面如图1所示 再点击好友头像进入该好友主页之后他的id就发生了变化如图3所示,1,
10010000009838,在输入申请理由时，输入的字符不能够完全显示，只能显示一行理由，造成输入不方便！！,在输入申请理由时，输入的字符不能够完全显示，只能显示一行理由，造成输入不方便！！,,UI/Display,other,other,cannot_or_fail,other.other.cannot_or_fail,N,Medium,1,jayme,jayme,10010000009838,other.other.cannot_or_fail,在输入申请理由时，输入的字符不能够完全显示，只能显示一行理由，造成输入不方便！！,primary_clue,40,35,在输入申请理由时 输入的字符不能够完全显示 只能显示一行理由 造成输入不方便,1,
10010000008410,在进行需要验证的群的加入时，输入验证信息，这里的验证信息虽然当字数超过255时不能进行确定，但是能在改窗体中输入超过255个字符，建议更改至一旦输入了255个便无法输入。,在进行需要验证的群的加入时，输入验证信息，这里的验证信息虽然当字数超过255时不能进行确定，但是能在改窗体中输入超过255个字符，建议…,,Input/Validation,other,other,cannot_input,other.other.cannot_input,N,High,1,jayme,jayme,10010000008410,other.other.cannot_input,在进行需要验证的群的加入时，输入验证信息，这里的验证信息虽然当字数超过255时不能进行确定，但是能在改窗体中输入超过255个字符，建议…,primary_clue,68,63,在进行需要验证的群的加入时 输入验证信息 这里的验证信息虽然当字数超过255时不能进行确定 但是能在改窗体中输入超过255个字符 建议,1,
10010000008649,5.选择联系人中，搜索框搜索好友，输入好友用户名的第一个字符，列表无法优先显示已添加好友。而且搜索结果无法明显区分已添加好友和陌生人。搜索结果还会显示相同用户名的用户。,选择联系人中，搜索框搜索好友，输入好友用户名的第一个字符，列表无法优先显示已添加好友。而且搜索结果无法明显区分已添加好友和陌生人。搜索…,,Functional-Search,search,list_item,cannot_or_fail,search.list_item.cannot_or_fail,N,High,1,jayme,jayme,10010000008649,search.list_item.cannot_or_fail,选择联系人中，搜索框搜索好友，输入好友用户名的第一个字符，列表无法优先显示已添加好友。而且搜索结果无法明显区分已添加好友和陌生人。搜索…,primary_clue,68,62,选择联系人中 搜索框搜索好友 输入好友用户名的第一个字符 列表无法优先显示已添加好友 而且搜索结果无法明显区分已添加好友和陌生人 搜索,1,
10010000008860,当输入群名超过64个字符时，没有提示性文字，但是用户已经不能继续输入,当输入群名超过64个字符时，没有提示性文字，但是用户已经不能继续输入,,Other,other,other,no_prompt,other.other.no_prompt,N,High,1,jayme,jayme,10010000008860,other.other.no_prompt,当输入群名超过64个字符时，没有提示性文字，但是用户已经不能继续输入,primary_clue,34,32,当输入群名超过64个字符时 没有提示性文字 但是用户已经不能继续输入,1,
10010000007900,对于输入的群信息，群名称可以是数字，字母，表情，但不能是大表情，图片，且不能超过64个字符，不能一空格为首，这样群名不会显示空格。,对于输入的群信息，群名称可以是数字，字母，表情，但不能是大表情，图片，且不能超过64个字符，不能一空格为首，这样群名不会显示空格。,,Functional-Social,other,image_banner,cannot_or_fail,other.image_banner.cannot_or_fail,N,High,1,jayme,jayme,10010000007900,other.image_banner.cannot_or_fail,对于输入的群信息，群名称可以是数字，字母，表情，但不能是大表情，图片，且不能超过64个字符，不能一空格为首，这样群名不会显示空格。,primary_clue,65,56,对于输入的群信息 群名称可以是数字 字母 表情 但不能是大表情 图片 且不能超过64个字符 不能一空格为首 这样群名不会显示空格,1,
10010000008355,填写群名称，应用没有提示不能超过64个字符,填写群名称，应用没有提示不能超过64个字符,,Other,other,other,no_prompt,other.other.no_prompt,N,High,1,jayme,jayme,10010000008355,other.other.no_prompt,填写群名称，应用没有提示不能超过64个字符,primary_clue,21,20,填写群名称 应用没有提示不能超过64个字符,1,
10010000008329,新建群时，输入群名称，名称不应超过64个字符，但是没有提示有字数要求，仅在超过64个字符时提示。,新建群时，输入群名称，名称不应超过64个字符，但是没有提示有字数要求，仅在超过64个字符时提示。,,Other,other,other,no_prompt,other.other.no_prompt,N,High,1,jayme,jayme,10010000008329,other.other.no_prompt,新建群时，输入群名称，名称不应超过64个字符，但是没有提示有字数要求，仅在超过64个字符时提示。,primary_clue,48,43,新建群时 输入群名称 名称不应超过64个字符 但是没有提示有字数要求 仅在超过64个字符时提示,1,
10010000008323,正常登陆软件点击创建群组后，创建群组名称时，输入超过64个字符后再输入的内容无法正常显示在对话框中。,正常登陆软件点击创建群组后，创建群组名称时，输入超过64个字符后再输入的内容无法正常显示在对话框中。,,Functional-Social,groupchat,chat,cannot_or_fail,groupchat.chat.cannot_or_fail,N,High,1,jayme,jayme,10010000008323,groupchat.chat.cannot_or_fail,正常登陆软件点击创建群组后，创建群组名称时，输入超过64个字符后再输入的内容无法正常显示在对话框中。,primary_clue,50,47,正常登陆软件点击创建群组后 创建群组名称时 输入超过64个字符后再输入的内容无法正常显示在对话框中,1,
10010000009133,建立群组的时候，群名称输入过长（超过64个字）界面无提示,建立群组的时候，群名称输入过长（超过64个字）界面无提示,,Functional-Social,groupchat,page_view,no_prompt,groupchat.page_view.no_prompt,N,High,1,jayme,jayme,10010000009133,groupchat.page_view.no_prompt,建立群组的时候，群名称输入过长（超过64个字）界面无提示,primary_clue,28,25,建立群组的时候 群名称输入过长 超过64个字 界面无提示,1,
10010000009514,在利用搜索边框的删除按钮删除是不是一个字符一个字符删除，而是全部内容都删除。,在利用搜索边框的删除按钮删除是不是一个字符一个字符删除，而是全部内容都删除。,,Functional-Search,search,button_icon,other,search.button_icon.other,N,High,1,jayme,jayme,10010000009514,search.button_icon.other,在利用搜索边框的删除按钮删除是不是一个字符一个字符删除，而是全部内容都删除。,primary_clue,38,36,在利用搜索边框的删除按钮删除是不是一个字符一个字符删除 而是全部内容都删除,1,
10010000009861,聊天记录查找功能，在聊天记录中不能查找指定的内容，,聊天记录查找功能，在聊天记录中不能查找指定的内容，,,Functional-Search,search,list_item,cannot_or_fail,search.list_item.cannot_or_fail,N,High,1,jayme,jayme,10010000009861,search.list_item.cannot_or_fail,聊天记录查找功能，在聊天记录中不能查找指定的内容，,primary_clue,25,23,聊天记录查找功能 在聊天记录中不能查找指定的内容,1,
10010000009898,群聊中历史记录，不能实现按日期查找聊天记录。,群聊中历史记录，不能实现按日期查找聊天记录。,,Functional-Search,search,list_item,cannot_or_fail,search.list_item.cannot_or_fail,N,High,1,jayme,jayme,10010000009898,search.list_item.cannot_or_fail,群聊中历史记录，不能实现按日期查找聊天记录。,primary_clue,22,20,群聊中历史记录 不能实现按日期查找聊天记录,1,
10010000009041,在查看历史信息时，在按照时间查找时，当输入历史信息中并不存在的日期时，不会提示信息不存在，而是出现与查找日期不符的存在信息。,在查看历史信息时，在按照时间查找时，当输入历史信息中并不存在的日期时，不会提示信息不存在，而是出现与查找日期不符的存在信息。,,Functional-Search,search,step,other,search.step.other,N,High,1,jayme,jayme,10010000009041,search.step.other,在查看历史信息时，在按照时间查找时，当输入历史信息中并不存在的日期时，不会提示信息不存在，而是出现与查找日期不符的存在信息。,primary_clue,62,57,在查看历史信息时 在按照时间查找时 当输入历史信息中并不存在的日期时 不会提示信息不存在 而是出现与查找日期不符的存在信息,1,
10010000008944,在历史消息界面有两个搜索图标，下面那个是不必要的。,在历史消息界面有两个搜索图标，下面那个是不必要的。,,Functional-Search,search,button_icon,other,search.button_icon.other,N,High,1,jayme,jayme,10010000008944,search.button_icon.other,在历史消息界面有两个搜索图标，下面那个是不必要的。,primary_clue,25,23,在历史消息界面有两个搜索图标 下面那个是不必要的,1,
10010000008633,历史消息界面右上角有两个放大镜搜索图标，布局不合理。,历史消息界面右上角有两个放大镜搜索图标，布局不合理。,,Functional-Search,search,button_icon,layout_issue,search.button_icon.layout_issue,N,High,1,jayme,jayme,10010000008633,search.button_icon.layout_issue,历史消息界面右上角有两个放大镜搜索图标，布局不合理。,primary_clue,26,24,历史消息界面右上角有两个放大镜搜索图标 布局不合理,1,
10010000008692,聊天历史记录界面布局不合理，界面不美观。,聊天历史记录界面布局不合理，界面不美观。,,Functional-Social,message_send,page_view,layout_issue,message_send.page_view.layout_issue,N,High,1,jayme,jayme,10010000008692,message_send.page_view.layout_issue,聊天历史记录界面布局不合理，界面不美观。,primary_clue,20,18,聊天历史记录界面布局不合理 界面不美观,1,
10010000009961,在查看历史消息时，出现的查询项极为不美观，非常难看。而且布局不合理！,在查看历史消息时，出现的查询项极为不美观，非常难看。而且布局不合理！,,Functional-Social,message_send,chat,layout_issue,message_send.chat.layout_issue,N,High,1,jayme,jayme,10010000009961,message_send.chat.layout_issue,在查看历史消息时，出现的查询项极为不美观，非常难看。而且布局不合理！,primary_clue,34,30,在查看历史消息时 出现的查询项极为不美观 非常难看 而且布局不合理,1,
10010000008447,"第一步：进入朋友面板，点击好友消息助手。
第二步：点击查看更多消息来到历史消息界面，发现右侧搜索图标过大，影响用户视觉体验。",第一步：进入朋友面板，点击好友消息助手。,第二步：点击查看更多消息来到历史消息界面，发现右侧搜索图标过大，影响用户视觉体验。,Functional-Social,message_send,chat,other,message_send.chat.other,Y,Medium,2,jayme,jayme,10010000008447,message_send.chat.other,第一步：进入朋友面板，点击好友消息助手。,primary_clue,20,17,第一步 进入朋友面板 点击好友消息助手,1,
10010000009110,点击群设置里的查看聊天记录可以按时间查看记录。,点击群设置里的查看聊天记录可以按时间查看记录。,,Functional-Social,message_send,page_view,other,message_send.page_view.other,N,High,1,jayme,jayme,10010000009110,message_send.page_view.other,点击群设置里的查看聊天记录可以按时间查看记录。,primary_clue,23,22,点击群设置里的查看聊天记录可以按时间查看记录,1,
10010000008342,查看历史消息时，按时间查找，点击没有聊天记录的时间，系统不提示没有聊天记录。而且 选择时间时操作不友好。,查看历史消息时，按时间查找，点击没有聊天记录的时间，系统不提示没有聊天记录。而且 选择时间时操作不友好。,,Functional-Search,search,list_item,other,search.list_item.other,N,High,1,jayme,jayme,10010000008342,search.list_item.other,查看历史消息时，按时间查找，点击没有聊天记录的时间，系统不提示没有聊天记录。而且 选择时间时操作不友好。,primary_clue,52,46,查看历史消息时 按时间查找 点击没有聊天记录的时间 系统不提示没有聊天记录 而且 选择时间时操作不友好,1,
10010000009306,在群设置中 点击聊天记录 之后再历史消息中点击查看更多消息之后往下翻 就会发现 聊天记录时间抽错乱 如下图所示,在群设置中 点击聊天记录 之后再历史消息中点击查看更多消息之后往下翻 就会发现 聊天记录时间抽错乱 如下图所示,,Functional-Social,message_send,page_view,other,message_send.page_view.other,N,High,1,jayme,jayme,10010000009306,message_send.page_view.other,在群设置中 点击聊天记录 之后再历史消息中点击查看更多消息之后往下翻 就会发现 聊天记录时间抽错乱 如下图所示,primary_clue,55,50,在群设置中 点击聊天记录 之后再历史消息中点击查看更多消息之后往下翻 就会发现 聊天记录时间抽错乱 如下图所示,1,
10010000009332,聊天页面的搜索历史记录中，不能搜索,聊天页面的搜索历史记录中，不能搜索,,Functional-Search,search,page_view,cannot_or_fail,search.page_view.cannot_or_fail,N,High,1,jayme,jayme,10010000009332,search.page_view.cannot_or_fail,聊天页面的搜索历史记录中，不能搜索,primary_clue,17,16,聊天页面的搜索历史记录中 不能搜索,1,
10010000008413,我的历史记录界面与聊天界面风格不一致。,我的历史记录界面与聊天界面风格不一致。,,Functional-Social,message_send,page_view,other,message_send.page_view.other,N,High,1,jayme,jayme,10010000008413,message_send.page_view.other,我的历史记录界面与聊天界面风格不一致。,primary_clue,19,18,我的历史记录界面与聊天界面风格不一致,1,
10010000008754,搜索历史消息时，在日期搜索时右侧的搜索符感觉没用。而且影响布局。,搜索历史消息时，在日期搜索时右侧的搜索符感觉没用。而且影响布局。,,Functional-Search,search,chat,layout_issue,search.chat.layout_issue,N,High,1,jayme,jayme,10010000008754,search.chat.layout_issue,搜索历史消息时，在日期搜索时右侧的搜索符感觉没用。而且影响布局。,primary_clue,32,29,搜索历史消息时 在日期搜索时右侧的搜索符感觉没用 而且影响布局,1,
10010000009924,搜索历史消息时，在日期搜索时的左侧的搜索符感觉没用，而且影响布局。,搜索历史消息时，在日期搜索时的左侧的搜索符感觉没用，而且影响布局。,,Functional-Search,search,chat,layout_issue,search.chat.layout_issue,N,High,1,jayme,jayme,10010000009924,search.chat.layout_issue,搜索历史消息时，在日期搜索时的左侧的搜索符感觉没用，而且影响布局。,primary_clue,33,30,搜索历史消息时 在日期搜索时的左侧的搜索符感觉没用 而且影响布局,1,
10010000009468,成功进群后，点击历史消息，进入历史消息页面，页面布局不美观。,成功进群后，点击历史消息，进入历史消息页面，页面布局不美观。,,Functional-Social,message_send,page_view,layout_issue,message_send.page_view.layout_issue,N,High,1,jayme,jayme,10010000009468,message_send.page_view.layout_issue,成功进群后，点击历史消息，进入历史消息页面，页面布局不美观。,primary_clue,30,26,成功进群后 点击历史消息 进入历史消息页面 页面布局不美观,1,
10010000008981,加入群聊中，点击查看历史消息，跳转到历史消息界面，历史消息界面排版过于粗糙，关键字和日期搜索框排列不美观。同时没有下拉刷新功能。,加入群聊中，点击查看历史消息，跳转到历史消息界面，历史消息界面排版过于粗糙，关键字和日期搜索框排列不美观。同时没有下拉刷新功能。,,Functional-Search,search,page_view,layout_issue,search.page_view.layout_issue,N,High,1,jayme,jayme,10010000008981,search.page_view.layout_issue,加入群聊中，点击查看历史消息，跳转到历史消息界面，历史消息界面排版过于粗糙，关键字和日期搜索框排列不美观。同时没有下拉刷新功能。,primary_clue,64,58,加入群聊中 点击查看历史消息 跳转到历史消息界面 历史消息界面排版过于粗糙 关键字和日期搜索框排列不美观 同时没有下拉刷新功能,1,
10010000008358,个人设置页面隐藏太深导致修改编辑账户信息非常难找，体验非常差；查看历史消息记录页面非常简陋，跟其他地方风格不同,个人设置页面隐藏太深导致修改编辑账户信息非常难找，体验非常差,查看历史消息记录页面非常简陋，跟其他地方风格不同,UI/Display,settings,page_view,other,settings.page_view.other,Y,Medium,2,jayme,jayme,10010000008358,settings.page_view.other,个人设置页面隐藏太深导致修改编辑账户信息非常难找，体验非常差,primary_clue,30,29,个人设置页面隐藏太深导致修改编辑账户信息非常难找 体验非常差,1,
10010000008149,三星S7560，使用聊天中的历史消息，可以看到控件错位,三星S7560，使用聊天中的历史消息，可以看到控件错位,,Functional-Social,message_send,chat,layout_issue,message_send.chat.layout_issue,N,High,1,jayme,jayme,10010000008149,message_send.chat.layout_issue,三星S7560，使用聊天中的历史消息，可以看到控件错位,primary_clue,27,25,三星s7560 使用聊天中的历史消息 可以看到控件错位,1,
10010000009187,在聊天界面中，点击查看历史消息，界面美观有待提高，相对比于qq差别也太大了,在聊天界面中，点击查看历史消息，界面美观有待提高，相对比于qq差别也太大了,,Functional-Social,message_send,page_view,other,message_send.page_view.other,N,High,1,jayme,jayme,10010000009187,message_send.page_view.other,在聊天界面中，点击查看历史消息，界面美观有待提高，相对比于qq差别也太大了,primary_clue,37,34,在聊天界面中 点击查看历史消息 界面美观有待提高 相对比于qq差别也太大了,1,
10010000009874,进行好友/群组查询时，不能直接通过点击搜索框进行查询，必须由点击 放大镜图标 开始查询。用户体验性降低。,进行好友/群组查询时，不能直接通过点击搜索框进行查询，必须由点击 放大镜图标 开始查询。用户体验性降低。,,Functional-Search,search,button_icon,cannot_or_fail,search.button_icon.cannot_or_fail,N,High,1,jayme,jayme,10010000009874,search.button_icon.cannot_or_fail,进行好友/群组查询时，不能直接通过点击搜索框进行查询，必须由点击 放大镜图标 开始查询。用户体验性降低。,primary_clue,52,45,进行好友 群组查询时 不能直接通过点击搜索框进行查询 必须由点击 放大镜图标 开始查询 用户体验性降低,1,
10010000008929,点击放大镜进入搜索界面在地址栏输入关键词没有提示信息比较模糊,点击放大镜进入搜索界面在地址栏输入关键词没有提示信息比较模糊,,Functional-Search,search,page_view,no_prompt,search.page_view.no_prompt,N,High,1,jayme,jayme,10010000008929,search.page_view.no_prompt,点击放大镜进入搜索界面在地址栏输入关键词没有提示信息比较模糊,primary_clue,30,30,点击放大镜进入搜索界面在地址栏输入关键词没有提示信息比较模糊,1,
10010000008682,历史消息界面双搜索放大镜图标，界面不友好，关键词搜索反应较为缓慢。,历史消息界面双搜索放大镜图标，界面不友好，关键词搜索反应较为缓慢。,,Functional-Search,search,button_icon,other,search.button_icon.other,N,High,1,jayme,jayme,10010000008682,search.button_icon.other,历史消息界面双搜索放大镜图标，界面不友好，关键词搜索反应较为缓慢。,primary_clue,33,30,历史消息界面双搜索放大镜图标 界面不友好 关键词搜索反应较为缓慢,1,
10010000008538,页面布局不够完善，且搜索聊天记录较慢，有两个放大镜。,页面布局不够完善，且搜索聊天记录较慢，有两个放大镜。,,Functional-Search,search,page_view,layout_issue,search.page_view.layout_issue,N,High,1,jayme,jayme,10010000008538,search.page_view.layout_issue,页面布局不够完善，且搜索聊天记录较慢，有两个放大镜。,primary_clue,26,23,页面布局不够完善 且搜索聊天记录较慢 有两个放大镜,1,
10010000008328,用户进入群“聊天记录”，上面的搜索按钮出现了两个，页面布局有误,用户进入群“聊天记录”，上面的搜索按钮出现了两个，页面布局有误,,Functional-Search,search,button_icon,layout_issue,search.button_icon.layout_issue,N,High,1,jayme,jayme,10010000008328,search.button_icon.layout_issue,用户进入群“聊天记录”，上面的搜索按钮出现了两个，页面布局有误,primary_clue,31,27,用户进入群 聊天记录 上面的搜索按钮出现了两个 页面布局有误,1,
10010000008162,在进行搜索框搜索的时候，必须点击后面的放大镜，不可以点击前面的添加成员那个地方。,在进行搜索框搜索的时候，必须点击后面的放大镜，不可以点击前面的添加成员那个地方。,,Functional-Search,search,other,cannot_or_fail,search.other.cannot_or_fail,N,High,1,jayme,jayme,10010000008162,search.other.cannot_or_fail,在进行搜索框搜索的时候，必须点击后面的放大镜，不可以点击前面的添加成员那个地方。,primary_clue,40,37,在进行搜索框搜索的时候 必须点击后面的放大镜 不可以点击前面的添加成员那个地方,1,
10010000008506,当进入查找群和添加成员界面时，必须点击放大镜按钮才能进入搜索框进行搜索，用户使用起来不方便。,当进入查找群和添加成员界面时，必须点击放大镜按钮才能进入搜索框进行搜索，用户使用起来不方便。,,Functional-Search,search,button_icon,other,search.button_icon.other,N,High,1,jayme,jayme,10010000008506,search.button_icon.other,当进入查找群和添加成员界面时，必须点击放大镜按钮才能进入搜索框进行搜索，用户使用起来不方便。,primary_clue,46,43,当进入查找群和添加成员界面时 必须点击放大镜按钮才能进入搜索框进行搜索 用户使用起来不方便,1,
10010000009552,进行清空聊天消息记录时，删除成功后，在聊天历史记录时仍能查到消息记录,进行清空聊天消息记录时，删除成功后，在聊天历史记录时仍能查到消息记录,,Functional-Social,message_send,list_item,other,message_send.list_item.other,N,High,1,jayme,jayme,10010000009552,message_send.list_item.other,进行清空聊天消息记录时，删除成功后，在聊天历史记录时仍能查到消息记录,primary_clue,34,32,进行清空聊天消息记录时 删除成功后 在聊天历史记录时仍能查到消息记录,1,
10010000009233,卸载应用后，最近群聊和消息记录全部清空了，只可以在我的群组里查看到我的所有群,卸载应用后，最近群聊和消息记录全部清空了，只可以在我的群组里查看到我的所有群,,Functional-Social,groupchat,list_item,other,groupchat.list_item.other,N,High,1,jayme,jayme,10010000009233,groupchat.list_item.other,卸载应用后，最近群聊和消息记录全部清空了，只可以在我的群组里查看到我的所有群,primary_clue,38,36,卸载应用后 最近群聊和消息记录全部清空了 只可以在我的群组里查看到我的所有群,1,
10010000009616,删除群内聊天记录后，还可以在历史记录中找到聊天记录,删除群内聊天记录后，还可以在历史记录中找到聊天记录,,Functional-Social,message_send,list_item,other,message_send.list_item.other,N,High,1,jayme,jayme,10010000009616,message_send.list_item.other,删除群内聊天记录后，还可以在历史记录中找到聊天记录,primary_clue,25,24,删除群内聊天记录后 还可以在历史记录中找到聊天记录,1,
10010000009157,聊天记录问题，后面加的群也能看到加入群之前的聊天记录,聊天记录问题，后面加的群也能看到加入群之前的聊天记录,,Functional-Social,message_send,list_item,other,message_send.list_item.other,N,High,1,jayme,jayme,10010000009157,message_send.list_item.other,聊天记录问题，后面加的群也能看到加入群之前的聊天记录,primary_clue,26,25,聊天记录问题 后面加的群也能看到加入群之前的聊天记录,1,
10010000009127,聊天记录，在聊天界面有时会丢失，在聊天记录里面可以找到！,聊天记录，在聊天界面有时会丢失，在聊天记录里面可以找到！,,Functional-Social,message_send,page_view,other,message_send.page_view.other,N,High,1,jayme,jayme,10010000009127,message_send.page_view.other,聊天记录，在聊天界面有时会丢失，在聊天记录里面可以找到！,primary_clue,28,25,聊天记录 在聊天界面有时会丢失 在聊天记录里面可以找到,1,
10010000009300,"我在聊天页面说几句话,然后就有了聊天记录。然后我删除聊天记录,聊天页面的聊天记录没了,但是聊天记录还在历史记录里存在。","我在聊天页面说几句话,然后就有了聊天记录。然后我删除聊天记录,聊天页面的聊天记录没了,但是聊天记录还在历史记录里存在。",,Functional-Social,message_send,page_view,wrong_value,message_send.page_view.wrong_value,N,High,1,jayme,jayme,10010000009300,message_send.page_view.wrong_value,"我在聊天页面说几句话,然后就有了聊天记录。然后我删除聊天记录,聊天页面的聊天记录没了,但是聊天记录还在历史记录里存在。",primary_clue,59,54,我在聊天页面说几句话 然后就有了聊天记录 然后我删除聊天记录 聊天页面的聊天记录没了 但是聊天记录还在历史记录里存在,1,
10010000009058,清空聊天记录后，可以再次查看到聊天记录,清空聊天记录后，可以再次查看到聊天记录,,Functional-Social,message_send,list_item,other,message_send.list_item.other,N,High,1,jayme,jayme,10010000009058,message_send.list_item.other,清空聊天记录后，可以再次查看到聊天记录,primary_clue,19,18,清空聊天记录后 可以再次查看到聊天记录,1,
10010000009529,在群设置中，清空聊天记录，可在聊天记录中还有,在群设置中，清空聊天记录，可在聊天记录中还有,,Functional-Social,message_send,page_view,other,message_send.page_view.other,N,High,1,jayme,jayme,10010000009529,message_send.page_view.other,在群设置中，清空聊天记录，可在聊天记录中还有,primary_clue,22,20,在群设置中 清空聊天记录 可在聊天记录中还有,1,
10010000008495,在群聊中点击清空聊天记录后，点击聊天记录后还会出现之前的聊天记录,在群聊中点击清空聊天记录后，点击聊天记录后还会出现之前的聊天记录,,Functional-Social,groupchat,list_item,other,groupchat.list_item.other,N,High,1,jayme,jayme,10010000008495,groupchat.list_item.other,在群聊中点击清空聊天记录后，点击聊天记录后还会出现之前的聊天记录,primary_clue,32,31,在群聊中点击清空聊天记录后 点击聊天记录后还会出现之前的聊天记录,1,
10010000008520,当我选择清空聊天记录时，聊天记录虽然清空了，但我还是可以通过查看消息来查看以前的聊天记录,当我选择清空聊天记录时，聊天记录虽然清空了，但我还是可以通过查看消息来查看以前的聊天记录,,Functional-Social,message_send,list_item,wrong_value,message_send.list_item.wrong_value,N,High,1,jayme,jayme,10010000008520,message_send.list_item.wrong_value,当我选择清空聊天记录时，聊天记录虽然清空了，但我还是可以通过查看消息来查看以前的聊天记录,primary_clue,44,42,当我选择清空聊天记录时 聊天记录虽然清空了 但我还是可以通过查看消息来查看以前的聊天记录,1,
10010000009625,"点击清空聊天记录 在聊天记录里任然可以查看历史聊天
加入群组－＞进入群组聊天－＞在群组设置－＞点击清空聊天记录－＞点击聊天记录－＞聊天记录里任然了查看历史聊天
附截图",点击清空聊天记录 在聊天记录里任然可以查看历史聊天,加入群组－＞进入群组聊天－＞在群组设置－＞点击清空聊天记录－＞点击聊天记录－＞聊天记录里任然了查看历史聊天 || 附截图,Functional-Social,message_send,list_item,other,message_send.list_item.other,Y,Medium,3,jayme,jayme,10010000009625,message_send.list_item.other,点击清空聊天记录 在聊天记录里任然可以查看历史聊天,primary_clue,25,24,点击清空聊天记录 在聊天记录里任然可以查看历史聊天,1,
10010000009177,点击群设置里的清空聊天记录，预期结果应该是群里的聊天记录被清空，也无法通过查看聊天记录查看。但是实际结果是清空聊天记录后，聊天页面没有聊天消息了，但是可以通过查看聊天记录依旧可以看到信息。,点击群设置里的清空聊天记录，预期结果应该是群里的聊天记录被清空，也无法通过查看聊天记录查看。但是实际结果是清空聊天记录后，聊天页面没有…,,Functional-Social,message_send,page_view,wrong_value,message_send.page_view.wrong_value,N,High,1,jayme,jayme,10010000009177,message_send.page_view.wrong_value,点击群设置里的清空聊天记录，预期结果应该是群里的聊天记录被清空，也无法通过查看聊天记录查看。但是实际结果是清空聊天记录后，聊天页面没有…,primary_clue,68,63,点击群设置里的清空聊天记录 预期结果应该是群里的聊天记录被清空 也无法通过查看聊天记录查看 但是实际结果是清空聊天记录后 聊天页面没有,1,
10010000009494,历史消息的时间搜索选择当天之后的时间，消息记录仍然可以看到,历史消息的时间搜索选择当天之后的时间，消息记录仍然可以看到,,Functional-Search,search,list_item,other,search.list_item.other,N,High,1,jayme,jayme,10010000009494,search.list_item.other,历史消息的时间搜索选择当天之后的时间，消息记录仍然可以看到,primary_clue,29,28,历史消息的时间搜索选择当天之后的时间 消息记录仍然可以看到,1,
10010000008161,手机使用聊天讨论组里找到  历史消息 ，选择时间可以超过系统预设的时间范围。,手机使用聊天讨论组里找到 历史消息 ，选择时间可以超过系统预设的时间范围。,,Functional-Social,message_send,chat,other,message_send.chat.other,N,High,1,jayme,jayme,10010000008161,message_send.chat.other,手机使用聊天讨论组里找到 历史消息 ，选择时间可以超过系统预设的时间范围。,primary_clue,37,33,手机使用聊天讨论组里找到 历史消息 选择时间可以超过系统预设的时间范围,1,
10010000009260,在消息助手中，查看群消息记录，选择查看消息历史记录的时间，当前时间是2016-12-3，在选择历史消息的记录时，时间可以设置为2018-XX-XX，不符合实际操作，历史记录应该只能选择当前时间之前的时间。,在消息助手中，查看群消息记录，选择查看消息历史记录的时间，当前时间是2016,12 || 3，在选择历史消息的记录时，时间可以设置为2018 || XX || XX，不符合实际操作，历史记录应该只能选择当前时间之前的时间。,Functional-Social,message_send,list_item,wrong_value,message_send.list_item.wrong_value,Y,Medium,5,jayme,jayme,10010000009260,message_send.list_item.wrong_value,在消息助手中，查看群消息记录，选择查看消息历史记录的时间，当前时间是2016,primary_clue,38,35,在消息助手中 查看群消息记录 选择查看消息历史记录的时间 当前时间是2016,1,
10010000009495,清空聊天记录，在历史消息依然可以查询到,清空聊天记录，在历史消息依然可以查询到,,Functional-Social,message_send,list_item,other,message_send.list_item.other,N,High,1,jayme,jayme,10010000009495,message_send.list_item.other,清空聊天记录，在历史消息依然可以查询到,primary_clue,19,18,清空聊天记录 在历史消息依然可以查询到,1,
10010000008374,在群里清空聊天记录时，还会有历史消息可以看到。,在群里清空聊天记录时，还会有历史消息可以看到。,,Functional-Social,message_send,list_item,other,message_send.list_item.other,N,High,1,jayme,jayme,10010000008374,message_send.list_item.other,在群里清空聊天记录时，还会有历史消息可以看到。,primary_clue,23,21,在群里清空聊天记录时 还会有历史消息可以看到,1,
10010000009587,清空聊天记录，仍然能从聊天记录的历史消息中看到消息记录,清空聊天记录，仍然能从聊天记录的历史消息中看到消息记录,,Functional-Social,message_send,list_item,other,message_send.list_item.other,N,High,1,jayme,jayme,10010000009587,message_send.list_item.other,清空聊天记录，仍然能从聊天记录的历史消息中看到消息记录,primary_clue,27,26,清空聊天记录 仍然能从聊天记录的历史消息中看到消息记录,1,
10010000009702,"前提条件:群聊聊天记录中存在两条删除的消息
复现步骤:进入历史记录删除的消息仍然存在",前提条件:群聊聊天记录中存在两条删除的消息,复现步骤:进入历史记录删除的消息仍然存在,Functional-Social,groupchat,list_item,other,groupchat.list_item.other,Y,Medium,2,jayme,jayme,10010000009702,groupchat.list_item.other,前提条件:群聊聊天记录中存在两条删除的消息,primary_clue,21,20,前提条件 群聊聊天记录中存在两条删除的消息,1,
10010000008776,在群聊或者私聊聊天界面，删除了聊天记录再进去的时候，点击历史消息还是有记录，功能不完整。,在群聊或者私聊聊天界面，删除了聊天记录再进去的时候，点击历史消息还是有记录，功能不完整。,,Functional-Social,groupchat,page_view,wrong_value,groupchat.page_view.wrong_value,N,High,1,jayme,jayme,10010000008776,groupchat.page_view.wrong_value,在群聊或者私聊聊天界面，删除了聊天记录再进去的时候，点击历史消息还是有记录，功能不完整。,primary_clue,44,40,在群聊或者私聊聊天界面 删除了聊天记录再进去的时候 点击历史消息还是有记录 功能不完整,1,
10010000008324,删除好友后，最近联系人界面仍然会显示被删的人以及聊天记录。,删除好友后，最近联系人界面仍然会显示被删的人以及聊天记录。,,Functional-Social,message_send,page_view,other,message_send.page_view.other,N,High,1,jayme,jayme,10010000008324,message_send.page_view.other,删除好友后，最近联系人界面仍然会显示被删的人以及聊天记录。,primary_clue,29,27,删除好友后 最近联系人界面仍然会显示被删的人以及聊天记录,1,
10010000009138,在聊天记录页面删除记录后再查询聊天记录依然存在，并未被删除。,在聊天记录页面删除记录后再查询聊天记录依然存在，并未被删除。,,Functional-Social,message_send,page_view,other,message_send.page_view.other,N,High,1,jayme,jayme,10010000009138,message_send.page_view.other,在聊天记录页面删除记录后再查询聊天记录依然存在，并未被删除。,primary_clue,30,28,在聊天记录页面删除记录后再查询聊天记录依然存在 并未被删除,1,
10010000009589,按名称查找群聊的时候，重名太多，不能精确查找。（详见测试报告）,按名称查找群聊的时候，重名太多，不能精确查找。（详见测试报告）,,Functional-Search,search,chat,cannot_or_fail,search.chat.cannot_or_fail,N,High,1,jayme,jayme,10010000009589,search.chat.cannot_or_fail,按名称查找群聊的时候，重名太多，不能精确查找。（详见测试报告）,primary_clue,31,26,按名称查找群聊的时候 重名太多 不能精确查找 详见测试报告,1,
10010000008496,创建的群组可以重名，感觉很不好，使得用户体验很不好，因为无法明确分清到底是哪个群，最好除了群头像不同，还有其他明确标识,创建的群组可以重名，感觉很不好，使得用户体验很不好，因为无法明确分清到底是哪个群，最好除了群头像不同，还有其他明确标识,,Functional-Social,groupchat,chat,cannot_or_fail,groupchat.chat.cannot_or_fail,N,High,1,jayme,jayme,10010000008496,groupchat.chat.cannot_or_fail,创建的群组可以重名，感觉很不好，使得用户体验很不好，因为无法明确分清到底是哪个群，最好除了群头像不同，还有其他明确标识,primary_clue,59,54,创建的群组可以重名 感觉很不好 使得用户体验很不好 因为无法明确分清到底是哪个群 最好除了群头像不同 还有其他明确标识,1,
10010000008638,群聊中的小视频不能在聊天窗口中直接播放，而得转到其他应用软件中播放。,群聊中的小视频不能在聊天窗口中直接播放，而得转到其他应用软件中播放。,,Functional-Social,groupchat,chat,cannot_or_fail,groupchat.chat.cannot_or_fail,N,High,1,jayme,jayme,10010000008638,groupchat.chat.cannot_or_fail,群聊中的小视频不能在聊天窗口中直接播放，而得转到其他应用软件中播放。,primary_clue,34,32,群聊中的小视频不能在聊天窗口中直接播放 而得转到其他应用软件中播放,1,
10010000009311,"1.首页上方图片墙点击不可放大或查看视频，只有点右下角的播放键才能播放。
2.视频播放后点击屏幕不能暂停或退出，只能等到播放完毕才能自动退出。
3.点击杰伦头像不能查看头像原图。
4.往下滑动查看周杰伦微博后，不能一键回到顶部。",首页上方图片墙点击不可放大或查看视频，只有点右下角的播放键才能播放。,视频播放后点击屏幕不能暂停或退出，只能等到播放完毕才能自动退出。 || 点击杰伦头像不能查看头像原图。 || 往下滑动查看周杰伦微博后，不能一键回到顶部。,Functional-Media,playback,page_view,other,playback.page_view.other,Y,Medium,4,jayme,jayme,10010000009311,playback.page_view.other,首页上方图片墙点击不可放大或查看视频，只有点右下角的播放键才能播放。,primary_clue,34,32,首页上方图片墙点击不可放大或查看视频 只有点右下角的播放键才能播放,1,
10010000008378,查看图集时内有左右滑动切换图片功能，只能关闭后点击另一张；后台播放音乐时，在杰迷吧听歌不会暂停后台播放的歌曲；邀请好友加入群聊不需要经过好友同意；群公告只能删掉重写；修改字体大小只对聊天有效,查看图集时内有左右滑动切换图片功能，只能关闭后点击另一张,后台播放音乐时，在杰迷吧听歌不会暂停后台播放的歌曲 || 邀请好友加入群聊不需要经过好友同意 || 群公告只能删掉重写 || 修改字体大小只对聊天有效,UI/Display,other,image_banner,other,other.image_banner.other,Y,Medium,5,jayme,jayme,10010000008378,other.image_banner.other,查看图集时内有左右滑动切换图片功能，只能关闭后点击另一张,primary_clue,28,27,查看图集时内有左右滑动切换图片功能 只能关闭后点击另一张,1,
10010000009572,杰迷吧的音乐播放问题相当严重。音乐播放后就在后台运行了，退出app后重新进入该页面，可重新播放歌曲（此时上一首歌仍在播放中），几首歌曲叠加播放十分混乱简直就是噪音。 唯一把音乐关闭的方法只有停止运行app再重新进入,杰迷吧的音乐播放问题相当严重。音乐播放后就在后台运行了，退出app后重新进入该页面，可重新播放歌曲（此时上一首歌仍在播放中），几首歌曲…,,Functional-Media,playback,page_view,other,playback.page_view.other,N,High,1,jayme,jayme,10010000009572,playback.page_view.other,杰迷吧的音乐播放问题相当严重。音乐播放后就在后台运行了，退出app后重新进入该页面，可重新播放歌曲（此时上一首歌仍在播放中），几首歌曲…,primary_clue,68,61,杰迷吧的音乐播放问题相当严重 音乐播放后就在后台运行了 退出app后重新进入该页面 可重新播放歌曲 此时上一首歌仍在播放中 几首歌曲,1,
10010000009569,在播放Jay主页的宣传片时，每次都没声音，之前调过依旧没声音,在播放Jay主页的宣传片时，每次都没声音，之前调过依旧没声音,,Functional-Media,playback,audio,other,playback.audio.other,N,High,1,jayme,jayme,10010000009569,playback.audio.other,在播放Jay主页的宣传片时，每次都没声音，之前调过依旧没声音,primary_clue,30,28,在播放jay主页的宣传片时 每次都没声音 之前调过依旧没声音,1,
10010000009664,与其他软件有冲突，把“网易云音乐”有冲突，把“网易云”卸载后就可以听到语音内容了。,与其他软件有冲突，把“网易云音乐”有冲突，把“网易云”卸载后就可以听到语音内容了。,,Functional-Media,playback,audio,other,playback.audio.other,N,High,1,jayme,jayme,10010000009664,playback.audio.other,与其他软件有冲突，把“网易云音乐”有冲突，把“网易云”卸载后就可以听到语音内容了。,primary_clue,41,34,与其他软件有冲突 把 网易云音乐 有冲突 把 网易云 卸载后就可以听到语音内容了,1,
10010000009624,经多次测试，发现跟我手机上的网易云音乐有冲突，导致网易云音乐播放无声音，JAYME卸载后就有声音。,经多次测试，发现跟我手机上的网易云音乐有冲突，导致网易云音乐播放无声音，JAYME卸载后就有声音。,,Functional-Media,playback,audio,other,playback.audio.other,N,High,1,jayme,jayme,10010000009624,playback.audio.other,经多次测试，发现跟我手机上的网易云音乐有冲突，导致网易云音乐播放无声音，JAYME卸载后就有声音。,primary_clue,49,45,经多次测试 发现跟我手机上的网易云音乐有冲突 导致网易云音乐播放无声音 jayme卸载后就有声音,1,
10010000008546,语音可以双向接收，但是播放时没有声音（双向无声音）,语音可以双向接收，但是播放时没有声音（双向无声音）,,Functional-Media,playback,audio,other,playback.audio.other,N,High,1,jayme,jayme,10010000008546,playback.audio.other,语音可以双向接收，但是播放时没有声音（双向无声音）,primary_clue,25,22,语音可以双向接收 但是播放时没有声音 双向无声音,1,
10010000009358,文件传输助手发送的语音无法正常播放（播放的声音和实际的声音不同）,文件传输助手发送的语音无法正常播放（播放的声音和实际的声音不同）,,Functional-Media,message_send,audio,cannot_or_fail,message_send.audio.cannot_or_fail,N,High,1,jayme,jayme,10010000009358,message_send.audio.cannot_or_fail,文件传输助手发送的语音无法正常播放（播放的声音和实际的声音不同）,primary_clue,32,30,文件传输助手发送的语音无法正常播放 播放的声音和实际的声音不同,1,
10010000009469,在打开杰迷吧的音乐后，在聊天发语音时，音乐对语音有干扰。,在打开杰迷吧的音乐后，在聊天发语音时，音乐对语音有干扰。,,Functional-Social,message_send,chat,other,message_send.chat.other,N,High,1,jayme,jayme,10010000009469,message_send.chat.other,在打开杰迷吧的音乐后，在聊天发语音时，音乐对语音有干扰。,primary_clue,28,25,在打开杰迷吧的音乐后 在聊天发语音时 音乐对语音有干扰,1,
10010000000512,用户密码为简单数字时，注册不成功，但又没提示,用户密码为简单数字时，注册不成功，但又没提示,,Functional-Account,register,other,other,register.other.other,N,High,1,雅思听力,雅思听力,10010000000512,register.other.other,用户密码为简单数字时，注册不成功，但又没提示,primary_clue,22,20,用户密码为简单数字时 注册不成功 但又没提示,1,
10010000000559,用于账户安全的手机短信验证码没做加密处理，可修改任意已注册账户的密码。（软件最新版本也有此问题）,用于账户安全的手机短信验证码没做加密处理，可修改任意已注册账户的密码。（软件最新版本也有此问题）,,Functional-Account,register,other,other,register.other.other,N,High,1,雅思听力,雅思听力,10010000000559,register.other.other,用于账户安全的手机短信验证码没做加密处理，可修改任意已注册账户的密码。（软件最新版本也有此问题）,primary_clue,48,44,用于账户安全的手机短信验证码没做加密处理 可修改任意已注册账户的密码 软件最新版本也有此问题,1,
10010000000783,手机验证码会连续发送，在60s之内,手机验证码会连续发送，在60s之内,,Functional-Account,message_send,other,other,message_send.other.other,N,High,1,雅思听力,雅思听力,10010000000783,message_send.other.other,手机验证码会连续发送，在60s之内,primary_clue,17,16,手机验证码会连续发送 在60s之内,1,
10010000004630,在忘记密码界面点击获取验证码后，会限制60秒后才能继续获取，但返回登录界面再进去忘记密码界面，则该时间重置。,在忘记密码界面点击获取验证码后，会限制60秒后才能继续获取，但返回登录界面再进去忘记密码界面，则该时间重置。,,Functional-Account,login,page_view,other,login.page_view.other,N,High,1,雅思听力,雅思听力,10010000004630,login.page_view.other,在忘记密码界面点击获取验证码后，会限制60秒后才能继续获取，但返回登录界面再进去忘记密码界面，则该时间重置。,primary_clue,54,50,在忘记密码界面点击获取验证码后 会限制60秒后才能继续获取 但返回登录界面再进去忘记密码界面 则该时间重置,1,
10010000004725,注册界面，快速点击获取验证码会收到多条短信,注册界面，快速点击获取验证码会收到多条短信,,Functional-Account,register,page_view,other,register.page_view.other,N,High,1,雅思听力,雅思听力,10010000004725,register.page_view.other,注册界面，快速点击获取验证码会收到多条短信,primary_clue,21,20,注册界面 快速点击获取验证码会收到多条短信,1,
10010000000050,用qq登录时提示非官方正版应用，错误码100044。用微信，微博账号无法登录。,用qq登录时提示非官方正版应用，错误码100044。用微信，微博账号无法登录。,,Functional-Account,login,share_panel,wrong_value,login.share_panel.wrong_value,N,High,1,雅思听力,雅思听力,10010000000050,login.share_panel.wrong_value,用qq登录时提示非官方正版应用，错误码100044。用微信，微博账号无法登录。,primary_clue,39,35,用qq登录时提示非官方正版应用 错误码100044 用微信 微博账号无法登录,1,
10010000000136,"实际结果：
【登录注册】第三方登录平台“微信”接口无法进入
重现步骤：
1.打开“漫听”APP，进入【登录注册】页面
2.点击“或者其他方式登录”下的“微信”图标",【登录注册】第三方登录平台“微信”接口无法进入,打开“漫听”APP，进入【登录注册】页面 || 点击“或者其他方式登录”下的“微信”图标,Network/Loading,register,other,load_fail,register.other.load_fail,Y,Medium,3,雅思听力,雅思听力,10010000000136,register.other.load_fail,【登录注册】第三方登录平台“微信”接口无法进入,primary_clue,23,19,登录注册 第三方登录平台 微信 接口无法进入,1,
10010000000140,"实际结果：
【登录注册】第三方登录平台“QQ”提示“登录失败”
重现步骤：
1.打开“漫听”APP，进入【登录注册】页面
2.点击“或者其他方式登录”下的“QQ”图标，提示：登录失败 该应用非官方正版应用，请去应用宝下载正版后进行QQ登录。（错误码：100044）",【登录注册】第三方登录平台“QQ”提示“登录失败”,打开“漫听”APP，进入【登录注册】页面 || 点击“或者其他方式登录”下的“QQ”图标，提示：登录失败 该应用非官方正版应用，请去应用宝下载正版后进行QQ登录。（错误码：100044）,Functional-Account,register,share_panel,cannot_or_fail,register.share_panel.cannot_or_fail,Y,Medium,3,雅思听力,雅思听力,10010000000140,register.share_panel.cannot_or_fail,【登录注册】第三方登录平台“QQ”提示“登录失败”,primary_clue,25,19,登录注册 第三方登录平台 qq 提示 登录失败,1,
10010000000162,微信登录点击多次出现加载页面，未跳转,微信登录点击多次出现加载页面，未跳转,,Functional-Account,login,page_view,other,login.page_view.other,N,High,1,雅思听力,雅思听力,10010000000162,login.page_view.other,微信登录点击多次出现加载页面，未跳转,primary_clue,18,17,微信登录点击多次出现加载页面 未跳转,1,
10010000000168,在登陆界面上的第三方登陆中 微信账号无法登陆，登陆失败。例如：点击微信图标，软件无反应只提示登陆失败,在登陆界面上的第三方登陆中 微信账号无法登陆，登陆失败。例如：点击微信图标，软件无反应只提示登陆失败,,Functional-Account,other,button_icon,cannot_or_fail,other.button_icon.cannot_or_fail,N,High,1,雅思听力,雅思听力,10010000000168,other.button_icon.cannot_or_fail,在登陆界面上的第三方登陆中 微信账号无法登陆，登陆失败。例如：点击微信图标，软件无反应只提示登陆失败,primary_clue,50,45,在登陆界面上的第三方登陆中 微信账号无法登陆 登陆失败 例如 点击微信图标 软件无反应只提示登陆失败,1,
10010000000355,"QQ无法登录，微博登录时""更多选项""无法加载出来","QQ无法登录，微博登录时""更多选项""无法加载出来",,Network/Loading,login,share_panel,load_fail,login.share_panel.load_fail,N,High,1,雅思听力,雅思听力,10010000000355,login.share_panel.load_fail,"QQ无法登录，微博登录时""更多选项""无法加载出来",primary_clue,24,21,qq无法登录 微博登录时 更多选项 无法加载出来,1,
10010000000763,第三方登录：微信登录页面无法显示，QQ无法获取权限,第三方登录：微信登录页面无法显示，QQ无法获取权限,,Functional-Account,login,page_view,permission,login.page_view.permission,N,High,1,雅思听力,雅思听力,10010000000763,login.page_view.permission,第三方登录：微信登录页面无法显示，QQ无法获取权限,primary_clue,25,23,第三方登录 微信登录页面无法显示 qq无法获取权限,1,
10010000000989,当手机端微信处于在线状态时，微信授权登陆功能调用失败，点击之后无反应,当手机端微信处于在线状态时，微信授权登陆功能调用失败，点击之后无反应,,Other,other,other,permission,other.other.permission,N,High,1,雅思听力,雅思听力,10010000000989,other.other.permission,当手机端微信处于在线状态时，微信授权登陆功能调用失败，点击之后无反应,primary_clue,34,32,当手机端微信处于在线状态时 微信授权登陆功能调用失败 点击之后无反应,1,
10010000001047,重置密码时，二次登陆无法登陆，且无相应提示,重置密码时，二次登陆无法登陆，且无相应提示,,Functional-Account,other,other,cannot_or_fail,other.other.cannot_or_fail,N,High,1,雅思听力,雅思听力,10010000001047,other.other.cannot_or_fail,重置密码时，二次登陆无法登陆，且无相应提示,primary_clue,21,19,重置密码时 二次登陆无法登陆 且无相应提示,1,
10010000001149,除了手机号意外的三种登录方式都不可用,除了手机号意外的三种登录方式都不可用,,Functional-Account,login,other,other,login.other.other,N,High,1,雅思听力,雅思听力,10010000001149,login.other.other,除了手机号意外的三种登录方式都不可用,primary_clue,18,18,除了手机号意外的三种登录方式都不可用,1,
10010000001261,对原本下载的QQ版本无法使用第三方登录,对原本下载的QQ版本无法使用第三方登录,,Functional-Account,login,other,cannot_or_fail,login.other.cannot_or_fail,N,High,1,雅思听力,雅思听力,10010000001261,login.other.cannot_or_fail,对原本下载的QQ版本无法使用第三方登录,primary_clue,19,19,对原本下载的qq版本无法使用第三方登录,1,
10010000001262,使用微信实现第三方登录时一直登不上去而且要等待很久,使用微信实现第三方登录时一直登不上去而且要等待很久,,Functional-Account,login,other,other,login.other.other,N,High,1,雅思听力,雅思听力,10010000001262,login.other.other,使用微信实现第三方登录时一直登不上去而且要等待很久,primary_clue,25,25,使用微信实现第三方登录时一直登不上去而且要等待很久,1,
10010000001394,"无法使用QQ登录,提示为非官方应用。","无法使用QQ登录,提示为非官方应用。",,Functional-Account,login,other,cannot_or_fail,login.other.cannot_or_fail,N,High,1,雅思听力,雅思听力,10010000001394,login.other.cannot_or_fail,"无法使用QQ登录,提示为非官方应用。",primary_clue,18,16,无法使用qq登录 提示为非官方应用,1,
10010000001630,第三方账户不能登录，必须用手机再次登录,第三方账户不能登录，必须用手机再次登录,,Functional-Account,login,other,cannot_or_fail,login.other.cannot_or_fail,N,High,1,雅思听力,雅思听力,10010000001630,login.other.cannot_or_fail,第三方账户不能登录，必须用手机再次登录,primary_clue,19,18,第三方账户不能登录 必须用手机再次登录,1,
10010000001846,微信登录界面无法弹出，QQ登录显示无权限，只有微博登录正常,微信登录界面无法弹出，QQ登录显示无权限，只有微博登录正常,,Functional-Account,login,page_view,permission,login.page_view.permission,N,High,1,雅思听力,雅思听力,10010000001846,login.page_view.permission,微信登录界面无法弹出，QQ登录显示无权限，只有微博登录正常,primary_clue,29,27,微信登录界面无法弹出 qq登录显示无权限 只有微博登录正常,1,
10010000000180,分享app给微信好友和朋友圈页面跳转不正常,分享app给微信好友和朋友圈页面跳转不正常,,Functional-Share,share,page_view,other,share.page_view.other,N,High,1,雅思听力,雅思听力,10010000000180,share.page_view.other,分享app给微信好友和朋友圈页面跳转不正常,primary_clue,21,21,分享app给微信好友和朋友圈页面跳转不正常,1,
10010000000239,练习报告页面，点击分享按钮，选择分享到微信好友，无法分享，提示图片大小超过32kb，正在对图片进行压缩,练习报告页面，点击分享按钮，选择分享到微信好友，无法分享，提示图片大小超过32kb，正在对图片进行压缩,,Functional-Share,share,button_icon,cannot_share,share.button_icon.cannot_share,N,High,1,雅思听力,雅思听力,10010000000239,share.button_icon.cannot_share,练习报告页面，点击分享按钮，选择分享到微信好友，无法分享，提示图片大小超过32kb，正在对图片进行压缩,primary_clue,51,46,练习报告页面 点击分享按钮 选择分享到微信好友 无法分享 提示图片大小超过32kb 正在对图片进行压缩,1,
10010000000242,练习报告页面，点击分享按钮，选择分享到微信朋友圈，无法分享，提示图片大小超过32kb，正在对图片进行压缩,练习报告页面，点击分享按钮，选择分享到微信朋友圈，无法分享，提示图片大小超过32kb，正在对图片进行压缩,,Functional-Share,share,button_icon,cannot_share,share.button_icon.cannot_share,N,High,1,雅思听力,雅思听力,10010000000242,share.button_icon.cannot_share,练习报告页面，点击分享按钮，选择分享到微信朋友圈，无法分享，提示图片大小超过32kb，正在对图片进行压缩,primary_clue,52,47,练习报告页面 点击分享按钮 选择分享到微信朋友圈 无法分享 提示图片大小超过32kb 正在对图片进行压缩,1,
10010000000252,"1：登录漫听，点击""我的""，点击右上角图标
2：进入更多功能页面，点击关于，点击“分享给朋友”
3：点击微信图标，停留在当前界面未打开微信页面","1：登录漫听，点击""我的""，点击右上角图标",2：进入更多功能页面，点击关于，点击“分享给朋友” || 3：点击微信图标，停留在当前界面未打开微信页面,Functional-Account,login,button_icon,other,login.button_icon.other,Y,Medium,3,雅思听力,雅思听力,10010000000252,login.button_icon.other,"1：登录漫听，点击""我的""，点击右上角图标",primary_clue,21,16,1 登录漫听 点击 我的 点击右上角图标,1,
10010000000700,"分享漫听软件时,分享到微信和微信朋友圈功能不能实现","分享漫听软件时,分享到微信和微信朋友圈功能不能实现",,Functional-Share,share,share_panel,cannot_or_fail,share.share_panel.cannot_or_fail,N,High,1,雅思听力,雅思听力,10010000000700,share.share_panel.cannot_or_fail,"分享漫听软件时,分享到微信和微信朋友圈功能不能实现",primary_clue,25,24,分享漫听软件时 分享到微信和微信朋友圈功能不能实现,1,
10010000001132,课程分享功能无法分享，点击后无反应,课程分享功能无法分享，点击后无反应,,Functional-Share,share,list_item,cannot_share,share.list_item.cannot_share,N,High,1,雅思听力,雅思听力,10010000001132,share.list_item.cannot_share,课程分享功能无法分享，点击后无反应,primary_clue,17,16,课程分享功能无法分享 点击后无反应,1,
10010000001728,"第一：选择下方第三个 学习 选项，里面微课的视频不能通过微信分享给好友以及朋友圈 ，其他的分享都不能通过微信分享。
第二：学习选项中，机经中发布的文件无法用微信支付进行打赏。",第一：选择下方第三个 学习 选项，里面微课的视频不能通过微信分享给好友以及朋友圈 ，其他的分享都不能通过微信分享。,第二：学习选项中，机经中发布的文件无法用微信支付进行打赏。,Functional-Share,share,chat,cannot_or_fail,share.chat.cannot_or_fail,Y,Medium,2,雅思听力,雅思听力,10010000001728,share.chat.cannot_or_fail,第一：选择下方第三个 学习 选项，里面微课的视频不能通过微信分享给好友以及朋友圈 ，其他的分享都不能通过微信分享。,primary_clue,57,50,第一 选择下方第三个 学习 选项 里面微课的视频不能通过微信分享给好友以及朋友圈 其他的分享都不能通过微信分享,1,
10010000001798,1 当收听演讲时候，点击分享到微信按钮，没有任何反应，也不能分享成功。,1 当收听演讲时候，点击分享到微信按钮，没有任何反应，也不能分享成功。,,Functional-Share,share,button_icon,cannot_share,share.button_icon.cannot_share,N,High,1,雅思听力,雅思听力,10010000001798,share.button_icon.cannot_share,1 当收听演讲时候，点击分享到微信按钮，没有任何反应，也不能分享成功。,primary_clue,35,30,1 当收听演讲时候 点击分享到微信按钮 没有任何反应 也不能分享成功,1,
10010000000153,用语音评论视屏，语音录制未结束时点击发表，系统崩溃,用语音评论视屏，语音录制未结束时点击发表，系统崩溃,,Crash,playback,list_item,crash,playback.list_item.crash,N,High,1,雅思听力,雅思听力,10010000000153,playback.list_item.crash,用语音评论视屏，语音录制未结束时点击发表，系统崩溃,primary_clue,25,23,用语音评论视屏 语音录制未结束时点击发表 系统崩溃,1,
10010000001067,在登陆首页当用户忘记密码时，正确输入短信验证码时，提示用户重新设置密码时，强行退出,在登陆首页当用户忘记密码时，正确输入短信验证码时，提示用户重新设置密码时，强行退出,,Functional-Account,settings,page_view,other,settings.page_view.other,N,High,1,雅思听力,雅思听力,10010000001067,settings.page_view.other,在登陆首页当用户忘记密码时，正确输入短信验证码时，提示用户重新设置密码时，强行退出,primary_clue,41,38,在登陆首页当用户忘记密码时 正确输入短信验证码时 提示用户重新设置密码时 强行退出,1,
10010000001122,在后台关闭退出此应用再次启动时出现了闪退现象。,在后台关闭退出此应用再次启动时出现了闪退现象。,,Crash,other,other,crash,other.other.crash,N,High,1,雅思听力,雅思听力,10010000001122,other.other.crash,在后台关闭退出此应用再次启动时出现了闪退现象。,primary_clue,23,22,在后台关闭退出此应用再次启动时出现了闪退现象,1,
10010000001147,在模考页面，进行答题，完成返回模考页面事，底部弹出Toast 显示出现未知错误，环境异常。造成闪退。,在模考页面，进行答题，完成返回模考页面事，底部弹出Toast 显示出现未知错误，环境异常。造成闪退。,,Crash,other,page_view,crash,other.page_view.crash,N,High,1,雅思听力,雅思听力,10010000001147,other.page_view.crash,在模考页面，进行答题，完成返回模考页面事，底部弹出Toast 显示出现未知错误，环境异常。造成闪退。,primary_clue,50,43,在模考页面 进行答题 完成返回模考页面事 底部弹出toast 显示出现未知错误 环境异常 造成闪退,1,
10010000001334,在后台kill掉程序后，再次打开时，出现黑屏。程序无响应。,在后台kill掉程序后，再次打开时，出现黑屏。程序无响应。,,Performance/Freeze,other,other,freeze,other.other.freeze,N,High,1,雅思听力,雅思听力,10010000001334,other.other.freeze,在后台kill掉程序后，再次打开时，出现黑屏。程序无响应。,primary_clue,29,25,在后台kill掉程序后 再次打开时 出现黑屏 程序无响应,1,
10010000001364,"在Vivo Xshot机型,Android4.3系统上出现 INSTALL_FAILED_INSUFFICIENT_STORAGE 即安装失败。","在Vivo Xshot机型,Android4.3系统上出现 INSTALL_FAILED_INSUFFICIENT_STORAGE 即…",,Other,other,other,cannot_or_fail,other.other.cannot_or_fail,N,Medium,1,雅思听力,雅思听力,10010000001364,other.other.cannot_or_fail,"在Vivo Xshot机型,Android4.3系统上出现 INSTALL_FAILED_INSUFFICIENT_STORAGE 即…",primary_clue,68,59,在vivo xshot机型 android4 3系统上出现 install failed insufficient storage 即,1,
10010000001387,"在Vivo Xshot机型,安卓4.3系统下出现INSTALL_FAILED_INSUFFICIENT_STORAGE 即安装失败问题。","在Vivo Xshot机型,安卓4.3系统下出现INSTALL_FAILED_INSUFFICIENT_STORAGE 即安装失败问题。",,Other,other,other,cannot_or_fail,other.other.cannot_or_fail,N,Medium,1,雅思听力,雅思听力,10010000001387,other.other.cannot_or_fail,"在Vivo Xshot机型,安卓4.3系统下出现INSTALL_FAILED_INSUFFICIENT_STORAGE 即安装失败问题。",primary_clue,68,60,在vivo xshot机型 安卓4 3系统下出现install failed insufficient storage 即安装失败问题,1,
10010000001443,安装程序有无法正常启动，系统显示：出现未知错误（环境异常）,安装程序有无法正常启动，系统显示：出现未知错误（环境异常）,,Network/Loading,other,other,load_fail,other.other.load_fail,N,High,1,雅思听力,雅思听力,10010000001443,other.other.load_fail,安装程序有无法正常启动，系统显示：出现未知错误（环境异常）,primary_clue,29,25,安装程序有无法正常启动 系统显示 出现未知错误 环境异常,1,
10010000000720,在手机登录app时，进行升级安装，不能够正常安装新版本,在手机登录app时，进行升级安装，不能够正常安装新版本,,Functional-Account,login,other,cannot_or_fail,login.other.cannot_or_fail,N,High,1,雅思听力,雅思听力,10010000000720,login.other.cannot_or_fail,在手机登录app时，进行升级安装，不能够正常安装新版本,primary_clue,27,25,在手机登录app时 进行升级安装 不能够正常安装新版本,1,
10010000001129,下载完更新安装包后，安装过程中失败。应用无法更新。,下载完更新安装包后，安装过程中失败。应用无法更新。,,Other,other,other,cannot_or_fail,other.other.cannot_or_fail,N,Medium,1,雅思听力,雅思听力,10010000001129,other.other.cannot_or_fail,下载完更新安装包后，安装过程中失败。应用无法更新。,primary_clue,25,22,下载完更新安装包后 安装过程中失败 应用无法更新,1,
10010000001306,更新软件时出现新软件与旧软件数字签名相同的错误,更新软件时出现新软件与旧软件数字签名相同的错误,,Other,other,other,wrong_value,other.other.wrong_value,N,High,1,雅思听力,雅思听力,10010000001306,other.other.wrong_value,更新软件时出现新软件与旧软件数字签名相同的错误,primary_clue,23,23,更新软件时出现新软件与旧软件数字签名相同的错误,1,
10010000001408,进入软件就有更新，但更新后无法安装,进入软件就有更新，但更新后无法安装,,Other,other,other,cannot_or_fail,other.other.cannot_or_fail,N,Medium,1,雅思听力,雅思听力,10010000001408,other.other.cannot_or_fail,进入软件就有更新，但更新后无法安装,primary_clue,17,16,进入软件就有更新 但更新后无法安装,1,
10010000000145,在网络正常情况下，注册登录操作过程中经常会出现加载时间较长的问题，有时甚至加载较长时间后提示“网络异常”,在网络正常情况下，注册登录操作过程中经常会出现加载时间较长的问题，有时甚至加载较长时间后提示“网络异常”,,Network/Loading,register,step,load_fail,register.step.load_fail,N,High,1,雅思听力,雅思听力,10010000000145,register.step.load_fail,在网络正常情况下，注册登录操作过程中经常会出现加载时间较长的问题，有时甚至加载较长时间后提示“网络异常”,primary_clue,52,48,在网络正常情况下 注册登录操作过程中经常会出现加载时间较长的问题 有时甚至加载较长时间后提示 网络异常,1,
10010000000324,点击清理垃圾，若重复点击清理垃圾按钮，会重复出现Toast提示，按几次按钮出现几次，可设置判断减少出现提示,点击清理垃圾，若重复点击清理垃圾按钮，会重复出现Toast提示，按几次按钮出现几次，可设置判断减少出现提示,,UI/Display,settings,button_icon,other,settings.button_icon.other,N,Medium,1,雅思听力,雅思听力,10010000000324,settings.button_icon.other,点击清理垃圾，若重复点击清理垃圾按钮，会重复出现Toast提示，按几次按钮出现几次，可设置判断减少出现提示,primary_clue,53,49,点击清理垃圾 若重复点击清理垃圾按钮 会重复出现toast提示 按几次按钮出现几次 可设置判断减少出现提示,1,
10010000000540,在2G或者3G网络上请求延迟比较大，建立连接速度慢。,在2G或者3G网络上请求延迟比较大，建立连接速度慢。,,Performance/Freeze,other,other,freeze,other.other.freeze,N,High,1,雅思听力,雅思听力,10010000000540,other.other.freeze,在2G或者3G网络上请求延迟比较大，建立连接速度慢。,primary_clue,26,24,在2g或者3g网络上请求延迟比较大 建立连接速度慢,1,
10010000001042,个人信息——学习设置打开时，数据刷新速度过慢为1.7秒以上,个人信息——学习设置打开时，数据刷新速度过慢为1.7秒以上,,Other,settings,page_view,other,settings.page_view.other,N,Medium,1,雅思听力,雅思听力,10010000001042,settings.page_view.other,个人信息——学习设置打开时，数据刷新速度过慢为1.7秒以上,primary_clue,29,25,个人信息 学习设置打开时 数据刷新速度过慢为1 7秒以上,1,
10010000001135,旅游咨询进行听力播放时，点击想要听的句子时，应用给予的反馈不实时。多次点击时，反应卡顿。,旅游咨询进行听力播放时，点击想要听的句子时，应用给予的反馈不实时。多次点击时，反应卡顿。,,Performance/Freeze,playback,audio,freeze,playback.audio.freeze,N,High,1,雅思听力,雅思听力,10010000001135,playback.audio.freeze,旅游咨询进行听力播放时，点击想要听的句子时，应用给予的反馈不实时。多次点击时，反应卡顿。,primary_clue,44,39,旅游咨询进行听力播放时 点击想要听的句子时 应用给予的反馈不实时 多次点击时 反应卡顿,1,
10010000001139,下载完听力资料后，点击一下没反应，须点击两次才可进入进行听力。听力已听的句数，并没有进行实时的反馈。,下载完听力资料后，点击一下没反应，须点击两次才可进入进行听力。听力已听的句数，并没有进行实时的反馈。,,Functional-Media,playback,audio,other,playback.audio.other,N,High,1,雅思听力,雅思听力,10010000001139,playback.audio.other,下载完听力资料后，点击一下没反应，须点击两次才可进入进行听力。听力已听的句数，并没有进行实时的反馈。,primary_clue,50,45,下载完听力资料后 点击一下没反应 须点击两次才可进入进行听力 听力已听的句数 并没有进行实时的反馈,1,
10010000001141,在进行听力练习时，调整进度条时并不能及时的给予用户一个反馈，有延迟。,在进行听力练习时，调整进度条时并不能及时的给予用户一个反馈，有延迟。,,Performance/Freeze,playback,slider,freeze,playback.slider.freeze,N,High,1,雅思听力,雅思听力,10010000001141,playback.slider.freeze,在进行听力练习时，调整进度条时并不能及时的给予用户一个反馈，有延迟。,primary_clue,34,31,在进行听力练习时 调整进度条时并不能及时的给予用户一个反馈 有延迟,1,
10010000001339,"ListView滑动栏加载卡顿,有顿挫感","ListView滑动栏加载卡顿,有顿挫感",,Performance/Freeze,other,other,freeze,other.other.freeze,N,High,1,雅思听力,雅思听力,10010000001339,other.other.freeze,"ListView滑动栏加载卡顿,有顿挫感",primary_clue,20,19,listview滑动栏加载卡顿 有顿挫感,1,
10010000004186,splash界面快速滑动会在第三个界面卡顿，并会跳过第四个界面,splash界面快速滑动会在第三个界面卡顿，并会跳过第四个界面,,Performance/Freeze,other,page_view,freeze,other.page_view.freeze,N,High,1,雅思听力,雅思听力,10010000004186,other.page_view.freeze,splash界面快速滑动会在第三个界面卡顿，并会跳过第四个界面,primary_clue,31,30,splash界面快速滑动会在第三个界面卡顿 并会跳过第四个界面,1,
10010000004774,用户注册界面，快速点击获取验证码，获取验证码按钮的背景会保持被按下的状态,用户注册界面，快速点击获取验证码，获取验证码按钮的背景会保持被按下的状态,,Functional-Account,register,button_icon,other,register.button_icon.other,N,High,1,雅思听力,雅思听力,10010000004774,register.button_icon.other,用户注册界面，快速点击获取验证码，获取验证码按钮的背景会保持被按下的状态,primary_clue,36,34,用户注册界面 快速点击获取验证码 获取验证码按钮的背景会保持被按下的状态,1,
10010000000303,漫听综合听力分类和雅思分类下午的首页轮播图布局出现问题,漫听综合听力分类和雅思分类下午的首页轮播图布局出现问题,,Functional-Media,playback,page_view,layout_issue,playback.page_view.layout_issue,N,High,1,雅思听力,雅思听力,10010000000303,playback.page_view.layout_issue,漫听综合听力分类和雅思分类下午的首页轮播图布局出现问题,primary_clue,27,27,漫听综合听力分类和雅思分类下午的首页轮播图布局出现问题,1,
10010000000561,考试地点栏目选项太偏下。布局不合理。,考试地点栏目选项太偏下。布局不合理。,,UI/Display,other,other,layout_issue,other.other.layout_issue,N,High,1,雅思听力,雅思听力,10010000000561,other.other.layout_issue,考试地点栏目选项太偏下。布局不合理。,primary_clue,18,16,考试地点栏目选项太偏下 布局不合理,1,
10010000000574,布局偏上，应当在屏幕中间。屏幕下方太空泛。,布局偏上，应当在屏幕中间。屏幕下方太空泛。,,UI/Display,other,other,layout_issue,other.other.layout_issue,N,High,1,雅思听力,雅思听力,10010000000574,other.other.layout_issue,布局偏上，应当在屏幕中间。屏幕下方太空泛。,primary_clue,21,18,布局偏上 应当在屏幕中间 屏幕下方太空泛,1,
10010000000667,个人信息修改的选项：拖动时字体全黑，只有不拖动时才只有中间的选项为黑,个人信息修改的选项：拖动时字体全黑，只有不拖动时才只有中间的选项为黑,,UI/Display,settings,slider,other,settings.slider.other,N,Medium,1,雅思听力,雅思听力,10010000000667,settings.slider.other,个人信息修改的选项：拖动时字体全黑，只有不拖动时才只有中间的选项为黑,primary_clue,34,32,个人信息修改的选项 拖动时字体全黑 只有不拖动时才只有中间的选项为黑,1,
10010000000816,赞 分享和收藏的bar与打赏的bar ，排版不是很好。打赏功能应放在上面,赞 分享和收藏的bar与打赏的bar ，排版不是很好。打赏功能应放在上面,,Functional-Share,share,share_panel,other,share.share_panel.other,N,High,1,雅思听力,雅思听力,10010000000816,share.share_panel.other,赞 分享和收藏的bar与打赏的bar ，排版不是很好。打赏功能应放在上面,primary_clue,36,32,赞 分享和收藏的bar与打赏的bar 排版不是很好 打赏功能应放在上面,1,
10010000001107,学习模块首部图片广告区域无法来回循环切换,学习模块首部图片广告区域无法来回循环切换,,UI/Display,other,page_view,cannot_or_fail,other.page_view.cannot_or_fail,N,Medium,1,雅思听力,雅思听力,10010000001107,other.page_view.cannot_or_fail,学习模块首部图片广告区域无法来回循环切换,primary_clue,20,20,学习模块首部图片广告区域无法来回循环切换,1,
10010000001134,页面排版残缺，整体视觉效果差。考试倒计时的位置设置不明显，且过于单调。TOP10 字体设置太小。,页面排版残缺，整体视觉效果差。考试倒计时的位置设置不明显，且过于单调。TOP10 字体设置太小。,,UI/Display,settings,page_view,other,settings.page_view.other,N,Medium,1,雅思听力,雅思听力,10010000001134,settings.page_view.other,页面排版残缺，整体视觉效果差。考试倒计时的位置设置不明显，且过于单调。TOP10 字体设置太小。,primary_clue,48,42,页面排版残缺 整体视觉效果差 考试倒计时的位置设置不明显 且过于单调 top10 字体设置太小,1,
10010000001137,一个单词的读音 ， 每个发音应该相应的读音。在相应的读音前。发音icon设置太小，用户体验不佳。,一个单词的读音 ， 每个发音应该相应的读音。在相应的读音前。发音icon设置太小，用户体验不佳。,,UI/Display,settings,page_view,other,settings.page_view.other,N,Medium,1,雅思听力,雅思听力,10010000001137,settings.page_view.other,一个单词的读音 ， 每个发音应该相应的读音。在相应的读音前。发音icon设置太小，用户体验不佳。,primary_clue,48,41,一个单词的读音 每个发音应该相应的读音 在相应的读音前 发音icon设置太小 用户体验不佳,1,
10010000001151,"我的页面布局太繁琐，记录学习的日期占用多半空间。
无法对具体的某天查看学习记录。",我的页面布局太繁琐，记录学习的日期占用多半空间。,无法对具体的某天查看学习记录。,UI/Display,other,page_view,layout_issue,other.page_view.layout_issue,Y,Medium,2,雅思听力,雅思听力,10010000001151,other.page_view.layout_issue,我的页面布局太繁琐，记录学习的日期占用多半空间。,primary_clue,24,22,我的页面布局太繁琐 记录学习的日期占用多半空间,1,
10010000001287,筛选对话框标签字体设置太小，颜色太浅。关闭及重置两个按钮不突出。,筛选对话框标签字体设置太小，颜色太浅。关闭及重置两个按钮不突出。,,UI/Display,settings,button_icon,other,settings.button_icon.other,N,Medium,1,雅思听力,雅思听力,10010000001287,settings.button_icon.other,筛选对话框标签字体设置太小，颜色太浅。关闭及重置两个按钮不突出。,primary_clue,32,29,筛选对话框标签字体设置太小 颜色太浅 关闭及重置两个按钮不突出,1,
10010000001304,意见反馈界面，当昵称过长时   界面布局分布异常,意见反馈界面，当昵称过长时 界面布局分布异常,,UI/Display,other,page_view,layout_issue,other.page_view.layout_issue,N,High,1,雅思听力,雅思听力,10010000001304,other.page_view.layout_issue,意见反馈界面，当昵称过长时 界面布局分布异常,primary_clue,22,20,意见反馈界面 当昵称过长时 界面布局分布异常,1,
10010000001413,进入主界面，上方的灰色部分看着很单调，没有展现该软件的特点。页面布局单调,进入主界面，上方的灰色部分看着很单调，没有展现该软件的特点。页面布局单调,,UI/Display,other,page_view,layout_issue,other.page_view.layout_issue,N,High,1,雅思听力,雅思听力,10010000001413,other.page_view.layout_issue,进入主界面，上方的灰色部分看着很单调，没有展现该软件的特点。页面布局单调,primary_clue,36,33,进入主界面 上方的灰色部分看着很单调 没有展现该软件的特点 页面布局单调,1,
10010000001421,在“我的”页面里，页面布局有缺陷，颜色为黑色，不好看。布局也比较单一。,在“我的”页面里，页面布局有缺陷，颜色为黑色，不好看。布局也比较单一。,,UI/Display,other,page_view,layout_issue,other.page_view.layout_issue,N,High,1,雅思听力,雅思听力,10010000001421,other.page_view.layout_issue,在“我的”页面里，页面布局有缺陷，颜色为黑色，不好看。布局也比较单一。,primary_clue,35,28,在 我的 页面里 页面布局有缺陷 颜色为黑色 不好看 布局也比较单一,1,
10010000001977,进入后广告跳过图标太小，点起来麻烦,进入后广告跳过图标太小，点起来麻烦,,UI/Display,other,button_icon,other,other.button_icon.other,N,Medium,1,雅思听力,雅思听力,10010000001977,other.button_icon.other,进入后广告跳过图标太小，点起来麻烦,primary_clue,17,16,进入后广告跳过图标太小 点起来麻烦,1,
10010000000197,用户输入手机号码不可以登录或者注册，直接阻碍用户体验功能。且不可以通过Qq等方式快速登录,用户输入手机号码不可以登录或者注册，直接阻碍用户体验功能。且不可以通过Qq等方式快速登录,,Functional-Account,register,other,cannot_or_fail,register.other.cannot_or_fail,N,High,1,雅思听力,雅思听力,10010000000197,register.other.cannot_or_fail,用户输入手机号码不可以登录或者注册，直接阻碍用户体验功能。且不可以通过Qq等方式快速登录,primary_clue,44,42,用户输入手机号码不可以登录或者注册 直接阻碍用户体验功能 且不可以通过qq等方式快速登录,1,
10010000000241,178开头的手机号无法注册，显示手机号不完整,178开头的手机号无法注册，显示手机号不完整,,Functional-Account,register,other,cannot_or_fail,register.other.cannot_or_fail,N,High,1,雅思听力,雅思听力,10010000000241,register.other.cannot_or_fail,178开头的手机号无法注册，显示手机号不完整,primary_clue,22,21,178开头的手机号无法注册 显示手机号不完整,1,
10010000000600,手机号码注册178开头的不能用，显示手机号码输入不完整，最新的手机号码没有更新,手机号码注册178开头的不能用，显示手机号码输入不完整，最新的手机号码没有更新,,Functional-Account,register,other,cannot_or_fail,register.other.cannot_or_fail,N,High,1,雅思听力,雅思听力,10010000000600,register.other.cannot_or_fail,手机号码注册178开头的不能用，显示手机号码输入不完整，最新的手机号码没有更新,primary_clue,39,37,手机号码注册178开头的不能用 显示手机号码输入不完整 最新的手机号码没有更新,1,
10010000000614,手机号位数未规定11位，始终显示不完整手机号，没有注册按钮。,手机号位数未规定11位，始终显示不完整手机号，没有注册按钮。,,Functional-Account,register,button_icon,other,register.button_icon.other,N,High,1,雅思听力,雅思听力,10010000000614,register.button_icon.other,手机号位数未规定11位，始终显示不完整手机号，没有注册按钮。,primary_clue,30,27,手机号位数未规定11位 始终显示不完整手机号 没有注册按钮,1,
10010000000702,在重置密码时，新密码的长度限制提醒不够准确，无法让用户得到最短密码长度。,在重置密码时，新密码的长度限制提醒不够准确，无法让用户得到最短密码长度。,,Functional-Account,notification,other,cannot_or_fail,notification.other.cannot_or_fail,N,High,1,雅思听力,雅思听力,10010000000702,notification.other.cannot_or_fail,在重置密码时，新密码的长度限制提醒不够准确，无法让用户得到最短密码长度。,primary_clue,36,33,在重置密码时 新密码的长度限制提醒不够准确 无法让用户得到最短密码长度,1,
10010000000834,注册登录界面忘记密码选项 在没有注册的情况的下也能使用 收到修改密码的验证码,注册登录界面忘记密码选项 在没有注册的情况的下也能使用 收到修改密码的验证码,,Functional-Account,register,page_view,other,register.page_view.other,N,High,1,雅思听力,雅思听力,10010000000834,register.page_view.other,注册登录界面忘记密码选项 在没有注册的情况的下也能使用 收到修改密码的验证码,primary_clue,38,36,注册登录界面忘记密码选项 在没有注册的情况的下也能使用 收到修改密码的验证码,1,
10010000000835,注册登录时在收验证码时退出界面  再注册时验证码不可用,注册登录时在收验证码时退出界面 再注册时验证码不可用,,Functional-Account,register,page_view,other,register.page_view.other,N,High,1,雅思听力,雅思听力,10010000000835,register.page_view.other,注册登录时在收验证码时退出界面 再注册时验证码不可用,primary_clue,26,25,注册登录时在收验证码时退出界面 再注册时验证码不可用,1,
10010000001002,忘记密码提示框未对手机号码输入框长度做出正确限制,忘记密码提示框未对手机号码输入框长度做出正确限制,,Functional-Account,other,input_box,other,other.input_box.other,N,High,1,雅思听力,雅思听力,10010000001002,other.input_box.other,忘记密码提示框未对手机号码输入框长度做出正确限制,primary_clue,24,24,忘记密码提示框未对手机号码输入框长度做出正确限制,1,
10010000001005,当手机号码输入框输13位数字时，输入错误的提示指向不明,当手机号码输入框输13位数字时，输入错误的提示指向不明,,Input/Validation,other,input_box,wrong_value,other.input_box.wrong_value,N,High,1,雅思听力,雅思听力,10010000001005,other.input_box.wrong_value,当手机号码输入框输13位数字时，输入错误的提示指向不明,primary_clue,27,26,当手机号码输入框输13位数字时 输入错误的提示指向不明,1,
10010000001008,当手机号码输入框输13位数字时，做出的错误提示不能正确指导用户,当手机号码输入框输13位数字时，做出的错误提示不能正确指导用户,,Input/Validation,other,input_box,wrong_value,other.input_box.wrong_value,N,High,1,雅思听力,雅思听力,10010000001008,other.input_box.wrong_value,当手机号码输入框输13位数字时，做出的错误提示不能正确指导用户,primary_clue,31,30,当手机号码输入框输13位数字时 做出的错误提示不能正确指导用户,1,
10010000001009,手机注册页面输入框未对手机号码输入框做出长度限制,手机注册页面输入框未对手机号码输入框做出长度限制,,Functional-Account,register,input_box,other,register.input_box.other,N,High,1,雅思听力,雅思听力,10010000001009,register.input_box.other,手机注册页面输入框未对手机号码输入框做出长度限制,primary_clue,24,24,手机注册页面输入框未对手机号码输入框做出长度限制,1,
10010000001011,手机注册页面未对手机号码输入框做出长度限制,手机注册页面未对手机号码输入框做出长度限制,,Functional-Account,register,input_box,other,register.input_box.other,N,High,1,雅思听力,雅思听力,10010000001011,register.input_box.other,手机注册页面未对手机号码输入框做出长度限制,primary_clue,21,21,手机注册页面未对手机号码输入框做出长度限制,1,
10010000001012,忘记密码输入框的长度未作出正确限制,忘记密码输入框的长度未作出正确限制,,Functional-Account,other,input_box,other,other.input_box.other,N,High,1,雅思听力,雅思听力,10010000001012,other.input_box.other,忘记密码输入框的长度未作出正确限制,primary_clue,17,17,忘记密码输入框的长度未作出正确限制,1,
10010000001027,短信登陆验证码文本输入框对输入类型未限制,短信登陆验证码文本输入框对输入类型未限制,,Functional-Account,other,input_box,other,other.input_box.other,N,High,1,雅思听力,雅思听力,10010000001027,other.input_box.other,短信登陆验证码文本输入框对输入类型未限制,primary_clue,20,20,短信登陆验证码文本输入框对输入类型未限制,1,
10010000001028,短信登陆验证码文本输入框对输入长度未做限制,短信登陆验证码文本输入框对输入长度未做限制,,Functional-Account,other,input_box,other,other.input_box.other,N,High,1,雅思听力,雅思听力,10010000001028,other.input_box.other,短信登陆验证码文本输入框对输入长度未做限制,primary_clue,21,21,短信登陆验证码文本输入框对输入长度未做限制,1,
10010000001038,个人信息——修改手机号码——手机号输入框未对长度做出限制,个人信息——修改手机号码——手机号输入框未对长度做出限制,,Input/Validation,other,input_box,other,other.input_box.other,N,High,1,雅思听力,雅思听力,10010000001038,other.input_box.other,个人信息——修改手机号码——手机号输入框未对长度做出限制,primary_clue,28,24,个人信息 修改手机号码 手机号输入框未对长度做出限制,1,
10010000001345,"1用户进行注册时，输入11位手机号码，若用户随意输入完整的11位数字，此时提示的是请输入完整的手机号码，而不是请输入正确的手机号码，提示应进行修改。
2.若用户点击输入的地方，最好有个叉号让用户可以直接删除，不必自己一位一位点击删除。",1用户进行注册时，输入11位手机号码，若用户随意输入完整的11位数字，此时提示的是请输入完整的手机号码，而不是请输入正确的手机号码，提…,若用户点击输入的地方，最好有个叉号让用户可以直接删除，不必自己一位一位点击删除。,Functional-Account,register,other,other,register.other.other,Y,Medium,2,雅思听力,雅思听力,10010000001345,register.other.other,1用户进行注册时，输入11位手机号码，若用户随意输入完整的11位数字，此时提示的是请输入完整的手机号码，而不是请输入正确的手机号码，提…,primary_clue,68,62,1用户进行注册时 输入11位手机号码 若用户随意输入完整的11位数字 此时提示的是请输入完整的手机号码 而不是请输入正确的手机号码 提,1,
10010000001359,"1.用户进行注册时，提示输入11位手机号码，若用户随意输入完整的11位数字，此时提示的是请输入完整的手机号码，而不是请输入正确的手机号码，为了有较好的用户体验，提示应该进行修改。
2.若用户点击输入的地方，最好有个叉号功能是可以直接删除所有内容，不比用户自己一位一位点击删除。",用户进行注册时，提示输入11位手机号码，若用户随意输入完整的11位数字，此时提示的是请输入完整的手机号码，而不是请输入正确的手机号码，…,若用户点击输入的地方，最好有个叉号功能是可以直接删除所有内容，不比用户自己一位一位点击删除。,Functional-Account,register,other,other,register.other.other,Y,Medium,2,雅思听力,雅思听力,10010000001359,register.other.other,用户进行注册时，提示输入11位手机号码，若用户随意输入完整的11位数字，此时提示的是请输入完整的手机号码，而不是请输入正确的手机号码，…,primary_clue,68,62,用户进行注册时 提示输入11位手机号码 若用户随意输入完整的11位数字 此时提示的是请输入完整的手机号码 而不是请输入正确的手机号码,1,
10010000001550,注册时输入特殊字符时提示信息有误,注册时输入特殊字符时提示信息有误,,Functional-Account,register,other,other,register.other.other,N,High,1,雅思听力,雅思听力,10010000001550,register.other.other,注册时输入特殊字符时提示信息有误,primary_clue,16,16,注册时输入特殊字符时提示信息有误,1,
10010000001590,输入正确的手机号码却不能进行下一步，提示输入验证手机号,输入正确的手机号码却不能进行下一步，提示输入验证手机号,,Other,other,other,cannot_or_fail,other.other.cannot_or_fail,N,Medium,1,雅思听力,雅思听力,10010000001590,other.other.cannot_or_fail,输入正确的手机号码却不能进行下一步，提示输入验证手机号,primary_clue,27,26,输入正确的手机号码却不能进行下一步 提示输入验证手机号,1,
10010000001867,登录时输入正确的手机号17750507709提示请输入完整的手机号,登录时输入正确的手机号17750507709提示请输入完整的手机号,,Functional-Account,login,other,other,login.other.other,N,High,1,雅思听力,雅思听力,10010000001867,login.other.other,登录时输入正确的手机号17750507709提示请输入完整的手机号,primary_clue,33,33,登录时输入正确的手机号17750507709提示请输入完整的手机号,1,
10010000001882,输入过长手机号，提示信息错误，应为“您输入的号码过长，请输入正确的手机号”,输入过长手机号，提示信息错误，应为“您输入的号码过长，请输入正确的手机号”,,Other,other,other,wrong_value,other.other.wrong_value,N,High,1,雅思听力,雅思听力,10010000001882,other.other.wrong_value,输入过长手机号，提示信息错误，应为“您输入的号码过长，请输入正确的手机号”,primary_clue,37,32,输入过长手机号 提示信息错误 应为 您输入的号码过长 请输入正确的手机号,1,
10010000007583,手机号注册，输入正确的手机号。显示手机号不完整。不支持第三方登录,手机号注册，输入正确的手机号。显示手机号不完整。不支持第三方登录,,Functional-Account,register,other,other,register.other.other,N,High,1,雅思听力,雅思听力,10010000007583,register.other.other,手机号注册，输入正确的手机号。显示手机号不完整。不支持第三方登录,primary_clue,32,29,手机号注册 输入正确的手机号 显示手机号不完整 不支持第三方登录,1,
10010000000736,在练习模块中，进行筛选时，不能够根据筛选条件，给出正确的列表信息,在练习模块中，进行筛选时，不能够根据筛选条件，给出正确的列表信息,,Other,other,page_view,cannot_or_fail,other.page_view.cannot_or_fail,N,Medium,1,雅思听力,雅思听力,10010000000736,other.page_view.cannot_or_fail,在练习模块中，进行筛选时，不能够根据筛选条件，给出正确的列表信息,primary_clue,32,29,在练习模块中 进行筛选时 不能够根据筛选条件 给出正确的列表信息,1,
10010000001069,练习中的筛选功能没能正确实现排序,练习中的筛选功能没能正确实现排序,,Other,sort,other,other,sort.other.other,N,Medium,1,雅思听力,雅思听力,10010000001069,sort.other.other,练习中的筛选功能没能正确实现排序,primary_clue,16,16,练习中的筛选功能没能正确实现排序,1,
10010000001086,当用户点击筛选按钮时，单次筛选按钮未作上限，和全部按钮形成冲突,当用户点击筛选按钮时，单次筛选按钮未作上限，和全部按钮形成冲突,,UI/Display,other,button_icon,other,other.button_icon.other,N,Medium,1,雅思听力,雅思听力,10010000001086,other.button_icon.other,当用户点击筛选按钮时，单次筛选按钮未作上限，和全部按钮形成冲突,primary_clue,31,29,当用户点击筛选按钮时 单次筛选按钮未作上限 和全部按钮形成冲突,1,
10010000001090,筛选状态下，学术筛选结果显示错误（状态为筛选前状态，筛选结果不生效），本人初步判断学术条件下未成功调用筛选方法,筛选状态下，学术筛选结果显示错误（状态为筛选前状态，筛选结果不生效），本人初步判断学术条件下未成功调用筛选方法,,Other,other,other,wrong_value,other.other.wrong_value,N,High,1,雅思听力,雅思听力,10010000001090,other.other.wrong_value,筛选状态下，学术筛选结果显示错误（状态为筛选前状态，筛选结果不生效），本人初步判断学术条件下未成功调用筛选方法,primary_clue,55,50,筛选状态下 学术筛选结果显示错误 状态为筛选前状态 筛选结果不生效 本人初步判断学术条件下未成功调用筛选方法,1,
10010000001840,长按二维码没有反应，图二按日期右边的链接无反应。没有与微信公众号很好的链接,长按二维码没有反应，图二按日期右边的链接无反应。没有与微信公众号很好的链接,,Functional-Share,share,share_panel,cannot_or_fail,share.share_panel.cannot_or_fail,N,High,1,雅思听力,雅思听力,10010000001840,share.share_panel.cannot_or_fail,长按二维码没有反应，图二按日期右边的链接无反应。没有与微信公众号很好的链接,primary_clue,37,35,长按二维码没有反应 图二按日期右边的链接无反应 没有与微信公众号很好的链接,1,
10010000000158,搜索查询功能有延迟，输入关键字后无查询结果，删除文本框内文字后才出现查询结果,搜索查询功能有延迟，输入关键字后无查询结果，删除文本框内文字后才出现查询结果,,Performance/Freeze,search,input_box,freeze,search.input_box.freeze,N,High,1,雅思听力,雅思听力,10010000000158,search.input_box.freeze,搜索查询功能有延迟，输入关键字后无查询结果，删除文本框内文字后才出现查询结果,primary_clue,38,36,搜索查询功能有延迟 输入关键字后无查询结果 删除文本框内文字后才出现查询结果,1,
10010000000517,测试时随便填好，然后点击完成，出现提交界面，但点了提交后无反应,测试时随便填好，然后点击完成，出现提交界面，但点了提交后无反应,,UI/Display,other,page_view,cannot_or_fail,other.page_view.cannot_or_fail,N,Medium,1,雅思听力,雅思听力,10010000000517,other.page_view.cannot_or_fail,测试时随便填好，然后点击完成，出现提交界面，但点了提交后无反应,primary_clue,31,28,测试时随便填好 然后点击完成 出现提交界面 但点了提交后无反应,1,
10010000000739,"在学习模块中，输入搜索内容2016,查看结果，点击更多，列表信息条数不一致。","在学习模块中，输入搜索内容2016,查看结果，点击更多，列表信息条数不一致。",,Functional-Search,search,page_view,other,search.page_view.other,N,High,1,雅思听力,雅思听力,10010000000739,search.page_view.other,"在学习模块中，输入搜索内容2016,查看结果，点击更多，列表信息条数不一致。",primary_clue,38,33,在学习模块中 输入搜索内容2016 查看结果 点击更多 列表信息条数不一致,1,
10010000001805,在选择日期时候，可以先调整本地手机的时间，app应该采用了本地手机的时间，然后计算结果就错误了。,在选择日期时候，可以先调整本地手机的时间，app应该采用了本地手机的时间，然后计算结果就错误了。,,Other,other,step,wrong_value,other.step.wrong_value,N,High,1,雅思听力,雅思听力,10010000001805,other.step.wrong_value,在选择日期时候，可以先调整本地手机的时间，app应该采用了本地手机的时间，然后计算结果就错误了。,primary_clue,48,44,在选择日期时候 可以先调整本地手机的时间 app应该采用了本地手机的时间 然后计算结果就错误了,1,
10010000000131,"【测试步骤】
1、进入用户注册页面后，点击“验证码”获取验证码
2、设置密码
3、点击“下一步”进行注册

【预期结果】
注册成功后提示“注册成功”，并跳转至登录页面

【实际结果】
提示“注册成功”，未跳转至登录页面",进入用户注册页面后，点击“验证码”获取验证码,设置密码 || 点击“下一步”进行注册 || 注册成功后提示“注册成功”，并跳转至登录页面 || 提示“注册成功”，未跳转至登录页面,Functional-Account,register,page_view,other,register.page_view.other,Y,Medium,5,雅思听力,雅思听力,10010000000131,register.page_view.other,进入用户注册页面后，点击“验证码”获取验证码,primary_clue,22,19,进入用户注册页面后 点击 验证码 获取验证码,1,
10010000000325,版本更新提示点击取消时会处在一直加载的进度圈，点击屏幕后才会消失并进入当前版本应用,版本更新提示点击取消时会处在一直加载的进度圈，点击屏幕后才会消失并进入当前版本应用,,Network/Loading,other,other,load_fail,other.other.load_fail,N,High,1,雅思听力,雅思听力,10010000000325,other.other.load_fail,版本更新提示点击取消时会处在一直加载的进度圈，点击屏幕后才会消失并进入当前版本应用,primary_clue,41,40,版本更新提示点击取消时会处在一直加载的进度圈 点击屏幕后才会消失并进入当前版本应用,1,
10010000000392,登录进入app，关闭更新提示后，一直处于刷新状态,登录进入app，关闭更新提示后，一直处于刷新状态,,Functional-Account,login,other,other,login.other.other,N,High,1,雅思听力,雅思听力,10010000000392,login.other.other,登录进入app，关闭更新提示后，一直处于刷新状态,primary_clue,24,22,登录进入app 关闭更新提示后 一直处于刷新状态,1,
10010000000584,用户登录后页面显示提示更新信息，更新后还一直显示，体验性很不好！,用户登录后页面显示提示更新信息，更新后还一直显示，体验性很不好！,,Functional-Account,login,page_view,other,login.page_view.other,N,High,1,雅思听力,雅思听力,10010000000584,login.page_view.other,用户登录后页面显示提示更新信息，更新后还一直显示，体验性很不好！,primary_clue,32,29,用户登录后页面显示提示更新信息 更新后还一直显示 体验性很不好,1,
10010000000618,取消更新后下次打开应用点击更新会出现未知错误,取消更新后下次打开应用点击更新会出现未知错误,,Other,other,other,wrong_value,other.other.wrong_value,N,High,1,雅思听力,雅思听力,10010000000618,other.other.wrong_value,取消更新后下次打开应用点击更新会出现未知错误,primary_clue,22,22,取消更新后下次打开应用点击更新会出现未知错误,1,
10010000000719,在手机点击漫听进入app时，提示是否更新新版本，关闭该提醒时，会造成关闭异常。,在手机点击漫听进入app时，提示是否更新新版本，关闭该提醒时，会造成关闭异常。,,Other,notification,other,other,notification.other.other,N,Medium,1,雅思听力,雅思听力,10010000000719,notification.other.other,在手机点击漫听进入app时，提示是否更新新版本，关闭该提醒时，会造成关闭异常。,primary_clue,39,35,在手机点击漫听进入app时 提示是否更新新版本 关闭该提醒时 会造成关闭异常,1,
10010000000877,登录进入应用后，应用一直处于刷新状态,登录进入应用后，应用一直处于刷新状态,,Functional-Account,login,other,other,login.other.other,N,High,1,雅思听力,雅思听力,10010000000877,login.other.other,登录进入应用后，应用一直处于刷新状态,primary_clue,18,17,登录进入应用后 应用一直处于刷新状态,1,
10010000001288,退出应用时，没有友好提示。而是直接退出。每次打开应用时，都有更新提示。,退出应用时，没有友好提示。而是直接退出。每次打开应用时，都有更新提示。,,Crash,other,other,crash,other.other.crash,N,High,1,雅思听力,雅思听力,10010000001288,other.other.crash,退出应用时，没有友好提示。而是直接退出。每次打开应用时，都有更新提示。,primary_clue,35,30,退出应用时 没有友好提示 而是直接退出 每次打开应用时 都有更新提示,1,
10010000001690,点进去之后提示更新，点击关闭一直在等待。需手工按返回键才可以继续使用,点进去之后提示更新，点击关闭一直在等待。需手工按返回键才可以继续使用,,Other,other,button_icon,other,other.button_icon.other,N,Medium,1,雅思听力,雅思听力,10010000001690,other.button_icon.other,点进去之后提示更新，点击关闭一直在等待。需手工按返回键才可以继续使用,primary_clue,34,32,点进去之后提示更新 点击关闭一直在等待 需手工按返回键才可以继续使用,1,
10010000000074, 点击列表，没有反应，没有提示，没有缓存，直接出现下载，且需再次点击才能播放。,点击列表，没有反应，没有提示，没有缓存，直接出现下载，且需再次点击才能播放。,,Functional-Media,playback,list_item,no_prompt,playback.list_item.no_prompt,N,High,1,雅思听力,雅思听力,10010000000074,playback.list_item.no_prompt,点击列表，没有反应，没有提示，没有缓存，直接出现下载，且需再次点击才能播放。,primary_clue,38,32,点击列表 没有反应 没有提示 没有缓存 直接出现下载 且需再次点击才能播放,1,
10010000000163,其他用户主页学分右边的剪头点击无反应,其他用户主页学分右边的剪头点击无反应,,Other,other,other,cannot_or_fail,other.other.cannot_or_fail,N,Medium,1,雅思听力,雅思听力,10010000000163,other.other.cannot_or_fail,其他用户主页学分右边的剪头点击无反应,primary_clue,18,18,其他用户主页学分右边的剪头点击无反应,1,
10010000000523,"做听力测试时,会出现无法显示网页的情况","做听力测试时,会出现无法显示网页的情况",,Functional-Media,playback,audio,cannot_or_fail,playback.audio.cannot_or_fail,N,High,1,雅思听力,雅思听力,10010000000523,playback.audio.cannot_or_fail,"做听力测试时,会出现无法显示网页的情况",primary_clue,19,18,做听力测试时 会出现无法显示网页的情况,1,
10010000000538,在wifi环境下，页面图片无法显示,在wifi环境下，页面图片无法显示,,UI/Display,other,page_view,cannot_or_fail,other.page_view.cannot_or_fail,N,Medium,1,雅思听力,雅思听力,10010000000538,other.page_view.cannot_or_fail,在wifi环境下，页面图片无法显示,primary_clue,17,16,在wifi环境下 页面图片无法显示,1,
10010000001957,个人中心的下方，历史试听记录的图片加载不出来,个人中心的下方，历史试听记录的图片加载不出来,,Network/Loading,other,page_view,load_fail,other.page_view.load_fail,N,High,1,雅思听力,雅思听力,10010000001957,other.page_view.load_fail,个人中心的下方，历史试听记录的图片加载不出来,primary_clue,22,21,个人中心的下方 历史试听记录的图片加载不出来,1,
10010000001981,当点击练习功能时，右上角的选项中，有三个选择：“关闭”、“筛选”、“重置”，当点击：“关闭”、“重置”时，页面都会有反应，但是当点击“筛选”时，页面无响应,当点击练习功能时，右上角的选项中，有三个选择：“关闭”、“筛选”、“重置”，当点击：“关闭”、“重置”时，页面都会有反应，但是当点击“…,,Performance/Freeze,other,page_view,freeze,other.page_view.freeze,N,High,1,雅思听力,雅思听力,10010000001981,other.page_view.freeze,当点击练习功能时，右上角的选项中，有三个选择：“关闭”、“筛选”、“重置”，当点击：“关闭”、“重置”时，页面都会有反应，但是当点击“…,primary_clue,68,46,当点击练习功能时 右上角的选项中 有三个选择 关闭 筛选 重置 当点击 关闭 重置 时 页面都会有反应 但是当点击,1,
10010000002011,学习模块中的视频播放，若播放中中途使用其他应用如微信，回来后不能继续刚刚的进度播放。,学习模块中的视频播放，若播放中中途使用其他应用如微信，回来后不能继续刚刚的进度播放。,,Functional-Media,playback,page_view,cannot_or_fail,playback.page_view.cannot_or_fail,N,High,1,雅思听力,雅思听力,10010000002011,playback.page_view.cannot_or_fail,学习模块中的视频播放，若播放中中途使用其他应用如微信，回来后不能继续刚刚的进度播放。,primary_clue,42,39,学习模块中的视频播放 若播放中中途使用其他应用如微信 回来后不能继续刚刚的进度播放,1,
10010000002021,点击练习按钮之后，页面右上角的按钮会提供“关闭”、“筛选”、“重置”三个选项，点击“关闭”、“重置”时页面都会响应，但是点击“筛选”时页面无反应,点击练习按钮之后，页面右上角的按钮会提供“关闭”、“筛选”、“重置”三个选项，点击“关闭”、“重置”时页面都会响应，但是点击“筛选”时…,,UI/Display,other,button_icon,cannot_or_fail,other.button_icon.cannot_or_fail,N,Medium,1,雅思听力,雅思听力,10010000002021,other.button_icon.cannot_or_fail,点击练习按钮之后，页面右上角的按钮会提供“关闭”、“筛选”、“重置”三个选项，点击“关闭”、“重置”时页面都会响应，但是点击“筛选”时…,primary_clue,68,49,点击练习按钮之后 页面右上角的按钮会提供 关闭 筛选 重置 三个选项 点击 关闭 重置 时页面都会响应 但是点击 筛选 时,1,
10010000001114,课程评论区留言功能语音功能当用户退出当前页面留言语音未自动停止,课程评论区留言功能语音功能当用户退出当前页面留言语音未自动停止,,Functional-Media,playback,page_view,other,playback.page_view.other,N,High,1,雅思听力,雅思听力,10010000001114,playback.page_view.other,课程评论区留言功能语音功能当用户退出当前页面留言语音未自动停止,primary_clue,31,31,课程评论区留言功能语音功能当用户退出当前页面留言语音未自动停止,1,
10010000001970,对于想要记录下来的不认识的单词，或一小段文章、资料的感想，没有一个类似于笔记的功能进行记录,对于想要记录下来的不认识的单词，或一小段文章、资料的感想，没有一个类似于笔记的功能进行记录,,Other,other,list_item,other,other.list_item.other,N,Medium,1,雅思听力,雅思听力,10010000001970,other.list_item.other,对于想要记录下来的不认识的单词，或一小段文章、资料的感想，没有一个类似于笔记的功能进行记录,primary_clue,45,42,对于想要记录下来的不认识的单词 或一小段文章 资料的感想 没有一个类似于笔记的功能进行记录,1,
10010000000814,每点击进入阅读一篇文章或者是观看视频，阅读次数 记录没有+1。,每点击进入阅读一篇文章或者是观看视频，阅读次数 记录没有+1。,,Functional-Media,playback,list_item,other,playback.list_item.other,N,High,1,雅思听力,雅思听力,10010000000814,playback.list_item.other,每点击进入阅读一篇文章或者是观看视频，阅读次数 记录没有+1。,primary_clue,31,27,每点击进入阅读一篇文章或者是观看视频 阅读次数 记录没有 1,1,
10010000001043,个人信息——我的收藏为0，清空按钮仍然可以点击,个人信息——我的收藏为0，清空按钮仍然可以点击,,UI/Display,other,button_icon,other,other.button_icon.other,N,Medium,1,雅思听力,雅思听力,10010000001043,other.button_icon.other,个人信息——我的收藏为0，清空按钮仍然可以点击,primary_clue,23,20,个人信息 我的收藏为0 清空按钮仍然可以点击,1,
10010000001044,个人信息——我的报告为0，清空按钮仍然可以点击,个人信息——我的报告为0，清空按钮仍然可以点击,,UI/Display,other,button_icon,other,other.button_icon.other,N,Medium,1,雅思听力,雅思听力,10010000001044,other.button_icon.other,个人信息——我的报告为0，清空按钮仍然可以点击,primary_clue,23,20,个人信息 我的报告为0 清空按钮仍然可以点击,1,
10010000001110,资料、微课、机经课程未按播放次数排序输出,资料、微课、机经课程未按播放次数排序输出,,Functional-Media,playback,list_item,other,playback.list_item.other,N,High,1,雅思听力,雅思听力,10010000001110,playback.list_item.other,资料、微课、机经课程未按播放次数排序输出,primary_clue,20,18,资料 微课 机经课程未按播放次数排序输出,1,
10010000001112,课程评论区域，最新评论应该置顶显示，输出排序为最新评论置底显示,课程评论区域，最新评论应该置顶显示，输出排序为最新评论置底显示,,Other,course,list_item,other,course.list_item.other,N,Medium,1,雅思听力,雅思听力,10010000001112,course.list_item.other,课程评论区域，最新评论应该置顶显示，输出排序为最新评论置底显示,primary_clue,31,29,课程评论区域 最新评论应该置顶显示 输出排序为最新评论置底显示,1,
10010000000070,学习设置只能设置雅思考试的目标，不能因选择托福或综合英语而改变目标。,学习设置只能设置雅思考试的目标，不能因选择托福或综合英语而改变目标。,,Other,settings,page_view,cannot_or_fail,settings.page_view.cannot_or_fail,N,Medium,1,雅思听力,雅思听力,10010000000070,settings.page_view.cannot_or_fail,学习设置只能设置雅思考试的目标，不能因选择托福或综合英语而改变目标。,primary_clue,34,32,学习设置只能设置雅思考试的目标 不能因选择托福或综合英语而改变目标,1,
10010000000075,听力时默写模式下显示全文而全文模式不显示文字，可能为两个模式互换了,听力时默写模式下显示全文而全文模式不显示文字，可能为两个模式互换了,,Functional-Media,playback,audio,display_missing,playback.audio.display_missing,N,High,1,雅思听力,雅思听力,10010000000075,playback.audio.display_missing,听力时默写模式下显示全文而全文模式不显示文字，可能为两个模式互换了,primary_clue,33,32,听力时默写模式下显示全文而全文模式不显示文字 可能为两个模式互换了,1,
10010000000192,进入注册页面，光标停留在重复密码上,进入注册页面，光标停留在重复密码上,,Functional-Account,register,page_view,other,register.page_view.other,N,High,1,雅思听力,雅思听力,10010000000192,register.page_view.other,进入注册页面，光标停留在重复密码上,primary_clue,17,16,进入注册页面 光标停留在重复密码上,1,
10010000000274,句库中选择某个句子，点击右下角对号图标，句子直接被删除。点击句子后应变为删除图标，且删除前应有对话框确认,句库中选择某个句子，点击右下角对号图标，句子直接被删除。点击句子后应变为删除图标，且删除前应有对话框确认,,UI/Display,other,button_icon,other,other.button_icon.other,N,Medium,1,雅思听力,雅思听力,10010000000274,other.button_icon.other,句库中选择某个句子，点击右下角对号图标，句子直接被删除。点击句子后应变为删除图标，且删除前应有对话框确认,primary_clue,52,48,句库中选择某个句子 点击右下角对号图标 句子直接被删除 点击句子后应变为删除图标 且删除前应有对话框确认,1,
10010000000344,"登录时忘记密码，重新设置密码时光标出现在""重复密码""一栏，而不是""密码""一栏。","登录时忘记密码，重新设置密码时光标出现在""重复密码""一栏，而不是""密码""一栏。",,Functional-Account,login,page_view,other,login.page_view.other,N,High,1,雅思听力,雅思听力,10010000000344,login.page_view.other,"登录时忘记密码，重新设置密码时光标出现在""重复密码""一栏，而不是""密码""一栏。",primary_clue,39,32,登录时忘记密码 重新设置密码时光标出现在 重复密码 一栏 而不是 密码 一栏,1,
10010000000439,控制用户一秒之内，多次点击按钮，连续弹出toast,控制用户一秒之内，多次点击按钮，连续弹出toast,,UI/Display,other,button_icon,other,other.button_icon.other,N,Medium,1,雅思听力,雅思听力,10010000000439,other.button_icon.other,控制用户一秒之内，多次点击按钮，连续弹出toast,primary_clue,25,23,控制用户一秒之内 多次点击按钮 连续弹出toast,1,
10010000000564,打开播放源后起始时间与终止时间有误。起始时间是30.00,打开播放源后起始时间与终止时间有误。起始时间是30.00,,Functional-Media,playback,step,other,playback.step.other,N,High,1,雅思听力,雅思听力,10010000000564,playback.step.other,打开播放源后起始时间与终止时间有误。起始时间是30.00,primary_clue,28,26,打开播放源后起始时间与终止时间有误 起始时间是30 00,1,
10010000000573,只有单独的英语界面或者单独的汉语界面，应该加一个页面一句英语一句汉语翻译并且已读过的跟正在读的的不容易区分，正在播放句子的应该颜色应该有别与其他（应当是深色）,只有单独的英语界面或者单独的汉语界面，应该加一个页面一句英语一句汉语翻译并且已读过的跟正在读的的不容易区分，正在播放句子的应该颜色应该…,,Functional-Media,playback,page_view,other,playback.page_view.other,N,High,1,雅思听力,雅思听力,10010000000573,playback.page_view.other,只有单独的英语界面或者单独的汉语界面，应该加一个页面一句英语一句汉语翻译并且已读过的跟正在读的的不容易区分，正在播放句子的应该颜色应该…,primary_clue,68,65,只有单独的英语界面或者单独的汉语界面 应该加一个页面一句英语一句汉语翻译并且已读过的跟正在读的的不容易区分 正在播放句子的应该颜色应该,1,
10010000000817,评论区 用户回复的bar与用户评论的bar占用相同大小的空间，排版差。用户在对文章或视频做出评论后 ，没有进行一个反馈动作。,评论区 用户回复的bar与用户评论的bar占用相同大小的空间，排版差。用户在对文章或视频做出评论后 ，没有进行一个反馈动作。,,Functional-Media,playback,list_item,other,playback.list_item.other,N,High,1,雅思听力,雅思听力,10010000000817,playback.list_item.other,评论区 用户回复的bar与用户评论的bar占用相同大小的空间，排版差。用户在对文章或视频做出评论后 ，没有进行一个反馈动作。,primary_clue,62,56,评论区 用户回复的bar与用户评论的bar占用相同大小的空间 排版差 用户在对文章或视频做出评论后 没有进行一个反馈动作,1,
10010000001056,在“全真模考”公里模块中，拉动进度条，会有声音出现，用户体验差,在“全真模考”公里模块中，拉动进度条，会有声音出现，用户体验差,,Functional-Media,playback,slider,other,playback.slider.other,N,High,1,雅思听力,雅思听力,10010000001056,playback.slider.other,在“全真模考”公里模块中，拉动进度条，会有声音出现，用户体验差,primary_clue,31,26,在 全真模考 公里模块中 拉动进度条 会有声音出现 用户体验差,1,
10010000001057,在“精听”功能模块中的“官方指南”、“剑桥听力”，”全真模拟”功能中，拉动进度条，会有声音出现，用户体验差,在“精听”功能模块中的“官方指南”、“剑桥听力”，”全真模拟”功能中，拉动进度条，会有声音出现，用户体验差,,Functional-Media,playback,slider,other,playback.slider.other,N,High,1,雅思听力,雅思听力,10010000001057,playback.slider.other,在“精听”功能模块中的“官方指南”、“剑桥听力”，”全真模拟”功能中，拉动进度条，会有声音出现，用户体验差,primary_clue,53,40,在 精听 功能模块中的 官方指南 剑桥听力 全真模拟 功能中 拉动进度条 会有声音出现 用户体验差,1,
10010000001059,在“学习”模块中，不能copy资料内容，用户体验差,在“学习”模块中，不能copy资料内容，用户体验差,,UI/Display,other,page_view,cannot_or_fail,other.page_view.cannot_or_fail,N,Medium,1,雅思听力,雅思听力,10010000001059,other.page_view.cannot_or_fail,在“学习”模块中，不能copy资料内容，用户体验差,primary_clue,25,21,在 学习 模块中 不能copy资料内容 用户体验差,1,
10010000001064,进行学习设置的时候，提示时只出现一个提示栏，应该设置为铃声或者对话框形式,进行学习设置的时候，提示时只出现一个提示栏，应该设置为铃声或者对话框形式,,Other,settings,page_view,other,settings.page_view.other,N,Medium,1,雅思听力,雅思听力,10010000001064,settings.page_view.other,进行学习设置的时候，提示时只出现一个提示栏，应该设置为铃声或者对话框形式,primary_clue,36,34,进行学习设置的时候 提示时只出现一个提示栏 应该设置为铃声或者对话框形式,1,
10010000001136,进行听力时，处于暂停状态而声波却一直处于动态。,进行听力时，处于暂停状态而声波却一直处于动态。,,Functional-Media,playback,audio,other,playback.audio.other,N,High,1,雅思听力,雅思听力,10010000001136,playback.audio.other,进行听力时，处于暂停状态而声波却一直处于动态。,primary_clue,23,21,进行听力时 处于暂停状态而声波却一直处于动态,1,
10010000001140,在句库界面，选择一个句子进行听力时，没有进度显示，缺少暂停按钮。点击“打钩”icon就是将当前句删除，而没有给用户提示。,在句库界面，选择一个句子进行听力时，没有进度显示，缺少暂停按钮。点击“打钩”icon就是将当前句删除，而没有给用户提示。,,Functional-Media,playback,button_icon,other,playback.button_icon.other,N,High,1,雅思听力,雅思听力,10010000001140,playback.button_icon.other,在句库界面，选择一个句子进行听力时，没有进度显示，缺少暂停按钮。点击“打钩”icon就是将当前句删除，而没有给用户提示。,primary_clue,60,52,在句库界面 选择一个句子进行听力时 没有进度显示 缺少暂停按钮 点击 打钩 icon就是将当前句删除 而没有给用户提示,1,
10010000001148,评论区排版差，用户进行评论后，没有收到一个及时的反馈。在删除评论时，提示语有误。,评论区排版差，用户进行评论后，没有收到一个及时的反馈。在删除评论时，提示语有误。,,Other,comment,list_item,other,comment.list_item.other,N,Medium,1,雅思听力,雅思听力,10010000001148,comment.list_item.other,评论区排版差，用户进行评论后，没有收到一个及时的反馈。在删除评论时，提示语有误。,primary_clue,40,35,评论区排版差 用户进行评论后 没有收到一个及时的反馈 在删除评论时 提示语有误,1,
10010000001410,官方指南中的文章录音中，语速选择按钮设计不当。当选择语速增加或减速没有确切的键可以点击。当想减速时，点击语速可能是加速。,官方指南中的文章录音中，语速选择按钮设计不当。当选择语速增加或减速没有确切的键可以点击。当想减速时，点击语速可能是加速。,,Functional-Media,playback,button_icon,other,playback.button_icon.other,N,High,1,雅思听力,雅思听力,10010000001410,playback.button_icon.other,官方指南中的文章录音中，语速选择按钮设计不当。当选择语速增加或减速没有确切的键可以点击。当想减速时，点击语速可能是加速。,primary_clue,60,55,官方指南中的文章录音中 语速选择按钮设计不当 当选择语速增加或减速没有确切的键可以点击 当想减速时 点击语速可能是加速,1,
10010000001632,漫听不能简单明了的显示如何选择句子,漫听不能简单明了的显示如何选择句子,,Other,other,other,cannot_or_fail,other.other.cannot_or_fail,N,Medium,1,雅思听力,雅思听力,10010000001632,other.other.cannot_or_fail,漫听不能简单明了的显示如何选择句子,primary_clue,17,17,漫听不能简单明了的显示如何选择句子,1,
10010000001959,信息与评论区在一块，压缩了信息查看窗口，起不到强调的重要性，且打开字体极小，虽然可以放大，但是用户不好掌控，容易使人厌烦。,信息与评论区在一块，压缩了信息查看窗口，起不到强调的重要性，且打开字体极小，虽然可以放大，但是用户不好掌控，容易使人厌烦。,,UI/Display,comment,list_item,other,comment.list_item.other,N,Medium,1,雅思听力,雅思听力,10010000001959,comment.list_item.other,信息与评论区在一块，压缩了信息查看窗口，起不到强调的重要性，且打开字体极小，虽然可以放大，但是用户不好掌控，容易使人厌烦。,primary_clue,61,54,信息与评论区在一块 压缩了信息查看窗口 起不到强调的重要性 且打开字体极小 虽然可以放大 但是用户不好掌控 容易使人厌烦,1,
10010000001969,评论只限定100个字符，没有提示最多字数，给用户造成误解，,评论只限定100个字符，没有提示最多字数，给用户造成误解，,,Other,comment,list_item,no_prompt,comment.list_item.no_prompt,N,High,1,雅思听力,雅思听力,10010000001969,comment.list_item.no_prompt,评论只限定100个字符，没有提示最多字数，给用户造成误解，,primary_clue,29,26,评论只限定100个字符 没有提示最多字数 给用户造成误解,1,
10010000001979,在播放列表播放重要词汇时，没有中文注释,在播放列表播放重要词汇时，没有中文注释,,Functional-Media,playback,list_item,other,playback.list_item.other,N,High,1,雅思听力,雅思听力,10010000001979,playback.list_item.other,在播放列表播放重要词汇时，没有中文注释,primary_clue,19,18,在播放列表播放重要词汇时 没有中文注释,1,
10010000001983,播放音频文件时，想要暂停它必须要点击右边的小箭头，再去点暂停键，建议直接在小箭头后面直接加上暂停键。,播放音频文件时，想要暂停它必须要点击右边的小箭头，再去点暂停键，建议直接在小箭头后面直接加上暂停键。,,Functional-Media,playback,audio,other,playback.audio.other,N,High,1,雅思听力,雅思听力,10010000001983,playback.audio.other,播放音频文件时，想要暂停它必须要点击右边的小箭头，再去点暂停键，建议直接在小箭头后面直接加上暂停键。,primary_clue,50,46,播放音频文件时 想要暂停它必须要点击右边的小箭头 再去点暂停键 建议直接在小箭头后面直接加上暂停键,1,
10010000002008,无设置图标或文字提示视频的下载与播放,无设置图标或文字提示视频的下载与播放,,Functional-Media,playback,button_icon,other,playback.button_icon.other,N,High,1,雅思听力,雅思听力,10010000002008,playback.button_icon.other,无设置图标或文字提示视频的下载与播放,primary_clue,18,18,无设置图标或文字提示视频的下载与播放,1,
10010000001035,个人信息———出生日期时间设置不合理页：设置为2018年9月4日,个人信息———出生日期时间设置不合理页：设置为2018年9月4日,,UI/Display,settings,page_view,other,settings.page_view.other,N,Medium,1,雅思听力,雅思听力,10010000001035,settings.page_view.other,个人信息———出生日期时间设置不合理页：设置为2018年9月4日,primary_clue,32,28,个人信息 出生日期时间设置不合理页 设置为2018年9月4日,1,
10010000001125,评论区留言字符长度未作出相关提示,评论区留言字符长度未作出相关提示,,Other,comment,list_item,other,comment.list_item.other,N,Medium,1,雅思听力,雅思听力,10010000001125,comment.list_item.other,评论区留言字符长度未作出相关提示,primary_clue,16,16,评论区留言字符长度未作出相关提示,1,
10010000012345,有时明明有网，却显示没有网络，无法使用gps功能,有时明明有网，却显示没有网络，无法使用gps功能,,Functional-Tracking,gps_track,gps,wrong_value,gps_track.gps.wrong_value,N,High,1,华为运动,华为运动,10010000012345,gps_track.gps.wrong_value,有时明明有网，却显示没有网络，无法使用gps功能,primary_clue,24,22,有时明明有网 却显示没有网络 无法使用gps功能,1,
10010000012373,定位:开始跑步时，地图定位不准确，我明明在实验室比赛，可显示的却不是,定位:开始跑步时，地图定位不准确，我明明在实验室比赛，可显示的却不是,,Functional-Tracking,gps_track,gps,wrong_value,gps_track.gps.wrong_value,N,High,1,华为运动,华为运动,10010000012373,gps_track.gps.wrong_value,定位:开始跑步时，地图定位不准确，我明明在实验室比赛，可显示的却不是,primary_clue,34,30,定位 开始跑步时 地图定位不准确 我明明在实验室比赛 可显示的却不是,1,
10010000012379,定位设备漂移很大，沿着直线行走，左右偏移的距离达到2-3米。,定位设备漂移很大，沿着直线行走，左右偏移的距离达到2,3米。,Functional-Tracking,gps_track,gps,other,gps_track.gps.other,Y,Medium,2,华为运动,华为运动,10010000012379,gps_track.gps.other,定位设备漂移很大，沿着直线行走，左右偏移的距离达到2,primary_clue,26,24,定位设备漂移很大 沿着直线行走 左右偏移的距离达到2,1,
10010000012381,跑步模式下。当设备由室内走向室外时，在空旷地区呆的时间约为1分钟。定位信号仍然显示很弱，地图一直处于北京的定位。,跑步模式下。当设备由室内走向室外时，在空旷地区呆的时间约为1分钟。定位信号仍然显示很弱，地图一直处于北京的定位。,,Functional-Tracking,gps_track,gps,other,gps_track.gps.other,N,High,1,华为运动,华为运动,10010000012381,gps_track.gps.other,跑步模式下。当设备由室内走向室外时，在空旷地区呆的时间约为1分钟。定位信号仍然显示很弱，地图一直处于北京的定位。,primary_clue,56,51,跑步模式下 当设备由室内走向室外时 在空旷地区呆的时间约为1分钟 定位信号仍然显示很弱 地图一直处于北京的定位,1,
10010000012384,跑步模式下，围着操场走走跑跑了半圈。发现地图开始50m左右的距离出现往返情况。也就是说在没有走重复路的情况下，地图上显示的轨迹有一段约50m的距离是叠加在一起的,跑步模式下，围着操场走走跑跑了半圈。发现地图开始50m左右的距离出现往返情况。也就是说在没有走重复路的情况下，地图上显示的轨迹有一段约…,,Functional-Tracking,gps_track,gps,other,gps_track.gps.other,N,High,1,华为运动,华为运动,10010000012384,gps_track.gps.other,跑步模式下，围着操场走走跑跑了半圈。发现地图开始50m左右的距离出现往返情况。也就是说在没有走重复路的情况下，地图上显示的轨迹有一段约…,primary_clue,68,63,跑步模式下 围着操场走走跑跑了半圈 发现地图开始50m左右的距离出现往返情况 也就是说在没有走重复路的情况下 地图上显示的轨迹有一段约,1,
10010000012400,在GPS信号无论强弱的环境下，记步都不能正常进行，跑也不行,在GPS信号无论强弱的环境下，记步都不能正常进行，跑也不行,,Functional-Tracking,gps_track,gps,cannot_or_fail,gps_track.gps.cannot_or_fail,N,High,1,华为运动,华为运动,10010000012400,gps_track.gps.cannot_or_fail,在GPS信号无论强弱的环境下，记步都不能正常进行，跑也不行,primary_clue,29,27,在gps信号无论强弱的环境下 记步都不能正常进行 跑也不行,1,
10010000012405,在华为mate9（安卓5.1）上测试，两次在没有SIM卡但连接WIFI并且GPS信号良好的情况下开始跑步，app没有记录到任何位移。,在华为mate9（安卓5.1）上测试，两次在没有SIM卡但连接WIFI并且GPS信号良好的情况下开始跑步，app没有记录到任何位移。,,Functional-Tracking,gps_track,list_item,other,gps_track.list_item.other,N,High,1,华为运动,华为运动,10010000012405,gps_track.list_item.other,在华为mate9（安卓5.1）上测试，两次在没有SIM卡但连接WIFI并且GPS信号良好的情况下开始跑步，app没有记录到任何位移。,primary_clue,66,60,在华为mate9 安卓5 1 上测试 两次在没有sim卡但连接wifi并且gps信号良好的情况下开始跑步 app没有记录到任何位移,1,
10010000012411,在GPS信号差的情况下开始跑步，跑步界面地图无法定位，自动到开阔地带GPS信号变好之后，有定位，但跑步界面地图仍然停留在GPS信号差时的界面，无法自动移动到定位的当前位置。,在GPS信号差的情况下开始跑步，跑步界面地图无法定位，自动到开阔地带GPS信号变好之后，有定位，但跑步界面地图仍然停留在GPS信号差时…,,Functional-Tracking,gps_track,page_view,cannot_or_fail,gps_track.page_view.cannot_or_fail,N,High,1,华为运动,华为运动,10010000012411,gps_track.page_view.cannot_or_fail,在GPS信号差的情况下开始跑步，跑步界面地图无法定位，自动到开阔地带GPS信号变好之后，有定位，但跑步界面地图仍然停留在GPS信号差时…,primary_clue,68,63,在gps信号差的情况下开始跑步 跑步界面地图无法定位 自动到开阔地带gps信号变好之后 有定位 但跑步界面地图仍然停留在gps信号差时,1,
10010000012415,"理论上，在室内应该也可以进行定位，只是定位数据准确与否。
建议增加上网络定位的功能，这样在室内同样可以进行跑步等操作",理论上，在室内应该也可以进行定位，只是定位数据准确与否。,建议增加上网络定位的功能，这样在室内同样可以进行跑步等操作,Functional-Tracking,gps_track,gps,other,gps_track.gps.other,Y,Medium,2,华为运动,华为运动,10010000012415,gps_track.gps.other,理论上，在室内应该也可以进行定位，只是定位数据准确与否。,primary_clue,28,25,理论上 在室内应该也可以进行定位 只是定位数据准确与否,1,
10010000012453,在运动跑步页面，GPRS信号很差，跑至空阔出还是差，建议使用感应，GPRS太差，影响用户体验！,在运动跑步页面，GPRS信号很差，跑至空阔出还是差，建议使用感应，GPRS太差，影响用户体验！,,Functional-Tracking,run_walk,page_view,other,run_walk.page_view.other,N,High,1,华为运动,华为运动,10010000012453,run_walk.page_view.other,在运动跑步页面，GPRS信号很差，跑至空阔出还是差，建议使用感应，GPRS太差，影响用户体验！,primary_clue,47,41,在运动跑步页面 gprs信号很差 跑至空阔出还是差 建议使用感应 gprs太差 影响用户体验,1,
10010000012459,GPS定位有问题，当在GPS信号强的情况下，定位的结果没有出现，等到GPS信号弱得时候，出现，但是，出现的却是错误信息,GPS定位有问题，当在GPS信号强的情况下，定位的结果没有出现，等到GPS信号弱得时候，出现，但是，出现的却是错误信息,,Functional-Tracking,gps_track,gps,wrong_value,gps_track.gps.wrong_value,N,High,1,华为运动,华为运动,10010000012459,gps_track.gps.wrong_value,GPS定位有问题，当在GPS信号强的情况下，定位的结果没有出现，等到GPS信号弱得时候，出现，但是，出现的却是错误信息,primary_clue,59,53,gps定位有问题 当在gps信号强的情况下 定位的结果没有出现 等到gps信号弱得时候 出现 但是 出现的却是错误信息,1,
10010000012490,在跑步的时候，开启GPS的情况下无法进行GPA定位，不显示用户运动的信息。,在跑步的时候，开启GPS的情况下无法进行GPA定位，不显示用户运动的信息。,,Functional-Tracking,gps_track,gps,display_missing,gps_track.gps.display_missing,N,High,1,华为运动,华为运动,10010000012490,gps_track.gps.display_missing,在跑步的时候，开启GPS的情况下无法进行GPA定位，不显示用户运动的信息。,primary_clue,37,34,在跑步的时候 开启gps的情况下无法进行gpa定位 不显示用户运动的信息,1,
10010000012521,在首页，点击开始跑步时，就算在空旷地带也会出现”无信号，请到户外开阔处活动“提示。但是GPS定位会跟着我时而动时而不动！,在首页，点击开始跑步时，就算在空旷地带也会出现”无信号，请到户外开阔处活动“提示。但是GPS定位会跟着我时而动时而不动！,,Functional-Tracking,gps_track,page_view,other,gps_track.page_view.other,N,High,1,华为运动,华为运动,10010000012521,gps_track.page_view.other,在首页，点击开始跑步时，就算在空旷地带也会出现”无信号，请到户外开阔处活动“提示。但是GPS定位会跟着我时而动时而不动！,primary_clue,60,53,在首页 点击开始跑步时 就算在空旷地带也会出现 无信号 请到户外开阔处活动 提示 但是gps定位会跟着我时而动时而不动,1,
10010000012542,运动时运动轨迹不明确，而且GPS定位时过于缓慢，室内运动，跑步机方式运动的话，gps定位不到，显示不出来。属于功能不完整的情况，复现程度为大概率复现，严重等级为严重。,运动时运动轨迹不明确，而且GPS定位时过于缓慢，室内运动，跑步机方式运动的话，gps定位不到，显示不出来。属于功能不完整的情况，复现程…,,Functional-Tracking,gps_track,gps,display_missing,gps_track.gps.display_missing,N,High,1,华为运动,华为运动,10010000012542,gps_track.gps.display_missing,运动时运动轨迹不明确，而且GPS定位时过于缓慢，室内运动，跑步机方式运动的话，gps定位不到，显示不出来。属于功能不完整的情况，复现程…,primary_clue,68,60,运动时运动轨迹不明确 而且gps定位时过于缓慢 室内运动 跑步机方式运动的话 gps定位不到 显示不出来 属于功能不完整的情况 复现程,1,
10010000012632,在点击开始跑步后，GPS很难定位准确，给用户带来较大不便。,在点击开始跑步后，GPS很难定位准确，给用户带来较大不便。,,Functional-Tracking,gps_track,gps,other,gps_track.gps.other,N,High,1,华为运动,华为运动,10010000012632,gps_track.gps.other,在点击开始跑步后，GPS很难定位准确，给用户带来较大不便。,primary_clue,29,26,在点击开始跑步后 gps很难定位准确 给用户带来较大不便,1,
10010000012306,跑步测试:当我开始测试的时候并没有跑步，只是拿着手机模仿正坐在公交车上上下震动，他却显示有步数记录,跑步测试:当我开始测试的时候并没有跑步，只是拿着手机模仿正坐在公交车上上下震动，他却显示有步数记录,,Functional-Tracking,step_count,list_item,other,step_count.list_item.other,N,High,1,华为运动,华为运动,10010000012306,step_count.list_item.other,跑步测试:当我开始测试的时候并没有跑步，只是拿着手机模仿正坐在公交车上上下震动，他却显示有步数记录,primary_clue,49,46,跑步测试 当我开始测试的时候并没有跑步 只是拿着手机模仿正坐在公交车上上下震动 他却显示有步数记录,1,
10010000012312,步行记录不能及时更新，有时需要等一段时间才能更新步行记录，有时可以及时更新，这会造成用户体验不好,步行记录不能及时更新，有时需要等一段时间才能更新步行记录，有时可以及时更新，这会造成用户体验不好,,Functional-Tracking,run_walk,list_item,cannot_or_fail,run_walk.list_item.cannot_or_fail,N,High,1,华为运动,华为运动,10010000012312,run_walk.list_item.cannot_or_fail,步行记录不能及时更新，有时需要等一段时间才能更新步行记录，有时可以及时更新，这会造成用户体验不好,primary_clue,48,45,步行记录不能及时更新 有时需要等一段时间才能更新步行记录 有时可以及时更新 这会造成用户体验不好,1,
10010000012344,打开gps，点击跑步开始后，步数数据统计的增加，可根据原地跳动或幅度稍大的上下甩动增加数据，计步异常。,打开gps，点击跑步开始后，步数数据统计的增加，可根据原地跳动或幅度稍大的上下甩动增加数据，计步异常。,,Functional-Tracking,step_count,gps,other,step_count.gps.other,N,High,1,华为运动,华为运动,10010000012344,step_count.gps.other,打开gps，点击跑步开始后，步数数据统计的增加，可根据原地跳动或幅度稍大的上下甩动增加数据，计步异常。,primary_clue,51,46,打开gps 点击跑步开始后 步数数据统计的增加 可根据原地跳动或幅度稍大的上下甩动增加数据 计步异常,1,
10010000012355,爬高功能缺失，无法正确计算实际进行的高度获取数据并统计。,爬高功能缺失，无法正确计算实际进行的高度获取数据并统计。,,Other,other,other,cannot_or_fail,other.other.cannot_or_fail,N,Medium,1,华为运动,华为运动,10010000012355,other.other.cannot_or_fail,爬高功能缺失，无法正确计算实际进行的高度获取数据并统计。,primary_clue,28,26,爬高功能缺失 无法正确计算实际进行的高度获取数据并统计,1,
10010000012371,步行:我明明是在走路，可结果记录是跑步100％,步行:我明明是在走路，可结果记录是跑步100％,,Functional-Tracking,run_walk,list_item,wrong_value,run_walk.list_item.wrong_value,N,High,1,华为运动,华为运动,10010000012371,run_walk.list_item.wrong_value,步行:我明明是在走路，可结果记录是跑步100％,primary_clue,23,20,步行 我明明是在走路 可结果记录是跑步100,1,
10010000012374,跑步模式中，大步地跨10步，然后会发现，步数显示增加了20步。,跑步模式中，大步地跨10步，然后会发现，步数显示增加了20步。,,Functional-Tracking,step_count,step,other,step_count.step.other,N,High,1,华为运动,华为运动,10010000012374,step_count.step.other,跑步模式中，大步地跨10步，然后会发现，步数显示增加了20步。,primary_clue,31,27,跑步模式中 大步地跨10步 然后会发现 步数显示增加了20步,1,
10010000012380,跑步时步数并没有实时更新，而是等跑完了结束跑步时步数才加上去,跑步时步数并没有实时更新，而是等跑完了结束跑步时步数才加上去,,Functional-Tracking,step_count,step,other,step_count.step.other,N,High,1,华为运动,华为运动,10010000012380,step_count.step.other,跑步时步数并没有实时更新，而是等跑完了结束跑步时步数才加上去,primary_clue,30,29,跑步时步数并没有实时更新 而是等跑完了结束跑步时步数才加上去,1,
10010000012386,点击开始跑步，运动一段时间，关闭gps定位后或到达gps定位不到的地方，就无法根据路程和速度更新新的消耗热量。,点击开始跑步，运动一段时间，关闭gps定位后或到达gps定位不到的地方，就无法根据路程和速度更新新的消耗热量。,,Functional-Tracking,gps_track,gps,wrong_value,gps_track.gps.wrong_value,N,High,1,华为运动,华为运动,10010000012386,gps_track.gps.wrong_value,点击开始跑步，运动一段时间，关闭gps定位后或到达gps定位不到的地方，就无法根据路程和速度更新新的消耗热量。,primary_clue,55,51,点击开始跑步 运动一段时间 关闭gps定位后或到达gps定位不到的地方 就无法根据路程和速度更新新的消耗热量,1,
10010000012387,同样是在跑步模式下，以缓慢的速度走路。发现在差不多每3秒的情况下，公里数递增0.02公里。详见相册截图,同样是在跑步模式下，以缓慢的速度走路。发现在差不多每3秒的情况下，公里数递增0.02公里。详见相册截图,,Functional-Tracking,run_walk,other,other,run_walk.other.other,N,High,1,华为运动,华为运动,10010000012387,run_walk.other.other,同样是在跑步模式下，以缓慢的速度走路。发现在差不多每3秒的情况下，公里数递增0.02公里。详见相册截图,primary_clue,51,46,同样是在跑步模式下 以缓慢的速度走路 发现在差不多每3秒的情况下 公里数递增0 02公里 详见相册截图,1,
10010000012388,计数:计数不准确，实时性不好，我明明走了10步却没变，然后突然变了加了17步,计数:计数不准确，实时性不好，我明明走了10步却没变，然后突然变了加了17步,,UI/Display,other,other,wrong_value,other.other.wrong_value,N,High,1,华为运动,华为运动,10010000012388,other.other.wrong_value,计数:计数不准确，实时性不好，我明明走了10步却没变，然后突然变了加了17步,primary_clue,38,34,计数 计数不准确 实时性不好 我明明走了10步却没变 然后突然变了加了17步,1,
10010000012390,用户跑步情况下，步数记录与跑步模式记录不同步，并且没有提示跑步时速。,用户跑步情况下，步数记录与跑步模式记录不同步，并且没有提示跑步时速。,,Functional-Tracking,step_count,list_item,no_prompt,step_count.list_item.no_prompt,N,High,1,华为运动,华为运动,10010000012390,step_count.list_item.no_prompt,用户跑步情况下，步数记录与跑步模式记录不同步，并且没有提示跑步时速。,primary_clue,34,31,用户跑步情况下 步数记录与跑步模式记录不同步 并且没有提示跑步时速,1,
10010000012404,携带手机步行时，记录步数有时不实时，过了几秒一下增加，还有与实际的步数有少量差池,携带手机步行时，记录步数有时不实时，过了几秒一下增加，还有与实际的步数有少量差池,,Functional-Tracking,step_count,list_item,wrong_value,step_count.list_item.wrong_value,N,High,1,华为运动,华为运动,10010000012404,step_count.list_item.wrong_value,携带手机步行时，记录步数有时不实时，过了几秒一下增加，还有与实际的步数有少量差池,primary_clue,40,37,携带手机步行时 记录步数有时不实时 过了几秒一下增加 还有与实际的步数有少量差池,1,
10010000012432,计步功能算法有严重缺陷，手机拿在手上做小幅度晃动步数都会迅速增加。,计步功能算法有严重缺陷，手机拿在手上做小幅度晃动步数都会迅速增加。,,Functional-Tracking,step_count,step,other,step_count.step.other,N,High,1,华为运动,华为运动,10010000012432,step_count.step.other,计步功能算法有严重缺陷，手机拿在手上做小幅度晃动步数都会迅速增加。,primary_clue,33,31,计步功能算法有严重缺陷 手机拿在手上做小幅度晃动步数都会迅速增加,1,
10010000012436,传感器在运动中途关闭之后，记步功能失效，当再次开启时，不是实时更新,传感器在运动中途关闭之后，记步功能失效，当再次开启时，不是实时更新,,Functional-Tracking,run_walk,other,wrong_value,run_walk.other.wrong_value,N,High,1,华为运动,华为运动,10010000012436,run_walk.other.wrong_value,传感器在运动中途关闭之后，记步功能失效，当再次开启时，不是实时更新,primary_clue,33,30,传感器在运动中途关闭之后 记步功能失效 当再次开启时 不是实时更新,1,
10010000012454,首页点击开始跑步，会语音提示开始跑步，点击后我并未移动位置，已经开始计时，应该在移动时开始计时，并显示移动路线,首页点击开始跑步，会语音提示开始跑步，点击后我并未移动位置，已经开始计时，应该在移动时开始计时，并显示移动路线,,Functional-Tracking,run_walk,page_view,other,run_walk.page_view.other,N,High,1,华为运动,华为运动,10010000012454,run_walk.page_view.other,首页点击开始跑步，会语音提示开始跑步，点击后我并未移动位置，已经开始计时，应该在移动时开始计时，并显示移动路线,primary_clue,55,50,首页点击开始跑步 会语音提示开始跑步 点击后我并未移动位置 已经开始计时 应该在移动时开始计时 并显示移动路线,1,
10010000012465,计步不准确，有的时候，不走动，这是轻轻摇动手机，首页的数据还是在后台增加,计步不准确，有的时候，不走动，这是轻轻摇动手机，首页的数据还是在后台增加,,Functional-Tracking,step_count,page_view,other,step_count.page_view.other,N,High,1,华为运动,华为运动,10010000012465,step_count.page_view.other,计步不准确，有的时候，不走动，这是轻轻摇动手机，首页的数据还是在后台增加,primary_clue,36,32,计步不准确 有的时候 不走动 这是轻轻摇动手机 首页的数据还是在后台增加,1,
10010000012491,运动过程中，爬了几层楼梯，然而在运动过程中的爬高竟然是0。用户看到自己的运动过程没有被正确记录对软件感到失望,运动过程中，爬了几层楼梯，然而在运动过程中的爬高竟然是0。用户看到自己的运动过程没有被正确记录对软件感到失望,,Functional-Tracking,run_walk,list_item,other,run_walk.list_item.other,N,High,1,华为运动,华为运动,10010000012491,run_walk.list_item.other,运动过程中，爬了几层楼梯，然而在运动过程中的爬高竟然是0。用户看到自己的运动过程没有被正确记录对软件感到失望,primary_clue,54,51,运动过程中 爬了几层楼梯 然而在运动过程中的爬高竟然是0 用户看到自己的运动过程没有被正确记录对软件感到失望,1,
10010000012494,爬高步数不准确，有时较轻微时，爬高步数算入走路步数,爬高步数不准确，有时较轻微时，爬高步数算入走路步数,,Functional-Tracking,step_count,step,other,step_count.step.other,N,High,1,华为运动,华为运动,10010000012494,step_count.step.other,爬高步数不准确，有时较轻微时，爬高步数算入走路步数,primary_clue,25,23,爬高步数不准确 有时较轻微时 爬高步数算入走路步数,1,
10010000012499,没有进行运动的过程中，app在后台依然进行数据统计，数据记录不准确。导致用户对自己的运动情况了解不准确，容易造成偏差、功能不完整，复现程度为必现，严重程度为紧急。,没有进行运动的过程中，app在后台依然进行数据统计，数据记录不准确。导致用户对自己的运动情况了解不准确，容易造成偏差、功能不完整，复现…,,Functional-Tracking,run_walk,list_item,other,run_walk.list_item.other,N,High,1,华为运动,华为运动,10010000012499,run_walk.list_item.other,没有进行运动的过程中，app在后台依然进行数据统计，数据记录不准确。导致用户对自己的运动情况了解不准确，容易造成偏差、功能不完整，复现…,primary_clue,68,61,没有进行运动的过程中 app在后台依然进行数据统计 数据记录不准确 导致用户对自己的运动情况了解不准确 容易造成偏差 功能不完整 复现,1,
10010000012502,在准备结束运动的时候，系统提示运动距离短，不会记录数据，这样不方便用户的使用，即使运动距离很少，也应该将用户的运动数据记录。,在准备结束运动的时候，系统提示运动距离短，不会记录数据，这样不方便用户的使用，即使运动距离很少，也应该将用户的运动数据记录。,,Functional-Tracking,run_walk,list_item,other,run_walk.list_item.other,N,High,1,华为运动,华为运动,10010000012502,run_walk.list_item.other,在准备结束运动的时候，系统提示运动距离短，不会记录数据，这样不方便用户的使用，即使运动距离很少，也应该将用户的运动数据记录。,primary_clue,62,56,在准备结束运动的时候 系统提示运动距离短 不会记录数据 这样不方便用户的使用 即使运动距离很少 也应该将用户的运动数据记录,1,
10010000012529,进行爬楼运动测试的时候步数不会增加。而用户一天之内大多数的运动情况是爬楼，爬楼也很消耗卡路里，这和实际情况不符合。无法正确记录跑步情况和进行兑换。属于功能不完整的情况，复现成都为大概率复现，严重等级为严重。,进行爬楼运动测试的时候步数不会增加。而用户一天之内大多数的运动情况是爬楼，爬楼也很消耗卡路里，这和实际情况不符合。无法正确记录跑步情况…,,Functional-Tracking,step_count,list_item,cannot_or_fail,step_count.list_item.cannot_or_fail,N,High,1,华为运动,华为运动,10010000012529,step_count.list_item.cannot_or_fail,进行爬楼运动测试的时候步数不会增加。而用户一天之内大多数的运动情况是爬楼，爬楼也很消耗卡路里，这和实际情况不符合。无法正确记录跑步情况…,primary_clue,68,63,进行爬楼运动测试的时候步数不会增加 而用户一天之内大多数的运动情况是爬楼 爬楼也很消耗卡路里 这和实际情况不符合 无法正确记录跑步情况,1,
10010000012568,在进跑步方式的测试时，一直都在进行步行运动，但是记录显示我的总步数为26步，步行65%，跑步35%，爬高0%。与我实际运动的情况不符合。属于用户体验不好，复现程度为必现，严重等级为严重。,在进跑步方式的测试时，一直都在进行步行运动，但是记录显示我的总步数为26步，步行65%，跑步35%，爬高0%。与我实际运动的情况不符合…,,Functional-Tracking,step_count,list_item,other,step_count.list_item.other,N,High,1,华为运动,华为运动,10010000012568,step_count.list_item.other,在进跑步方式的测试时，一直都在进行步行运动，但是记录显示我的总步数为26步，步行65%，跑步35%，爬高0%。与我实际运动的情况不符合…,primary_clue,68,58,在进跑步方式的测试时 一直都在进行步行运动 但是记录显示我的总步数为26步 步行65 跑步35 爬高0 与我实际运动的情况不符合,1,
10010000012310,选择为比赛做准备时，可选的准备时间只有部分时间，用户体验不够好,选择为比赛做准备时，可选的准备时间只有部分时间，用户体验不够好,,UI/Display,other,step,other,other.step.other,N,Medium,1,华为运动,华为运动,10010000012310,other.step.other,选择为比赛做准备时，可选的准备时间只有部分时间，用户体验不够好,primary_clue,31,29,选择为比赛做准备时 可选的准备时间只有部分时间 用户体验不够好,1,
10010000012319,设定目标:当我想设定目标时，必须按照他给定的目标选择，而无法自己根据自己的情况随意设定,设定目标:当我想设定目标时，必须按照他给定的目标选择，而无法自己根据自己的情况随意设定,,Other,settings,other,cannot_or_fail,settings.other.cannot_or_fail,N,Medium,1,华为运动,华为运动,10010000012319,settings.other.cannot_or_fail,设定目标:当我想设定目标时，必须按照他给定的目标选择，而无法自己根据自己的情况随意设定,primary_clue,43,40,设定目标 当我想设定目标时 必须按照他给定的目标选择 而无法自己根据自己的情况随意设定,1,
10010000012324,设定目标:当我设定目标时有马拉松选项，有人不知道马拉松是多远，例如我就不知道，让用户可能盲目的设定，应该在后面给个提示的数目,设定目标:当我设定目标时有马拉松选项，有人不知道马拉松是多远，例如我就不知道，让用户可能盲目的设定，应该在后面给个提示的数目,,Other,settings,other,other,settings.other.other,N,Medium,1,华为运动,华为运动,10010000012324,settings.other.other,设定目标:当我设定目标时有马拉松选项，有人不知道马拉松是多远，例如我就不知道，让用户可能盲目的设定，应该在后面给个提示的数目,primary_clue,62,57,设定目标 当我设定目标时有马拉松选项 有人不知道马拉松是多远 例如我就不知道 让用户可能盲目的设定 应该在后面给个提示的数目,1,
10010000012327,比赛目标，当我设定比赛的时候，年份只能设定2017年，无法设定其他年份,比赛目标，当我设定比赛的时候，年份只能设定2017年，无法设定其他年份,,Other,settings,other,cannot_or_fail,settings.other.cannot_or_fail,N,Medium,1,华为运动,华为运动,10010000012327,settings.other.cannot_or_fail,比赛目标，当我设定比赛的时候，年份只能设定2017年，无法设定其他年份,primary_clue,35,32,比赛目标 当我设定比赛的时候 年份只能设定2017年 无法设定其他年份,1,
10010000012349,设定每周运动次数:在设定次数时只能选给定我的次数，没法自己设定,设定每周运动次数:在设定次数时只能选给定我的次数，没法自己设定,,Functional-Tracking,run_walk,other,other,run_walk.other.other,N,High,1,华为运动,华为运动,10010000012349,run_walk.other.other,设定每周运动次数:在设定次数时只能选给定我的次数，没法自己设定,primary_clue,31,29,设定每周运动次数 在设定次数时只能选给定我的次数 没法自己设定,1,
10010000012356,重复设定目标:我设定一个目标后无法在继续设定了，我家如同时有两个目标则不能设定需要一个个完成，但是我需要每天两个目标同时进行,重复设定目标:我设定一个目标后无法在继续设定了，我家如同时有两个目标则不能设定需要一个个完成，但是我需要每天两个目标同时进行,,Other,settings,other,cannot_or_fail,settings.other.cannot_or_fail,N,Medium,1,华为运动,华为运动,10010000012356,settings.other.cannot_or_fail,重复设定目标:我设定一个目标后无法在继续设定了，我家如同时有两个目标则不能设定需要一个个完成，但是我需要每天两个目标同时进行,primary_clue,62,59,重复设定目标 我设定一个目标后无法在继续设定了 我家如同时有两个目标则不能设定需要一个个完成 但是我需要每天两个目标同时进行,1,
10010000012362,目标步数设置时只能1000步1000步的设，不精确,目标步数设置时只能1000步1000步的设，不精确,,Functional-Tracking,step_count,page_view,other,step_count.page_view.other,N,High,1,华为运动,华为运动,10010000012362,step_count.page_view.other,目标步数设置时只能1000步1000步的设，不精确,primary_clue,25,24,目标步数设置时只能1000步1000步的设 不精确,1,
10010000012365,体重目标最多居然能设到150公斤，不切实际,体重目标最多居然能设到150公斤，不切实际,,Other,settings,other,other,settings.other.other,N,Medium,1,华为运动,华为运动,10010000012365,settings.other.other,体重目标最多居然能设到150公斤，不切实际,primary_clue,21,20,体重目标最多居然能设到150公斤 不切实际,1,
10010000012398,点击发现，添加计划，距离，能力，若选择好距离之后不能调自己的时间小时，分钟的上限，只能设置他给的定值。,点击发现，添加计划，距离，能力，若选择好距离之后不能调自己的时间小时，分钟的上限，只能设置他给的定值。,,Functional-Tracking,settings,page_view,cannot_or_fail,settings.page_view.cannot_or_fail,N,High,1,华为运动,华为运动,10010000012398,settings.page_view.cannot_or_fail,点击发现，添加计划，距离，能力，若选择好距离之后不能调自己的时间小时，分钟的上限，只能设置他给的定值。,primary_clue,51,44,点击发现 添加计划 距离 能力 若选择好距离之后不能调自己的时间小时 分钟的上限 只能设置他给的定值,1,
10010000012443,无法自己填写，运动目标，有时目标高于或低于系统设定目标,无法自己填写，运动目标，有时目标高于或低于系统设定目标,,Functional-Tracking,run_walk,other,cannot_or_fail,run_walk.other.cannot_or_fail,N,High,1,华为运动,华为运动,10010000012443,run_walk.other.cannot_or_fail,无法自己填写，运动目标，有时目标高于或低于系统设定目标,primary_clue,27,25,无法自己填写 运动目标 有时目标高于或低于系统设定目标,1,
10010000012451,无法自己填写体重目标，有时设定的目标会高于或低于系统的设定,无法自己填写体重目标，有时设定的目标会高于或低于系统的设定,,Other,settings,other,cannot_or_fail,settings.other.cannot_or_fail,N,Medium,1,华为运动,华为运动,10010000012451,settings.other.cannot_or_fail,无法自己填写体重目标，有时设定的目标会高于或低于系统的设定,primary_clue,29,28,无法自己填写体重目标 有时设定的目标会高于或低于系统的设定,1,
10010000012466,在添加计划里的能力里，时间最多只能到1小时12分，用户体验不够好,在添加计划里的能力里，时间最多只能到1小时12分，用户体验不够好,,UI/Display,other,step,other,other.step.other,N,Medium,1,华为运动,华为运动,10010000012466,other.step.other,在添加计划里的能力里，时间最多只能到1小时12分，用户体验不够好,primary_clue,32,30,在添加计划里的能力里 时间最多只能到1小时12分 用户体验不够好,1,
10010000012523,图一显示已经修改成功的出生日期为2033，图二是可以勾选日期为2033。2033年的用户的还没有出生，不应该可以将出生日期修改为2033,图一显示已经修改成功的出生日期为2033，图二是可以勾选日期为2033。2033年的用户的还没有出生，不应该可以将出生日期修改为2033,,Other,other,other,other,other.other.other,N,Medium,1,华为运动,华为运动,10010000012523,other.other.other,图一显示已经修改成功的出生日期为2033，图二是可以勾选日期为2033。2033年的用户的还没有出生，不应该可以将出生日期修改为2033,primary_clue,68,65,图一显示已经修改成功的出生日期为2033 图二是可以勾选日期为2033 2033年的用户的还没有出生 不应该可以将出生日期修改为2033,1,
10010000012532,"无法同时满足设定的目标。在首页运动模块的右下角，点击目标旗帜，可以选择运动目标，先选择时间30分钟，选择完成后返回到运动模块界面的时候，在小人和目标旗帜之间显示""开始走路30分钟""，之后在目标旗帜下面选择距离10公里，同样的在小人和目标旗帜之间显示""开始走路10公里""，对于目标旗帜下面的热量也是一样的操作，但是此app无法同时满足其中的两个条件或者三个条件。",无法同时满足设定的目标。在首页运动模块的右下角，点击目标旗帜，可以选择运动目标，先选择时间30分钟，选择完成后返回到运动模块界面的时候…,,Functional-Tracking,run_walk,page_view,cannot_or_fail,run_walk.page_view.cannot_or_fail,N,High,1,华为运动,华为运动,10010000012532,run_walk.page_view.cannot_or_fail,无法同时满足设定的目标。在首页运动模块的右下角，点击目标旗帜，可以选择运动目标，先选择时间30分钟，选择完成后返回到运动模块界面的时候…,primary_clue,68,62,无法同时满足设定的目标 在首页运动模块的右下角 点击目标旗帜 可以选择运动目标 先选择时间30分钟 选择完成后返回到运动模块界面的时候,1,
10010000012561,体重最多可以选择到150公斤，超过150公斤的用户就不能进行自己的体重值。目前体重超过150公斤的用户是大量存在的，限制值为150让用户体验很不好,体重最多可以选择到150公斤，超过150公斤的用户就不能进行自己的体重值。目前体重超过150公斤的用户是大量存在的，限制值为150让用…,,UI/Display,other,other,cannot_or_fail,other.other.cannot_or_fail,N,Medium,1,华为运动,华为运动,10010000012561,other.other.cannot_or_fail,体重最多可以选择到150公斤，超过150公斤的用户就不能进行自己的体重值。目前体重超过150公斤的用户是大量存在的，限制值为150让用…,primary_clue,68,64,体重最多可以选择到150公斤 超过150公斤的用户就不能进行自己的体重值 目前体重超过150公斤的用户是大量存在的 限制值为150让用,1,
10010000012569,进入首页后只能进行跑步训练，不能进行其他项目训练设置，如塑性等,进入首页后只能进行跑步训练，不能进行其他项目训练设置，如塑性等,,Functional-Tracking,run_walk,page_view,cannot_or_fail,run_walk.page_view.cannot_or_fail,N,High,1,华为运动,华为运动,10010000012569,run_walk.page_view.cannot_or_fail,进入首页后只能进行跑步训练，不能进行其他项目训练设置，如塑性等,primary_clue,31,29,进入首页后只能进行跑步训练 不能进行其他项目训练设置 如塑性等,1,
10010000012572,"从""我的""页面进入到""我的目标""界面设置目标时，体重目标为""40公斤时""，7000步的运动量目标为少量，体重目标为""91公斤""时，7000步的运动目标还是少量，运动目标是否适量，应该根据用户的体重目标来自动匹配变化。","从""我的""页面进入到""我的目标""界面设置目标时，体重目标为""40公斤时""，7000步的运动量目标为少量，体重目标为""91公斤""时，70…",,Functional-Tracking,run_walk,page_view,other,run_walk.page_view.other,N,High,1,华为运动,华为运动,10010000012572,run_walk.page_view.other,"从""我的""页面进入到""我的目标""界面设置目标时，体重目标为""40公斤时""，7000步的运动量目标为少量，体重目标为""91公斤""时，70…",primary_clue,68,55,从 我的 页面进入到 我的目标 界面设置目标时 体重目标为 40公斤时 7000步的运动量目标为少量 体重目标为 91公斤 时 70,1,
10010000012582,并没有对自己的个人信息和运动目标进行设置，然而在我的目标和我的信息中，均有默认值的存在，在第一次进入应用的时候就应该提醒用户进行相关的设置,并没有对自己的个人信息和运动目标进行设置，然而在我的目标和我的信息中，均有默认值的存在，在第一次进入应用的时候就应该提醒用户进行相关的设置,,Functional-Tracking,notification,page_view,other,notification.page_view.other,N,High,1,华为运动,华为运动,10010000012582,notification.page_view.other,并没有对自己的个人信息和运动目标进行设置，然而在我的目标和我的信息中，均有默认值的存在，在第一次进入应用的时候就应该提醒用户进行相关的设置,primary_clue,69,66,并没有对自己的个人信息和运动目标进行设置 然而在我的目标和我的信息中 均有默认值的存在 在第一次进入应用的时候就应该提醒用户进行相关的设置,1,
10010000012586,首页，设定目标之后，不能改变目标，只能开始训练,首页，设定目标之后，不能改变目标，只能开始训练,,Other,settings,page_view,cannot_or_fail,settings.page_view.cannot_or_fail,N,Medium,1,华为运动,华为运动,10010000012586,settings.page_view.cannot_or_fail,首页，设定目标之后，不能改变目标，只能开始训练,primary_clue,23,20,首页 设定目标之后 不能改变目标 只能开始训练,1,
10010000012587,首页体重记录时，时间选择默认是当前时间，选择时不应出现超过当前时间的时间出现。,首页体重记录时，时间选择默认是当前时间，选择时不应出现超过当前时间的时间出现。,,Other,other,page_view,wrong_value,other.page_view.wrong_value,N,High,1,华为运动,华为运动,10010000012587,other.page_view.wrong_value,首页体重记录时，时间选择默认是当前时间，选择时不应出现超过当前时间的时间出现。,primary_clue,39,36,首页体重记录时 时间选择默认是当前时间 选择时不应出现超过当前时间的时间出现,1,
10010000012601,运动距离这个不是很人性化，没有单步的幅度变化，直接就是由5公里变成了10公里，中间跨度很大，对于某些运动幅度不是很大的用户来说，这个设置不太合理，不符合他们的运动情况。属于用户体验不好，复现程度必现，严重等级为严重。,运动距离这个不是很人性化，没有单步的幅度变化，直接就是由5公里变成了10公里，中间跨度很大，对于某些运动幅度不是很大的用户来说，这个设…,,Functional-Tracking,run_walk,page_view,other,run_walk.page_view.other,N,High,1,华为运动,华为运动,10010000012601,run_walk.page_view.other,运动距离这个不是很人性化，没有单步的幅度变化，直接就是由5公里变成了10公里，中间跨度很大，对于某些运动幅度不是很大的用户来说，这个设…,primary_clue,68,62,运动距离这个不是很人性化 没有单步的幅度变化 直接就是由5公里变成了10公里 中间跨度很大 对于某些运动幅度不是很大的用户来说 这个设,1,
10010000012622,在发现中，参加的活动没有地方取消参加。,在发现中，参加的活动没有地方取消参加。,,Other,other,other,other,other.other.other,N,Medium,1,华为运动,华为运动,10010000012622,other.other.other,在发现中，参加的活动没有地方取消参加。,primary_clue,19,17,在发现中 参加的活动没有地方取消参加,1,
10010000012623,身高为50cm，体重为150公斤的用户是不可能存在的，所以不应该可以将身高体重设置为这个值。,身高为50cm，体重为150公斤的用户是不可能存在的，所以不应该可以将身高体重设置为这个值。,,Other,settings,page_view,other,settings.page_view.other,N,Medium,1,华为运动,华为运动,10010000012623,settings.page_view.other,身高为50cm，体重为150公斤的用户是不可能存在的，所以不应该可以将身高体重设置为这个值。,primary_clue,46,43,身高为50cm 体重为150公斤的用户是不可能存在的 所以不应该可以将身高体重设置为这个值,1,
10010000012672,设置个人身体各项指标过多，相对复杂,设置个人身体各项指标过多，相对复杂,,Other,settings,page_view,other,settings.page_view.other,N,Medium,1,华为运动,华为运动,10010000012672,settings.page_view.other,设置个人身体各项指标过多，相对复杂,primary_clue,17,16,设置个人身体各项指标过多 相对复杂,1,
10010000012314,分享结果:我点进步数，当我想要分享结果时却没有办法在这里分享数据，哪怕是一个截图也好,分享结果:我点进步数，当我想要分享结果时却没有办法在这里分享数据，哪怕是一个截图也好,,Functional-Share,share,share_panel,wrong_value,share.share_panel.wrong_value,N,High,1,华为运动,华为运动,10010000012314,share.share_panel.wrong_value,分享结果:我点进步数，当我想要分享结果时却没有办法在这里分享数据，哪怕是一个截图也好,primary_clue,42,39,分享结果 我点进步数 当我想要分享结果时却没有办法在这里分享数据 哪怕是一个截图也好,1,
10010000012430,在活动分享中，用户只能分享到微信朋友圈与微博，不能通过邮箱、qq、Facebook等方式进行分享，用户体验不好,在活动分享中，用户只能分享到微信朋友圈与微博，不能通过邮箱、qq、Facebook等方式进行分享，用户体验不好,,Functional-Share,share,share_panel,cannot_or_fail,share.share_panel.cannot_or_fail,N,High,1,华为运动,华为运动,10010000012430,share.share_panel.cannot_or_fail,在活动分享中，用户只能分享到微信朋友圈与微博，不能通过邮箱、qq、Facebook等方式进行分享，用户体验不好,primary_clue,55,50,在活动分享中 用户只能分享到微信朋友圈与微博 不能通过邮箱 qq facebook等方式进行分享 用户体验不好,1,
10010000012438,在发现里面分享的时候只能用微信和微博分享,在发现里面分享的时候只能用微信和微博分享,,Functional-Share,share,share_panel,other,share.share_panel.other,N,High,1,华为运动,华为运动,10010000012438,share.share_panel.other,在发现里面分享的时候只能用微信和微博分享,primary_clue,20,20,在发现里面分享的时候只能用微信和微博分享,1,
10010000012462,点击排行榜，分享，分享到微博，点击登录微博或者免密码注册登录，都不能获取到网络访问数据，且登录加载时没有设置登录超时的时限。,点击排行榜，分享，分享到微博，点击登录微博或者免密码注册登录，都不能获取到网络访问数据，且登录加载时没有设置登录超时的时限。,,Functional-Account,register,page_view,cannot_or_fail,register.page_view.cannot_or_fail,N,High,1,华为运动,华为运动,10010000012462,register.page_view.cannot_or_fail,点击排行榜，分享，分享到微博，点击登录微博或者免密码注册登录，都不能获取到网络访问数据，且登录加载时没有设置登录超时的时限。,primary_clue,62,56,点击排行榜 分享 分享到微博 点击登录微博或者免密码注册登录 都不能获取到网络访问数据 且登录加载时没有设置登录超时的时限,1,
10010000012483,步数不能同步到qq运动，微博，微信等app，导致用户想要分享数据时，不能及时分享。而且仅限于华为用户太少，几乎大多数的好友都在微信和qq上，最好可以设置一个同步到qq运动的功能，可以添加分享到其他类运动平台的功能。,步数不能同步到qq运动，微博，微信等app，导致用户想要分享数据时，不能及时分享。而且仅限于华为用户太少，几乎大多数的好友都在微信和q…,,Functional-Share,share,page_view,cannot_or_fail,share.page_view.cannot_or_fail,N,High,1,华为运动,华为运动,10010000012483,share.page_view.cannot_or_fail,步数不能同步到qq运动，微博，微信等app，导致用户想要分享数据时，不能及时分享。而且仅限于华为用户太少，几乎大多数的好友都在微信和q…,primary_clue,68,61,步数不能同步到qq运动 微博 微信等app 导致用户想要分享数据时 不能及时分享 而且仅限于华为用户太少 几乎大多数的好友都在微信和q,1,
10010000012512,将”我的成绩单“分享时，用户只能分享到微信朋友圈与微博，不能通过邮箱、qq、Facebook等方式进行分享，用户体验不好,将”我的成绩单“分享时，用户只能分享到微信朋友圈与微博，不能通过邮箱、qq、Facebook等方式进行分享，用户体验不好,,Functional-Share,share,share_panel,cannot_or_fail,share.share_panel.cannot_or_fail,N,High,1,华为运动,华为运动,10010000012512,share.share_panel.cannot_or_fail,将”我的成绩单“分享时，用户只能分享到微信朋友圈与微博，不能通过邮箱、qq、Facebook等方式进行分享，用户体验不好,primary_clue,60,53,将 我的成绩单 分享时 用户只能分享到微信朋友圈与微博 不能通过邮箱 qq facebook等方式进行分享 用户体验不好,1,
10010000012524,在排行榜界面点击分享之后没弹出分享到指定地方，而是转到另一个分享页面再点击一次分享，建议只点击一次分享就好,在排行榜界面点击分享之后没弹出分享到指定地方，而是转到另一个分享页面再点击一次分享，建议只点击一次分享就好,,Functional-Share,share,page_view,other,share.page_view.other,N,High,1,华为运动,华为运动,10010000012524,share.page_view.other,在排行榜界面点击分享之后没弹出分享到指定地方，而是转到另一个分享页面再点击一次分享，建议只点击一次分享就好,primary_clue,53,51,在排行榜界面点击分享之后没弹出分享到指定地方 而是转到另一个分享页面再点击一次分享 建议只点击一次分享就好,1,
10010000012551,在排行榜分享运动成果给微信好友，图片与app名称间距过大，只有在再发送一条消息之后间距才变小,在排行榜分享运动成果给微信好友，图片与app名称间距过大，只有在再发送一条消息之后间距才变小,,Functional-Share,share,image_banner,other,share.image_banner.other,N,High,1,华为运动,华为运动,10010000012551,share.image_banner.other,在排行榜分享运动成果给微信好友，图片与app名称间距过大，只有在再发送一条消息之后间距才变小,primary_clue,46,44,在排行榜分享运动成果给微信好友 图片与app名称间距过大 只有在再发送一条消息之后间距才变小,1,
10010000012585,"从""我的""页面进入到""我的成绩单""页面""，点击分享按钮进行分享时，供用户可选的路径有点少，比如现在用户用的比较多的""qq""","从""我的""页面进入到""我的成绩单""页面""，点击分享按钮进行分享时，供用户可选的路径有点少，比如现在用户用的比较多的""qq",,Functional-Share,share,button_icon,other,share.button_icon.other,N,High,1,华为运动,华为运动,10010000012585,share.button_icon.other,"从""我的""页面进入到""我的成绩单""页面""，点击分享按钮进行分享时，供用户可选的路径有点少，比如现在用户用的比较多的""qq",primary_clue,60,51,从 我的 页面进入到 我的成绩单 页面 点击分享按钮进行分享时 供用户可选的路径有点少 比如现在用户用的比较多的 qq,1,
10010000012352,对方手机上的跑步记录在我账号上不能进行及时更新，好友手机步行记录为88（因无法获取好友的图片就没上传好友的运动记录），我手机上的好友记录为0。不能进行及时更新用户体验不好,对方手机上的跑步记录在我账号上不能进行及时更新，好友手机步行记录为88（因无法获取好友的图片就没上传好友的运动记录），我手机上的好友记…,,Functional-Account,run_walk,list_item,cannot_or_fail,run_walk.list_item.cannot_or_fail,N,High,1,华为运动,华为运动,10010000012352,run_walk.list_item.cannot_or_fail,对方手机上的跑步记录在我账号上不能进行及时更新，好友手机步行记录为88（因无法获取好友的图片就没上传好友的运动记录），我手机上的好友记…,primary_clue,68,63,对方手机上的跑步记录在我账号上不能进行及时更新 好友手机步行记录为88 因无法获取好友的图片就没上传好友的运动记录 我手机上的好友记,1,
10010000012391,成功登录应用进入首页，点击首页上方导航栏“发现”进入“发现”界面，点击“我的好友”进入好友列表界面，点击扫一扫，添加已经是好友的朋友“zs”时，并没有提示“该用户已是好友”，而是显示如图2的加好友界面,成功登录应用进入首页，点击首页上方导航栏“发现”进入“发现”界面，点击“我的好友”进入好友列表界面，点击扫一扫，添加已经是好友的朋友“…,,Functional-Account,login,page_view,no_prompt,login.page_view.no_prompt,N,High,1,华为运动,华为运动,10010000012391,login.page_view.no_prompt,成功登录应用进入首页，点击首页上方导航栏“发现”进入“发现”界面，点击“我的好友”进入好友列表界面，点击扫一扫，添加已经是好友的朋友“…,primary_clue,68,56,成功登录应用进入首页 点击首页上方导航栏 发现 进入 发现 界面 点击 我的好友 进入好友列表界面 点击扫一扫 添加已经是好友的朋友,1,
10010000012414,成功登录应用，进入发现界面，再进入好友列表界面，点击扫一扫添加好友，见截图1；发送添加好友请求后，好友在10s内点击接受，但是过了3分钟左右才收到好友的接受回复消息，见截图2,成功登录应用，进入发现界面，再进入好友列表界面，点击扫一扫添加好友，见截图1,发送添加好友请求后，好友在10s内点击接受，但是过了3分钟左右才收到好友的接受回复消息，见截图2,Functional-Account,login,page_view,other,login.page_view.other,Y,Medium,2,华为运动,华为运动,10010000012414,login.page_view.other,成功登录应用，进入发现界面，再进入好友列表界面，点击扫一扫添加好友，见截图1,primary_clue,38,34,成功登录应用 进入发现界面 再进入好友列表界面 点击扫一扫添加好友 见截图1,1,
10010000012421,图一群中有好友“觉”，再次添加好友时，会同样列出该好友“觉”如图二所示。图二的好友不能进行添加，那么列出该好友，用户体验很不好。,图一群中有好友“觉”，再次添加好友时，会同样列出该好友“觉”如图二所示。图二的好友不能进行添加，那么列出该好友，用户体验很不好。,,Functional-Social,other,chat,cannot_or_fail,other.chat.cannot_or_fail,N,High,1,华为运动,华为运动,10010000012421,other.chat.cannot_or_fail,图一群中有好友“觉”，再次添加好友时，会同样列出该好友“觉”如图二所示。图二的好友不能进行添加，那么列出该好友，用户体验很不好。,primary_clue,64,54,图一群中有好友 觉 再次添加好友时 会同样列出该好友 觉 如图二所示 图二的好友不能进行添加 那么列出该好友 用户体验很不好,1,
10010000012456,在发现，我的好友，聊天界面中，在输入框输入表情然后复制表情再粘贴时，粘贴到600字符上限时，最后一个表情因字符数限制无法正常显示。,在发现，我的好友，聊天界面中，在输入框输入表情然后复制表情再粘贴时，粘贴到600字符上限时，最后一个表情因字符数限制无法正常显示。,,Functional-Social,message_send,input_box,cannot_or_fail,message_send.input_box.cannot_or_fail,N,High,1,华为运动,华为运动,10010000012456,message_send.input_box.cannot_or_fail,在发现，我的好友，聊天界面中，在输入框输入表情然后复制表情再粘贴时，粘贴到600字符上限时，最后一个表情因字符数限制无法正常显示。,primary_clue,65,59,在发现 我的好友 聊天界面中 在输入框输入表情然后复制表情再粘贴时 粘贴到600字符上限时 最后一个表情因字符数限制无法正常显示,1,
10010000012471,用户在进行好友搜索时，只能进行准确号码或准确昵称搜岁，不能实现模糊搜索，搜索效率低，功能不完整,用户在进行好友搜索时，只能进行准确号码或准确昵称搜岁，不能实现模糊搜索，搜索效率低，功能不完整,,Functional-Search,search,chat,cannot_or_fail,search.chat.cannot_or_fail,N,High,1,华为运动,华为运动,10010000012471,search.chat.cannot_or_fail,用户在进行好友搜索时，只能进行准确号码或准确昵称搜岁，不能实现模糊搜索，搜索效率低，功能不完整,primary_clue,47,43,用户在进行好友搜索时 只能进行准确号码或准确昵称搜岁 不能实现模糊搜索 搜索效率低 功能不完整,1,
10010000012487,在进入我的页面后，点击头像进入帐号中心，点击好友后，选择好友，想要发送信息，却发现无法完成发送信息，发消息的按钮不能点击。,在进入我的页面后，点击头像进入帐号中心，点击好友后，选择好友，想要发送信息，却发现无法完成发送信息，发消息的按钮不能点击。,,Functional-Social,message_send,button_icon,cannot_or_fail,message_send.button_icon.cannot_or_fail,N,High,1,华为运动,华为运动,10010000012487,message_send.button_icon.cannot_or_fail,在进入我的页面后，点击头像进入帐号中心，点击好友后，选择好友，想要发送信息，却发现无法完成发送信息，发消息的按钮不能点击。,primary_clue,61,54,在进入我的页面后 点击头像进入帐号中心 点击好友后 选择好友 想要发送信息 却发现无法完成发送信息 发消息的按钮不能点击,1,
10010000012533,用户在使用开始跑步功能不能邀请好友一块进行。,用户在使用开始跑步功能不能邀请好友一块进行。,,Functional-Social,run_walk,chat,cannot_or_fail,run_walk.chat.cannot_or_fail,N,High,1,华为运动,华为运动,10010000012533,run_walk.chat.cannot_or_fail,用户在使用开始跑步功能不能邀请好友一块进行。,primary_clue,22,21,用户在使用开始跑步功能不能邀请好友一块进行,1,
10010000012535,在发现界面中的排行榜中，当我点击爱心小按钮时，他提出HIA没有好友点赞，然而此时我还没有好有，应用应该弹出当前关注我的人数为0，并且提供我的好友那个界面的链接,在发现界面中的排行榜中，当我点击爱心小按钮时，他提出HIA没有好友点赞，然而此时我还没有好有，应用应该弹出当前关注我的人数为0，并且提…,,Functional-Share,share,button_icon,other,share.button_icon.other,N,High,1,华为运动,华为运动,10010000012535,share.button_icon.other,在发现界面中的排行榜中，当我点击爱心小按钮时，他提出HIA没有好友点赞，然而此时我还没有好有，应用应该弹出当前关注我的人数为0，并且提…,primary_clue,68,62,在发现界面中的排行榜中 当我点击爱心小按钮时 他提出hia没有好友点赞 然而此时我还没有好有 应用应该弹出当前关注我的人数为0 并且提,1,
10010000012575,高度变化时，登高变化不变，对高度变化不够敏感,高度变化时，登高变化不变，对高度变化不够敏感,,Other,other,other,other,other.other.other,N,Medium,1,华为运动,华为运动,10010000012575,other.other.other,高度变化时，登高变化不变，对高度变化不够敏感,primary_clue,22,20,高度变化时 登高变化不变 对高度变化不够敏感,1,
10010000012577,成功登录，进入发现界面，点击该界面的“我的好友”后进入好友列表界面，见截图1；点击好友lzk一栏，进入好友详细资料界面，该界面的发消息按钮应该呈激活状态并可点击，但是测试时发现该按钮呈未激活状态，不可点击，见截图2,成功登录，进入发现界面，点击该界面的“我的好友”后进入好友列表界面，见截图1,点击好友lzk一栏，进入好友详细资料界面，该界面的发消息按钮应该呈激活状态并可点击，但是测试时发现该按钮呈未激活状态，不可点击，见截图2,Functional-Account,login,page_view,other,login.page_view.other,Y,Medium,2,华为运动,华为运动,10010000012577,login.page_view.other,成功登录，进入发现界面，点击该界面的“我的好友”后进入好友列表界面，见截图1,primary_clue,38,33,成功登录 进入发现界面 点击该界面的 我的好友 后进入好友列表界面 见截图1,1,
10010000012580,"用户收到来自好友的消息时，只有进入发现-我的好友中才可看到通知。建议在上级""发现""界面中加入通知功能",用户收到来自好友的消息时，只有进入发现,"我的好友中才可看到通知。建议在上级""发现""界面中加入通知功能",Functional-Social,message_send,chat,other,message_send.chat.other,Y,Medium,2,华为运动,华为运动,10010000012580,message_send.chat.other,用户收到来自好友的消息时，只有进入发现,primary_clue,19,18,用户收到来自好友的消息时 只有进入发现,1,
10010000012604,"问题描述:群聊设置页面，显示群成员昵称失效
前置条件:已进入群聊设置界面
步骤:
1.将显示群成员昵称关闭
2.点击聊天信息中一名成员信息
预期结果:
1.群昵称关闭后，聊天信息成员名显示不为昵称
2.该成员姓名显示为昵称",问题描述:群聊设置页面，显示群成员昵称失效,前置条件:已进入群聊设置界面 || 将显示群成员昵称关闭 || 点击聊天信息中一名成员信息 || 群昵称关闭后，聊天信息成员名显示不为昵称 || 该成员姓名显示为昵称,Functional-Social,groupchat,page_view,wrong_value,groupchat.page_view.wrong_value,Y,Medium,6,华为运动,华为运动,10010000012604,groupchat.page_view.wrong_value,问题描述:群聊设置页面，显示群成员昵称失效,primary_clue,21,19,问题描述 群聊设置页面 显示群成员昵称失效,1,
10010000012614,发现，消息栏目，在消息查看的时候，出现重复出现的情况，同一个讨论组，消息不同步，而且重复出现,发现，消息栏目，在消息查看的时候，出现重复出现的情况，同一个讨论组，消息不同步，而且重复出现,,Functional-Social,message_send,chat,other,message_send.chat.other,N,High,1,华为运动,华为运动,10010000012614,message_send.chat.other,发现，消息栏目，在消息查看的时候，出现重复出现的情况，同一个讨论组，消息不同步，而且重复出现,primary_clue,46,40,发现 消息栏目 在消息查看的时候 出现重复出现的情况 同一个讨论组 消息不同步 而且重复出现,1,
10010000012648,成功登录应用，进入发现界面，点击该界面的“我的好友”，进入好友列表界面，见截图1；点击发起群聊，进入选择群聊好友界面，见截图2；选择一名好友，如lzk，点击右上角的打勾图标，应该提示群聊人少不少于3人，但是测试时发现并没有提示，界面直接跳转至和lzk单独聊天的界面，见截图3,成功登录应用，进入发现界面，点击该界面的“我的好友”，进入好友列表界面，见截图1,点击发起群聊，进入选择群聊好友界面，见截图2 || 选择一名好友，如lzk，点击右上角的打勾图标，应该提示群聊人少不少于3人，但是测试时发现并没有提示，界面直接跳转至和lzk单独聊天的界面，见截图3,Functional-Account,login,page_view,other,login.page_view.other,Y,Medium,3,华为运动,华为运动,10010000012648,login.page_view.other,成功登录应用，进入发现界面，点击该界面的“我的好友”，进入好友列表界面，见截图1,primary_clue,40,34,成功登录应用 进入发现界面 点击该界面的 我的好友 进入好友列表界面 见截图1,1,
10010000012377,在首页的第一部分的最上面的抽奖字样点击一次返回之后会消失，必须退出重新登录才会有，用户可能错误点击了返回，但是想重新进入时，没有显示在原先的地方，也不知道去哪里找,在首页的第一部分的最上面的抽奖字样点击一次返回之后会消失，必须退出重新登录才会有，用户可能错误点击了返回，但是想重新进入时，没有显示在…,,Functional-Account,login,page_view,wrong_value,login.page_view.wrong_value,N,High,1,华为运动,华为运动,10010000012377,login.page_view.wrong_value,在首页的第一部分的最上面的抽奖字样点击一次返回之后会消失，必须退出重新登录才会有，用户可能错误点击了返回，但是想重新进入时，没有显示在…,primary_clue,68,63,在首页的第一部分的最上面的抽奖字样点击一次返回之后会消失 必须退出重新登录才会有 用户可能错误点击了返回 但是想重新进入时 没有显示在,1,
10010000012402,如若不小心进入了开始跑步的状态，无法用退出键退出，只能先暂停，然后再点结束跑步,如若不小心进入了开始跑步的状态，无法用退出键退出，只能先暂停，然后再点结束跑步,,Functional-Tracking,run_walk,other,cannot_or_fail,run_walk.other.cannot_or_fail,N,High,1,华为运动,华为运动,10010000012402,run_walk.other.cannot_or_fail,如若不小心进入了开始跑步的状态，无法用退出键退出，只能先暂停，然后再点结束跑步,primary_clue,39,36,如若不小心进入了开始跑步的状态 无法用退出键退出 只能先暂停 然后再点结束跑步,1,
10010000012420,在跑步界面，点击左下角锁定按钮后，屏幕锁定的只是屏幕下半区显示跑步时间等的区域，上方的地图和底部的三个系统按钮仍然可以操作，这样可能造成跑步过程中的误触问题。,在跑步界面，点击左下角锁定按钮后，屏幕锁定的只是屏幕下半区显示跑步时间等的区域，上方的地图和底部的三个系统按钮仍然可以操作，这样可能造…,,Functional-Tracking,run_walk,button_icon,other,run_walk.button_icon.other,N,High,1,华为运动,华为运动,10010000012420,run_walk.button_icon.other,在跑步界面，点击左下角锁定按钮后，屏幕锁定的只是屏幕下半区显示跑步时间等的区域，上方的地图和底部的三个系统按钮仍然可以操作，这样可能造…,primary_clue,68,63,在跑步界面 点击左下角锁定按钮后 屏幕锁定的只是屏幕下半区显示跑步时间等的区域 上方的地图和底部的三个系统按钮仍然可以操作 这样可能造,1,
10010000012429,跑步模式下，建议有一个定位当前点的功能。地图放大之后，找回当前点比较麻烦,跑步模式下，建议有一个定位当前点的功能。地图放大之后，找回当前点比较麻烦,,Functional-Tracking,gps_track,gps,other,gps_track.gps.other,N,High,1,华为运动,华为运动,10010000012429,gps_track.gps.other,跑步模式下，建议有一个定位当前点的功能。地图放大之后，找回当前点比较麻烦,primary_clue,36,33,跑步模式下 建议有一个定位当前点的功能 地图放大之后 找回当前点比较麻烦,1,
10010000012469,首页～开始运动，手机提示允许Gps访问，点击确定后，定位正常，可是定位地图页面没有返回图标，且无法返回跑步页面，我在后台关闭应用后才正常。,首页～开始运动，手机提示允许Gps访问，点击确定后，定位正常，可是定位地图页面没有返回图标，且无法返回跑步页面，我在后台关闭应用后才正常。,,Functional-Tracking,gps_track,button_icon,cannot_or_fail,gps_track.button_icon.cannot_or_fail,N,High,1,华为运动,华为运动,10010000012469,gps_track.button_icon.cannot_or_fail,首页～开始运动，手机提示允许Gps访问，点击确定后，定位正常，可是定位地图页面没有返回图标，且无法返回跑步页面，我在后台关闭应用后才正常。,primary_clue,69,61,首页 开始运动 手机提示允许gps访问 点击确定后 定位正常 可是定位地图页面没有返回图标 且无法返回跑步页面 我在后台关闭应用后才正常,1,
10010000012519,用户在想停止跑步时，点击暂停按钮，然后出现的两个按钮含义太模糊，考虑到使用该APP的老年用户很多，此时候的退出或者继续或者运动记录的回放既没有相关提示，也没有教程。用户体验感很差,用户在想停止跑步时，点击暂停按钮，然后出现的两个按钮含义太模糊，考虑到使用该APP的老年用户很多，此时候的退出或者继续或者运动记录的回…,,Functional-Tracking,run_walk,button_icon,other,run_walk.button_icon.other,N,High,1,华为运动,华为运动,10010000012519,run_walk.button_icon.other,用户在想停止跑步时，点击暂停按钮，然后出现的两个按钮含义太模糊，考虑到使用该APP的老年用户很多，此时候的退出或者继续或者运动记录的回…,primary_clue,68,63,用户在想停止跑步时 点击暂停按钮 然后出现的两个按钮含义太模糊 考虑到使用该app的老年用户很多 此时候的退出或者继续或者运动记录的回,1,
10010000012559,在跑步过程中想要结束运动时，操作太过于繁琐，需要进行三步到四步才能停止跑步，用户体验极为不佳！！！！,在跑步过程中想要结束运动时，操作太过于繁琐，需要进行三步到四步才能停止跑步，用户体验极为不佳！！！！,,Functional-Tracking,run_walk,other,other,run_walk.other.other,N,High,1,华为运动,华为运动,10010000012559,run_walk.other.other,在跑步过程中想要结束运动时，操作太过于繁琐，需要进行三步到四步才能停止跑步，用户体验极为不佳！！！！,primary_clue,50,43,在跑步过程中想要结束运动时 操作太过于繁琐 需要进行三步到四步才能停止跑步 用户体验极为不佳,1,
10010000012610,"在从""发现""页面进入到活动页面查看某一个具体活动的详细信息页面，点击页面左上角的返回按钮，没有返回到活动列表页面，而是返回到了""发现""页面，如果用户需要查看其他活动的详细信息，还需要重新从""发现""页面进入，比较麻烦。","在从""发现""页面进入到活动页面查看某一个具体活动的详细信息页面，点击页面左上角的返回按钮，没有返回到活动列表页面，而是返回到了""发现""…",,UI/Display,other,button_icon,other,other.button_icon.other,N,Medium,1,华为运动,华为运动,10010000012610,other.button_icon.other,"在从""发现""页面进入到活动页面查看某一个具体活动的详细信息页面，点击页面左上角的返回按钮，没有返回到活动列表页面，而是返回到了""发现""…",primary_clue,68,60,在从 发现 页面进入到活动页面查看某一个具体活动的详细信息页面 点击页面左上角的返回按钮 没有返回到活动列表页面 而是返回到了 发现,1,
10010000012616,发现_我的好友，好友那块有提示，推荐添加的好友，点击查看后，在新的好友添加好友，页面无返回键,发现_我的好友，好友那块有提示，推荐添加的好友，点击查看后，在新的好友添加好友，页面无返回键,,Functional-Social,other,button_icon,other,other.button_icon.other,N,High,1,华为运动,华为运动,10010000012616,other.button_icon.other,发现_我的好友，好友那块有提示，推荐添加的好友，点击查看后，在新的好友添加好友，页面无返回键,primary_clue,46,40,发现 我的好友 好友那块有提示 推荐添加的好友 点击查看后 在新的好友添加好友 页面无返回键,1,
10010000012303,成功登录应用进入首页，点击体重模块的记录按钮，见截图1；对日期进行选择操作，见截图2；该应用应该是记录从用户开始使用这个应用时，以及之后的体重变化情况；但是测试时发现，可选择使用该应用之前的日期，见截图3,成功登录应用进入首页，点击体重模块的记录按钮，见截图1,对日期进行选择操作，见截图2 || 该应用应该是记录从用户开始使用这个应用时，以及之后的体重变化情况 || 但是测试时发现，可选择使用该应用之前的日期，见截图3,Functional-Account,login,button_icon,other,login.button_icon.other,Y,Medium,4,华为运动,华为运动,10010000012303,login.button_icon.other,成功登录应用进入首页，点击体重模块的记录按钮，见截图1,primary_clue,27,25,成功登录应用进入首页 点击体重模块的记录按钮 见截图1,1,
10010000012342,在用户登录界面中，没有提示用户用户名和密码上限字符，并且在密码输入31个字符时不让继续输入但是没有提示，功能不完整。,在用户登录界面中，没有提示用户用户名和密码上限字符，并且在密码输入31个字符时不让继续输入但是没有提示，功能不完整。,,Functional-Account,login,page_view,no_prompt,login.page_view.no_prompt,N,High,1,华为运动,华为运动,10010000012342,login.page_view.no_prompt,在用户登录界面中，没有提示用户用户名和密码上限字符，并且在密码输入31个字符时不让继续输入但是没有提示，功能不完整。,primary_clue,58,54,在用户登录界面中 没有提示用户用户名和密码上限字符 并且在密码输入31个字符时不让继续输入但是没有提示 功能不完整,1,
10010000012358,设置昵称时，实际上是有长度限制的，但没有显示出来,设置昵称时，实际上是有长度限制的，但没有显示出来,,Other,settings,page_view,other,settings.page_view.other,N,Medium,1,华为运动,华为运动,10010000012358,settings.page_view.other,设置昵称时，实际上是有长度限制的，但没有显示出来,primary_clue,24,22,设置昵称时 实际上是有长度限制的 但没有显示出来,1,
10010000012392,"问题描述:步数历史详情页，日历史步数下点击条形图多次才可成功建议优化
前置条件:已进入步数详情页的日步数详情
步骤:
1.点击任意一条形图
2.再次点击该条形图
预期结果:
1.条形图上步数消失
2.条形图上显示步数
实际结果:
1.步数不消失
2.显示步数",问题描述:步数历史详情页，日历史步数下点击条形图多次才可成功建议优化,前置条件:已进入步数详情页的日步数详情 || 点击任意一条形图 || 再次点击该条形图 || 条形图上步数消失 || 条形图上显示步数 || 步数不消失 || 显示步数,Functional-Tracking,step_count,step,other,step_count.step.other,Y,Medium,8,华为运动,华为运动,10010000012392,step_count.step.other,问题描述:步数历史详情页，日历史步数下点击条形图多次才可成功建议优化,primary_clue,34,32,问题描述 步数历史详情页 日历史步数下点击条形图多次才可成功建议优化,1,
10010000012393,个人资料中生日这一栏我有异议，首先有必要设为非公开吗？其次作为一个跑步软件，知道用户生日的必要性不高,个人资料中生日这一栏我有异议，首先有必要设为非公开吗？其次作为一个跑步软件，知道用户生日的必要性不高,,Functional-Tracking,run_walk,other,other,run_walk.other.other,N,High,1,华为运动,华为运动,10010000012393,run_walk.other.other,个人资料中生日这一栏我有异议，首先有必要设为非公开吗？其次作为一个跑步软件，知道用户生日的必要性不高,primary_clue,50,47,个人资料中生日这一栏我有异议 首先有必要设为非公开吗 其次作为一个跑步软件 知道用户生日的必要性不高,1,
10010000012403,在注册用户的过程中，手机号输入多一位或者少一位，不会提示手机号码输入错误，只会显示验证码发送失败。,在注册用户的过程中，手机号输入多一位或者少一位，不会提示手机号码输入错误，只会显示验证码发送失败。,,Functional-Account,register,other,wrong_value,register.other.wrong_value,N,High,1,华为运动,华为运动,10010000012403,register.other.wrong_value,在注册用户的过程中，手机号输入多一位或者少一位，不会提示手机号码输入错误，只会显示验证码发送失败。,primary_clue,49,45,在注册用户的过程中 手机号输入多一位或者少一位 不会提示手机号码输入错误 只会显示验证码发送失败,1,
10010000012409,在修改体重记录时，提示手动输入，但是体重最大值为149公斤，并且体重过大的人想要找到需要滑动很久并不是实现了手动输入,在修改体重记录时，提示手动输入，但是体重最大值为149公斤，并且体重过大的人想要找到需要滑动很久并不是实现了手动输入,,Other,other,list_item,wrong_value,other.list_item.wrong_value,N,High,1,华为运动,华为运动,10010000012409,other.list_item.wrong_value,在修改体重记录时，提示手动输入，但是体重最大值为149公斤，并且体重过大的人想要找到需要滑动很久并不是实现了手动输入,primary_clue,58,55,在修改体重记录时 提示手动输入 但是体重最大值为149公斤 并且体重过大的人想要找到需要滑动很久并不是实现了手动输入,1,
10010000012416,在设置密码的过程中，输入超过32位的字符，虽然现实输入已达上限，但是还是可以继续输入。,在设置密码的过程中，输入超过32位的字符，虽然现实输入已达上限，但是还是可以继续输入。,,Functional-Account,settings,page_view,other,settings.page_view.other,N,High,1,华为运动,华为运动,10010000012416,settings.page_view.other,在设置密码的过程中，输入超过32位的字符，虽然现实输入已达上限，但是还是可以继续输入。,primary_clue,43,39,在设置密码的过程中 输入超过32位的字符 虽然现实输入已达上限 但是还是可以继续输入,1,
10010000012461,用户对好友进行备注修改时，没有字数提示要求，但在输入一定字符时不能继续输入,用户对好友进行备注修改时，没有字数提示要求，但在输入一定字符时不能继续输入,,Functional-Social,other,chat,cannot_or_fail,other.chat.cannot_or_fail,N,High,1,华为运动,华为运动,10010000012461,other.chat.cannot_or_fail,用户对好友进行备注修改时，没有字数提示要求，但在输入一定字符时不能继续输入,primary_clue,37,35,用户对好友进行备注修改时 没有字数提示要求 但在输入一定字符时不能继续输入,1,
10010000012477,在设置昵称的过程中，设置的昵称为空格，但是点击确认后，昵称一栏显示的是未设置。个性签名一栏也是这个情况。,在设置昵称的过程中，设置的昵称为空格，但是点击确认后，昵称一栏显示的是未设置。个性签名一栏也是这个情况。,,Other,settings,page_view,other,settings.page_view.other,N,Medium,1,华为运动,华为运动,10010000012477,settings.page_view.other,在设置昵称的过程中，设置的昵称为空格，但是点击确认后，昵称一栏显示的是未设置。个性签名一栏也是这个情况。,primary_clue,52,47,在设置昵称的过程中 设置的昵称为空格 但是点击确认后 昵称一栏显示的是未设置 个性签名一栏也是这个情况,1,
10010000012496,成功登录应用进入首页，点击血压模块的记录按钮，见截图1；对日期进行选择操作，见截图2；该应用应该是记录从用户开始使用这个应用时，以及之后的血压变化情况；但是测试时发现，可选择使用该应用之前的日期，见截图3,成功登录应用进入首页，点击血压模块的记录按钮，见截图1,对日期进行选择操作，见截图2 || 该应用应该是记录从用户开始使用这个应用时，以及之后的血压变化情况 || 但是测试时发现，可选择使用该应用之前的日期，见截图3,Functional-Account,login,button_icon,other,login.button_icon.other,Y,Medium,4,华为运动,华为运动,10010000012496,login.button_icon.other,成功登录应用进入首页，点击血压模块的记录按钮，见截图1,primary_clue,27,25,成功登录应用进入首页 点击血压模块的记录按钮 见截图1,1,
10010000012497,在个性设置中，输入姓名，系统不会检测姓名是否为真的姓名，那这个样子，这个姓名和昵称的作用就一样了。,在个性设置中，输入姓名，系统不会检测姓名是否为真的姓名，那这个样子，这个姓名和昵称的作用就一样了。,,Other,settings,page_view,other,settings.page_view.other,N,Medium,1,华为运动,华为运动,10010000012497,settings.page_view.other,在个性设置中，输入姓名，系统不会检测姓名是否为真的姓名，那这个样子，这个姓名和昵称的作用就一样了。,primary_clue,49,44,在个性设置中 输入姓名 系统不会检测姓名是否为真的姓名 那这个样子 这个姓名和昵称的作用就一样了,1,
10010000012503,新用户登陆前进行注册，注册时使用手机号进行注册，当手机号填错时，多写一位，注册失败，提示信息为获取验证码失败而不是手机号错误,新用户登陆前进行注册，注册时使用手机号进行注册，当手机号填错时，多写一位，注册失败，提示信息为获取验证码失败而不是手机号错误,,Functional-Account,register,other,wrong_value,register.other.wrong_value,N,High,1,华为运动,华为运动,10010000012503,register.other.wrong_value,新用户登陆前进行注册，注册时使用手机号进行注册，当手机号填错时，多写一位，注册失败，提示信息为获取验证码失败而不是手机号错误,primary_clue,62,57,新用户登陆前进行注册 注册时使用手机号进行注册 当手机号填错时 多写一位 注册失败 提示信息为获取验证码失败而不是手机号错误,1,
10010000012510,注册设置密码时，密码输入错误，而且选择隐式显示密码，输错时不能确定哪位输错，只能逐个字符删除，不能一次删除,注册设置密码时，密码输入错误，而且选择隐式显示密码，输错时不能确定哪位输错，只能逐个字符删除，不能一次删除,,Functional-Account,register,page_view,wrong_value,register.page_view.wrong_value,N,High,1,华为运动,华为运动,10010000012510,register.page_view.wrong_value,注册设置密码时，密码输入错误，而且选择隐式显示密码，输错时不能确定哪位输错，只能逐个字符删除，不能一次删除,primary_clue,53,48,注册设置密码时 密码输入错误 而且选择隐式显示密码 输错时不能确定哪位输错 只能逐个字符删除 不能一次删除,1,
10010000012511,成功登录应用进入首页，点击血糖模块的记录按钮，见截图1；对日期进行选择操作，见截图2；该应用应该是记录从用户开始使用这个应用时，以及之后的血糖变化情况；但是测试时发现，可选择使用该应用之前的日期，见截图3,成功登录应用进入首页，点击血糖模块的记录按钮，见截图1,对日期进行选择操作，见截图2 || 该应用应该是记录从用户开始使用这个应用时，以及之后的血糖变化情况 || 但是测试时发现，可选择使用该应用之前的日期，见截图3,Functional-Account,login,button_icon,other,login.button_icon.other,Y,Medium,4,华为运动,华为运动,10010000012511,login.button_icon.other,成功登录应用进入首页，点击血糖模块的记录按钮，见截图1,primary_clue,27,25,成功登录应用进入首页 点击血糖模块的记录按钮 见截图1,1,
10010000012528,"1、点击启动运动健康，进入首页，点击窗口上方的“我的”选项卡；
2、在“我的”界面，点击目标，进入目标页面
3、先拿一个手指选中滑动条
4、手指不要离开屏幕，增加手指数目
5、然后滑动，在屏幕上几根手指任意滑动（上下也可以）
6、此时运动目标一致在刷新",点击启动运动健康，进入首页，点击窗口上方的“我的”选项卡,在“我的”界面，点击目标，进入目标页面 || 先拿一个手指选中滑动条 || 手指不要离开屏幕，增加手指数目 || 然后滑动，在屏幕上几根手指任意滑动（上下也可以） || 此时运动目标一致在刷新,Functional-Tracking,run_walk,page_view,other,run_walk.page_view.other,Y,Medium,6,华为运动,华为运动,10010000012528,run_walk.page_view.other,点击启动运动健康，进入首页，点击窗口上方的“我的”选项卡,primary_clue,28,24,点击启动运动健康 进入首页 点击窗口上方的 我的 选项卡,1,
10010000012549,个性设置的时候，设置生日，选择月份的时候，一个不小心滑过了，直接到下一月份，或者是在选择年份的时候，而不会从头再来。,个性设置的时候，设置生日，选择月份的时候，一个不小心滑过了，直接到下一月份，或者是在选择年份的时候，而不会从头再来。,,Other,settings,page_view,other,settings.page_view.other,N,Medium,1,华为运动,华为运动,10010000012549,settings.page_view.other,个性设置的时候，设置生日，选择月份的时候，一个不小心滑过了，直接到下一月份，或者是在选择年份的时候，而不会从头再来。,primary_clue,58,51,个性设置的时候 设置生日 选择月份的时候 一个不小心滑过了 直接到下一月份 或者是在选择年份的时候 而不会从头再来,1,
10010000012617,在我的里面设置个人信息，设置身高时，会出现一个上下滑动选择的控件，这个控件只能上下滑动，不能进行点击操作，非常不方便，用户体验差！！,在我的里面设置个人信息，设置身高时，会出现一个上下滑动选择的控件，这个控件只能上下滑动，不能进行点击操作，非常不方便，用户体验差！！,,UI/Display,settings,page_view,cannot_or_fail,settings.page_view.cannot_or_fail,N,Medium,1,华为运动,华为运动,10010000012617,settings.page_view.cannot_or_fail,在我的里面设置个人信息，设置身高时，会出现一个上下滑动选择的控件，这个控件只能上下滑动，不能进行点击操作，非常不方便，用户体验差！！,primary_clue,66,58,在我的里面设置个人信息 设置身高时 会出现一个上下滑动选择的控件 这个控件只能上下滑动 不能进行点击操作 非常不方便 用户体验差,1,
10010000012618,设置体重的时候，日期设置为当前时间的前一年的前一天，点击保存，没有提示当前时间过早，进入记录查看，没有显示添加的记录。,设置体重的时候，日期设置为当前时间的前一年的前一天，点击保存，没有提示当前时间过早，进入记录查看，没有显示添加的记录。,,Other,settings,page_view,no_prompt,settings.page_view.no_prompt,N,High,1,华为运动,华为运动,10010000012618,settings.page_view.no_prompt,设置体重的时候，日期设置为当前时间的前一年的前一天，点击保存，没有提示当前时间过早，进入记录查看，没有显示添加的记录。,primary_clue,59,53,设置体重的时候 日期设置为当前时间的前一年的前一天 点击保存 没有提示当前时间过早 进入记录查看 没有显示添加的记录,1,
10010000012626,长按发送内容弹出转发和删除，更多，复制几个功能，点击更多后，依然还是转发和删除,长按发送内容弹出转发和删除，更多，复制几个功能，点击更多后，依然还是转发和删除,,Other,message_send,other,other,message_send.other.other,N,Medium,1,华为运动,华为运动,10010000012626,message_send.other.other,长按发送内容弹出转发和删除，更多，复制几个功能，点击更多后，依然还是转发和删除,primary_clue,39,35,长按发送内容弹出转发和删除 更多 复制几个功能 点击更多后 依然还是转发和删除,1,
10010000012657,在我的，目标当中，修改目标，不点击保存退出，系统不会提示是否保存。,在我的，目标当中，修改目标，不点击保存退出，系统不会提示是否保存。,,Other,settings,other,other,settings.other.other,N,Medium,1,华为运动,华为运动,10010000012657,settings.other.other,在我的，目标当中，修改目标，不点击保存退出，系统不会提示是否保存。,primary_clue,33,28,在我的 目标当中 修改目标 不点击保存退出 系统不会提示是否保存,1,
10010000012661,"编辑计划名称时，设置输入的字符长度过长，修改完之后，界面不是很美观
建议：限制字符长度到10以内",编辑计划名称时，设置输入的字符长度过长，修改完之后，界面不是很美观,建议：限制字符长度到10以内,UI/Display,settings,page_view,other,settings.page_view.other,Y,Medium,2,华为运动,华为运动,10010000012661,settings.page_view.other,编辑计划名称时，设置输入的字符长度过长，修改完之后，界面不是很美观,primary_clue,33,30,编辑计划名称时 设置输入的字符长度过长 修改完之后 界面不是很美观,1,
10010000012331,"设定比赛目标:在设定比赛目标时 ""正在准备比赛按钮""显示灰色，让人以为不能点击，应该在旁边设定一个提示""关""","设定比赛目标:在设定比赛目标时 ""正在准备比赛按钮""显示灰色，让人以为不能点击，应该在旁边设定一个提示""关",,UI/Display,settings,button_icon,cannot_or_fail,settings.button_icon.cannot_or_fail,N,Medium,1,华为运动,华为运动,10010000012331,settings.button_icon.cannot_or_fail,"设定比赛目标:在设定比赛目标时 ""正在准备比赛按钮""显示灰色，让人以为不能点击，应该在旁边设定一个提示""关",primary_clue,53,46,设定比赛目标 在设定比赛目标时 正在准备比赛按钮 显示灰色 让人以为不能点击 应该在旁边设定一个提示 关,1,
10010000012369,已被清除的聊天记录可以反复进行清空。应给出提示信息，聊天信息已删除，不要可以反复进行聊天信息删除，用户体验不好,已被清除的聊天记录可以反复进行清空。应给出提示信息，聊天信息已删除，不要可以反复进行聊天信息删除，用户体验不好,,Functional-Social,message_send,list_item,other,message_send.list_item.other,N,High,1,华为运动,华为运动,10010000012369,message_send.list_item.other,已被清除的聊天记录可以反复进行清空。应给出提示信息，聊天信息已删除，不要可以反复进行聊天信息删除，用户体验不好,primary_clue,55,51,已被清除的聊天记录可以反复进行清空 应给出提示信息 聊天信息已删除 不要可以反复进行聊天信息删除 用户体验不好,1,
10010000012382,在”发现“功能中仅有一张图片，内容较少，比较单一，建议改为多图流动形式,在”发现“功能中仅有一张图片，内容较少，比较单一，建议改为多图流动形式,,UI/Display,other,image_banner,other,other.image_banner.other,N,Medium,1,华为运动,华为运动,10010000012382,other.image_banner.other,在”发现“功能中仅有一张图片，内容较少，比较单一，建议改为多图流动形式,primary_clue,35,30,在 发现 功能中仅有一张图片 内容较少 比较单一 建议改为多图流动形式,1,
10010000012408,没有记录的数据显示默认的图形，容易误导用户。,没有记录的数据显示默认的图形，容易误导用户。,,Other,other,list_item,other,other.list_item.other,N,Medium,1,华为运动,华为运动,10010000012408,other.list_item.other,没有记录的数据显示默认的图形，容易误导用户。,primary_clue,22,20,没有记录的数据显示默认的图形 容易误导用户,1,
10010000012413,"在""发现""tab中，上层的滑动广告中，布局无法将两张广告图片的信息完整显示。","在""发现""tab中，上层的滑动广告中，布局无法将两张广告图片的信息完整显示。",,UI/Display,other,page_view,layout_issue,other.page_view.layout_issue,N,High,1,华为运动,华为运动,10010000012413,other.page_view.layout_issue,"在""发现""tab中，上层的滑动广告中，布局无法将两张广告图片的信息完整显示。",primary_clue,38,33,在 发现 tab中 上层的滑动广告中 布局无法将两张广告图片的信息完整显示,1,
10010000012439,在首页点击步数，进入步数页面，显示步数，点击空白处，步数就会消失，在热量页面也是这种现象。影响用户体验,在首页点击步数，进入步数页面，显示步数，点击空白处，步数就会消失，在热量页面也是这种现象。影响用户体验,,Functional-Tracking,step_count,page_view,other,step_count.page_view.other,N,High,1,华为运动,华为运动,10010000012439,step_count.page_view.other,在首页点击步数，进入步数页面，显示步数，点击空白处，步数就会消失，在热量页面也是这种现象。影响用户体验,primary_clue,51,45,在首页点击步数 进入步数页面 显示步数 点击空白处 步数就会消失 在热量页面也是这种现象 影响用户体验,1,
10010000012455,在用户好友界面，点击好友出现详细资料界面，好友资料并不详细，点击头像出现的仅是圆形小图标，不是头像大图。,在用户好友界面，点击好友出现详细资料界面，好友资料并不详细，点击头像出现的仅是圆形小图标，不是头像大图。,,Functional-Social,other,button_icon,other,other.button_icon.other,N,High,1,华为运动,华为运动,10010000012455,other.button_icon.other,在用户好友界面，点击好友出现详细资料界面，好友资料并不详细，点击头像出现的仅是圆形小图标，不是头像大图。,primary_clue,52,47,在用户好友界面 点击好友出现详细资料界面 好友资料并不详细 点击头像出现的仅是圆形小图标 不是头像大图,1,
10010000012457,最上面记录步行步数，运动处运动类型有可以选择步行，功能重复多余,最上面记录步行步数，运动处运动类型有可以选择步行，功能重复多余,,Functional-Tracking,step_count,list_item,other,step_count.list_item.other,N,High,1,华为运动,华为运动,10010000012457,step_count.list_item.other,最上面记录步行步数，运动处运动类型有可以选择步行，功能重复多余,primary_clue,31,29,最上面记录步行步数 运动处运动类型有可以选择步行 功能重复多余,1,
10010000012472,"成功登录并进入应用首页，未发现睡眠模块的记录功能，只有查看详情功能，见截图1
因为没有记录功能，所以查看详情时睡眠模块无数据显示",成功登录并进入应用首页，未发现睡眠模块的记录功能，只有查看详情功能，见截图1,因为没有记录功能，所以查看详情时睡眠模块无数据显示,Functional-Account,login,page_view,other,login.page_view.other,Y,Medium,2,华为运动,华为运动,10010000012472,login.page_view.other,成功登录并进入应用首页，未发现睡眠模块的记录功能，只有查看详情功能，见截图1,primary_clue,38,35,成功登录并进入应用首页 未发现睡眠模块的记录功能 只有查看详情功能 见截图1,1,
10010000012473,首页中，步数下方的8/60分钟含义不清楚，完全没向用户显示出锁代表含义,首页中，步数下方的8/60分钟含义不清楚，完全没向用户显示出锁代表含义,,Functional-Tracking,step_count,page_view,other,step_count.page_view.other,N,High,1,华为运动,华为运动,10010000012473,step_count.page_view.other,首页中，步数下方的8/60分钟含义不清楚，完全没向用户显示出锁代表含义,primary_clue,35,32,首页中 步数下方的8 60分钟含义不清楚 完全没向用户显示出锁代表含义,1,
10010000012485,首页中的每天运动记录柱状高度应该表示的为每天的运动量大小，然而，未来几天还没有测，显示出的柱状图界面容易对用户造成误解,首页中的每天运动记录柱状高度应该表示的为每天的运动量大小，然而，未来几天还没有测，显示出的柱状图界面容易对用户造成误解,,Functional-Tracking,run_walk,page_view,other,run_walk.page_view.other,N,High,1,华为运动,华为运动,10010000012485,run_walk.page_view.other,首页中的每天运动记录柱状高度应该表示的为每天的运动量大小，然而，未来几天还没有测，显示出的柱状图界面容易对用户造成误解,primary_clue,59,56,首页中的每天运动记录柱状高度应该表示的为每天的运动量大小 然而 未来几天还没有测 显示出的柱状图界面容易对用户造成误解,1,
10010000012488,"添加好友后，添加好友群，若所有好友刚开始均为设置用户头像，均为系统默认头像，在群里进行聊天，显示的均为默认头像，多个人聊天时无法确认身份，不知道谁在说话，应该未默认用户头像旁边分配一个用户id,可以将用户区分开。",添加好友后，添加好友群，若所有好友刚开始均为设置用户头像，均为系统默认头像，在群里进行聊天，显示的均为默认头像，多个人聊天时无法确认身…,,Functional-Social,message_send,page_view,cannot_or_fail,message_send.page_view.cannot_or_fail,N,High,1,华为运动,华为运动,10010000012488,message_send.page_view.cannot_or_fail,添加好友后，添加好友群，若所有好友刚开始均为设置用户头像，均为系统默认头像，在群里进行聊天，显示的均为默认头像，多个人聊天时无法确认身…,primary_clue,68,61,添加好友后 添加好友群 若所有好友刚开始均为设置用户头像 均为系统默认头像 在群里进行聊天 显示的均为默认头像 多个人聊天时无法确认身,1,
10010000012537,当开始跑步和停止跑步时的系统提示音太大，出乎意料的就响了，给用户造成极大的不满，甚至吓一跳！！！用户体验极为不好！！,当开始跑步和停止跑步时的系统提示音太大，出乎意料的就响了，给用户造成极大的不满，甚至吓一跳！！！用户体验极为不好！！,,Functional-Tracking,run_walk,other,other,run_walk.other.other,N,High,1,华为运动,华为运动,10010000012537,run_walk.other.other,当开始跑步和停止跑步时的系统提示音太大，出乎意料的就响了，给用户造成极大的不满，甚至吓一跳！！！用户体验极为不好！！,primary_clue,58,50,当开始跑步和停止跑步时的系统提示音太大 出乎意料的就响了 给用户造成极大的不满 甚至吓一跳 用户体验极为不好,1,
10010000012544,在发现页面，选择活动按钮，进入活动页面后，一些已经结束的活动仍然存在，如果用户没有看到活动已结束的话，就会点进去查看活动的详细信息，浪费时间。,在发现页面，选择活动按钮，进入活动页面后，一些已经结束的活动仍然存在，如果用户没有看到活动已结束的话，就会点进去查看活动的详细信息，浪…,,UI/Display,other,button_icon,other,other.button_icon.other,N,Medium,1,华为运动,华为运动,10010000012544,other.button_icon.other,在发现页面，选择活动按钮，进入活动页面后，一些已经结束的活动仍然存在，如果用户没有看到活动已结束的话，就会点进去查看活动的详细信息，浪…,primary_clue,68,61,在发现页面 选择活动按钮 进入活动页面后 一些已经结束的活动仍然存在 如果用户没有看到活动已结束的话 就会点进去查看活动的详细信息 浪,1,
10010000012550,没有搜索功能，用户无法搜索想要的内容,没有搜索功能，用户无法搜索想要的内容,,Functional-Search,search,other,cannot_or_fail,search.other.cannot_or_fail,N,High,1,华为运动,华为运动,10010000012550,search.other.cannot_or_fail,没有搜索功能，用户无法搜索想要的内容,primary_clue,18,17,没有搜索功能 用户无法搜索想要的内容,1,
10010000012558,地图不是很清楚，没有0.5公里播报的功能。一般运动类app都有语音提示用户此时已经运动的距离和步数，使用户可以对自己所运动的情况有一个完整的了解和把握。而此app没有响应功能，属于功能不完整的情况。严重等级为严重。,地图不是很清楚，没有0.5公里播报的功能。一般运动类app都有语音提示用户此时已经运动的距离和步数，使用户可以对自己所运动的情况有一个…,,Functional-Tracking,step_count,step,other,step_count.step.other,N,High,1,华为运动,华为运动,10010000012558,step_count.step.other,地图不是很清楚，没有0.5公里播报的功能。一般运动类app都有语音提示用户此时已经运动的距离和步数，使用户可以对自己所运动的情况有一个…,primary_clue,68,63,地图不是很清楚 没有0 5公里播报的功能 一般运动类app都有语音提示用户此时已经运动的距离和步数 使用户可以对自己所运动的情况有一个,1,
10010000012596,"在步数详细界面，无法导出详细的运动数据
建议：可以导出到Excel",在步数详细界面，无法导出详细的运动数据,建议：可以导出到Excel,Functional-Tracking,step_count,page_view,cannot_or_fail,step_count.page_view.cannot_or_fail,Y,Medium,2,华为运动,华为运动,10010000012596,step_count.page_view.cannot_or_fail,在步数详细界面，无法导出详细的运动数据,primary_clue,19,18,在步数详细界面 无法导出详细的运动数据,1,
10010000012602,标题栏推荐活动中，只推荐了2个活动，但是活动中有4个活动在进行中,标题栏推荐活动中，只推荐了2个活动，但是活动中有4个活动在进行中,,Other,other,other,other,other.other.other,N,Medium,1,华为运动,华为运动,10010000012602,other.other.other,标题栏推荐活动中，只推荐了2个活动，但是活动中有4个活动在进行中,primary_clue,32,30,标题栏推荐活动中 只推荐了2个活动 但是活动中有4个活动在进行中,1,
10010000012629,发现_活动页面，无法进行活动搜索，只能选择推荐的活动,发现_活动页面，无法进行活动搜索，只能选择推荐的活动,,Functional-Search,search,page_view,cannot_or_fail,search.page_view.cannot_or_fail,N,High,1,华为运动,华为运动,10010000012629,search.page_view.cannot_or_fail,发现_活动页面，无法进行活动搜索，只能选择推荐的活动,primary_clue,26,23,发现 活动页面 无法进行活动搜索 只能选择推荐的活动,1,
10010000012633,没有体重和周的月曲线图，而且不能动态查询，比较不方便。,没有体重和周的月曲线图，而且不能动态查询，比较不方便。,,UI/Display,other,other,cannot_or_fail,other.other.cannot_or_fail,N,Medium,1,华为运动,华为运动,10010000012633,other.other.cannot_or_fail,没有体重和周的月曲线图，而且不能动态查询，比较不方便。,primary_clue,27,24,没有体重和周的月曲线图 而且不能动态查询 比较不方便,1,
10010000012636,用户可以不设定昵称，这样在查看排行榜时，根本分不清谁是谁，很不方便。,用户可以不设定昵称，这样在查看排行榜时，根本分不清谁是谁，很不方便。,,UI/Display,other,other,other,other.other.other,N,Medium,1,华为运动,华为运动,10010000012636,other.other.other,用户可以不设定昵称，这样在查看排行榜时，根本分不清谁是谁，很不方便。,primary_clue,34,30,用户可以不设定昵称 这样在查看排行榜时 根本分不清谁是谁 很不方便,1,
10010000012646,发现页面不能进行相关训练搜索，作为初学者，应该预防不合理锻炼对身体造成的伤害，可以进行相关训练视频的推荐进行下载，可以查看对此视频的评论和点击量。针对用户推荐热门视频。,发现页面不能进行相关训练搜索，作为初学者，应该预防不合理锻炼对身体造成的伤害，可以进行相关训练视频的推荐进行下载，可以查看对此视频的评…,,Functional-Search,search,page_view,cannot_or_fail,search.page_view.cannot_or_fail,N,High,1,华为运动,华为运动,10010000012646,search.page_view.cannot_or_fail,发现页面不能进行相关训练搜索，作为初学者，应该预防不合理锻炼对身体造成的伤害，可以进行相关训练视频的推荐进行下载，可以查看对此视频的评…,primary_clue,68,63,发现页面不能进行相关训练搜索 作为初学者 应该预防不合理锻炼对身体造成的伤害 可以进行相关训练视频的推荐进行下载 可以查看对此视频的评,1,
10010000012649,无法按照日期先后排序而是按添加顺序排序,无法按照日期先后排序而是按添加顺序排序,,Other,sort,other,cannot_or_fail,sort.other.cannot_or_fail,N,Medium,1,华为运动,华为运动,10010000012649,sort.other.cannot_or_fail,无法按照日期先后排序而是按添加顺序排序,primary_clue,19,19,无法按照日期先后排序而是按添加顺序排序,1,
10010000012651,睡眠功能没有任何提示信息，不知道如何去用，数据无显示,睡眠功能没有任何提示信息，不知道如何去用，数据无显示,,Other,other,other,other,other.other.other,N,Medium,1,华为运动,华为运动,10010000012651,other.other.other,睡眠功能没有任何提示信息，不知道如何去用，数据无显示,primary_clue,26,24,睡眠功能没有任何提示信息 不知道如何去用 数据无显示,1,
10010000012655,在发现中的排行榜中，只能显示自己与好友的排名，而不能跟同地区，或者更大面的人的对比，功能极为不完整！！！无法得到与别人的对比！！！,在发现中的排行榜中，只能显示自己与好友的排名，而不能跟同地区，或者更大面的人的对比，功能极为不完整！！！无法得到与别人的对比！！！,,Functional-Social,other,chat,cannot_or_fail,other.chat.cannot_or_fail,N,High,1,华为运动,华为运动,10010000012655,other.chat.cannot_or_fail,在发现中的排行榜中，只能显示自己与好友的排名，而不能跟同地区，或者更大面的人的对比，功能极为不完整！！！无法得到与别人的对比！！！,primary_clue,65,55,在发现中的排行榜中 只能显示自己与好友的排名 而不能跟同地区 或者更大面的人的对比 功能极为不完整 无法得到与别人的对比,1,
10010000012662,只能看到整体的运动情况，不能看到我每天的运动情况，对很多用户不方便。,只能看到整体的运动情况，不能看到我每天的运动情况，对很多用户不方便。,,Functional-Tracking,run_walk,other,cannot_or_fail,run_walk.other.cannot_or_fail,N,High,1,华为运动,华为运动,10010000012662,run_walk.other.cannot_or_fail,只能看到整体的运动情况，不能看到我每天的运动情况，对很多用户不方便。,primary_clue,34,31,只能看到整体的运动情况 不能看到我每天的运动情况 对很多用户不方便,1,
10010000012667,在我的卡卡中，只能获得卡卡后才能知道卡卡的具体情况，这个用户极为反感，在不知情的情况下就去进行获得是不情愿的，用户体验极差！！！！,在我的卡卡中，只能获得卡卡后才能知道卡卡的具体情况，这个用户极为反感，在不知情的情况下就去进行获得是不情愿的，用户体验极差！！！！,,UI/Display,other,other,other,other.other.other,N,Medium,1,华为运动,华为运动,10010000012667,other.other.other,在我的卡卡中，只能获得卡卡后才能知道卡卡的具体情况，这个用户极为反感，在不知情的情况下就去进行获得是不情愿的，用户体验极差！！！！,primary_clue,65,57,在我的卡卡中 只能获得卡卡后才能知道卡卡的具体情况 这个用户极为反感 在不知情的情况下就去进行获得是不情愿的 用户体验极差,1,
10010000012669,消息中心无提示，不知道是没有消息还是有问题，应该给用户个提示，这样，用户才不会白等,消息中心无提示，不知道是没有消息还是有问题，应该给用户个提示，这样，用户才不会白等,,Functional-Social,message_send,chat,no_prompt,message_send.chat.no_prompt,N,High,1,华为运动,华为运动,10010000012669,message_send.chat.no_prompt,消息中心无提示，不知道是没有消息还是有问题，应该给用户个提示，这样，用户才不会白等,primary_clue,41,37,消息中心无提示 不知道是没有消息还是有问题 应该给用户个提示 这样 用户才不会白等,1,
10010000012671,没有对个人运动记录，好友数进行显示,没有对个人运动记录，好友数进行显示,,Functional-Social,run_walk,list_item,other,run_walk.list_item.other,N,High,1,华为运动,华为运动,10010000012671,run_walk.list_item.other,没有对个人运动记录，好友数进行显示,primary_clue,17,16,没有对个人运动记录 好友数进行显示,1,
10010000012681,无法收藏发现里面自己运动结果好的运动记录,无法收藏发现里面自己运动结果好的运动记录,,Functional-Tracking,run_walk,list_item,cannot_or_fail,run_walk.list_item.cannot_or_fail,N,High,1,华为运动,华为运动,10010000012681,run_walk.list_item.cannot_or_fail,无法收藏发现里面自己运动结果好的运动记录,primary_clue,20,20,无法收藏发现里面自己运动结果好的运动记录,1,
10010000012395,图一群聊信息界面我的昵称应变成刘，但图二返回群聊信息界面仍显示为我以前的昵称Sunny，修改我的昵称功能没有实现,图一群聊信息界面我的昵称应变成刘，但图二返回群聊信息界面仍显示为我以前的昵称Sunny，修改我的昵称功能没有实现,,Functional-Social,groupchat,page_view,other,groupchat.page_view.other,N,High,1,华为运动,华为运动,10010000012395,groupchat.page_view.other,图一群聊信息界面我的昵称应变成刘，但图二返回群聊信息界面仍显示为我以前的昵称Sunny，修改我的昵称功能没有实现,primary_clue,56,54,图一群聊信息界面我的昵称应变成刘 但图二返回群聊信息界面仍显示为我以前的昵称sunny 修改我的昵称功能没有实现,1,
10010000012553,在我的界面点击头像，进入后修改昵称，修改完成后直接关闭运动健康，再次打开运动健康，进入    我的    界面，显示的昵称仍然是修改前的昵称。,在我的界面点击头像，进入后修改昵称，修改完成后直接关闭运动健康，再次打开运动健康，进入 我的 界面，显示的昵称仍然是修改前的昵称。,,Functional-Tracking,run_walk,page_view,other,run_walk.page_view.other,N,High,1,华为运动,华为运动,10010000012553,run_walk.page_view.other,在我的界面点击头像，进入后修改昵称，修改完成后直接关闭运动健康，再次打开运动健康，进入 我的 界面，显示的昵称仍然是修改前的昵称。,primary_clue,65,57,在我的界面点击头像 进入后修改昵称 修改完成后直接关闭运动健康 再次打开运动健康 进入 我的 界面 显示的昵称仍然是修改前的昵称,1,
10010000012597,"在""我的""界面点击用户头像不能直接进行头像更换，需要跳转到账号中心，然后再点击用户头像，跳转到个人信息才能进行头像修改，很不方便。","在""我的""界面点击用户头像不能直接进行头像更换，需要跳转到账号中心，然后再点击用户头像，跳转到个人信息才能进行头像修改，很不方便。",,Functional-Account,other,page_view,cannot_or_fail,other.page_view.cannot_or_fail,N,High,1,华为运动,华为运动,10010000012597,other.page_view.cannot_or_fail,"在""我的""界面点击用户头像不能直接进行头像更换，需要跳转到账号中心，然后再点击用户头像，跳转到个人信息才能进行头像修改，很不方便。",primary_clue,65,58,在 我的 界面点击用户头像不能直接进行头像更换 需要跳转到账号中心 然后再点击用户头像 跳转到个人信息才能进行头像修改 很不方便,1,
10010000012600,在账号中心，点击头像进去的个性设置中，设置的自己的信息，但是在我的里面点击我的信息，却是默认的信息，之前的改变并没有更新到我的信息里面。,在账号中心，点击头像进去的个性设置中，设置的自己的信息，但是在我的里面点击我的信息，却是默认的信息，之前的改变并没有更新到我的信息里面。,,Functional-Account,settings,page_view,other,settings.page_view.other,N,High,1,华为运动,华为运动,10010000012600,settings.page_view.other,在账号中心，点击头像进去的个性设置中，设置的自己的信息，但是在我的里面点击我的信息，却是默认的信息，之前的改变并没有更新到我的信息里面。,primary_clue,68,62,在账号中心 点击头像进去的个性设置中 设置的自己的信息 但是在我的里面点击我的信息 却是默认的信息 之前的改变并没有更新到我的信息里面,1,
10010000012605,编辑个人头像时，写的需要审核，但是未经过审核直接更改成功,编辑个人头像时，写的需要审核，但是未经过审核直接更改成功,,Other,other,other,other,other.other.other,N,Medium,1,华为运动,华为运动,10010000012605,other.other.other,编辑个人头像时，写的需要审核，但是未经过审核直接更改成功,primary_clue,28,26,编辑个人头像时 写的需要审核 但是未经过审核直接更改成功,1,
10010000012628,在我的页面，还有个头像点击的按钮能跳转到另一个我的页面，这两个页面极为相似，在设计页面时，考虑不周到，可以将两个页面合二为一！！！,在我的页面，还有个头像点击的按钮能跳转到另一个我的页面，这两个页面极为相似，在设计页面时，考虑不周到，可以将两个页面合二为一！！！,,UI/Display,other,button_icon,other,other.button_icon.other,N,Medium,1,华为运动,华为运动,10010000012628,other.button_icon.other,在我的页面，还有个头像点击的按钮能跳转到另一个我的页面，这两个页面极为相似，在设计页面时，考虑不周到，可以将两个页面合二为一！！！,primary_clue,65,57,在我的页面 还有个头像点击的按钮能跳转到另一个我的页面 这两个页面极为相似 在设计页面时 考虑不周到 可以将两个页面合二为一,1,
10010000012634,在我的界面点击头像，进入后修改头像，随后关闭运动健康，再次打开运动健康，进入我的界面，头像仍然是修改前的头像。,在我的界面点击头像，进入后修改头像，随后关闭运动健康，再次打开运动健康，进入我的界面，头像仍然是修改前的头像。,,Functional-Tracking,run_walk,page_view,other,run_walk.page_view.other,N,High,1,华为运动,华为运动,10010000012634,run_walk.page_view.other,在我的界面点击头像，进入后修改头像，随后关闭运动健康，再次打开运动健康，进入我的界面，头像仍然是修改前的头像。,primary_clue,55,49,在我的界面点击头像 进入后修改头像 随后关闭运动健康 再次打开运动健康 进入我的界面 头像仍然是修改前的头像,1,
10010000012647,在我的页面，修改个人信息的页面中，在设置中又包含一个设置，而且是直接显示出来，显得页面不美观。繁琐。页面布局存在严重的缺陷！！！,在我的页面，修改个人信息的页面中，在设置中又包含一个设置，而且是直接显示出来，显得页面不美观。繁琐。页面布局存在严重的缺陷！！！,,UI/Display,settings,page_view,layout_issue,settings.page_view.layout_issue,N,High,1,华为运动,华为运动,10010000012647,settings.page_view.layout_issue,在我的页面，修改个人信息的页面中，在设置中又包含一个设置，而且是直接显示出来，显得页面不美观。繁琐。页面布局存在严重的缺陷！！！,primary_clue,64,55,在我的页面 修改个人信息的页面中 在设置中又包含一个设置 而且是直接显示出来 显得页面不美观 繁琐 页面布局存在严重的缺陷,1,
10010000012407,我在发现页面里进入表项，选择目标，体重竟然可以选择0，而当用户选择了0之后保存，结果又变成了60,我在发现页面里进入表项，选择目标，体重竟然可以选择0，而当用户选择了0之后保存，结果又变成了60,,UI/Display,settings,page_view,other,settings.page_view.other,N,Medium,1,华为运动,华为运动,10010000012407,settings.page_view.other,我在发现页面里进入表项，选择目标，体重竟然可以选择0，而当用户选择了0之后保存，结果又变成了60,primary_clue,48,44,我在发现页面里进入表项 选择目标 体重竟然可以选择0 而当用户选择了0之后保存 结果又变成了60,1,
10010000012428,设置体重的时候应该设置为0公斤，保存当前目标，再次查看我的目标，体重目标变成60公斤。,设置体重的时候应该设置为0公斤，保存当前目标，再次查看我的目标，体重目标变成60公斤。,,Other,settings,page_view,other,settings.page_view.other,N,Medium,1,华为运动,华为运动,10010000012428,settings.page_view.other,设置体重的时候应该设置为0公斤，保存当前目标，再次查看我的目标，体重目标变成60公斤。,primary_clue,43,39,设置体重的时候应该设置为0公斤 保存当前目标 再次查看我的目标 体重目标变成60公斤,1,
10010000012480,"图一将体重记录应为40公斤，图二但显示为50.6公斤
图三将体重记录应为70公斤，但显示为57.8公斤，体重无规律的变动，造成用户体验不好",图一将体重记录应为40公斤，图二但显示为50.6公斤,图三将体重记录应为70公斤，但显示为57.8公斤，体重无规律的变动，造成用户体验不好,Other,other,list_item,other,other.list_item.other,Y,Medium,2,华为运动,华为运动,10010000012480,other.list_item.other,图一将体重记录应为40公斤，图二但显示为50.6公斤,primary_clue,26,24,图一将体重记录应为40公斤 图二但显示为50 6公斤,1,
10010000012498,在跑步的时候，用户跑步的公里数不给于显示，但是在结束运动返回到首页的时候却有步数的显示，前后不一致，,在跑步的时候，用户跑步的公里数不给于显示，但是在结束运动返回到首页的时候却有步数的显示，前后不一致，,,Functional-Tracking,step_count,page_view,other,step_count.page_view.other,N,High,1,华为运动,华为运动,10010000012498,step_count.page_view.other,在跑步的时候，用户跑步的公里数不给于显示，但是在结束运动返回到首页的时候却有步数的显示，前后不一致，,primary_clue,50,46,在跑步的时候 用户跑步的公里数不给于显示 但是在结束运动返回到首页的时候却有步数的显示 前后不一致,1,
10010000012514,"在从跑步页面返回到主页面并且用户有运动量后，在运动模块依旧显示""暂无数据，开始跑步吧""。","在从跑步页面返回到主页面并且用户有运动量后，在运动模块依旧显示""暂无数据，开始跑步吧""。",,Functional-Tracking,run_walk,page_view,other,run_walk.page_view.other,N,High,1,华为运动,华为运动,10010000012514,run_walk.page_view.other,"在从跑步页面返回到主页面并且用户有运动量后，在运动模块依旧显示""暂无数据，开始跑步吧""。",primary_clue,44,39,在从跑步页面返回到主页面并且用户有运动量后 在运动模块依旧显示 暂无数据 开始跑步吧,1,
10010000012516,我的成绩单里的步数与实际运动后显示的步数不一致,我的成绩单里的步数与实际运动后显示的步数不一致,,Functional-Tracking,step_count,step,other,step_count.step.other,N,High,1,华为运动,华为运动,10010000012516,step_count.step.other,我的成绩单里的步数与实际运动后显示的步数不一致,primary_clue,23,23,我的成绩单里的步数与实际运动后显示的步数不一致,1,
10010000012548,点击查看排行榜，自己出现了两次，步数是一样的，点击分享，观察到自己的好友有两位，点击我的好友，界面显示我的好友只有一位,点击查看排行榜，自己出现了两次，步数是一样的，点击分享，观察到自己的好友有两位，点击我的好友，界面显示我的好友只有一位,,Functional-Share,share,page_view,other,share.page_view.other,N,High,1,华为运动,华为运动,10010000012548,share.page_view.other,点击查看排行榜，自己出现了两次，步数是一样的，点击分享，观察到自己的好友有两位，点击我的好友，界面显示我的好友只有一位,primary_clue,59,53,点击查看排行榜 自己出现了两次 步数是一样的 点击分享 观察到自己的好友有两位 点击我的好友 界面显示我的好友只有一位,1,
10010000012564,我只运动了一次，然而在排行榜中与偶两条记录，并且，皇冠显示在了第二条上,我只运动了一次，然而在排行榜中与偶两条记录，并且，皇冠显示在了第二条上,,Functional-Tracking,run_walk,list_item,other,run_walk.list_item.other,N,High,1,华为运动,华为运动,10010000012564,run_walk.list_item.other,我只运动了一次，然而在排行榜中与偶两条记录，并且，皇冠显示在了第二条上,primary_clue,35,32,我只运动了一次 然而在排行榜中与偶两条记录 并且 皇冠显示在了第二条上,1,
10010000012567,在用户进入app时、个人信息自动修改为默认值，根据BEE能量代谢表达式，但是一个女性用户与男性用户差距过大，在未提醒修改个人信息的情况，首页所给出的能量消耗数值不标准。,在用户进入app时、个人信息自动修改为默认值，根据BEE能量代谢表达式，但是一个女性用户与男性用户差距过大，在未提醒修改个人信息的情况…,,Other,notification,page_view,other,notification.page_view.other,N,Medium,1,华为运动,华为运动,10010000012567,notification.page_view.other,在用户进入app时、个人信息自动修改为默认值，根据BEE能量代谢表达式，但是一个女性用户与男性用户差距过大，在未提醒修改个人信息的情况…,primary_clue,68,63,在用户进入app时 个人信息自动修改为默认值 根据bee能量代谢表达式 但是一个女性用户与男性用户差距过大 在未提醒修改个人信息的情况,1,
10010000012573,当距离小于移动力显示不计入统计，但是记录中仍然有记录,当距离小于移动力显示不计入统计，但是记录中仍然有记录,,Functional-Tracking,other,list_item,other,other.list_item.other,N,High,1,华为运动,华为运动,10010000012573,other.list_item.other,当距离小于移动力显示不计入统计，但是记录中仍然有记录,primary_clue,26,25,当距离小于移动力显示不计入统计 但是记录中仍然有记录,1,
10010000012584,进行了两次运动，但是记录的先后顺序错误,进行了两次运动，但是记录的先后顺序错误,,Functional-Tracking,run_walk,list_item,wrong_value,run_walk.list_item.wrong_value,N,High,1,华为运动,华为运动,10010000012584,run_walk.list_item.wrong_value,进行了两次运动，但是记录的先后顺序错误,primary_clue,19,18,进行了两次运动 但是记录的先后顺序错误,1,
10010000012598,我的成绩单，信息查看，累计距离不正确,我的成绩单，信息查看，累计距离不正确,,Functional-Tracking,other,step,wrong_value,other.step.wrong_value,N,High,1,华为运动,华为运动,10010000012598,other.step.wrong_value,我的成绩单，信息查看，累计距离不正确,primary_clue,18,16,我的成绩单 信息查看 累计距离不正确,1,
10010000012599,没有好友，然而显示出战胜1.22%的人,没有好友，然而显示出战胜1.22%的人,,Functional-Social,other,chat,other,other.chat.other,N,High,1,华为运动,华为运动,10010000012599,other.chat.other,没有好友，然而显示出战胜1.22%的人,primary_clue,19,16,没有好友 然而显示出战胜1 22 的人,1,
10010000012606,首页_排行_排行榜，显示我今日运动步数，不过在首页运动中仍旧没有显示,首页_排行_排行榜，显示我今日运动步数，不过在首页运动中仍旧没有显示,,Functional-Tracking,step_count,page_view,other,step_count.page_view.other,N,High,1,华为运动,华为运动,10010000012606,step_count.page_view.other,首页_排行_排行榜，显示我今日运动步数，不过在首页运动中仍旧没有显示,primary_clue,34,30,首页 排行 排行榜 显示我今日运动步数 不过在首页运动中仍旧没有显示,1,
10010000012619,测试时间是12.10，但是数据多出了一个12.09的数据,测试时间是12.10，但是数据多出了一个12.09的数据,,Other,other,step,other,other.step.other,N,Medium,1,华为运动,华为运动,10010000012619,other.step.other,测试时间是12.10，但是数据多出了一个12.09的数据,primary_clue,28,25,测试时间是12 10 但是数据多出了一个12 09的数据,1,
10010000012624,在测试app时，运动情况的统计的月度统计应该是1-30号来统计，而不是一个月的时间窗口来统计，周统计也是这样。属于用户体验不太好，复现程度为必现，严重等级为严重。,在测试app时，运动情况的统计的月度统计应该是1,30号来统计，而不是一个月的时间窗口来统计，周统计也是这样。属于用户体验不太好，复现程度为必现，严重等级为严重。,Functional-Tracking,run_walk,other,other,run_walk.other.other,Y,Medium,2,华为运动,华为运动,10010000012624,run_walk.other.other,在测试app时，运动情况的统计的月度统计应该是1,primary_clue,24,23,在测试app时 运动情况的统计的月度统计应该是1,1,
10010000012638,在我的成绩单中，一个页面显示最近一周战胜为0.00%，而在点开我的成绩单页面后，显示为战胜了0.28%的人，这是性能不准确，无法实时传输数据！！！,在我的成绩单中，一个页面显示最近一周战胜为0.00%，而在点开我的成绩单页面后，显示为战胜了0.28%的人，这是性能不准确，无法实时传…,,UI/Display,other,page_view,cannot_or_fail,other.page_view.cannot_or_fail,N,Medium,1,华为运动,华为运动,10010000012638,other.page_view.cannot_or_fail,在我的成绩单中，一个页面显示最近一周战胜为0.00%，而在点开我的成绩单页面后，显示为战胜了0.28%的人，这是性能不准确，无法实时传…,primary_clue,68,58,在我的成绩单中 一个页面显示最近一周战胜为0 00 而在点开我的成绩单页面后 显示为战胜了0 28 的人 这是性能不准确 无法实时传,1,
10010000012654,年统计的总卡路里不正确，计算出来应该是1981千卡，但是显示的总卡路里是56480千卡。,年统计的总卡路里不正确，计算出来应该是1981千卡，但是显示的总卡路里是56480千卡。,,Functional-Tracking,other,step,wrong_value,other.step.wrong_value,N,High,1,华为运动,华为运动,10010000012654,other.step.wrong_value,年统计的总卡路里不正确，计算出来应该是1981千卡，但是显示的总卡路里是56480千卡。,primary_clue,44,41,年统计的总卡路里不正确 计算出来应该是1981千卡 但是显示的总卡路里是56480千卡,1,
10010000012562,现在离线地图之后，点击已下载的离线地图，无法打开已下载的地图。,现在离线地图之后，点击已下载的离线地图，无法打开已下载的地图。,,Network/Loading,other,other,load_fail,other.other.load_fail,N,High,1,华为运动,华为运动,10010000012562,other.other.load_fail,现在离线地图之后，点击已下载的离线地图，无法打开已下载的地图。,primary_clue,31,28,现在离线地图之后 点击已下载的离线地图 无法打开已下载的地图,1,
10010000012627,"问题描述:使用二维码添加好友开启相机失败
前置条件:已进入发现-我的好友
预期结果:
1.点击页面底部扫一扫
实际结果:
1.相机开启失败",问题描述:使用二维码添加好友开启相机失败,前置条件:已进入发现 || 我的好友 || 点击页面底部扫一扫 || 相机开启失败,Functional-Social,other,chat,cannot_or_fail,other.chat.cannot_or_fail,Y,Medium,5,华为运动,华为运动,10010000012627,other.chat.cannot_or_fail,问题描述:使用二维码添加好友开启相机失败,primary_clue,20,19,问题描述 使用二维码添加好友开启相机失败,1,
10010000012376,成功登录应用进入首页，点击首页上方导航栏“我的”进入“我的”界面，点击个人头像进入账户中心，见截图2；点击退出账号，未显示是否确认退出，而是显示提示该账号登录过的应用都会退出该账号，见截图3；,成功登录应用进入首页，点击首页上方导航栏“我的”进入“我的”界面，点击个人头像进入账户中心，见截图2,点击退出账号，未显示是否确认退出，而是显示提示该账号登录过的应用都会退出该账号，见截图3,Functional-Account,login,page_view,other,login.page_view.other,Y,Medium,2,华为运动,华为运动,10010000012376,login.page_view.other,成功登录应用进入首页，点击首页上方导航栏“我的”进入“我的”界面，点击个人头像进入账户中心，见截图2,primary_clue,50,43,成功登录应用进入首页 点击首页上方导航栏 我的 进入 我的 界面 点击个人头像进入账户中心 见截图2,1,
10010000012463,华为运动载入过慢，这样会导致用户的次日留存量大大下降。由于网络的原因导致页面相应很慢，上拉下滑菜单的时候不是很流畅，在测试wif开启关闭交替的情况时，app反应较慢。复现程度为“必现”，严重等级为严重。,华为运动载入过慢，这样会导致用户的次日留存量大大下降。由于网络的原因导致页面相应很慢，上拉下滑菜单的时候不是很流畅，在测试wif开启关…,,Functional-Tracking,run_walk,page_view,other,run_walk.page_view.other,N,High,1,华为运动,华为运动,10010000012463,run_walk.page_view.other,华为运动载入过慢，这样会导致用户的次日留存量大大下降。由于网络的原因导致页面相应很慢，上拉下滑菜单的时候不是很流畅，在测试wif开启关…,primary_clue,68,63,华为运动载入过慢 这样会导致用户的次日留存量大大下降 由于网络的原因导致页面相应很慢 上拉下滑菜单的时候不是很流畅 在测试wif开启关,1,
10010000012504,当在发现页面，点击活动时，跳转时间太长，用户体验极为不佳！！！影响用户的使用情绪，下意识以为这个页面打不开！！！,当在发现页面，点击活动时，跳转时间太长，用户体验极为不佳！！！影响用户的使用情绪，下意识以为这个页面打不开！！！,,Network/Loading,other,page_view,load_fail,other.page_view.load_fail,N,High,1,华为运动,华为运动,10010000012504,other.page_view.load_fail,当在发现页面，点击活动时，跳转时间太长，用户体验极为不佳！！！影响用户的使用情绪，下意识以为这个页面打不开！！！,primary_clue,56,46,当在发现页面 点击活动时 跳转时间太长 用户体验极为不佳 影响用户的使用情绪 下意识以为这个页面打不开,1,
10010000012508,运动类APP 一般背景色采用黑色，这种颜色为手机最为省电的模式，也在一定程度上缓解了用户手机电量问题。对于长距离跑步，对于手机电量的需求是用户的一个很大的痛点。 而本app大体是白色，十分耗电。性能不是很好，复现程度为小概率复现，严重等级为一般。,运动类APP 一般背景色采用黑色，这种颜色为手机最为省电的模式，也在一定程度上缓解了用户手机电量问题。对于长距离跑步，对于手机电量的需…,,Functional-Tracking,run_walk,step,other,run_walk.step.other,N,High,1,华为运动,华为运动,10010000012508,run_walk.step.other,运动类APP 一般背景色采用黑色，这种颜色为手机最为省电的模式，也在一定程度上缓解了用户手机电量问题。对于长距离跑步，对于手机电量的需…,primary_clue,68,62,运动类app 一般背景色采用黑色 这种颜色为手机最为省电的模式 也在一定程度上缓解了用户手机电量问题 对于长距离跑步 对于手机电量的需,1,
10010000012578,在测试app的时候，当app在后台运行，所占用内存太多，一定程度影响了用户使用其他app的效果和体验，导致手机速度变得卡慢。属于性能不太好的情况，复现程度为必现，严重情况为紧急。,在测试app的时候，当app在后台运行，所占用内存太多，一定程度影响了用户使用其他app的效果和体验，导致手机速度变得卡慢。属于性能不…,,UI/Display,other,other,other,other.other.other,N,Medium,1,华为运动,华为运动,10010000012578,other.other.other,在测试app的时候，当app在后台运行，所占用内存太多，一定程度影响了用户使用其他app的效果和体验，导致手机速度变得卡慢。属于性能不…,primary_clue,68,62,在测试app的时候 当app在后台运行 所占用内存太多 一定程度影响了用户使用其他app的效果和体验 导致手机速度变得卡慢 属于性能不,1,
10010000012676,在我的页面，点击我的信息。查看个人信息，然后查看完了，点击返回按钮。按钮不灵敏，点击多次才能返回。影响用户体验。,在我的页面，点击我的信息。查看个人信息，然后查看完了，点击返回按钮。按钮不灵敏，点击多次才能返回。影响用户体验。,,UI/Display,other,button_icon,other,other.button_icon.other,N,Medium,1,华为运动,华为运动,10010000012676,other.button_icon.other,在我的页面，点击我的信息。查看个人信息，然后查看完了，点击返回按钮。按钮不灵敏，点击多次才能返回。影响用户体验。,primary_clue,56,48,在我的页面 点击我的信息 查看个人信息 然后查看完了 点击返回按钮 按钮不灵敏 点击多次才能返回 影响用户体验,1,
10010000012505,从我的页面中的设置路径进入设置页面，点击检查更新，提示当前是最新版本，但是从我的页面中的账号中心进入，点击设置，点击检查更新提示有最新版本。,从我的页面中的设置路径进入设置页面，点击检查更新，提示当前是最新版本，但是从我的页面中的账号中心进入，点击设置，点击检查更新提示有最新版本。,,Functional-Account,settings,page_view,other,settings.page_view.other,N,High,1,华为运动,华为运动,10010000012505,settings.page_view.other,从我的页面中的设置路径进入设置页面，点击检查更新，提示当前是最新版本，但是从我的页面中的账号中心进入，点击设置，点击检查更新提示有最新版本。,primary_clue,70,64,从我的页面中的设置路径进入设置页面 点击检查更新 提示当前是最新版本 但是从我的页面中的账号中心进入 点击设置 点击检查更新提示有最新版本,1,
10010000012594,当前不是最新版本，但是设置中检查更新，显示已为最新版,当前不是最新版本，但是设置中检查更新，显示已为最新版,,Other,settings,page_view,other,settings.page_view.other,N,Medium,1,华为运动,华为运动,10010000012594,settings.page_view.other,当前不是最新版本，但是设置中检查更新，显示已为最新版,primary_clue,26,24,当前不是最新版本 但是设置中检查更新 显示已为最新版,1,
10010000012426,注册完毕之后，应用直接退出，没有进入应用的主页面。并且再次点击进入的时候，也会闪退。,注册完毕之后，应用直接退出，没有进入应用的主页面。并且再次点击进入的时候，也会闪退。,,Crash,register,page_view,crash,register.page_view.crash,N,High,1,华为运动,华为运动,10010000012426,register.page_view.crash,注册完毕之后，应用直接退出，没有进入应用的主页面。并且再次点击进入的时候，也会闪退。,primary_clue,42,37,注册完毕之后 应用直接退出 没有进入应用的主页面 并且再次点击进入的时候 也会闪退,1,
10010000012442,成功登录应用，在手机显示的11点14分左右并未对手机进行任何操作，但是应用显示了下线通知，见截图1；查看此时的网络连接等信息，均正常，见截图2；未对应用进行相关操作，手机自动锁屏后解锁，应用又自动上线了,成功登录应用，在手机显示的11点14分左右并未对手机进行任何操作，但是应用显示了下线通知，见截图1,查看此时的网络连接等信息，均正常，见截图2 || 未对应用进行相关操作，手机自动锁屏后解锁，应用又自动上线了,Functional-Account,login,other,other,login.other.other,Y,Medium,3,华为运动,华为运动,10010000012442,login.other.other,成功登录应用，在手机显示的11点14分左右并未对手机进行任何操作，但是应用显示了下线通知，见截图1,primary_clue,49,46,成功登录应用 在手机显示的11点14分左右并未对手机进行任何操作 但是应用显示了下线通知 见截图1,1,
10010000012067,在课程页面选择英语，进入后设置自己的要求，完成后查看文章，然后点击分享，使用微信分享会提示分享中，时间过长，然后又提示分享失败，不能完成分享，使用朋友圈分享也是会出现以上现象，截图如下。,在课程页面选择英语，进入后设置自己的要求，完成后查看文章，然后点击分享，使用微信分享会提示分享中，时间过长，然后又提示分享失败，不能完…,,Functional-Share,share,page_view,cannot_share,share.page_view.cannot_share,N,High,1,沪江英语,沪江英语,10010000012067,share.page_view.cannot_share,在课程页面选择英语，进入后设置自己的要求，完成后查看文章，然后点击分享，使用微信分享会提示分享中，时间过长，然后又提示分享失败，不能完…,primary_clue,68,60,在课程页面选择英语 进入后设置自己的要求 完成后查看文章 然后点击分享 使用微信分享会提示分享中 时间过长 然后又提示分享失败 不能完,1,
10010000012093,在HTC ONE (安卓5.0.2)设备上分享课程给微信好友，在已打开并登陆微信的情况下，多次尝试全部提示分享失败。,在HTC ONE (安卓5.0.2)设备上分享课程给微信好友，在已打开并登陆微信的情况下，多次尝试全部提示分享失败。,,Functional-Share,share,list_item,cannot_share,share.list_item.cannot_share,N,High,1,沪江英语,沪江英语,10010000012093,share.list_item.cannot_share,在HTC ONE (安卓5.0.2)设备上分享课程给微信好友，在已打开并登陆微信的情况下，多次尝试全部提示分享失败。,primary_clue,58,49,在htc one 安卓5 0 2 设备上分享课程给微信好友 在已打开并登陆微信的情况下 多次尝试全部提示分享失败,1,
10010000012122,在HTC ONE (安卓5.0.2)上分享课程到微信朋友圈，已提前登陆并打开微信的情况下多次尝试均提示失败。,在HTC ONE (安卓5.0.2)上分享课程到微信朋友圈，已提前登陆并打开微信的情况下多次尝试均提示失败。,,Functional-Share,share,list_item,cannot_share,share.list_item.cannot_share,N,High,1,沪江英语,沪江英语,10010000012122,share.list_item.cannot_share,在HTC ONE (安卓5.0.2)上分享课程到微信朋友圈，已提前登陆并打开微信的情况下多次尝试均提示失败。,primary_clue,54,46,在htc one 安卓5 0 2 上分享课程到微信朋友圈 已提前登陆并打开微信的情况下多次尝试均提示失败,1,
10010000012174,"问题描述:已添加课程分享到微信提示没有安装客户端（分享到朋友圈也出现相同情况）
前置条件:课程已添加，且分享栏已打开
步骤:
1.点击分享到微信
预期结果:
1.分享成功
实际结果:
1.提示没有安装客户端",问题描述:已添加课程分享到微信提示没有安装客户端（分享到朋友圈也出现相同情况）,前置条件:课程已添加，且分享栏已打开 || 点击分享到微信 || 分享成功 || 提示没有安装客户端,Functional-Share,share,list_item,other,share.list_item.other,Y,Medium,5,沪江英语,沪江英语,10010000012174,share.list_item.other,问题描述:已添加课程分享到微信提示没有安装客户端（分享到朋友圈也出现相同情况）,primary_clue,39,36,问题描述 已添加课程分享到微信提示没有安装客户端 分享到朋友圈也出现相同情况,1,
10010000012214,用户分享个人学习情况时，分享到微信、朋友圈、qq均不成功。,用户分享个人学习情况时，分享到微信、朋友圈、qq均不成功。,,Functional-Share,share,share_panel,other,share.share_panel.other,N,High,1,沪江英语,沪江英语,10010000012214,share.share_panel.other,用户分享个人学习情况时，分享到微信、朋友圈、qq均不成功。,primary_clue,29,25,用户分享个人学习情况时 分享到微信 朋友圈 qq均不成功,1,
10010000012557,整个软件的输入法无法启动，无法输入数据,整个软件的输入法无法启动，无法输入数据,,Input/Validation,other,other,cannot_input,other.other.cannot_input,N,High,1,沪江英语,沪江英语,10010000012557,other.other.cannot_input,整个软件的输入法无法启动，无法输入数据,primary_clue,19,18,整个软件的输入法无法启动 无法输入数据,1,
10010000012127,英语课程>查看更多，点击右上角类型选择听力或泛听，进入课程学习，发现进入课程后获取不到数据，用户进行不了听力学习。,英语课程>查看更多，点击右上角类型选择听力或泛听，进入课程学习，发现进入课程后获取不到数据，用户进行不了听力学习。,,Functional-Media,playback,list_item,other,playback.list_item.other,N,High,1,沪江英语,沪江英语,10010000012127,playback.list_item.other,英语课程>查看更多，点击右上角类型选择听力或泛听，进入课程学习，发现进入课程后获取不到数据，用户进行不了听力学习。,primary_clue,57,51,英语课程 查看更多 点击右上角类型选择听力或泛听 进入课程学习 发现进入课程后获取不到数据 用户进行不了听力学习,1,
10010000012299,英语课程中泛听类型课程，点击进去课程，页面不能加载,英语课程中泛听类型课程，点击进去课程，页面不能加载,,UI/Display,course,page_view,cannot_or_fail,course.page_view.cannot_or_fail,N,Medium,1,沪江英语,沪江英语,10010000012299,course.page_view.cannot_or_fail,英语课程中泛听类型课程，点击进去课程，页面不能加载,primary_clue,25,23,英语课程中泛听类型课程 点击进去课程 页面不能加载,1,
10010000012302,英语课程中泛听课程进去页面后，各按钮功能没有实现,英语课程中泛听课程进去页面后，各按钮功能没有实现,,UI/Display,course,button_icon,other,course.button_icon.other,N,Medium,1,沪江英语,沪江英语,10010000012302,course.button_icon.other,英语课程中泛听课程进去页面后，各按钮功能没有实现,primary_clue,24,23,英语课程中泛听课程进去页面后 各按钮功能没有实现,1,
10010000012012,进入注册页面选择其他方式注册，当使用微信注册时，会出现一直转圈的现象，然后圈圈消失，无法进行微信注册。功能不完整。,进入注册页面选择其他方式注册，当使用微信注册时，会出现一直转圈的现象，然后圈圈消失，无法进行微信注册。功能不完整。,,Network/Loading,register,page_view,cannot_or_fail,register.page_view.cannot_or_fail,N,High,1,沪江英语,沪江英语,10010000012012,register.page_view.cannot_or_fail,进入注册页面选择其他方式注册，当使用微信注册时，会出现一直转圈的现象，然后圈圈消失，无法进行微信注册。功能不完整。,primary_clue,57,51,进入注册页面选择其他方式注册 当使用微信注册时 会出现一直转圈的现象 然后圈圈消失 无法进行微信注册 功能不完整,1,
10010000012016,在注册页面选择其他方式注册，使用QQ注册时，先出现转圈卡屏的现象，然后显示“注册失败”字样，不能使用QQ完成注册。属于功能不完整的Bug类别。,在注册页面选择其他方式注册，使用QQ注册时，先出现转圈卡屏的现象，然后显示“注册失败”字样，不能使用QQ完成注册。属于功能不完整的Bu…,,Network/Loading,register,page_view,cannot_or_fail,register.page_view.cannot_or_fail,N,High,1,沪江英语,沪江英语,10010000012016,register.page_view.cannot_or_fail,在注册页面选择其他方式注册，使用QQ注册时，先出现转圈卡屏的现象，然后显示“注册失败”字样，不能使用QQ完成注册。属于功能不完整的Bu…,primary_clue,68,60,在注册页面选择其他方式注册 使用qq注册时 先出现转圈卡屏的现象 然后显示 注册失败 字样 不能使用qq完成注册 属于功能不完整的bu,1,
10010000012017,当手机号码已经注册后，想起用第三方登录，第三方登录中点击微信登陆不能使用，只会弹出一个界面然后闪退这个界面，回到第三方登录界面。,当手机号码已经注册后，想起用第三方登录，第三方登录中点击微信登陆不能使用，只会弹出一个界面然后闪退这个界面，回到第三方登录界面。,,Crash,register,page_view,crash,register.page_view.crash,N,High,1,沪江英语,沪江英语,10010000012017,register.page_view.crash,当手机号码已经注册后，想起用第三方登录，第三方登录中点击微信登陆不能使用，只会弹出一个界面然后闪退这个界面，回到第三方登录界面。,primary_clue,64,59,当手机号码已经注册后 想起用第三方登录 第三方登录中点击微信登陆不能使用 只会弹出一个界面然后闪退这个界面 回到第三方登录界面,1,
10010000012020,用户使用第三方登录，不容易发现登录界面，用户体验差，并且多次点击都无反应，或者反应迟缓，功能缺陷明显。,用户使用第三方登录，不容易发现登录界面，用户体验差，并且多次点击都无反应，或者反应迟缓，功能缺陷明显。,,Functional-Account,login,page_view,cannot_or_fail,login.page_view.cannot_or_fail,N,High,1,沪江英语,沪江英语,10010000012020,login.page_view.cannot_or_fail,用户使用第三方登录，不容易发现登录界面，用户体验差，并且多次点击都无反应，或者反应迟缓，功能缺陷明显。,primary_clue,51,45,用户使用第三方登录 不容易发现登录界面 用户体验差 并且多次点击都无反应 或者反应迟缓 功能缺陷明显,1,
10010000012037,利用第三方登录中QQ登录时不能正常登录，会产生登录失败提示，告诉用户这不是正版QQ。用户体验非常差。,利用第三方登录中QQ登录时不能正常登录，会产生登录失败提示，告诉用户这不是正版QQ。用户体验非常差。,,Functional-Account,login,other,cannot_or_fail,login.other.cannot_or_fail,N,High,1,沪江英语,沪江英语,10010000012037,login.other.cannot_or_fail,利用第三方登录中QQ登录时不能正常登录，会产生登录失败提示，告诉用户这不是正版QQ。用户体验非常差。,primary_clue,50,46,利用第三方登录中qq登录时不能正常登录 会产生登录失败提示 告诉用户这不是正版qq 用户体验非常差,1,
10010000012043,用户使用第三方登录，使用微信登录直接闪退回到注册页面，qq、微博注册均不成功。,用户使用第三方登录，使用微信登录直接闪退回到注册页面，qq、微博注册均不成功。,,Crash,register,page_view,crash,register.page_view.crash,N,High,1,沪江英语,沪江英语,10010000012043,register.page_view.crash,用户使用第三方登录，使用微信登录直接闪退回到注册页面，qq、微博注册均不成功。,primary_clue,39,35,用户使用第三方登录 使用微信登录直接闪退回到注册页面 qq 微博注册均不成功,1,
10010000012060,环境切换之后，导致登陆异常（加载超时）。,环境切换之后，导致登陆异常（加载超时）。,,Other,other,other,other,other.other.other,N,Medium,1,沪江英语,沪江英语,10010000012060,other.other.other,环境切换之后，导致登陆异常（加载超时）。,primary_clue,20,16,环境切换之后 导致登陆异常 加载超时,1,
10010000012094,在用户登录界面，用户使用邮箱注册后没有邮箱登录按钮，第三方登录，微博闪退，qq、微博登录未成功，功能不完整。,在用户登录界面，用户使用邮箱注册后没有邮箱登录按钮，第三方登录，微博闪退，qq、微博登录未成功，功能不完整。,,Crash,register,button_icon,crash,register.button_icon.crash,N,High,1,沪江英语,沪江英语,10010000012094,register.button_icon.crash,在用户登录界面，用户使用邮箱注册后没有邮箱登录按钮，第三方登录，微博闪退，qq、微博登录未成功，功能不完整。,primary_clue,54,47,在用户登录界面 用户使用邮箱注册后没有邮箱登录按钮 第三方登录 微博闪退 qq 微博登录未成功 功能不完整,1,
10010000012097,其他注册方式中选择QQ，提示非官方正版应用，要去应用宝下载，错误代码（100044）,其他注册方式中选择QQ，提示非官方正版应用，要去应用宝下载，错误代码（100044）,,Functional-Account,register,other,wrong_value,register.other.wrong_value,N,High,1,沪江英语,沪江英语,10010000012097,register.other.wrong_value,其他注册方式中选择QQ，提示非官方正版应用，要去应用宝下载，错误代码（100044）,primary_clue,42,37,其他注册方式中选择qq 提示非官方正版应用 要去应用宝下载 错误代码 100044,1,
10010000012101,其他 注册方式选择微信，一闪没有进入微信的授权界面,其他 注册方式选择微信，一闪没有进入微信的授权界面,,Functional-Account,register,page_view,permission,register.page_view.permission,N,High,1,沪江英语,沪江英语,10010000012101,register.page_view.permission,其他 注册方式选择微信，一闪没有进入微信的授权界面,primary_clue,25,23,其他 注册方式选择微信 一闪没有进入微信的授权界面,1,
10010000012102,其他注册方式选择微博，选择之后，微博停止运行,其他注册方式选择微博，选择之后，微博停止运行,,Functional-Account,register,share_panel,other,register.share_panel.other,N,High,1,沪江英语,沪江英语,10010000012102,register.share_panel.other,其他注册方式选择微博，选择之后，微博停止运行,primary_clue,22,20,其他注册方式选择微博 选择之后 微博停止运行,1,
10010000012141,第三方qq登录，一直在登录中，然后直接返回普通登录界面，登录失败,第三方qq登录，一直在登录中，然后直接返回普通登录界面，登录失败,,Functional-Account,login,page_view,cannot_or_fail,login.page_view.cannot_or_fail,N,High,1,沪江英语,沪江英语,10010000012141,login.page_view.cannot_or_fail,第三方qq登录，一直在登录中，然后直接返回普通登录界面，登录失败,primary_clue,32,29,第三方qq登录 一直在登录中 然后直接返回普通登录界面 登录失败,1,
10010000012165,qq登录失败，在用户名和密码正确时，使得用户想使用qq登录时不能成功,qq登录失败，在用户名和密码正确时，使得用户想使用qq登录时不能成功,,Functional-Account,login,other,cannot_or_fail,login.other.cannot_or_fail,N,High,1,沪江英语,沪江英语,10010000012165,login.other.cannot_or_fail,qq登录失败，在用户名和密码正确时，使得用户想使用qq登录时不能成功,primary_clue,34,32,qq登录失败 在用户名和密码正确时 使得用户想使用qq登录时不能成功,1,
10010000012177,微博登录时，显示文件不存在，不能登录成功,微博登录时，显示文件不存在，不能登录成功,,Functional-Account,login,share_panel,cannot_or_fail,login.share_panel.cannot_or_fail,N,High,1,沪江英语,沪江英语,10010000012177,login.share_panel.cannot_or_fail,微博登录时，显示文件不存在，不能登录成功,primary_clue,20,18,微博登录时 显示文件不存在 不能登录成功,1,
10010000012181,使用qq登录沪江英语时提示登入失败，提示应用非官方正式版,使用qq登录沪江英语时提示登入失败，提示应用非官方正式版,,Functional-Account,login,other,cannot_or_fail,login.other.cannot_or_fail,N,High,1,沪江英语,沪江英语,10010000012181,login.other.cannot_or_fail,使用qq登录沪江英语时提示登入失败，提示应用非官方正式版,primary_clue,28,27,使用qq登录沪江英语时提示登入失败 提示应用非官方正式版,1,
10010000012240,"问题描述:登录界面使用第三方账号登录都失败
前置条件:已近入登录界面
步骤:
1.点击QQ
预期结果:
1.登录成功
实际结果:
1.登录失败",问题描述:登录界面使用第三方账号登录都失败,前置条件:已近入登录界面 || 点击QQ || 登录成功 || 登录失败,Functional-Account,login,page_view,cannot_or_fail,login.page_view.cannot_or_fail,Y,Medium,5,沪江英语,沪江英语,10010000012240,login.page_view.cannot_or_fail,问题描述:登录界面使用第三方账号登录都失败,primary_clue,21,20,问题描述 登录界面使用第三方账号登录都失败,1,
10010000012325,"用户使用qq、微信、微博是没法授权登陆的，只能选择注册登陆，或者直接登陆（我有账号的情况下），属于功能不完整。

账号进行登陆的时候，",用户使用qq、微信、微博是没法授权登陆的，只能选择注册登陆，或者直接登陆（我有账号的情况下），属于功能不完整。,账号进行登陆的时候，,Functional-Account,register,share_panel,permission,register.share_panel.permission,Y,Medium,2,沪江英语,沪江英语,10010000012325,register.share_panel.permission,用户使用qq、微信、微博是没法授权登陆的，只能选择注册登陆，或者直接登陆（我有账号的情况下），属于功能不完整。,primary_clue,55,47,用户使用qq 微信 微博是没法授权登陆的 只能选择注册登陆 或者直接登陆 我有账号的情况下 属于功能不完整,1,
10010000012107,下拉框的课程，和英语页面的主页重复,下拉框的课程，和英语页面的主页重复,,UI/Display,course,page_view,other,course.page_view.other,N,Medium,1,沪江英语,沪江英语,10010000012107,course.page_view.other,下拉框的课程，和英语页面的主页重复,primary_clue,17,16,下拉框的课程 和英语页面的主页重复,1,
10010000012015,在网络稳定且手机状态正常的情况下，课程不能正常使用，图片不能正常加载。,在网络稳定且手机状态正常的情况下，课程不能正常使用，图片不能正常加载。,,UI/Display,course,list_item,cannot_or_fail,course.list_item.cannot_or_fail,N,Medium,1,沪江英语,沪江英语,10010000012015,course.list_item.cannot_or_fail,在网络稳定且手机状态正常的情况下，课程不能正常使用，图片不能正常加载。,primary_clue,35,32,在网络稳定且手机状态正常的情况下 课程不能正常使用 图片不能正常加载,1,
10010000012085,"进入英语界面之后，默认人气排序点击全部英语，难度选择高级，类型选择听写。此时可以发现类表中只有三个选择项。
此时关掉网络，点击评价、时间中任意一项排序，发现需要网络不给力，重新加载。",进入英语界面之后，默认人气排序点击全部英语，难度选择高级，类型选择听写。此时可以发现类表中只有三个选择项。,此时关掉网络，点击评价、时间中任意一项排序，发现需要网络不给力，重新加载。,UI/Display,sort,page_view,other,sort.page_view.other,Y,Medium,2,沪江英语,沪江英语,10010000012085,sort.page_view.other,进入英语界面之后，默认人气排序点击全部英语，难度选择高级，类型选择听写。此时可以发现类表中只有三个选择项。,primary_clue,53,48,进入英语界面之后 默认人气排序点击全部英语 难度选择高级 类型选择听写 此时可以发现类表中只有三个选择项,1,
10010000012091,刚才操作时，网络不佳，但是再刷新时若是因为网络原因刷新不出来课程-英语的图标，也没有相关提示，如“网络异常。”,刚才操作时，网络不佳，但是再刷新时若是因为网络原因刷新不出来课程,英语的图标，也没有相关提示，如“网络异常。”,Other,course,list_item,other,course.list_item.other,Y,Medium,2,沪江英语,沪江英语,10010000012091,course.list_item.other,刚才操作时，网络不佳，但是再刷新时若是因为网络原因刷新不出来课程,primary_clue,32,30,刚才操作时 网络不佳 但是再刷新时若是因为网络原因刷新不出来课程,1,
10010000012204,在wifi、4G网络下课程无法加载,在wifi、4G网络下课程无法加载,,Network/Loading,course,list_item,load_fail,course.list_item.load_fail,N,High,1,沪江英语,沪江英语,10010000012204,course.list_item.load_fail,在wifi、4G网络下课程无法加载,primary_clue,17,16,在wifi 4g网络下课程无法加载,1,
10010000012295,体验不够流畅，加载速度比较慢，在网络畅通的情况下经常出现加载错误的情况。但是自身网络良好，导致经常需要刷新才可以完成听力的情况。属于性能不太好的方面，复现程度为必现，严重等级为紧急。,体验不够流畅，加载速度比较慢，在网络畅通的情况下经常出现加载错误的情况。但是自身网络良好，导致经常需要刷新才可以完成听力的情况。属于性…,,Functional-Media,playback,audio,wrong_value,playback.audio.wrong_value,N,High,1,沪江英语,沪江英语,10010000012295,playback.audio.wrong_value,体验不够流畅，加载速度比较慢，在网络畅通的情况下经常出现加载错误的情况。但是自身网络良好，导致经常需要刷新才可以完成听力的情况。属于性…,primary_clue,68,62,体验不够流畅 加载速度比较慢 在网络畅通的情况下经常出现加载错误的情况 但是自身网络良好 导致经常需要刷新才可以完成听力的情况 属于性,1,
10010000011993,点击评价从到大小，评价值应该由大到小排列，但没有实现该功能,点击评价从到大小，评价值应该由大到小排列，但没有实现该功能,,Other,other,other,other,other.other.other,N,Medium,1,沪江英语,沪江英语,10010000011993,other.other.other,点击评价从到大小，评价值应该由大到小排列，但没有实现该功能,primary_clue,29,27,点击评价从到大小 评价值应该由大到小排列 但没有实现该功能,1,
10010000012025,成功登录应用后，进入课程页面，见截图1；点击英语，进入英语课程界面，见截图2；点击英语界面的右下角的人气降低排序方式，见截图2；点击第二个课程，查看其人数为71429，见截图3；点击第三个课程，查看其人数为63828，见截图4。因此英语课程并没有按照人气降低排序,成功登录应用后，进入课程页面，见截图1,点击英语，进入英语课程界面，见截图2 || 点击英语界面的右下角的人气降低排序方式，见截图2 || 点击第二个课程，查看其人数为71429，见截图3 || 点击第三个课程，查看其人数为63828，见截图4。因此英语课程并没有按照人气降低排序,Functional-Account,login,page_view,other,login.page_view.other,Y,Medium,5,沪江英语,沪江英语,10010000012025,login.page_view.other,成功登录应用后，进入课程页面，见截图1,primary_clue,19,17,成功登录应用后 进入课程页面 见截图1,1,
10010000012056,有按时间排序的选项，但是课程介绍却没有关于时间的信息，无法让用户知晓,有按时间排序的选项，但是课程介绍却没有关于时间的信息，无法让用户知晓,,Other,course,list_item,cannot_or_fail,course.list_item.cannot_or_fail,N,Medium,1,沪江英语,沪江英语,10010000012056,course.list_item.cannot_or_fail,有按时间排序的选项，但是课程介绍却没有关于时间的信息，无法让用户知晓,primary_clue,34,32,有按时间排序的选项 但是课程介绍却没有关于时间的信息 无法让用户知晓,1,
10010000012061,成功登录并进入英语课程界面，点击评价降序图标后查看课程并没有按照评价数降序排序，见截图2,成功登录并进入英语课程界面，点击评价降序图标后查看课程并没有按照评价数降序排序，见截图2,,Functional-Account,login,button_icon,other,login.button_icon.other,N,High,1,沪江英语,沪江英语,10010000012061,login.button_icon.other,成功登录并进入英语课程界面，点击评价降序图标后查看课程并没有按照评价数降序排序，见截图2,primary_clue,44,42,成功登录并进入英语课程界面 点击评价降序图标后查看课程并没有按照评价数降序排序 见截图2,1,
10010000012065,"成功登录应用，进入英语课程界面，点击该界面右下角的时间降序排序图标，可看到英语课程界面的所有课程按照上传时间降序排序，或者进入课程详情界面可看到上传时间，并且课程按上传时间降序排序。
测试时点击时间降序排序图标后，并没有在英语课程界面或者详情界面看到上传时间，也没有看到排序",成功登录应用，进入英语课程界面，点击该界面右下角的时间降序排序图标，可看到英语课程界面的所有课程按照上传时间降序排序，或者进入课程详情…,测试时点击时间降序排序图标后，并没有在英语课程界面或者详情界面看到上传时间，也没有看到排序,Functional-Account,login,button_icon,other,login.button_icon.other,Y,Medium,2,沪江英语,沪江英语,10010000012065,login.button_icon.other,成功登录应用，进入英语课程界面，点击该界面右下角的时间降序排序图标，可看到英语课程界面的所有课程按照上传时间降序排序，或者进入课程详情…,primary_clue,68,63,成功登录应用 进入英语课程界面 点击该界面右下角的时间降序排序图标 可看到英语课程界面的所有课程按照上传时间降序排序 或者进入课程详情,1,
10010000012069,在按人气或评论排序时，排序结果混乱。,在按人气或评论排序时，排序结果混乱。,,Other,sort,list_item,other,sort.list_item.other,N,Medium,1,沪江英语,沪江英语,10010000012069,sort.list_item.other,在按人气或评论排序时，排序结果混乱。,primary_clue,18,16,在按人气或评论排序时 排序结果混乱,1,
10010000012071,人气排序:在所有课程里面点击下面的人气排序安扭，并没有安人气进行降序排序，好无规律,人气排序:在所有课程里面点击下面的人气排序安扭，并没有安人气进行降序排序，好无规律,,Other,course,list_item,other,course.list_item.other,N,Medium,1,沪江英语,沪江英语,10010000012071,course.list_item.other,人气排序:在所有课程里面点击下面的人气排序安扭，并没有安人气进行降序排序，好无规律,primary_clue,41,38,人气排序 在所有课程里面点击下面的人气排序安扭 并没有安人气进行降序排序 好无规律,1,
10010000012072,英语课程界面按人气排序，按评价排序和按时间排序都语法选择是递增排序或递减排序。,英语课程界面按人气排序，按评价排序和按时间排序都语法选择是递增排序或递减排序。,,UI/Display,course,page_view,other,course.page_view.other,N,Medium,1,沪江英语,沪江英语,10010000012072,course.page_view.other,英语课程界面按人气排序，按评价排序和按时间排序都语法选择是递增排序或递减排序。,primary_clue,39,37,英语课程界面按人气排序 按评价排序和按时间排序都语法选择是递增排序或递减排序,1,
10010000012076,评价排序:当在列表下面点击评价排序时，并没按照评价高低进行排序，毫无规律,评价排序:当在列表下面点击评价排序时，并没按照评价高低进行排序，毫无规律,,Other,sort,list_item,other,sort.list_item.other,N,Medium,1,沪江英语,沪江英语,10010000012076,sort.list_item.other,评价排序:当在列表下面点击评价排序时，并没按照评价高低进行排序，毫无规律,primary_clue,36,33,评价排序 当在列表下面点击评价排序时 并没按照评价高低进行排序 毫无规律,1,
10010000012082,时间排序:当点击时间排序安扭时，无法看到任何有关时间的文本，根本不知道他是安装什么时间排序的。,时间排序:当点击时间排序安扭时，无法看到任何有关时间的文本，根本不知道他是安装什么时间排序的。,,Other,sort,step,cannot_or_fail,sort.step.cannot_or_fail,N,Medium,1,沪江英语,沪江英语,10010000012082,sort.step.cannot_or_fail,时间排序:当点击时间排序安扭时，无法看到任何有关时间的文本，根本不知道他是安装什么时间排序的。,primary_clue,47,43,时间排序 当点击时间排序安扭时 无法看到任何有关时间的文本 根本不知道他是安装什么时间排序的,1,
10010000012098,课程，查看更多，点击底部排序功能，人气和评价倒序排列功能未实现，人气，评论高的课程未排至前位。,课程，查看更多，点击底部排序功能，人气和评价倒序排列功能未实现，人气，评论高的课程未排至前位。,,Other,course,list_item,other,course.list_item.other,N,Medium,1,沪江英语,沪江英语,10010000012098,course.list_item.other,课程，查看更多，点击底部排序功能，人气和评价倒序排列功能未实现，人气，评论高的课程未排至前位。,primary_clue,47,41,课程 查看更多 点击底部排序功能 人气和评价倒序排列功能未实现 人气 评论高的课程未排至前位,1,
10010000012099,进入英语课程界面，选择高级，点击评价，英语课程应该按照评价从高到低进行排序，但是出现评价高的出现在评价低的后面。,进入英语课程界面，选择高级，点击评价，英语课程应该按照评价从高到低进行排序，但是出现评价高的出现在评价低的后面。,,UI/Display,course,page_view,other,course.page_view.other,N,Medium,1,沪江英语,沪江英语,10010000012099,course.page_view.other,进入英语课程界面，选择高级，点击评价，英语课程应该按照评价从高到低进行排序，但是出现评价高的出现在评价低的后面。,primary_clue,56,51,进入英语课程界面 选择高级 点击评价 英语课程应该按照评价从高到低进行排序 但是出现评价高的出现在评价低的后面,1,
10010000012104,进入英语课程页面，点击人气，课程应该按照人气进行排名，但是出现人气低的出现在人气高的前面。,进入英语课程页面，点击人气，课程应该按照人气进行排名，但是出现人气低的出现在人气高的前面。,,UI/Display,course,page_view,other,course.page_view.other,N,Medium,1,沪江英语,沪江英语,10010000012104,course.page_view.other,进入英语课程页面，点击人气，课程应该按照人气进行排名，但是出现人气低的出现在人气高的前面。,primary_clue,45,41,进入英语课程页面 点击人气 课程应该按照人气进行排名 但是出现人气低的出现在人气高的前面,1,
10010000012108,进入英语课程界面后，用户筛选要进入的相关推荐中，右下方的按人气，评价，时间竟然都不能反转排序。从低到高排序无法实现,进入英语课程界面后，用户筛选要进入的相关推荐中，右下方的按人气，评价，时间竟然都不能反转排序。从低到高排序无法实现,,UI/Display,course,page_view,cannot_or_fail,course.page_view.cannot_or_fail,N,Medium,1,沪江英语,沪江英语,10010000012108,course.page_view.cannot_or_fail,进入英语课程界面后，用户筛选要进入的相关推荐中，右下方的按人气，评价，时间竟然都不能反转排序。从低到高排序无法实现,primary_clue,57,52,进入英语课程界面后 用户筛选要进入的相关推荐中 右下方的按人气 评价 时间竟然都不能反转排序 从低到高排序无法实现,1,
10010000012115,成功登录应用进入英语课程界面，选择人气降序以及难度为初级的课程，查看选择结果显示为初级课程，但是并没有按照人气降序排序，见截图2,成功登录应用进入英语课程界面，选择人气降序以及难度为初级的课程，查看选择结果显示为初级课程，但是并没有按照人气降序排序，见截图2,,Functional-Account,login,page_view,wrong_value,login.page_view.wrong_value,N,High,1,沪江英语,沪江英语,10010000012115,login.page_view.wrong_value,成功登录应用进入英语课程界面，选择人气降序以及难度为初级的课程，查看选择结果显示为初级课程，但是并没有按照人气降序排序，见截图2,primary_clue,64,60,成功登录应用进入英语课程界面 选择人气降序以及难度为初级的课程 查看选择结果显示为初级课程 但是并没有按照人气降序排序 见截图2,1,
10010000012121,成功登录应用进入英语课程界面，选择人气降序、难度为初级和类型为泛听的课程，查看选择结果显示为初级、类型为泛听的课程，但是并没有按照人气降序排序，见截图2,成功登录应用进入英语课程界面，选择人气降序、难度为初级和类型为泛听的课程，查看选择结果显示为初级、类型为泛听的课程，但是并没有按照人气…,,Functional-Account,login,page_view,wrong_value,login.page_view.wrong_value,N,High,1,沪江英语,沪江英语,10010000012121,login.page_view.wrong_value,成功登录应用进入英语课程界面，选择人气降序、难度为初级和类型为泛听的课程，查看选择结果显示为初级、类型为泛听的课程，但是并没有按照人气…,primary_clue,68,62,成功登录应用进入英语课程界面 选择人气降序 难度为初级和类型为泛听的课程 查看选择结果显示为初级 类型为泛听的课程 但是并没有按照人气,1,
10010000012124,排序功能不正确，没有按照选择的选项从大到小排序，并且不可以从小到大排序，按照时间排序时也根本不显示时间，无法知道真实时间。出现高评价在低评价后面等,排序功能不正确，没有按照选择的选项从大到小排序，并且不可以从小到大排序，按照时间排序时也根本不显示时间，无法知道真实时间。出现高评价在…,,UI/Display,sort,step,display_missing,sort.step.display_missing,N,High,1,沪江英语,沪江英语,10010000012124,sort.step.display_missing,排序功能不正确，没有按照选择的选项从大到小排序，并且不可以从小到大排序，按照时间排序时也根本不显示时间，无法知道真实时间。出现高评价在…,primary_clue,68,62,排序功能不正确 没有按照选择的选项从大到小排序 并且不可以从小到大排序 按照时间排序时也根本不显示时间 无法知道真实时间 出现高评价在,1,
10010000012130,按照人气排序功能异常：点击课程，英语，进入英语页面，在右下角点击人气按钮，课程没有按照人气排序，与需求不符。,按照人气排序功能异常：点击课程，英语，进入英语页面，在右下角点击人气按钮，课程没有按照人气排序，与需求不符。,,UI/Display,course,button_icon,other,course.button_icon.other,N,Medium,1,沪江英语,沪江英语,10010000012130,course.button_icon.other,按照人气排序功能异常：点击课程，英语，进入英语页面，在右下角点击人气按钮，课程没有按照人气排序，与需求不符。,primary_clue,54,47,按照人气排序功能异常 点击课程 英语 进入英语页面 在右下角点击人气按钮 课程没有按照人气排序 与需求不符,1,
10010000012143,进入英语课程页面，点击评价，出现评价低的出现在评价高的前面。,进入英语课程页面，点击评价，出现评价低的出现在评价高的前面。,,UI/Display,course,page_view,other,course.page_view.other,N,Medium,1,沪江英语,沪江英语,10010000012143,course.page_view.other,进入英语课程页面，点击评价，出现评价低的出现在评价高的前面。,primary_clue,30,27,进入英语课程页面 点击评价 出现评价低的出现在评价高的前面,1,
10010000012145,按照评价排序功能异常：点击课程，英语，进入英语页面，在右下角点击评价按钮，课程没有按照评价排序，去截图，五星评价排在倒数第二位置，与需求不符。,按照评价排序功能异常：点击课程，英语，进入英语页面，在右下角点击评价按钮，课程没有按照评价排序，去截图，五星评价排在倒数第二位置，与需…,,UI/Display,course,button_icon,other,course.button_icon.other,N,Medium,1,沪江英语,沪江英语,10010000012145,course.button_icon.other,按照评价排序功能异常：点击课程，英语，进入英语页面，在右下角点击评价按钮，课程没有按照评价排序，去截图，五星评价排在倒数第二位置，与需…,primary_clue,68,59,按照评价排序功能异常 点击课程 英语 进入英语页面 在右下角点击评价按钮 课程没有按照评价排序 去截图 五星评价排在倒数第二位置 与需,1,
10010000012178,排序方式可以加上正反序进行排序，一个功能键完成2种功能,排序方式可以加上正反序进行排序，一个功能键完成2种功能,,Other,sort,other,other,sort.other.other,N,Medium,1,沪江英语,沪江英语,10010000012178,sort.other.other,排序方式可以加上正反序进行排序，一个功能键完成2种功能,primary_clue,27,26,排序方式可以加上正反序进行排序 一个功能键完成2种功能,1,
10010000012187,当进入英语界面，点击”人气“，”评价“，”时间“时，只能按照app默认的从上到下即从高人气到低人气，从好评价到差评价，从新发布到旧发布。非常不符合用户的使用习惯，不能进行高低的切换，用户体验极为不好。,当进入英语界面，点击”人气“，”评价“，”时间“时，只能按照app默认的从上到下即从高人气到低人气，从好评价到差评价，从新发布到旧发布…,,UI/Display,other,page_view,cannot_or_fail,other.page_view.cannot_or_fail,N,Medium,1,沪江英语,沪江英语,10010000012187,other.page_view.cannot_or_fail,当进入英语界面，点击”人气“，”评价“，”时间“时，只能按照app默认的从上到下即从高人气到低人气，从好评价到差评价，从新发布到旧发布…,primary_clue,68,55,当进入英语界面 点击 人气 评价 时间 时 只能按照app默认的从上到下即从高人气到低人气 从好评价到差评价 从新发布到旧发布,1,
10010000012198,选择排序方式的时候，点击人气排序，最终结果并没有按照人气的高低进行排序。,选择排序方式的时候，点击人气排序，最终结果并没有按照人气的高低进行排序。,,Other,sort,other,other,sort.other.other,N,Medium,1,沪江英语,沪江英语,10010000012198,sort.other.other,选择排序方式的时候，点击人气排序，最终结果并没有按照人气的高低进行排序。,primary_clue,36,33,选择排序方式的时候 点击人气排序 最终结果并没有按照人气的高低进行排序,1,
10010000012201,在课程选择页，选择按人气筛选， 置顶课程非人气最高课程,在课程选择页，选择按人气筛选， 置顶课程非人气最高课程,,Other,course,list_item,other,course.list_item.other,N,Medium,1,沪江英语,沪江英语,10010000012201,course.list_item.other,在课程选择页，选择按人气筛选， 置顶课程非人气最高课程,primary_clue,27,24,在课程选择页 选择按人气筛选 置顶课程非人气最高课程,1,
10010000012247,进入课程页面，点击英语，点击人气按钮，发现不是按人气进行降序排列,进入课程页面，点击英语，点击人气按钮，发现不是按人气进行降序排列,,UI/Display,course,button_icon,other,course.button_icon.other,N,Medium,1,沪江英语,沪江英语,10010000012247,course.button_icon.other,进入课程页面，点击英语，点击人气按钮，发现不是按人气进行降序排列,primary_clue,32,29,进入课程页面 点击英语 点击人气按钮 发现不是按人气进行降序排列,1,
10010000012250,当进入课程界面，点击评价按钮，发现没有按评价降序排列,当进入课程界面，点击评价按钮，发现没有按评价降序排列,,UI/Display,course,button_icon,other,course.button_icon.other,N,Medium,1,沪江英语,沪江英语,10010000012250,course.button_icon.other,当进入课程界面，点击评价按钮，发现没有按评价降序排列,primary_clue,26,24,当进入课程界面 点击评价按钮 发现没有按评价降序排列,1,
10010000012283,进入英语界面的时候，清单下方虽然有人气时间评价的排序，但针对人气进行排续的时候并不是按照这些排序的。是功能不完整的情况，复现程度为必现，严重等级为紧急。,进入英语界面的时候，清单下方虽然有人气时间评价的排序，但针对人气进行排续的时候并不是按照这些排序的。是功能不完整的情况，复现程度为必现…,,UI/Display,sort,page_view,other,sort.page_view.other,N,Medium,1,沪江英语,沪江英语,10010000012283,sort.page_view.other,进入英语界面的时候，清单下方虽然有人气时间评价的排序，但针对人气进行排续的时候并不是按照这些排序的。是功能不完整的情况，复现程度为必现…,primary_clue,68,63,进入英语界面的时候 清单下方虽然有人气时间评价的排序 但针对人气进行排续的时候并不是按照这些排序的 是功能不完整的情况 复现程度为必现,1,
10010000012316,在英语课程界面，按评价排序时，评价人数不足无法显示分数的课程也参与了评价，这导致少数初始分数较高的课程过只有少数几个人评价了的课程都可以排在列表前列。这影响了排序公平。,在英语课程界面，按评价排序时，评价人数不足无法显示分数的课程也参与了评价，这导致少数初始分数较高的课程过只有少数几个人评价了的课程都可…,,UI/Display,course,page_view,cannot_or_fail,course.page_view.cannot_or_fail,N,Medium,1,沪江英语,沪江英语,10010000012316,course.page_view.cannot_or_fail,在英语课程界面，按评价排序时，评价人数不足无法显示分数的课程也参与了评价，这导致少数初始分数较高的课程过只有少数几个人评价了的课程都可…,primary_clue,68,64,在英语课程界面 按评价排序时 评价人数不足无法显示分数的课程也参与了评价 这导致少数初始分数较高的课程过只有少数几个人评价了的课程都可,1,
10010000012334,在英语课程界面，按人气排序时，并非按照学习人数排序，也不是按照评价人数排序。排序方式不明。,在英语课程界面，按人气排序时，并非按照学习人数排序，也不是按照评价人数排序。排序方式不明。,,UI/Display,course,page_view,other,course.page_view.other,N,Medium,1,沪江英语,沪江英语,10010000012334,course.page_view.other,在英语课程界面，按人气排序时，并非按照学习人数排序，也不是按照评价人数排序。排序方式不明。,primary_clue,45,40,在英语课程界面 按人气排序时 并非按照学习人数排序 也不是按照评价人数排序 排序方式不明,1,
10010000012051,在课程页面选择英语，进入英语课程选择页面，点击右上角选择类别为名人传记的英语类别，显示与名人传记不相关的类别。,在课程页面选择英语，进入英语课程选择页面，点击右上角选择类别为名人传记的英语类别，显示与名人传记不相关的类别。,,UI/Display,course,page_view,other,course.page_view.other,N,Medium,1,沪江英语,沪江英语,10010000012051,course.page_view.other,在课程页面选择英语，进入英语课程选择页面，点击右上角选择类别为名人传记的英语类别，显示与名人传记不相关的类别。,primary_clue,55,51,在课程页面选择英语 进入英语课程选择页面 点击右上角选择类别为名人传记的英语类别 显示与名人传记不相关的类别,1,
10010000012154,按照人气排序功能异常：点击课程，英语，进入英语页面，在左上角点击类别按钮，课程没有按照类别正确筛选，如截图4左上角选择的类别为考研锦囊，筛选出来的为托福听力，与需求不符。,按照人气排序功能异常：点击课程，英语，进入英语页面，在左上角点击类别按钮，课程没有按照类别正确筛选，如截图4左上角选择的类别为考研锦囊…,,Functional-Media,playback,button_icon,other,playback.button_icon.other,N,High,1,沪江英语,沪江英语,10010000012154,playback.button_icon.other,按照人气排序功能异常：点击课程，英语，进入英语页面，在左上角点击类别按钮，课程没有按照类别正确筛选，如截图4左上角选择的类别为考研锦囊…,primary_clue,68,61,按照人气排序功能异常 点击课程 英语 进入英语页面 在左上角点击类别按钮 课程没有按照类别正确筛选 如截图4左上角选择的类别为考研锦囊,1,
10010000012189,在  新闻分类中，voa news和新闻综合有重叠节目,在 新闻分类中，voa news和新闻综合有重叠节目,,UI/Display,other,other,layout_issue,other.other.layout_issue,N,High,1,沪江英语,沪江英语,10010000012189,other.other.layout_issue,在 新闻分类中，voa news和新闻综合有重叠节目,primary_clue,26,23,在 新闻分类中 voa news和新闻综合有重叠节目,1,
10010000012202,在品牌英语中，赖世雄品牌出现了常春藤英语,在品牌英语中，赖世雄品牌出现了常春藤英语,,Other,other,other,other,other.other.other,N,Medium,1,沪江英语,沪江英语,10010000012202,other.other.other,在品牌英语中，赖世雄品牌出现了常春藤英语,primary_clue,20,19,在品牌英语中 赖世雄品牌出现了常春藤英语,1,
10010000012211,在英语考试中，考验锦囊中没有包含考验相关，,在英语考试中，考验锦囊中没有包含考验相关，,,Other,other,other,other,other.other.other,N,Medium,1,沪江英语,沪江英语,10010000012211,other.other.other,在英语考试中，考验锦囊中没有包含考验相关，,primary_clue,21,19,在英语考试中 考验锦囊中没有包含考验相关,1,
10010000012670,试用登录后，点击注册，无法输入手机号,试用登录后，点击注册，无法输入手机号,,Functional-Account,register,other,cannot_input,register.other.cannot_input,N,High,1,沪江英语,沪江英语,10010000012670,register.other.cannot_input,试用登录后，点击注册，无法输入手机号,primary_clue,18,16,试用登录后 点击注册 无法输入手机号,1,
10010000012171,课程难度筛选中，初中级中，出现了初级课程,课程难度筛选中，初中级中，出现了初级课程,,Other,course,list_item,other,course.list_item.other,N,Medium,1,沪江英语,沪江英语,10010000012171,course.list_item.other,课程难度筛选中，初中级中，出现了初级课程,primary_clue,20,18,课程难度筛选中 初中级中 出现了初级课程,1,
10010000011977,当第一次进去应用时，当我点击英语后，推荐给我的兴趣全选，然后点击跳过，直接闪退,当第一次进去应用时，当我点击英语后，推荐给我的兴趣全选，然后点击跳过，直接闪退,,Crash,other,other,crash,other.other.crash,N,High,1,沪江英语,沪江英语,10010000011977,other.other.crash,当第一次进去应用时，当我点击英语后，推荐给我的兴趣全选，然后点击跳过，直接闪退,primary_clue,39,35,当第一次进去应用时 当我点击英语后 推荐给我的兴趣全选 然后点击跳过 直接闪退,1,
10010000012005,点击沪江英语登录按钮，小概率出现闪退情况。,点击沪江英语登录按钮，小概率出现闪退情况。,,Crash,login,button_icon,crash,login.button_icon.crash,N,High,1,沪江英语,沪江英语,10010000012005,login.button_icon.crash,点击沪江英语登录按钮，小概率出现闪退情况。,primary_clue,21,19,点击沪江英语登录按钮 小概率出现闪退情况,1,
10010000012006,打开图库查看Bug截图，沪江英语app出现闪退现象，手机自动存了该日志。,打开图库查看Bug截图，沪江英语app出现闪退现象，手机自动存了该日志。,,Crash,other,other,crash,other.other.crash,N,High,1,沪江英语,沪江英语,10010000012006,other.other.crash,打开图库查看Bug截图，沪江英语app出现闪退现象，手机自动存了该日志。,primary_clue,36,33,打开图库查看bug截图 沪江英语app出现闪退现象 手机自动存了该日志,1,
10010000012027,在引导页中，设置”想学哪门语言呢？“出现小概率闪退情况。,在引导页中，设置”想学哪门语言呢？“出现小概率闪退情况。,,Crash,settings,page_view,crash,settings.page_view.crash,N,High,1,沪江英语,沪江英语,10010000012027,settings.page_view.crash,在引导页中，设置”想学哪门语言呢？“出现小概率闪退情况。,primary_clue,28,23,在引导页中 设置 想学哪门语言呢 出现小概率闪退情况,1,
10010000012242,在首页面进行注册的时候，通过邮箱和手机分别注册测试，注册成功显示设置用户名界面时，界面无响应，并显示，闪退后将缓存存到某目录下。此BUG提示说明该版本注册成功阶段，有高频率的闪退情况。属于不正常退出的情况，复现程度为“大概率复现”。,在首页面进行注册的时候，通过邮箱和手机分别注册测试，注册成功显示设置用户名界面时，界面无响应，并显示，闪退后将缓存存到某目录下。此BU…,,Crash,register,page_view,crash,register.page_view.crash,N,High,1,沪江英语,沪江英语,10010000012242,register.page_view.crash,在首页面进行注册的时候，通过邮箱和手机分别注册测试，注册成功显示设置用户名界面时，界面无响应，并显示，闪退后将缓存存到某目录下。此BU…,primary_clue,68,61,在首页面进行注册的时候 通过邮箱和手机分别注册测试 注册成功显示设置用户名界面时 界面无响应 并显示 闪退后将缓存存到某目录下 此bu,1,
10010000012105,没有查询功能，当课程较多时，对用户很不方便,没有查询功能，当课程较多时，对用户很不方便,,UI/Display,course,list_item,other,course.list_item.other,N,Medium,1,沪江英语,沪江英语,10010000012105,course.list_item.other,没有查询功能，当课程较多时，对用户很不方便,primary_clue,21,19,没有查询功能 当课程较多时 对用户很不方便,1,
10010000012163,关键字搜索，搜索到的内容不符合用户需求，模糊搜索不准确。,关键字搜索，搜索到的内容不符合用户需求，模糊搜索不准确。,,Functional-Search,search,other,other,search.other.other,N,High,1,沪江英语,沪江英语,10010000012163,search.other.other,关键字搜索，搜索到的内容不符合用户需求，模糊搜索不准确。,primary_clue,28,25,关键字搜索 搜索到的内容不符合用户需求 模糊搜索不准确,1,
10010000012200,在课程页面最上面一栏搜索自己想要的课程，系统不能根据用户输入的信息自动弹出匹配推荐。,在课程页面最上面一栏搜索自己想要的课程，系统不能根据用户输入的信息自动弹出匹配推荐。,,Functional-Search,search,page_view,cannot_or_fail,search.page_view.cannot_or_fail,N,High,1,沪江英语,沪江英语,10010000012200,search.page_view.cannot_or_fail,在课程页面最上面一栏搜索自己想要的课程，系统不能根据用户输入的信息自动弹出匹配推荐。,primary_clue,42,40,在课程页面最上面一栏搜索自己想要的课程 系统不能根据用户输入的信息自动弹出匹配推荐,1,
10010000012219,在英语页面中，没有搜索框，给用户的体验极为不佳，当用户有准确的学习方向，而不能直接搜索想要学习的方向，还只是进行选择，用户体验极为不佳。,在英语页面中，没有搜索框，给用户的体验极为不佳，当用户有准确的学习方向，而不能直接搜索想要学习的方向，还只是进行选择，用户体验极为不佳。,,Functional-Search,search,page_view,cannot_or_fail,search.page_view.cannot_or_fail,N,High,1,沪江英语,沪江英语,10010000012219,search.page_view.cannot_or_fail,在英语页面中，没有搜索框，给用户的体验极为不佳，当用户有准确的学习方向，而不能直接搜索想要学习的方向，还只是进行选择，用户体验极为不佳。,primary_clue,68,61,在英语页面中 没有搜索框 给用户的体验极为不佳 当用户有准确的学习方向 而不能直接搜索想要学习的方向 还只是进行选择 用户体验极为不佳,1,
10010000012246,用户在得知某一位老师课程讲述符合自己的要求时，自己在英语界面，没有搜索功能不易找到所需课程用户体验差,用户在得知某一位老师课程讲述符合自己的要求时，自己在英语界面，没有搜索功能不易找到所需课程用户体验差,,Functional-Search,search,page_view,other,search.page_view.other,N,High,1,沪江英语,沪江英语,10010000012246,search.page_view.other,用户在得知某一位老师课程讲述符合自己的要求时，自己在英语界面，没有搜索功能不易找到所需课程用户体验差,primary_clue,50,48,用户在得知某一位老师课程讲述符合自己的要求时 自己在英语界面 没有搜索功能不易找到所需课程用户体验差,1,
10010000012279,英语课程列表建议增加在顶部下滑刷新课程功能,英语课程列表建议增加在顶部下滑刷新课程功能,,Other,course,list_item,other,course.list_item.other,N,Medium,1,沪江英语,沪江英语,10010000012279,course.list_item.other,英语课程列表建议增加在顶部下滑刷新课程功能,primary_clue,21,21,英语课程列表建议增加在顶部下滑刷新课程功能,1,
10010000011996,验证码输入错误时，离开输入框，没有标红提示。,验证码输入错误时，离开输入框，没有标红提示。,,Functional-Account,other,input_box,wrong_value,other.input_box.wrong_value,N,High,1,沪江英语,沪江英语,10010000011996,other.input_box.wrong_value,验证码输入错误时，离开输入框，没有标红提示。,primary_clue,22,19,验证码输入错误时 离开输入框 没有标红提示,1,
10010000011999,进行注册时，输入验证码没有提示不区分大小写。,进行注册时，输入验证码没有提示不区分大小写。,,Functional-Account,register,other,no_prompt,register.other.no_prompt,N,High,1,沪江英语,沪江英语,10010000011999,register.other.no_prompt,进行注册时，输入验证码没有提示不区分大小写。,primary_clue,22,20,进行注册时 输入验证码没有提示不区分大小写,1,
10010000012190,验证码错误时，提交后提示，出现新的验证码图片但是不清空上一次输入的验证码，也无法一键清空，很麻烦,验证码错误时，提交后提示，出现新的验证码图片但是不清空上一次输入的验证码，也无法一键清空，很麻烦,,Functional-Account,other,image_banner,wrong_value,other.image_banner.wrong_value,N,High,1,沪江英语,沪江英语,10010000012190,other.image_banner.wrong_value,验证码错误时，提交后提示，出现新的验证码图片但是不清空上一次输入的验证码，也无法一键清空，很麻烦,primary_clue,48,44,验证码错误时 提交后提示 出现新的验证码图片但是不清空上一次输入的验证码 也无法一键清空 很麻烦,1,
10010000012229,用户注册时，填写合法的手机号，图片验证码输入框出现，当输入错误的验证码时，没有提示，要等密码输入合法，点注册才提示验证码输入错误，用输入验证码后进行提示。,用户注册时，填写合法的手机号，图片验证码输入框出现，当输入错误的验证码时，没有提示，要等密码输入合法，点注册才提示验证码输入错误，用输…,,Functional-Account,register,input_box,wrong_value,register.input_box.wrong_value,N,High,1,沪江英语,沪江英语,10010000012229,register.input_box.wrong_value,用户注册时，填写合法的手机号，图片验证码输入框出现，当输入错误的验证码时，没有提示，要等密码输入合法，点注册才提示验证码输入错误，用输…,primary_clue,68,60,用户注册时 填写合法的手机号 图片验证码输入框出现 当输入错误的验证码时 没有提示 要等密码输入合法 点注册才提示验证码输入错误 用输,1,
10010000012147,无法对别人的评价进行恢复或提问，对用户是个不好的体验,无法对别人的评价进行恢复或提问，对用户是个不好的体验,,UI/Display,other,other,cannot_or_fail,other.other.cannot_or_fail,N,Medium,1,沪江英语,沪江英语,10010000012147,other.other.cannot_or_fail,无法对别人的评价进行恢复或提问，对用户是个不好的体验,primary_clue,26,25,无法对别人的评价进行恢复或提问 对用户是个不好的体验,1,
10010000012083,进入课程界面后，不断下拉刷新，会出现很明显的闪屏现象,进入课程界面后，不断下拉刷新，会出现很明显的闪屏现象,,UI/Display,course,page_view,other,course.page_view.other,N,Medium,1,沪江英语,沪江英语,10010000012083,course.page_view.other,进入课程界面后，不断下拉刷新，会出现很明显的闪屏现象,primary_clue,26,24,进入课程界面后 不断下拉刷新 会出现很明显的闪屏现象,1,
10010000012090,进入课程标签页面，下拉刷新，发现上部的图片轮番会出现抖动，短暂的空白（不明显，但是，会抖动）,进入课程标签页面，下拉刷新，发现上部的图片轮番会出现抖动，短暂的空白（不明显，但是，会抖动）,,UI/Display,course,page_view,other,course.page_view.other,N,Medium,1,沪江英语,沪江英语,10010000012090,course.page_view.other,进入课程标签页面，下拉刷新，发现上部的图片轮番会出现抖动，短暂的空白（不明显，但是，会抖动）,primary_clue,46,39,进入课程标签页面 下拉刷新 发现上部的图片轮番会出现抖动 短暂的空白 不明显 但是 会抖动,1,
10010000012158,在用户刷新课程界面时，上方滑动图片闪动，下方内容并没有修改,在用户刷新课程界面时，上方滑动图片闪动，下方内容并没有修改,,UI/Display,course,page_view,other,course.page_view.other,N,Medium,1,沪江英语,沪江英语,10010000012158,course.page_view.other,在用户刷新课程界面时，上方滑动图片闪动，下方内容并没有修改,primary_clue,29,27,在用户刷新课程界面时 上方滑动图片闪动 下方内容并没有修改,1,
10010000011970,点击注册登陆按钮下方的，“先试用一下”标题反应时间较长,点击注册登陆按钮下方的，“先试用一下”标题反应时间较长,,Functional-Account,register,button_icon,other,register.button_icon.other,N,High,1,沪江英语,沪江英语,10010000011970,register.button_icon.other,点击注册登陆按钮下方的，“先试用一下”标题反应时间较长,primary_clue,27,24,点击注册登陆按钮下方的 先试用一下 标题反应时间较长,1,
10010000012266,点击注册登录按钮下方的“先试用一下”标题反应时间较长,点击注册登录按钮下方的“先试用一下”标题反应时间较长,,Functional-Account,register,button_icon,other,register.button_icon.other,N,High,1,沪江英语,沪江英语,10010000012266,register.button_icon.other,点击注册登录按钮下方的“先试用一下”标题反应时间较长,primary_clue,26,24,点击注册登录按钮下方的 先试用一下 标题反应时间较长,1,
10010000012095,没有邮箱绑定和邮箱注册，但是登陆时却提示可以邮箱登陆。,没有邮箱绑定和邮箱注册，但是登陆时却提示可以邮箱登陆。,,Functional-Account,register,other,other,register.other.other,N,High,1,沪江英语,沪江英语,10010000012095,register.other.other,没有邮箱绑定和邮箱注册，但是登陆时却提示可以邮箱登陆。,primary_clue,27,25,没有邮箱绑定和邮箱注册 但是登陆时却提示可以邮箱登陆,1,
10010000012146,选择课程，自己按类别选择课程和查看课程详情时，加载速度过慢,选择课程，自己按类别选择课程和查看课程详情时，加载速度过慢,,Other,course,list_item,other,course.list_item.other,N,Medium,1,沪江英语,沪江英语,10010000012146,course.list_item.other,选择课程，自己按类别选择课程和查看课程详情时，加载速度过慢,primary_clue,29,27,选择课程 自己按类别选择课程和查看课程详情时 加载速度过慢,1,
10010000012196,选择英语界面时，进行的跳转时间过长，用户体验极为不佳。,选择英语界面时，进行的跳转时间过长，用户体验极为不佳。,,UI/Display,other,page_view,other,other.page_view.other,N,Medium,1,沪江英语,沪江英语,10010000012196,other.page_view.other,选择英语界面时，进行的跳转时间过长，用户体验极为不佳。,primary_clue,27,24,选择英语界面时 进行的跳转时间过长 用户体验极为不佳,1,
10010000012179,手机快速登录页面，及时手机动态码超时填写也能正常登录。,手机快速登录页面，及时手机动态码超时填写也能正常登录。,,Functional-Account,login,page_view,other,login.page_view.other,N,High,1,沪江英语,沪江英语,10010000012179,login.page_view.other,手机快速登录页面，及时手机动态码超时填写也能正常登录。,primary_clue,27,25,手机快速登录页面 及时手机动态码超时填写也能正常登录,1,
10010000012168,当学习计划没有发生修改，不应该给出提示信息“修改成功”,当学习计划没有发生修改，不应该给出提示信息“修改成功”,,Other,other,other,other,other.other.other,N,Medium,1,沪江英语,沪江英语,10010000012168,other.other.other,当学习计划没有发生修改，不应该给出提示信息“修改成功”,primary_clue,27,24,当学习计划没有发生修改 不应该给出提示信息 修改成功,1,
10010000012031,在注册输入用户名点击确认后，不正常退出，一直停留在此界面。,在注册输入用户名点击确认后，不正常退出，一直停留在此界面。,,Functional-Account,register,page_view,other,register.page_view.other,N,High,1,沪江英语,沪江英语,10010000012031,register.page_view.other,在注册输入用户名点击确认后，不正常退出，一直停留在此界面。,primary_clue,29,26,在注册输入用户名点击确认后 不正常退出 一直停留在此界面,1,
10010000012042,登录上去应该跳转到课程首页，这里跳转到“我的”个人信息页面。,登录上去应该跳转到课程首页，这里跳转到“我的”个人信息页面。,,Functional-Account,login,page_view,other,login.page_view.other,N,High,1,沪江英语,沪江英语,10010000012042,login.page_view.other,登录上去应该跳转到课程首页，这里跳转到“我的”个人信息页面。,primary_clue,30,26,登录上去应该跳转到课程首页 这里跳转到 我的 个人信息页面,1,
10010000011962,用户注册页面，注册用户时，没有确认密码功能。为避免注册时输错密码，建议添加确认密码功能。,用户注册页面，注册用户时，没有确认密码功能。为避免注册时输错密码，建议添加确认密码功能。,,Functional-Account,register,page_view,other,register.page_view.other,N,High,1,沪江英语,沪江英语,10010000011962,register.page_view.other,用户注册页面，注册用户时，没有确认密码功能。为避免注册时输错密码，建议添加确认密码功能。,primary_clue,44,39,用户注册页面 注册用户时 没有确认密码功能 为避免注册时输错密码 建议添加确认密码功能,1,
10010000011965,"问题描述:注册界面密码不满足条件时提示不统一
前置条件:手机号和验证码已输入正确
步骤:
1.密码处输入1
2.点击登录
3.密码处输入a
4.点击登录
5.密码处输入特殊字符@
6.点击登录",问题描述:注册界面密码不满足条件时提示不统一,前置条件:手机号和验证码已输入正确 || 密码处输入1 || 点击登录 || 密码处输入a || 点击登录 || 密码处输入特殊字符@ || 点击登录,Functional-Account,register,page_view,other,register.page_view.other,Y,Medium,8,沪江英语,沪江英语,10010000011965,register.page_view.other,问题描述:注册界面密码不满足条件时提示不统一,primary_clue,22,21,问题描述 注册界面密码不满足条件时提示不统一,1,
10010000012046,注册时输入不足要求的密码长度时，进行注册，提示不能是纯数字纯字母，与现实填写不相符，应提示密码不足以8位符号。,注册时输入不足要求的密码长度时，进行注册，提示不能是纯数字纯字母，与现实填写不相符，应提示密码不足以8位符号。,,Functional-Account,register,other,cannot_or_fail,register.other.cannot_or_fail,N,High,1,沪江英语,沪江英语,10010000012046,register.other.cannot_or_fail,注册时输入不足要求的密码长度时，进行注册，提示不能是纯数字纯字母，与现实填写不相符，应提示密码不足以8位符号。,primary_clue,55,50,注册时输入不足要求的密码长度时 进行注册 提示不能是纯数字纯字母 与现实填写不相符 应提示密码不足以8位符号,1,
10010000012048,当输入密码时，输入两个字符会产生不对应的提示，应当提示字符不符合要求，但它提示的是不能用纯数字或者纯字母，用户体验极为不好！,当输入密码时，输入两个字符会产生不对应的提示，应当提示字符不符合要求，但它提示的是不能用纯数字或者纯字母，用户体验极为不好！,,Functional-Account,other,other,cannot_or_fail,other.other.cannot_or_fail,N,High,1,沪江英语,沪江英语,10010000012048,other.other.cannot_or_fail,当输入密码时，输入两个字符会产生不对应的提示，应当提示字符不符合要求，但它提示的是不能用纯数字或者纯字母，用户体验极为不好！,primary_clue,62,57,当输入密码时 输入两个字符会产生不对应的提示 应当提示字符不符合要求 但它提示的是不能用纯数字或者纯字母 用户体验极为不好,1,
10010000012063,在注册时，输入密码只要求输入一次，这样没有了再次验证的过程，用户输错密码的话就问题大了,在注册时，输入密码只要求输入一次，这样没有了再次验证的过程，用户输错密码的话就问题大了,,Functional-Account,register,other,other,register.other.other,N,High,1,沪江英语,沪江英语,10010000012063,register.other.other,在注册时，输入密码只要求输入一次，这样没有了再次验证的过程，用户输错密码的话就问题大了,primary_clue,43,40,在注册时 输入密码只要求输入一次 这样没有了再次验证的过程 用户输错密码的话就问题大了,1,
10010000012100,设置登录密码时，可以输入纯数字，没有提示要字母和数字的混合等,设置登录密码时，可以输入纯数字，没有提示要字母和数字的混合等,,Functional-Account,login,page_view,no_prompt,login.page_view.no_prompt,N,High,1,沪江英语,沪江英语,10010000012100,login.page_view.no_prompt,设置登录密码时，可以输入纯数字，没有提示要字母和数字的混合等,primary_clue,30,28,设置登录密码时 可以输入纯数字 没有提示要字母和数字的混合等,1,
10010000012359,用户在进行注册时，只让输入一遍密码，没有确认密码，此时容易输入错误，导入密码错误。,用户在进行注册时，只让输入一遍密码，没有确认密码，此时容易输入错误，导入密码错误。,,Functional-Account,register,other,wrong_value,register.other.wrong_value,N,High,1,沪江英语,沪江英语,10010000012359,register.other.wrong_value,用户在进行注册时，只让输入一遍密码，没有确认密码，此时容易输入错误，导入密码错误。,primary_clue,41,36,用户在进行注册时 只让输入一遍密码 没有确认密码 此时容易输入错误 导入密码错误,1,
10010000012008,登陆后，在引导页中设置时无法返回上一层，对误操作的用户造成不便,登陆后，在引导页中设置时无法返回上一层，对误操作的用户造成不便,,Other,settings,page_view,cannot_or_fail,settings.page_view.cannot_or_fail,N,Medium,1,沪江英语,沪江英语,10010000012008,settings.page_view.cannot_or_fail,登陆后，在引导页中设置时无法返回上一层，对误操作的用户造成不便,primary_clue,31,29,登陆后 在引导页中设置时无法返回上一层 对误操作的用户造成不便,1,
10010000012258,在加入课程评价的过程中，我没有学习该课程便开始评价，这个样子很容易造成刷评价的，提高自己的评价，或者去把别人的评价等级弄低。,在加入课程评价的过程中，我没有学习该课程便开始评价，这个样子很容易造成刷评价的，提高自己的评价，或者去把别人的评价等级弄低。,,Other,course,list_item,other,course.list_item.other,N,Medium,1,沪江英语,沪江英语,10010000012258,course.list_item.other,在加入课程评价的过程中，我没有学习该课程便开始评价，这个样子很容易造成刷评价的，提高自己的评价，或者去把别人的评价等级弄低。,primary_clue,62,57,在加入课程评价的过程中 我没有学习该课程便开始评价 这个样子很容易造成刷评价的 提高自己的评价 或者去把别人的评价等级弄低,1,
10010000012322,添加课程后，没有学习即可评价课程，这会导致一些刷分现象么出现。,添加课程后，没有学习即可评价课程，这会导致一些刷分现象么出现。,,Other,course,list_item,other,course.list_item.other,N,Medium,1,沪江英语,沪江英语,10010000012322,course.list_item.other,添加课程后，没有学习即可评价课程，这会导致一些刷分现象么出现。,primary_clue,31,28,添加课程后 没有学习即可评价课程 这会导致一些刷分现象么出现,1,
10010000012330,安全性差：在用户没有进行课程学习的时候，也能对课程进行评价，这样容易造成恶意评价，从而导致社交系统的垃圾内容过多难以管理。此处应该设置进行了学习之后再进行评论。,安全性差：在用户没有进行课程学习的时候，也能对课程进行评价，这样容易造成恶意评价，从而导致社交系统的垃圾内容过多难以管理。此处应该设置…,,UI/Display,course,page_view,other,course.page_view.other,N,Medium,1,沪江英语,沪江英语,10010000012330,course.page_view.other,安全性差：在用户没有进行课程学习的时候，也能对课程进行评价，这样容易造成恶意评价，从而导致社交系统的垃圾内容过多难以管理。此处应该设置…,primary_clue,68,62,安全性差 在用户没有进行课程学习的时候 也能对课程进行评价 这样容易造成恶意评价 从而导致社交系统的垃圾内容过多难以管理 此处应该设置,1,
10010000012337,安全性差：整个课程学习过程中的评价体系和评论体系，都是可以无限制进行的，也就是说不需要任何学习动作的前置，就可以进行评价和评论的动作操作，会导致两种结果，1、官方运营商，刷良好评论，刷高星评价，给用户误导，导致用户无法对该课程做出比较正确的评判，2、恶意评价过多，导致评价系统崩溃，没有任何作用。,安全性差：整个课程学习过程中的评价体系和评论体系，都是可以无限制进行的，也就是说不需要任何学习动作的前置，就可以进行评价和评论的动作操…,,Crash,course,list_item,crash,course.list_item.crash,N,High,1,沪江英语,沪江英语,10010000012337,course.list_item.crash,安全性差：整个课程学习过程中的评价体系和评论体系，都是可以无限制进行的，也就是说不需要任何学习动作的前置，就可以进行评价和评论的动作操…,primary_clue,68,63,安全性差 整个课程学习过程中的评价体系和评论体系 都是可以无限制进行的 也就是说不需要任何学习动作的前置 就可以进行评价和评论的动作操,1,
10010000011979,当打开应用，进入沪江英语app时会出现白屏，卡屏现象，影响使用。,当打开应用，进入沪江英语app时会出现白屏，卡屏现象，影响使用。,,Network/Loading,other,other,load_fail,other.other.load_fail,N,High,1,沪江英语,沪江英语,10010000011979,other.other.load_fail,当打开应用，进入沪江英语app时会出现白屏，卡屏现象，影响使用。,primary_clue,32,28,当打开应用 进入沪江英语app时会出现白屏 卡屏现象 影响使用,1,
10010000012054,邮箱注销:用邮箱注册时没有发送验证链接，随便输入一个邮箱就能注册,邮箱注销:用邮箱注册时没有发送验证链接，随便输入一个邮箱就能注册,,Functional-Account,register,share_panel,other,register.share_panel.other,N,High,1,沪江英语,沪江英语,10010000012054,register.share_panel.other,邮箱注销:用邮箱注册时没有发送验证链接，随便输入一个邮箱就能注册,primary_clue,32,30,邮箱注销 用邮箱注册时没有发送验证链接 随便输入一个邮箱就能注册,1,
10010000012294,输入框空白，点击提交，提示提交成功，但是实际并没有显示个人的评价,输入框空白，点击提交，提示提交成功，但是实际并没有显示个人的评价,,Input/Validation,other,input_box,other,other.input_box.other,N,High,1,沪江英语,沪江英语,10010000012294,other.input_box.other,输入框空白，点击提交，提示提交成功，但是实际并没有显示个人的评价,primary_clue,32,29,输入框空白 点击提交 提示提交成功 但是实际并没有显示个人的评价,1,
10010000012173,建议加上直达底部按钮，有时候数据过多，想要找到最后一项比较不方便。,建议加上直达底部按钮，有时候数据过多，想要找到最后一项比较不方便。,,UI/Display,other,button_icon,other,other.button_icon.other,N,Medium,1,沪江英语,沪江英语,10010000012173,other.button_icon.other,建议加上直达底部按钮，有时候数据过多，想要找到最后一项比较不方便。,primary_clue,33,30,建议加上直达底部按钮 有时候数据过多 想要找到最后一项比较不方便,1,
10010000012041,"添加课程后选择篇数建议能循环滚动，比如1向下划到20,20向上划到1","添加课程后选择篇数建议能循环滚动，比如1向下划到20,20向上划到1",,Other,course,list_item,other,course.list_item.other,N,Medium,1,沪江英语,沪江英语,10010000012041,course.list_item.other,"添加课程后选择篇数建议能循环滚动，比如1向下划到20,20向上划到1",primary_clue,34,32,添加课程后选择篇数建议能循环滚动 比如1向下划到20 20向上划到1,1,
10010000012148,注册成功后若不确认用户名直接退出，再登录时没有默认用户名，用户无法登录,注册成功后若不确认用户名直接退出，再登录时没有默认用户名，用户无法登录,,Crash,register,other,crash,register.other.crash,N,High,1,沪江英语,沪江英语,10010000012148,register.other.crash,注册成功后若不确认用户名直接退出，再登录时没有默认用户名，用户无法登录,primary_clue,35,33,注册成功后若不确认用户名直接退出 再登录时没有默认用户名 用户无法登录,1,
10010000012004,用户体验不好，登录时用户会把焦点放在了点击登录上，容易忽视上面的小图标,用户体验不好，登录时用户会把焦点放在了点击登录上，容易忽视上面的小图标,,Functional-Account,login,button_icon,other,login.button_icon.other,N,High,1,沪江英语,沪江英语,10010000012004,login.button_icon.other,用户体验不好，登录时用户会把焦点放在了点击登录上，容易忽视上面的小图标,primary_clue,35,33,用户体验不好 登录时用户会把焦点放在了点击登录上 容易忽视上面的小图标,1,
10010000012055,界面当中的第三方登录提示字符太小，导致用户不能及时发现，从而进行了繁琐的注册，页面布局有缺陷，导致用户体验非常差！,界面当中的第三方登录提示字符太小，导致用户不能及时发现，从而进行了繁琐的注册，页面布局有缺陷，导致用户体验非常差！,,Functional-Account,register,page_view,layout_issue,register.page_view.layout_issue,N,High,1,沪江英语,沪江英语,10010000012055,register.page_view.layout_issue,界面当中的第三方登录提示字符太小，导致用户不能及时发现，从而进行了繁琐的注册，页面布局有缺陷，导致用户体验非常差！,primary_clue,57,52,界面当中的第三方登录提示字符太小 导致用户不能及时发现 从而进行了繁琐的注册 页面布局有缺陷 导致用户体验非常差,1,
10010000012053,已经登陆进去之后，他还会显示当前是试用账号，为了更好的保存信息，请先登录,已经登陆进去之后，他还会显示当前是试用账号，为了更好的保存信息，请先登录,,Functional-Account,login,other,other,login.other.other,N,High,1,沪江英语,沪江英语,10010000012053,login.other.other,已经登陆进去之后，他还会显示当前是试用账号，为了更好的保存信息，请先登录,primary_clue,36,33,已经登陆进去之后 他还会显示当前是试用账号 为了更好的保存信息 请先登录,1,
10010000012022,没有输入邮箱，点击发送按钮，应该给出提示信息请输入邮箱，而不是请输入评论,没有输入邮箱，点击发送按钮，应该给出提示信息请输入邮箱，而不是请输入评论,,UI/Display,message_send,button_icon,other,message_send.button_icon.other,N,Medium,1,沪江英语,沪江英语,10010000012022,message_send.button_icon.other,没有输入邮箱，点击发送按钮，应该给出提示信息请输入邮箱，而不是请输入评论,primary_clue,36,33,没有输入邮箱 点击发送按钮 应该给出提示信息请输入邮箱 而不是请输入评论,1,
10010000011988,进入app选择注册时，发送验证码到手机，当手机接受验证码并填写时，出现卡屏现象，不停地转圈圈，影响用户体验。,进入app选择注册时，发送验证码到手机，当手机接受验证码并填写时，出现卡屏现象，不停地转圈圈，影响用户体验。,,Network/Loading,register,other,other,register.other.other,N,High,1,沪江英语,沪江英语,10010000011988,register.other.other,进入app选择注册时，发送验证码到手机，当手机接受验证码并填写时，出现卡屏现象，不停地转圈圈，影响用户体验。,primary_clue,54,48,进入app选择注册时 发送验证码到手机 当手机接受验证码并填写时 出现卡屏现象 不停地转圈圈 影响用户体验,1,
10010000011994,在进行用户注册的过程中，信息填写完毕后，点击注册按钮，响应时间过于长，等了一会才有反应。登录过程中也是如此。,在进行用户注册的过程中，信息填写完毕后，点击注册按钮，响应时间过于长，等了一会才有反应。登录过程中也是如此。,,Functional-Account,register,button_icon,other,register.button_icon.other,N,High,1,沪江英语,沪江英语,10010000011994,register.button_icon.other,在进行用户注册的过程中，信息填写完毕后，点击注册按钮，响应时间过于长，等了一会才有反应。登录过程中也是如此。,primary_clue,54,48,在进行用户注册的过程中 信息填写完毕后 点击注册按钮 响应时间过于长 等了一会才有反应 登录过程中也是如此,1,
10010000012024,注册完成后，进行登陆，登陆一直处于转圈卡屏中，大约3到5秒，影响用户体验。,注册完成后，进行登陆，登陆一直处于转圈卡屏中，大约3到5秒，影响用户体验。,,Network/Loading,register,other,other,register.other.other,N,High,1,沪江英语,沪江英语,10010000012024,register.other.other,注册完成后，进行登陆，登陆一直处于转圈卡屏中，大约3到5秒，影响用户体验。,primary_clue,37,32,注册完成后 进行登陆 登陆一直处于转圈卡屏中 大约3到5秒 影响用户体验,1,
10010000012248,在英语中选择一门科目进行了解时，课程介绍极为模糊，有些甚至没有课程介绍！！！,在英语中选择一门科目进行了解时，课程介绍极为模糊，有些甚至没有课程介绍！！！,,Other,course,list_item,other,course.list_item.other,N,Medium,1,沪江英语,沪江英语,10010000012248,course.list_item.other,在英语中选择一门科目进行了解时，课程介绍极为模糊，有些甚至没有课程介绍！！！,primary_clue,38,33,在英语中选择一门科目进行了解时 课程介绍极为模糊 有些甚至没有课程介绍,1,
10010000012050,当用户在输入账号前，并没有验证码输入验证，但输入结束后突然下边弹出一个验证栏目,当用户在输入账号前，并没有验证码输入验证，但输入结束后突然下边弹出一个验证栏目,,Functional-Account,other,other,other,other.other.other,N,High,1,沪江英语,沪江英语,10010000012050,other.other.other,当用户在输入账号前，并没有验证码输入验证，但输入结束后突然下边弹出一个验证栏目,primary_clue,39,37,当用户在输入账号前 并没有验证码输入验证 但输入结束后突然下边弹出一个验证栏目,1,
10010000012286,每个用户只能评论一条评论，如果有用户评论后还想再评论，也只能编辑已评论的那一条,每个用户只能评论一条评论，如果有用户评论后还想再评论，也只能编辑已评论的那一条,,Other,comment,list_item,other,comment.list_item.other,N,Medium,1,沪江英语,沪江英语,10010000012286,comment.list_item.other,每个用户只能评论一条评论，如果有用户评论后还想再评论，也只能编辑已评论的那一条,primary_clue,39,37,每个用户只能评论一条评论 如果有用户评论后还想再评论 也只能编辑已评论的那一条,1,
10010000012216,在课程页面，不能通过左右滑动在“我的”、“课程”、“社团”三个页面直接进行切换。,在课程页面，不能通过左右滑动在“我的”、“课程”、“社团”三个页面直接进行切换。,,UI/Display,course,page_view,cannot_or_fail,course.page_view.cannot_or_fail,N,Medium,1,沪江英语,沪江英语,10010000012216,course.page_view.cannot_or_fail,在课程页面，不能通过左右滑动在“我的”、“课程”、“社团”三个页面直接进行切换。,primary_clue,40,30,在课程页面 不能通过左右滑动在 我的 课程 社团 三个页面直接进行切换,1,
10010000012088,用户忘记密码，进行忘记选择密码重置方式，点击微信按钮闪退，qq、微博功能均不能使用,用户忘记密码，进行忘记选择密码重置方式，点击微信按钮闪退，qq、微博功能均不能使用,,Crash,share,button_icon,crash,share.button_icon.crash,N,High,1,沪江英语,沪江英语,10010000012088,share.button_icon.crash,用户忘记密码，进行忘记选择密码重置方式，点击微信按钮闪退，qq、微博功能均不能使用,primary_clue,41,37,用户忘记密码 进行忘记选择密码重置方式 点击微信按钮闪退 qq 微博功能均不能使用,1,
10010000012002,当选择了注册时，会不经过用户同意直接发送验证码到手机，这影响了用户的使用安全问题。,当选择了注册时，会不经过用户同意直接发送验证码到手机，这影响了用户的使用安全问题。,,Functional-Account,register,other,other,register.other.other,N,High,1,沪江英语,沪江英语,10010000012002,register.other.other,当选择了注册时，会不经过用户同意直接发送验证码到手机，这影响了用户的使用安全问题。,primary_clue,41,38,当选择了注册时 会不经过用户同意直接发送验证码到手机 这影响了用户的使用安全问题,1,
10010000012116,点击课程介绍，弹出提示窗口，关闭提示窗口时没有进入相应的课程界面，而是返回到主界面,点击课程介绍，弹出提示窗口，关闭提示窗口时没有进入相应的课程界面，而是返回到主界面,,UI/Display,course,page_view,other,course.page_view.other,N,Medium,1,沪江英语,沪江英语,10010000012116,course.page_view.other,点击课程介绍，弹出提示窗口，关闭提示窗口时没有进入相应的课程界面，而是返回到主界面,primary_clue,41,38,点击课程介绍 弹出提示窗口 关闭提示窗口时没有进入相应的课程界面 而是返回到主界面,1,
10010000012237,如图2，当把原来的”hhh“评价删除后，点击提交，提交成功，并且把原来的评价删除了,如图2，当把原来的”hhh“评价删除后，点击提交，提交成功，并且把原来的评价删除了,,Other,other,other,other,other.other.other,N,Medium,1,沪江英语,沪江英语,10010000012237,other.other.other,如图2，当把原来的”hhh“评价删除后，点击提交，提交成功，并且把原来的评价删除了,primary_clue,41,35,如图2 当把原来的 hhh 评价删除后 点击提交 提交成功 并且把原来的评价删除了,1,
10010000012183,在评价课程界面输入大量表情之后，点击发送按钮，没有任何错误过成功提示，评价发送失败。,在评价课程界面输入大量表情之后，点击发送按钮，没有任何错误过成功提示，评价发送失败。,,Functional-Social,message_send,button_icon,wrong_value,message_send.button_icon.wrong_value,N,High,1,沪江英语,沪江英语,10010000012183,message_send.button_icon.wrong_value,在评价课程界面输入大量表情之后，点击发送按钮，没有任何错误过成功提示，评价发送失败。,primary_clue,42,38,在评价课程界面输入大量表情之后 点击发送按钮 没有任何错误过成功提示 评价发送失败,1,
10010000012203,在评价课程界面，，输入框中输入大量文字之后，点击发送按钮，只有短暂加载提示，没有任何发送成功或失败的提示，并且评价最终没有发送成功。,在评价课程界面，，输入框中输入大量文字之后，点击发送按钮，只有短暂加载提示，没有任何发送成功或失败的提示，并且评价最终没有发送成功。,,Input/Validation,message_send,input_box,cannot_or_fail,message_send.input_box.cannot_or_fail,N,High,1,沪江英语,沪江英语,10010000012203,message_send.input_box.cannot_or_fail,在评价课程界面，，输入框中输入大量文字之后，点击发送按钮，只有短暂加载提示，没有任何发送成功或失败的提示，并且评价最终没有发送成功。,primary_clue,66,59,在评价课程界面 输入框中输入大量文字之后 点击发送按钮 只有短暂加载提示 没有任何发送成功或失败的提示 并且评价最终没有发送成功,1,
10010000012152,选择常春藤时，第一次点击更多，已添加课程还能再添加一次，第二次点击更多，登录到浏览器,选择常春藤时，第一次点击更多，已添加课程还能再添加一次，第二次点击更多，登录到浏览器,,Functional-Account,login,list_item,other,login.list_item.other,N,High,1,沪江英语,沪江英语,10010000012152,login.list_item.other,选择常春藤时，第一次点击更多，已添加课程还能再添加一次，第二次点击更多，登录到浏览器,primary_clue,42,38,选择常春藤时 第一次点击更多 已添加课程还能再添加一次 第二次点击更多 登录到浏览器,1,
10010000012278,在英语课程页面中，点击英语类型为”少儿英语“，课程中间的英语类型没有更改，仍为”英语“,在英语课程页面中，点击英语类型为”少儿英语“，课程中间的英语类型没有更改，仍为”英语“,,UI/Display,course,page_view,other,course.page_view.other,N,Medium,1,沪江英语,沪江英语,10010000012278,course.page_view.other,在英语课程页面中，点击英语类型为”少儿英语“，课程中间的英语类型没有更改，仍为”英语“,primary_clue,43,36,在英语课程页面中 点击英语类型为 少儿英语 课程中间的英语类型没有更改 仍为 英语,1,
10010000012272,在个人信息修改中，不能修改用户头像，微信绑定闪退，新浪账户绑定，qq账号绑定均不能使用。,在个人信息修改中，不能修改用户头像，微信绑定闪退，新浪账户绑定，qq账号绑定均不能使用。,,Crash,other,other,crash,other.other.crash,N,High,1,沪江英语,沪江英语,10010000012272,other.other.crash,在个人信息修改中，不能修改用户头像，微信绑定闪退，新浪账户绑定，qq账号绑定均不能使用。,primary_clue,44,39,在个人信息修改中 不能修改用户头像 微信绑定闪退 新浪账户绑定 qq账号绑定均不能使用,1,
10010000012175,在评价课程界面，复制已输入的表情，再粘贴到输入框之后，输入框显示的不是表情而是表情代码。,在评价课程界面，复制已输入的表情，再粘贴到输入框之后，输入框显示的不是表情而是表情代码。,,Functional-Social,course,input_box,other,course.input_box.other,N,High,1,沪江英语,沪江英语,10010000012175,course.input_box.other,在评价课程界面，复制已输入的表情，再粘贴到输入框之后，输入框显示的不是表情而是表情代码。,primary_clue,44,40,在评价课程界面 复制已输入的表情 再粘贴到输入框之后 输入框显示的不是表情而是表情代码,1,
10010000011963,进入沪江英语的课程，选择英语，选择具体某一项英语类别的时候，下数据的加载很慢，但是，获取的数据并不多，在进行人气、评价时间排序的时候，首次加载会慢，第二次加载还是慢，应该考虑缓存的优化问题，如果说是实时数据不方便进行数据缓存，那每个页面没有下拉刷新也是不合理的,进入沪江英语的课程，选择英语，选择具体某一项英语类别的时候，下数据的加载很慢，但是，获取的数据并不多，在进行人气、评价时间排序的时候，…,,UI/Display,course,page_view,other,course.page_view.other,N,Medium,1,沪江英语,沪江英语,10010000011963,course.page_view.other,进入沪江英语的课程，选择英语，选择具体某一项英语类别的时候，下数据的加载很慢，但是，获取的数据并不多，在进行人气、评价时间排序的时候，…,primary_clue,68,59,进入沪江英语的课程 选择英语 选择具体某一项英语类别的时候 下数据的加载很慢 但是 获取的数据并不多 在进行人气 评价时间排序的时候,1,
10010000012013,除了主要步骤的步骤1操作时刷新速度正常（如图1），步骤2和3的刷新速度都过慢（如图2和3）,除了主要步骤的步骤1操作时刷新速度正常（如图1），步骤2和3的刷新速度都过慢（如图2和3）,,Other,other,other,other,other.other.other,N,Medium,1,沪江英语,沪江英语,10010000012013,other.other.other,除了主要步骤的步骤1操作时刷新速度正常（如图1），步骤2和3的刷新速度都过慢（如图2和3）,primary_clue,45,40,除了主要步骤的步骤1操作时刷新速度正常 如图1 步骤2和3的刷新速度都过慢 如图2和3,1,
10010000012256,app悬浮窗口，隐藏功能出现不明提示框，并且在隐藏后不能再找到重新出现，切换网络功能未实现。,app悬浮窗口，隐藏功能出现不明提示框，并且在隐藏后不能再找到重新出现，切换网络功能未实现。,,Other,other,other,cannot_or_fail,other.other.cannot_or_fail,N,Medium,1,沪江英语,沪江英语,10010000012256,other.other.cannot_or_fail,app悬浮窗口，隐藏功能出现不明提示框，并且在隐藏后不能再找到重新出现，切换网络功能未实现。,primary_clue,46,42,app悬浮窗口 隐藏功能出现不明提示框 并且在隐藏后不能再找到重新出现 切换网络功能未实现,1,
10010000012137,"问题描述:通过登录界面试用一下进入后用面包条中登录无效
前置条件:已通过登录界面试用一下登录，且面包条已打开
步骤:
1.点击登录
预期结果:
1.跳转到登录界面
实际结果:
1.无响应",问题描述:通过登录界面试用一下进入后用面包条中登录无效,前置条件:已通过登录界面试用一下登录，且面包条已打开 || 点击登录 || 跳转到登录界面 || 无响应,Functional-Account,login,page_view,other,login.page_view.other,Y,Medium,5,沪江英语,沪江英语,10010000012137,login.page_view.other,问题描述:通过登录界面试用一下进入后用面包条中登录无效,primary_clue,27,26,问题描述 通过登录界面试用一下进入后用面包条中登录无效,1,
10010000012270,没有登录的用户应该可以通过图二的登录功能进行登录。但只是消除弹出的界面，没有进入到登录界面。,没有登录的用户应该可以通过图二的登录功能进行登录。但只是消除弹出的界面，没有进入到登录界面。,,Functional-Account,login,page_view,other,login.page_view.other,N,High,1,沪江英语,沪江英语,10010000012270,login.page_view.other,没有登录的用户应该可以通过图二的登录功能进行登录。但只是消除弹出的界面，没有进入到登录界面。,primary_clue,46,43,没有登录的用户应该可以通过图二的登录功能进行登录 但只是消除弹出的界面 没有进入到登录界面,1,
10010000012223,用户分享到微博，空间，qq的个人学习情况，在他人点击时，并未看到，而是让 他下载，用户体验不好,用户分享到微博，空间，qq的个人学习情况，在他人点击时，并未看到，而是让 他下载，用户体验不好,,Functional-Share,share,share_panel,other,share.share_panel.other,N,High,1,沪江英语,沪江英语,10010000012223,share.share_panel.other,用户分享到微博，空间，qq的个人学习情况，在他人点击时，并未看到，而是让 他下载，用户体验不好,primary_clue,47,40,用户分享到微博 空间 qq的个人学习情况 在他人点击时 并未看到 而是让 他下载 用户体验不好,1,
10010000012308,用户进行分享某个课程时，比如分享到qq，出来的只是链接，没有一点文字叙述，比如我看见一个很好的英语课程，分享给你，使得被分享的用户不明所以，属于用户体验不好。,用户进行分享某个课程时，比如分享到qq，出来的只是链接，没有一点文字叙述，比如我看见一个很好的英语课程，分享给你，使得被分享的用户不明…,,Functional-Share,share,list_item,other,share.list_item.other,N,High,1,沪江英语,沪江英语,10010000012308,share.list_item.other,用户进行分享某个课程时，比如分享到qq，出来的只是链接，没有一点文字叙述，比如我看见一个很好的英语课程，分享给你，使得被分享的用户不明…,primary_clue,68,61,用户进行分享某个课程时 比如分享到qq 出来的只是链接 没有一点文字叙述 比如我看见一个很好的英语课程 分享给你 使得被分享的用户不明,1,
10010000012335,用户体验差：课时学习上面的系统默认配图，连续的课程应该设置不一样的配图，否则会导致用户视觉疲劳。,用户体验差：课时学习上面的系统默认配图，连续的课程应该设置不一样的配图，否则会导致用户视觉疲劳。,,UI/Display,course,page_view,other,course.page_view.other,N,Medium,1,沪江英语,沪江英语,10010000012335,course.page_view.other,用户体验差：课时学习上面的系统默认配图，连续的课程应该设置不一样的配图，否则会导致用户视觉疲劳。,primary_clue,48,44,用户体验差 课时学习上面的系统默认配图 连续的课程应该设置不一样的配图 否则会导致用户视觉疲劳,1,
10010000012049,登陆时输入错误密码，会提示用户名密码不相符，不知道是用户名错误还是密码错误，应该提示的更详细一些。,登陆时输入错误密码，会提示用户名密码不相符，不知道是用户名错误还是密码错误，应该提示的更详细一些。,,Functional-Account,other,other,wrong_value,other.other.wrong_value,N,High,1,沪江英语,沪江英语,10010000012049,other.other.wrong_value,登陆时输入错误密码，会提示用户名密码不相符，不知道是用户名错误还是密码错误，应该提示的更详细一些。,primary_clue,49,45,登陆时输入错误密码 会提示用户名密码不相符 不知道是用户名错误还是密码错误 应该提示的更详细一些,1,
10010000012739,进入播放语音界面，进行播放语音时，语音进程条一直显示00，没有语音的长度，没有随着时间的变化而变化,进入播放语音界面，进行播放语音时，语音进程条一直显示00，没有语音的长度，没有随着时间的变化而变化,,Functional-Media,playback,page_view,other,playback.page_view.other,N,High,1,沪江英语,沪江英语,10010000012739,playback.page_view.other,进入播放语音界面，进行播放语音时，语音进程条一直显示00，没有语音的长度，没有随着时间的变化而变化,primary_clue,49,45,进入播放语音界面 进行播放语音时 语音进程条一直显示00 没有语音的长度 没有随着时间的变化而变化,1,
10010000012215,添加课程，下方有”进入课程“按钮，返回后再次点击已添加的课程，，下方“进入”课程按钮消失，功能不统一,添加课程，下方有”进入课程“按钮，返回后再次点击已添加的课程，，下方“进入”课程按钮消失，功能不统一,,UI/Display,course,button_icon,other,course.button_icon.other,N,Medium,1,沪江英语,沪江英语,10010000012215,course.button_icon.other,添加课程，下方有”进入课程“按钮，返回后再次点击已添加的课程，，下方“进入”课程按钮消失，功能不统一,primary_clue,50,41,添加课程 下方有 进入课程 按钮 返回后再次点击已添加的课程 下方 进入 课程按钮消失 功能不统一,1,
10010000012114,对于没有的课程推荐，应该提供跳转的链接，或者给用户手动选择的权利，或者推荐，而不是光秃秃的反馈没有结果,对于没有的课程推荐，应该提供跳转的链接，或者给用户手动选择的权利，或者推荐，而不是光秃秃的反馈没有结果,,Functional-Share,share,list_item,other,share.list_item.other,N,High,1,沪江英语,沪江英语,10010000012114,share.list_item.other,对于没有的课程推荐，应该提供跳转的链接，或者给用户手动选择的权利，或者推荐，而不是光秃秃的反馈没有结果,primary_clue,51,47,对于没有的课程推荐 应该提供跳转的链接 或者给用户手动选择的权利 或者推荐 而不是光秃秃的反馈没有结果,1,
10010000012075,当进行第二次登录时，app给的默认用户名不是我的登录账号，输入正确密码也登录不进去！用户体验极为不好！！！,当进行第二次登录时，app给的默认用户名不是我的登录账号，输入正确密码也登录不进去！用户体验极为不好！！！,,Functional-Account,login,other,other,login.other.other,N,High,1,沪江英语,沪江英语,10010000012075,login.other.other,当进行第二次登录时，app给的默认用户名不是我的登录账号，输入正确密码也登录不进去！用户体验极为不好！！！,primary_clue,53,47,当进行第二次登录时 app给的默认用户名不是我的登录账号 输入正确密码也登录不进去 用户体验极为不好,1,
10010000012234,在评价课程界面，点赞某用户的评价之后，再次点击点赞按钮，仍然会出现加载提示，但无法再次点赞，也无法取消点赞。,在评价课程界面，点赞某用户的评价之后，再次点击点赞按钮，仍然会出现加载提示，但无法再次点赞，也无法取消点赞。,,UI/Display,course,button_icon,cannot_or_fail,course.button_icon.cannot_or_fail,N,Medium,1,沪江英语,沪江英语,10010000012234,course.button_icon.cannot_or_fail,在评价课程界面，点赞某用户的评价之后，再次点击点赞按钮，仍然会出现加载提示，但无法再次点赞，也无法取消点赞。,primary_clue,54,48,在评价课程界面 点赞某用户的评价之后 再次点击点赞按钮 仍然会出现加载提示 但无法再次点赞 也无法取消点赞,1,
10010000012162,进行登录时，如果用户名或者密码没有填写，系统只是提示用户名或者密码不能为空，并没有重新聚焦到信息为空的那一栏。,进行登录时，如果用户名或者密码没有填写，系统只是提示用户名或者密码不能为空，并没有重新聚焦到信息为空的那一栏。,,Functional-Account,login,other,cannot_or_fail,login.other.cannot_or_fail,N,High,1,沪江英语,沪江英语,10010000012162,login.other.cannot_or_fail,进行登录时，如果用户名或者密码没有填写，系统只是提示用户名或者密码不能为空，并没有重新聚焦到信息为空的那一栏。,primary_clue,55,51,进行登录时 如果用户名或者密码没有填写 系统只是提示用户名或者密码不能为空 并没有重新聚焦到信息为空的那一栏,1,
10010000012039,正常的密码输入环节应该是手机验证码验证成功后。才由用户自己输入。而这个app竟然在点击了注册按钮之后才发送验证码,正常的密码输入环节应该是手机验证码验证成功后。才由用户自己输入。而这个app竟然在点击了注册按钮之后才发送验证码,,Functional-Account,register,button_icon,other,register.button_icon.other,N,High,1,沪江英语,沪江英语,10010000012039,register.button_icon.other,正常的密码输入环节应该是手机验证码验证成功后。才由用户自己输入。而这个app竟然在点击了注册按钮之后才发送验证码,primary_clue,56,54,正常的密码输入环节应该是手机验证码验证成功后 才由用户自己输入 而这个app竟然在点击了注册按钮之后才发送验证码,1,
10010000012064,"当点击英语进入后相关界面后。每个栏目的属性应该相同。但其中的迷你小对话等栏目并没有相关评价指数和评价
人数的显示",当点击英语进入后相关界面后。每个栏目的属性应该相同。但其中的迷你小对话等栏目并没有相关评价指数和评价,人数的显示,UI/Display,other,page_view,other,other.page_view.other,Y,Medium,2,沪江英语,沪江英语,10010000012064,other.page_view.other,当点击英语进入后相关界面后。每个栏目的属性应该相同。但其中的迷你小对话等栏目并没有相关评价指数和评价,primary_clue,50,48,当点击英语进入后相关界面后 每个栏目的属性应该相同 但其中的迷你小对话等栏目并没有相关评价指数和评价,1,
10010000012253,在学习时无法进行下载，收藏，分享，选择下一项，选择列表等操作，用户体验极为不好，这个界面直接没有任何作用！！！！,在学习时无法进行下载，收藏，分享，选择下一项，选择列表等操作，用户体验极为不好，这个界面直接没有任何作用！！！！,,Functional-Share,share,page_view,cannot_or_fail,share.page_view.cannot_or_fail,N,High,1,沪江英语,沪江英语,10010000012253,share.page_view.cannot_or_fail,在学习时无法进行下载，收藏，分享，选择下一项，选择列表等操作，用户体验极为不好，这个界面直接没有任何作用！！！！,primary_clue,56,46,在学习时无法进行下载 收藏 分享 选择下一项 选择列表等操作 用户体验极为不好 这个界面直接没有任何作用,1,
10010000012301,如果用户遇到自己喜欢的课程，想要分享给其他人，在这类界面上无法下载收藏和分享。属于功能不完整的情况，用户无法将自己的感受和喜欢的东西推荐给他人。复现程度为必现，严重等级为严重。,如果用户遇到自己喜欢的课程，想要分享给其他人，在这类界面上无法下载收藏和分享。属于功能不完整的情况，用户无法将自己的感受和喜欢的东西推…,,Functional-Share,share,page_view,cannot_or_fail,share.page_view.cannot_or_fail,N,High,1,沪江英语,沪江英语,10010000012301,share.page_view.cannot_or_fail,如果用户遇到自己喜欢的课程，想要分享给其他人，在这类界面上无法下载收藏和分享。属于功能不完整的情况，用户无法将自己的感受和喜欢的东西推…,primary_clue,68,63,如果用户遇到自己喜欢的课程 想要分享给其他人 在这类界面上无法下载收藏和分享 属于功能不完整的情况 用户无法将自己的感受和喜欢的东西推,1,
10010000012192,在评价课程界面，输入框中输入大量表情之后，点击输入框右侧清除按钮，无法清除输入框中的数据，旭多次点击之后才可清除。,在评价课程界面，输入框中输入大量表情之后，点击输入框右侧清除按钮，无法清除输入框中的数据，旭多次点击之后才可清除。,,Functional-Social,course,input_box,cannot_or_fail,course.input_box.cannot_or_fail,N,High,1,沪江英语,沪江英语,10010000012192,course.input_box.cannot_or_fail,在评价课程界面，输入框中输入大量表情之后，点击输入框右侧清除按钮，无法清除输入框中的数据，旭多次点击之后才可清除。,primary_clue,57,52,在评价课程界面 输入框中输入大量表情之后 点击输入框右侧清除按钮 无法清除输入框中的数据 旭多次点击之后才可清除,1,
10010000011989,输入正确的手机短信验证码之后，再输入不包含特殊字符且长度超过20的用户名，没有禁止用户输入超过20字符长度的用户名。,输入正确的手机短信验证码之后，再输入不包含特殊字符且长度超过20的用户名，没有禁止用户输入超过20字符长度的用户名。,,Functional-Account,other,other,other,other.other.other,N,High,1,沪江英语,沪江英语,10010000011989,other.other.other,输入正确的手机短信验证码之后，再输入不包含特殊字符且长度超过20的用户名，没有禁止用户输入超过20字符长度的用户名。,primary_clue,58,55,输入正确的手机短信验证码之后 再输入不包含特殊字符且长度超过20的用户名 没有禁止用户输入超过20字符长度的用户名,1,
10010000012227,当选择课程后进行选择每天学习的篇数时，数字上下滑动进行选择，数字滑动的区域太小不能进行准确的滑动。用户体验极为不佳。,当选择课程后进行选择每天学习的篇数时，数字上下滑动进行选择，数字滑动的区域太小不能进行准确的滑动。用户体验极为不佳。,,UI/Display,course,list_item,cannot_or_fail,course.list_item.cannot_or_fail,N,Medium,1,沪江英语,沪江英语,10010000012227,course.list_item.cannot_or_fail,当选择课程后进行选择每天学习的篇数时，数字上下滑动进行选择，数字滑动的区域太小不能进行准确的滑动。用户体验极为不佳。,primary_clue,58,54,当选择课程后进行选择每天学习的篇数时 数字上下滑动进行选择 数字滑动的区域太小不能进行准确的滑动 用户体验极为不佳,1,
10010000012003,通过手机快速登录方式进行登录，发送手机验证码后登录时，本来快速登录是为了快捷方便，首次登录还需设置密码，用户体验不佳。,通过手机快速登录方式进行登录，发送手机验证码后登录时，本来快速登录是为了快捷方便，首次登录还需设置密码，用户体验不佳。,,Functional-Account,login,page_view,other,login.page_view.other,N,High,1,沪江英语,沪江英语,10010000012003,login.page_view.other,通过手机快速登录方式进行登录，发送手机验证码后登录时，本来快速登录是为了快捷方便，首次登录还需设置密码，用户体验不佳。,primary_clue,59,54,通过手机快速登录方式进行登录 发送手机验证码后登录时 本来快速登录是为了快捷方便 首次登录还需设置密码 用户体验不佳,1,
10010000012010,进入某一课程（例如慢速美音新闻）进入学习，无论网络的好坏程度，都没有办法加载语音资料，要么提示网络不行，要么说网址错误,进入某一课程（例如慢速美音新闻）进入学习，无论网络的好坏程度，都没有办法加载语音资料，要么提示网络不行，要么说网址错误,,Functional-Media,playback,list_item,wrong_value,playback.list_item.wrong_value,N,High,1,沪江英语,沪江英语,10010000012010,playback.list_item.wrong_value,进入某一课程（例如慢速美音新闻）进入学习，无论网络的好坏程度，都没有办法加载语音资料，要么提示网络不行，要么说网址错误,primary_clue,59,53,进入某一课程 例如慢速美音新闻 进入学习 无论网络的好坏程度 都没有办法加载语音资料 要么提示网络不行 要么说网址错误,1,
10010000012086,进入学习迷你小对话窗口，应该能正常进行学习，但报错说网络错误。但设置中开启使用网络，且该网络良好，且多台手机都报类似的错误。,进入学习迷你小对话窗口，应该能正常进行学习，但报错说网络错误。但设置中开启使用网络，且该网络良好，且多台手机都报类似的错误。,,Other,settings,page_view,wrong_value,settings.page_view.wrong_value,N,High,1,沪江英语,沪江英语,10010000012086,settings.page_view.wrong_value,进入学习迷你小对话窗口，应该能正常进行学习，但报错说网络错误。但设置中开启使用网络，且该网络良好，且多台手机都报类似的错误。,primary_clue,62,56,进入学习迷你小对话窗口 应该能正常进行学习 但报错说网络错误 但设置中开启使用网络 且该网络良好 且多台手机都报类似的错误,1,
10010000012241,当进行课程学的时候，选择一个单元进行学习，而它得音频无法加载，无法进行学习，导致这个app的主要功能缺失，极为严重。性能极为不佳！,当进行课程学的时候，选择一个单元进行学习，而它得音频无法加载，无法进行学习，导致这个app的主要功能缺失，极为严重。性能极为不佳！,,Network/Loading,playback,list_item,load_fail,playback.list_item.load_fail,N,High,1,沪江英语,沪江英语,10010000012241,playback.list_item.load_fail,当进行课程学的时候，选择一个单元进行学习，而它得音频无法加载，无法进行学习，导致这个app的主要功能缺失，极为严重。性能极为不佳！,primary_clue,65,58,当进行课程学的时候 选择一个单元进行学习 而它得音频无法加载 无法进行学习 导致这个app的主要功能缺失 极为严重 性能极为不佳,1,
10010000012239,在用户进行浏览课程时，并没有对课程进行更多的了解，只是出现目录和简要介绍，并且不能浏览课程，只能添加课程后才能进行学习。,在用户进行浏览课程时，并没有对课程进行更多的了解，只是出现目录和简要介绍，并且不能浏览课程，只能添加课程后才能进行学习。,,Other,course,list_item,cannot_or_fail,course.list_item.cannot_or_fail,N,Medium,1,沪江英语,沪江英语,10010000012239,course.list_item.cannot_or_fail,在用户进行浏览课程时，并没有对课程进行更多的了解，只是出现目录和简要介绍，并且不能浏览课程，只能添加课程后才能进行学习。,primary_clue,60,55,在用户进行浏览课程时 并没有对课程进行更多的了解 只是出现目录和简要介绍 并且不能浏览课程 只能添加课程后才能进行学习,1,
10010000012251,首次添加课程时，进入制定计划页面，显示的每天学习的篇数即是该课程的总篇数。为保证学习质量，应对每天学习篇数进行一定限制。,首次添加课程时，进入制定计划页面，显示的每天学习的篇数即是该课程的总篇数。为保证学习质量，应对每天学习篇数进行一定限制。,,UI/Display,course,page_view,other,course.page_view.other,N,Medium,1,沪江英语,沪江英语,10010000012251,course.page_view.other,首次添加课程时，进入制定计划页面，显示的每天学习的篇数即是该课程的总篇数。为保证学习质量，应对每天学习篇数进行一定限制。,primary_clue,60,55,首次添加课程时 进入制定计划页面 显示的每天学习的篇数即是该课程的总篇数 为保证学习质量 应对每天学习篇数进行一定限制,1,
10010000011990,在具体的某一课程介绍页面，不能够对评价的用户进行咨询，这样，不能很好的进行互动，应该增加一些用户与用户之间的讨论会好一些,在具体的某一课程介绍页面，不能够对评价的用户进行咨询，这样，不能很好的进行互动，应该增加一些用户与用户之间的讨论会好一些,,UI/Display,course,page_view,cannot_or_fail,course.page_view.cannot_or_fail,N,Medium,1,沪江英语,沪江英语,10010000011990,course.page_view.cannot_or_fail,在具体的某一课程介绍页面，不能够对评价的用户进行咨询，这样，不能很好的进行互动，应该增加一些用户与用户之间的讨论会好一些,primary_clue,60,56,在具体的某一课程介绍页面 不能够对评价的用户进行咨询 这样 不能很好的进行互动 应该增加一些用户与用户之间的讨论会好一些,1,
10010000012199,"在美式英语中，全部美式英语和纯正美式英语内容完全相同，没必要
在英式英语中，全部英式英语和bbc英式英语完全相同，没必要",在美式英语中，全部美式英语和纯正美式英语内容完全相同，没必要,在英式英语中，全部英式英语和bbc英式英语完全相同，没必要,Other,other,other,other,other.other.other,Y,Medium,2,沪江英语,沪江英语,10010000012199,other.other.other,在美式英语中，全部美式英语和纯正美式英语内容完全相同，没必要,primary_clue,30,28,在美式英语中 全部美式英语和纯正美式英语内容完全相同 没必要,1,
10010000012120,"发送留言后无法对自己的留言进行编辑或者删除
表情留有白色底纹（可能是后台的标签图片格式不是png导致原先透明背景被改成白色）",发送留言后无法对自己的留言进行编辑或者删除,表情留有白色底纹（可能是后台的标签图片格式不是png导致原先透明背景被改成白色）,Other,message_send,other,cannot_or_fail,message_send.other.cannot_or_fail,Y,Medium,2,沪江英语,沪江英语,10010000012120,message_send.other.cannot_or_fail,发送留言后无法对自己的留言进行编辑或者删除,primary_clue,21,21,发送留言后无法对自己的留言进行编辑或者删除,1,
10010000012000,添加英语课程之后，点击进入课程，课程学习>点击做题：快速做题以后，点击查看结果，等待结果提交之后，点击再来一次出现程序崩溃闪退。,添加英语课程之后，点击进入课程，课程学习>点击做题：快速做题以后，点击查看结果，等待结果提交之后，点击再来一次出现程序崩溃闪退。,,Crash,course,list_item,crash,course.list_item.crash,N,High,1,沪江英语,沪江英语,10010000012000,course.list_item.crash,添加英语课程之后，点击进入课程，课程学习>点击做题：快速做题以后，点击查看结果，等待结果提交之后，点击再来一次出现程序崩溃闪退。,primary_clue,64,56,添加英语课程之后 点击进入课程 课程学习 点击做题 快速做题以后 点击查看结果 等待结果提交之后 点击再来一次出现程序崩溃闪退,1,
10010000012193,"问题描述:做习题最后结果页面点击再来一遍闪退
前置条件:已进入做习题结果页面
步骤:
1.点击再来一遍
预期结果:
1.习题重新打开
实际结果:
1.闪退报错",问题描述:做习题最后结果页面点击再来一遍闪退,前置条件:已进入做习题结果页面 || 点击再来一遍 || 习题重新打开 || 闪退报错,Crash,other,page_view,crash,other.page_view.crash,Y,Medium,5,沪江英语,沪江英语,10010000012193,other.page_view.crash,问题描述:做习题最后结果页面点击再来一遍闪退,primary_clue,22,21,问题描述 做习题最后结果页面点击再来一遍闪退,1,
10010000012339,点击下一题按钮时 经常会出现页面的随意跳转  做完之后 点击查看结果  结果上传速度慢 还容易随意跳转回初始的页面  导致完成失败,点击下一题按钮时 经常会出现页面的随意跳转 做完之后 点击查看结果 结果上传速度慢 还容易随意跳转回初始的页面 导致完成失败,,UI/Display,other,button_icon,cannot_or_fail,other.button_icon.cannot_or_fail,N,Medium,1,沪江英语,沪江英语,10010000012339,other.button_icon.cannot_or_fail,点击下一题按钮时 经常会出现页面的随意跳转 做完之后 点击查看结果 结果上传速度慢 还容易随意跳转回初始的页面 导致完成失败,primary_clue,62,56,点击下一题按钮时 经常会出现页面的随意跳转 做完之后 点击查看结果 结果上传速度慢 还容易随意跳转回初始的页面 导致完成失败,1,
10010000012045,没有输入账号时应该给出提示提示信息，请输入账号，而不是给出分享到具体平台，有时用户并不想登录微信账号，提示输入微信账号操作就不友好,没有输入账号时应该给出提示提示信息，请输入账号，而不是给出分享到具体平台，有时用户并不想登录微信账号，提示输入微信账号操作就不友好,,Functional-Account,login,share_panel,other,login.share_panel.other,N,High,1,沪江英语,沪江英语,10010000012045,login.share_panel.other,没有输入账号时应该给出提示提示信息，请输入账号，而不是给出分享到具体平台，有时用户并不想登录微信账号，提示输入微信账号操作就不友好,primary_clue,65,61,没有输入账号时应该给出提示提示信息 请输入账号 而不是给出分享到具体平台 有时用户并不想登录微信账号 提示输入微信账号操作就不友好,1,
10010000012343,登录时，已经注册账号，但继续选用试用账号登录，如果在个人主页-设置想退出试用账号，没有退出，直接为注册，此时只需要登录，不需要注册。,登录时，已经注册账号，但继续选用试用账号登录，如果在个人主页,设置想退出试用账号，没有退出，直接为注册，此时只需要登录，不需要注册。,Functional-Account,register,other,other,register.other.other,Y,Medium,2,沪江英语,沪江英语,10010000012343,register.other.other,登录时，已经注册账号，但继续选用试用账号登录，如果在个人主页,primary_clue,30,27,登录时 已经注册账号 但继续选用试用账号登录 如果在个人主页,1,
10010000011981,点击课程>学习页面，左右滑动翻页，当向一边滑动两次或多次，再向反方向滑动时，不能马上往反方向滑动，需等到一个方向执行完毕后才能滑动。,点击课程>学习页面，左右滑动翻页，当向一边滑动两次或多次，再向反方向滑动时，不能马上往反方向滑动，需等到一个方向执行完毕后才能滑动。,,UI/Display,course,page_view,cannot_or_fail,course.page_view.cannot_or_fail,N,Medium,1,沪江英语,沪江英语,10010000011981,course.page_view.cannot_or_fail,点击课程>学习页面，左右滑动翻页，当向一边滑动两次或多次，再向反方向滑动时，不能马上往反方向滑动，需等到一个方向执行完毕后才能滑动。,primary_clue,66,59,点击课程 学习页面 左右滑动翻页 当向一边滑动两次或多次 再向反方向滑动时 不能马上往反方向滑动 需等到一个方向执行完毕后才能滑动,1,
10010000012018,点击课程学习之后，在右下角评论功能，点击进入评论之后提交评论，重新进入这门课程学习界面，右下角的评论数无更新，有时评论两个只加一次。,点击课程学习之后，在右下角评论功能，点击进入评论之后提交评论，重新进入这门课程学习界面，右下角的评论数无更新，有时评论两个只加一次。,,UI/Display,course,page_view,other,course.page_view.other,N,Medium,1,沪江英语,沪江英语,10010000012018,course.page_view.other,点击课程学习之后，在右下角评论功能，点击进入评论之后提交评论，重新进入这门课程学习界面，右下角的评论数无更新，有时评论两个只加一次。,primary_clue,66,60,点击课程学习之后 在右下角评论功能 点击进入评论之后提交评论 重新进入这门课程学习界面 右下角的评论数无更新 有时评论两个只加一次,1,
10010000011980,进入注册页面，使用手机号进行注册，收入正确的手机号、验证码以及密码，点击注册按钮，应该显示注册成功，但是测试时显示请求失败，见截图3,进入注册页面，使用手机号进行注册，收入正确的手机号、验证码以及密码，点击注册按钮，应该显示注册成功，但是测试时显示请求失败，见截图3,,Functional-Account,register,button_icon,cannot_or_fail,register.button_icon.cannot_or_fail,N,High,1,沪江英语,沪江英语,10010000011980,register.button_icon.cannot_or_fail,进入注册页面，使用手机号进行注册，收入正确的手机号、验证码以及密码，点击注册按钮，应该显示注册成功，但是测试时显示请求失败，见截图3,primary_clue,66,59,进入注册页面 使用手机号进行注册 收入正确的手机号 验证码以及密码 点击注册按钮 应该显示注册成功 但是测试时显示请求失败 见截图3,1,
10010000012217,进入英语课程，选择某一类课程，出现下拉课程，下拉没有刷新提示，上拉的时候有加载更多。下拉到底，也应该有个提示，提示刷新，或则没有更多了,进入英语课程，选择某一类课程，出现下拉课程，下拉没有刷新提示，上拉的时候有加载更多。下拉到底，也应该有个提示，提示刷新，或则没有更多了,,Other,course,list_item,other,course.list_item.other,N,Medium,1,沪江英语,沪江英语,10010000012217,course.list_item.other,进入英语课程，选择某一类课程，出现下拉课程，下拉没有刷新提示，上拉的时候有加载更多。下拉到底，也应该有个提示，提示刷新，或则没有更多了,primary_clue,67,59,进入英语课程 选择某一类课程 出现下拉课程 下拉没有刷新提示 上拉的时候有加载更多 下拉到底 也应该有个提示 提示刷新 或则没有更多了,1,
10010000012317,功能不太完整，不能够缓存学习，没有单词本，生词也没有音标，收藏的东西很难被找到。属于功能不完整的情况，复现程度为必现，严重等级为严重。,功能不太完整，不能够缓存学习，没有单词本，生词也没有音标，收藏的东西很难被找到。属于功能不完整的情况，复现程度为必现，严重等级为严重。,,Other,other,other,cannot_or_fail,other.other.cannot_or_fail,N,Medium,1,沪江英语,沪江英语,10010000012317,other.other.cannot_or_fail,功能不太完整，不能够缓存学习，没有单词本，生词也没有音标，收藏的东西很难被找到。属于功能不完整的情况，复现程度为必现，严重等级为严重。,primary_clue,67,59,功能不太完整 不能够缓存学习 没有单词本 生词也没有音标 收藏的东西很难被找到 属于功能不完整的情况 复现程度为必现 严重等级为严重,1,
10010000012149,在课程学习界面，选择更多按钮时，出现的并非当前课程的更多信息，或与当前课程相关的信息，而是出现另一门与当前课程没有直接关联的课程信息。,在课程学习界面，选择更多按钮时，出现的并非当前课程的更多信息，或与当前课程相关的信息，而是出现另一门与当前课程没有直接关联的课程信息。,,UI/Display,course,button_icon,other,course.button_icon.other,N,Medium,1,沪江英语,沪江英语,10010000012149,course.button_icon.other,在课程学习界面，选择更多按钮时，出现的并非当前课程的更多信息，或与当前课程相关的信息，而是出现另一门与当前课程没有直接关联的课程信息。,primary_clue,67,62,在课程学习界面 选择更多按钮时 出现的并非当前课程的更多信息 或与当前课程相关的信息 而是出现另一门与当前课程没有直接关联的课程信息,1,
10010000011958,在注册引导页面，点击注册后，系统提示页面有叠加层，要去应用设置中设置叠加层，设置之后也无效；可能是也KIKAndroid的浮动窗口冲突。,在注册引导页面，点击注册后，系统提示页面有叠加层，要去应用设置中设置叠加层，设置之后也无效,可能是也KIKAndroid的浮动窗口冲突。,Functional-Account,register,page_view,other,register.page_view.other,Y,Medium,2,沪江英语,沪江英语,10010000011958,register.page_view.other,在注册引导页面，点击注册后，系统提示页面有叠加层，要去应用设置中设置叠加层，设置之后也无效,primary_clue,45,41,在注册引导页面 点击注册后 系统提示页面有叠加层 要去应用设置中设置叠加层 设置之后也无效,1,
10010000012212,手机网络为联通4G，运行内存2G，在沪江英语打开页面，对课程进行筛选，排序，加在课程资源，平均响应时间为2-4秒，部分响应时间超过4秒。,手机网络为联通4G，运行内存2G，在沪江英语打开页面，对课程进行筛选，排序，加在课程资源，平均响应时间为2,4秒，部分响应时间超过4秒。,UI/Display,course,page_view,other,course.page_view.other,Y,Medium,2,沪江英语,沪江英语,10010000012212,course.page_view.other,手机网络为联通4G，运行内存2G，在沪江英语打开页面，对课程进行筛选，排序，加在课程资源，平均响应时间为2,primary_clue,53,47,手机网络为联通4g 运行内存2g 在沪江英语打开页面 对课程进行筛选 排序 加在课程资源 平均响应时间为2,1,
10010000012169,在手机快速登录页面，只能按顺序从上到下填写信息，有的用户习惯是先获取手机动态码，再填写验证码，在这个应用里只能先填写验证码，没有灵活性。,在手机快速登录页面，只能按顺序从上到下填写信息，有的用户习惯是先获取手机动态码，再填写验证码，在这个应用里只能先填写验证码，没有灵活性。,,Functional-Account,login,page_view,other,login.page_view.other,N,High,1,沪江英语,沪江英语,10010000012169,login.page_view.other,在手机快速登录页面，只能按顺序从上到下填写信息，有的用户习惯是先获取手机动态码，再填写验证码，在这个应用里只能先填写验证码，没有灵活性。,primary_clue,68,62,在手机快速登录页面 只能按顺序从上到下填写信息 有的用户习惯是先获取手机动态码 再填写验证码 在这个应用里只能先填写验证码 没有灵活性,1,
10010000011969,点击注册登陆按钮下方的，“先试用一下”标题后，进行软件试用，试用结束后应该返回到注册登录界面的初始页面，可是此处直接跳转到进去软件的首页。,点击注册登陆按钮下方的，“先试用一下”标题后，进行软件试用，试用结束后应该返回到注册登录界面的初始页面，可是此处直接跳转到进去软件的首页。,,Functional-Account,register,button_icon,other,register.button_icon.other,N,High,1,沪江英语,沪江英语,10010000011969,register.button_icon.other,点击注册登陆按钮下方的，“先试用一下”标题后，进行软件试用，试用结束后应该返回到注册登录界面的初始页面，可是此处直接跳转到进去软件的首页。,primary_clue,69,62,点击注册登陆按钮下方的 先试用一下 标题后 进行软件试用 试用结束后应该返回到注册登录界面的初始页面 可是此处直接跳转到进去软件的首页,1,
10010000012096,逻辑缺陷:选择实用英语的时候选择英语口语，再去选择类型为阅读，竟然可以选，虽然没有结果。可是英语口语怎么会有阅读类型了，应该让阅读安扭置灰,逻辑缺陷:选择实用英语的时候选择英语口语，再去选择类型为阅读，竟然可以选，虽然没有结果。可是英语口语怎么会有阅读类型了，应该让阅读安扭置灰,,Other,other,other,wrong_value,other.other.wrong_value,N,High,1,沪江英语,沪江英语,10010000012096,other.other.wrong_value,逻辑缺陷:选择实用英语的时候选择英语口语，再去选择类型为阅读，竟然可以选，虽然没有结果。可是英语口语怎么会有阅读类型了，应该让阅读安扭置灰,primary_clue,69,63,逻辑缺陷 选择实用英语的时候选择英语口语 再去选择类型为阅读 竟然可以选 虽然没有结果 可是英语口语怎么会有阅读类型了 应该让阅读安扭置灰,1,
10010000011978,在用户登录过程中，完成手机号注册时，在修改用户名称界面，用户输入过程中没有提示用户最多输入多少字符，并且没有提示用户名可输入什么类型的字符。,在用户登录过程中，完成手机号注册时，在修改用户名称界面，用户输入过程中没有提示用户最多输入多少字符，并且没有提示用户名可输入什么类型的字符。,,Functional-Account,register,page_view,no_prompt,register.page_view.no_prompt,N,High,1,沪江英语,沪江英语,10010000011978,register.page_view.no_prompt,在用户登录过程中，完成手机号注册时，在修改用户名称界面，用户输入过程中没有提示用户最多输入多少字符，并且没有提示用户名可输入什么类型的字符。,primary_clue,70,65,在用户登录过程中 完成手机号注册时 在修改用户名称界面 用户输入过程中没有提示用户最多输入多少字符 并且没有提示用户名可输入什么类型的字符,1,
10010000012058,在使用第三方邮箱登录过程中，输入邮箱等信息完成后，点击下方《沪江用户协议》查看浏览后返回，用户输入信息不存在，直接返回手机号注册，用户体验不好,在使用第三方邮箱登录过程中，输入邮箱等信息完成后，点击下方《沪江用户协议》查看浏览后返回，用户输入信息不存在，直接返回手机号注册，用户…,,Functional-Account,register,other,other,register.other.other,N,High,1,沪江英语,沪江英语,10010000012058,register.other.other,在使用第三方邮箱登录过程中，输入邮箱等信息完成后，点击下方《沪江用户协议》查看浏览后返回，用户输入信息不存在，直接返回手机号注册，用户…,primary_clue,68,60,在使用第三方邮箱登录过程中 输入邮箱等信息完成后 点击下方 沪江用户协议 查看浏览后返回 用户输入信息不存在 直接返回手机号注册 用户,1,
10010000012195,在课程页面，选择一个课程后，在该课程的详细页面，最下面一栏显示课程的推荐是根据人气、评价、时间等，但是这个顺序是系统默认的，用户不能自己更改。,在课程页面，选择一个课程后，在该课程的详细页面，最下面一栏显示课程的推荐是根据人气、评价、时间等，但是这个顺序是系统默认的，用户不能自…,,UI/Display,course,page_view,cannot_or_fail,course.page_view.cannot_or_fail,N,Medium,1,沪江英语,沪江英语,10010000012195,course.page_view.cannot_or_fail,在课程页面，选择一个课程后，在该课程的详细页面，最下面一栏显示课程的推荐是根据人气、评价、时间等，但是这个顺序是系统默认的，用户不能自…,primary_clue,68,60,在课程页面 选择一个课程后 在该课程的详细页面 最下面一栏显示课程的推荐是根据人气 评价 时间等 但是这个顺序是系统默认的 用户不能自,1,
10010000012243,在首次添加课程并制定计划之后，再次进入课程，并进入制定计划页面，显示的每天学习篇数的数值仍然是默认的1，而不是用户首次添加课程制定计划时的数值。,在首次添加课程并制定计划之后，再次进入课程，并进入制定计划页面，显示的每天学习篇数的数值仍然是默认的1，而不是用户首次添加课程制定计划…,,UI/Display,course,page_view,other,course.page_view.other,N,Medium,1,沪江英语,沪江英语,10010000012243,course.page_view.other,在首次添加课程并制定计划之后，再次进入课程，并进入制定计划页面，显示的每天学习篇数的数值仍然是默认的1，而不是用户首次添加课程制定计划…,primary_clue,68,63,在首次添加课程并制定计划之后 再次进入课程 并进入制定计划页面 显示的每天学习篇数的数值仍然是默认的1 而不是用户首次添加课程制定计划,1,
10010000012236,成功登录应用进入英语课程界面，点击《常春藤新闻英语听力》课程并成功添加，制作学习计划时，该界面并没有显示如截图2中的多少天可完成学习，缺陷见截图3,成功登录应用进入英语课程界面，点击《常春藤新闻英语听力》课程并成功添加，制作学习计划时，该界面并没有显示如截图2中的多少天可完成学习，…,,Functional-Account,login,page_view,other,login.page_view.other,N,High,1,沪江英语,沪江英语,10010000012236,login.page_view.other,成功登录应用进入英语课程界面，点击《常春藤新闻英语听力》课程并成功添加，制作学习计划时，该界面并没有显示如截图2中的多少天可完成学习，…,primary_clue,68,61,成功登录应用进入英语课程界面 点击 常春藤新闻英语听力 课程并成功添加 制作学习计划时 该界面并没有显示如截图2中的多少天可完成学习,1,
10010000012081,跳转到课程页面，英语图标和综合图标，沪江图标未正常显示，无法显示，下拉页面显示后。页面排布如下图。无线网络不佳，换用4 G流量刷新后也没有出现图标。,跳转到课程页面，英语图标和综合图标，沪江图标未正常显示，无法显示，下拉页面显示后。页面排布如下图。无线网络不佳，换用4 G流量刷新后也…,,UI/Display,course,button_icon,cannot_or_fail,course.button_icon.cannot_or_fail,N,Medium,1,沪江英语,沪江英语,10010000012081,course.button_icon.cannot_or_fail,跳转到课程页面，英语图标和综合图标，沪江图标未正常显示，无法显示，下拉页面显示后。页面排布如下图。无线网络不佳，换用4 G流量刷新后也…,primary_clue,68,59,跳转到课程页面 英语图标和综合图标 沪江图标未正常显示 无法显示 下拉页面显示后 页面排布如下图 无线网络不佳 换用4 g流量刷新后也,1,
10010000012089,"1、如图4至图3，对一个人的留言评论成功后点击删除，如图2点击确定，但是评论无法删除。
2、如图1对一个人点赞成功后再次点击点赞图标，但是无法取消点赞",如图4至图3，对一个人的留言评论成功后点击删除，如图2点击确定，但是评论无法删除。,如图1对一个人点赞成功后再次点击点赞图标，但是无法取消点赞,Other,comment,list_item,cannot_delete,comment.list_item.cannot_delete,Y,Medium,2,沪江英语,沪江英语,10010000012089,comment.list_item.cannot_delete,如图4至图3，对一个人的留言评论成功后点击删除，如图2点击确定，但是评论无法删除。,primary_clue,41,37,如图4至图3 对一个人的留言评论成功后点击删除 如图2点击确定 但是评论无法删除,1,
10010000012209,在英语课程按人气排列的列表里，可以看出排在最前面的基本都是有星级的，但是列表中的第四个课程“迷你小对话”，没有任何相关的等级信息，仍然被推荐在了最前面。,在英语课程按人气排列的列表里，可以看出排在最前面的基本都是有星级的，但是列表中的第四个课程“迷你小对话”，没有任何相关的等级信息，仍然…,,Other,course,list_item,other,course.list_item.other,N,Medium,1,沪江英语,沪江英语,10010000012209,course.list_item.other,在英语课程按人气排列的列表里，可以看出排在最前面的基本都是有星级的，但是列表中的第四个课程“迷你小对话”，没有任何相关的等级信息，仍然…,primary_clue,68,61,在英语课程按人气排列的列表里 可以看出排在最前面的基本都是有星级的 但是列表中的第四个课程 迷你小对话 没有任何相关的等级信息 仍然,1,
10010000012011,在引导页面过程中，仅是帮助用户进行选择语种与随机推荐了课程，并没有对软件做基本的概述与使用方法的介绍或者app特色的介绍，用户体验差，吸引用户使用兴趣低。,在引导页面过程中，仅是帮助用户进行选择语种与随机推荐了课程，并没有对软件做基本的概述与使用方法的介绍或者app特色的介绍，用户体验差，…,,UI/Display,course,page_view,other,course.page_view.other,N,Medium,1,沪江英语,沪江英语,10010000012011,course.page_view.other,在引导页面过程中，仅是帮助用户进行选择语种与随机推荐了课程，并没有对软件做基本的概述与使用方法的介绍或者app特色的介绍，用户体验差，…,primary_clue,68,63,在引导页面过程中 仅是帮助用户进行选择语种与随机推荐了课程 并没有对软件做基本的概述与使用方法的介绍或者app特色的介绍 用户体验差,1,
10010000012129,成功登录应用进入英语课程界面，选择类型为阅读的课程，显示类型为阅读的所有课程，但是只有部分课程的名字下方有五星图标和评价数，有的课程下方并没有五星图标和评价数，见截图2,成功登录应用进入英语课程界面，选择类型为阅读的课程，显示类型为阅读的所有课程，但是只有部分课程的名字下方有五星图标和评价数，有的课程下…,,Functional-Account,login,button_icon,other,login.button_icon.other,N,High,1,沪江英语,沪江英语,10010000012129,login.button_icon.other,成功登录应用进入英语课程界面，选择类型为阅读的课程，显示类型为阅读的所有课程，但是只有部分课程的名字下方有五星图标和评价数，有的课程下…,primary_clue,68,63,成功登录应用进入英语课程界面 选择类型为阅读的课程 显示类型为阅读的所有课程 但是只有部分课程的名字下方有五星图标和评价数 有的课程下,1,
10010000012135,成功登录应用进入英语课程界面，选择该界面右上角的类型为听力的课程，结果只有部分听力课程有五星图标和评价数显示，还有一部分课程没有五星和评价数显示，见截图2,成功登录应用进入英语课程界面，选择该界面右上角的类型为听力的课程，结果只有部分听力课程有五星图标和评价数显示，还有一部分课程没有五星和…,,Functional-Account,login,button_icon,other,login.button_icon.other,N,High,1,沪江英语,沪江英语,10010000012135,login.button_icon.other,成功登录应用进入英语课程界面，选择该界面右上角的类型为听力的课程，结果只有部分听力课程有五星图标和评价数显示，还有一部分课程没有五星和…,primary_clue,68,64,成功登录应用进入英语课程界面 选择该界面右上角的类型为听力的课程 结果只有部分听力课程有五星图标和评价数显示 还有一部分课程没有五星和,1,
10010000012245,图二是用户没有进行登录，进行推荐给好友时可以进行推荐成功。图一是推荐给QQ好友，进入QQ好友推荐界面。没有登录的用户进行分享给QQ好友会存在很大的安全问题,图二是用户没有进行登录，进行推荐给好友时可以进行推荐成功。图一是推荐给QQ好友，进入QQ好友推荐界面。没有登录的用户进行分享给QQ好友…,,Functional-Account,login,page_view,other,login.page_view.other,N,High,1,沪江英语,沪江英语,10010000012245,login.page_view.other,图二是用户没有进行登录，进行推荐给好友时可以进行推荐成功。图一是推荐给QQ好友，进入QQ好友推荐界面。没有登录的用户进行分享给QQ好友…,primary_clue,68,63,图二是用户没有进行登录 进行推荐给好友时可以进行推荐成功 图一是推荐给qq好友 进入qq好友推荐界面 没有登录的用户进行分享给qq好友,1,
10010000012026,在英语界面中，选择展示全部英语后，再选择其他分项，此时再点回全部英语，全部英语下只有一个分项，也就是说，我点击全部英语需要点击两下（可以做到点击一下的操作）,在英语界面中，选择展示全部英语后，再选择其他分项，此时再点回全部英语，全部英语下只有一个分项，也就是说，我点击全部英语需要点击两下（可…,,UI/Display,other,page_view,other,other.page_view.other,N,Medium,1,沪江英语,沪江英语,10010000012026,other.page_view.other,在英语界面中，选择展示全部英语后，再选择其他分项，此时再点回全部英语，全部英语下只有一个分项，也就是说，我点击全部英语需要点击两下（可…,primary_clue,68,60,在英语界面中 选择展示全部英语后 再选择其他分项 此时再点回全部英语 全部英语下只有一个分项 也就是说 我点击全部英语需要点击两下 可,1,
10010000012188,注册时，用一个已经注册过的手机号去注册，在填写手机号一栏的最右边仍然有一个绿色的对勾表示该手机号可用，在相关信息都填写之后，点击注册按钮才提示该帐号已存在。,注册时，用一个已经注册过的手机号去注册，在填写手机号一栏的最右边仍然有一个绿色的对勾表示该手机号可用，在相关信息都填写之后，点击注册按…,,Functional-Account,register,button_icon,other,register.button_icon.other,N,High,1,沪江英语,沪江英语,10010000012188,register.button_icon.other,注册时，用一个已经注册过的手机号去注册，在填写手机号一栏的最右边仍然有一个绿色的对勾表示该手机号可用，在相关信息都填写之后，点击注册按…,primary_clue,68,63,注册时 用一个已经注册过的手机号去注册 在填写手机号一栏的最右边仍然有一个绿色的对勾表示该手机号可用 在相关信息都填写之后 点击注册按,1,
10010000012138,一个app用户非常关心与自己感兴趣的内容，然而这个列表的排序既没有按相关推荐度，也没有按使用人数排序（难道是根据广告费？？）。使用户难以快速找到自己喜欢的栏目。,一个app用户非常关心与自己感兴趣的内容，然而这个列表的排序既没有按相关推荐度，也没有按使用人数排序（难道是根据广告费？？）。使用户难…,,UI/Display,sort,list_item,other,sort.list_item.other,N,Medium,1,沪江英语,沪江英语,10010000012138,sort.list_item.other,一个app用户非常关心与自己感兴趣的内容，然而这个列表的排序既没有按相关推荐度，也没有按使用人数排序（难道是根据广告费？？）。使用户难…,primary_clue,68,60,一个app用户非常关心与自己感兴趣的内容 然而这个列表的排序既没有按相关推荐度 也没有按使用人数排序 难道是根据广告费 使用户难,1,
10010000012157,用一个未存在的用户帐号登录，系统只是提示用户名密码不匹配，而没有提示该用户未注册并跳转到注册页面，导致用户一直在修改用户名或者密码，而不是去注册页面，浪费时间。,用一个未存在的用户帐号登录，系统只是提示用户名密码不匹配，而没有提示该用户未注册并跳转到注册页面，导致用户一直在修改用户名或者密码，而…,,Functional-Account,register,page_view,no_prompt,register.page_view.no_prompt,N,High,1,沪江英语,沪江英语,10010000012157,register.page_view.no_prompt,用一个未存在的用户帐号登录，系统只是提示用户名密码不匹配，而没有提示该用户未注册并跳转到注册页面，导致用户一直在修改用户名或者密码，而…,primary_clue,68,63,用一个未存在的用户帐号登录 系统只是提示用户名密码不匹配 而没有提示该用户未注册并跳转到注册页面 导致用户一直在修改用户名或者密码 而,1,
10010000011929,注册的时候输入正确的手机号和图像验证码，输入包含数字和字母的21位密码，点击注册，本应该提示密码超过20位，让用户重新输入密码，但是成功转到填写手机验证码的界面。,注册的时候输入正确的手机号和图像验证码，输入包含数字和字母的21位密码，点击注册，本应该提示密码超过20位，让用户重新输入密码，但是成…,,Functional-Account,register,page_view,other,register.page_view.other,N,High,1,沪江英语,沪江英语,10010000011929,register.page_view.other,注册的时候输入正确的手机号和图像验证码，输入包含数字和字母的21位密码，点击注册，本应该提示密码超过20位，让用户重新输入密码，但是成…,primary_clue,68,62,注册的时候输入正确的手机号和图像验证码 输入包含数字和字母的21位密码 点击注册 本应该提示密码超过20位 让用户重新输入密码 但是成,1,
10010000012262,成功登录应用进入“我的”界面，课程《常春藤新闻英语听力》的三点图标在课程详情界面的右上角，见截图1，而课程《流利英语口语1》的三点图标在课程详情界面的右上角，见截图2,成功登录应用进入“我的”界面，课程《常春藤新闻英语听力》的三点图标在课程详情界面的右上角，见截图1，而课程《流利英语口语1》的三点图标…,,Functional-Account,login,button_icon,other,login.button_icon.other,N,High,1,沪江英语,沪江英语,10010000012262,login.button_icon.other,成功登录应用进入“我的”界面，课程《常春藤新闻英语听力》的三点图标在课程详情界面的右上角，见截图1，而课程《流利英语口语1》的三点图标…,primary_clue,68,58,成功登录应用进入 我的 界面 课程 常春藤新闻英语听力 的三点图标在课程详情界面的右上角 见截图1 而课程 流利英语口语1 的三点图标,1,
10010000012207,"图二是我第一次评价，显示我的评价为“哈哈哈”。我再次评价“再次哈哈哈”时，会覆盖我的第一次评价。图一就是我的再次评价。
应该显示两条评价信息，“哈哈哈”和“再次哈哈哈”",图二是我第一次评价，显示我的评价为“哈哈哈”。我再次评价“再次哈哈哈”时，会覆盖我的第一次评价。图一就是我的再次评价。,应该显示两条评价信息，“哈哈哈”和“再次哈哈哈”,Other,other,other,other,other.other.other,Y,Medium,2,沪江英语,沪江英语,10010000012207,other.other.other,图二是我第一次评价，显示我的评价为“哈哈哈”。我再次评价“再次哈哈哈”时，会覆盖我的第一次评价。图一就是我的再次评价。,primary_clue,59,50,图二是我第一次评价 显示我的评价为 哈哈哈 我再次评价 再次哈哈哈 时 会覆盖我的第一次评价 图一就是我的再次评价,1,
10010000012210,当选择了一门课程之后，进行添加课程，然后出现这个选择页面中的每天学习多少篇，布局极为不好，中间的数字都发生了变形，极为不美观，而且”学习“与”篇“中间的距离太大，不美观。,当选择了一门课程之后，进行添加课程，然后出现这个选择页面中的每天学习多少篇，布局极为不好，中间的数字都发生了变形，极为不美观，而且”学…,,Functional-Tracking,course,page_view,layout_issue,course.page_view.layout_issue,N,High,1,沪江英语,沪江英语,10010000012210,course.page_view.layout_issue,当选择了一门课程之后，进行添加课程，然后出现这个选择页面中的每天学习多少篇，布局极为不好，中间的数字都发生了变形，极为不美观，而且”学…,primary_clue,68,60,当选择了一门课程之后 进行添加课程 然后出现这个选择页面中的每天学习多少篇 布局极为不好 中间的数字都发生了变形 极为不美观 而且 学,1,
10010000012276,成功登录应用进入“我的”界面，点击课程《常春藤新闻英语听力》进入其详情界面，点击三点图标，显示“退订课程”，见截图1，而课程《流利英语口语1》的退订名称叫“放弃课程”，见截图2,成功登录应用进入“我的”界面，点击课程《常春藤新闻英语听力》进入其详情界面，点击三点图标，显示“退订课程”，见截图1，而课程《流利英语…,,Functional-Account,login,button_icon,other,login.button_icon.other,N,High,1,沪江英语,沪江英语,10010000012276,login.button_icon.other,成功登录应用进入“我的”界面，点击课程《常春藤新闻英语听力》进入其详情界面，点击三点图标，显示“退订课程”，见截图1，而课程《流利英语…,primary_clue,68,55,成功登录应用进入 我的 界面 点击课程 常春藤新闻英语听力 进入其详情界面 点击三点图标 显示 退订课程 见截图1 而课程 流利英语,1,
10010000012281,用户体验差：在选择课程界面时，按照人气、评价、时间排序的顺序，触点不够灵敏，按钮不够灵敏，有时需要多按几下，所以用户有时单手操作时造成不便。复现程度为小概率复现，严重等级为一般。,用户体验差：在选择课程界面时，按照人气、评价、时间排序的顺序，触点不够灵敏，按钮不够灵敏，有时需要多按几下，所以用户有时单手操作时造成…,,UI/Display,course,button_icon,other,course.button_icon.other,N,Medium,1,沪江英语,沪江英语,10010000012281,course.button_icon.other,用户体验差：在选择课程界面时，按照人气、评价、时间排序的顺序，触点不够灵敏，按钮不够灵敏，有时需要多按几下，所以用户有时单手操作时造成…,primary_clue,68,59,用户体验差 在选择课程界面时 按照人气 评价 时间排序的顺序 触点不够灵敏 按钮不够灵敏 有时需要多按几下 所以用户有时单手操作时造成,1,
10010000012285,用户体验差：进入英语界面的时候，括号里的（评价人数）感觉作用不大，很少有人想在列表的信息里看到这个作用不大的东西，第一眼看上去也会产生意义不明的感觉，一般换成课程数有多少才比较合理。,用户体验差：进入英语界面的时候，括号里的（评价人数）感觉作用不大，很少有人想在列表的信息里看到这个作用不大的东西，第一眼看上去也会产生…,,UI/Display,course,page_view,other,course.page_view.other,N,Medium,1,沪江英语,沪江英语,10010000012285,course.page_view.other,用户体验差：进入英语界面的时候，括号里的（评价人数）感觉作用不大，很少有人想在列表的信息里看到这个作用不大的东西，第一眼看上去也会产生…,primary_clue,68,61,用户体验差 进入英语界面的时候 括号里的 评价人数 感觉作用不大 很少有人想在列表的信息里看到这个作用不大的东西 第一眼看上去也会产生,1,
10010000012103,在使用手机快速登录过程，页面布局出现问题，上方出现多余留白，并且短信动态码不能正常输入，在回复出现键盘的过程中，下方闪现出启动页面的图案，在登录成功是，页面布局也存在上方留白情况，用户体验差,在使用手机快速登录过程，页面布局出现问题，上方出现多余留白，并且短信动态码不能正常输入，在回复出现键盘的过程中，下方闪现出启动页面的图…,,Functional-Account,login,input_box,layout_issue,login.input_box.layout_issue,N,High,1,沪江英语,沪江英语,10010000012103,login.input_box.layout_issue,在使用手机快速登录过程，页面布局出现问题，上方出现多余留白，并且短信动态码不能正常输入，在回复出现键盘的过程中，下方闪现出启动页面的图…,primary_clue,68,62,在使用手机快速登录过程 页面布局出现问题 上方出现多余留白 并且短信动态码不能正常输入 在回复出现键盘的过程中 下方闪现出启动页面的图,1,
10010000012028,进入某一课程的介绍页面，屏幕上会有用户对此课程的评价，会显示有多少人评价，评分多少。人数不够，会提示不显示，但是，当一开始有评价数提示的时，自己评价，会显示评价数不够，无法显示课程评价人数，这很不合理,进入某一课程的介绍页面，屏幕上会有用户对此课程的评价，会显示有多少人评价，评分多少。人数不够，会提示不显示，但是，当一开始有评价数提示…,,UI/Display,course,page_view,display_missing,course.page_view.display_missing,N,High,1,沪江英语,沪江英语,10010000012028,course.page_view.display_missing,进入某一课程的介绍页面，屏幕上会有用户对此课程的评价，会显示有多少人评价，评分多少。人数不够，会提示不显示，但是，当一开始有评价数提示…,primary_clue,68,60,进入某一课程的介绍页面 屏幕上会有用户对此课程的评价 会显示有多少人评价 评分多少 人数不够 会提示不显示 但是 当一开始有评价数提示,1,
10010000012044,具体的某一课程，用户评价数量的计算有问题，（以常春藤英语听力为例），显示有32条评论，但是，查看所有的评论发现才有16条，要是用户与用户之间的评论也计算在内，可能会有，但是，课程介绍评价里面看不到用户与用户之间的交流,具体的某一课程，用户评价数量的计算有问题，（以常春藤英语听力为例），显示有32条评论，但是，查看所有的评论发现才有16条，要是用户与用…,,Functional-Media,playback,list_item,other,playback.list_item.other,N,High,1,沪江英语,沪江英语,10010000012044,playback.list_item.other,具体的某一课程，用户评价数量的计算有问题，（以常春藤英语听力为例），显示有32条评论，但是，查看所有的评论发现才有16条，要是用户与用…,primary_clue,68,59,具体的某一课程 用户评价数量的计算有问题 以常春藤英语听力为例 显示有32条评论 但是 查看所有的评论发现才有16条 要是用户与用,1,
10010000012271,用户在同一台手机注册新的账号之后，进行登录完毕，也会显示“签到失败”的提示。应该是用户在同一台手机上进行签到，也会签到成功，签到成功应该是根据不同用户账号来统计的，而不是因为在一台手机上，这种情况有bug。复现成都为必现。,用户在同一台手机注册新的账号之后，进行登录完毕，也会显示“签到失败”的提示。应该是用户在同一台手机上进行签到，也会签到成功，签到成功应…,,Functional-Account,register,other,cannot_or_fail,register.other.cannot_or_fail,N,High,1,沪江英语,沪江英语,10010000012271,register.other.cannot_or_fail,用户在同一台手机注册新的账号之后，进行登录完毕，也会显示“签到失败”的提示。应该是用户在同一台手机上进行签到，也会签到成功，签到成功应…,primary_clue,68,60,用户在同一台手机注册新的账号之后 进行登录完毕 也会显示 签到失败 的提示 应该是用户在同一台手机上进行签到 也会签到成功 签到成功应,1,
10010000012265,每次点击选择课程，然后退出后，在当前页面的最下边都会有个弹窗显示“签到失败哦”这个提示。这个提示应该是在用户每天登陆之后显示一次签到成功或者失败，而不应该是每次退出都会显示。这种情况应该是app的不正常退出，总会有错误提示。,每次点击选择课程，然后退出后，在当前页面的最下边都会有个弹窗显示“签到失败哦”这个提示。这个提示应该是在用户每天登陆之后显示一次签到成…,,UI/Display,course,page_view,wrong_value,course.page_view.wrong_value,N,High,1,沪江英语,沪江英语,10010000012265,course.page_view.wrong_value,每次点击选择课程，然后退出后，在当前页面的最下边都会有个弹窗显示“签到失败哦”这个提示。这个提示应该是在用户每天登陆之后显示一次签到成…,primary_clue,68,62,每次点击选择课程 然后退出后 在当前页面的最下边都会有个弹窗显示 签到失败哦 这个提示 这个提示应该是在用户每天登陆之后显示一次签到成,1,
10010000012220,在评价课程界面，点击某个评价进行回复时，输入框出现的“回复xxx”可逐字删除，不能整体删除，并且删除任意个字符后该文本仍然是浅色显示并且仍然可作为评价发送，这可能导致用户无意删除某个字符后仍然发送以后，并没有起到回复的作用。,在评价课程界面，点击某个评价进行回复时，输入框出现的“回复xxx”可逐字删除，不能整体删除，并且删除任意个字符后该文本仍然是浅色显示并…,,Input/Validation,message_send,input_box,cannot_or_fail,message_send.input_box.cannot_or_fail,N,High,1,沪江英语,沪江英语,10010000012220,message_send.input_box.cannot_or_fail,在评价课程界面，点击某个评价进行回复时，输入框出现的“回复xxx”可逐字删除，不能整体删除，并且删除任意个字符后该文本仍然是浅色显示并…,primary_clue,68,61,在评价课程界面 点击某个评价进行回复时 输入框出现的 回复xxx 可逐字删除 不能整体删除 并且删除任意个字符后该文本仍然是浅色显示并,1,
10010000012346,登陆时，选用手机号快速登录，登录成功后，点击用户头像-我的账号，默认显示其他登录方式未绑定，点击任意一个登录方式，如qq，若没有绑定应该跳转到绑定的相关页面，这里是转到其他社交软件登录授权登录页面而且登陆失败，点击微信没有反应，qq，微博均失败。,登陆时，选用手机号快速登录，登录成功后，点击用户头像,我的账号，默认显示其他登录方式未绑定，点击任意一个登录方式，如qq，若没有绑定应该跳转到绑定的相关页面，这里是转到其他社交软件登录授权登录页面而且登陆失败，点击微信没有反应，qq，微博均失败。,Functional-Account,login,other,other,login.other.other,Y,Medium,2,沪江英语,沪江英语,10010000012346,login.other.other,登陆时，选用手机号快速登录，登录成功后，点击用户头像,primary_clue,26,23,登陆时 选用手机号快速登录 登录成功后 点击用户头像,1,
10010000012077,"问题描述:随意输入的20个字母用户名提示用户名不可以包含敏感词汇
步骤:已进入注册最后设置用户名界面
步骤:
1.随意输入20个字母
2.点击确定
预期结果:
1.字母输入并显示
2.注册成功
实际结果:
1.字母输入并显示
2.提示用户名不可以包含敏感词汇",问题描述:随意输入的20个字母用户名提示用户名不可以包含敏感词汇,步骤:已进入注册最后设置用户名界面 || 随意输入20个字母 || 点击确定 || 字母输入并显示 || 注册成功 || 字母输入并显示 || 提示用户名不可以包含敏感词汇,Other,other,other,cannot_or_fail,other.other.cannot_or_fail,Y,Medium,8,沪江英语,沪江英语,10010000012077,other.other.cannot_or_fail,问题描述:随意输入的20个字母用户名提示用户名不可以包含敏感词汇,primary_clue,32,31,问题描述 随意输入的20个字母用户名提示用户名不可以包含敏感词汇,1,
10010000012257,"用户点击主页面左下角“注册”按钮，跳转到注册界面
，进行注册时，输入无效的邮箱地址，不存在的邮箱地址，也可以显示注册成功，这种不符合实际情况，会有用户恶意注册多个垃圾账号的情况。应该邮箱注册的时候，加入点击邮箱链接的功能。这样才可以保证账号的有效性和安全性。",用户点击主页面左下角“注册”按钮，跳转到注册界面,，进行注册时，输入无效的邮箱地址，不存在的邮箱地址，也可以显示注册成功，这种不符合实际情况，会有用户恶意注册多个垃圾账号的情况。应该邮箱注册的时候，加入点击邮箱链接的功能。这样才可以保证账号的有效性和安全性。,Functional-Account,register,button_icon,other,register.button_icon.other,Y,Medium,2,沪江英语,沪江英语,10010000012257,register.button_icon.other,用户点击主页面左下角“注册”按钮，跳转到注册界面,primary_clue,24,21,用户点击主页面左下角 注册 按钮 跳转到注册界面,1,
10010000012277,功能不完善：用户不能同时在难度类别里选择两个难度，例如，不能同时选择中级和中高级。因为用户可能对自己的情况了解不是很清楚，不会很明确的判断自己适合的难易等级，所以这个情况用户可能会偏向于选择多个难度，多种选择，会显得功能更加完整，复现程度为必现，严重等级为严重。,功能不完善：用户不能同时在难度类别里选择两个难度，例如，不能同时选择中级和中高级。因为用户可能对自己的情况了解不是很清楚，不会很明确的…,,Other,other,other,cannot_or_fail,other.other.cannot_or_fail,N,Medium,1,沪江英语,沪江英语,10010000012277,other.other.cannot_or_fail,功能不完善：用户不能同时在难度类别里选择两个难度，例如，不能同时选择中级和中高级。因为用户可能对自己的情况了解不是很清楚，不会很明确的…,primary_clue,68,62,功能不完善 用户不能同时在难度类别里选择两个难度 例如 不能同时选择中级和中高级 因为用户可能对自己的情况了解不是很清楚 不会很明确的,1,
10010000012249,用户体验差：在选择喜欢的内容的时候，界面的十个类别区别很大，但是可以同时选中十个开始推荐课程，这是不合理的情况，应该会有提示，例如“亲，不能太贪心哦”。首先，用户不可能是十个方面都有需求的，从入门到深度学习，区别很大。此功能应该有做用户功能推荐，或者是智能推荐等。,用户体验差：在选择喜欢的内容的时候，界面的十个类别区别很大，但是可以同时选中十个开始推荐课程，这是不合理的情况，应该会有提示，例如“亲…,,UI/Display,course,page_view,cannot_or_fail,course.page_view.cannot_or_fail,N,Medium,1,沪江英语,沪江英语,10010000012249,course.page_view.cannot_or_fail,用户体验差：在选择喜欢的内容的时候，界面的十个类别区别很大，但是可以同时选中十个开始推荐课程，这是不合理的情况，应该会有提示，例如“亲…,primary_clue,68,60,用户体验差 在选择喜欢的内容的时候 界面的十个类别区别很大 但是可以同时选中十个开始推荐课程 这是不合理的情况 应该会有提示 例如 亲,1,
10010000012338,功能不完善：在进行文字课程学习的时候，每张图片重新出现时，都会重新加载，会使得内存小的手机产生卡顿，每次都会进行重新加载，会让用户阅读不方便，同时也会增加用户的流量消耗，这里应该在每次阅读完成之前，都加载到本地，在阅读结束之后可以系统自动删除缓存或者用户手动删除。,功能不完善：在进行文字课程学习的时候，每张图片重新出现时，都会重新加载，会使得内存小的手机产生卡顿，每次都会进行重新加载，会让用户阅读…,,Performance/Freeze,course,list_item,freeze,course.list_item.freeze,N,High,1,沪江英语,沪江英语,10010000012338,course.list_item.freeze,功能不完善：在进行文字课程学习的时候，每张图片重新出现时，都会重新加载，会使得内存小的手机产生卡顿，每次都会进行重新加载，会让用户阅读…,primary_clue,68,61,功能不完善 在进行文字课程学习的时候 每张图片重新出现时 都会重新加载 会使得内存小的手机产生卡顿 每次都会进行重新加载 会让用户阅读,1,
10010000012264,添加某课程并学习几节课之后，点击退订课程，然后再次添加该课程，结果是没有是否重新学习的提示，而是直接进入该课程，并且保留了上一次添加课程时的学习进度。如果是用户退订课程很久之后再重新添加该课程，那么就需要重头学习，所以退订某一课程之后重新添加时，应提示是否重头学习。,添加某课程并学习几节课之后，点击退订课程，然后再次添加该课程，结果是没有是否重新学习的提示，而是直接进入该课程，并且保留了上一次添加课…,,Other,course,list_item,wrong_value,course.list_item.wrong_value,N,High,1,沪江英语,沪江英语,10010000012264,course.list_item.wrong_value,添加某课程并学习几节课之后，点击退订课程，然后再次添加该课程，结果是没有是否重新学习的提示，而是直接进入该课程，并且保留了上一次添加课…,primary_clue,68,62,添加某课程并学习几节课之后 点击退订课程 然后再次添加该课程 结果是没有是否重新学习的提示 而是直接进入该课程 并且保留了上一次添加课,1,
10010000011987,进入某一具体课程的介绍页面（例如旅游从口语学起），对每个课程的评价只能有一份记录，再次增加，会把以前的覆盖了，这个是不合理的，应该把以前的保留起来，用户可能会在学习过程中的不同阶段有不同评价。用户发表新的评价，在课程评价页面应该显示最新的，点进去后可以看到以前的评价,进入某一具体课程的介绍页面（例如旅游从口语学起），对每个课程的评价只能有一份记录，再次增加，会把以前的覆盖了，这个是不合理的，应该把以…,,UI/Display,course,page_view,wrong_value,course.page_view.wrong_value,N,High,1,沪江英语,沪江英语,10010000011987,course.page_view.wrong_value,进入某一具体课程的介绍页面（例如旅游从口语学起），对每个课程的评价只能有一份记录，再次增加，会把以前的覆盖了，这个是不合理的，应该把以…,primary_clue,68,60,进入某一具体课程的介绍页面 例如旅游从口语学起 对每个课程的评价只能有一份记录 再次增加 会把以前的覆盖了 这个是不合理的 应该把以,1,
10010000012288,用户体验差：在进入学习时，从下一单元跳转回上一单元的时候，直接跳转到上一单元的第一个页面，而不是上一单元的最后一个页面，这会给用户一种不连贯的感觉。并且在单元间滑动界面时，几乎需要横向滑动满一整个屏幕才能跳转，同时在滑动过头的时候，甚至还会导致轻微的卡顿，十分不方便。,用户体验差：在进入学习时，从下一单元跳转回上一单元的时候，直接跳转到上一单元的第一个页面，而不是上一单元的最后一个页面，这会给用户一种…,,Performance/Freeze,other,page_view,freeze,other.page_view.freeze,N,High,1,沪江英语,沪江英语,10010000012288,other.page_view.freeze,用户体验差：在进入学习时，从下一单元跳转回上一单元的时候，直接跳转到上一单元的第一个页面，而不是上一单元的最后一个页面，这会给用户一种…,primary_clue,68,62,用户体验差 在进入学习时 从下一单元跳转回上一单元的时候 直接跳转到上一单元的第一个页面 而不是上一单元的最后一个页面 这会给用户一种,1,
10010000012182,"如图1，页面缺少字数计算器，用户只有在提交的时候才会知道自己是否输入字符数超出500
如图2再次点击我要评论，进入如图3页面，虽然可以编辑自己写过的上一份评论，但是任然显示为”提交“而不是”修改“，点击”提交“后的效果如图4，并不是新生产一份评价，而是在原有评价上修改",如图1，页面缺少字数计算器，用户只有在提交的时候才会知道自己是否输入字符数超出500,如图2再次点击我要评论，进入如图3页面，虽然可以编辑自己写过的上一份评论，但是任然显示为”提交“而不是”修改“，点击”提交“后的效果如图4，并不是新生产一份评价，而是在原有评价上修改,UI/Display,other,page_view,layout_issue,other.page_view.layout_issue,Y,Medium,2,沪江英语,沪江英语,10010000012182,other.page_view.layout_issue,如图1，页面缺少字数计算器，用户只有在提交的时候才会知道自己是否输入字符数超出500,primary_clue,42,40,如图1 页面缺少字数计算器 用户只有在提交的时候才会知道自己是否输入字符数超出500,1,
10010000012014,手机快速登录方式登录，获取验证码60秒内均有效，动态获取动态码后，输入动态码，不直接登录，点击返回，在重新进入手机快速登录页面，刚才填写的信息还在，此时点击登录，验证码还在有效期内，点击登录后页面中间的字符验证码会变，与之前输入不符，可是手机动态码正确，此时提示动态码输入错误，可是动态码是正确的。,手机快速登录方式登录，获取验证码60秒内均有效，动态获取动态码后，输入动态码，不直接登录，点击返回，在重新进入手机快速登录页面，刚才填…,,Functional-Account,login,page_view,wrong_value,login.page_view.wrong_value,N,High,1,沪江英语,沪江英语,10010000012014,login.page_view.wrong_value,手机快速登录方式登录，获取验证码60秒内均有效，动态获取动态码后，输入动态码，不直接登录，点击返回，在重新进入手机快速登录页面，刚才填…,primary_clue,68,60,手机快速登录方式登录 获取验证码60秒内均有效 动态获取动态码后 输入动态码 不直接登录 点击返回 在重新进入手机快速登录页面 刚才填,1,
10010000012001,在用户注册的过程中，使用已经注册过的手机进行注册，1.输入验证码错误，她会首先验证验证码错误，而不是直接告诉用户，该账户已经成功注册。2.密码输入不合规矩，他也是首先验证密码输入不能为纯数字或者密码输入不能为纯字母，再去验证手机账号已经被注册了。大大的降低了用户的体验感，输入了半天，才被告知手机号已经被注册。,在用户注册的过程中，使用已经注册过的手机进行注册，1.输入验证码错误，她会首先验证验证码错误，而不是直接告诉用户，该账户已经成功注册。…,,Functional-Account,register,other,wrong_value,register.other.wrong_value,N,High,1,沪江英语,沪江英语,10010000012001,register.other.wrong_value,在用户注册的过程中，使用已经注册过的手机进行注册，1.输入验证码错误，她会首先验证验证码错误，而不是直接告诉用户，该账户已经成功注册。…,primary_clue,68,60,在用户注册的过程中 使用已经注册过的手机进行注册 1 输入验证码错误 她会首先验证验证码错误 而不是直接告诉用户 该账户已经成功注册,1,
10010000012263,用户体验差：在选择英语四六级体验课程时，每次进入的课程推荐都是相同的，同时对应的级别都是中高级和高级，但是对于中高级水平的同学其实很少会使用app来使用英语学习，更多的是四六级需要冲分过线的同学，所以这里应该也需要设置一部分初级的。（即使里面内容涉及的比较初级，但是这会给用户一种错觉，以至于要用户去课程中心去挑选，比较麻烦）,用户体验差：在选择英语四六级体验课程时，每次进入的课程推荐都是相同的，同时对应的级别都是中高级和高级，但是对于中高级水平的同学其实很少…,,UI/Display,course,page_view,other,course.page_view.other,N,Medium,1,沪江英语,沪江英语,10010000012263,course.page_view.other,用户体验差：在选择英语四六级体验课程时，每次进入的课程推荐都是相同的，同时对应的级别都是中高级和高级，但是对于中高级水平的同学其实很少…,primary_clue,68,63,用户体验差 在选择英语四六级体验课程时 每次进入的课程推荐都是相同的 同时对应的级别都是中高级和高级 但是对于中高级水平的同学其实很少,1,
10010000012059,"问题描述:使用未被注册邮箱注册提示邮箱已被注册
前置条件:已进入邮箱注册界面
步骤:
1.输入邮箱1107031157@qq.com
2.输入验证码
3.输入密码12345678a
4.点击注册
预期结果:
1.邮箱输入并显示
2.验证码输入并显示
3.密码输入并加密显示
4.注册成功
实际结果:
1.邮箱输入并显示
2.验证码输入并显示
3.密码输入并加密显示
4.提示邮箱已存在",问题描述:使用未被注册邮箱注册提示邮箱已被注册,前置条件:已进入邮箱注册界面 || 输入邮箱1107031157@qq.com || 输入验证码 || 输入密码12345678a || 点击注册 || 邮箱输入并显示 || 验证码输入并显示 || 密码输入并加密显示 || 注册成功…,Functional-Account,register,other,other,register.other.other,Y,Medium,14,沪江英语,沪江英语,10010000012059,register.other.other,问题描述:使用未被注册邮箱注册提示邮箱已被注册,primary_clue,23,22,问题描述 使用未被注册邮箱注册提示邮箱已被注册,1,
10010000003014,没有显示如何创建群组和添加联系人,没有显示如何创建群组和添加联系人,,Functional-Social,groupchat,chat,other,groupchat.chat.other,N,High,1,途牛,途牛,10010000003014,groupchat.chat.other,没有显示如何创建群组和添加联系人,primary_clue,16,16,没有显示如何创建群组和添加联系人,1,
10010000002952,不能使用第三方软件等其他方式登录,不能使用第三方软件等其他方式登录,,Functional-Account,login,other,cannot_or_fail,login.other.cannot_or_fail,N,High,1,途牛,途牛,10010000002952,login.other.cannot_or_fail,不能使用第三方软件等其他方式登录,primary_clue,16,16,不能使用第三方软件等其他方式登录,1,
10010000003661,私聊发图片有一点概率会闪退出私聊,私聊发图片有一点概率会闪退出私聊,,Crash,private_chat,image_banner,crash,private_chat.image_banner.crash,N,High,1,途牛,途牛,10010000003661,private_chat.image_banner.crash,私聊发图片有一点概率会闪退出私聊,primary_clue,16,16,私聊发图片有一点概率会闪退出私聊,1,
10010000006526,第一次撤销语音后无法再次发送语音,第一次撤销语音后无法再次发送语音,,Functional-Media,message_send,audio,cannot_or_fail,message_send.audio.cannot_or_fail,N,High,1,途牛,途牛,10010000006526,message_send.audio.cannot_or_fail,第一次撤销语音后无法再次发送语音,primary_clue,16,16,第一次撤销语音后无法再次发送语音,1,
10010000005496,发现界面的游记等内容无法私聊分享,发现界面的游记等内容无法私聊分享,,Functional-Share,share,page_view,cannot_or_fail,share.page_view.cannot_or_fail,N,High,1,途牛,途牛,10010000005496,share.page_view.cannot_or_fail,发现界面的游记等内容无法私聊分享,primary_clue,16,16,发现界面的游记等内容无法私聊分享,1,
10010000004913,聊天页面添加联系人功能位置不明确,聊天页面添加联系人功能位置不明确,,Functional-Social,message_send,page_view,wrong_value,message_send.page_view.wrong_value,N,High,1,途牛,途牛,10010000004913,message_send.page_view.wrong_value,聊天页面添加联系人功能位置不明确,primary_clue,16,16,聊天页面添加联系人功能位置不明确,1,
10010000006054,收藏用户界面下的商品提示参数错误,收藏用户界面下的商品提示参数错误,,Functional-Commerce,shopping,page_view,wrong_value,shopping.page_view.wrong_value,N,High,1,途牛,途牛,10010000006054,shopping.page_view.wrong_value,收藏用户界面下的商品提示参数错误,primary_clue,16,16,收藏用户界面下的商品提示参数错误,1,
10010000006150,选择本地图片的时候出现不正常闪退,选择本地图片的时候出现不正常闪退,,Crash,other,image_banner,crash,other.image_banner.crash,N,High,1,途牛,途牛,10010000006150,other.image_banner.crash,选择本地图片的时候出现不正常闪退,primary_clue,16,16,选择本地图片的时候出现不正常闪退,1,
10010000007117,无法分享动态到微信QQ微博朋友圈,无法分享动态到微信QQ微博朋友圈,,Functional-Share,share,share_panel,cannot_share,share.share_panel.cannot_share,N,High,1,途牛,途牛,10010000007117,share.share_panel.cannot_share,无法分享动态到微信QQ微博朋友圈,primary_clue,16,16,无法分享动态到微信qq微博朋友圈,1,
10010000006909,发送多个语音时不能自动播放下一个,发送多个语音时不能自动播放下一个,,Functional-Media,message_send,audio,cannot_or_fail,message_send.audio.cannot_or_fail,N,High,1,途牛,途牛,10010000006909,message_send.audio.cannot_or_fail,发送多个语音时不能自动播放下一个,primary_clue,16,16,发送多个语音时不能自动播放下一个,1,
10010000006992,互动动态里的人点进去的闪退回页面,互动动态里的人点进去的闪退回页面,,Crash,other,page_view,crash,other.page_view.crash,N,High,1,途牛,途牛,10010000006992,other.page_view.crash,互动动态里的人点进去的闪退回页面,primary_clue,16,16,互动动态里的人点进去的闪退回页面,1,
10010000002001,根据定位推荐城市功能为未能推荐城市,根据定位推荐城市功能为未能推荐城市,,Functional-Tracking,gps_track,gps,other,gps_track.gps.other,N,High,1,途牛,途牛,10010000002001,gps_track.gps.other,根据定位推荐城市功能为未能推荐城市,primary_clue,17,17,根据定位推荐城市功能为未能推荐城市,1,
10010000002269,以第三方平台登录，一直显示登陆失败,以第三方平台登录，一直显示登陆失败,,Functional-Account,login,other,cannot_or_fail,login.other.cannot_or_fail,N,High,1,途牛,途牛,10010000002269,login.other.cannot_or_fail,以第三方平台登录，一直显示登陆失败,primary_clue,17,16,以第三方平台登录 一直显示登陆失败,1,
10010000006508,"无法加好友,或加好友的途径不易发现","无法加好友,或加好友的途径不易发现",,Functional-Social,other,chat,cannot_or_fail,other.chat.cannot_or_fail,N,High,1,途牛,途牛,10010000006508,other.chat.cannot_or_fail,"无法加好友,或加好友的途径不易发现",primary_clue,17,16,无法加好友 或加好友的途径不易发现,1,
10010000003176,通过任务途径进入，页面无法加载出来,通过任务途径进入，页面无法加载出来,,Network/Loading,other,page_view,load_fail,other.page_view.load_fail,N,High,1,途牛,途牛,10010000003176,other.page_view.load_fail,通过任务途径进入，页面无法加载出来,primary_clue,17,16,通过任务途径进入 页面无法加载出来,1,
10010000003648,进入聊天界面未进行任何操作突然崩溃,进入聊天界面未进行任何操作突然崩溃,,Crash,message_send,page_view,crash,message_send.page_view.crash,N,High,1,途牛,途牛,10010000003648,message_send.page_view.crash,进入聊天界面未进行任何操作突然崩溃,primary_clue,17,17,进入聊天界面未进行任何操作突然崩溃,1,
10010000003995,未登录情况下，点击个人页面进入不了,未登录情况下，点击个人页面进入不了,,Functional-Account,login,page_view,other,login.page_view.other,N,High,1,途牛,途牛,10010000003995,login.page_view.other,未登录情况下，点击个人页面进入不了,primary_clue,17,16,未登录情况下 点击个人页面进入不了,1,
10010000006732,手机已打开gps但仍无法获取位置。,手机已打开gps但仍无法获取位置。,,Functional-Tracking,gps_track,gps,cannot_or_fail,gps_track.gps.cannot_or_fail,N,High,1,途牛,途牛,10010000006732,gps_track.gps.cannot_or_fail,手机已打开gps但仍无法获取位置。,primary_clue,17,16,手机已打开gps但仍无法获取位置,1,
10010000003411,连续发送语音会出现无法发送成功问题,连续发送语音会出现无法发送成功问题,,Functional-Media,message_send,audio,cannot_or_fail,message_send.audio.cannot_or_fail,N,High,1,途牛,途牛,10010000003411,message_send.audio.cannot_or_fail,连续发送语音会出现无法发送成功问题,primary_clue,17,17,连续发送语音会出现无法发送成功问题,1,
10010000002748,在私聊中选择拍照功能出现闪退的情况,在私聊中选择拍照功能出现闪退的情况,,Crash,private_chat,chat,crash,private_chat.chat.crash,N,High,1,途牛,途牛,10010000002748,private_chat.chat.crash,在私聊中选择拍照功能出现闪退的情况,primary_clue,17,17,在私聊中选择拍照功能出现闪退的情况,1,
10010000006525,用户修改昵称后，无法在私聊界面显示,用户修改昵称后，无法在私聊界面显示,,Functional-Social,private_chat,page_view,cannot_or_fail,private_chat.page_view.cannot_or_fail,N,High,1,途牛,途牛,10010000006525,private_chat.page_view.cannot_or_fail,用户修改昵称后，无法在私聊界面显示,primary_clue,17,16,用户修改昵称后 无法在私聊界面显示,1,
10010000007085,聊天界面输入框所允许的输入范围过大,聊天界面输入框所允许的输入范围过大,,Functional-Social,message_send,input_box,other,message_send.input_box.other,N,High,1,途牛,途牛,10010000007085,message_send.input_box.other,聊天界面输入框所允许的输入范围过大,primary_clue,17,17,聊天界面输入框所允许的输入范围过大,1,
10010000003460,点击用户界面小头像和联系人资料闪退,点击用户界面小头像和联系人资料闪退,,Crash,other,page_view,crash,other.page_view.crash,N,High,1,途牛,途牛,10010000003460,other.page_view.crash,点击用户界面小头像和联系人资料闪退,primary_clue,17,17,点击用户界面小头像和联系人资料闪退,1,
10010000003064,输入框输入更多输入框不能自适应内容,输入框输入更多输入框不能自适应内容,,Input/Validation,other,input_box,cannot_or_fail,other.input_box.cannot_or_fail,N,High,1,途牛,途牛,10010000003064,other.input_box.cannot_or_fail,输入框输入更多输入框不能自适应内容,primary_clue,17,17,输入框输入更多输入框不能自适应内容,1,
10010000003169,私聊输入框文字输入无法输入全空格。,私聊输入框文字输入无法输入全空格。,,Functional-Social,private_chat,input_box,cannot_input,private_chat.input_box.cannot_input,N,High,1,途牛,途牛,10010000003169,private_chat.input_box.cannot_input,私聊输入框文字输入无法输入全空格。,primary_clue,17,16,私聊输入框文字输入无法输入全空格,1,
10010000003188,获取我的定位权限之后，不能准确定位,获取我的定位权限之后，不能准确定位,,Functional-Tracking,gps_track,gps,permission,gps_track.gps.permission,N,High,1,途牛,途牛,10010000003188,gps_track.gps.permission,获取我的定位权限之后，不能准确定位,primary_clue,17,16,获取我的定位权限之后 不能准确定位,1,
10010000003529,途牛私聊时，给对方发送图片显示模糊,途牛私聊时，给对方发送图片显示模糊,,Functional-Social,private_chat,image_banner,other,private_chat.image_banner.other,N,High,1,途牛,途牛,10010000003529,private_chat.image_banner.other,途牛私聊时，给对方发送图片显示模糊,primary_clue,17,16,途牛私聊时 给对方发送图片显示模糊,1,
10010000003917,私聊发图片的时候会自动过滤好多图片,私聊发图片的时候会自动过滤好多图片,,Functional-Social,private_chat,image_banner,other,private_chat.image_banner.other,N,High,1,途牛,途牛,10010000003917,private_chat.image_banner.other,私聊发图片的时候会自动过滤好多图片,primary_clue,17,17,私聊发图片的时候会自动过滤好多图片,1,
10010000004492,播放已发送语音内容时，不能取消播放,播放已发送语音内容时，不能取消播放,,Functional-Media,message_send,audio,cannot_or_fail,message_send.audio.cannot_or_fail,N,High,1,途牛,途牛,10010000004492,message_send.audio.cannot_or_fail,播放已发送语音内容时，不能取消播放,primary_clue,17,16,播放已发送语音内容时 不能取消播放,1,
10010000006301,回复评论无发表按钮，用户体验不方便,回复评论无发表按钮，用户体验不方便,,UI/Display,comment,button_icon,other,comment.button_icon.other,N,Medium,1,途牛,途牛,10010000006301,comment.button_icon.other,回复评论无发表按钮，用户体验不方便,primary_clue,17,16,回复评论无发表按钮 用户体验不方便,1,
10010000005653,注册时未能检测国外手机号码完整性。,注册时未能检测国外手机号码完整性。,,Functional-Account,register,other,other,register.other.other,N,High,1,途牛,途牛,10010000005653,register.other.other,注册时未能检测国外手机号码完整性。,primary_clue,17,16,注册时未能检测国外手机号码完整性,1,
10010000002251,不能多次选择门票，总是会跳到结算页面,不能多次选择门票，总是会跳到结算页面,,UI/Display,other,page_view,cannot_or_fail,other.page_view.cannot_or_fail,N,Medium,1,途牛,途牛,10010000002251,other.page_view.cannot_or_fail,不能多次选择门票，总是会跳到结算页面,primary_clue,18,17,不能多次选择门票 总是会跳到结算页面,1,
10010000002470,第三方登录失效，微信登录没有可用接口,第三方登录失效，微信登录没有可用接口,,Functional-Account,login,other,wrong_value,login.other.wrong_value,N,High,1,途牛,途牛,10010000002470,login.other.wrong_value,第三方登录失效，微信登录没有可用接口,primary_clue,18,17,第三方登录失效 微信登录没有可用接口,1,
10010000004269,评论提示内容和输入的文字只会显示一半,评论提示内容和输入的文字只会显示一半,,Other,comment,list_item,other,comment.list_item.other,N,Medium,1,途牛,途牛,10010000004269,comment.list_item.other,评论提示内容和输入的文字只会显示一半,primary_clue,18,18,评论提示内容和输入的文字只会显示一半,1,
10010000003342,页面不美观，单调，可以加入自己的分类,页面不美观，单调，可以加入自己的分类,,UI/Display,other,page_view,layout_issue,other.page_view.layout_issue,N,High,1,途牛,途牛,10010000003342,other.page_view.layout_issue,页面不美观，单调，可以加入自己的分类,primary_clue,18,16,页面不美观 单调 可以加入自己的分类,1,
10010000002647,定位当前位置失效（GPS开启情况下）,定位当前位置失效（GPS开启情况下）,,Functional-Tracking,gps_track,gps,wrong_value,gps_track.gps.wrong_value,N,High,1,途牛,途牛,10010000002647,gps_track.gps.wrong_value,定位当前位置失效（GPS开启情况下）,primary_clue,18,16,定位当前位置失效 gps开启情况下,1,
10010000003264,在手机静音模式下，发送语音无法收听。,在手机静音模式下，发送语音无法收听。,,Functional-Media,message_send,audio,cannot_or_fail,message_send.audio.cannot_or_fail,N,High,1,途牛,途牛,10010000003264,message_send.audio.cannot_or_fail,在手机静音模式下，发送语音无法收听。,primary_clue,18,16,在手机静音模式下 发送语音无法收听,1,
10010000002636,关注列表和联系人列表中均无法搜索好友,关注列表和联系人列表中均无法搜索好友,,Functional-Search,search,list_item,cannot_or_fail,search.list_item.cannot_or_fail,N,High,1,途牛,途牛,10010000002636,search.list_item.cannot_or_fail,关注列表和联系人列表中均无法搜索好友,primary_clue,18,18,关注列表和联系人列表中均无法搜索好友,1,
10010000004241,打开软件首页，地点定位功能不能使用。,打开软件首页，地点定位功能不能使用。,,Functional-Tracking,gps_track,page_view,cannot_or_fail,gps_track.page_view.cannot_or_fail,N,High,1,途牛,途牛,10010000004241,gps_track.page_view.cannot_or_fail,打开软件首页，地点定位功能不能使用。,primary_clue,18,16,打开软件首页 地点定位功能不能使用,1,
10010000002797,无法手动输入寻找认识的好友，稍有不便,无法手动输入寻找认识的好友，稍有不便,,Functional-Social,other,chat,cannot_or_fail,other.chat.cannot_or_fail,N,High,1,途牛,途牛,10010000002797,other.chat.cannot_or_fail,无法手动输入寻找认识的好友，稍有不便,primary_clue,18,17,无法手动输入寻找认识的好友 稍有不便,1,
10010000002964,私聊输入长文本，文本框宽度无法自适应,私聊输入长文本，文本框宽度无法自适应,,Functional-Social,private_chat,input_box,cannot_or_fail,private_chat.input_box.cannot_or_fail,N,High,1,途牛,途牛,10010000002964,private_chat.input_box.cannot_or_fail,私聊输入长文本，文本框宽度无法自适应,primary_clue,18,17,私聊输入长文本 文本框宽度无法自适应,1,
10010000003191,其他账号登录，微信无法点击，微博出错,其他账号登录，微信无法点击，微博出错,,Functional-Account,login,share_panel,cannot_or_fail,login.share_panel.cannot_or_fail,N,High,1,途牛,途牛,10010000003191,login.share_panel.cannot_or_fail,其他账号登录，微信无法点击，微博出错,primary_clue,18,16,其他账号登录 微信无法点击 微博出错,1,
10010000003506,发送信息长按无法显示的取消按钮无反应,发送信息长按无法显示的取消按钮无反应,,UI/Display,message_send,button_icon,cannot_or_fail,message_send.button_icon.cannot_or_fail,N,Medium,1,途牛,途牛,10010000003506,message_send.button_icon.cannot_or_fail,发送信息长按无法显示的取消按钮无反应,primary_clue,18,18,发送信息长按无法显示的取消按钮无反应,1,
10010000004168,wifi切换到数据网络，无法发送信息,wifi切换到数据网络，无法发送信息,,Other,message_send,other,cannot_or_fail,message_send.other.cannot_or_fail,N,Medium,1,途牛,途牛,10010000004168,message_send.other.cannot_or_fail,wifi切换到数据网络，无法发送信息,primary_clue,18,17,wifi切换到数据网络 无法发送信息,1,
10010000003623,接受到语音之后加载时间过长，超过三秒,接受到语音之后加载时间过长，超过三秒,,Functional-Media,playback,step,other,playback.step.other,N,High,1,途牛,途牛,10010000003623,playback.step.other,接受到语音之后加载时间过长，超过三秒,primary_clue,18,17,接受到语音之后加载时间过长 超过三秒,1,
10010000003573,语音输入时语音输入图标占空间过于大！,语音输入时语音输入图标占空间过于大！,,Functional-Media,playback,button_icon,other,playback.button_icon.other,N,High,1,途牛,途牛,10010000003573,playback.button_icon.other,语音输入时语音输入图标占空间过于大！,primary_clue,18,17,语音输入时语音输入图标占空间过于大,1,
10010000003674,点击人工服务后下方功能按钮无法使用。,点击人工服务后下方功能按钮无法使用。,,UI/Display,other,button_icon,cannot_or_fail,other.button_icon.cannot_or_fail,N,Medium,1,途牛,途牛,10010000003674,other.button_icon.cannot_or_fail,点击人工服务后下方功能按钮无法使用。,primary_clue,18,17,点击人工服务后下方功能按钮无法使用,1,
10010000005344,在途牛保存的图片很难找，不能很好利用,在途牛保存的图片很难找，不能很好利用,,UI/Display,other,image_banner,cannot_or_fail,other.image_banner.cannot_or_fail,N,Medium,1,途牛,途牛,10010000005344,other.image_banner.cannot_or_fail,在途牛保存的图片很难找，不能很好利用,primary_clue,18,17,在途牛保存的图片很难找 不能很好利用,1,
10010000003967,播放语音时不能切换听筒或扬声器播放。,播放语音时不能切换听筒或扬声器播放。,,Functional-Media,playback,audio,cannot_or_fail,playback.audio.cannot_or_fail,N,High,1,途牛,途牛,10010000003967,playback.audio.cannot_or_fail,播放语音时不能切换听筒或扬声器播放。,primary_clue,18,17,播放语音时不能切换听筒或扬声器播放,1,
10010000005680,用户体验问题：不能直接查找其他用户。,用户体验问题：不能直接查找其他用户。,,Functional-Search,search,other,cannot_or_fail,search.other.cannot_or_fail,N,High,1,途牛,途牛,10010000005680,search.other.cannot_or_fail,用户体验问题：不能直接查找其他用户。,primary_clue,18,16,用户体验问题 不能直接查找其他用户,1,
10010000004258,语音时间超过60秒会中断，并且不发送,语音时间超过60秒会中断，并且不发送,,Functional-Media,message_send,step,other,message_send.step.other,N,High,1,途牛,途牛,10010000004258,message_send.step.other,语音时间超过60秒会中断，并且不发送,primary_clue,18,17,语音时间超过60秒会中断 并且不发送,1,
10010000004162,图片虽可以保存到本地，但不能收藏图片,图片虽可以保存到本地，但不能收藏图片,,UI/Display,other,image_banner,cannot_or_fail,other.image_banner.cannot_or_fail,N,Medium,1,途牛,途牛,10010000004162,other.image_banner.cannot_or_fail,图片虽可以保存到本地，但不能收藏图片,primary_clue,18,17,图片虽可以保存到本地 但不能收藏图片,1,
10010000005740,以微信平台登录时，则页面一直无响应。,以微信平台登录时，则页面一直无响应。,,Performance/Freeze,login,page_view,freeze,login.page_view.freeze,N,High,1,途牛,途牛,10010000005740,login.page_view.freeze,以微信平台登录时，则页面一直无响应。,primary_clue,18,16,以微信平台登录时 则页面一直无响应,1,
10010000004525,在评论他人所发图片是经常出现闪退现象,在评论他人所发图片是经常出现闪退现象,,Crash,comment,list_item,crash,comment.list_item.crash,N,High,1,途牛,途牛,10010000004525,comment.list_item.crash,在评论他人所发图片是经常出现闪退现象,primary_clue,18,18,在评论他人所发图片是经常出现闪退现象,1,
10010000004785,"关注人不显示账号名称,只显示数字号码","关注人不显示账号名称,只显示数字号码",,Functional-Account,other,other,display_missing,other.other.display_missing,N,High,1,途牛,途牛,10010000004785,other.other.display_missing,"关注人不显示账号名称,只显示数字号码",primary_clue,18,17,关注人不显示账号名称 只显示数字号码,1,
10010000006249,换了设备登录后之前的聊天信息没有了。,换了设备登录后之前的聊天信息没有了。,,Functional-Account,login,chat,other,login.chat.other,N,High,1,途牛,途牛,10010000006249,login.chat.other,换了设备登录后之前的聊天信息没有了。,primary_clue,18,17,换了设备登录后之前的聊天信息没有了,1,
10010000006846,途牛私聊时，给陌生人发送图片显示模糊,途牛私聊时，给陌生人发送图片显示模糊,,Functional-Social,private_chat,image_banner,other,private_chat.image_banner.other,N,High,1,途牛,途牛,10010000006846,private_chat.image_banner.other,途牛私聊时，给陌生人发送图片显示模糊,primary_clue,18,17,途牛私聊时 给陌生人发送图片显示模糊,1,
10010000006246,分享只能分享到微博，其他分享都不可用,分享只能分享到微博，其他分享都不可用,,Functional-Share,share,share_panel,other,share.share_panel.other,N,High,1,途牛,途牛,10010000006246,share.share_panel.other,分享只能分享到微博，其他分享都不可用,primary_clue,18,17,分享只能分享到微博 其他分享都不可用,1,
10010000005770,无法搜索到自己发的帖子和朋友发的帖子,无法搜索到自己发的帖子和朋友发的帖子,,Functional-Search,search,list_item,cannot_or_fail,search.list_item.cannot_or_fail,N,High,1,途牛,途牛,10010000005770,search.list_item.cannot_or_fail,无法搜索到自己发的帖子和朋友发的帖子,primary_clue,18,18,无法搜索到自己发的帖子和朋友发的帖子,1,
10010000005898,发送语音信息只能六十秒以内，不能超出,发送语音信息只能六十秒以内，不能超出,,Functional-Media,message_send,audio,layout_issue,message_send.audio.layout_issue,N,High,1,途牛,途牛,10010000005898,message_send.audio.layout_issue,发送语音信息只能六十秒以内，不能超出,primary_clue,18,17,发送语音信息只能六十秒以内 不能超出,1,
10010000006585,无法直接搜索到县级市，只能搜索市加县,无法直接搜索到县级市，只能搜索市加县,,Functional-Search,search,other,cannot_or_fail,search.other.cannot_or_fail,N,High,1,途牛,途牛,10010000006585,search.other.cannot_or_fail,无法直接搜索到县级市，只能搜索市加县,primary_clue,18,17,无法直接搜索到县级市 只能搜索市加县,1,
10010000000874,授权第三方登陆的微信按钮点击没有反应。,授权第三方登陆的微信按钮点击没有反应。,,UI/Display,other,button_icon,permission,other.button_icon.permission,N,High,1,途牛,途牛,10010000000874,other.button_icon.permission,授权第三方登陆的微信按钮点击没有反应。,primary_clue,19,18,授权第三方登陆的微信按钮点击没有反应,1,
10010000002153,在点击专属顾问后，进去界面大概几秒崩溃,在点击专属顾问后，进去界面大概几秒崩溃,,Crash,other,page_view,crash,other.page_view.crash,N,High,1,途牛,途牛,10010000002153,other.page_view.crash,在点击专属顾问后，进去界面大概几秒崩溃,primary_clue,19,18,在点击专属顾问后 进去界面大概几秒崩溃,1,
10010000002890,滑动页面的时候有轻微卡顿，但不影响使用,滑动页面的时候有轻微卡顿，但不影响使用,,Performance/Freeze,other,page_view,freeze,other.page_view.freeze,N,High,1,途牛,途牛,10010000002890,other.page_view.freeze,滑动页面的时候有轻微卡顿，但不影响使用,primary_clue,19,18,滑动页面的时候有轻微卡顿 但不影响使用,1,
10010000002316,定位权限已被允许但是 无法获取定位信息,定位权限已被允许但是 无法获取定位信息,,Functional-Tracking,gps_track,gps,permission,gps_track.gps.permission,N,High,1,途牛,途牛,10010000002316,gps_track.gps.permission,定位权限已被允许但是 无法获取定位信息,primary_clue,19,18,定位权限已被允许但是 无法获取定位信息,1,
10010000003826,购买旅游页面点击收藏 提示用户参数错误,购买旅游页面点击收藏 提示用户参数错误,,Functional-Commerce,shopping,page_view,wrong_value,shopping.page_view.wrong_value,N,High,1,途牛,途牛,10010000003826,shopping.page_view.wrong_value,购买旅游页面点击收藏 提示用户参数错误,primary_clue,19,18,购买旅游页面点击收藏 提示用户参数错误,1,
10010000002449,"点击一个分目录时,没有返回主页面的链接","点击一个分目录时,没有返回主页面的链接",,Functional-Share,share,page_view,other,share.page_view.other,N,High,1,途牛,途牛,10010000002449,share.page_view.other,"点击一个分目录时,没有返回主页面的链接",primary_clue,19,18,点击一个分目录时 没有返回主页面的链接,1,
10010000005053,信息通知栏的上面不会有用户来的信息提示,信息通知栏的上面不会有用户来的信息提示,,Other,notification,other,other,notification.other.other,N,Medium,1,途牛,途牛,10010000005053,notification.other.other,信息通知栏的上面不会有用户来的信息提示,primary_clue,19,19,信息通知栏的上面不会有用户来的信息提示,1,
10010000003241,无法快捷查看聊天记录，没有设置相关按钮,无法快捷查看聊天记录，没有设置相关按钮,,Functional-Social,message_send,button_icon,cannot_or_fail,message_send.button_icon.cannot_or_fail,N,High,1,途牛,途牛,10010000003241,message_send.button_icon.cannot_or_fail,无法快捷查看聊天记录，没有设置相关按钮,primary_clue,19,18,无法快捷查看聊天记录 没有设置相关按钮,1,
10010000004044,和别人聊天，设置了提醒，但是并没有提示,和别人聊天，设置了提醒，但是并没有提示,,Functional-Social,message_send,page_view,no_prompt,message_send.page_view.no_prompt,N,High,1,途牛,途牛,10010000004044,message_send.page_view.no_prompt,和别人聊天，设置了提醒，但是并没有提示,primary_clue,19,17,和别人聊天 设置了提醒 但是并没有提示,1,
10010000003270,同时和多人进行聊天，会出现程序崩溃现象,同时和多人进行聊天，会出现程序崩溃现象,,Crash,message_send,chat,crash,message_send.chat.crash,N,High,1,途牛,途牛,10010000003270,message_send.chat.crash,同时和多人进行聊天，会出现程序崩溃现象,primary_clue,19,18,同时和多人进行聊天 会出现程序崩溃现象,1,
10010000007195,点击消息中输入的外网链接，小概率闪退。,点击消息中输入的外网链接，小概率闪退。,,Crash,share,chat,crash,share.chat.crash,N,High,1,途牛,途牛,10010000007195,share.chat.crash,点击消息中输入的外网链接，小概率闪退。,primary_clue,19,17,点击消息中输入的外网链接 小概率闪退,1,
10010000003318,行程玩法界面的搜索自由行套餐点击无反应,行程玩法界面的搜索自由行套餐点击无反应,,Functional-Search,search,page_view,cannot_or_fail,search.page_view.cannot_or_fail,N,High,1,途牛,途牛,10010000003318,search.page_view.cannot_or_fail,行程玩法界面的搜索自由行套餐点击无反应,primary_clue,19,19,行程玩法界面的搜索自由行套餐点击无反应,1,
10010000003942,苹果手机用模拟器不能发中文，只能发英文,苹果手机用模拟器不能发中文，只能发英文,,Other,other,other,cannot_send,other.other.cannot_send,N,High,1,途牛,途牛,10010000003942,other.other.cannot_send,苹果手机用模拟器不能发中文，只能发英文,primary_clue,19,18,苹果手机用模拟器不能发中文 只能发英文,1,
10010000004928,关注界面中，点击不能进入关注人主界面。,关注界面中，点击不能进入关注人主界面。,,UI/Display,other,page_view,cannot_or_fail,other.page_view.cannot_or_fail,N,Medium,1,途牛,途牛,10010000004928,other.page_view.cannot_or_fail,关注界面中，点击不能进入关注人主界面。,primary_clue,19,17,关注界面中 点击不能进入关注人主界面,1,
10010000003575,在群聊页面没有建立群聊或加入群聊的功能,在群聊页面没有建立群聊或加入群聊的功能,,Functional-Social,groupchat,page_view,other,groupchat.page_view.other,N,High,1,途牛,途牛,10010000003575,groupchat.page_view.other,在群聊页面没有建立群聊或加入群聊的功能,primary_clue,19,19,在群聊页面没有建立群聊或加入群聊的功能,1,
10010000003652,登录界面，连击登录键，验证码加载不出来,登录界面，连击登录键，验证码加载不出来,,Network/Loading,login,page_view,load_fail,login.page_view.load_fail,N,High,1,途牛,途牛,10010000003652,login.page_view.load_fail,登录界面，连击登录键，验证码加载不出来,primary_clue,19,17,登录界面 连击登录键 验证码加载不出来,1,
10010000003707,无法添加好友，只能添加系统推荐的陌生人,无法添加好友，只能添加系统推荐的陌生人,,Functional-Social,other,chat,cannot_or_fail,other.chat.cannot_or_fail,N,High,1,途牛,途牛,10010000003707,other.chat.cannot_or_fail,无法添加好友，只能添加系统推荐的陌生人,primary_clue,19,18,无法添加好友 只能添加系统推荐的陌生人,1,
10010000003525,聊天页面输入框所允许输入的内容范围过大,聊天页面输入框所允许输入的内容范围过大,,Functional-Social,message_send,input_box,other,message_send.input_box.other,N,High,1,途牛,途牛,10010000003525,message_send.input_box.other,聊天页面输入框所允许输入的内容范围过大,primary_clue,19,19,聊天页面输入框所允许输入的内容范围过大,1,
10010000006862,好友之间不能相互推荐，没有推荐好友功能,好友之间不能相互推荐，没有推荐好友功能,,Functional-Social,other,chat,cannot_or_fail,other.chat.cannot_or_fail,N,High,1,途牛,途牛,10010000006862,other.chat.cannot_or_fail,好友之间不能相互推荐，没有推荐好友功能,primary_clue,19,18,好友之间不能相互推荐 没有推荐好友功能,1,
10010000004818,联系人列表不能提现出用户的好友是否在线,联系人列表不能提现出用户的好友是否在线,,Functional-Social,other,list_item,cannot_or_fail,other.list_item.cannot_or_fail,N,High,1,途牛,途牛,10010000004818,other.list_item.cannot_or_fail,联系人列表不能提现出用户的好友是否在线,primary_clue,19,19,联系人列表不能提现出用户的好友是否在线,1,
10010000004063,评论他人的帖子时输入框被挡住上半部分。,评论他人的帖子时输入框被挡住上半部分。,,Input/Validation,comment,input_box,other,comment.input_box.other,N,High,1,途牛,途牛,10010000004063,comment.input_box.other,评论他人的帖子时输入框被挡住上半部分。,primary_clue,19,18,评论他人的帖子时输入框被挡住上半部分,1,
10010000004561,不能通过添加好友发起群聊，无法添加好友,不能通过添加好友发起群聊，无法添加好友,,Functional-Social,groupchat,chat,cannot_or_fail,groupchat.chat.cannot_or_fail,N,High,1,途牛,途牛,10010000004561,groupchat.chat.cannot_or_fail,不能通过添加好友发起群聊，无法添加好友,primary_clue,19,18,不能通过添加好友发起群聊 无法添加好友,1,
10010000005244,当发送大量文字时，输入状态被错误显示。,当发送大量文字时，输入状态被错误显示。,,Functional-Social,message_send,other,wrong_value,message_send.other.wrong_value,N,High,1,途牛,途牛,10010000005244,message_send.other.wrong_value,当发送大量文字时，输入状态被错误显示。,primary_clue,19,17,当发送大量文字时 输入状态被错误显示,1,
10010000005144,"手机截屏后无法分享到朋友圈,QQ或微博","手机截屏后无法分享到朋友圈,QQ或微博",,Functional-Share,share,share_panel,cannot_share,share.share_panel.cannot_share,N,High,1,途牛,途牛,10010000005144,share.share_panel.cannot_share,"手机截屏后无法分享到朋友圈,QQ或微博",primary_clue,19,18,手机截屏后无法分享到朋友圈 qq或微博,1,
10010000005418,开启消息提醒的状态下，有时提醒有延迟。,开启消息提醒的状态下，有时提醒有延迟。,,Performance/Freeze,message_send,chat,freeze,message_send.chat.freeze,N,High,1,途牛,途牛,10010000005418,message_send.chat.freeze,开启消息提醒的状态下，有时提醒有延迟。,primary_clue,19,17,开启消息提醒的状态下 有时提醒有延迟,1,
10010000005472,评论帖子的时候，输入的表情无法正常显示,评论帖子的时候，输入的表情无法正常显示,,Functional-Social,comment,list_item,cannot_or_fail,comment.list_item.cannot_or_fail,N,High,1,途牛,途牛,10010000005472,comment.list_item.cannot_or_fail,评论帖子的时候，输入的表情无法正常显示,primary_clue,19,18,评论帖子的时候 输入的表情无法正常显示,1,
10010000006172,分享只能分享到微博，其余功能无法使用。,分享只能分享到微博，其余功能无法使用。,,Functional-Share,share,share_panel,cannot_or_fail,share.share_panel.cannot_or_fail,N,High,1,途牛,途牛,10010000006172,share.share_panel.cannot_or_fail,分享只能分享到微博，其余功能无法使用。,primary_clue,19,17,分享只能分享到微博 其余功能无法使用,1,
10010000005706,联系人页面没有添加或者查找联系人的功能,联系人页面没有添加或者查找联系人的功能,,Functional-Search,search,page_view,other,search.page_view.other,N,High,1,途牛,途牛,10010000005706,search.page_view.other,联系人页面没有添加或者查找联系人的功能,primary_clue,19,19,联系人页面没有添加或者查找联系人的功能,1,
10010000006528,在聊天设置中有时不显示“屏蔽消息”按钮,在聊天设置中有时不显示“屏蔽消息”按钮,,Functional-Social,message_send,button_icon,display_missing,message_send.button_icon.display_missing,N,High,1,途牛,途牛,10010000006528,message_send.button_icon.display_missing,在聊天设置中有时不显示“屏蔽消息”按钮,primary_clue,19,17,在聊天设置中有时不显示 屏蔽消息 按钮,1,
10010000005865,不能给好友添加备注，这样，不能区分好友,不能给好友添加备注，这样，不能区分好友,,Functional-Social,other,chat,cannot_or_fail,other.chat.cannot_or_fail,N,High,1,途牛,途牛,10010000005865,other.chat.cannot_or_fail,不能给好友添加备注，这样，不能区分好友,primary_clue,19,17,不能给好友添加备注 这样 不能区分好友,1,
10010000007007,具体的目的地搜索 高密 无法搜索到结果,具体的目的地搜索 高密 无法搜索到结果,,Functional-Search,search,other,cannot_or_fail,search.other.cannot_or_fail,N,High,1,途牛,途牛,10010000007007,search.other.cannot_or_fail,具体的目的地搜索 高密 无法搜索到结果,primary_clue,19,17,具体的目的地搜索 高密 无法搜索到结果,1,
10010000007061,点击分享到微信、朋友圈、QQ均无响应。,点击分享到微信、朋友圈、QQ均无响应。,,Performance/Freeze,share,share_panel,freeze,share.share_panel.freeze,N,High,1,途牛,途牛,10010000007061,share.share_panel.freeze,点击分享到微信、朋友圈、QQ均无响应。,primary_clue,19,16,点击分享到微信 朋友圈 qq均无响应,1,
10010000002179,手机gps已打开，但软件仍无法获取位置。,手机gps已打开，但软件仍无法获取位置。,,Functional-Tracking,gps_track,gps,cannot_or_fail,gps_track.gps.cannot_or_fail,N,High,1,途牛,途牛,10010000002179,gps_track.gps.cannot_or_fail,手机gps已打开，但软件仍无法获取位置。,primary_clue,20,18,手机gps已打开 但软件仍无法获取位置,1,
10010000002314,微博，QQ无法登录，微信登录点击无响应。,微博，QQ无法登录，微信登录点击无响应。,,Performance/Freeze,login,share_panel,freeze,login.share_panel.freeze,N,High,1,途牛,途牛,10010000002314,login.share_panel.freeze,微博，QQ无法登录，微信登录点击无响应。,primary_clue,20,17,微博 qq无法登录 微信登录点击无响应,1,
10010000002660,在私聊路径模块，找不到添加联系人的按钮！,在私聊路径模块，找不到添加联系人的按钮！,,Functional-Social,private_chat,button_icon,other,private_chat.button_icon.other,N,High,1,途牛,途牛,10010000002660,private_chat.button_icon.other,在私聊路径模块，找不到添加联系人的按钮！,primary_clue,20,18,在私聊路径模块 找不到添加联系人的按钮,1,
10010000002467,当使用分享按钮时，分享到QQ的按钮无反应,当使用分享按钮时，分享到QQ的按钮无反应,,Functional-Share,share,button_icon,cannot_or_fail,share.button_icon.cannot_or_fail,N,High,1,途牛,途牛,10010000002467,share.button_icon.cannot_or_fail,当使用分享按钮时，分享到QQ的按钮无反应,primary_clue,20,19,当使用分享按钮时 分享到qq的按钮无反应,1,
10010000002814,无法直接通过ID或者昵称寻找好友进行添加,无法直接通过ID或者昵称寻找好友进行添加,,Functional-Social,other,chat,cannot_or_fail,other.chat.cannot_or_fail,N,High,1,途牛,途牛,10010000002814,other.chat.cannot_or_fail,无法直接通过ID或者昵称寻找好友进行添加,primary_clue,20,20,无法直接通过id或者昵称寻找好友进行添加,1,
10010000004587,聊天界面不能删除聊天。聊天不能设置置顶。,聊天界面不能删除聊天。聊天不能设置置顶。,,Functional-Social,message_send,page_view,cannot_delete,message_send.page_view.cannot_delete,N,High,1,途牛,途牛,10010000004587,message_send.page_view.cannot_delete,聊天界面不能删除聊天。聊天不能设置置顶。,primary_clue,20,18,聊天界面不能删除聊天 聊天不能设置置顶,1,
10010000004288,语音消息最长是60s，但是对用户没有提示,语音消息最长是60s，但是对用户没有提示,,Functional-Social,message_send,chat,no_prompt,message_send.chat.no_prompt,N,High,1,途牛,途牛,10010000004288,message_send.chat.no_prompt,语音消息最长是60s，但是对用户没有提示,primary_clue,20,19,语音消息最长是60s 但是对用户没有提示,1,
10010000002615,"向私聊文本框中出入长文本,发生严重卡顿。","向私聊文本框中出入长文本,发生严重卡顿。",,Performance/Freeze,private_chat,input_box,freeze,private_chat.input_box.freeze,N,High,1,途牛,途牛,10010000002615,private_chat.input_box.freeze,"向私聊文本框中出入长文本,发生严重卡顿。",primary_clue,20,18,向私聊文本框中出入长文本 发生严重卡顿,1,
10010000005202,使用天天模拟器无法进入他人主页面，会闪退,使用天天模拟器无法进入他人主页面，会闪退,,Crash,other,page_view,crash,other.page_view.crash,N,High,1,途牛,途牛,10010000005202,other.page_view.crash,使用天天模拟器无法进入他人主页面，会闪退,primary_clue,20,19,使用天天模拟器无法进入他人主页面 会闪退,1,
10010000003009,在登录界面时，用户账号没有具体的长度限制,在登录界面时，用户账号没有具体的长度限制,,Functional-Account,login,page_view,other,login.page_view.other,N,High,1,途牛,途牛,10010000003009,login.page_view.other,在登录界面时，用户账号没有具体的长度限制,primary_clue,20,19,在登录界面时 用户账号没有具体的长度限制,1,
10010000003036,私聊界面已经发送的历史图片有时显示不出来,私聊界面已经发送的历史图片有时显示不出来,,Functional-Social,private_chat,page_view,display_missing,private_chat.page_view.display_missing,N,High,1,途牛,途牛,10010000003036,private_chat.page_view.display_missing,私聊界面已经发送的历史图片有时显示不出来,primary_clue,20,20,私聊界面已经发送的历史图片有时显示不出来,1,
10010000003166,私聊发送图片  选择图片时图片显示不出来,私聊发送图片 选择图片时图片显示不出来,,Functional-Social,private_chat,image_banner,display_missing,private_chat.image_banner.display_missing,N,High,1,途牛,途牛,10010000003166,private_chat.image_banner.display_missing,私聊发送图片 选择图片时图片显示不出来,primary_clue,19,18,私聊发送图片 选择图片时图片显示不出来,1,
10010000003160,第三方帐号不能登录，第三方微信不能点击！,第三方帐号不能登录，第三方微信不能点击！,,Functional-Account,login,other,cannot_or_fail,login.other.cannot_or_fail,N,High,1,途牛,途牛,10010000003160,login.other.cannot_or_fail,第三方帐号不能登录，第三方微信不能点击！,primary_clue,20,18,第三方帐号不能登录 第三方微信不能点击,1,
10010000003077,在私聊功能中打开拍照功能是出现闪退的情况,在私聊功能中打开拍照功能是出现闪退的情况,,Crash,private_chat,chat,crash,private_chat.chat.crash,N,High,1,途牛,途牛,10010000003077,private_chat.chat.crash,在私聊功能中打开拍照功能是出现闪退的情况,primary_clue,20,20,在私聊功能中打开拍照功能是出现闪退的情况,1,
10010000004489,"无法寻找用户,无法与指定联系人添加好友!","无法寻找用户,无法与指定联系人添加好友!",,Functional-Social,other,chat,cannot_or_fail,other.chat.cannot_or_fail,N,High,1,途牛,途牛,10010000004489,other.chat.cannot_or_fail,"无法寻找用户,无法与指定联系人添加好友!",primary_clue,20,18,无法寻找用户 无法与指定联系人添加好友,1,
10010000006878,地图中的景点选项，点击出现闪退到首页现象,地图中的景点选项，点击出现闪退到首页现象,,Crash,other,page_view,crash,other.page_view.crash,N,High,1,途牛,途牛,10010000006878,other.page_view.crash,地图中的景点选项，点击出现闪退到首页现象,primary_clue,20,19,地图中的景点选项 点击出现闪退到首页现象,1,
10010000005508,在登录时若以第三方平台登录则一直出现错误,在登录时若以第三方平台登录则一直出现错误,,Functional-Account,login,other,wrong_value,login.other.wrong_value,N,High,1,途牛,途牛,10010000005508,login.other.wrong_value,在登录时若以第三方平台登录则一直出现错误,primary_clue,20,20,在登录时若以第三方平台登录则一直出现错误,1,
10010000004866,用户交互性·太差·，用户无法进行好友添加,用户交互性·太差·，用户无法进行好友添加,,Functional-Social,other,chat,cannot_or_fail,other.chat.cannot_or_fail,N,High,1,途牛,途牛,10010000004866,other.chat.cannot_or_fail,用户交互性·太差·，用户无法进行好友添加,primary_clue,20,17,用户交互性 太差 用户无法进行好友添加,1,
10010000004684,添加好友功能复杂，不知道如何搜索添加好友,添加好友功能复杂，不知道如何搜索添加好友,,Functional-Search,search,chat,other,search.chat.other,N,High,1,途牛,途牛,10010000004684,search.chat.other,添加好友功能复杂，不知道如何搜索添加好友,primary_clue,20,19,添加好友功能复杂 不知道如何搜索添加好友,1,
10010000005615,无法发送动态图或者动态图显示是为静态图。,无法发送动态图或者动态图显示是为静态图。,,Other,message_send,other,cannot_or_fail,message_send.other.cannot_or_fail,N,Medium,1,途牛,途牛,10010000005615,message_send.other.cannot_or_fail,无法发送动态图或者动态图显示是为静态图。,primary_clue,20,19,无法发送动态图或者动态图显示是为静态图,1,
10010000005623,某些敏感词汇、政要名称可被在设置成昵称。,某些敏感词汇、政要名称可被在设置成昵称。,,Other,settings,page_view,other,settings.page_view.other,N,Medium,1,途牛,途牛,10010000005623,settings.page_view.other,某些敏感词汇、政要名称可被在设置成昵称。,primary_clue,20,18,某些敏感词汇 政要名称可被在设置成昵称,1,
10010000005033,无法设置图片保存位置，只能保存到默认位置,无法设置图片保存位置，只能保存到默认位置,,UI/Display,settings,page_view,cannot_or_fail,settings.page_view.cannot_or_fail,N,Medium,1,途牛,途牛,10010000005033,settings.page_view.cannot_or_fail,无法设置图片保存位置，只能保存到默认位置,primary_clue,20,19,无法设置图片保存位置 只能保存到默认位置,1,
10010000005040,触屏，滑动页面，页面内容重叠，布局错乱。,触屏，滑动页面，页面内容重叠，布局错乱。,,UI/Display,other,page_view,layout_issue,other.page_view.layout_issue,N,High,1,途牛,途牛,10010000005040,other.page_view.layout_issue,触屏，滑动页面，页面内容重叠，布局错乱。,primary_clue,20,16,触屏 滑动页面 页面内容重叠 布局错乱,1,
10010000005403,没有通过账号搜索添加联系人进行私聊的功能,没有通过账号搜索添加联系人进行私聊的功能,,Functional-Account,search,chat,other,search.chat.other,N,High,1,途牛,途牛,10010000005403,search.chat.other,没有通过账号搜索添加联系人进行私聊的功能,primary_clue,20,20,没有通过账号搜索添加联系人进行私聊的功能,1,
10010000005904,手机上方私聊提示窗口点击无法进入私聊界面,手机上方私聊提示窗口点击无法进入私聊界面,,Network/Loading,private_chat,page_view,load_fail,private_chat.page_view.load_fail,N,High,1,途牛,途牛,10010000005904,private_chat.page_view.load_fail,手机上方私聊提示窗口点击无法进入私聊界面,primary_clue,20,20,手机上方私聊提示窗口点击无法进入私聊界面,1,
10010000006667,在私聊中 不能使用其他的url地址的图片,在私聊中 不能使用其他的url地址的图片,,Functional-Social,private_chat,image_banner,cannot_or_fail,private_chat.image_banner.cannot_or_fail,N,High,1,途牛,途牛,10010000006667,private_chat.image_banner.cannot_or_fail,在私聊中 不能使用其他的url地址的图片,primary_clue,20,19,在私聊中 不能使用其他的url地址的图片,1,
10010000006146,头像，在使用相册图片时无法保存到截图头像,头像，在使用相册图片时无法保存到截图头像,,UI/Display,other,image_banner,cannot_or_fail,other.image_banner.cannot_or_fail,N,Medium,1,途牛,途牛,10010000006146,other.image_banner.cannot_or_fail,头像，在使用相册图片时无法保存到截图头像,primary_clue,20,19,头像 在使用相册图片时无法保存到截图头像,1,
10010000006815,聊天界面的文字发送按钮太小，易点击错误。,聊天界面的文字发送按钮太小，易点击错误。,,Functional-Social,message_send,button_icon,wrong_value,message_send.button_icon.wrong_value,N,High,1,途牛,途牛,10010000006815,message_send.button_icon.wrong_value,聊天界面的文字发送按钮太小，易点击错误。,primary_clue,20,18,聊天界面的文字发送按钮太小 易点击错误,1,
10010000006272,发起私聊需要用户登录，qq等登录授权失败,发起私聊需要用户登录，qq等登录授权失败,,Functional-Account,login,chat,permission,login.chat.permission,N,High,1,途牛,途牛,10010000006272,login.chat.permission,发起私聊需要用户登录，qq等登录授权失败,primary_clue,20,19,发起私聊需要用户登录 qq等登录授权失败,1,
10010000007115,发帖子时不能进行自动定位。能够定位更好。,发帖子时不能进行自动定位。能够定位更好。,,Functional-Tracking,gps_track,list_item,cannot_or_fail,gps_track.list_item.cannot_or_fail,N,High,1,途牛,途牛,10010000007115,gps_track.list_item.cannot_or_fail,发帖子时不能进行自动定位。能够定位更好。,primary_clue,20,18,发帖子时不能进行自动定位 能够定位更好,1,
10010000007205,当输入文本过多，再次输入，聊天会变得卡顿,当输入文本过多，再次输入，聊天会变得卡顿,,Performance/Freeze,message_send,chat,freeze,message_send.chat.freeze,N,High,1,途牛,途牛,10010000007205,message_send.chat.freeze,当输入文本过多，再次输入，聊天会变得卡顿,primary_clue,20,18,当输入文本过多 再次输入 聊天会变得卡顿,1,
10010000000825,个人资料设置中设置头像时无法获取本地照片！,个人资料设置中设置头像时无法获取本地照片！,,Other,settings,page_view,cannot_or_fail,settings.page_view.cannot_or_fail,N,Medium,1,途牛,途牛,10010000000825,settings.page_view.cannot_or_fail,个人资料设置中设置头像时无法获取本地照片！,primary_clue,21,20,个人资料设置中设置头像时无法获取本地照片,1,
10010000002024,套餐的价格加入购物车之后就不一样了，变贵了,套餐的价格加入购物车之后就不一样了，变贵了,,Functional-Commerce,other,commerce,other,other.commerce.other,N,High,1,途牛,途牛,10010000002024,other.commerce.other,套餐的价格加入购物车之后就不一样了，变贵了,primary_clue,21,20,套餐的价格加入购物车之后就不一样了 变贵了,1,
10010000002979,只能通过发现做到搜索好友并关注，社交功能弱,只能通过发现做到搜索好友并关注，社交功能弱,,Functional-Search,search,chat,other,search.chat.other,N,High,1,途牛,途牛,10010000002979,search.chat.other,只能通过发现做到搜索好友并关注，社交功能弱,primary_clue,21,20,只能通过发现做到搜索好友并关注 社交功能弱,1,
10010000005092,当自己和某一人聊天时，另外有人找时没有提示,当自己和某一人聊天时，另外有人找时没有提示,,Functional-Social,message_send,chat,no_prompt,message_send.chat.no_prompt,N,High,1,途牛,途牛,10010000005092,message_send.chat.no_prompt,当自己和某一人聊天时，另外有人找时没有提示,primary_clue,21,20,当自己和某一人聊天时 另外有人找时没有提示,1,
10010000003175,在选择图片时，出现卡顿现象，之后出现闪退。,在选择图片时，出现卡顿现象，之后出现闪退。,,Crash,other,image_banner,crash,other.image_banner.crash,N,High,1,途牛,途牛,10010000003175,other.image_banner.crash,在选择图片时，出现卡顿现象，之后出现闪退。,primary_clue,21,18,在选择图片时 出现卡顿现象 之后出现闪退,1,
10010000005184,对好友进行屏蔽后，聊天窗口内没有提示消息。,对好友进行屏蔽后，聊天窗口内没有提示消息。,,Functional-Social,message_send,chat,no_prompt,message_send.chat.no_prompt,N,High,1,途牛,途牛,10010000005184,message_send.chat.no_prompt,对好友进行屏蔽后，聊天窗口内没有提示消息。,primary_clue,21,19,对好友进行屏蔽后 聊天窗口内没有提示消息,1,
10010000004741,用户已更改账号名称，聊天显示未更新为最新。,用户已更改账号名称，聊天显示未更新为最新。,,Functional-Account,message_send,chat,wrong_value,message_send.chat.wrong_value,N,High,1,途牛,途牛,10010000004741,message_send.chat.wrong_value,用户已更改账号名称，聊天显示未更新为最新。,primary_clue,21,19,用户已更改账号名称 聊天显示未更新为最新,1,
10010000002612,聊天界面下方输入框过于窄小，不易触摸输入。,聊天界面下方输入框过于窄小，不易触摸输入。,,Functional-Social,message_send,input_box,other,message_send.input_box.other,N,High,1,途牛,途牛,10010000002612,message_send.input_box.other,聊天界面下方输入框过于窄小，不易触摸输入。,primary_clue,21,19,聊天界面下方输入框过于窄小 不易触摸输入,1,
10010000003094,在手机定位工作正常的情况下，无法获取定位。,在手机定位工作正常的情况下，无法获取定位。,,Functional-Tracking,gps_track,gps,cannot_or_fail,gps_track.gps.cannot_or_fail,N,High,1,途牛,途牛,10010000003094,gps_track.gps.cannot_or_fail,在手机定位工作正常的情况下，无法获取定位。,primary_clue,21,19,在手机定位工作正常的情况下 无法获取定位,1,
10010000002599,用户提交订单后不能取消订单，订单会一直在。,用户提交订单后不能取消订单，订单会一直在。,,Functional-Commerce,shopping,commerce,cannot_or_fail,shopping.commerce.cannot_or_fail,N,High,1,途牛,途牛,10010000002599,shopping.commerce.cannot_or_fail,用户提交订单后不能取消订单，订单会一直在。,primary_clue,21,19,用户提交订单后不能取消订单 订单会一直在,1,
10010000002730,a和b同时发给我一个语音，结果收到都是a的,a和b同时发给我一个语音，结果收到都是a的,,Functional-Media,playback,audio,wrong_value,playback.audio.wrong_value,N,High,1,途牛,途牛,10010000002730,playback.audio.wrong_value,a和b同时发给我一个语音，结果收到都是a的,primary_clue,21,20,a和b同时发给我一个语音 结果收到都是a的,1,
10010000004936,语音信息对方有时无法收到或被替换为其他内容,语音信息对方有时无法收到或被替换为其他内容,,Functional-Media,playback,audio,cannot_or_fail,playback.audio.cannot_or_fail,N,High,1,途牛,途牛,10010000004936,playback.audio.cannot_or_fail,语音信息对方有时无法收到或被替换为其他内容,primary_clue,21,21,语音信息对方有时无法收到或被替换为其他内容,1,
10010000003129,用户登陆，第三方软件登录失败，QQ登陆报错,用户登陆，第三方软件登录失败，QQ登陆报错,,Functional-Account,login,other,cannot_or_fail,login.other.cannot_or_fail,N,High,1,途牛,途牛,10010000003129,login.other.cannot_or_fail,用户登陆，第三方软件登录失败，QQ登陆报错,primary_clue,21,19,用户登陆 第三方软件登录失败 qq登陆报错,1,
10010000003359,QQ ，微信 ，新浪微博也不能第三方登录。,QQ ，微信 ，新浪微博也不能第三方登录。,,Functional-Account,login,share_panel,cannot_or_fail,login.share_panel.cannot_or_fail,N,High,1,途牛,途牛,10010000003359,login.share_panel.cannot_or_fail,QQ ，微信 ，新浪微博也不能第三方登录。,primary_clue,21,16,qq 微信 新浪微博也不能第三方登录,1,
10010000004726,"自定义表情无法正常显示png,gif图片。","自定义表情无法正常显示png,gif图片。",,Functional-Social,other,image_banner,cannot_or_fail,other.image_banner.cannot_or_fail,N,High,1,途牛,途牛,10010000004726,other.image_banner.cannot_or_fail,"自定义表情无法正常显示png,gif图片。",primary_clue,21,19,自定义表情无法正常显示png gif图片,1,
10010000003349,分享功能无法调用微信分享给微信好友或朋友圈,分享功能无法调用微信分享给微信好友或朋友圈,,Functional-Share,share,chat,cannot_or_fail,share.chat.cannot_or_fail,N,High,1,途牛,途牛,10010000003349,share.chat.cannot_or_fail,分享功能无法调用微信分享给微信好友或朋友圈,primary_clue,21,21,分享功能无法调用微信分享给微信好友或朋友圈,1,
10010000003071,给对方发送消息后不显示未读或者已读的提示。,给对方发送消息后不显示未读或者已读的提示。,,Functional-Social,message_send,chat,display_missing,message_send.chat.display_missing,N,High,1,途牛,途牛,10010000003071,message_send.chat.display_missing,给对方发送消息后不显示未读或者已读的提示。,primary_clue,21,20,给对方发送消息后不显示未读或者已读的提示,1,
10010000004679,语音通话请求对方无法收到。好友并没有收到。,语音通话请求对方无法收到。好友并没有收到。,,Functional-Social,playback,chat,cannot_or_fail,playback.chat.cannot_or_fail,N,High,1,途牛,途牛,10010000004679,playback.chat.cannot_or_fail,语音通话请求对方无法收到。好友并没有收到。,primary_clue,21,19,语音通话请求对方无法收到 好友并没有收到,1,
10010000004613,私聊发送图片后长按图片弹出的取消按钮没反应,私聊发送图片后长按图片弹出的取消按钮没反应,,Functional-Social,private_chat,button_icon,other,private_chat.button_icon.other,N,High,1,途牛,途牛,10010000004613,private_chat.button_icon.other,私聊发送图片后长按图片弹出的取消按钮没反应,primary_clue,21,21,私聊发送图片后长按图片弹出的取消按钮没反应,1,
10010000004580,无法发送你所在地方的定位还有一些其他的功能,无法发送你所在地方的定位还有一些其他的功能,,Functional-Tracking,message_send,gps,cannot_or_fail,message_send.gps.cannot_or_fail,N,High,1,途牛,途牛,10010000004580,message_send.gps.cannot_or_fail,无法发送你所在地方的定位还有一些其他的功能,primary_clue,21,21,无法发送你所在地方的定位还有一些其他的功能,1,
10010000004307,评论他人的帖子，编辑文字时，文字只出现半行,评论他人的帖子，编辑文字时，文字只出现半行,,Other,comment,list_item,other,comment.list_item.other,N,Medium,1,途牛,途牛,10010000004307,comment.list_item.other,评论他人的帖子，编辑文字时，文字只出现半行,primary_clue,21,19,评论他人的帖子 编辑文字时 文字只出现半行,1,
10010000003755,没有可以通过搜索来进行添加用户的功能模块。,没有可以通过搜索来进行添加用户的功能模块。,,Functional-Search,search,page_view,other,search.page_view.other,N,High,1,途牛,途牛,10010000003755,search.page_view.other,没有可以通过搜索来进行添加用户的功能模块。,primary_clue,21,20,没有可以通过搜索来进行添加用户的功能模块,1,
10010000003595,首次接收图片无法加载，第二次才能正常接收。,首次接收图片无法加载，第二次才能正常接收。,,Network/Loading,other,image_banner,load_fail,other.image_banner.load_fail,N,High,1,途牛,途牛,10010000003595,other.image_banner.load_fail,首次接收图片无法加载，第二次才能正常接收。,primary_clue,21,19,首次接收图片无法加载 第二次才能正常接收,1,
10010000003614,当用户私聊时发送信息数字量过大时会导致卡顿,当用户私聊时发送信息数字量过大时会导致卡顿,,Performance/Freeze,private_chat,chat,freeze,private_chat.chat.freeze,N,High,1,途牛,途牛,10010000003614,private_chat.chat.freeze,当用户私聊时发送信息数字量过大时会导致卡顿,primary_clue,21,21,当用户私聊时发送信息数字量过大时会导致卡顿,1,
10010000005109,不提供QQ，微信或者微博等第三方登录的功能,不提供QQ，微信或者微博等第三方登录的功能,,Functional-Account,login,share_panel,other,login.share_panel.other,N,High,1,途牛,途牛,10010000005109,login.share_panel.other,不提供QQ，微信或者微博等第三方登录的功能,primary_clue,21,20,不提供qq 微信或者微博等第三方登录的功能,1,
10010000004879,私聊设置。好友把我屏蔽解除后仍不能发消息。,私聊设置。好友把我屏蔽解除后仍不能发消息。,,Functional-Social,private_chat,page_view,cannot_send,private_chat.page_view.cannot_send,N,High,1,途牛,途牛,10010000004879,private_chat.page_view.cannot_send,私聊设置。好友把我屏蔽解除后仍不能发消息。,primary_clue,21,19,私聊设置 好友把我屏蔽解除后仍不能发消息,1,
10010000003976,一旦消息过多，用户不方便对某些消息的查找。,一旦消息过多，用户不方便对某些消息的查找。,,Functional-Search,search,chat,other,search.chat.other,N,High,1,途牛,途牛,10010000003976,search.chat.other,一旦消息过多，用户不方便对某些消息的查找。,primary_clue,21,19,一旦消息过多 用户不方便对某些消息的查找,1,
10010000004246,当从联系人中与用户私聊时，不显示该用户头像,当从联系人中与用户私聊时，不显示该用户头像,,Functional-Social,private_chat,chat,display_missing,private_chat.chat.display_missing,N,High,1,途牛,途牛,10010000004246,private_chat.chat.display_missing,当从联系人中与用户私聊时，不显示该用户头像,primary_clue,21,20,当从联系人中与用户私聊时 不显示该用户头像,1,
10010000004795,屏蔽方收不到信息，被屏蔽方未显示已被屏蔽。,屏蔽方收不到信息，被屏蔽方未显示已被屏蔽。,,Functional-Social,notification,other,cannot_or_fail,notification.other.cannot_or_fail,N,High,1,途牛,途牛,10010000004795,notification.other.cannot_or_fail,屏蔽方收不到信息，被屏蔽方未显示已被屏蔽。,primary_clue,21,19,屏蔽方收不到信息 被屏蔽方未显示已被屏蔽,1,
10010000004933,录音时间最长只有60秒，有时满足不了需求。,录音时间最长只有60秒，有时满足不了需求。,,Functional-Media,playback,step,other,playback.step.other,N,High,1,途牛,途牛,10010000004933,playback.step.other,录音时间最长只有60秒，有时满足不了需求。,primary_clue,21,19,录音时间最长只有60秒 有时满足不了需求,1,
10010000004759,无法设置联系人备注，联系人改昵称后难以辨认,无法设置联系人备注，联系人改昵称后难以辨认,,UI/Display,settings,page_view,cannot_or_fail,settings.page_view.cannot_or_fail,N,Medium,1,途牛,途牛,10010000004759,settings.page_view.cannot_or_fail,无法设置联系人备注，联系人改昵称后难以辨认,primary_clue,21,20,无法设置联系人备注 联系人改昵称后难以辨认,1,
10010000006702,私聊中删除聊天记录，但是在对方的记录中还在,私聊中删除聊天记录，但是在对方的记录中还在,,Functional-Social,private_chat,list_item,wrong_value,private_chat.list_item.wrong_value,N,High,1,途牛,途牛,10010000006702,private_chat.list_item.wrong_value,私聊中删除聊天记录，但是在对方的记录中还在,primary_clue,21,20,私聊中删除聊天记录 但是在对方的记录中还在,1,
10010000005829,最近联系人排序不规范，不符合用户使用习惯。,最近联系人排序不规范，不符合用户使用习惯。,,Other,sort,other,other,sort.other.other,N,Medium,1,途牛,途牛,10010000005829,sort.other.other,最近联系人排序不规范，不符合用户使用习惯。,primary_clue,21,19,最近联系人排序不规范 不符合用户使用习惯,1,
10010000005977,6.添加购物车1个目标，购物车出现了3个。,添加购物车1个目标，购物车出现了3个。,,Other,settings,other,other,settings.other.other,N,Medium,1,途牛,途牛,10010000005977,settings.other.other,添加购物车1个目标，购物车出现了3个。,primary_clue,19,17,添加购物车1个目标 购物车出现了3个,1,
10010000006394,在对话列表里不能点击个人头像进入个人主页。,在对话列表里不能点击个人头像进入个人主页。,,Other,other,list_item,cannot_or_fail,other.list_item.cannot_or_fail,N,Medium,1,途牛,途牛,10010000006394,other.list_item.cannot_or_fail,在对话列表里不能点击个人头像进入个人主页。,primary_clue,21,20,在对话列表里不能点击个人头像进入个人主页,1,
10010000006417,点击微信登录图标按钮无反应，不支持微信登录,点击微信登录图标按钮无反应，不支持微信登录,,Functional-Account,login,button_icon,cannot_or_fail,login.button_icon.cannot_or_fail,N,High,1,途牛,途牛,10010000006417,login.button_icon.cannot_or_fail,点击微信登录图标按钮无反应，不支持微信登录,primary_clue,21,20,点击微信登录图标按钮无反应 不支持微信登录,1,
10010000006416,好友页面显示对方名字，到私聊页面就不显示了,好友页面显示对方名字，到私聊页面就不显示了,,Functional-Social,private_chat,page_view,display_missing,private_chat.page_view.display_missing,N,High,1,途牛,途牛,10010000006416,private_chat.page_view.display_missing,好友页面显示对方名字，到私聊页面就不显示了,primary_clue,21,20,好友页面显示对方名字 到私聊页面就不显示了,1,
10010000006991,首页信息量过大，用户首先要关心的信息不明确,首页信息量过大，用户首先要关心的信息不明确,,Other,other,page_view,wrong_value,other.page_view.wrong_value,N,High,1,途牛,途牛,10010000006991,other.page_view.wrong_value,首页信息量过大，用户首先要关心的信息不明确,primary_clue,21,20,首页信息量过大 用户首先要关心的信息不明确,1,
10010000007166,当发送图片时，不能发送，发送的图片也看不到,当发送图片时，不能发送，发送的图片也看不到,,UI/Display,message_send,image_banner,cannot_send,message_send.image_banner.cannot_send,N,High,1,途牛,途牛,10010000007166,message_send.image_banner.cannot_send,当发送图片时，不能发送，发送的图片也看不到,primary_clue,21,19,当发送图片时 不能发送 发送的图片也看不到,1,
10010000002734,私聊界面发送图片时，选择图片时，图片无法预览,私聊界面发送图片时，选择图片时，图片无法预览,,Functional-Social,private_chat,page_view,cannot_or_fail,private_chat.page_view.cannot_or_fail,N,High,1,途牛,途牛,10010000002734,private_chat.page_view.cannot_or_fail,私聊界面发送图片时，选择图片时，图片无法预览,primary_clue,22,20,私聊界面发送图片时 选择图片时 图片无法预览,1,
10010000007124,聊天文本框的发送按钮与界面的其他按钮不统一！,聊天文本框的发送按钮与界面的其他按钮不统一！,,Functional-Social,message_send,input_box,other,message_send.input_box.other,N,High,1,途牛,途牛,10010000007124,message_send.input_box.other,聊天文本框的发送按钮与界面的其他按钮不统一！,primary_clue,22,21,聊天文本框的发送按钮与界面的其他按钮不统一,1,
10010000004513,未登录时，无法与陌生人私聊，使用手机动态登陆,未登录时，无法与陌生人私聊，使用手机动态登陆,,Functional-Account,login,chat,cannot_or_fail,login.chat.cannot_or_fail,N,High,1,途牛,途牛,10010000004513,login.chat.cannot_or_fail,未登录时，无法与陌生人私聊，使用手机动态登陆,primary_clue,22,20,未登录时 无法与陌生人私聊 使用手机动态登陆,1,
10010000005060,对方更改用户名之后，聊天记录里还是原来的名字,对方更改用户名之后，聊天记录里还是原来的名字,,Functional-Social,message_send,list_item,wrong_value,message_send.list_item.wrong_value,N,High,1,途牛,途牛,10010000005060,message_send.list_item.wrong_value,对方更改用户名之后，聊天记录里还是原来的名字,primary_clue,22,21,对方更改用户名之后 聊天记录里还是原来的名字,1,
10010000002719,"第三方登录(微博)无法获取登录授权,登录失败","第三方登录(微博)无法获取登录授权,登录失败",,Functional-Account,login,share_panel,permission,login.share_panel.permission,N,High,1,途牛,途牛,10010000002719,login.share_panel.permission,"第三方登录(微博)无法获取登录授权,登录失败",primary_clue,22,19,第三方登录 微博 无法获取登录授权 登录失败,1,
10010000005915,"第三方登录(QQ)无法获取登录授权,登录失败","第三方登录(QQ)无法获取登录授权,登录失败",,Functional-Account,login,share_panel,permission,login.share_panel.permission,N,High,1,途牛,途牛,10010000005915,login.share_panel.permission,"第三方登录(QQ)无法获取登录授权,登录失败",primary_clue,22,19,第三方登录 qq 无法获取登录授权 登录失败,1,
10010000005553,无法定位到当前位置    (定位权限已打开),无法定位到当前位置 (定位权限已打开),,Functional-Tracking,gps_track,gps,permission,gps_track.gps.permission,N,High,1,途牛,途牛,10010000005553,gps_track.gps.permission,无法定位到当前位置 (定位权限已打开),primary_clue,19,16,无法定位到当前位置 定位权限已打开,1,
10010000003569,有聊天记录了之后，无法删除聊天列表里面的记录,有聊天记录了之后，无法删除聊天列表里面的记录,,Functional-Social,message_send,list_item,cannot_delete,message_send.list_item.cannot_delete,N,High,1,途牛,途牛,10010000003569,message_send.list_item.cannot_delete,有聊天记录了之后，无法删除聊天列表里面的记录,primary_clue,22,21,有聊天记录了之后 无法删除聊天列表里面的记录,1,
10010000004182,小表情第一页很不协调，一个黑色的表情很不美观,小表情第一页很不协调，一个黑色的表情很不美观,,Functional-Social,other,other,layout_issue,other.other.layout_issue,N,High,1,途牛,途牛,10010000004182,other.other.layout_issue,小表情第一页很不协调，一个黑色的表情很不美观,primary_clue,22,21,小表情第一页很不协调 一个黑色的表情很不美观,1,
10010000006989,在点击非个人用户进行私聊的过程中，应用崩溃。,在点击非个人用户进行私聊的过程中，应用崩溃。,,Crash,private_chat,chat,crash,private_chat.chat.crash,N,High,1,途牛,途牛,10010000006989,private_chat.chat.crash,在点击非个人用户进行私聊的过程中，应用崩溃。,primary_clue,22,20,在点击非个人用户进行私聊的过程中 应用崩溃,1,
10010000004177,用户设置头像成功后，显示的依然是默认的头像。,用户设置头像成功后，显示的依然是默认的头像。,,Other,settings,page_view,other,settings.page_view.other,N,Medium,1,途牛,途牛,10010000004177,settings.page_view.other,用户设置头像成功后，显示的依然是默认的头像。,primary_clue,22,20,用户设置头像成功后 显示的依然是默认的头像,1,
10010000003161,私聊语音发出后长按语音弹出来的取消按钮没实现,私聊语音发出后长按语音弹出来的取消按钮没实现,,Functional-Social,private_chat,button_icon,other,private_chat.button_icon.other,N,High,1,途牛,途牛,10010000003161,private_chat.button_icon.other,私聊语音发出后长按语音弹出来的取消按钮没实现,primary_clue,22,22,私聊语音发出后长按语音弹出来的取消按钮没实现,1,
10010000003340,使用照相机在旋转手机屏幕时，可能会使应用卡死,使用照相机在旋转手机屏幕时，可能会使应用卡死,,Performance/Freeze,other,other,freeze,other.other.freeze,N,High,1,途牛,途牛,10010000003340,other.other.freeze,使用照相机在旋转手机屏幕时，可能会使应用卡死,primary_clue,22,21,使用照相机在旋转手机屏幕时 可能会使应用卡死,1,
10010000003226,私聊语音发出后长按语音弹出来的取消按钮没反应,私聊语音发出后长按语音弹出来的取消按钮没反应,,Functional-Social,private_chat,button_icon,other,private_chat.button_icon.other,N,High,1,途牛,途牛,10010000003226,private_chat.button_icon.other,私聊语音发出后长按语音弹出来的取消按钮没反应,primary_clue,22,22,私聊语音发出后长按语音弹出来的取消按钮没反应,1,
10010000003705,用户修改密码，设置新密码时无密码复杂度提示。,用户修改密码，设置新密码时无密码复杂度提示。,,Functional-Account,settings,page_view,other,settings.page_view.other,N,High,1,途牛,途牛,10010000003705,settings.page_view.other,用户修改密码，设置新密码时无密码复杂度提示。,primary_clue,22,20,用户修改密码 设置新密码时无密码复杂度提示,1,
10010000003553,对话聊天时文字复制不能往右实现，不能向右拖动,对话聊天时文字复制不能往右实现，不能向右拖动,,Functional-Social,message_send,slider,cannot_or_fail,message_send.slider.cannot_or_fail,N,High,1,途牛,途牛,10010000003553,message_send.slider.cannot_or_fail,对话聊天时文字复制不能往右实现，不能向右拖动,primary_clue,22,21,对话聊天时文字复制不能往右实现 不能向右拖动,1,
10010000003925,定位。 发布帖子时，无法定位，无法发布帖子。,定位。 发布帖子时，无法定位，无法发布帖子。,,Functional-Tracking,gps_track,list_item,cannot_or_fail,gps_track.list_item.cannot_or_fail,N,High,1,途牛,途牛,10010000003925,gps_track.list_item.cannot_or_fail,定位。 发布帖子时，无法定位，无法发布帖子。,primary_clue,22,17,定位 发布帖子时 无法定位 无法发布帖子,1,
10010000006832,不能在聊天界面的输入框+号旁下拉获取当前位置,不能在聊天界面的输入框+号旁下拉获取当前位置,,Functional-Social,message_send,input_box,cannot_or_fail,message_send.input_box.cannot_or_fail,N,High,1,途牛,途牛,10010000006832,message_send.input_box.cannot_or_fail,不能在聊天界面的输入框+号旁下拉获取当前位置,primary_clue,22,21,不能在聊天界面的输入框 号旁下拉获取当前位置,1,
10010000003874,给别人私聊时，发现添加的图片列表中，无法删除,给别人私聊时，发现添加的图片列表中，无法删除,,Functional-Social,private_chat,list_item,cannot_delete,private_chat.list_item.cannot_delete,N,High,1,途牛,途牛,10010000003874,private_chat.list_item.cannot_delete,给别人私聊时，发现添加的图片列表中，无法删除,primary_clue,22,20,给别人私聊时 发现添加的图片列表中 无法删除,1,
10010000004415,发送私聊消息时，不能发送超过1分钟的语音消息,发送私聊消息时，不能发送超过1分钟的语音消息,,Functional-Social,private_chat,chat,cannot_send,private_chat.chat.cannot_send,N,High,1,途牛,途牛,10010000004415,private_chat.chat.cannot_send,发送私聊消息时，不能发送超过1分钟的语音消息,primary_clue,22,21,发送私聊消息时 不能发送超过1分钟的语音消息,1,
10010000004050,接收的语音，都是一样的，都为第一次好友的声音,接收的语音，都是一样的，都为第一次好友的声音,,Functional-Social,playback,chat,other,playback.chat.other,N,High,1,途牛,途牛,10010000004050,playback.chat.other,接收的语音，都是一样的，都为第一次好友的声音,primary_clue,22,20,接收的语音 都是一样的 都为第一次好友的声音,1,
10010000004815,自己向好友发送图片，在聊天见界面中加载不出来,自己向好友发送图片，在聊天见界面中加载不出来,,Network/Loading,message_send,page_view,load_fail,message_send.page_view.load_fail,N,High,1,途牛,途牛,10010000004815,message_send.page_view.load_fail,自己向好友发送图片，在聊天见界面中加载不出来,primary_clue,22,21,自己向好友发送图片 在聊天见界面中加载不出来,1,
10010000005506,不能使用第三方软件进行登录，必须注册后才可以,不能使用第三方软件进行登录，必须注册后才可以,,Functional-Account,register,other,cannot_or_fail,register.other.cannot_or_fail,N,High,1,途牛,途牛,10010000005506,register.other.cannot_or_fail,不能使用第三方软件进行登录，必须注册后才可以,primary_clue,22,21,不能使用第三方软件进行登录 必须注册后才可以,1,
10010000006628,每当用手机的功能的截图都会发生分享的提示界面,每当用手机的功能的截图都会发生分享的提示界面,,Functional-Share,share,page_view,other,share.page_view.other,N,High,1,途牛,途牛,10010000006628,share.page_view.other,每当用手机的功能的截图都会发生分享的提示界面,primary_clue,22,22,每当用手机的功能的截图都会发生分享的提示界面,1,
10010000006604,缺少定位功能，旅途中定位功能有可能是救命稻草,缺少定位功能，旅途中定位功能有可能是救命稻草,,Functional-Tracking,gps_track,gps,other,gps_track.gps.other,N,High,1,途牛,途牛,10010000006604,gps_track.gps.other,缺少定位功能，旅途中定位功能有可能是救命稻草,primary_clue,22,21,缺少定位功能 旅途中定位功能有可能是救命稻草,1,
10010000006342,使用账号登录后，发送给陌生人图片无法正常显示,使用账号登录后，发送给陌生人图片无法正常显示,,Functional-Account,login,image_banner,cannot_or_fail,login.image_banner.cannot_or_fail,N,High,1,途牛,途牛,10010000006342,login.image_banner.cannot_or_fail,使用账号登录后，发送给陌生人图片无法正常显示,primary_clue,22,21,使用账号登录后 发送给陌生人图片无法正常显示,1,
10010000006935,关闭提醒与开启提醒对应的官方客服图标没有区别,关闭提醒与开启提醒对应的官方客服图标没有区别,,UI/Display,notification,button_icon,other,notification.button_icon.other,N,Medium,1,途牛,途牛,10010000006935,notification.button_icon.other,关闭提醒与开启提醒对应的官方客服图标没有区别,primary_clue,22,22,关闭提醒与开启提醒对应的官方客服图标没有区别,1,
10010000000843,无法定位当当前所在城市！我目前所处城市为太原！,无法定位当当前所在城市！我目前所处城市为太原！,,Functional-Tracking,gps_track,gps,cannot_or_fail,gps_track.gps.cannot_or_fail,N,High,1,途牛,途牛,10010000000843,gps_track.gps.cannot_or_fail,无法定位当当前所在城市！我目前所处城市为太原！,primary_clue,23,21,无法定位当当前所在城市 我目前所处城市为太原,1,
10010000001205,在设置天数时，经过推荐的天数后，操作不够流畅。,在设置天数时，经过推荐的天数后，操作不够流畅。,,Other,settings,page_view,other,settings.page_view.other,N,Medium,1,途牛,途牛,10010000001205,settings.page_view.other,在设置天数时，经过推荐的天数后，操作不够流畅。,primary_clue,23,20,在设置天数时 经过推荐的天数后 操作不够流畅,1,
10010000001671,点击底部tab栏“行程玩法”会出现一两次闪退。,点击底部tab栏“行程玩法”会出现一两次闪退。,,Crash,other,page_view,crash,other.page_view.crash,N,High,1,途牛,途牛,10010000001671,other.page_view.crash,点击底部tab栏“行程玩法”会出现一两次闪退。,primary_clue,23,20,点击底部tab栏 行程玩法 会出现一两次闪退,1,
10010000002270,将APP分享至朋友圈，微信，微博，QQ均失败。,将APP分享至朋友圈，微信，微博，QQ均失败。,,Functional-Share,share,share_panel,cannot_share,share.share_panel.cannot_share,N,High,1,途牛,途牛,10010000002270,share.share_panel.cannot_share,将APP分享至朋友圈，微信，微博，QQ均失败。,primary_clue,23,19,将app分享至朋友圈 微信 微博 qq均失败,1,
10010000002288,无法取得QQ登录授权，微信登录页面无法正常弹出,无法取得QQ登录授权，微信登录页面无法正常弹出,,Functional-Account,login,page_view,permission,login.page_view.permission,N,High,1,途牛,途牛,10010000002288,login.page_view.permission,无法取得QQ登录授权，微信登录页面无法正常弹出,primary_clue,23,22,无法取得qq登录授权 微信登录页面无法正常弹出,1,
10010000004932,乐视手机，语音内容为杂间，无法正确传送语音内容,乐视手机，语音内容为杂间，无法正确传送语音内容,,Functional-Media,playback,audio,cannot_or_fail,playback.audio.cannot_or_fail,N,High,1,途牛,途牛,10010000004932,playback.audio.cannot_or_fail,乐视手机，语音内容为杂间，无法正确传送语音内容,primary_clue,23,21,乐视手机 语音内容为杂间 无法正确传送语音内容,1,
10010000002575,点击手机动态密码登录，再跳回途牛帐号登录时闪退,点击手机动态密码登录，再跳回途牛帐号登录时闪退,,Crash,login,other,crash,login.other.crash,N,High,1,途牛,途牛,10010000002575,login.other.crash,点击手机动态密码登录，再跳回途牛帐号登录时闪退,primary_clue,23,22,点击手机动态密码登录 再跳回途牛帐号登录时闪退,1,
10010000003566,"在""我的""页面，点击左上角设置按钮后应用闪退。","在""我的""页面，点击左上角设置按钮后应用闪退。",,Crash,settings,button_icon,crash,settings.button_icon.crash,N,High,1,途牛,途牛,10010000003566,settings.button_icon.crash,"在""我的""页面，点击左上角设置按钮后应用闪退。",primary_clue,23,19,在 我的 页面 点击左上角设置按钮后应用闪退,1,
10010000002746,我的界面中点击专属顾问按钮跳转页面后会直接闪退,我的界面中点击专属顾问按钮跳转页面后会直接闪退,,Crash,other,button_icon,crash,other.button_icon.crash,N,High,1,途牛,途牛,10010000002746,other.button_icon.crash,我的界面中点击专属顾问按钮跳转页面后会直接闪退,primary_clue,23,23,我的界面中点击专属顾问按钮跳转页面后会直接闪退,1,
10010000003199,点击右上角聊天图标，进入聊天页面后闪退回首页。,点击右上角聊天图标，进入聊天页面后闪退回首页。,,Crash,message_send,button_icon,crash,message_send.button_icon.crash,N,High,1,途牛,途牛,10010000003199,message_send.button_icon.crash,点击右上角聊天图标，进入聊天页面后闪退回首页。,primary_clue,23,21,点击右上角聊天图标 进入聊天页面后闪退回首页,1,
10010000002907,集成SDK未添加统计代码，语音不清晰，出现错误,集成SDK未添加统计代码，语音不清晰，出现错误,,Functional-Media,playback,audio,wrong_value,playback.audio.wrong_value,N,High,1,途牛,途牛,10010000002907,playback.audio.wrong_value,集成SDK未添加统计代码，语音不清晰，出现错误,primary_clue,23,21,集成sdk未添加统计代码 语音不清晰 出现错误,1,
10010000005492,分享动态到朋友圈，微信，调不出微信和朋友圈接口,分享动态到朋友圈，微信，调不出微信和朋友圈接口,,Functional-Share,share,share_panel,other,share.share_panel.other,N,High,1,途牛,途牛,10010000005492,share.share_panel.other,分享动态到朋友圈，微信，调不出微信和朋友圈接口,primary_clue,23,21,分享动态到朋友圈 微信 调不出微信和朋友圈接口,1,
10010000005752,点击应用自带表情中的删除箭头，不能删除整个表情,点击应用自带表情中的删除箭头，不能删除整个表情,,Functional-Social,other,other,cannot_delete,other.other.cannot_delete,N,High,1,途牛,途牛,10010000005752,other.other.cannot_delete,点击应用自带表情中的删除箭头，不能删除整个表情,primary_clue,23,22,点击应用自带表情中的删除箭头 不能删除整个表情,1,
10010000006548,在界面右上角“查找聊天记录”图标没有统一样式！,在界面右上角“查找聊天记录”图标没有统一样式！,,Functional-Search,search,button_icon,other,search.button_icon.other,N,High,1,途牛,途牛,10010000006548,search.button_icon.other,在界面右上角“查找聊天记录”图标没有统一样式！,primary_clue,23,20,在界面右上角 查找聊天记录 图标没有统一样式,1,
10010000005225,第三方登录界面加载时间太长，加载时界面无反馈 ,第三方登录界面加载时间太长，加载时界面无反馈,,Functional-Account,login,page_view,other,login.page_view.other,N,High,1,途牛,途牛,10010000005225,login.page_view.other,第三方登录界面加载时间太长，加载时界面无反馈,primary_clue,22,21,第三方登录界面加载时间太长 加载时界面无反馈,1,
10010000004014,当我发送一个很长串的文字消息给好友时，会闪退。,当我发送一个很长串的文字消息给好友时，会闪退。,,Crash,message_send,chat,crash,message_send.chat.crash,N,High,1,途牛,途牛,10010000004014,message_send.chat.crash,当我发送一个很长串的文字消息给好友时，会闪退。,primary_clue,23,21,当我发送一个很长串的文字消息给好友时 会闪退,1,
10010000004304,在微博分享的时候，页面跳转并提示第三方授权错误,在微博分享的时候，页面跳转并提示第三方授权错误,,Functional-Share,share,page_view,wrong_value,share.page_view.wrong_value,N,High,1,途牛,途牛,10010000004304,share.page_view.wrong_value,在微博分享的时候，页面跳转并提示第三方授权错误,primary_clue,23,22,在微博分享的时候 页面跳转并提示第三方授权错误,1,
10010000006950,首页的布局太密了，格子小，颜色也多，不方便查阅,首页的布局太密了，格子小，颜色也多，不方便查阅,,UI/Display,other,page_view,layout_issue,other.page_view.layout_issue,N,High,1,途牛,途牛,10010000006950,other.page_view.layout_issue,首页的布局太密了，格子小，颜色也多，不方便查阅,primary_clue,23,20,首页的布局太密了 格子小 颜色也多 不方便查阅,1,
10010000005315,关闭新消息提醒后，仍可能收到提醒，不过有延迟。,关闭新消息提醒后，仍可能收到提醒，不过有延迟。,,Performance/Freeze,message_send,chat,freeze,message_send.chat.freeze,N,High,1,途牛,途牛,10010000005315,message_send.chat.freeze,关闭新消息提醒后，仍可能收到提醒，不过有延迟。,primary_clue,23,20,关闭新消息提醒后 仍可能收到提醒 不过有延迟,1,
10010000005375,发表评论，没有发布按钮，只能点回车，使用不方便,发表评论，没有发布按钮，只能点回车，使用不方便,,UI/Display,comment,button_icon,other,comment.button_icon.other,N,Medium,1,途牛,途牛,10010000005375,comment.button_icon.other,发表评论，没有发布按钮，只能点回车，使用不方便,primary_clue,23,20,发表评论 没有发布按钮 只能点回车 使用不方便,1,
10010000006903,当输入语音不能超过一分钟，语音只能在60秒以内,当输入语音不能超过一分钟，语音只能在60秒以内,,Functional-Media,playback,audio,cannot_or_fail,playback.audio.cannot_or_fail,N,High,1,途牛,途牛,10010000006903,playback.audio.cannot_or_fail,当输入语音不能超过一分钟，语音只能在60秒以内,primary_clue,23,22,当输入语音不能超过一分钟 语音只能在60秒以内,1,
10010000005560,缺少个性主题设置，建议增加用以提升用户的体验。,缺少个性主题设置，建议增加用以提升用户的体验。,,UI/Display,settings,page_view,other,settings.page_view.other,N,Medium,1,途牛,途牛,10010000005560,settings.page_view.other,缺少个性主题设置，建议增加用以提升用户的体验。,primary_clue,23,21,缺少个性主题设置 建议增加用以提升用户的体验,1,
10010000006118,发送消息不能发送为空，即使含多个空格也不能发送,发送消息不能发送为空，即使含多个空格也不能发送,,Functional-Social,message_send,chat,cannot_send,message_send.chat.cannot_send,N,High,1,途牛,途牛,10010000006118,message_send.chat.cannot_send,发送消息不能发送为空，即使含多个空格也不能发送,primary_clue,23,22,发送消息不能发送为空 即使含多个空格也不能发送,1,
10010000006198,未登录时，无法与他人私聊，必须使用手机动态登录,未登录时，无法与他人私聊，必须使用手机动态登录,,Functional-Account,login,chat,cannot_or_fail,login.chat.cannot_or_fail,N,High,1,途牛,途牛,10010000006198,login.chat.cannot_or_fail,未登录时，无法与他人私聊，必须使用手机动态登录,primary_clue,23,21,未登录时 无法与他人私聊 必须使用手机动态登录,1,
10010000005983,7.分享不出去（微信、朋友圈、新浪微博、QQ）,分享不出去（微信、朋友圈、新浪微博、QQ）,,Functional-Share,share,share_panel,other,share.share_panel.other,N,High,1,途牛,途牛,10010000005983,share.share_panel.other,分享不出去（微信、朋友圈、新浪微博、QQ）,primary_clue,21,16,分享不出去 微信 朋友圈 新浪微博 qq,1,
10010000006637,三星S5手机在点开好友评论时出现了闪退的情况。,三星S5手机在点开好友评论时出现了闪退的情况。,,Crash,comment,list_item,crash,comment.list_item.crash,N,High,1,途牛,途牛,10010000006637,comment.list_item.crash,三星S5手机在点开好友评论时出现了闪退的情况。,primary_clue,23,22,三星s5手机在点开好友评论时出现了闪退的情况,1,
10010000006861,手机设置旋转转向，但是手机旋转，app没有旋转,手机设置旋转转向，但是手机旋转，app没有旋转,,Other,settings,page_view,other,settings.page_view.other,N,Medium,1,途牛,途牛,10010000006861,settings.page_view.other,手机设置旋转转向，但是手机旋转，app没有旋转,primary_clue,23,21,手机设置旋转转向 但是手机旋转 app没有旋转,1,
10010000006536,+退出途牛，重新登录的话，原有的聊天记录被清空,+退出途牛，重新登录的话，原有的聊天记录被清空,,Functional-Account,login,list_item,other,login.list_item.other,N,High,1,途牛,途牛,10010000006536,login.list_item.other,+退出途牛，重新登录的话，原有的聊天记录被清空,primary_clue,23,20,退出途牛 重新登录的话 原有的聊天记录被清空,1,
10010000007179,缺乏把发布的相关信息分享到相关社交软件的功能。,缺乏把发布的相关信息分享到相关社交软件的功能。,,Functional-Share,share,share_panel,other,share.share_panel.other,N,High,1,途牛,途牛,10010000007179,share.share_panel.other,缺乏把发布的相关信息分享到相关社交软件的功能。,primary_clue,23,22,缺乏把发布的相关信息分享到相关社交软件的功能,1,
10010000006831,带的输入法里面存储的表情不能发，发出来显示乱码,带的输入法里面存储的表情不能发，发出来显示乱码,,Functional-Social,other,other,cannot_send,other.other.cannot_send,N,High,1,途牛,途牛,10010000006831,other.other.cannot_send,带的输入法里面存储的表情不能发，发出来显示乱码,primary_clue,23,22,带的输入法里面存储的表情不能发 发出来显示乱码,1,
10010000002372,动态登录加载时间过长 而且无法登录也没有发送短信,动态登录加载时间过长 而且无法登录也没有发送短信,,Functional-Account,login,step,cannot_or_fail,login.step.cannot_or_fail,N,High,1,途牛,途牛,10010000002372,login.step.cannot_or_fail,动态登录加载时间过长 而且无法登录也没有发送短信,primary_clue,24,23,动态登录加载时间过长 而且无法登录也没有发送短信,1,
10010000003003,预定页面右上角两个图标重叠 而且造成用户逻辑错误,预定页面右上角两个图标重叠 而且造成用户逻辑错误,,UI/Display,other,button_icon,layout_issue,other.button_icon.layout_issue,N,High,1,途牛,途牛,10010000003003,other.button_icon.layout_issue,预定页面右上角两个图标重叠 而且造成用户逻辑错误,primary_clue,24,23,预定页面右上角两个图标重叠 而且造成用户逻辑错误,1,
10010000003174,在首页中点击进入旅游项目，点击收藏，提示参数错误,在首页中点击进入旅游项目，点击收藏，提示参数错误,,Other,other,page_view,wrong_value,other.page_view.wrong_value,N,High,1,途牛,途牛,10010000003174,other.page_view.wrong_value,在首页中点击进入旅游项目，点击收藏，提示参数错误,primary_clue,24,22,在首页中点击进入旅游项目 点击收藏 提示参数错误,1,
10010000002731,微博登陆时，显示网络错误，但是实际网络情况良好。,微博登陆时，显示网络错误，但是实际网络情况良好。,,Functional-Share,share,share_panel,wrong_value,share.share_panel.wrong_value,N,High,1,途牛,途牛,10010000002731,share.share_panel.wrong_value,微博登陆时，显示网络错误，但是实际网络情况良好。,primary_clue,24,21,微博登陆时 显示网络错误 但是实际网络情况良好,1,
10010000003401,无法通过搜索昵称或手机号直接找到想要关注的用户。,无法通过搜索昵称或手机号直接找到想要关注的用户。,,Functional-Search,search,other,cannot_or_fail,search.other.cannot_or_fail,N,High,1,途牛,途牛,10010000003401,search.other.cannot_or_fail,无法通过搜索昵称或手机号直接找到想要关注的用户。,primary_clue,24,23,无法通过搜索昵称或手机号直接找到想要关注的用户,1,
10010000003377,在对某人设置屏蔽后还可以给他发送消息，没有提示。,在对某人设置屏蔽后还可以给他发送消息，没有提示。,,Functional-Social,message_send,page_view,no_prompt,message_send.page_view.no_prompt,N,High,1,途牛,途牛,10010000003377,message_send.page_view.no_prompt,在对某人设置屏蔽后还可以给他发送消息，没有提示。,primary_clue,24,22,在对某人设置屏蔽后还可以给他发送消息 没有提示,1,
10010000005926,微信登录，无链接，点击不会出现第三方登录的页面。,微信登录，无链接，点击不会出现第三方登录的页面。,,Functional-Account,login,page_view,other,login.page_view.other,N,High,1,途牛,途牛,10010000005926,login.page_view.other,微信登录，无链接，点击不会出现第三方登录的页面。,primary_clue,24,21,微信登录 无链接 点击不会出现第三方登录的页面,1,
10010000002818,"点击别人头像之后，有明显的卡顿现象
加载资料过慢",点击别人头像之后，有明显的卡顿现象,加载资料过慢,Performance/Freeze,other,other,freeze,other.other.freeze,Y,Medium,2,途牛,途牛,10010000002818,other.other.freeze,点击别人头像之后，有明显的卡顿现象,primary_clue,17,16,点击别人头像之后 有明显的卡顿现象,1,
10010000003759,朋友发送语音四个语音时间不一样但是说的话完全相同,朋友发送语音四个语音时间不一样但是说的话完全相同,,Functional-Media,message_send,step,other,message_send.step.other,N,High,1,途牛,途牛,10010000003759,message_send.step.other,朋友发送语音四个语音时间不一样但是说的话完全相同,primary_clue,24,24,朋友发送语音四个语音时间不一样但是说的话完全相同,1,
10010000005324,动态列表，别人发的动态，图片不可以保存，功能缺失,动态列表，别人发的动态，图片不可以保存，功能缺失,,UI/Display,other,list_item,cannot_or_fail,other.list_item.cannot_or_fail,N,Medium,1,途牛,途牛,10010000005324,other.list_item.cannot_or_fail,动态列表，别人发的动态，图片不可以保存，功能缺失,primary_clue,24,21,动态列表 别人发的动态 图片不可以保存 功能缺失,1,
10010000004062,第一次私聊，聊天记录全部去到一边，第二次回复正常,第一次私聊，聊天记录全部去到一边，第二次回复正常,,Functional-Social,private_chat,list_item,other,private_chat.list_item.other,N,High,1,途牛,途牛,10010000004062,private_chat.list_item.other,第一次私聊，聊天记录全部去到一边，第二次回复正常,primary_clue,24,22,第一次私聊 聊天记录全部去到一边 第二次回复正常,1,
10010000004092,我的行程界面，手机已允许定位，但目的地无法定位。,我的行程界面，手机已允许定位，但目的地无法定位。,,Functional-Tracking,gps_track,page_view,cannot_or_fail,gps_track.page_view.cannot_or_fail,N,High,1,途牛,途牛,10010000004092,gps_track.page_view.cannot_or_fail,我的行程界面，手机已允许定位，但目的地无法定位。,primary_clue,24,21,我的行程界面 手机已允许定位 但目的地无法定位,1,
10010000005994,"当定位到小城市的时候,“行程玩法”页面中无推荐。","当定位到小城市的时候,“行程玩法”页面中无推荐。",,Functional-Tracking,gps_track,page_view,other,gps_track.page_view.other,N,High,1,途牛,途牛,10010000005994,gps_track.page_view.other,"当定位到小城市的时候,“行程玩法”页面中无推荐。",primary_clue,24,20,当定位到小城市的时候 行程玩法 页面中无推荐,1,
10010000004782,不能使用第三方软件进行登录软件，必须进行注册才行,不能使用第三方软件进行登录软件，必须进行注册才行,,Functional-Account,register,other,cannot_or_fail,register.other.cannot_or_fail,N,High,1,途牛,途牛,10010000004782,register.other.cannot_or_fail,不能使用第三方软件进行登录软件，必须进行注册才行,primary_clue,24,23,不能使用第三方软件进行登录软件 必须进行注册才行,1,
10010000005433,别人屏蔽你然后你给他发送消息时没有提示你不能发送,别人屏蔽你然后你给他发送消息时没有提示你不能发送,,Functional-Social,message_send,chat,cannot_send,message_send.chat.cannot_send,N,High,1,途牛,途牛,10010000005433,message_send.chat.cannot_send,别人屏蔽你然后你给他发送消息时没有提示你不能发送,primary_clue,24,24,别人屏蔽你然后你给他发送消息时没有提示你不能发送,1,
10010000007068,联系人页面的群聊功能没有添加其他人进入群聊的按钮,联系人页面的群聊功能没有添加其他人进入群聊的按钮,,Functional-Social,groupchat,button_icon,other,groupchat.button_icon.other,N,High,1,途牛,途牛,10010000007068,groupchat.button_icon.other,联系人页面的群聊功能没有添加其他人进入群聊的按钮,primary_clue,24,24,联系人页面的群聊功能没有添加其他人进入群聊的按钮,1,
10010000006289,不能设置自动回复，在线状态（在线，忙碌，离开等）,不能设置自动回复，在线状态（在线，忙碌，离开等）,,Other,comment,page_view,cannot_or_fail,comment.page_view.cannot_or_fail,N,Medium,1,途牛,途牛,10010000006289,comment.page_view.cannot_or_fail,不能设置自动回复，在线状态（在线，忙碌，离开等）,primary_clue,24,19,不能设置自动回复 在线状态 在线 忙碌 离开等,1,
10010000005709,消息接收延迟。每次接收信息要过好长时间才能收到。,消息接收延迟。每次接收信息要过好长时间才能收到。,,Performance/Freeze,message_send,chat,freeze,message_send.chat.freeze,N,High,1,途牛,途牛,10010000005709,message_send.chat.freeze,消息接收延迟。每次接收信息要过好长时间才能收到。,primary_clue,24,22,消息接收延迟 每次接收信息要过好长时间才能收到,1,
10010000005257,私聊设置。好友把我屏蔽，后又解除后仍不能发消息。,私聊设置。好友把我屏蔽，后又解除后仍不能发消息。,,Functional-Social,private_chat,page_view,cannot_send,private_chat.page_view.cannot_send,N,High,1,途牛,途牛,10010000005257,private_chat.page_view.cannot_send,私聊设置。好友把我屏蔽，后又解除后仍不能发消息。,primary_clue,24,21,私聊设置 好友把我屏蔽 后又解除后仍不能发消息,1,
10010000005996,选择表情后，如果无法发送完整的文字就无法发送表情,选择表情后，如果无法发送完整的文字就无法发送表情,,Functional-Social,message_send,other,cannot_or_fail,message_send.other.cannot_or_fail,N,High,1,途牛,途牛,10010000005996,message_send.other.cannot_or_fail,选择表情后，如果无法发送完整的文字就无法发送表情,primary_clue,24,23,选择表情后 如果无法发送完整的文字就无法发送表情,1,
10010000006021,在锁定对方用户后，发送语音后，可以删除但无法取消,在锁定对方用户后，发送语音后，可以删除但无法取消,,Functional-Media,message_send,audio,cannot_or_fail,message_send.audio.cannot_or_fail,N,High,1,途牛,途牛,10010000006021,message_send.audio.cannot_or_fail,在锁定对方用户后，发送语音后，可以删除但无法取消,primary_clue,24,22,在锁定对方用户后 发送语音后 可以删除但无法取消,1,
10010000006256,在输入框输入大量文字发送后直接消失，无任何提示。,在输入框输入大量文字发送后直接消失，无任何提示。,,Input/Validation,message_send,input_box,other,message_send.input_box.other,N,High,1,途牛,途牛,10010000006256,message_send.input_box.other,在输入框输入大量文字发送后直接消失，无任何提示。,primary_clue,24,22,在输入框输入大量文字发送后直接消失 无任何提示,1,
10010000006378,在私聊中选择拍照时闪退，和不同用户切换聊天时闪退,在私聊中选择拍照时闪退，和不同用户切换聊天时闪退,,Crash,private_chat,chat,crash,private_chat.chat.crash,N,High,1,途牛,途牛,10010000006378,private_chat.chat.crash,在私聊中选择拍照时闪退，和不同用户切换聊天时闪退,primary_clue,24,23,在私聊中选择拍照时闪退 和不同用户切换聊天时闪退,1,
10010000006549,文字聊天内容正确 语音聊天内容 不完整  不正确,文字聊天内容正确 语音聊天内容 不完整 不正确,,Functional-Social,message_send,chat,wrong_value,message_send.chat.wrong_value,N,High,1,途牛,途牛,10010000006549,message_send.chat.wrong_value,文字聊天内容正确 语音聊天内容 不完整 不正确,primary_clue,23,20,文字聊天内容正确 语音聊天内容 不完整 不正确,1,
10010000001936,在购买门票时，下一个页面只显示一个景点，功能不完善,在购买门票时，下一个页面只显示一个景点，功能不完善,,Functional-Commerce,shopping,page_view,other,shopping.page_view.other,N,High,1,途牛,途牛,10010000001936,shopping.page_view.other,在购买门票时，下一个页面只显示一个景点，功能不完善,primary_clue,25,23,在购买门票时 下一个页面只显示一个景点 功能不完善,1,
10010000001814,问题描述:选择酒店进去酒店详情后，某些酒店价格为0,问题描述:选择酒店进去酒店详情后，某些酒店价格为0,,Functional-Commerce,other,commerce,other,other.commerce.other,N,High,1,途牛,途牛,10010000001814,other.commerce.other,问题描述:选择酒店进去酒店详情后，某些酒店价格为0,primary_clue,25,23,问题描述 选择酒店进去酒店详情后 某些酒店价格为0,1,
10010000001866,"在搜索旅游策略的时候定位地点,和历史为绿色的空框。","在搜索旅游策略的时候定位地点,和历史为绿色的空框。",,Functional-Search,search,gps,other,search.gps.other,N,High,1,途牛,途牛,10010000001866,search.gps.other,"在搜索旅游策略的时候定位地点,和历史为绿色的空框。",primary_clue,25,23,在搜索旅游策略的时候定位地点 和历史为绿色的空框,1,
10010000002669,在发送表情时，添加表情过程中会出现偶尔的卡顿现象。,在发送表情时，添加表情过程中会出现偶尔的卡顿现象。,,Performance/Freeze,message_send,other,freeze,message_send.other.freeze,N,High,1,途牛,途牛,10010000002669,message_send.other.freeze,在发送表情时，添加表情过程中会出现偶尔的卡顿现象。,primary_clue,25,23,在发送表情时 添加表情过程中会出现偶尔的卡顿现象,1,
10010000002803,在私聊设置中，点击关闭新消息提醒，图标显示两种颜色,在私聊设置中，点击关闭新消息提醒，图标显示两种颜色,,Functional-Social,private_chat,button_icon,other,private_chat.button_icon.other,N,High,1,途牛,途牛,10010000002803,private_chat.button_icon.other,在私聊设置中，点击关闭新消息提醒，图标显示两种颜色,primary_clue,25,23,在私聊设置中 点击关闭新消息提醒 图标显示两种颜色,1,
10010000007182,当文本框中编辑了文字时，是无法发送图片的。效果如图,当文本框中编辑了文字时，是无法发送图片的。效果如图,,Input/Validation,message_send,input_box,cannot_or_fail,message_send.input_box.cannot_or_fail,N,High,1,途牛,途牛,10010000007182,message_send.input_box.cannot_or_fail,当文本框中编辑了文字时，是无法发送图片的。效果如图,primary_clue,25,23,当文本框中编辑了文字时 是无法发送图片的 效果如图,1,
10010000005221,一段文字被默认为超链接，打开无效，估计是当做了网站,一段文字被默认为超链接，打开无效，估计是当做了网站,,Functional-Share,share,share_panel,other,share.share_panel.other,N,High,1,途牛,途牛,10010000005221,share.share_panel.other,一段文字被默认为超链接，打开无效，估计是当做了网站,primary_clue,25,23,一段文字被默认为超链接 打开无效 估计是当做了网站,1,
10010000005011,当别人发给自己一条很长很长的消息时会卡住黑屏并闪退,当别人发给自己一条很长很长的消息时会卡住黑屏并闪退,,Crash,message_send,chat,crash,message_send.chat.crash,N,High,1,途牛,途牛,10010000005011,message_send.chat.crash,当别人发给自己一条很长很长的消息时会卡住黑屏并闪退,primary_clue,25,25,当别人发给自己一条很长很长的消息时会卡住黑屏并闪退,1,
10010000006970,要查找一个未被关注过的用户，很困难，无法正常找到！,要查找一个未被关注过的用户，很困难，无法正常找到！,,Functional-Search,search,other,cannot_or_fail,search.other.cannot_or_fail,N,High,1,途牛,途牛,10010000006970,search.other.cannot_or_fail,要查找一个未被关注过的用户，很困难，无法正常找到！,primary_clue,25,22,要查找一个未被关注过的用户 很困难 无法正常找到,1,
10010000003504,"帖子分享到微信，朋友圈，qq功能没实现,点了没反应","帖子分享到微信，朋友圈，qq功能没实现,点了没反应",,Functional-Share,share,list_item,other,share.list_item.other,N,High,1,途牛,途牛,10010000003504,share.list_item.other,"帖子分享到微信，朋友圈，qq功能没实现,点了没反应",primary_clue,25,22,帖子分享到微信 朋友圈 qq功能没实现 点了没反应,1,
10010000005561,在发送图片页面内选择图片时，会偶尔进入一个错误页面,在发送图片页面内选择图片时，会偶尔进入一个错误页面,,UI/Display,message_send,page_view,wrong_value,message_send.page_view.wrong_value,N,High,1,途牛,途牛,10010000005561,message_send.page_view.wrong_value,在发送图片页面内选择图片时，会偶尔进入一个错误页面,primary_clue,25,24,在发送图片页面内选择图片时 会偶尔进入一个错误页面,1,
10010000003644,不能快速找到特定的人，没有昵称精确搜索，影响体验。,不能快速找到特定的人，没有昵称精确搜索，影响体验。,,Functional-Search,search,other,cannot_or_fail,search.other.cannot_or_fail,N,High,1,途牛,途牛,10010000003644,search.other.cannot_or_fail,不能快速找到特定的人，没有昵称精确搜索，影响体验。,primary_clue,25,22,不能快速找到特定的人 没有昵称精确搜索 影响体验,1,
10010000005421,私聊界面刷新时，显示不清楚，用户不能感受到刷新成功,私聊界面刷新时，显示不清楚，用户不能感受到刷新成功,,Functional-Social,private_chat,page_view,cannot_or_fail,private_chat.page_view.cannot_or_fail,N,High,1,途牛,途牛,10010000005421,private_chat.page_view.cannot_or_fail,私聊界面刷新时，显示不清楚，用户不能感受到刷新成功,primary_clue,25,23,私聊界面刷新时 显示不清楚 用户不能感受到刷新成功,1,
10010000005959,缺少搜索陌生人添加好友的功能，熟人间难以建立交流。,缺少搜索陌生人添加好友的功能，熟人间难以建立交流。,,Functional-Search,search,chat,other,search.chat.other,N,High,1,途牛,途牛,10010000005959,search.chat.other,缺少搜索陌生人添加好友的功能，熟人间难以建立交流。,primary_clue,25,23,缺少搜索陌生人添加好友的功能 熟人间难以建立交流,1,
10010000005369,无法给私聊的人设置备注，在和多人聊天的时候不太方便,无法给私聊的人设置备注，在和多人聊天的时候不太方便,,Functional-Social,private_chat,page_view,cannot_or_fail,private_chat.page_view.cannot_or_fail,N,High,1,途牛,途牛,10010000005369,private_chat.page_view.cannot_or_fail,无法给私聊的人设置备注，在和多人聊天的时候不太方便,primary_clue,25,24,无法给私聊的人设置备注 在和多人聊天的时候不太方便,1,
10010000006074,在私聊中无法发送动态图，例如以.gif结尾的图片。,在私聊中无法发送动态图，例如以.gif结尾的图片。,,Functional-Social,private_chat,image_banner,cannot_or_fail,private_chat.image_banner.cannot_or_fail,N,High,1,途牛,途牛,10010000006074,private_chat.image_banner.cannot_or_fail,在私聊中无法发送动态图，例如以.gif结尾的图片。,primary_clue,25,22,在私聊中无法发送动态图 例如以 gif结尾的图片,1,
10010000006738,一次仅可添加一张图片，不可以一次选多张，比较麻烦。,一次仅可添加一张图片，不可以一次选多张，比较麻烦。,,UI/Display,other,image_banner,cannot_or_fail,other.image_banner.cannot_or_fail,N,Medium,1,途牛,途牛,10010000006738,other.image_banner.cannot_or_fail,一次仅可添加一张图片，不可以一次选多张，比较麻烦。,primary_clue,25,22,一次仅可添加一张图片 不可以一次选多张 比较麻烦,1,
10010000004629,进入聊天页面时，显示的聊天记录位置错位，颜色不正确,进入聊天页面时，显示的聊天记录位置错位，颜色不正确,,Functional-Social,message_send,page_view,layout_issue,message_send.page_view.layout_issue,N,High,1,途牛,途牛,10010000004629,message_send.page_view.layout_issue,进入聊天页面时，显示的聊天记录位置错位，颜色不正确,primary_clue,25,23,进入聊天页面时 显示的聊天记录位置错位 颜色不正确,1,
10010000006329,他人发来的图片或表情无法直接收藏，只能先保存到手机,他人发来的图片或表情无法直接收藏，只能先保存到手机,,Functional-Social,other,image_banner,cannot_or_fail,other.image_banner.cannot_or_fail,N,High,1,途牛,途牛,10010000006329,other.image_banner.cannot_or_fail,他人发来的图片或表情无法直接收藏，只能先保存到手机,primary_clue,25,24,他人发来的图片或表情无法直接收藏 只能先保存到手机,1,
10010000004980,不能接收语音，或者接收的语音均为第一个语音的声音。,不能接收语音，或者接收的语音均为第一个语音的声音。,,Functional-Media,playback,audio,cannot_or_fail,playback.audio.cannot_or_fail,N,High,1,途牛,途牛,10010000004980,playback.audio.cannot_or_fail,不能接收语音，或者接收的语音均为第一个语音的声音。,primary_clue,25,23,不能接收语音 或者接收的语音均为第一个语音的声音,1,
10010000006717,复制聊天文本消息时没有提示已复制，建议增加提示功能,复制聊天文本消息时没有提示已复制，建议增加提示功能,,Functional-Social,message_send,chat,no_prompt,message_send.chat.no_prompt,N,High,1,途牛,途牛,10010000006717,message_send.chat.no_prompt,复制聊天文本消息时没有提示已复制，建议增加提示功能,primary_clue,25,24,复制聊天文本消息时没有提示已复制 建议增加提示功能,1,
10010000006105,添加图片的时候只能一张一张添加，并且不能添加动图。,添加图片的时候只能一张一张添加，并且不能添加动图。,,UI/Display,other,image_banner,cannot_or_fail,other.image_banner.cannot_or_fail,N,Medium,1,途牛,途牛,10010000006105,other.image_banner.cannot_or_fail,添加图片的时候只能一张一张添加，并且不能添加动图。,primary_clue,25,23,添加图片的时候只能一张一张添加 并且不能添加动图,1,
10010000005358,"每一次退出途牛再次登陆的时候,进入好友主页就会闪退","每一次退出途牛再次登陆的时候,进入好友主页就会闪退",,Crash,other,chat,crash,other.chat.crash,N,High,1,途牛,途牛,10010000005358,other.chat.crash,"每一次退出途牛再次登陆的时候,进入好友主页就会闪退",primary_clue,25,24,每一次退出途牛再次登陆的时候 进入好友主页就会闪退,1,
10010000005609,发送出去的图片，删除的时候，没有提示框显示是否删除,发送出去的图片，删除的时候，没有提示框显示是否删除,,UI/Display,message_send,image_banner,no_prompt,message_send.image_banner.no_prompt,N,High,1,途牛,途牛,10010000005609,message_send.image_banner.no_prompt,发送出去的图片，删除的时候，没有提示框显示是否删除,primary_clue,25,23,发送出去的图片 删除的时候 没有提示框显示是否删除,1,
10010000006747,聊天过程中，当消息发送过快是会发生APP闪退的情况,聊天过程中，当消息发送过快是会发生APP闪退的情况,,Crash,message_send,chat,crash,message_send.chat.crash,N,High,1,途牛,途牛,10010000006747,message_send.chat.crash,聊天过程中，当消息发送过快是会发生APP闪退的情况,primary_clue,25,24,聊天过程中 当消息发送过快是会发生app闪退的情况,1,
10010000006076,注册时，手机号少于11位未提示，仍可进行验证码发送,注册时，手机号少于11位未提示，仍可进行验证码发送,,Functional-Account,register,other,no_prompt,register.other.no_prompt,N,High,1,途牛,途牛,10010000006076,register.other.no_prompt,注册时，手机号少于11位未提示，仍可进行验证码发送,primary_clue,25,23,注册时 手机号少于11位未提示 仍可进行验证码发送,1,
10010000006179,访问请求的失败页面不会给出相应提示，直接跳转至首页,访问请求的失败页面不会给出相应提示，直接跳转至首页,,UI/Display,other,page_view,cannot_or_fail,other.page_view.cannot_or_fail,N,Medium,1,途牛,途牛,10010000006179,other.page_view.cannot_or_fail,访问请求的失败页面不会给出相应提示，直接跳转至首页,primary_clue,25,24,访问请求的失败页面不会给出相应提示 直接跳转至首页,1,
10010000006257,评论别人的问题无发表评论按钮，点击回车才能发表评论,评论别人的问题无发表评论按钮，点击回车才能发表评论,,UI/Display,comment,button_icon,other,comment.button_icon.other,N,Medium,1,途牛,途牛,10010000006257,comment.button_icon.other,评论别人的问题无发表评论按钮，点击回车才能发表评论,primary_clue,25,24,评论别人的问题无发表评论按钮 点击回车才能发表评论,1,
10010000006124,没有互相关注的好友，点击聊天设置时，屏蔽选项不显示,没有互相关注的好友，点击聊天设置时，屏蔽选项不显示,,Functional-Social,message_send,page_view,display_missing,message_send.page_view.display_missing,N,High,1,途牛,途牛,10010000006124,message_send.page_view.display_missing,没有互相关注的好友，点击聊天设置时，屏蔽选项不显示,primary_clue,25,23,没有互相关注的好友 点击聊天设置时 屏蔽选项不显示,1,
10010000002039,"酒店购票页面,选择好位置和酒店类型后搜索不出任何结果","酒店购票页面,选择好位置和酒店类型后搜索不出任何结果",,Functional-Search,search,page_view,other,search.page_view.other,N,High,1,途牛,途牛,10010000002039,search.page_view.other,"酒店购票页面,选择好位置和酒店类型后搜索不出任何结果",primary_clue,26,25,酒店购票页面 选择好位置和酒店类型后搜索不出任何结果,1,
10010000002942,点击注册，手机号码位数少于11位，同样可以发送验证码,点击注册，手机号码位数少于11位，同样可以发送验证码,,Functional-Account,register,other,other,register.other.other,N,High,1,途牛,途牛,10010000002942,register.other.other,点击注册，手机号码位数少于11位，同样可以发送验证码,primary_clue,26,24,点击注册 手机号码位数少于11位 同样可以发送验证码,1,
10010000002474,选择分享，未成功分享，也没有界面跳转。但转发数在增加,选择分享，未成功分享，也没有界面跳转。但转发数在增加,,Functional-Share,share,page_view,other,share.page_view.other,N,High,1,途牛,途牛,10010000002474,share.page_view.other,选择分享，未成功分享，也没有界面跳转。但转发数在增加,primary_clue,26,23,选择分享 未成功分享 也没有界面跳转 但转发数在增加,1,
10010000006719,断网后图片发不出去，但联上网络后图片不能自动恢复发送,断网后图片发不出去，但联上网络后图片不能自动恢复发送,,UI/Display,message_send,image_banner,cannot_send,message_send.image_banner.cannot_send,N,High,1,途牛,途牛,10010000006719,message_send.image_banner.cannot_send,断网后图片发不出去，但联上网络后图片不能自动恢复发送,primary_clue,26,25,断网后图片发不出去 但联上网络后图片不能自动恢复发送,1,
10010000003555,上传头像功能选择本地图片，选择图片后不显示更新后头像,上传头像功能选择本地图片，选择图片后不显示更新后头像,,UI/Display,other,image_banner,display_missing,other.image_banner.display_missing,N,High,1,途牛,途牛,10010000003555,other.image_banner.display_missing,上传头像功能选择本地图片，选择图片后不显示更新后头像,primary_clue,26,25,上传头像功能选择本地图片 选择图片后不显示更新后头像,1,
10010000004788,聊天时，点击发送图片时，没有提示发送原像素还是低像素,聊天时，点击发送图片时，没有提示发送原像素还是低像素,,Functional-Social,message_send,image_banner,no_prompt,message_send.image_banner.no_prompt,N,High,1,途牛,途牛,10010000004788,message_send.image_banner.no_prompt,聊天时，点击发送图片时，没有提示发送原像素还是低像素,primary_clue,26,24,聊天时 点击发送图片时 没有提示发送原像素还是低像素,1,
10010000002533,使用第三方登录是数据请求失败，微信那个按钮点了没反应,使用第三方登录是数据请求失败，微信那个按钮点了没反应,,Functional-Account,login,button_icon,cannot_or_fail,login.button_icon.cannot_or_fail,N,High,1,途牛,途牛,10010000002533,login.button_icon.cannot_or_fail,使用第三方登录是数据请求失败，微信那个按钮点了没反应,primary_clue,26,25,使用第三方登录是数据请求失败 微信那个按钮点了没反应,1,
10010000002916,不支持通过搜索用户名的方式添加好友，不方便用户使用。,不支持通过搜索用户名的方式添加好友，不方便用户使用。,,Functional-Search,search,chat,other,search.chat.other,N,High,1,途牛,途牛,10010000002916,search.chat.other,不支持通过搜索用户名的方式添加好友，不方便用户使用。,primary_clue,26,24,不支持通过搜索用户名的方式添加好友 不方便用户使用,1,
10010000002938,文字描述部分，不能够发送空格，并且字数没有规定上限。,文字描述部分，不能够发送空格，并且字数没有规定上限。,,Other,message_send,other,cannot_or_fail,message_send.other.cannot_or_fail,N,Medium,1,途牛,途牛,10010000002938,message_send.other.cannot_or_fail,文字描述部分，不能够发送空格，并且字数没有规定上限。,primary_clue,26,23,文字描述部分 不能够发送空格 并且字数没有规定上限,1,
10010000004842,投诉用户点击发送后，界面回到上一个界面但是键盘没隐藏,投诉用户点击发送后，界面回到上一个界面但是键盘没隐藏,,Input/Validation,message_send,input_box,other,message_send.input_box.other,N,High,1,途牛,途牛,10010000004842,message_send.input_box.other,投诉用户点击发送后，界面回到上一个界面但是键盘没隐藏,primary_clue,26,25,投诉用户点击发送后 界面回到上一个界面但是键盘没隐藏,1,
10010000004905,私聊好友的头像显示不出来  有时是头像有时是默认图片,私聊好友的头像显示不出来 有时是头像有时是默认图片,,Functional-Social,private_chat,image_banner,display_missing,private_chat.image_banner.display_missing,N,High,1,途牛,途牛,10010000004905,private_chat.image_banner.display_missing,私聊好友的头像显示不出来 有时是头像有时是默认图片,primary_clue,25,24,私聊好友的头像显示不出来 有时是头像有时是默认图片,1,
10010000003086,点击我的界面“专属顾问”下的 “选我咨询”导致闪退。,点击我的界面“专属顾问”下的 “选我咨询”导致闪退。,,Crash,other,page_view,crash,other.page_view.crash,N,High,1,途牛,途牛,10010000003086,other.page_view.crash,点击我的界面“专属顾问”下的 “选我咨询”导致闪退。,primary_clue,26,20,点击我的界面 专属顾问 下的 选我咨询 导致闪退,1,
10010000006842,关于聊天记录涉及到金钱问题时没有提示信息！防止受骗！,关于聊天记录涉及到金钱问题时没有提示信息！防止受骗！,,Functional-Social,message_send,list_item,no_prompt,message_send.list_item.no_prompt,N,High,1,途牛,途牛,10010000006842,message_send.list_item.no_prompt,关于聊天记录涉及到金钱问题时没有提示信息！防止受骗！,primary_clue,26,24,关于聊天记录涉及到金钱问题时没有提示信息 防止受骗,1,
10010000004465,接收消息:语音接收消息，容易发生错乱。消息显示错误。,接收消息:语音接收消息，容易发生错乱。消息显示错误。,,Functional-Social,message_send,chat,wrong_value,message_send.chat.wrong_value,N,High,1,途牛,途牛,10010000004465,message_send.chat.wrong_value,接收消息:语音接收消息，容易发生错乱。消息显示错误。,primary_clue,26,22,接收消息 语音接收消息 容易发生错乱 消息显示错误,1,
10010000004970,私聊中发送给对方的图片很模糊，看不清楚，影响聊天质量,私聊中发送给对方的图片很模糊，看不清楚，影响聊天质量,,Functional-Social,private_chat,image_banner,other,private_chat.image_banner.other,N,High,1,途牛,途牛,10010000004970,private_chat.image_banner.other,私聊中发送给对方的图片很模糊，看不清楚，影响聊天质量,primary_clue,26,24,私聊中发送给对方的图片很模糊 看不清楚 影响聊天质量,1,
10010000003721,聊天对话是，当文字和字母同时输入时，自动换行不正确，,聊天对话是，当文字和字母同时输入时，自动换行不正确，,,Functional-Social,message_send,chat,wrong_value,message_send.chat.wrong_value,N,High,1,途牛,途牛,10010000003721,message_send.chat.wrong_value,聊天对话是，当文字和字母同时输入时，自动换行不正确，,primary_clue,26,23,聊天对话是 当文字和字母同时输入时 自动换行不正确,1,
10010000006808,更换头像失败，选择本地图片并裁剪确定后，头像并未改变,更换头像失败，选择本地图片并裁剪确定后，头像并未改变,,UI/Display,other,image_banner,cannot_or_fail,other.image_banner.cannot_or_fail,N,Medium,1,途牛,途牛,10010000006808,other.image_banner.cannot_or_fail,更换头像失败，选择本地图片并裁剪确定后，头像并未改变,primary_clue,26,24,更换头像失败 选择本地图片并裁剪确定后 头像并未改变,1,
10010000005205,聊天记录没有分页，且当聊天记录过多时不能全部保存下来,聊天记录没有分页，且当聊天记录过多时不能全部保存下来,,Functional-Social,message_send,list_item,cannot_or_fail,message_send.list_item.cannot_or_fail,N,High,1,途牛,途牛,10010000005205,message_send.list_item.cannot_or_fail,聊天记录没有分页，且当聊天记录过多时不能全部保存下来,primary_clue,26,25,聊天记录没有分页 且当聊天记录过多时不能全部保存下来,1,
10010000005162,页面功能重叠部分太多，没有提供一个专门用于交流的按钮,页面功能重叠部分太多，没有提供一个专门用于交流的按钮,,UI/Display,other,button_icon,layout_issue,other.button_icon.layout_issue,N,High,1,途牛,途牛,10010000005162,other.button_icon.layout_issue,页面功能重叠部分太多，没有提供一个专门用于交流的按钮,primary_clue,26,25,页面功能重叠部分太多 没有提供一个专门用于交流的按钮,1,
10010000005151,等到时并未显示正在等待，而只是白屏。用户体验比较差。,等到时并未显示正在等待，而只是白屏。用户体验比较差。,,Network/Loading,other,other,load_fail,other.other.load_fail,N,High,1,途牛,途牛,10010000005151,other.other.load_fail,等到时并未显示正在等待，而只是白屏。用户体验比较差。,primary_clue,26,23,等到时并未显示正在等待 而只是白屏 用户体验比较差,1,
10010000004576,当向好友发送图片时，点击加号，选择图片，客户端崩溃。,当向好友发送图片时，点击加号，选择图片，客户端崩溃。,,Crash,message_send,image_banner,crash,message_send.image_banner.crash,N,High,1,途牛,途牛,10010000004576,message_send.image_banner.crash,当向好友发送图片时，点击加号，选择图片，客户端崩溃。,primary_clue,26,22,当向好友发送图片时 点击加号 选择图片 客户端崩溃,1,
10010000006247,点击查看历史聊天记录是本人发的消息在左面出现了！！！,点击查看历史聊天记录是本人发的消息在左面出现了！！！,,Functional-Social,message_send,list_item,wrong_value,message_send.list_item.wrong_value,N,High,1,途牛,途牛,10010000006247,message_send.list_item.wrong_value,点击查看历史聊天记录是本人发的消息在左面出现了！！！,primary_clue,26,23,点击查看历史聊天记录是本人发的消息在左面出现了,1,
10010000004708,不能给互粉好友添加备注，这样。就不能很好的区分好友了,不能给互粉好友添加备注，这样。就不能很好的区分好友了,,Functional-Social,other,chat,cannot_or_fail,other.chat.cannot_or_fail,N,High,1,途牛,途牛,10010000004708,other.chat.cannot_or_fail,不能给互粉好友添加备注，这样。就不能很好的区分好友了,primary_clue,26,24,不能给互粉好友添加备注 这样 就不能很好的区分好友了,1,
10010000005009,对方发送来的语音会重复出现，语音内容一样，时间不一样,对方发送来的语音会重复出现，语音内容一样，时间不一样,,Functional-Media,message_send,step,other,message_send.step.other,N,High,1,途牛,途牛,10010000005009,message_send.step.other,对方发送来的语音会重复出现，语音内容一样，时间不一样,primary_clue,26,24,对方发送来的语音会重复出现 语音内容一样 时间不一样,1,
10010000004923,锁屏重新解锁后，软件直接卡死无法操作，只能重启软件。,锁屏重新解锁后，软件直接卡死无法操作，只能重启软件。,,Performance/Freeze,other,other,freeze,other.other.freeze,N,High,1,途牛,途牛,10010000004923,other.other.freeze,锁屏重新解锁后，软件直接卡死无法操作，只能重启软件。,primary_clue,26,23,锁屏重新解锁后 软件直接卡死无法操作 只能重启软件,1,
10010000005507,输入大量文本后系统可能卡顿崩溃，建议设置文本字数上限,输入大量文本后系统可能卡顿崩溃，建议设置文本字数上限,,Crash,settings,page_view,crash,settings.page_view.crash,N,High,1,途牛,途牛,10010000005507,settings.page_view.crash,输入大量文本后系统可能卡顿崩溃，建议设置文本字数上限,primary_clue,26,25,输入大量文本后系统可能卡顿崩溃 建议设置文本字数上限,1,
10010000006641,输入框无法通过回车键发送消息，也不能设置成回车键发送,输入框无法通过回车键发送消息，也不能设置成回车键发送,,Functional-Social,message_send,input_box,cannot_or_fail,message_send.input_box.cannot_or_fail,N,High,1,途牛,途牛,10010000006641,message_send.input_box.cannot_or_fail,输入框无法通过回车键发送消息，也不能设置成回车键发送,primary_clue,26,25,输入框无法通过回车键发送消息 也不能设置成回车键发送,1,
10010000000824,个人资料设置中设置生日时出现闪退，多次操作都出现闪退！,个人资料设置中设置生日时出现闪退，多次操作都出现闪退！,,Crash,settings,page_view,crash,settings.page_view.crash,N,High,1,途牛,途牛,10010000000824,settings.page_view.crash,个人资料设置中设置生日时出现闪退，多次操作都出现闪退！,primary_clue,27,25,个人资料设置中设置生日时出现闪退 多次操作都出现闪退,1,
10010000001823,进入购物车页面后，上下滑动，左上角提示机票，门票会重叠,进入购物车页面后，上下滑动，左上角提示机票，门票会重叠,,UI/Display,other,page_view,layout_issue,other.page_view.layout_issue,N,High,1,途牛,途牛,10010000001823,other.page_view.layout_issue,进入购物车页面后，上下滑动，左上角提示机票，门票会重叠,primary_clue,27,24,进入购物车页面后 上下滑动 左上角提示机票 门票会重叠,1,
10010000004855,注册密码密码为数字或者字母，+这个字符同样可以注册成功,注册密码密码为数字或者字母，+这个字符同样可以注册成功,,Functional-Account,register,other,other,register.other.other,N,High,1,途牛,途牛,10010000004855,register.other.other,注册密码密码为数字或者字母，+这个字符同样可以注册成功,primary_clue,27,25,注册密码密码为数字或者字母 这个字符同样可以注册成功,1,
10010000003477,对方发语音时，接收的声音永远是第一句，后面的话接收不到,对方发语音时，接收的声音永远是第一句，后面的话接收不到,,Functional-Media,notification,audio,cannot_or_fail,notification.audio.cannot_or_fail,N,High,1,途牛,途牛,10010000003477,notification.audio.cannot_or_fail,对方发语音时，接收的声音永远是第一句，后面的话接收不到,primary_clue,27,25,对方发语音时 接收的声音永远是第一句 后面的话接收不到,1,
10010000002663,私聊列表中联系人只显示初始昵称，不能显示修改后的昵称。,私聊列表中联系人只显示初始昵称，不能显示修改后的昵称。,,Functional-Social,private_chat,list_item,cannot_or_fail,private_chat.list_item.cannot_or_fail,N,High,1,途牛,途牛,10010000002663,private_chat.list_item.cannot_or_fail,私聊列表中联系人只显示初始昵称，不能显示修改后的昵称。,primary_clue,27,25,私聊列表中联系人只显示初始昵称 不能显示修改后的昵称,1,
10010000004794,我加的第一个私聊对象时候出现了这个bug一点语音就闪退,我加的第一个私聊对象时候出现了这个bug一点语音就闪退,,Crash,private_chat,chat,crash,private_chat.chat.crash,N,High,1,途牛,途牛,10010000004794,private_chat.chat.crash,我加的第一个私聊对象时候出现了这个bug一点语音就闪退,primary_clue,27,27,我加的第一个私聊对象时候出现了这个bug一点语音就闪退,1,
10010000002896,进去主页面首页，布局让人很容易误触并进入不需要的界面。,进去主页面首页，布局让人很容易误触并进入不需要的界面。,,UI/Display,other,page_view,layout_issue,other.page_view.layout_issue,N,High,1,途牛,途牛,10010000002896,other.page_view.layout_issue,进去主页面首页，布局让人很容易误触并进入不需要的界面。,primary_clue,27,25,进去主页面首页 布局让人很容易误触并进入不需要的界面,1,
10010000005331,结伴旅行时，点击进入结伴帖子，点赞，退回界面后无法显示,结伴旅行时，点击进入结伴帖子，点赞，退回界面后无法显示,,UI/Display,other,page_view,cannot_or_fail,other.page_view.cannot_or_fail,N,Medium,1,途牛,途牛,10010000005331,other.page_view.cannot_or_fail,结伴旅行时，点击进入结伴帖子，点赞，退回界面后无法显示,primary_clue,27,24,结伴旅行时 点击进入结伴帖子 点赞 退回界面后无法显示,1,
10010000003263,私聊中发送图片时，图片选择列表长时间无法预览本地图片。,私聊中发送图片时，图片选择列表长时间无法预览本地图片。,,Functional-Social,private_chat,list_item,cannot_or_fail,private_chat.list_item.cannot_or_fail,N,High,1,途牛,途牛,10010000003263,private_chat.list_item.cannot_or_fail,私聊中发送图片时，图片选择列表长时间无法预览本地图片。,primary_clue,27,25,私聊中发送图片时 图片选择列表长时间无法预览本地图片,1,
10010000003919,刚下载完，打开就有更新提醒，为什么不能直接下载最新版本,刚下载完，打开就有更新提醒，为什么不能直接下载最新版本,,Other,notification,other,cannot_or_fail,notification.other.cannot_or_fail,N,Medium,1,途牛,途牛,10010000003919,notification.other.cannot_or_fail,刚下载完，打开就有更新提醒，为什么不能直接下载最新版本,primary_clue,27,25,刚下载完 打开就有更新提醒 为什么不能直接下载最新版本,1,
10010000003296,在第三方软件登录时，QQ和微博无法授权，微信按钮点不开,在第三方软件登录时，QQ和微博无法授权，微信按钮点不开,,Functional-Account,login,button_icon,permission,login.button_icon.permission,N,High,1,途牛,途牛,10010000003296,login.button_icon.permission,在第三方软件登录时，QQ和微博无法授权，微信按钮点不开,primary_clue,27,25,在第三方软件登录时 qq和微博无法授权 微信按钮点不开,1,
10010000007106,投诉用户时，空输入按发送无反应。应提示发送内容不为空。,投诉用户时，空输入按发送无反应。应提示发送内容不为空。,,Other,message_send,other,cannot_or_fail,message_send.other.cannot_or_fail,N,Medium,1,途牛,途牛,10010000007106,message_send.other.cannot_or_fail,投诉用户时，空输入按发送无反应。应提示发送内容不为空。,primary_clue,27,24,投诉用户时 空输入按发送无反应 应提示发送内容不为空,1,
10010000003384,"该软件中第三方登陆时QQ,微博拉取信息失败，微信无响应","该软件中第三方登陆时QQ,微博拉取信息失败，微信无响应",,Performance/Freeze,share,share_panel,freeze,share.share_panel.freeze,N,High,1,途牛,途牛,10010000003384,share.share_panel.freeze,"该软件中第三方登陆时QQ,微博拉取信息失败，微信无响应",primary_clue,27,25,该软件中第三方登陆时qq 微博拉取信息失败 微信无响应,1,
10010000004311,网络状况不佳时，私聊发送图片延迟没有合理的发送进度提示,网络状况不佳时，私聊发送图片延迟没有合理的发送进度提示,,Performance/Freeze,private_chat,image_banner,freeze,private_chat.image_banner.freeze,N,High,1,途牛,途牛,10010000004311,private_chat.image_banner.freeze,网络状况不佳时，私聊发送图片延迟没有合理的发送进度提示,primary_clue,27,26,网络状况不佳时 私聊发送图片延迟没有合理的发送进度提示,1,
10010000006486,聊天记录里面只能展示最近的，稍微往前的记录就显示不出来,聊天记录里面只能展示最近的，稍微往前的记录就显示不出来,,Functional-Social,message_send,list_item,display_missing,message_send.list_item.display_missing,N,High,1,途牛,途牛,10010000006486,message_send.list_item.display_missing,聊天记录里面只能展示最近的，稍微往前的记录就显示不出来,primary_clue,27,26,聊天记录里面只能展示最近的 稍微往前的记录就显示不出来,1,
10010000003528,在消息发送失败后，网络恢复正常后，点击消息重送无反应。,在消息发送失败后，网络恢复正常后，点击消息重送无反应。,,Functional-Social,message_send,chat,cannot_send,message_send.chat.cannot_send,N,High,1,途牛,途牛,10010000003528,message_send.chat.cannot_send,在消息发送失败后，网络恢复正常后，点击消息重送无反应。,primary_clue,27,24,在消息发送失败后 网络恢复正常后 点击消息重送无反应,1,
10010000005461,评论信息中添加表情图标应该显示图标，而不是“（表情）”,评论信息中添加表情图标应该显示图标，而不是“（表情）”,,Functional-Social,comment,button_icon,other,comment.button_icon.other,N,High,1,途牛,途牛,10010000005461,comment.button_icon.other,评论信息中添加表情图标应该显示图标，而不是“（表情）”,primary_clue,27,22,评论信息中添加表情图标应该显示图标 而不是 表情,1,
10010000006553,接受好友语音时，无论哪个好友，所收语音永远是第一条语音,接受好友语音时，无论哪个好友，所收语音永远是第一条语音,,Functional-Social,playback,chat,other,playback.chat.other,N,High,1,途牛,途牛,10010000006553,playback.chat.other,接受好友语音时，无论哪个好友，所收语音永远是第一条语音,primary_clue,27,25,接受好友语音时 无论哪个好友 所收语音永远是第一条语音,1,
10010000005166,聊天的过程中有时会出现闪退，当聊天信息发送过快的时候。,聊天的过程中有时会出现闪退，当聊天信息发送过快的时候。,,Crash,message_send,chat,crash,message_send.chat.crash,N,High,1,途牛,途牛,10010000005166,message_send.chat.crash,聊天的过程中有时会出现闪退，当聊天信息发送过快的时候。,primary_clue,27,25,聊天的过程中有时会出现闪退 当聊天信息发送过快的时候,1,
10010000004369,第三方应用拉去登陆信息失败，qq，微博失败，微信无响应,第三方应用拉去登陆信息失败，qq，微博失败，微信无响应,,Performance/Freeze,share,share_panel,freeze,share.share_panel.freeze,N,High,1,途牛,途牛,10010000004369,share.share_panel.freeze,第三方应用拉去登陆信息失败，qq，微博失败，微信无响应,primary_clue,27,24,第三方应用拉去登陆信息失败 qq 微博失败 微信无响应,1,
10010000004444,聊天和就看界面时频繁闪退。刚开始聊天发送表情尤其严重。,聊天和就看界面时频繁闪退。刚开始聊天发送表情尤其严重。,,Crash,message_send,page_view,crash,message_send.page_view.crash,N,High,1,途牛,途牛,10010000004444,message_send.page_view.crash,聊天和就看界面时频繁闪退。刚开始聊天发送表情尤其严重。,primary_clue,27,25,聊天和就看界面时频繁闪退 刚开始聊天发送表情尤其严重,1,
10010000005800,播放语音时，不能暂停播放，下次播放从暂停播放的位置开始,播放语音时，不能暂停播放，下次播放从暂停播放的位置开始,,Functional-Media,playback,audio,cannot_or_fail,playback.audio.cannot_or_fail,N,High,1,途牛,途牛,10010000005800,playback.audio.cannot_or_fail,播放语音时，不能暂停播放，下次播放从暂停播放的位置开始,primary_clue,27,25,播放语音时 不能暂停播放 下次播放从暂停播放的位置开始,1,
10010000006600,该软件没有按注册号或者按对方昵称查找的功能，不够人性化,该软件没有按注册号或者按对方昵称查找的功能，不够人性化,,Functional-Account,register,other,other,register.other.other,N,High,1,途牛,途牛,10010000006600,register.other.other,该软件没有按注册号或者按对方昵称查找的功能，不够人性化,primary_clue,27,26,该软件没有按注册号或者按对方昵称查找的功能 不够人性化,1,
10010000006168,评论之后或者进入这个页面，点击左上角的返回，会自动退出,评论之后或者进入这个页面，点击左上角的返回，会自动退出,,UI/Display,comment,page_view,other,comment.page_view.other,N,Medium,1,途牛,途牛,10010000006168,comment.page_view.other,评论之后或者进入这个页面，点击左上角的返回，会自动退出,primary_clue,27,25,评论之后或者进入这个页面 点击左上角的返回 会自动退出,1,
10010000006751,再次进入聊天记录，发现以前的聊天内容，靠左，布局不完善,再次进入聊天记录，发现以前的聊天内容，靠左，布局不完善,,Functional-Social,message_send,list_item,layout_issue,message_send.list_item.layout_issue,N,High,1,途牛,途牛,10010000006751,message_send.list_item.layout_issue,再次进入聊天记录，发现以前的聊天内容，靠左，布局不完善,primary_clue,27,24,再次进入聊天记录 发现以前的聊天内容 靠左 布局不完善,1,
10010000006225,帖子有时候发表失败，特别是带上表情符，添加好友步骤繁琐,帖子有时候发表失败，特别是带上表情符，添加好友步骤繁琐,,Functional-Social,other,list_item,cannot_or_fail,other.list_item.cannot_or_fail,N,High,1,途牛,途牛,10010000006225,other.list_item.cannot_or_fail,帖子有时候发表失败，特别是带上表情符，添加好友步骤繁琐,primary_clue,27,25,帖子有时候发表失败 特别是带上表情符 添加好友步骤繁琐,1,
10010000005866,安装人家查看软件权限。其中有直接打电话而产生扣费的风险,安装人家查看软件权限。其中有直接打电话而产生扣费的风险,,Other,other,other,permission,other.other.permission,N,High,1,途牛,途牛,10010000005866,other.other.permission,安装人家查看软件权限。其中有直接打电话而产生扣费的风险,primary_clue,27,26,安装人家查看软件权限 其中有直接打电话而产生扣费的风险,1,
10010000006259,进入群聊列表，无法查找群组，或者新建群组！对用户不友好,进入群聊列表，无法查找群组，或者新建群组！对用户不友好,,Functional-Search,search,list_item,cannot_or_fail,search.list_item.cannot_or_fail,N,High,1,途牛,途牛,10010000006259,search.list_item.cannot_or_fail,进入群聊列表，无法查找群组，或者新建群组！对用户不友好,primary_clue,27,24,进入群聊列表 无法查找群组 或者新建群组 对用户不友好,1,
10010000006347,支持定位以后，也不能自动检测出当前位置，不能自动定位。,支持定位以后，也不能自动检测出当前位置，不能自动定位。,,Functional-Tracking,gps_track,gps,cannot_or_fail,gps_track.gps.cannot_or_fail,N,High,1,途牛,途牛,10010000006347,gps_track.gps.cannot_or_fail,支持定位以后，也不能自动检测出当前位置，不能自动定位。,primary_clue,27,24,支持定位以后 也不能自动检测出当前位置 不能自动定位,1,
10010000006625,语音不能连续播放，而且语音播放过程除非退出否则不能终止,语音不能连续播放，而且语音播放过程除非退出否则不能终止,,Functional-Media,playback,audio,cannot_or_fail,playback.audio.cannot_or_fail,N,High,1,途牛,途牛,10010000006625,playback.audio.cannot_or_fail,语音不能连续播放，而且语音播放过程除非退出否则不能终止,primary_clue,27,26,语音不能连续播放 而且语音播放过程除非退出否则不能终止,1,
10010000007043,问大家有人回复后，手滑点赞，点错了，想取消赞无法取消。,问大家有人回复后，手滑点赞，点错了，想取消赞无法取消。,,Other,comment,other,cannot_or_fail,comment.other.cannot_or_fail,N,Medium,1,途牛,途牛,10010000007043,comment.other.cannot_or_fail,问大家有人回复后，手滑点赞，点错了，想取消赞无法取消。,primary_clue,27,23,问大家有人回复后 手滑点赞 点错了 想取消赞无法取消,1,
10010000001209,点击套餐总价和点击费用明细是相同的功能，排版设置不完善。,点击套餐总价和点击费用明细是相同的功能，排版设置不完善。,,Other,settings,page_view,other,settings.page_view.other,N,Medium,1,途牛,途牛,10010000001209,settings.page_view.other,点击套餐总价和点击费用明细是相同的功能，排版设置不完善。,primary_clue,28,26,点击套餐总价和点击费用明细是相同的功能 排版设置不完善,1,
10010000002035,定位广州填写关键词就搜索不到酒店，广州这么大肯定有酒店的,定位广州填写关键词就搜索不到酒店，广州这么大肯定有酒店的,,Functional-Search,search,gps,other,search.gps.other,N,High,1,途牛,途牛,10010000002035,search.gps.other,定位广州填写关键词就搜索不到酒店，广州这么大肯定有酒店的,primary_clue,28,27,定位广州填写关键词就搜索不到酒店 广州这么大肯定有酒店的,1,
10010000002652,点击已发送的语音内容播放，再次点击正在播放的语音无法暂停,点击已发送的语音内容播放，再次点击正在播放的语音无法暂停,,Functional-Media,message_send,audio,cannot_or_fail,message_send.audio.cannot_or_fail,N,High,1,途牛,途牛,10010000002652,message_send.audio.cannot_or_fail,点击已发送的语音内容播放，再次点击正在播放的语音无法暂停,primary_clue,28,27,点击已发送的语音内容播放 再次点击正在播放的语音无法暂停,1,
10010000003310,选择表情后，在文本框内显示，删除时，不能一次删除整个表情,选择表情后，在文本框内显示，删除时，不能一次删除整个表情,,Functional-Social,other,input_box,cannot_or_fail,other.input_box.cannot_or_fail,N,High,1,途牛,途牛,10010000003310,other.input_box.cannot_or_fail,选择表情后，在文本框内显示，删除时，不能一次删除整个表情,primary_clue,28,25,选择表情后 在文本框内显示 删除时 不能一次删除整个表情,1,
10010000003111,"在“我的”界面点击头像进入资料界面时,有时会出现闪退现象","在“我的”界面点击头像进入资料界面时,有时会出现闪退现象",,Crash,other,page_view,crash,other.page_view.crash,N,High,1,途牛,途牛,10010000003111,other.page_view.crash,"在“我的”界面点击头像进入资料界面时,有时会出现闪退现象",primary_clue,28,25,在 我的 界面点击头像进入资料界面时 有时会出现闪退现象,1,
10010000003433,下拉消息对话界面时，没有缓冲下拉的效果让人感觉手机死机了,下拉消息对话界面时，没有缓冲下拉的效果让人感觉手机死机了,,Performance/Freeze,message_send,page_view,freeze,message_send.page_view.freeze,N,High,1,途牛,途牛,10010000003433,message_send.page_view.freeze,下拉消息对话界面时，没有缓冲下拉的效果让人感觉手机死机了,primary_clue,28,27,下拉消息对话界面时 没有缓冲下拉的效果让人感觉手机死机了,1,
10010000003730,"点击""我的""页面里昵称旁边的""专属顾问""按钮后应用闪退。","点击""我的""页面里昵称旁边的""专属顾问""按钮后应用闪退。",,Crash,other,button_icon,crash,other.button_icon.crash,N,High,1,途牛,途牛,10010000003730,other.button_icon.crash,"点击""我的""页面里昵称旁边的""专属顾问""按钮后应用闪退。",primary_clue,28,23,点击 我的 页面里昵称旁边的 专属顾问 按钮后应用闪退,1,
10010000002897,进入首页面，用手向上推动界面，下拉刷新的功能就不能用了。,进入首页面，用手向上推动界面，下拉刷新的功能就不能用了。,,UI/Display,other,page_view,cannot_or_fail,other.page_view.cannot_or_fail,N,Medium,1,途牛,途牛,10010000002897,other.page_view.cannot_or_fail,进入首页面，用手向上推动界面，下拉刷新的功能就不能用了。,primary_clue,28,25,进入首页面 用手向上推动界面 下拉刷新的功能就不能用了,1,
10010000005482,播放语音时无法暂停，当有特殊情况时不想听语音时需要暂停。,播放语音时无法暂停，当有特殊情况时不想听语音时需要暂停。,,Functional-Media,playback,audio,cannot_or_fail,playback.audio.cannot_or_fail,N,High,1,途牛,途牛,10010000005482,playback.audio.cannot_or_fail,播放语音时无法暂停，当有特殊情况时不想听语音时需要暂停。,primary_clue,28,26,播放语音时无法暂停 当有特殊情况时不想听语音时需要暂停,1,
10010000005812,没有固定的搜索框可以用来搜索关注好友，查找认识的人麻烦。,没有固定的搜索框可以用来搜索关注好友，查找认识的人麻烦。,,Functional-Search,search,chat,other,search.chat.other,N,High,1,途牛,途牛,10010000005812,search.chat.other,没有固定的搜索框可以用来搜索关注好友，查找认识的人麻烦。,primary_clue,28,26,没有固定的搜索框可以用来搜索关注好友 查找认识的人麻烦,1,
10010000004865,当我知道对方的途牛账号时，无法搜索对方，进而无法互相关注,当我知道对方的途牛账号时，无法搜索对方，进而无法互相关注,,Functional-Account,search,other,cannot_or_fail,search.other.cannot_or_fail,N,High,1,途牛,途牛,10010000004865,search.other.cannot_or_fail,当我知道对方的途牛账号时，无法搜索对方，进而无法互相关注,primary_clue,28,26,当我知道对方的途牛账号时 无法搜索对方 进而无法互相关注,1,
10010000003531,"使用第三方登录的QQ登录时,不能登录,提示登录授权失败。","使用第三方登录的QQ登录时,不能登录,提示登录授权失败。",,Functional-Account,login,other,permission,login.other.permission,N,High,1,途牛,途牛,10010000003531,login.other.permission,"使用第三方登录的QQ登录时,不能登录,提示登录授权失败。",primary_clue,28,25,使用第三方登录的qq登录时 不能登录 提示登录授权失败,1,
10010000004534,第三方登录qq 和微博出现授权失败提示，微信点击没有反应,第三方登录qq 和微博出现授权失败提示，微信点击没有反应,,Functional-Account,login,share_panel,permission,login.share_panel.permission,N,High,1,途牛,途牛,10010000004534,login.share_panel.permission,第三方登录qq 和微博出现授权失败提示，微信点击没有反应,primary_clue,28,26,第三方登录qq 和微博出现授权失败提示 微信点击没有反应,1,
10010000004152,知道对方id，但没有搜索功能，不能了解对方的近日旅游信息,知道对方id，但没有搜索功能，不能了解对方的近日旅游信息,,Functional-Search,search,other,cannot_or_fail,search.other.cannot_or_fail,N,High,1,途牛,途牛,10010000004152,search.other.cannot_or_fail,知道对方id，但没有搜索功能，不能了解对方的近日旅游信息,primary_clue,28,26,知道对方id 但没有搜索功能 不能了解对方的近日旅游信息,1,
10010000005282,在进行软件操作时，有时会死机接着重启（这里无法进行截屏）,在进行软件操作时，有时会死机接着重启（这里无法进行截屏）,,Performance/Freeze,other,other,freeze,other.other.freeze,N,High,1,途牛,途牛,10010000005282,other.other.freeze,在进行软件操作时，有时会死机接着重启（这里无法进行截屏）,primary_clue,28,25,在进行软件操作时 有时会死机接着重启 这里无法进行截屏,1,
10010000004226,含有符号等其他字符不能发送，一直提示内容不能少于5个汉字,含有符号等其他字符不能发送，一直提示内容不能少于5个汉字,,Other,message_send,other,cannot_send,message_send.other.cannot_send,N,High,1,途牛,途牛,10010000004226,message_send.other.cannot_send,含有符号等其他字符不能发送，一直提示内容不能少于5个汉字,primary_clue,28,27,含有符号等其他字符不能发送 一直提示内容不能少于5个汉字,1,
10010000004591,选择表情后，显示在文本框内，回删时，不能一次删除整个表情,选择表情后，显示在文本框内，回删时，不能一次删除整个表情,,Functional-Social,other,input_box,cannot_or_fail,other.input_box.cannot_or_fail,N,High,1,途牛,途牛,10010000004591,other.input_box.cannot_or_fail,选择表情后，显示在文本框内，回删时，不能一次删除整个表情,primary_clue,28,25,选择表情后 显示在文本框内 回删时 不能一次删除整个表情,1,
10010000004477,被屏蔽方收不到对方信息，也不知道自已经被屏蔽，一直等待。,被屏蔽方收不到对方信息，也不知道自已经被屏蔽，一直等待。,,Functional-Social,notification,other,cannot_or_fail,notification.other.cannot_or_fail,N,High,1,途牛,途牛,10010000004477,notification.other.cannot_or_fail,被屏蔽方收不到对方信息，也不知道自已经被屏蔽，一直等待。,primary_clue,28,25,被屏蔽方收不到对方信息 也不知道自已经被屏蔽 一直等待,1,
10010000005491,"在主页下方的导航栏中,“发现”页面上方的菜单不能显示完全","在主页下方的导航栏中,“发现”页面上方的菜单不能显示完全",,UI/Display,other,page_view,cannot_or_fail,other.page_view.cannot_or_fail,N,Medium,1,途牛,途牛,10010000005491,other.page_view.cannot_or_fail,"在主页下方的导航栏中,“发现”页面上方的菜单不能显示完全",primary_clue,28,25,在主页下方的导航栏中 发现 页面上方的菜单不能显示完全,1,
10010000005098,聊天记录无法加密，陌生人可以随便看到自己的个人资料信息。,聊天记录无法加密，陌生人可以随便看到自己的个人资料信息。,,Functional-Social,message_send,list_item,cannot_or_fail,message_send.list_item.cannot_or_fail,N,High,1,途牛,途牛,10010000005098,message_send.list_item.cannot_or_fail,聊天记录无法加密，陌生人可以随便看到自己的个人资料信息。,primary_clue,28,26,聊天记录无法加密 陌生人可以随便看到自己的个人资料信息,1,
10010000004959,已发送的图片无法添加为表情，长按后应出现按钮：添加为表情,已发送的图片无法添加为表情，长按后应出现按钮：添加为表情,,Functional-Social,message_send,button_icon,cannot_or_fail,message_send.button_icon.cannot_or_fail,N,High,1,途牛,途牛,10010000004959,message_send.button_icon.cannot_or_fail,已发送的图片无法添加为表情，长按后应出现按钮：添加为表情,primary_clue,28,26,已发送的图片无法添加为表情 长按后应出现按钮 添加为表情,1,
10010000004728,在“我的”界面中点击“专属顾问”按钮必定会出现闪退现象！,在“我的”界面中点击“专属顾问”按钮必定会出现闪退现象！,,Crash,other,button_icon,crash,other.button_icon.crash,N,High,1,途牛,途牛,10010000004728,other.button_icon.crash,在“我的”界面中点击“专属顾问”按钮必定会出现闪退现象！,primary_clue,28,23,在 我的 界面中点击 专属顾问 按钮必定会出现闪退现象,1,
10010000004889,缺少个性主题设置，用户体验较差，建议增加可以增强用户体验,缺少个性主题设置，用户体验较差，建议增加可以增强用户体验,,UI/Display,settings,page_view,other,settings.page_view.other,N,Medium,1,途牛,途牛,10010000004889,settings.page_view.other,缺少个性主题设置，用户体验较差，建议增加可以增强用户体验,primary_clue,28,26,缺少个性主题设置 用户体验较差 建议增加可以增强用户体验,1,
10010000005267,发送文字消息不可以使用键盘的回车键发送消息，使用不方便。,发送文字消息不可以使用键盘的回车键发送消息，使用不方便。,,Functional-Social,message_send,input_box,cannot_or_fail,message_send.input_box.cannot_or_fail,N,High,1,途牛,途牛,10010000005267,message_send.input_box.cannot_or_fail,发送文字消息不可以使用键盘的回车键发送消息，使用不方便。,primary_clue,28,26,发送文字消息不可以使用键盘的回车键发送消息 使用不方便,1,
10010000005678,和用户私聊中，@功能没必要，该功能一般是在群聊中才有意义,和用户私聊中，@功能没必要，该功能一般是在群聊中才有意义,,Functional-Social,groupchat,chat,other,groupchat.chat.other,N,High,1,途牛,途牛,10010000005678,groupchat.chat.other,和用户私聊中，@功能没必要，该功能一般是在群聊中才有意义,primary_clue,28,25,和用户私聊中 功能没必要 该功能一般是在群聊中才有意义,1,
10010000005445,当点击发送，没有一个投诉成功或者失败的反馈，没具体的说明,当点击发送，没有一个投诉成功或者失败的反馈，没具体的说明,,Other,message_send,other,cannot_or_fail,message_send.other.cannot_or_fail,N,Medium,1,途牛,途牛,10010000005445,message_send.other.cannot_or_fail,当点击发送，没有一个投诉成功或者失败的反馈，没具体的说明,primary_clue,28,26,当点击发送 没有一个投诉成功或者失败的反馈 没具体的说明,1,
10010000006559,未加入小组时，进入页面后，无法再加入小组，没有这个功能键,未加入小组时，进入页面后，无法再加入小组，没有这个功能键,,UI/Display,other,page_view,cannot_or_fail,other.page_view.cannot_or_fail,N,Medium,1,途牛,途牛,10010000006559,other.page_view.cannot_or_fail,未加入小组时，进入页面后，无法再加入小组，没有这个功能键,primary_clue,28,25,未加入小组时 进入页面后 无法再加入小组 没有这个功能键,1,
10010000006281,收到信息时有时会有声音和震动提醒，有时会没有声音震动提示,收到信息时有时会有声音和震动提醒，有时会没有声音震动提示,,Functional-Media,notification,audio,other,notification.audio.other,N,High,1,途牛,途牛,10010000006281,notification.audio.other,收到信息时有时会有声音和震动提醒，有时会没有声音震动提示,primary_clue,28,27,收到信息时有时会有声音和震动提醒 有时会没有声音震动提示,1,
10010000006781,"在测试注册时,发现使用微博账号进行注册时,偶尔会出现报错","在测试注册时,发现使用微博账号进行注册时,偶尔会出现报错",,Functional-Account,register,share_panel,other,register.share_panel.other,N,High,1,途牛,途牛,10010000006781,register.share_panel.other,"在测试注册时,发现使用微博账号进行注册时,偶尔会出现报错",primary_clue,28,26,在测试注册时 发现使用微博账号进行注册时 偶尔会出现报错,1,
10010000006890,输入框大小固定 输入多行时无法像QQ一样扩展 使用不方便,输入框大小固定 输入多行时无法像QQ一样扩展 使用不方便,,Input/Validation,other,input_box,cannot_or_fail,other.input_box.cannot_or_fail,N,High,1,途牛,途牛,10010000006890,other.input_box.cannot_or_fail,输入框大小固定 输入多行时无法像QQ一样扩展 使用不方便,primary_clue,28,26,输入框大小固定 输入多行时无法像qq一样扩展 使用不方便,1,
10010000006958,“我”发送的约玩，帖子都可以删除，但是我的提问不能删除。,“我”发送的约玩，帖子都可以删除，但是我的提问不能删除。,,Other,message_send,list_item,cannot_delete,message_send.list_item.cannot_delete,N,High,1,途牛,途牛,10010000006958,message_send.list_item.cannot_delete,“我”发送的约玩，帖子都可以删除，但是我的提问不能删除。,primary_clue,28,23,我 发送的约玩 帖子都可以删除 但是我的提问不能删除,1,
10010000007079,功能不完整，不能删除“我的提问”。是比较明显的功能漏洞。,功能不完整，不能删除“我的提问”。是比较明显的功能漏洞。,,Other,other,other,cannot_delete,other.other.cannot_delete,N,High,1,途牛,途牛,10010000007079,other.other.cannot_delete,功能不完整，不能删除“我的提问”。是比较明显的功能漏洞。,primary_clue,28,23,功能不完整 不能删除 我的提问 是比较明显的功能漏洞,1,
10010000002791,关于屏蔽的设置，设置完毕没有提示，应该给一个toast提示,关于屏蔽的设置，设置完毕没有提示，应该给一个toast提示,,Functional-Social,settings,page_view,no_prompt,settings.page_view.no_prompt,N,High,1,途牛,途牛,10010000002791,settings.page_view.no_prompt,关于屏蔽的设置，设置完毕没有提示，应该给一个toast提示,primary_clue,29,27,关于屏蔽的设置 设置完毕没有提示 应该给一个toast提示,1,
10010000005265,用户A屏蔽用户B之后，B给A发消息时没有给B提示不能发送。,用户A屏蔽用户B之后，B给A发消息时没有给B提示不能发送。,,Functional-Social,message_send,chat,cannot_send,message_send.chat.cannot_send,N,High,1,途牛,途牛,10010000005265,message_send.chat.cannot_send,用户A屏蔽用户B之后，B给A发消息时没有给B提示不能发送。,primary_clue,29,27,用户a屏蔽用户b之后 b给a发消息时没有给b提示不能发送,1,
10010000003248,无法准确找到人。比如两个人需要互加好友，却找不到在哪里可以,无法准确找到人。比如两个人需要互加好友，却找不到在哪里可以,,Functional-Social,other,chat,cannot_or_fail,other.chat.cannot_or_fail,N,High,1,途牛,途牛,10010000003248,other.chat.cannot_or_fail,无法准确找到人。比如两个人需要互加好友，却找不到在哪里可以,primary_clue,29,27,无法准确找到人 比如两个人需要互加好友 却找不到在哪里可以,1,
10010000003060,分享到微信 朋友圈 qq点击无效 无任何反应 而且无法分享,分享到微信 朋友圈 qq点击无效 无任何反应 而且无法分享,,Functional-Share,share,share_panel,cannot_share,share.share_panel.cannot_share,N,High,1,途牛,途牛,10010000003060,share.share_panel.cannot_share,分享到微信 朋友圈 qq点击无效 无任何反应 而且无法分享,primary_clue,29,25,分享到微信 朋友圈 qq点击无效 无任何反应 而且无法分享,1,
10010000005796,注册必须使用手机号，不能使用邮箱等其他的信息，有泄露的风险,注册必须使用手机号，不能使用邮箱等其他的信息，有泄露的风险,,Functional-Account,register,other,cannot_or_fail,register.other.cannot_or_fail,N,High,1,途牛,途牛,10010000005796,register.other.cannot_or_fail,注册必须使用手机号，不能使用邮箱等其他的信息，有泄露的风险,primary_clue,29,27,注册必须使用手机号 不能使用邮箱等其他的信息 有泄露的风险,1,
10010000004686,在这个界面用户搜索完成之后，点击历史记录永远也没有浏览历史,在这个界面用户搜索完成之后，点击历史记录永远也没有浏览历史,,Functional-Search,search,page_view,other,search.page_view.other,N,High,1,途牛,途牛,10010000004686,search.page_view.other,在这个界面用户搜索完成之后，点击历史记录永远也没有浏览历史,primary_clue,29,28,在这个界面用户搜索完成之后 点击历史记录永远也没有浏览历史,1,
10010000002509,发送表情切换到自定义表情时，输入框大小改变，降低用户体验。,发送表情切换到自定义表情时，输入框大小改变，降低用户体验。,,Functional-Social,message_send,input_box,other,message_send.input_box.other,N,High,1,途牛,途牛,10010000002509,message_send.input_box.other,发送表情切换到自定义表情时，输入框大小改变，降低用户体验。,primary_clue,29,26,发送表情切换到自定义表情时 输入框大小改变 降低用户体验,1,
10010000005307,点击小表情的删除图标不能删除一整个表情 ，只能删除一个符号,点击小表情的删除图标不能删除一整个表情 ，只能删除一个符号,,Functional-Social,other,button_icon,cannot_delete,other.button_icon.cannot_delete,N,High,1,途牛,途牛,10010000005307,other.button_icon.cannot_delete,点击小表情的删除图标不能删除一整个表情 ，只能删除一个符号,primary_clue,29,27,点击小表情的删除图标不能删除一整个表情 只能删除一个符号,1,
10010000002870,首页的recycleview滑动出现卡顿。手机是锤子t1.,首页的recycleview滑动出现卡顿。手机是锤子t1.,,Performance/Freeze,other,page_view,freeze,other.page_view.freeze,N,High,1,途牛,途牛,10010000002870,other.page_view.freeze,首页的recycleview滑动出现卡顿。手机是锤子t1.,primary_clue,29,27,首页的recycleview滑动出现卡顿 手机是锤子t1,1,
10010000003271,分享时只可以分享到微博，无法分享到微信和qq，点击没有反应,分享时只可以分享到微博，无法分享到微信和qq，点击没有反应,,Functional-Share,share,share_panel,cannot_share,share.share_panel.cannot_share,N,High,1,途牛,途牛,10010000003271,share.share_panel.cannot_share,分享时只可以分享到微博，无法分享到微信和qq，点击没有反应,primary_clue,29,27,分享时只可以分享到微博 无法分享到微信和qq 点击没有反应,1,
10010000004520,图片和文字描述不能在一起发出去，只能分开发图片和文字描述。,图片和文字描述不能在一起发出去，只能分开发图片和文字描述。,,UI/Display,other,image_banner,cannot_or_fail,other.image_banner.cannot_or_fail,N,Medium,1,途牛,途牛,10010000004520,other.image_banner.cannot_or_fail,图片和文字描述不能在一起发出去，只能分开发图片和文字描述。,primary_clue,29,27,图片和文字描述不能在一起发出去 只能分开发图片和文字描述,1,
10010000003599,就在刚刚发送的用户，应该为14:00的时间变成了22:37,就在刚刚发送的用户，应该为14:00的时间变成了22:37,,Other,message_send,step,other,message_send.step.other,N,Medium,1,途牛,途牛,10010000003599,message_send.step.other,就在刚刚发送的用户，应该为14:00的时间变成了22:37,primary_clue,29,26,就在刚刚发送的用户 应该为14 00的时间变成了22 37,1,
10010000005495,自定义表情列表有时显示不出来  结束应用后重新进入可以显示,自定义表情列表有时显示不出来 结束应用后重新进入可以显示,,Functional-Social,other,list_item,display_missing,other.list_item.display_missing,N,High,1,途牛,途牛,10010000005495,other.list_item.display_missing,自定义表情列表有时显示不出来 结束应用后重新进入可以显示,primary_clue,28,27,自定义表情列表有时显示不出来 结束应用后重新进入可以显示,1,
10010000003152,用户在取消关注用户、评论帖子时，应用闪退到上一个应用界面。,用户在取消关注用户、评论帖子时，应用闪退到上一个应用界面。,,Crash,comment,page_view,crash,comment.page_view.crash,N,High,1,途牛,途牛,10010000003152,comment.page_view.crash,用户在取消关注用户、评论帖子时，应用闪退到上一个应用界面。,primary_clue,29,26,用户在取消关注用户 评论帖子时 应用闪退到上一个应用界面,1,
10010000006275,陌生人之间发送消息有延迟出现，需要提高收发消息的时间延缓。,陌生人之间发送消息有延迟出现，需要提高收发消息的时间延缓。,,Performance/Freeze,message_send,chat,freeze,message_send.chat.freeze,N,High,1,途牛,途牛,10010000006275,message_send.chat.freeze,陌生人之间发送消息有延迟出现，需要提高收发消息的时间延缓。,primary_clue,29,27,陌生人之间发送消息有延迟出现 需要提高收发消息的时间延缓,1,
10010000003855,举报用户界面中，点击右上角发送按钮会偶然出现软件不正常闪退,举报用户界面中，点击右上角发送按钮会偶然出现软件不正常闪退,,Crash,message_send,button_icon,crash,message_send.button_icon.crash,N,High,1,途牛,途牛,10010000003855,message_send.button_icon.crash,举报用户界面中，点击右上角发送按钮会偶然出现软件不正常闪退,primary_clue,29,28,举报用户界面中 点击右上角发送按钮会偶然出现软件不正常闪退,1,
10010000005917,不能在社区、广场等用户交流的地方搜索已知用户名的具体用户。,不能在社区、广场等用户交流的地方搜索已知用户名的具体用户。,,Functional-Search,search,other,cannot_or_fail,search.other.cannot_or_fail,N,High,1,途牛,途牛,10010000005917,search.other.cannot_or_fail,不能在社区、广场等用户交流的地方搜索已知用户名的具体用户。,primary_clue,29,27,不能在社区 广场等用户交流的地方搜索已知用户名的具体用户,1,
10010000004943,查看私聊的图片，左右切换时会出现卡顿，滑动方向暂时白屏情况,查看私聊的图片，左右切换时会出现卡顿，滑动方向暂时白屏情况,,Performance/Freeze,private_chat,image_banner,freeze,private_chat.image_banner.freeze,N,High,1,途牛,途牛,10010000004943,private_chat.image_banner.freeze,查看私聊的图片，左右切换时会出现卡顿，滑动方向暂时白屏情况,primary_clue,29,27,查看私聊的图片 左右切换时会出现卡顿 滑动方向暂时白屏情况,1,
10010000005130,消息无漫游，清除APP数据后，下次登录时消息没有没被漫游。,消息无漫游，清除APP数据后，下次登录时消息没有没被漫游。,,Functional-Account,login,chat,other,login.chat.other,N,High,1,途牛,途牛,10010000005130,login.chat.other,消息无漫游，清除APP数据后，下次登录时消息没有没被漫游。,primary_clue,29,26,消息无漫游 清除app数据后 下次登录时消息没有没被漫游,1,
10010000005316,没有好友备注功能和好友搜索功能，很难第一时间找到自己的好友,没有好友备注功能和好友搜索功能，很难第一时间找到自己的好友,,Functional-Search,search,chat,other,search.chat.other,N,High,1,途牛,途牛,10010000005316,search.chat.other,没有好友备注功能和好友搜索功能，很难第一时间找到自己的好友,primary_clue,29,28,没有好友备注功能和好友搜索功能 很难第一时间找到自己的好友,1,
10010000006137,无法看出一个好友或达人是否在线。以及可以屏蔽一些骚扰功能。,无法看出一个好友或达人是否在线。以及可以屏蔽一些骚扰功能。,,Functional-Social,other,chat,cannot_or_fail,other.chat.cannot_or_fail,N,High,1,途牛,途牛,10010000006137,other.chat.cannot_or_fail,无法看出一个好友或达人是否在线。以及可以屏蔽一些骚扰功能。,primary_clue,29,27,无法看出一个好友或达人是否在线 以及可以屏蔽一些骚扰功能,1,
10010000005479,模拟器上进行测试，点击图标无法进到别人的个人主页，程序闪退,模拟器上进行测试，点击图标无法进到别人的个人主页，程序闪退,,Crash,other,button_icon,crash,other.button_icon.crash,N,High,1,途牛,途牛,10010000005479,other.button_icon.crash,模拟器上进行测试，点击图标无法进到别人的个人主页，程序闪退,primary_clue,29,27,模拟器上进行测试 点击图标无法进到别人的个人主页 程序闪退,1,
10010000005924,"在“我的”页面右上方点击""专属顾问""会直接退出，无法进入。","在“我的”页面右上方点击""专属顾问""会直接退出，无法进入。",,Crash,other,page_view,crash,other.page_view.crash,N,High,1,途牛,途牛,10010000005924,other.page_view.crash,"在“我的”页面右上方点击""专属顾问""会直接退出，无法进入。",primary_clue,29,23,在 我的 页面右上方点击 专属顾问 会直接退出 无法进入,1,
10010000006222,使用手机APP注册时。必须要使用手机注册，等同于泄露手机号,使用手机APP注册时。必须要使用手机注册，等同于泄露手机号,,Functional-Account,register,other,other,register.other.other,N,High,1,途牛,途牛,10010000006222,register.other.other,使用手机APP注册时。必须要使用手机注册，等同于泄露手机号,primary_clue,29,27,使用手机app注册时 必须要使用手机注册 等同于泄露手机号,1,
10010000006356,发送完超长文字后，长按文字，提供的功能遮挡住输入框（如图）,发送完超长文字后，长按文字，提供的功能遮挡住输入框（如图）,,Input/Validation,message_send,input_box,layout_issue,message_send.input_box.layout_issue,N,High,1,途牛,途牛,10010000006356,message_send.input_box.layout_issue,发送完超长文字后，长按文字，提供的功能遮挡住输入框（如图）,primary_clue,29,25,发送完超长文字后 长按文字 提供的功能遮挡住输入框 如图,1,
10010000006726,在进入非个人主页花费的时间过长，很多时候需要花费10s以上,在进入非个人主页花费的时间过长，很多时候需要花费10s以上,,Other,other,step,other,other.step.other,N,Medium,1,途牛,途牛,10010000006726,other.step.other,在进入非个人主页花费的时间过长，很多时候需要花费10s以上,primary_clue,29,28,在进入非个人主页花费的时间过长 很多时候需要花费10s以上,1,
10010000006906,私聊时选择图片想要发送发现直接退出了途牛程序，就在图库程序,私聊时选择图片想要发送发现直接退出了途牛程序，就在图库程序,,Crash,private_chat,image_banner,crash,private_chat.image_banner.crash,N,High,1,途牛,途牛,10010000006906,private_chat.image_banner.crash,私聊时选择图片想要发送发现直接退出了途牛程序，就在图库程序,primary_clue,29,28,私聊时选择图片想要发送发现直接退出了途牛程序 就在图库程序,1,
10010000006933,私聊发送多个单词，单词之间以.号分隔，程序会当作网页链接。,私聊发送多个单词，单词之间以.号分隔，程序会当作网页链接。,,Functional-Share,share,chat,other,share.chat.other,N,High,1,途牛,途牛,10010000006933,share.chat.other,私聊发送多个单词，单词之间以.号分隔，程序会当作网页链接。,primary_clue,29,25,私聊发送多个单词 单词之间以 号分隔 程序会当作网页链接,1,
10010000007026,在聊天中，发送信息用键盘的回车不能发送，只能点击发送按钮。,在聊天中，发送信息用键盘的回车不能发送，只能点击发送按钮。,,Functional-Social,message_send,input_box,cannot_send,message_send.input_box.cannot_send,N,High,1,途牛,途牛,10010000007026,message_send.input_box.cannot_send,在聊天中，发送信息用键盘的回车不能发送，只能点击发送按钮。,primary_clue,29,26,在聊天中 发送信息用键盘的回车不能发送 只能点击发送按钮,1,
10010000002753,加载任何界面都有明显卡顿，而且有时候无法加载或者加载时间过长,加载任何界面都有明显卡顿，而且有时候无法加载或者加载时间过长,,Performance/Freeze,other,page_view,freeze,other.page_view.freeze,N,High,1,途牛,途牛,10010000002753,other.page_view.freeze,加载任何界面都有明显卡顿，而且有时候无法加载或者加载时间过长,primary_clue,30,29,加载任何界面都有明显卡顿 而且有时候无法加载或者加载时间过长,1,
10010000004124,"在首页搜索框可以输入大量字符,没有限定输入字数,用户体验不好","在首页搜索框可以输入大量字符,没有限定输入字数,用户体验不好",,Functional-Search,search,page_view,other,search.page_view.other,N,High,1,途牛,途牛,10010000004124,search.page_view.other,"在首页搜索框可以输入大量字符,没有限定输入字数,用户体验不好",primary_clue,30,28,在首页搜索框可以输入大量字符 没有限定输入字数 用户体验不好,1,
10010000002484,输入表情后，文本框将其转化为自符，删除不能一下删除整个表情。,输入表情后，文本框将其转化为自符，删除不能一下删除整个表情。,,Functional-Social,other,input_box,cannot_or_fail,other.input_box.cannot_or_fail,N,High,1,途牛,途牛,10010000002484,other.input_box.cannot_or_fail,输入表情后，文本框将其转化为自符，删除不能一下删除整个表情。,primary_clue,30,27,输入表情后 文本框将其转化为自符 删除不能一下删除整个表情,1,
10010000003642,进入在线客服后，下排添加表情，发图等按钮无效，无法与客服沟通,进入在线客服后，下排添加表情，发图等按钮无效，无法与客服沟通,,Functional-Social,other,button_icon,cannot_or_fail,other.button_icon.cannot_or_fail,N,High,1,途牛,途牛,10010000003642,other.button_icon.cannot_or_fail,进入在线客服后，下排添加表情，发图等按钮无效，无法与客服沟通,primary_clue,30,27,进入在线客服后 下排添加表情 发图等按钮无效 无法与客服沟通,1,
10010000005207,投诉该用户时不能添加图片  而且没有提示还剩多少个字可以输入,投诉该用户时不能添加图片 而且没有提示还剩多少个字可以输入,,UI/Display,other,image_banner,no_prompt,other.image_banner.no_prompt,N,High,1,途牛,途牛,10010000005207,other.image_banner.no_prompt,投诉该用户时不能添加图片 而且没有提示还剩多少个字可以输入,primary_clue,29,28,投诉该用户时不能添加图片 而且没有提示还剩多少个字可以输入,1,
10010000002595,"发送语音完毕后,播放语音只能完全播放完毕,不能够从中间停止。","发送语音完毕后,播放语音只能完全播放完毕,不能够从中间停止。",,Functional-Media,message_send,audio,cannot_or_fail,message_send.audio.cannot_or_fail,N,High,1,途牛,途牛,10010000002595,message_send.audio.cannot_or_fail,"发送语音完毕后,播放语音只能完全播放完毕,不能够从中间停止。",primary_clue,30,27,发送语音完毕后 播放语音只能完全播放完毕 不能够从中间停止,1,
10010000002891,添加文字描述时，全部输入空格信息，如“     ”，无法发送,添加文字描述时，全部输入空格信息，如“ ”，无法发送,,Other,message_send,other,cannot_or_fail,message_send.other.cannot_or_fail,N,Medium,1,途牛,途牛,10010000002891,message_send.other.cannot_or_fail,添加文字描述时，全部输入空格信息，如“ ”，无法发送,primary_clue,26,20,添加文字描述时 全部输入空格信息 如 无法发送,1,
10010000003396,私聊为常用功能，但在应用的界面中不能很快找到发起私聊的入口。,私聊为常用功能，但在应用的界面中不能很快找到发起私聊的入口。,,Functional-Social,private_chat,page_view,cannot_or_fail,private_chat.page_view.cannot_or_fail,N,High,1,途牛,途牛,10010000003396,private_chat.page_view.cannot_or_fail,私聊为常用功能，但在应用的界面中不能很快找到发起私聊的入口。,primary_clue,30,28,私聊为常用功能 但在应用的界面中不能很快找到发起私聊的入口,1,
10010000003405,在我的页面中，专属顾问这个按钮，点击这个按钮，软件直接闪退。,在我的页面中，专属顾问这个按钮，点击这个按钮，软件直接闪退。,,Crash,other,button_icon,crash,other.button_icon.crash,N,High,1,途牛,途牛,10010000003405,other.button_icon.crash,在我的页面中，专属顾问这个按钮，点击这个按钮，软件直接闪退。,primary_clue,30,26,在我的页面中 专属顾问这个按钮 点击这个按钮 软件直接闪退,1,
10010000005119,在私聊过程中，无法发送非jpg格式的图片，导致使用不太方便！,在私聊过程中，无法发送非jpg格式的图片，导致使用不太方便！,,Functional-Social,private_chat,image_banner,cannot_or_fail,private_chat.image_banner.cannot_or_fail,N,High,1,途牛,途牛,10010000005119,private_chat.image_banner.cannot_or_fail,在私聊过程中，无法发送非jpg格式的图片，导致使用不太方便！,primary_clue,30,27,在私聊过程中 无法发送非jpg格式的图片 导致使用不太方便,1,
10010000005585,在私聊设置里，可以增加“查找聊天记录”的功能，以此完善功能。,在私聊设置里，可以增加“查找聊天记录”的功能，以此完善功能。,,Functional-Search,search,page_view,other,search.page_view.other,N,High,1,途牛,途牛,10010000005585,search.page_view.other,在私聊设置里，可以增加“查找聊天记录”的功能，以此完善功能。,primary_clue,30,25,在私聊设置里 可以增加 查找聊天记录 的功能 以此完善功能,1,
10010000003527,在私聊发送图片时应用崩溃退出，该BUG偶尔出现，并且无规律。,在私聊发送图片时应用崩溃退出，该BUG偶尔出现，并且无规律。,,Crash,private_chat,image_banner,crash,private_chat.image_banner.crash,N,High,1,途牛,途牛,10010000003527,private_chat.image_banner.crash,在私聊发送图片时应用崩溃退出，该BUG偶尔出现，并且无规律。,primary_clue,30,27,在私聊发送图片时应用崩溃退出 该bug偶尔出现 并且无规律,1,
10010000005258,无法设置备注，很多联系人只有一些随机号同时没有头像，无法辨认,无法设置备注，很多联系人只有一些随机号同时没有头像，无法辨认,,Other,settings,page_view,cannot_or_fail,settings.page_view.cannot_or_fail,N,Medium,1,途牛,途牛,10010000005258,settings.page_view.cannot_or_fail,无法设置备注，很多联系人只有一些随机号同时没有头像，无法辨认,primary_clue,30,28,无法设置备注 很多联系人只有一些随机号同时没有头像 无法辨认,1,
10010000005588,"在登录之后点每个页面右上角的途牛图标进入个人主页,加载特别慢","在登录之后点每个页面右上角的途牛图标进入个人主页,加载特别慢",,Functional-Account,login,button_icon,other,login.button_icon.other,N,High,1,途牛,途牛,10010000005588,login.button_icon.other,"在登录之后点每个页面右上角的途牛图标进入个人主页,加载特别慢",primary_clue,30,29,在登录之后点每个页面右上角的途牛图标进入个人主页 加载特别慢,1,
10010000005037,"当查看长私聊记录时,翻阅记录很卡,需要等待,并且不能查找记录","当查看长私聊记录时,翻阅记录很卡,需要等待,并且不能查找记录",,Functional-Search,search,list_item,cannot_or_fail,search.list_item.cannot_or_fail,N,High,1,途牛,途牛,10010000005037,search.list_item.cannot_or_fail,"当查看长私聊记录时,翻阅记录很卡,需要等待,并且不能查找记录",primary_clue,30,27,当查看长私聊记录时 翻阅记录很卡 需要等待 并且不能查找记录,1,
10010000005191,麻烦，不能通过手机号，昵称搜索添加，要通过帖子等加关注加好友,麻烦，不能通过手机号，昵称搜索添加，要通过帖子等加关注加好友,,Functional-Search,search,list_item,cannot_or_fail,search.list_item.cannot_or_fail,N,High,1,途牛,途牛,10010000005191,search.list_item.cannot_or_fail,麻烦，不能通过手机号，昵称搜索添加，要通过帖子等加关注加好友,primary_clue,30,27,麻烦 不能通过手机号 昵称搜索添加 要通过帖子等加关注加好友,1,
10010000006167,发送图片不能发送gif格式的，它会自动过滤掉gif格式的图片,发送图片不能发送gif格式的，它会自动过滤掉gif格式的图片,,UI/Display,message_send,image_banner,cannot_send,message_send.image_banner.cannot_send,N,High,1,途牛,途牛,10010000006167,message_send.image_banner.cannot_send,发送图片不能发送gif格式的，它会自动过滤掉gif格式的图片,primary_clue,30,29,发送图片不能发送gif格式的 它会自动过滤掉gif格式的图片,1,
10010000006872,问大家相关信息选择完成并发布，只有转发和评论功能，不能删除。,问大家相关信息选择完成并发布，只有转发和评论功能，不能删除。,,Other,comment,list_item,cannot_delete,comment.list_item.cannot_delete,N,High,1,途牛,途牛,10010000006872,comment.list_item.cannot_delete,问大家相关信息选择完成并发布，只有转发和评论功能，不能删除。,primary_clue,30,27,问大家相关信息选择完成并发布 只有转发和评论功能 不能删除,1,
10010000007028,目的地搜索框再小米平板2下，会大概率的出现点击无响应的情况。,目的地搜索框再小米平板2下，会大概率的出现点击无响应的情况。,,Performance/Freeze,search,other,freeze,search.other.freeze,N,High,1,途牛,途牛,10010000007028,search.other.freeze,目的地搜索框再小米平板2下，会大概率的出现点击无响应的情况。,primary_clue,30,28,目的地搜索框再小米平板2下 会大概率的出现点击无响应的情况,1,
10010000007107,在发帖子是，只能选择发布信息的图片，不能上传视屏等其他东西。,在发帖子是，只能选择发布信息的图片，不能上传视屏等其他东西。,,UI/Display,other,list_item,cannot_or_fail,other.list_item.cannot_or_fail,N,Medium,1,途牛,途牛,10010000007107,other.list_item.cannot_or_fail,在发帖子是，只能选择发布信息的图片，不能上传视屏等其他东西。,primary_clue,30,27,在发帖子是 只能选择发布信息的图片 不能上传视屏等其他东西,1,
10010000002056,注册界面只能用手机注册，但是登录界面却提示可以使用手机号邮箱等,注册界面只能用手机注册，但是登录界面却提示可以使用手机号邮箱等,,Functional-Account,register,page_view,other,register.page_view.other,N,High,1,途牛,途牛,10010000002056,register.page_view.other,注册界面只能用手机注册，但是登录界面却提示可以使用手机号邮箱等,primary_clue,31,30,注册界面只能用手机注册 但是登录界面却提示可以使用手机号邮箱等,1,
10010000003363,"收到来自同一个好友的多条语音后,每一条点击后都是第一条的内容!","收到来自同一个好友的多条语音后,每一条点击后都是第一条的内容!",,Functional-Social,playback,chat,other,playback.chat.other,N,High,1,途牛,途牛,10010000003363,playback.chat.other,"收到来自同一个好友的多条语音后,每一条点击后都是第一条的内容!",primary_clue,31,29,收到来自同一个好友的多条语音后 每一条点击后都是第一条的内容,1,
10010000002364,"点击发送的语音,进行播放,无法自行停止,只能等待语音播放完毕。","点击发送的语音,进行播放,无法自行停止,只能等待语音播放完毕。",,Functional-Media,message_send,audio,cannot_or_fail,message_send.audio.cannot_or_fail,N,High,1,途牛,途牛,10010000002364,message_send.audio.cannot_or_fail,"点击发送的语音,进行播放,无法自行停止,只能等待语音播放完毕。",primary_clue,31,27,点击发送的语音 进行播放 无法自行停止 只能等待语音播放完毕,1,
10010000006268,同一个账号在不同的手机上登录之后，之前的聊天记录都重新开始了。,同一个账号在不同的手机上登录之后，之前的聊天记录都重新开始了。,,Functional-Account,login,list_item,other,login.list_item.other,N,High,1,途牛,途牛,10010000006268,login.list_item.other,同一个账号在不同的手机上登录之后，之前的聊天记录都重新开始了。,primary_clue,31,29,同一个账号在不同的手机上登录之后 之前的聊天记录都重新开始了,1,
10010000002860,选择图片时，无法实时更新，手机图库里有的照片，选择的时候找不到,选择图片时，无法实时更新，手机图库里有的照片，选择的时候找不到,,UI/Display,other,image_banner,cannot_or_fail,other.image_banner.cannot_or_fail,N,Medium,1,途牛,途牛,10010000002860,other.image_banner.cannot_or_fail,选择图片时，无法实时更新，手机图库里有的照片，选择的时候找不到,primary_clue,31,28,选择图片时 无法实时更新 手机图库里有的照片 选择的时候找不到,1,
10010000005290,"当多人同时发消息给你时会出现闪退现象。
手机型号:vivox7",当多人同时发消息给你时会出现闪退现象。,手机型号:vivox7,Crash,message_send,chat,crash,message_send.chat.crash,Y,Medium,2,途牛,途牛,10010000005290,message_send.chat.crash,当多人同时发消息给你时会出现闪退现象。,primary_clue,19,18,当多人同时发消息给你时会出现闪退现象,1,
10010000006715,网络连接失败时发送图片不显示失败原因。应提示用户网络连接失败。,网络连接失败时发送图片不显示失败原因。应提示用户网络连接失败。,,UI/Display,message_send,image_banner,display_missing,message_send.image_banner.display_missing,N,High,1,途牛,途牛,10010000006715,message_send.image_banner.display_missing,网络连接失败时发送图片不显示失败原因。应提示用户网络连接失败。,primary_clue,31,29,网络连接失败时发送图片不显示失败原因 应提示用户网络连接失败,1,
10010000003078,在<我的>页面中“专属顾问”不能使用，点击后，自动退出app。,在<我的>页面中“专属顾问”不能使用，点击后，自动退出app。,,UI/Display,other,page_view,cannot_or_fail,other.page_view.cannot_or_fail,N,Medium,1,途牛,途牛,10010000003078,other.page_view.cannot_or_fail,在<我的>页面中“专属顾问”不能使用，点击后，自动退出app。,primary_clue,31,24,在 我的 页面中 专属顾问 不能使用 点击后 自动退出app,1,
10010000003425,发送者发送的表情不能下载最新表情包，用户不能根据喜好发送表情。,发送者发送的表情不能下载最新表情包，用户不能根据喜好发送表情。,,Functional-Social,message_send,other,cannot_or_fail,message_send.other.cannot_or_fail,N,High,1,途牛,途牛,10010000003425,message_send.other.cannot_or_fail,发送者发送的表情不能下载最新表情包，用户不能根据喜好发送表情。,primary_clue,31,29,发送者发送的表情不能下载最新表情包 用户不能根据喜好发送表情,1,
10010000003558,"使用第三方登录的微博登录时,不能正常登录,提示第三方授权出错。","使用第三方登录的微博登录时,不能正常登录,提示第三方授权出错。",,Functional-Account,login,share_panel,permission,login.share_panel.permission,N,High,1,途牛,途牛,10010000003558,login.share_panel.permission,"使用第三方登录的微博登录时,不能正常登录,提示第三方授权出错。",primary_clue,31,28,使用第三方登录的微博登录时 不能正常登录 提示第三方授权出错,1,
10010000005188,"评论内容时,输入框内的内容在未发送的情况下隐藏输入法时被清空。","评论内容时,输入框内的内容在未发送的情况下隐藏输入法时被清空。",,Input/Validation,message_send,input_box,other,message_send.input_box.other,N,High,1,途牛,途牛,10010000005188,message_send.input_box.other,"评论内容时,输入框内的内容在未发送的情况下隐藏输入法时被清空。",primary_clue,31,29,评论内容时 输入框内的内容在未发送的情况下隐藏输入法时被清空,1,
10010000003687,头像无法更换，无法正常选择并保存，提示“无法保存裁剪的图片。”,头像无法更换，无法正常选择并保存，提示“无法保存裁剪的图片。”,,UI/Display,other,image_banner,cannot_or_fail,other.image_banner.cannot_or_fail,N,Medium,1,途牛,途牛,10010000003687,other.image_banner.cannot_or_fail,头像无法更换，无法正常选择并保存，提示“无法保存裁剪的图片。”,primary_clue,31,26,头像无法更换 无法正常选择并保存 提示 无法保存裁剪的图片,1,
10010000005738,聊天时间显示不充分，时间间隔比较大，发出消息后不能显示当前时间,聊天时间显示不充分，时间间隔比较大，发出消息后不能显示当前时间,,Functional-Social,message_send,chat,layout_issue,message_send.chat.layout_issue,N,High,1,途牛,途牛,10010000005738,message_send.chat.layout_issue,聊天时间显示不充分，时间间隔比较大，发出消息后不能显示当前时间,primary_clue,31,29,聊天时间显示不充分 时间间隔比较大 发出消息后不能显示当前时间,1,
10010000003798,当你在选择跟团游时，进出的那个页面会变得很卡，还有不能选择收藏,当你在选择跟团游时，进出的那个页面会变得很卡，还有不能选择收藏,,UI/Display,other,page_view,cannot_or_fail,other.page_view.cannot_or_fail,N,Medium,1,途牛,途牛,10010000003798,other.page_view.cannot_or_fail,当你在选择跟团游时，进出的那个页面会变得很卡，还有不能选择收藏,primary_clue,31,29,当你在选择跟团游时 进出的那个页面会变得很卡 还有不能选择收藏,1,
10010000004235,每次用手机功能的截图都会发生分享的提示页面，而且是无规律的出现,每次用手机功能的截图都会发生分享的提示页面，而且是无规律的出现,,Functional-Share,share,page_view,other,share.page_view.other,N,High,1,途牛,途牛,10010000004235,share.page_view.other,每次用手机功能的截图都会发生分享的提示页面，而且是无规律的出现,primary_clue,31,30,每次用手机功能的截图都会发生分享的提示页面 而且是无规律的出现,1,
10010000006473,虽然在联系人里找到了群组选项，但app并没有提供加入群组的途径,虽然在联系人里找到了群组选项，但app并没有提供加入群组的途径,,Functional-Social,groupchat,chat,other,groupchat.chat.other,N,High,1,途牛,途牛,10010000006473,groupchat.chat.other,虽然在联系人里找到了群组选项，但app并没有提供加入群组的途径,primary_clue,31,30,虽然在联系人里找到了群组选项 但app并没有提供加入群组的途径,1,
10010000005417,来新消息的提示不准确，只在消息栏有提示，通知和聊天栏均没有提示,来新消息的提示不准确，只在消息栏有提示，通知和聊天栏均没有提示,,Functional-Social,message_send,chat,no_prompt,message_send.chat.no_prompt,N,High,1,途牛,途牛,10010000005417,message_send.chat.no_prompt,来新消息的提示不准确，只在消息栏有提示，通知和聊天栏均没有提示,primary_clue,31,29,来新消息的提示不准确 只在消息栏有提示 通知和聊天栏均没有提示,1,
10010000005069,注册、登陆程序简单，多台程序同时登陆无验证措施，账号安全性低。,注册、登陆程序简单，多台程序同时登陆无验证措施，账号安全性低。,,Functional-Account,register,other,other,register.other.other,N,High,1,途牛,途牛,10010000005069,register.other.other,注册、登陆程序简单，多台程序同时登陆无验证措施，账号安全性低。,primary_clue,31,27,注册 登陆程序简单 多台程序同时登陆无验证措施 账号安全性低,1,
10010000006537,向其他用户发送语音时，手指放在话筒上好一会才与反应，录音有延迟,向其他用户发送语音时，手指放在话筒上好一会才与反应，录音有延迟,,Performance/Freeze,message_send,audio,freeze,message_send.audio.freeze,N,High,1,途牛,途牛,10010000006537,message_send.audio.freeze,向其他用户发送语音时，手指放在话筒上好一会才与反应，录音有延迟,primary_clue,31,29,向其他用户发送语音时 手指放在话筒上好一会才与反应 录音有延迟,1,
10010000005357,发送大量文本，导致ui界面卡死，并且以后访问该条消息时依旧卡死,发送大量文本，导致ui界面卡死，并且以后访问该条消息时依旧卡死,,Performance/Freeze,message_send,page_view,freeze,message_send.page_view.freeze,N,High,1,途牛,途牛,10010000005357,message_send.page_view.freeze,发送大量文本，导致ui界面卡死，并且以后访问该条消息时依旧卡死,primary_clue,31,29,发送大量文本 导致ui界面卡死 并且以后访问该条消息时依旧卡死,1,
10010000006273,分享帖子时，不能分享到微信、不能分享到朋友圈、不能分享到QQ。,分享帖子时，不能分享到微信、不能分享到朋友圈、不能分享到QQ。,,Functional-Share,share,list_item,cannot_share,share.list_item.cannot_share,N,High,1,途牛,途牛,10010000006273,share.list_item.cannot_share,分享帖子时，不能分享到微信、不能分享到朋友圈、不能分享到QQ。,primary_clue,31,27,分享帖子时 不能分享到微信 不能分享到朋友圈 不能分享到qq,1,
10010000005401,用户一被用户二屏蔽之后，用户二给一发消息时没有给二提示不能发送,用户一被用户二屏蔽之后，用户二给一发消息时没有给二提示不能发送,,Functional-Social,message_send,chat,cannot_send,message_send.chat.cannot_send,N,High,1,途牛,途牛,10010000005401,message_send.chat.cannot_send,用户一被用户二屏蔽之后，用户二给一发消息时没有给二提示不能发送,primary_clue,31,30,用户一被用户二屏蔽之后 用户二给一发消息时没有给二提示不能发送,1,
10010000006052,OPPO手机中(我的)页面下(随便逛逛)下面的内容显示不出来。,OPPO手机中(我的)页面下(随便逛逛)下面的内容显示不出来。,,UI/Display,other,page_view,display_missing,other.page_view.display_missing,N,High,1,途牛,途牛,10010000006052,other.page_view.display_missing,OPPO手机中(我的)页面下(随便逛逛)下面的内容显示不出来。,primary_clue,31,26,oppo手机中 我的 页面下 随便逛逛 下面的内容显示不出来,1,
10010000006227,不能和已关注用户A的粉丝进行私聊，页面会跳转至用户A的聊天界面,不能和已关注用户A的粉丝进行私聊，页面会跳转至用户A的聊天界面,,Functional-Social,private_chat,page_view,cannot_or_fail,private_chat.page_view.cannot_or_fail,N,High,1,途牛,途牛,10010000006227,private_chat.page_view.cannot_or_fail,不能和已关注用户A的粉丝进行私聊，页面会跳转至用户A的聊天界面,primary_clue,31,30,不能和已关注用户a的粉丝进行私聊 页面会跳转至用户a的聊天界面,1,
10010000005914,"安装人家查看软件权限。其中有读取修改删除sd
的用户数据的风险",安装人家查看软件权限。其中有读取修改删除sd,的用户数据的风险,Other,other,other,permission,other.other.permission,Y,Medium,2,途牛,途牛,10010000005914,other.other.permission,安装人家查看软件权限。其中有读取修改删除sd,primary_clue,22,21,安装人家查看软件权限 其中有读取修改删除sd,1,
10010000006527,可以修改昵称，但是无法更改自己所选的图片做头像。影响客户体验。,可以修改昵称，但是无法更改自己所选的图片做头像。影响客户体验。,,UI/Display,other,image_banner,cannot_or_fail,other.image_banner.cannot_or_fail,N,Medium,1,途牛,途牛,10010000006527,other.image_banner.cannot_or_fail,可以修改昵称，但是无法更改自己所选的图片做头像。影响客户体验。,primary_clue,31,28,可以修改昵称 但是无法更改自己所选的图片做头像 影响客户体验,1,
10010000006755,第三方登陆接口全部失效，微博不能对接，QQ不能授权，微信不载入,第三方登陆接口全部失效，微博不能对接，QQ不能授权，微信不载入,,Functional-Share,share,share_panel,wrong_value,share.share_panel.wrong_value,N,High,1,途牛,途牛,10010000006755,share.share_panel.wrong_value,第三方登陆接口全部失效，微博不能对接，QQ不能授权，微信不载入,primary_clue,31,28,第三方登陆接口全部失效 微博不能对接 qq不能授权 微信不载入,1,
10010000000890,当使用没有注册的手机号进行动态密码登陆时，会出现一直加载的情况。,当使用没有注册的手机号进行动态密码登陆时，会出现一直加载的情况。,,Network/Loading,register,other,load_fail,register.other.load_fail,N,High,1,途牛,途牛,10010000000890,register.other.load_fail,当使用没有注册的手机号进行动态密码登陆时，会出现一直加载的情况。,primary_clue,32,30,当使用没有注册的手机号进行动态密码登陆时 会出现一直加载的情况,1,
10010000000846,订酒店时无法定位该酒店所处位置！我预定的酒店所在城市没有定位到！,订酒店时无法定位该酒店所处位置！我预定的酒店所在城市没有定位到！,,Functional-Tracking,gps_track,gps,cannot_or_fail,gps_track.gps.cannot_or_fail,N,High,1,途牛,途牛,10010000000846,gps_track.gps.cannot_or_fail,订酒店时无法定位该酒店所处位置！我预定的酒店所在城市没有定位到！,primary_clue,32,30,订酒店时无法定位该酒店所处位置 我预定的酒店所在城市没有定位到,1,
10010000003181,在聊天记录中，对方的头像，名称没有同步。只是显示默认头像和号码。,在聊天记录中，对方的头像，名称没有同步。只是显示默认头像和号码。,,Functional-Social,message_send,list_item,wrong_value,message_send.list_item.wrong_value,N,High,1,途牛,途牛,10010000003181,message_send.list_item.wrong_value,在聊天记录中，对方的头像，名称没有同步。只是显示默认头像和号码。,primary_clue,32,28,在聊天记录中 对方的头像 名称没有同步 只是显示默认头像和号码,1,
10010000003840,发送语音的时候自己不能查看自己说了多久，发送后才能知道自己的秒数,发送语音的时候自己不能查看自己说了多久，发送后才能知道自己的秒数,,Functional-Media,message_send,audio,cannot_or_fail,message_send.audio.cannot_or_fail,N,High,1,途牛,途牛,10010000003840,message_send.audio.cannot_or_fail,发送语音的时候自己不能查看自己说了多久，发送后才能知道自己的秒数,primary_clue,32,31,发送语音的时候自己不能查看自己说了多久 发送后才能知道自己的秒数,1,
10010000003012,发送语音信息的时候，只能等待它自动播放结束，不能手动点击气泡停止,发送语音信息的时候，只能等待它自动播放结束，不能手动点击气泡停止,,Functional-Media,message_send,audio,cannot_or_fail,message_send.audio.cannot_or_fail,N,High,1,途牛,途牛,10010000003012,message_send.audio.cannot_or_fail,发送语音信息的时候，只能等待它自动播放结束，不能手动点击气泡停止,primary_clue,32,30,发送语音信息的时候 只能等待它自动播放结束 不能手动点击气泡停止,1,
10010000003113,聊天输入框EditText ，框不能随着文字或表情的增加而变大。,聊天输入框EditText ，框不能随着文字或表情的增加而变大。,,Functional-Social,message_send,input_box,cannot_or_fail,message_send.input_box.cannot_or_fail,N,High,1,途牛,途牛,10010000003113,message_send.input_box.cannot_or_fail,聊天输入框EditText ，框不能随着文字或表情的增加而变大。,primary_clue,32,29,聊天输入框edittext 框不能随着文字或表情的增加而变大,1,
10010000002665,评论的时候编辑文字的时候只能出现一半，不能显示完整的评论框和文字,评论的时候编辑文字的时候只能出现一半，不能显示完整的评论框和文字,,Other,comment,list_item,cannot_or_fail,comment.list_item.cannot_or_fail,N,Medium,1,途牛,途牛,10010000002665,comment.list_item.cannot_or_fail,评论的时候编辑文字的时候只能出现一半，不能显示完整的评论框和文字,primary_clue,32,31,评论的时候编辑文字的时候只能出现一半 不能显示完整的评论框和文字,1,
10010000005883,别人发消息过来不会发出提示音，也没有提示，点进聊天才会出现声音。,别人发消息过来不会发出提示音，也没有提示，点进聊天才会出现声音。,,Functional-Social,message_send,chat,no_prompt,message_send.chat.no_prompt,N,High,1,途牛,途牛,10010000005883,message_send.chat.no_prompt,别人发消息过来不会发出提示音，也没有提示，点进聊天才会出现声音。,primary_clue,32,29,别人发消息过来不会发出提示音 也没有提示 点进聊天才会出现声音,1,
10010000003768,访问他人主页的过程太过繁琐，用户无法通过固定的按钮访问他人主页。,访问他人主页的过程太过繁琐，用户无法通过固定的按钮访问他人主页。,,UI/Display,other,button_icon,cannot_or_fail,other.button_icon.cannot_or_fail,N,Medium,1,途牛,途牛,10010000003768,other.button_icon.cannot_or_fail,访问他人主页的过程太过繁琐，用户无法通过固定的按钮访问他人主页。,primary_clue,32,30,访问他人主页的过程太过繁琐 用户无法通过固定的按钮访问他人主页,1,
10010000004247,在个人界面点击修改昵称是会黑屏闪退，其他操作也会有一定几率闪退。,在个人界面点击修改昵称是会黑屏闪退，其他操作也会有一定几率闪退。,,Crash,other,page_view,crash,other.page_view.crash,N,High,1,途牛,途牛,10010000004247,other.page_view.crash,在个人界面点击修改昵称是会黑屏闪退，其他操作也会有一定几率闪退。,primary_clue,32,30,在个人界面点击修改昵称是会黑屏闪退 其他操作也会有一定几率闪退,1,
10010000005243,对于私聊中的图片只能选择保存到手机中，不能进行其他对图片的处理。,对于私聊中的图片只能选择保存到手机中，不能进行其他对图片的处理。,,Functional-Social,private_chat,image_banner,cannot_or_fail,private_chat.image_banner.cannot_or_fail,N,High,1,途牛,途牛,10010000005243,private_chat.image_banner.cannot_or_fail,对于私聊中的图片只能选择保存到手机中，不能进行其他对图片的处理。,primary_clue,32,30,对于私聊中的图片只能选择保存到手机中 不能进行其他对图片的处理,1,
10010000005549,私聊时提到有关密码等敏感词时没有提示小心受骗提示大家谨防上当受骗,私聊时提到有关密码等敏感词时没有提示小心受骗提示大家谨防上当受骗,,Functional-Account,private_chat,chat,no_prompt,private_chat.chat.no_prompt,N,High,1,途牛,途牛,10010000005549,private_chat.chat.no_prompt,私聊时提到有关密码等敏感词时没有提示小心受骗提示大家谨防上当受骗,primary_clue,32,32,私聊时提到有关密码等敏感词时没有提示小心受骗提示大家谨防上当受骗,1,
10010000004340,接收好友的图片，手机不同，图片可能加载不出来，有的可以，有的不行,接收好友的图片，手机不同，图片可能加载不出来，有的可以，有的不行,,Network/Loading,other,image_banner,load_fail,other.image_banner.load_fail,N,High,1,途牛,途牛,10010000004340,other.image_banner.load_fail,接收好友的图片，手机不同，图片可能加载不出来，有的可以，有的不行,primary_clue,32,28,接收好友的图片 手机不同 图片可能加载不出来 有的可以 有的不行,1,
10010000006974,在回帖处的时间显示出现错误，没有按照回帖时间的先后顺序进行显示。,在回帖处的时间显示出现错误，没有按照回帖时间的先后顺序进行显示。,,Other,other,step,wrong_value,other.step.wrong_value,N,High,1,途牛,途牛,10010000006974,other.step.wrong_value,在回帖处的时间显示出现错误，没有按照回帖时间的先后顺序进行显示。,primary_clue,32,30,在回帖处的时间显示出现错误 没有按照回帖时间的先后顺序进行显示,1,
10010000006596,"在测试私聊路径时,点击某人头像准备进入个人主页时,出现闪退的现象","在测试私聊路径时,点击某人头像准备进入个人主页时,出现闪退的现象",,Crash,private_chat,chat,crash,private_chat.chat.crash,N,High,1,途牛,途牛,10010000006596,private_chat.chat.crash,"在测试私聊路径时,点击某人头像准备进入个人主页时,出现闪退的现象",primary_clue,32,30,在测试私聊路径时 点击某人头像准备进入个人主页时 出现闪退的现象,1,
10010000006412,在滑动“我的”界面时，有卡顿，快速滑动时会卡住，上下滑动有点卡。,在滑动“我的”界面时，有卡顿，快速滑动时会卡住，上下滑动有点卡。,,Performance/Freeze,other,page_view,freeze,other.page_view.freeze,N,High,1,途牛,途牛,10010000006412,other.page_view.freeze,在滑动“我的”界面时，有卡顿，快速滑动时会卡住，上下滑动有点卡。,primary_clue,32,26,在滑动 我的 界面时 有卡顿 快速滑动时会卡住 上下滑动有点卡,1,
10010000006787,在看别人写的优美游记时，点击作者想和作者私聊时，程序闪退回到桌面,在看别人写的优美游记时，点击作者想和作者私聊时，程序闪退回到桌面,,Crash,private_chat,chat,crash,private_chat.chat.crash,N,High,1,途牛,途牛,10010000006787,private_chat.chat.crash,在看别人写的优美游记时，点击作者想和作者私聊时，程序闪退回到桌面,primary_clue,32,30,在看别人写的优美游记时 点击作者想和作者私聊时 程序闪退回到桌面,1,
10010000007173,缺少发布的相关信息分享到微信，朋友圈，微博，qq等社交软件的功能,缺少发布的相关信息分享到微信，朋友圈，微博，qq等社交软件的功能,,Functional-Share,share,share_panel,other,share.share_panel.other,N,High,1,途牛,途牛,10010000007173,share.share_panel.other,缺少发布的相关信息分享到微信，朋友圈，微博，qq等社交软件的功能,primary_clue,32,29,缺少发布的相关信息分享到微信 朋友圈 微博 qq等社交软件的功能,1,
10010000007099,发布帖子，添加图片时，反应较慢，而且有的图片添加上去显示不出来。,发布帖子，添加图片时，反应较慢，而且有的图片添加上去显示不出来。,,UI/Display,other,list_item,display_missing,other.list_item.display_missing,N,High,1,途牛,途牛,10010000007099,other.list_item.display_missing,发布帖子，添加图片时，反应较慢，而且有的图片添加上去显示不出来。,primary_clue,32,28,发布帖子 添加图片时 反应较慢 而且有的图片添加上去显示不出来,1,
10010000005063,下单必须使用优惠 如果优惠无法使用则无法下单 用户不能单一订购商品,下单必须使用优惠 如果优惠无法使用则无法下单 用户不能单一订购商品,,Functional-Commerce,shopping,commerce,cannot_or_fail,shopping.commerce.cannot_or_fail,N,High,1,途牛,途牛,10010000005063,shopping.commerce.cannot_or_fail,下单必须使用优惠 如果优惠无法使用则无法下单 用户不能单一订购商品,primary_clue,33,31,下单必须使用优惠 如果优惠无法使用则无法下单 用户不能单一订购商品,1,
10010000002350,进入个人页面中，上传头像照片时，选择较大点的图片上传后，程序就崩溃,进入个人页面中，上传头像照片时，选择较大点的图片上传后，程序就崩溃,,Crash,other,page_view,crash,other.page_view.crash,N,High,1,途牛,途牛,10010000002350,other.page_view.crash,进入个人页面中，上传头像照片时，选择较大点的图片上传后，程序就崩溃,primary_clue,33,30,进入个人页面中 上传头像照片时 选择较大点的图片上传后 程序就崩溃,1,
10010000004953,私聊没有设置查看聊天记录，只能上翻查看记录，关键信息不能及时查找。,私聊没有设置查看聊天记录，只能上翻查看记录，关键信息不能及时查找。,,Functional-Search,search,page_view,cannot_or_fail,search.page_view.cannot_or_fail,N,High,1,途牛,途牛,10010000004953,search.page_view.cannot_or_fail,私聊没有设置查看聊天记录，只能上翻查看记录，关键信息不能及时查找。,primary_clue,33,30,私聊没有设置查看聊天记录 只能上翻查看记录 关键信息不能及时查找,1,
10010000006984,听较长语音时，除了退出当前页面这种方法外，没有其他办法不能让其暂停,听较长语音时，除了退出当前页面这种方法外，没有其他办法不能让其暂停,,Functional-Media,playback,page_view,cannot_or_fail,playback.page_view.cannot_or_fail,N,High,1,途牛,途牛,10010000006984,playback.page_view.cannot_or_fail,听较长语音时，除了退出当前页面这种方法外，没有其他办法不能让其暂停,primary_clue,33,31,听较长语音时 除了退出当前页面这种方法外 没有其他办法不能让其暂停,1,
10010000004904,最上方的标题栏里面的字和背景在页面浏览时出现透明或者字体重叠的现象,最上方的标题栏里面的字和背景在页面浏览时出现透明或者字体重叠的现象,,UI/Display,other,page_view,layout_issue,other.page_view.layout_issue,N,High,1,途牛,途牛,10010000004904,other.page_view.layout_issue,最上方的标题栏里面的字和背景在页面浏览时出现透明或者字体重叠的现象,primary_clue,33,33,最上方的标题栏里面的字和背景在页面浏览时出现透明或者字体重叠的现象,1,
10010000005392,别人发的信息，应用若未开启，不会有信息提醒，只有开启应用后才提醒。,别人发的信息，应用若未开启，不会有信息提醒，只有开启应用后才提醒。,,Other,notification,other,other,notification.other.other,N,Medium,1,途牛,途牛,10010000005392,notification.other.other,别人发的信息，应用若未开启，不会有信息提醒，只有开启应用后才提醒。,primary_clue,33,29,别人发的信息 应用若未开启 不会有信息提醒 只有开启应用后才提醒,1,
10010000004527,登录后，在首页，点击页面右上角的消息无任何反应，多次点击才能打开！,登录后，在首页，点击页面右上角的消息无任何反应，多次点击才能打开！,,Functional-Account,login,page_view,other,login.page_view.other,N,High,1,途牛,途牛,10010000004527,login.page_view.other,登录后，在首页，点击页面右上角的消息无任何反应，多次点击才能打开！,primary_clue,33,29,登录后 在首页 点击页面右上角的消息无任何反应 多次点击才能打开,1,
10010000003275,找人只能通过发布状态来找，不能通过搜索昵称或者ID来找，功能不完全,找人只能通过发布状态来找，不能通过搜索昵称或者ID来找，功能不完全,,Functional-Search,search,other,cannot_or_fail,search.other.cannot_or_fail,N,High,1,途牛,途牛,10010000003275,search.other.cannot_or_fail,找人只能通过发布状态来找，不能通过搜索昵称或者ID来找，功能不完全,primary_clue,33,31,找人只能通过发布状态来找 不能通过搜索昵称或者id来找 功能不完全,1,
10010000003777,好友修改头像和名称后，在用户这里无法显示，即使时间长了仍然无法显示,好友修改头像和名称后，在用户这里无法显示，即使时间长了仍然无法显示,,Functional-Social,other,chat,cannot_or_fail,other.chat.cannot_or_fail,N,High,1,途牛,途牛,10010000003777,other.chat.cannot_or_fail,好友修改头像和名称后，在用户这里无法显示，即使时间长了仍然无法显示,primary_clue,33,31,好友修改头像和名称后 在用户这里无法显示 即使时间长了仍然无法显示,1,
10010000005054,用户进行第三方分享，微信、qq、朋友圈无法分享，新浪微博分享失败。,用户进行第三方分享，微信、qq、朋友圈无法分享，新浪微博分享失败。,,Functional-Share,share,share_panel,cannot_share,share.share_panel.cannot_share,N,High,1,途牛,途牛,10010000005054,share.share_panel.cannot_share,用户进行第三方分享，微信、qq、朋友圈无法分享，新浪微博分享失败。,primary_clue,33,28,用户进行第三方分享 微信 qq 朋友圈无法分享 新浪微博分享失败,1,
10010000005710,私聊过程中，不能把对方发过来的图片直接添加表情，这会占用很大内存。,私聊过程中，不能把对方发过来的图片直接添加表情，这会占用很大内存。,,Functional-Social,private_chat,image_banner,cannot_or_fail,private_chat.image_banner.cannot_or_fail,N,High,1,途牛,途牛,10010000005710,private_chat.image_banner.cannot_or_fail,私聊过程中，不能把对方发过来的图片直接添加表情，这会占用很大内存。,primary_clue,33,30,私聊过程中 不能把对方发过来的图片直接添加表情 这会占用很大内存,1,
10010000006735,点击右上角“消息”→“通知”→“互动动态”，不能正常刷新动态列表。,点击右上角“消息”→“通知”→“互动动态”，不能正常刷新动态列表。,,Functional-Social,message_send,list_item,cannot_or_fail,message_send.list_item.cannot_or_fail,N,High,1,途牛,途牛,10010000006735,message_send.list_item.cannot_or_fail,点击右上角“消息”→“通知”→“互动动态”，不能正常刷新动态列表。,primary_clue,33,23,点击右上角 消息 通知 互动动态 不能正常刷新动态列表,1,
10010000004035,私聊时，输入法输入信息后单击输入上的回车按钮，无法发送，而出现换行,私聊时，输入法输入信息后单击输入上的回车按钮，无法发送，而出现换行,,Functional-Social,private_chat,button_icon,cannot_or_fail,private_chat.button_icon.cannot_or_fail,N,High,1,途牛,途牛,10010000004035,private_chat.button_icon.cannot_or_fail,私聊时，输入法输入信息后单击输入上的回车按钮，无法发送，而出现换行,primary_clue,33,30,私聊时 输入法输入信息后单击输入上的回车按钮 无法发送 而出现换行,1,
10010000004633,在私聊页面发送内容过长的信息时，查看该信息会让程序闪退或是无响应。,在私聊页面发送内容过长的信息时，查看该信息会让程序闪退或是无响应。,,Crash,private_chat,page_view,crash,private_chat.page_view.crash,N,High,1,途牛,途牛,10010000004633,private_chat.page_view.crash,在私聊页面发送内容过长的信息时，查看该信息会让程序闪退或是无响应。,primary_clue,33,31,在私聊页面发送内容过长的信息时 查看该信息会让程序闪退或是无响应,1,
10010000004786,给对方发送一张照片，发现不能收藏，不能全部选择，不能添加表情等功能,给对方发送一张照片，发现不能收藏，不能全部选择，不能添加表情等功能,,Functional-Social,message_send,other,cannot_or_fail,message_send.other.cannot_or_fail,N,High,1,途牛,途牛,10010000004786,message_send.other.cannot_or_fail,给对方发送一张照片，发现不能收藏，不能全部选择，不能添加表情等功能,primary_clue,33,30,给对方发送一张照片 发现不能收藏 不能全部选择 不能添加表情等功能,1,
10010000006583,发表言论，对于别人的评论不能回复，如果有回复的功能，用户体验会更好,发表言论，对于别人的评论不能回复，如果有回复的功能，用户体验会更好,,UI/Display,comment,list_item,cannot_or_fail,comment.list_item.cannot_or_fail,N,Medium,1,途牛,途牛,10010000006583,comment.list_item.cannot_or_fail,发表言论，对于别人的评论不能回复，如果有回复的功能，用户体验会更好,primary_clue,33,30,发表言论 对于别人的评论不能回复 如果有回复的功能 用户体验会更好,1,
10010000006285,发送一定长度的语音，在播放过程中不能终止播放，只能一次性播放完毕。,发送一定长度的语音，在播放过程中不能终止播放，只能一次性播放完毕。,,Functional-Media,message_send,audio,cannot_or_fail,message_send.audio.cannot_or_fail,N,High,1,途牛,途牛,10010000006285,message_send.audio.cannot_or_fail,发送一定长度的语音，在播放过程中不能终止播放，只能一次性播放完毕。,primary_clue,33,30,发送一定长度的语音 在播放过程中不能终止播放 只能一次性播放完毕,1,
10010000006196,发送语音的限制是60秒。发送前没有提示时间用户并不知道自己用了多久,发送语音的限制是60秒。发送前没有提示时间用户并不知道自己用了多久,,Functional-Media,message_send,step,no_prompt,message_send.step.no_prompt,N,High,1,途牛,途牛,10010000006196,message_send.step.no_prompt,发送语音的限制是60秒。发送前没有提示时间用户并不知道自己用了多久,primary_clue,33,32,发送语音的限制是60秒 发送前没有提示时间用户并不知道自己用了多久,1,
10010000006728,在下方bar切换时经常发现，页面布局出错的Bug 严重影响用户体验,在下方bar切换时经常发现，页面布局出错的Bug 严重影响用户体验,,UI/Display,other,page_view,layout_issue,other.page_view.layout_issue,N,High,1,途牛,途牛,10010000006728,other.page_view.layout_issue,在下方bar切换时经常发现，页面布局出错的Bug 严重影响用户体验,primary_clue,33,31,在下方bar切换时经常发现 页面布局出错的bug 严重影响用户体验,1,
10010000006779,注册页面，没有密码位数限制，没有任何弱密码提醒严重影响用户信息安全,注册页面，没有密码位数限制，没有任何弱密码提醒严重影响用户信息安全,,Functional-Account,register,page_view,other,register.page_view.other,N,High,1,途牛,途牛,10010000006779,register.page_view.other,注册页面，没有密码位数限制，没有任何弱密码提醒严重影响用户信息安全,primary_clue,33,31,注册页面 没有密码位数限制 没有任何弱密码提醒严重影响用户信息安全,1,
10010000006771,查找用户不合理，查找更新的帖子不易发现，，不易发现想要添加的好友。,查找用户不合理，查找更新的帖子不易发现，，不易发现想要添加的好友。,,Functional-Search,search,list_item,other,search.list_item.other,N,High,1,途牛,途牛,10010000006771,search.list_item.other,查找用户不合理，查找更新的帖子不易发现，，不易发现想要添加的好友。,primary_clue,33,29,查找用户不合理 查找更新的帖子不易发现 不易发现想要添加的好友,1,
10010000007142,群聊没有群，用户想要建群不方便，而QQ微信在右上角会出现加号键建群,群聊没有群，用户想要建群不方便，而QQ微信在右上角会出现加号键建群,,Functional-Social,groupchat,chat,other,groupchat.chat.other,N,High,1,途牛,途牛,10010000007142,groupchat.chat.other,群聊没有群，用户想要建群不方便，而QQ微信在右上角会出现加号键建群,primary_clue,33,31,群聊没有群 用户想要建群不方便 而qq微信在右上角会出现加号键建群,1,
10010000001430,手机开启了位置服务，也给予了应用位置权限，但是还是无法获取当前城市。,手机开启了位置服务，也给予了应用位置权限，但是还是无法获取当前城市。,,Other,other,other,permission,other.other.permission,N,High,1,途牛,途牛,10010000001430,other.other.permission,手机开启了位置服务，也给予了应用位置权限，但是还是无法获取当前城市。,primary_clue,34,31,手机开启了位置服务 也给予了应用位置权限 但是还是无法获取当前城市,1,
10010000001904,很难回到主页，在打开多个页面的时候。还有右上角拓展的···不能点击。,很难回到主页，在打开多个页面的时候。还有右上角拓展的···不能点击。,,UI/Display,other,page_view,cannot_or_fail,other.page_view.cannot_or_fail,N,Medium,1,途牛,途牛,10010000001904,other.page_view.cannot_or_fail,很难回到主页，在打开多个页面的时候。还有右上角拓展的···不能点击。,primary_clue,34,28,很难回到主页 在打开多个页面的时候 还有右上角拓展的 不能点击,1,
10010000005248,私聊界面中，输入表情时，删除时只能按单个字符删除，而不能删除整个表情,私聊界面中，输入表情时，删除时只能按单个字符删除，而不能删除整个表情,,Functional-Social,private_chat,page_view,cannot_delete,private_chat.page_view.cannot_delete,N,High,1,途牛,途牛,10010000005248,private_chat.page_view.cannot_delete,私聊界面中，输入表情时，删除时只能按单个字符删除，而不能删除整个表情,primary_clue,34,31,私聊界面中 输入表情时 删除时只能按单个字符删除 而不能删除整个表情,1,
10010000002410,点击或者从任何页面跳入专属顾问页面，必然无法加载内容而且必然马上闪退,点击或者从任何页面跳入专属顾问页面，必然无法加载内容而且必然马上闪退,,Crash,other,page_view,crash,other.page_view.crash,N,High,1,途牛,途牛,10010000002410,other.page_view.crash,点击或者从任何页面跳入专属顾问页面，必然无法加载内容而且必然马上闪退,primary_clue,34,33,点击或者从任何页面跳入专属顾问页面 必然无法加载内容而且必然马上闪退,1,
10010000005022,"在关闭网络连接后重新连接网络,页面加载图片异常，刷新页面依然无法加载","在关闭网络连接后重新连接网络,页面加载图片异常，刷新页面依然无法加载",,Network/Loading,other,page_view,load_fail,other.page_view.load_fail,N,High,1,途牛,途牛,10010000005022,other.page_view.load_fail,"在关闭网络连接后重新连接网络,页面加载图片异常，刷新页面依然无法加载",primary_clue,34,32,在关闭网络连接后重新连接网络 页面加载图片异常 刷新页面依然无法加载,1,
10010000005697,找不到添加已注册途牛账号的好友，没有好友列表，所以有些功能测试不了。,找不到添加已注册途牛账号的好友，没有好友列表，所以有些功能测试不了。,,Functional-Account,register,list_item,other,register.list_item.other,N,High,1,途牛,途牛,10010000005697,register.list_item.other,找不到添加已注册途牛账号的好友，没有好友列表，所以有些功能测试不了。,primary_clue,34,31,找不到添加已注册途牛账号的好友 没有好友列表 所以有些功能测试不了,1,
10010000002385,选择下方加号，进行发帖等功能时，界面不能直接跳转，需要返回后再跳转。,选择下方加号，进行发帖等功能时，界面不能直接跳转，需要返回后再跳转。,,UI/Display,other,page_view,cannot_or_fail,other.page_view.cannot_or_fail,N,Medium,1,途牛,途牛,10010000002385,other.page_view.cannot_or_fail,选择下方加号，进行发帖等功能时，界面不能直接跳转，需要返回后再跳转。,primary_clue,34,30,选择下方加号 进行发帖等功能时 界面不能直接跳转 需要返回后再跳转,1,
10010000005986,打开和其他人聊天窗口时，因为之前发的信息内容过大，手机迟钝，导致闪退,打开和其他人聊天窗口时，因为之前发的信息内容过大，手机迟钝，导致闪退,,Crash,message_send,chat,crash,message_send.chat.crash,N,High,1,途牛,途牛,10010000005986,message_send.chat.crash,打开和其他人聊天窗口时，因为之前发的信息内容过大，手机迟钝，导致闪退,primary_clue,34,31,打开和其他人聊天窗口时 因为之前发的信息内容过大 手机迟钝 导致闪退,1,
10010000004973,用户在使用第三方登录时，QQ，微博，微信，这三个的账号不能登录该软件,用户在使用第三方登录时，QQ，微博，微信，这三个的账号不能登录该软件,,Functional-Account,login,share_panel,cannot_or_fail,login.share_panel.cannot_or_fail,N,High,1,途牛,途牛,10010000004973,login.share_panel.cannot_or_fail,用户在使用第三方登录时，QQ，微博，微信，这三个的账号不能登录该软件,primary_clue,34,30,用户在使用第三方登录时 qq 微博 微信 这三个的账号不能登录该软件,1,
10010000004968,私聊退出时，重新进入聊天信息发生错误，我发出去的消息变为他回应的消息,私聊退出时，重新进入聊天信息发生错误，我发出去的消息变为他回应的消息,,Functional-Social,private_chat,chat,wrong_value,private_chat.chat.wrong_value,N,High,1,途牛,途牛,10010000004968,private_chat.chat.wrong_value,私聊退出时，重新进入聊天信息发生错误，我发出去的消息变为他回应的消息,primary_clue,34,32,私聊退出时 重新进入聊天信息发生错误 我发出去的消息变为他回应的消息,1,
10010000002793,"在没有关注的用户中，在其评论下点赞，不应该出现""-1""，至少从0开始","在没有关注的用户中，在其评论下点赞，不应该出现""","1""，至少从0开始",Other,comment,list_item,other,comment.list_item.other,Y,Medium,2,途牛,途牛,10010000002793,comment.list_item.other,"在没有关注的用户中，在其评论下点赞，不应该出现""",primary_clue,24,21,在没有关注的用户中 在其评论下点赞 不应该出现,1,
10010000005438,当提及私密信息，设计个人财产银行卡号密码，支付宝密码时，没有安全提示,当提及私密信息，设计个人财产银行卡号密码，支付宝密码时，没有安全提示,,Functional-Account,shopping,commerce,other,shopping.commerce.other,N,High,1,途牛,途牛,10010000005438,shopping.commerce.other,当提及私密信息，设计个人财产银行卡号密码，支付宝密码时，没有安全提示,primary_clue,34,31,当提及私密信息 设计个人财产银行卡号密码 支付宝密码时 没有安全提示,1,
10010000002894,在页面首页右上角的对话里面，联系人中没有直接搜索或添加联系人的选项。,在页面首页右上角的对话里面，联系人中没有直接搜索或添加联系人的选项。,,Functional-Search,search,page_view,other,search.page_view.other,N,High,1,途牛,途牛,10010000002894,search.page_view.other,在页面首页右上角的对话里面，联系人中没有直接搜索或添加联系人的选项。,primary_clue,34,32,在页面首页右上角的对话里面 联系人中没有直接搜索或添加联系人的选项,1,
10010000005155,私聊发送语音是，按住开始讲话的时候突然弹出申请录音权限，会感觉很突兀,私聊发送语音是，按住开始讲话的时候突然弹出申请录音权限，会感觉很突兀,,Functional-Social,private_chat,chat,permission,private_chat.chat.permission,N,High,1,途牛,途牛,10010000005155,private_chat.chat.permission,私聊发送语音是，按住开始讲话的时候突然弹出申请录音权限，会感觉很突兀,primary_clue,34,32,私聊发送语音是 按住开始讲话的时候突然弹出申请录音权限 会感觉很突兀,1,
10010000003564,按添加表情的删除键不能删除完整表情，只能删除一个字符，给用户带来麻烦,按添加表情的删除键不能删除完整表情，只能删除一个字符，给用户带来麻烦,,Functional-Social,other,other,cannot_delete,other.other.cannot_delete,N,High,1,途牛,途牛,10010000003564,other.other.cannot_delete,按添加表情的删除键不能删除完整表情，只能删除一个字符，给用户带来麻烦,primary_clue,34,32,按添加表情的删除键不能删除完整表情 只能删除一个字符 给用户带来麻烦,1,
10010000003574,用微博登录的时候，会出现如截图所事情况，我手机里面有新浪微博的app,用微博登录的时候，会出现如截图所事情况，我手机里面有新浪微博的app,,Functional-Account,login,share_panel,other,login.share_panel.other,N,High,1,途牛,途牛,10010000003574,login.share_panel.other,用微博登录的时候，会出现如截图所事情况，我手机里面有新浪微博的app,primary_clue,34,32,用微博登录的时候 会出现如截图所事情况 我手机里面有新浪微博的app,1,
10010000004702,自动定位功能不能实现，不能显示所在位置总是显示在上海，城市列表不完整,自动定位功能不能实现，不能显示所在位置总是显示在上海，城市列表不完整,,Functional-Tracking,gps_track,list_item,cannot_or_fail,gps_track.list_item.cannot_or_fail,N,High,1,途牛,途牛,10010000004702,gps_track.list_item.cannot_or_fail,自动定位功能不能实现，不能显示所在位置总是显示在上海，城市列表不完整,primary_clue,34,32,自动定位功能不能实现 不能显示所在位置总是显示在上海 城市列表不完整,1,
10010000005987,对已关注的用户不能备注，不能置顶，私聊不方便，但可以屏蔽，可以群聊。,对已关注的用户不能备注，不能置顶，私聊不方便，但可以屏蔽，可以群聊。,,Functional-Social,groupchat,chat,cannot_or_fail,groupchat.chat.cannot_or_fail,N,High,1,途牛,途牛,10010000005987,groupchat.chat.cannot_or_fail,对已关注的用户不能备注，不能置顶，私聊不方便，但可以屏蔽，可以群聊。,primary_clue,34,29,对已关注的用户不能备注 不能置顶 私聊不方便 但可以屏蔽 可以群聊,1,
10010000006495,搜索陌生用户A和用户B建立私聊的路径太隐蔽，不易让用户查找到！！！！,搜索陌生用户A和用户B建立私聊的路径太隐蔽，不易让用户查找到！！！！,,Functional-Search,search,chat,other,search.chat.other,N,High,1,途牛,途牛,10010000006495,search.chat.other,搜索陌生用户A和用户B建立私聊的路径太隐蔽，不易让用户查找到！！！！,primary_clue,34,29,搜索陌生用户a和用户b建立私聊的路径太隐蔽 不易让用户查找到,1,
10010000005718,点击途牛的小表情到文本框，删除时不能一次删完一个小表情，用起来特麻烦,点击途牛的小表情到文本框，删除时不能一次删完一个小表情，用起来特麻烦,,Functional-Social,other,input_box,cannot_delete,other.input_box.cannot_delete,N,High,1,途牛,途牛,10010000005718,other.input_box.cannot_delete,点击途牛的小表情到文本框，删除时不能一次删完一个小表情，用起来特麻烦,primary_clue,34,32,点击途牛的小表情到文本框 删除时不能一次删完一个小表情 用起来特麻烦,1,
10010000004706,私聊中联系人列表和消息列表的用户名不统一，消息列表的用户名不能更新。,私聊中联系人列表和消息列表的用户名不统一，消息列表的用户名不能更新。,,Functional-Social,private_chat,list_item,cannot_or_fail,private_chat.list_item.cannot_or_fail,N,High,1,途牛,途牛,10010000004706,private_chat.list_item.cannot_or_fail,私聊中联系人列表和消息列表的用户名不统一，消息列表的用户名不能更新。,primary_clue,34,32,私聊中联系人列表和消息列表的用户名不统一 消息列表的用户名不能更新,1,
10010000005231,当给他人发送表情时，如果想刪除表情，会出现表情无法删除出现字符的情况,当给他人发送表情时，如果想刪除表情，会出现表情无法删除出现字符的情况,,Functional-Social,message_send,other,cannot_delete,message_send.other.cannot_delete,N,High,1,途牛,途牛,10010000005231,message_send.other.cannot_delete,当给他人发送表情时，如果想刪除表情，会出现表情无法删除出现字符的情况,primary_clue,34,32,当给他人发送表情时 如果想刪除表情 会出现表情无法删除出现字符的情况,1,
10010000005566,消息通知，显示有延迟，比较严重，和对方发消息有么发布出去要么收不到。,消息通知，显示有延迟，比较严重，和对方发消息有么发布出去要么收不到。,,Performance/Freeze,message_send,chat,freeze,message_send.chat.freeze,N,High,1,途牛,途牛,10010000005566,message_send.chat.freeze,消息通知，显示有延迟，比较严重，和对方发消息有么发布出去要么收不到。,primary_clue,34,30,消息通知 显示有延迟 比较严重 和对方发消息有么发布出去要么收不到,1,
10010000006825,在首次，系统提醒位置获取时，选择拒绝，之后再次进入，不能获取位置信息,在首次，系统提醒位置获取时，选择拒绝，之后再次进入，不能获取位置信息,,Other,notification,other,cannot_or_fail,notification.other.cannot_or_fail,N,Medium,1,途牛,途牛,10010000006825,notification.other.cannot_or_fail,在首次，系统提醒位置获取时，选择拒绝，之后再次进入，不能获取位置信息,primary_clue,34,30,在首次 系统提醒位置获取时 选择拒绝 之后再次进入 不能获取位置信息,1,
10010000006737,使用软件中途不定期出现无法加载图片的情况，下拉刷新也没有办法解决该问题,使用软件中途不定期出现无法加载图片的情况，下拉刷新也没有办法解决该问题,,Network/Loading,other,image_banner,load_fail,other.image_banner.load_fail,N,High,1,途牛,途牛,10010000006737,other.image_banner.load_fail,使用软件中途不定期出现无法加载图片的情况，下拉刷新也没有办法解决该问题,primary_clue,35,34,使用软件中途不定期出现无法加载图片的情况 下拉刷新也没有办法解决该问题,1,
10010000005922,"在“送机”菜单下无法输入“您想去哪”的目的地,并且点击下一列时自动退出","在“送机”菜单下无法输入“您想去哪”的目的地,并且点击下一列时自动退出",,Input/Validation,other,other,cannot_input,other.other.cannot_input,N,High,1,途牛,途牛,10010000005922,other.other.cannot_input,"在“送机”菜单下无法输入“您想去哪”的目的地,并且点击下一列时自动退出",primary_clue,35,30,在 送机 菜单下无法输入 您想去哪 的目的地 并且点击下一列时自动退出,1,
10010000002779,点击语音输入，此时界面弹出权限申请界面，长时间不点击允许，APP闪退。,点击语音输入，此时界面弹出权限申请界面，长时间不点击允许，APP闪退。,,Crash,playback,page_view,crash,playback.page_view.crash,N,High,1,途牛,途牛,10010000002779,playback.page_view.crash,点击语音输入，此时界面弹出权限申请界面，长时间不点击允许，APP闪退。,primary_clue,35,31,点击语音输入 此时界面弹出权限申请界面 长时间不点击允许 app闪退,1,
10010000007153,联系人的列表布局很不友好，没有排序方案或者分组方法，查找联系人很不方便,联系人的列表布局很不友好，没有排序方案或者分组方法，查找联系人很不方便,,Functional-Search,search,list_item,layout_issue,search.list_item.layout_issue,N,High,1,途牛,途牛,10010000007153,search.list_item.layout_issue,联系人的列表布局很不友好，没有排序方案或者分组方法，查找联系人很不方便,primary_clue,35,33,联系人的列表布局很不友好 没有排序方案或者分组方法 查找联系人很不方便,1,
10010000002592,正常聊天中，使用home 键返回桌面，再次登录无法返回到私聊聊天界面。,正常聊天中，使用home 键返回桌面，再次登录无法返回到私聊聊天界面。,,Functional-Account,login,page_view,cannot_or_fail,login.page_view.cannot_or_fail,N,High,1,途牛,途牛,10010000002592,login.page_view.cannot_or_fail,正常聊天中，使用home 键返回桌面，再次登录无法返回到私聊聊天界面。,primary_clue,35,31,正常聊天中 使用home 键返回桌面 再次登录无法返回到私聊聊天界面,1,
10010000003685,若本身无群聊，显示您还没有群组，但既没有说明如何建群也没说明如何加群。,若本身无群聊，显示您还没有群组，但既没有说明如何建群也没说明如何加群。,,Functional-Social,groupchat,chat,other,groupchat.chat.other,N,High,1,途牛,途牛,10010000003685,groupchat.chat.other,若本身无群聊，显示您还没有群组，但既没有说明如何建群也没说明如何加群。,primary_clue,35,32,若本身无群聊 显示您还没有群组 但既没有说明如何建群也没说明如何加群,1,
10010000003684,无法自己搜索用户，进行聊天。必须进入其他人的主页才可以找到聊天的界面。,无法自己搜索用户，进行聊天。必须进入其他人的主页才可以找到聊天的界面。,,Functional-Search,search,page_view,cannot_or_fail,search.page_view.cannot_or_fail,N,High,1,途牛,途牛,10010000003684,search.page_view.cannot_or_fail,无法自己搜索用户，进行聊天。必须进入其他人的主页才可以找到聊天的界面。,primary_clue,35,32,无法自己搜索用户 进行聊天 必须进入其他人的主页才可以找到聊天的界面,1,
10010000002955,私聊中发送图片，正常显示，退出私聊再次进入后，图片在聊天界面无法显示。,私聊中发送图片，正常显示，退出私聊再次进入后，图片在聊天界面无法显示。,,Functional-Social,private_chat,page_view,cannot_or_fail,private_chat.page_view.cannot_or_fail,N,High,1,途牛,途牛,10010000002955,private_chat.page_view.cannot_or_fail,私聊中发送图片，正常显示，退出私聊再次进入后，图片在聊天界面无法显示。,primary_clue,35,31,私聊中发送图片 正常显示 退出私聊再次进入后 图片在聊天界面无法显示,1,
10010000006012,用第三方账户不能够登录，必须要用手机号码登录，这样很麻烦，导致用户减少,用第三方账户不能够登录，必须要用手机号码登录，这样很麻烦，导致用户减少,,Functional-Account,login,other,cannot_or_fail,login.other.cannot_or_fail,N,High,1,途牛,途牛,10010000006012,login.other.cannot_or_fail,用第三方账户不能够登录，必须要用手机号码登录，这样很麻烦，导致用户减少,primary_clue,35,32,用第三方账户不能够登录 必须要用手机号码登录 这样很麻烦 导致用户减少,1,
10010000004946,发送的表情足够多了，无法发送，直接闪退，再次发起私聊无法相应到服务器。,发送的表情足够多了，无法发送，直接闪退，再次发起私聊无法相应到服务器。,,Crash,private_chat,chat,crash,private_chat.chat.crash,N,High,1,途牛,途牛,10010000004946,private_chat.chat.crash,发送的表情足够多了，无法发送，直接闪退，再次发起私聊无法相应到服务器。,primary_clue,35,31,发送的表情足够多了 无法发送 直接闪退 再次发起私聊无法相应到服务器,1,
10010000003702,我发送大量表情，但是另外一个人没有收到，大量发送表情还会导致信息收不到,我发送大量表情，但是另外一个人没有收到，大量发送表情还会导致信息收不到,,Functional-Social,message_send,other,cannot_or_fail,message_send.other.cannot_or_fail,N,High,1,途牛,途牛,10010000003702,message_send.other.cannot_or_fail,我发送大量表情，但是另外一个人没有收到，大量发送表情还会导致信息收不到,primary_clue,35,33,我发送大量表情 但是另外一个人没有收到 大量发送表情还会导致信息收不到,1,
10010000003733,网络正常，发送较长语音时不管怎么发都发不出去，后面的短的已经发出去了。,网络正常，发送较长语音时不管怎么发都发不出去，后面的短的已经发出去了。,,Functional-Media,message_send,audio,cannot_send,message_send.audio.cannot_send,N,High,1,途牛,途牛,10010000003733,message_send.audio.cannot_send,网络正常，发送较长语音时不管怎么发都发不出去，后面的短的已经发出去了。,primary_clue,35,32,网络正常 发送较长语音时不管怎么发都发不出去 后面的短的已经发出去了,1,
10010000004349,即使对于此APP开启定位功能，依然在使用时无法自动定位，需要手动定位。,即使对于此APP开启定位功能，依然在使用时无法自动定位，需要手动定位。,,Functional-Tracking,gps_track,gps,cannot_or_fail,gps_track.gps.cannot_or_fail,N,High,1,途牛,途牛,10010000004349,gps_track.gps.cannot_or_fail,即使对于此APP开启定位功能，依然在使用时无法自动定位，需要手动定位。,primary_clue,35,32,即使对于此app开启定位功能 依然在使用时无法自动定位 需要手动定位,1,
10010000005997,表情下可供选择的表情仅有一种，没有表情商城可供用户选择自己喜欢的表情。,表情下可供选择的表情仅有一种，没有表情商城可供用户选择自己喜欢的表情。,,Functional-Social,shopping,commerce,other,shopping.commerce.other,N,High,1,途牛,途牛,10010000005997,shopping.commerce.other,表情下可供选择的表情仅有一种，没有表情商城可供用户选择自己喜欢的表情。,primary_clue,35,33,表情下可供选择的表情仅有一种 没有表情商城可供用户选择自己喜欢的表情,1,
10010000004605,在私聊界面，在输入框，输入无限个表情，发送时，出现崩溃。可以有个限制。,在私聊界面，在输入框，输入无限个表情，发送时，出现崩溃。可以有个限制。,,Crash,private_chat,input_box,crash,private_chat.input_box.crash,N,High,1,途牛,途牛,10010000004605,private_chat.input_box.crash,在私聊界面，在输入框，输入无限个表情，发送时，出现崩溃。可以有个限制。,primary_clue,35,29,在私聊界面 在输入框 输入无限个表情 发送时 出现崩溃 可以有个限制,1,
10010000005431,当自己的账号退出，重新登录时，进入私聊界面，之前的历史聊天记录不保存。,当自己的账号退出，重新登录时，进入私聊界面，之前的历史聊天记录不保存。,,Functional-Account,login,page_view,other,login.page_view.other,N,High,1,途牛,途牛,10010000005431,login.page_view.other,当自己的账号退出，重新登录时，进入私聊界面，之前的历史聊天记录不保存。,primary_clue,35,31,当自己的账号退出 重新登录时 进入私聊界面 之前的历史聊天记录不保存,1,
10010000005730,发送表情消息时，点击消息框，会出现表情选择框和文字输入框并排出现！！！,发送表情消息时，点击消息框，会出现表情选择框和文字输入框并排出现！！！,,Functional-Social,message_send,input_box,other,message_send.input_box.other,N,High,1,途牛,途牛,10010000005730,message_send.input_box.other,发送表情消息时，点击消息框，会出现表情选择框和文字输入框并排出现！！！,primary_clue,35,30,发送表情消息时 点击消息框 会出现表情选择框和文字输入框并排出现,1,
10010000005364,对方发来三条的语音全部听起来一样，均是两秒的不完整语音，语音功能有错误,对方发来三条的语音全部听起来一样，均是两秒的不完整语音，语音功能有错误,,Functional-Media,playback,audio,wrong_value,playback.audio.wrong_value,N,High,1,途牛,途牛,10010000005364,playback.audio.wrong_value,对方发来三条的语音全部听起来一样，均是两秒的不完整语音，语音功能有错误,primary_clue,35,33,对方发来三条的语音全部听起来一样 均是两秒的不完整语音 语音功能有错误,1,
10010000005074,输入注册码账号密码之后点击注册显示错误，但是却接收短信，创建账号成功！,输入注册码账号密码之后点击注册显示错误，但是却接收短信，创建账号成功！,,Functional-Account,register,other,wrong_value,register.other.wrong_value,N,High,1,途牛,途牛,10010000005074,register.other.wrong_value,输入注册码账号密码之后点击注册显示错误，但是却接收短信，创建账号成功！,primary_clue,35,32,输入注册码账号密码之后点击注册显示错误 但是却接收短信 创建账号成功,1,
10010000006131,退出后，聊天记录会混乱本来是乙方发的消息，却出现在甲方，刷新后恢复正常,退出后，聊天记录会混乱本来是乙方发的消息，却出现在甲方，刷新后恢复正常,,Functional-Social,message_send,list_item,wrong_value,message_send.list_item.wrong_value,N,High,1,途牛,途牛,10010000006131,message_send.list_item.wrong_value,退出后，聊天记录会混乱本来是乙方发的消息，却出现在甲方，刷新后恢复正常,primary_clue,35,32,退出后 聊天记录会混乱本来是乙方发的消息 却出现在甲方 刷新后恢复正常,1,
10010000005572,使用途牛提供的聊天功能进行聊天，发现并不能发送位置消息，不能发送视频。,使用途牛提供的聊天功能进行聊天，发现并不能发送位置消息，不能发送视频。,,Functional-Social,message_send,chat,cannot_send,message_send.chat.cannot_send,N,High,1,途牛,途牛,10010000005572,message_send.chat.cannot_send,使用途牛提供的聊天功能进行聊天，发现并不能发送位置消息，不能发送视频。,primary_clue,35,32,使用途牛提供的聊天功能进行聊天 发现并不能发送位置消息 不能发送视频,1,
10010000005832,在联系人页面，只能看到已有的好友，而不能添加好友，这对用户来说很不方便,在联系人页面，只能看到已有的好友，而不能添加好友，这对用户来说很不方便,,Functional-Social,other,page_view,cannot_or_fail,other.page_view.cannot_or_fail,N,High,1,途牛,途牛,10010000005832,other.page_view.cannot_or_fail,在联系人页面，只能看到已有的好友，而不能添加好友，这对用户来说很不方便,primary_clue,35,32,在联系人页面 只能看到已有的好友 而不能添加好友 这对用户来说很不方便,1,
10010000006231,用户改名字后发布求结伴信息时的名字不会立即变为修改后的名字，有一定延迟,用户改名字后发布求结伴信息时的名字不会立即变为修改后的名字，有一定延迟,,Performance/Freeze,other,other,freeze,other.other.freeze,N,High,1,途牛,途牛,10010000006231,other.other.freeze,用户改名字后发布求结伴信息时的名字不会立即变为修改后的名字，有一定延迟,primary_clue,35,34,用户改名字后发布求结伴信息时的名字不会立即变为修改后的名字 有一定延迟,1,
10010000006635,发送语音，没有提示时长，但是有限制时间60秒，会导致用户发送消息不完整,发送语音，没有提示时长，但是有限制时间60秒，会导致用户发送消息不完整,,Functional-Social,message_send,chat,no_prompt,message_send.chat.no_prompt,N,High,1,途牛,途牛,10010000006635,message_send.chat.no_prompt,发送语音，没有提示时长，但是有限制时间60秒，会导致用户发送消息不完整,primary_clue,35,32,发送语音 没有提示时长 但是有限制时间60秒 会导致用户发送消息不完整,1,
10010000007006,在进入对话后，无法查看对方的信息(点击对方用户名不能跳转到对方的页面),在进入对话后，无法查看对方的信息(点击对方用户名不能跳转到对方的页面),,UI/Display,other,page_view,cannot_or_fail,other.page_view.cannot_or_fail,N,Medium,1,途牛,途牛,10010000007006,other.page_view.cannot_or_fail,在进入对话后，无法查看对方的信息(点击对方用户名不能跳转到对方的页面),primary_clue,35,32,在进入对话后 无法查看对方的信息 点击对方用户名不能跳转到对方的页面,1,
10010000000849,购物车中当儿童数量增多时机票价格下降，当儿童数量减少时机票价格反而上升！,购物车中当儿童数量增多时机票价格下降，当儿童数量减少时机票价格反而上升！,,Functional-Commerce,other,commerce,other,other.commerce.other,N,High,1,途牛,途牛,10010000000849,other.commerce.other,购物车中当儿童数量增多时机票价格下降，当儿童数量减少时机票价格反而上升！,primary_clue,36,34,购物车中当儿童数量增多时机票价格下降 当儿童数量减少时机票价格反而上升,1,
10010000004297,私聊中设置删除聊天历史时，没有聊天历史也能删除成功（没有提示无聊天历史）,私聊中设置删除聊天历史时，没有聊天历史也能删除成功（没有提示无聊天历史）,,Functional-Social,private_chat,page_view,no_prompt,private_chat.page_view.no_prompt,N,High,1,途牛,途牛,10010000004297,private_chat.page_view.no_prompt,私聊中设置删除聊天历史时，没有聊天历史也能删除成功（没有提示无聊天历史）,primary_clue,36,33,私聊中设置删除聊天历史时 没有聊天历史也能删除成功 没有提示无聊天历史,1,
10010000005149,图片多次保存未提示已存在，相册无法找到该图片，得到指定路径找，体验麻烦。,图片多次保存未提示已存在，相册无法找到该图片，得到指定路径找，体验麻烦。,,UI/Display,other,image_banner,no_prompt,other.image_banner.no_prompt,N,High,1,途牛,途牛,10010000005149,other.image_banner.no_prompt,图片多次保存未提示已存在，相册无法找到该图片，得到指定路径找，体验麻烦。,primary_clue,36,32,图片多次保存未提示已存在 相册无法找到该图片 得到指定路径找 体验麻烦,1,
10010000003317,不能使用第三方账号登陆，其中QQ和微博登陆登陆失败，微信按钮点击无反应。,不能使用第三方账号登陆，其中QQ和微博登陆登陆失败，微信按钮点击无反应。,,Functional-Account,share,button_icon,cannot_or_fail,share.button_icon.cannot_or_fail,N,High,1,途牛,途牛,10010000003317,share.button_icon.cannot_or_fail,不能使用第三方账号登陆，其中QQ和微博登陆登陆失败，微信按钮点击无反应。,primary_clue,36,33,不能使用第三方账号登陆 其中qq和微博登陆登陆失败 微信按钮点击无反应,1,
10010000002893,发送消息时，在文本输入框中输入“[大笑]”，消息发送后出现[大笑]表情，,发送消息时，在文本输入框中输入“[大笑]”，消息发送后出现[大笑]表情，,,Functional-Social,message_send,input_box,other,message_send.input_box.other,N,High,1,途牛,途牛,10010000002893,message_send.input_box.other,发送消息时，在文本输入框中输入“[大笑]”，消息发送后出现[大笑]表情，,primary_clue,36,27,发送消息时 在文本输入框中输入 大笑 消息发送后出现 大笑 表情,1,
10010000005352,聊天是时。在软件首页。接受别人发来的信息没有提示。要打开消息界面才会提示,聊天是时。在软件首页。接受别人发来的信息没有提示。要打开消息界面才会提示,,Functional-Social,message_send,page_view,no_prompt,message_send.page_view.no_prompt,N,High,1,途牛,途牛,10010000005352,message_send.page_view.no_prompt,聊天是时。在软件首页。接受别人发来的信息没有提示。要打开消息界面才会提示,primary_clue,36,33,聊天是时 在软件首页 接受别人发来的信息没有提示 要打开消息界面才会提示,1,
10010000003074,在找回密码时，会有一个邮件找回，可是在注册时并没有邮件绑定等页面，选项。,在找回密码时，会有一个邮件找回，可是在注册时并没有邮件绑定等页面，选项。,,Functional-Account,register,page_view,other,register.page_view.other,N,High,1,途牛,途牛,10010000003074,register.page_view.other,在找回密码时，会有一个邮件找回，可是在注册时并没有邮件绑定等页面，选项。,primary_clue,36,32,在找回密码时 会有一个邮件找回 可是在注册时并没有邮件绑定等页面 选项,1,
10010000004957,在进行聊天时，点击输入框之后页面跳转有较长延迟，而且出现局部空白的问题。,在进行聊天时，点击输入框之后页面跳转有较长延迟，而且出现局部空白的问题。,,Performance/Freeze,message_send,input_box,freeze,message_send.input_box.freeze,N,High,1,途牛,途牛,10010000004957,message_send.input_box.freeze,在进行聊天时，点击输入框之后页面跳转有较长延迟，而且出现局部空白的问题。,primary_clue,36,33,在进行聊天时 点击输入框之后页面跳转有较长延迟 而且出现局部空白的问题,1,
10010000005136,"评论他人发送的图文时,弹出输入法时,评论输入框内的文字只能显示下半部分。","评论他人发送的图文时,弹出输入法时,评论输入框内的文字只能显示下半部分。",,Input/Validation,message_send,input_box,other,message_send.input_box.other,N,High,1,途牛,途牛,10010000005136,message_send.input_box.other,"评论他人发送的图文时,弹出输入法时,评论输入框内的文字只能显示下半部分。",primary_clue,36,33,评论他人发送的图文时 弹出输入法时 评论输入框内的文字只能显示下半部分,1,
10010000004538,在聊天的对话框中，只能发送语音、文字、表情，不能发送小视频、定位等信息。,在聊天的对话框中，只能发送语音、文字、表情，不能发送小视频、定位等信息。,,Functional-Social,message_send,chat,cannot_send,message_send.chat.cannot_send,N,High,1,途牛,途牛,10010000004538,message_send.chat.cannot_send,在聊天的对话框中，只能发送语音、文字、表情，不能发送小视频、定位等信息。,primary_clue,36,30,在聊天的对话框中 只能发送语音 文字 表情 不能发送小视频 定位等信息,1,
10010000006044,陌生用户和已相互关注用户混在一起，无法给不同类型好友建立分组，将其区分开,陌生用户和已相互关注用户混在一起，无法给不同类型好友建立分组，将其区分开,,Functional-Social,other,chat,cannot_or_fail,other.chat.cannot_or_fail,N,High,1,途牛,途牛,10010000006044,other.chat.cannot_or_fail,陌生用户和已相互关注用户混在一起，无法给不同类型好友建立分组，将其区分开,primary_clue,36,34,陌生用户和已相互关注用户混在一起 无法给不同类型好友建立分组 将其区分开,1,
10010000004290,我先屏蔽对方，对方发一张图片给我，然后删除屏蔽，以后收不到信息。无规律。,我先屏蔽对方，对方发一张图片给我，然后删除屏蔽，以后收不到信息。无规律。,,Functional-Social,notification,image_banner,cannot_or_fail,notification.image_banner.cannot_or_fail,N,High,1,途牛,途牛,10010000004290,notification.image_banner.cannot_or_fail,我先屏蔽对方，对方发一张图片给我，然后删除屏蔽，以后收不到信息。无规律。,primary_clue,36,31,我先屏蔽对方 对方发一张图片给我 然后删除屏蔽 以后收不到信息 无规律,1,
10010000004579,qq登录授权失败。微博登录授权失败。微信登录按钮失灵(空白按钮，无功能),qq登录授权失败。微博登录授权失败。微信登录按钮失灵(空白按钮，无功能),,Functional-Account,login,button_icon,permission,login.button_icon.permission,N,High,1,途牛,途牛,10010000004579,login.button_icon.permission,qq登录授权失败。微博登录授权失败。微信登录按钮失灵(空白按钮，无功能),primary_clue,36,31,qq登录授权失败 微博登录授权失败 微信登录按钮失灵 空白按钮 无功能,1,
10010000004683,投诉页面不填东西一直按提交，会一直显示不能为空，退出投诉页面不能为空还在,投诉页面不填东西一直按提交，会一直显示不能为空，退出投诉页面不能为空还在,,UI/Display,other,page_view,cannot_or_fail,other.page_view.cannot_or_fail,N,Medium,1,途牛,途牛,10010000004683,other.page_view.cannot_or_fail,投诉页面不填东西一直按提交，会一直显示不能为空，退出投诉页面不能为空还在,primary_clue,36,34,投诉页面不填东西一直按提交 会一直显示不能为空 退出投诉页面不能为空还在,1,
10010000005873,拍照发送有时会出现两种情况，第一是发出去后自己显示空白图，第二是发不出去,拍照发送有时会出现两种情况，第一是发出去后自己显示空白图，第二是发不出去,,Other,message_send,other,cannot_send,message_send.other.cannot_send,N,High,1,途牛,途牛,10010000005873,message_send.other.cannot_send,拍照发送有时会出现两种情况，第一是发出去后自己显示空白图，第二是发不出去,primary_clue,36,34,拍照发送有时会出现两种情况 第一是发出去后自己显示空白图 第二是发不出去,1,
10010000006543,搜索已相互关注的用户A和用户B建立私聊的路径太隐蔽，不易让用户找到！！！,搜索已相互关注的用户A和用户B建立私聊的路径太隐蔽，不易让用户找到！！！,,Functional-Search,search,chat,other,search.chat.other,N,High,1,途牛,途牛,10010000006543,search.chat.other,搜索已相互关注的用户A和用户B建立私聊的路径太隐蔽，不易让用户找到！！！,primary_clue,36,32,搜索已相互关注的用户a和用户b建立私聊的路径太隐蔽 不易让用户找到,1,
10010000006532,在我的行程页面，下滑时，页面布局会出现问题，如截图所示，会出现两层页面。,在我的行程页面，下滑时，页面布局会出现问题，如截图所示，会出现两层页面。,,UI/Display,other,page_view,layout_issue,other.page_view.layout_issue,N,High,1,途牛,途牛,10010000006532,other.page_view.layout_issue,在我的行程页面，下滑时，页面布局会出现问题，如截图所示，会出现两层页面。,primary_clue,36,31,在我的行程页面 下滑时 页面布局会出现问题 如截图所示 会出现两层页面,1,
10010000006033,私聊时，发送图片后，可以删除但无法取消，这对用户体验和性能上都是一种缺陷,私聊时，发送图片后，可以删除但无法取消，这对用户体验和性能上都是一种缺陷,,Functional-Social,private_chat,image_banner,cannot_or_fail,private_chat.image_banner.cannot_or_fail,N,High,1,途牛,途牛,10010000006033,private_chat.image_banner.cannot_or_fail,私聊时，发送图片后，可以删除但无法取消，这对用户体验和性能上都是一种缺陷,primary_clue,36,33,私聊时 发送图片后 可以删除但无法取消 这对用户体验和性能上都是一种缺陷,1,
10010000006630,聊天发送语音最长只能发送60秒，但却没有任何提示(事先没有提示语音时长),聊天发送语音最长只能发送60秒，但却没有任何提示(事先没有提示语音时长),,Functional-Social,message_send,chat,no_prompt,message_send.chat.no_prompt,N,High,1,途牛,途牛,10010000006630,message_send.chat.no_prompt,聊天发送语音最长只能发送60秒，但却没有任何提示(事先没有提示语音时长),primary_clue,36,33,聊天发送语音最长只能发送60秒 但却没有任何提示 事先没有提示语音时长,1,
10010000006708,退出登录后再次登录时，使用动态验证码登录，提示文字显示密码，不显示验证码,退出登录后再次登录时，使用动态验证码登录，提示文字显示密码，不显示验证码,,Functional-Account,login,other,display_missing,login.other.display_missing,N,High,1,途牛,途牛,10010000006708,login.other.display_missing,退出登录后再次登录时，使用动态验证码登录，提示文字显示密码，不显示验证码,primary_clue,36,33,退出登录后再次登录时 使用动态验证码登录 提示文字显示密码 不显示验证码,1,
10010000006729,关掉网络且处于离线，别人发的消息自己再链接网络登录应用打开私聊是收不到的,关掉网络且处于离线，别人发的消息自己再链接网络登录应用打开私聊是收不到的,,Functional-Account,login,chat,cannot_or_fail,login.chat.cannot_or_fail,N,High,1,途牛,途牛,10010000006729,login.chat.cannot_or_fail,关掉网络且处于离线，别人发的消息自己再链接网络登录应用打开私聊是收不到的,primary_clue,36,35,关掉网络且处于离线 别人发的消息自己再链接网络登录应用打开私聊是收不到的,1,
10010000000881,在登录到途牛后，使用分享功能，只能通过微博分享，qq和微信都不能进行分享。,在登录到途牛后，使用分享功能，只能通过微博分享，qq和微信都不能进行分享。,,Functional-Account,login,share_panel,cannot_or_fail,login.share_panel.cannot_or_fail,N,High,1,途牛,途牛,10010000000881,login.share_panel.cannot_or_fail,在登录到途牛后，使用分享功能，只能通过微博分享，qq和微信都不能进行分享。,primary_clue,37,33,在登录到途牛后 使用分享功能 只能通过微博分享 qq和微信都不能进行分享,1,
10010000001548,"现象:第三方登陆微信登陆按钮点击无反应
实现步骤:1.登陆2.点击微信图标",现象:第三方登陆微信登陆按钮点击无反应,实现步骤:1.登陆2.点击微信图标,UI/Display,other,button_icon,cannot_or_fail,other.button_icon.cannot_or_fail,Y,Medium,2,途牛,途牛,10010000001548,other.button_icon.cannot_or_fail,现象:第三方登陆微信登陆按钮点击无反应,primary_clue,19,18,现象 第三方登陆微信登陆按钮点击无反应,1,
10010000003740,第三方QQ登录时，永远认证错误，不能正常登录，微博一直在认证，无法正常登录,第三方QQ登录时，永远认证错误，不能正常登录，微博一直在认证，无法正常登录,,Functional-Account,login,share_panel,wrong_value,login.share_panel.wrong_value,N,High,1,途牛,途牛,10010000003740,login.share_panel.wrong_value,第三方QQ登录时，永远认证错误，不能正常登录，微博一直在认证，无法正常登录,primary_clue,37,33,第三方qq登录时 永远认证错误 不能正常登录 微博一直在认证 无法正常登录,1,
10010000006712,在用户那个主界面，点击右上角的信息图标，出现白屏闪退，概率不高，偶尔出现。,在用户那个主界面，点击右上角的信息图标，出现白屏闪退，概率不高，偶尔出现。,,Crash,other,button_icon,crash,other.button_icon.crash,N,High,1,途牛,途牛,10010000006712,other.button_icon.crash,在用户那个主界面，点击右上角的信息图标，出现白屏闪退，概率不高，偶尔出现。,primary_clue,37,32,在用户那个主界面 点击右上角的信息图标 出现白屏闪退 概率不高 偶尔出现,1,
10010000002712,如果用户注册的时候手机号输入错误，而正在发送的验证码不会停止，除非重新登录,如果用户注册的时候手机号输入错误，而正在发送的验证码不会停止，除非重新登录,,Functional-Account,register,other,wrong_value,register.other.wrong_value,N,High,1,途牛,途牛,10010000002712,register.other.wrong_value,如果用户注册的时候手机号输入错误，而正在发送的验证码不会停止，除非重新登录,primary_clue,37,35,如果用户注册的时候手机号输入错误 而正在发送的验证码不会停止 除非重新登录,1,
10010000002944,关注它人时没有搜索功能，不能通过用户账号关注。只能查看话题帖子对他人关注。,关注它人时没有搜索功能，不能通过用户账号关注。只能查看话题帖子对他人关注。,,Functional-Account,search,list_item,cannot_or_fail,search.list_item.cannot_or_fail,N,High,1,途牛,途牛,10010000002944,search.list_item.cannot_or_fail,关注它人时没有搜索功能，不能通过用户账号关注。只能查看话题帖子对他人关注。,primary_clue,37,34,关注它人时没有搜索功能 不能通过用户账号关注 只能查看话题帖子对他人关注,1,
10010000003144,当发送的信息太长时，有闪退现象。再次启动时，打开长信息对话框会出现卡顿现象,当发送的信息太长时，有闪退现象。再次启动时，打开长信息对话框会出现卡顿现象,,Crash,message_send,other,crash,message_send.other.crash,N,High,1,途牛,途牛,10010000003144,message_send.other.crash,当发送的信息太长时，有闪退现象。再次启动时，打开长信息对话框会出现卡顿现象,primary_clue,37,34,当发送的信息太长时 有闪退现象 再次启动时 打开长信息对话框会出现卡顿现象,1,
10010000003182,发表情时，不是直接发出，若是文字中的括号缺失，则表情就不能发出。例如［大笑,发表情时，不是直接发出，若是文字中的括号缺失，则表情就不能发出。例如［大笑,,Functional-Social,other,other,cannot_send,other.other.cannot_send,N,High,1,途牛,途牛,10010000003182,other.other.cannot_send,发表情时，不是直接发出，若是文字中的括号缺失，则表情就不能发出。例如［大笑,primary_clue,37,32,发表情时 不是直接发出 若是文字中的括号缺失 则表情就不能发出 例如 大笑,1,
10010000006576,进入联系人列表后点击群聊会提示你没有建群聊组，但却没有任何建群的操作提示！,进入联系人列表后点击群聊会提示你没有建群聊组，但却没有任何建群的操作提示！,,Functional-Social,groupchat,list_item,other,groupchat.list_item.other,N,High,1,途牛,途牛,10010000006576,groupchat.list_item.other,进入联系人列表后点击群聊会提示你没有建群聊组，但却没有任何建群的操作提示！,primary_clue,37,35,进入联系人列表后点击群聊会提示你没有建群聊组 但却没有任何建群的操作提示,1,
10010000003572,第一次发送无网络时显示红色感叹号，重新连接至网络后，点击重送仍然无法发送。,第一次发送无网络时显示红色感叹号，重新连接至网络后，点击重送仍然无法发送。,,Other,message_send,other,cannot_or_fail,message_send.other.cannot_or_fail,N,Medium,1,途牛,途牛,10010000003572,message_send.other.cannot_or_fail,第一次发送无网络时显示红色感叹号，重新连接至网络后，点击重送仍然无法发送。,primary_clue,37,34,第一次发送无网络时显示红色感叹号 重新连接至网络后 点击重送仍然无法发送,1,
10010000003775,与用户进行私聊时，添加、发送本地gift表情，被保存为jpg格式且图片模糊,与用户进行私聊时，添加、发送本地gift表情，被保存为jpg格式且图片模糊,,Functional-Social,private_chat,image_banner,other,private_chat.image_banner.other,N,High,1,途牛,途牛,10010000003775,private_chat.image_banner.other,与用户进行私聊时，添加、发送本地gift表情，被保存为jpg格式且图片模糊,primary_clue,37,34,与用户进行私聊时 添加 发送本地gift表情 被保存为jpg格式且图片模糊,1,
10010000003603,在文本框只输入空格或者换行无法发送消息，只有带文字和符号的才可以发送消息！,在文本框只输入空格或者换行无法发送消息，只有带文字和符号的才可以发送消息！,,Functional-Social,message_send,input_box,cannot_or_fail,message_send.input_box.cannot_or_fail,N,High,1,途牛,途牛,10010000003603,message_send.input_box.cannot_or_fail,在文本框只输入空格或者换行无法发送消息，只有带文字和符号的才可以发送消息！,primary_clue,37,35,在文本框只输入空格或者换行无法发送消息 只有带文字和符号的才可以发送消息,1,
10010000003837,在分享到QQ时  点击QQ图标 APP页面无响应  不分享  没有提示信息,在分享到QQ时 点击QQ图标 APP页面无响应 不分享 没有提示信息,,Performance/Freeze,share,button_icon,freeze,share.button_icon.freeze,N,High,1,途牛,途牛,10010000003837,share.button_icon.freeze,在分享到QQ时 点击QQ图标 APP页面无响应 不分享 没有提示信息,primary_clue,34,30,在分享到qq时 点击qq图标 app页面无响应 不分享 没有提示信息,1,
10010000003713,私聊页面过于单调，只能满足单纯的对话功能，用户之间不能进行很多人性化的互动,私聊页面过于单调，只能满足单纯的对话功能，用户之间不能进行很多人性化的互动,,Functional-Social,private_chat,page_view,cannot_or_fail,private_chat.page_view.cannot_or_fail,N,High,1,途牛,途牛,10010000003713,private_chat.page_view.cannot_or_fail,私聊页面过于单调，只能满足单纯的对话功能，用户之间不能进行很多人性化的互动,primary_clue,37,35,私聊页面过于单调 只能满足单纯的对话功能 用户之间不能进行很多人性化的互动,1,
10010000006235,发送语音，点击话筒，会卡顿一下再提示可以说话，导致发出的语音前面有一段空白,发送语音，点击话筒，会卡顿一下再提示可以说话，导致发出的语音前面有一段空白,,Performance/Freeze,message_send,audio,freeze,message_send.audio.freeze,N,High,1,途牛,途牛,10010000006235,message_send.audio.freeze,发送语音，点击话筒，会卡顿一下再提示可以说话，导致发出的语音前面有一段空白,primary_clue,37,34,发送语音 点击话筒 会卡顿一下再提示可以说话 导致发出的语音前面有一段空白,1,
10010000004812,语音长度不实时提示。实际最多可以发送1分钟语音，最后10秒才提示进行提示。,语音长度不实时提示。实际最多可以发送1分钟语音，最后10秒才提示进行提示。,,Functional-Media,message_send,audio,wrong_value,message_send.audio.wrong_value,N,High,1,途牛,途牛,10010000004812,message_send.audio.wrong_value,语音长度不实时提示。实际最多可以发送1分钟语音，最后10秒才提示进行提示。,primary_clue,37,34,语音长度不实时提示 实际最多可以发送1分钟语音 最后10秒才提示进行提示,1,
10010000006418,如果被别人添加关注后，我会受到关注通知提醒，如果被别人取消关注后，没有通知,如果被别人添加关注后，我会受到关注通知提醒，如果被别人取消关注后，没有通知,,Other,notification,other,other,notification.other.other,N,Medium,1,途牛,途牛,10010000006418,notification.other.other,如果被别人添加关注后，我会受到关注通知提醒，如果被别人取消关注后，没有通知,primary_clue,37,34,如果被别人添加关注后 我会受到关注通知提醒 如果被别人取消关注后 没有通知,1,
10010000005031,私聊中，当发送多张图片时，若只选择一张图片原图发送，则其他图片默认原图发送,私聊中，当发送多张图片时，若只选择一张图片原图发送，则其他图片默认原图发送,,Functional-Social,private_chat,image_banner,other,private_chat.image_banner.other,N,High,1,途牛,途牛,10010000005031,private_chat.image_banner.other,私聊中，当发送多张图片时，若只选择一张图片原图发送，则其他图片默认原图发送,primary_clue,37,34,私聊中 当发送多张图片时 若只选择一张图片原图发送 则其他图片默认原图发送,1,
10010000005598,定位失败。  发布帖子时，定位不成功，导致无法发布。而且其他定位也不成功。,定位失败。 发布帖子时，定位不成功，导致无法发布。而且其他定位也不成功。,,Functional-Tracking,gps_track,list_item,cannot_or_fail,gps_track.list_item.cannot_or_fail,N,High,1,途牛,途牛,10010000005598,gps_track.list_item.cannot_or_fail,定位失败。 发布帖子时，定位不成功，导致无法发布。而且其他定位也不成功。,primary_clue,36,30,定位失败 发布帖子时 定位不成功 导致无法发布 而且其他定位也不成功,1,
10010000005911,动态密码登录输入手机号后一直加载时间过长。且并没有正常给手机发送验证信息。,动态密码登录输入手机号后一直加载时间过长。且并没有正常给手机发送验证信息。,,Network/Loading,login,step,load_fail,login.step.load_fail,N,High,1,途牛,途牛,10010000005911,login.step.load_fail,动态密码登录输入手机号后一直加载时间过长。且并没有正常给手机发送验证信息。,primary_clue,37,35,动态密码登录输入手机号后一直加载时间过长 且并没有正常给手机发送验证信息,1,
10010000006046,"正常进入应用,点击右上角私聊路径气泡,在客服与信息中进行切换时,应用崩溃.","正常进入应用,点击右上角私聊路径气泡,在客服与信息中进行切换时,应用崩溃.",,Crash,private_chat,chat,crash,private_chat.chat.crash,N,High,1,途牛,途牛,10010000006046,private_chat.chat.crash,"正常进入应用,点击右上角私聊路径气泡,在客服与信息中进行切换时,应用崩溃.",primary_clue,37,33,正常进入应用 点击右上角私聊路径气泡 在客服与信息中进行切换时 应用崩溃,1,
10010000006371,搜索当地门票，搜索不到，无法正常搜寻门票，进行购票活动，无法达到预期效果。,搜索当地门票，搜索不到，无法正常搜寻门票，进行购票活动，无法达到预期效果。,,Functional-Search,search,other,cannot_or_fail,search.other.cannot_or_fail,N,High,1,途牛,途牛,10010000006371,search.other.cannot_or_fail,搜索当地门票，搜索不到，无法正常搜寻门票，进行购票活动，无法达到预期效果。,primary_clue,37,32,搜索当地门票 搜索不到 无法正常搜寻门票 进行购票活动 无法达到预期效果,1,
10010000000782,"以""求结伴""格式进行发帖时，在""想去哪""进行搜索时，会小概率出现网络连接失败","以""求结伴""格式进行发帖时，在""想去哪""进行搜索时，会小概率出现网络连接失败",,Functional-Search,search,other,cannot_or_fail,search.other.cannot_or_fail,N,High,1,途牛,途牛,10010000000782,search.other.cannot_or_fail,"以""求结伴""格式进行发帖时，在""想去哪""进行搜索时，会小概率出现网络连接失败",primary_clue,38,32,以 求结伴 格式进行发帖时 在 想去哪 进行搜索时 会小概率出现网络连接失败,1,
10010000001544,现象:选择一个商品后直接跳到购物车，要选择别的商品还要重新点击添加，步骤繁琐,现象:选择一个商品后直接跳到购物车，要选择别的商品还要重新点击添加，步骤繁琐,,Functional-Commerce,shopping,commerce,other,shopping.commerce.other,N,High,1,途牛,途牛,10010000001544,shopping.commerce.other,现象:选择一个商品后直接跳到购物车，要选择别的商品还要重新点击添加，步骤繁琐,primary_clue,38,35,现象 选择一个商品后直接跳到购物车 要选择别的商品还要重新点击添加 步骤繁琐,1,
10010000001868,"选择时间只能选择今天,有一次按了两次今天后,之后再选择时间,今天也不能选择了","选择时间只能选择今天,有一次按了两次今天后,之后再选择时间,今天也不能选择了",,Other,other,step,cannot_or_fail,other.step.cannot_or_fail,N,Medium,1,途牛,途牛,10010000001868,other.step.cannot_or_fail,"选择时间只能选择今天,有一次按了两次今天后,之后再选择时间,今天也不能选择了",primary_clue,38,35,选择时间只能选择今天 有一次按了两次今天后 之后再选择时间 今天也不能选择了,1,
10010000003613,如果要关注一个已经知道ID的人，不能直接搜索然后关注，应该加入搜索ID功能。,如果要关注一个已经知道ID的人，不能直接搜索然后关注，应该加入搜索ID功能。,,Functional-Search,search,other,cannot_or_fail,search.other.cannot_or_fail,N,High,1,途牛,途牛,10010000003613,search.other.cannot_or_fail,如果要关注一个已经知道ID的人，不能直接搜索然后关注，应该加入搜索ID功能。,primary_clue,38,35,如果要关注一个已经知道id的人 不能直接搜索然后关注 应该加入搜索id功能,1,
10010000003369,"页面重叠 而且如果不关闭应用则重叠页面一直重叠 重新加载无效
切换页面也无效",页面重叠 而且如果不关闭应用则重叠页面一直重叠 重新加载无效,切换页面也无效,UI/Display,other,page_view,layout_issue,other.page_view.layout_issue,Y,Medium,2,途牛,途牛,10010000003369,other.page_view.layout_issue,页面重叠 而且如果不关闭应用则重叠页面一直重叠 重新加载无效,primary_clue,30,28,页面重叠 而且如果不关闭应用则重叠页面一直重叠 重新加载无效,1,
10010000003598,"在“我的”界面点击“专属顾问”按钮,会自动切出,手动切回后,点击后退按钮闪退","在“我的”界面点击“专属顾问”按钮,会自动切出,手动切回后,点击后退按钮闪退",,Crash,other,button_icon,crash,other.button_icon.crash,N,High,1,途牛,途牛,10010000003598,other.button_icon.crash,"在“我的”界面点击“专属顾问”按钮,会自动切出,手动切回后,点击后退按钮闪退",primary_clue,38,31,在 我的 界面点击 专属顾问 按钮 会自动切出 手动切回后 点击后退按钮闪退,1,
10010000002426,在私聊界面，显示所有的联系人以后，并不能添加用户所想要添加联系人的搜索功能。,在私聊界面，显示所有的联系人以后，并不能添加用户所想要添加联系人的搜索功能。,,Functional-Search,search,page_view,cannot_or_fail,search.page_view.cannot_or_fail,N,High,1,途牛,途牛,10010000002426,search.page_view.cannot_or_fail,在私聊界面，显示所有的联系人以后，并不能添加用户所想要添加联系人的搜索功能。,primary_clue,38,35,在私聊界面 显示所有的联系人以后 并不能添加用户所想要添加联系人的搜索功能,1,
10010000002547,发起私聊需要用户登录，qq登录授权失败。微信点击没有反应。微博点击没有反应。,发起私聊需要用户登录，qq登录授权失败。微信点击没有反应。微博点击没有反应。,,Functional-Account,login,chat,permission,login.chat.permission,N,High,1,途牛,途牛,10010000002547,login.chat.permission,发起私聊需要用户登录，qq登录授权失败。微信点击没有反应。微博点击没有反应。,primary_clue,38,34,发起私聊需要用户登录 qq登录授权失败 微信点击没有反应 微博点击没有反应,1,
10010000002529,不管对方语音发什么收到的只有一个结果，而且女声变男声，但是发送方那里是正常的,不管对方语音发什么收到的只有一个结果，而且女声变男声，但是发送方那里是正常的,,Functional-Media,message_send,audio,wrong_value,message_send.audio.wrong_value,N,High,1,途牛,途牛,10010000002529,message_send.audio.wrong_value,不管对方语音发什么收到的只有一个结果，而且女声变男声，但是发送方那里是正常的,primary_clue,38,36,不管对方语音发什么收到的只有一个结果 而且女声变男声 但是发送方那里是正常的,1,
10010000006189,在聊天界面切换到其他应用再切换回来时，有很大概率出现分享提示框(莫名其妙的),在聊天界面切换到其他应用再切换回来时，有很大概率出现分享提示框(莫名其妙的),,Functional-Share,share,page_view,other,share.page_view.other,N,High,1,途牛,途牛,10010000006189,share.page_view.other,在聊天界面切换到其他应用再切换回来时，有很大概率出现分享提示框(莫名其妙的),primary_clue,38,35,在聊天界面切换到其他应用再切换回来时 有很大概率出现分享提示框 莫名其妙的,1,
10010000002804,私聊过程中图片没发送成功的情况下，不能重新发送，只能删除或取消，影响用户体验,私聊过程中图片没发送成功的情况下，不能重新发送，只能删除或取消，影响用户体验,,Functional-Social,private_chat,image_banner,cannot_or_fail,private_chat.image_banner.cannot_or_fail,N,High,1,途牛,途牛,10010000002804,private_chat.image_banner.cannot_or_fail,私聊过程中图片没发送成功的情况下，不能重新发送，只能删除或取消，影响用户体验,primary_clue,38,35,私聊过程中图片没发送成功的情况下 不能重新发送 只能删除或取消 影响用户体验,1,
10010000002809,在荣耀6x手机中，当评论时会出现评论的字只显示一半，且无发表评论按钮，不友好,在荣耀6x手机中，当评论时会出现评论的字只显示一半，且无发表评论按钮，不友好,,UI/Display,comment,button_icon,other,comment.button_icon.other,N,Medium,1,途牛,途牛,10010000002809,comment.button_icon.other,在荣耀6x手机中，当评论时会出现评论的字只显示一半，且无发表评论按钮，不友好,primary_clue,38,35,在荣耀6x手机中 当评论时会出现评论的字只显示一半 且无发表评论按钮 不友好,1,
10010000005794,发送和接受的信息，有时候有提示，有声音，有时候没有提示，没有声音，时有时无。,发送和接受的信息，有时候有提示，有声音，有时候没有提示，没有声音，时有时无。,,Functional-Media,message_send,audio,no_prompt,message_send.audio.no_prompt,N,High,1,途牛,途牛,10010000005794,message_send.audio.no_prompt,发送和接受的信息，有时候有提示，有声音，有时候没有提示，没有声音，时有时无。,primary_clue,38,32,发送和接受的信息 有时候有提示 有声音 有时候没有提示 没有声音 时有时无,1,
10010000003490,与好友聊天自己的发言开始在右边，程序重新进入后气泡会移动到左边并且不显示姓名,与好友聊天自己的发言开始在右边，程序重新进入后气泡会移动到左边并且不显示姓名,,Functional-Social,message_send,chat,display_missing,message_send.chat.display_missing,N,High,1,途牛,途牛,10010000003490,message_send.chat.display_missing,与好友聊天自己的发言开始在右边，程序重新进入后气泡会移动到左边并且不显示姓名,primary_clue,38,37,与好友聊天自己的发言开始在右边 程序重新进入后气泡会移动到左边并且不显示姓名,1,
10010000003476,截图完毕，等待几秒，弹出分享界面，分享至qq，微信，朋友圈没反应，即不能跳转,截图完毕，等待几秒，弹出分享界面，分享至qq，微信，朋友圈没反应，即不能跳转,,Functional-Share,share,page_view,cannot_or_fail,share.page_view.cannot_or_fail,N,High,1,途牛,途牛,10010000003476,share.page_view.cannot_or_fail,截图完毕，等待几秒，弹出分享界面，分享至qq，微信，朋友圈没反应，即不能跳转,primary_clue,38,32,截图完毕 等待几秒 弹出分享界面 分享至qq 微信 朋友圈没反应 即不能跳转,1,
10010000003769,在私聊页面，接受到对方发来是旅游图片分享，图片很不清晰，影响他人旅游的兴趣度,在私聊页面，接受到对方发来是旅游图片分享，图片很不清晰，影响他人旅游的兴趣度,,Functional-Share,share,page_view,other,share.page_view.other,N,High,1,途牛,途牛,10010000003769,share.page_view.other,在私聊页面，接受到对方发来是旅游图片分享，图片很不清晰，影响他人旅游的兴趣度,primary_clue,38,35,在私聊页面 接受到对方发来是旅游图片分享 图片很不清晰 影响他人旅游的兴趣度,1,
10010000004915,用户头像选择本地图片不能修改，选择照相时可以修改，之后，本地图片也可以修改了,用户头像选择本地图片不能修改，选择照相时可以修改，之后，本地图片也可以修改了,,UI/Display,other,image_banner,cannot_or_fail,other.image_banner.cannot_or_fail,N,Medium,1,途牛,途牛,10010000004915,other.image_banner.cannot_or_fail,用户头像选择本地图片不能修改，选择照相时可以修改，之后，本地图片也可以修改了,primary_clue,38,35,用户头像选择本地图片不能修改 选择照相时可以修改 之后 本地图片也可以修改了,1,
10010000004407,语音输入时收入音量提醒标志无变化，导致用户不确定是否正确录取或者音量是否足够,语音输入时收入音量提醒标志无变化，导致用户不确定是否正确录取或者音量是否足够,,Functional-Media,notification,audio,other,notification.audio.other,N,High,1,途牛,途牛,10010000004407,notification.audio.other,语音输入时收入音量提醒标志无变化，导致用户不确定是否正确录取或者音量是否足够,primary_clue,38,37,语音输入时收入音量提醒标志无变化 导致用户不确定是否正确录取或者音量是否足够,1,
10010000005108,没有注册个人详细信息的用户均可以体验所有功能，会导致大量虚假信息的出现与传播,没有注册个人详细信息的用户均可以体验所有功能，会导致大量虚假信息的出现与传播,,Functional-Account,register,other,other,register.other.other,N,High,1,途牛,途牛,10010000005108,register.other.other,没有注册个人详细信息的用户均可以体验所有功能，会导致大量虚假信息的出现与传播,primary_clue,38,37,没有注册个人详细信息的用户均可以体验所有功能 会导致大量虚假信息的出现与传播,1,
10010000004673,收到好友消息，没有提示，必须点开好友头像，发起私聊，才能看到好友发给我的消息,收到好友消息，没有提示，必须点开好友头像，发起私聊，才能看到好友发给我的消息,,Functional-Social,private_chat,chat,no_prompt,private_chat.chat.no_prompt,N,High,1,途牛,途牛,10010000004673,private_chat.chat.no_prompt,收到好友消息，没有提示，必须点开好友头像，发起私聊，才能看到好友发给我的消息,primary_clue,38,34,收到好友消息 没有提示 必须点开好友头像 发起私聊 才能看到好友发给我的消息,1,
10010000004925,在分享我的问题到微博时，出现无法分享的问题。报错“文件不存在（C8998）”,在分享我的问题到微博时，出现无法分享的问题。报错“文件不存在（C8998）”,,Functional-Share,share,share_panel,cannot_share,share.share_panel.cannot_share,N,High,1,途牛,途牛,10010000004925,share.share_panel.cannot_share,在分享我的问题到微博时，出现无法分享的问题。报错“文件不存在（C8998）”,primary_clue,38,32,在分享我的问题到微博时 出现无法分享的问题 报错 文件不存在 c8998,1,
10010000006123,"联系人好友没有分组功能，或者按用户名手写字母排序，用A,B,C,D分隔开来。","联系人好友没有分组功能，或者按用户名手写字母排序，用A,B,C,D分隔开来。",,Functional-Social,sort,chat,other,sort.chat.other,N,High,1,途牛,途牛,10010000006123,sort.chat.other,"联系人好友没有分组功能，或者按用户名手写字母排序，用A,B,C,D分隔开来。",primary_clue,38,32,联系人好友没有分组功能 或者按用户名手写字母排序 用a b c d分隔开来,1,
10010000005385,在私聊页面，点击对方分享的旅游图片，发现很不清晰，但对方的拍的图片是清晰的。,在私聊页面，点击对方分享的旅游图片，发现很不清晰，但对方的拍的图片是清晰的。,,Functional-Share,share,page_view,other,share.page_view.other,N,High,1,途牛,途牛,10010000005385,share.page_view.other,在私聊页面，点击对方分享的旅游图片，发现很不清晰，但对方的拍的图片是清晰的。,primary_clue,38,34,在私聊页面 点击对方分享的旅游图片 发现很不清晰 但对方的拍的图片是清晰的,1,
10010000006895,"1.投诉界面里，用户只能输入文字，不能上传图片等
2.一个换行符也占用一个字",投诉界面里，用户只能输入文字，不能上传图片等,一个换行符也占用一个字,Input/Validation,other,page_view,cannot_or_fail,other.page_view.cannot_or_fail,Y,Medium,2,途牛,途牛,10010000006895,other.page_view.cannot_or_fail,投诉界面里，用户只能输入文字，不能上传图片等,primary_clue,22,20,投诉界面里 用户只能输入文字 不能上传图片等,1,
10010000006224,界面信息缺陷。个人信息页面顶部无页面名，对用户而言缺乏明确的页面定位的概念。,界面信息缺陷。个人信息页面顶部无页面名，对用户而言缺乏明确的页面定位的概念。,,Functional-Tracking,gps_track,page_view,other,gps_track.page_view.other,N,High,1,途牛,途牛,10010000006224,gps_track.page_view.other,界面信息缺陷。个人信息页面顶部无页面名，对用户而言缺乏明确的页面定位的概念。,primary_clue,38,35,界面信息缺陷 个人信息页面顶部无页面名 对用户而言缺乏明确的页面定位的概念,1,
10010000004201,当用户下拉聊天框的时候没有正在刷新聊天记录的提示，刷新完毕之后没有提示已刷新！,当用户下拉聊天框的时候没有正在刷新聊天记录的提示，刷新完毕之后没有提示已刷新！,,Functional-Social,message_send,list_item,no_prompt,message_send.list_item.no_prompt,N,High,1,途牛,途牛,10010000004201,message_send.list_item.no_prompt,当用户下拉聊天框的时候没有正在刷新聊天记录的提示，刷新完毕之后没有提示已刷新！,primary_clue,39,37,当用户下拉聊天框的时候没有正在刷新聊天记录的提示 刷新完毕之后没有提示已刷新,1,
10010000003235,这个页面没有分享按钮，但用系统的截图工具截图后总是会出现这个方框（截图后必现）,这个页面没有分享按钮，但用系统的截图工具截图后总是会出现这个方框（截图后必现）,,Functional-Share,share,button_icon,other,share.button_icon.other,N,High,1,途牛,途牛,10010000003235,share.button_icon.other,这个页面没有分享按钮，但用系统的截图工具截图后总是会出现这个方框（截图后必现）,primary_clue,39,36,这个页面没有分享按钮 但用系统的截图工具截图后总是会出现这个方框 截图后必现,1,
10010000002464,长按私聊图片，点击删除和取消选项。删除作用可运作，取消不能作用，没有任何反应。,长按私聊图片，点击删除和取消选项。删除作用可运作，取消不能作用，没有任何反应。,,Functional-Social,private_chat,image_banner,cannot_or_fail,private_chat.image_banner.cannot_or_fail,N,High,1,途牛,途牛,10010000002464,private_chat.image_banner.cannot_or_fail,长按私聊图片，点击删除和取消选项。删除作用可运作，取消不能作用，没有任何反应。,primary_clue,39,34,长按私聊图片 点击删除和取消选项 删除作用可运作 取消不能作用 没有任何反应,1,
10010000002755,"重启途牛,再次进入刚才发送大量表情的页面时,系统卡死,异常退出。
无法截取图片","重启途牛,再次进入刚才发送大量表情的页面时,系统卡死,异常退出。",无法截取图片,Performance/Freeze,message_send,page_view,freeze,message_send.page_view.freeze,Y,Medium,2,途牛,途牛,10010000002755,message_send.page_view.freeze,"重启途牛,再次进入刚才发送大量表情的页面时,系统卡死,异常退出。",primary_clue,32,28,重启途牛 再次进入刚才发送大量表情的页面时 系统卡死 异常退出,1,
10010000003958,"当昵称比较长时，""我的""页面中，昵称右侧的编辑信息按钮会被专属顾问按钮遮挡住。","当昵称比较长时，""我的""页面中，昵称右侧的编辑信息按钮会被专属顾问按钮遮挡住。",,UI/Display,other,button_icon,layout_issue,other.button_icon.layout_issue,N,High,1,途牛,途牛,10010000003958,other.button_icon.layout_issue,"当昵称比较长时，""我的""页面中，昵称右侧的编辑信息按钮会被专属顾问按钮遮挡住。",primary_clue,39,34,当昵称比较长时 我的 页面中 昵称右侧的编辑信息按钮会被专属顾问按钮遮挡住,1,
10010000007194,当对方被我投诉后，无法知道任何被投诉信息，请添加投诉提醒功能，提醒对方被投诉！,当对方被我投诉后，无法知道任何被投诉信息，请添加投诉提醒功能，提醒对方被投诉！,,Other,notification,other,cannot_or_fail,notification.other.cannot_or_fail,N,Medium,1,途牛,途牛,10010000007194,notification.other.cannot_or_fail,当对方被我投诉后，无法知道任何被投诉信息，请添加投诉提醒功能，提醒对方被投诉！,primary_clue,39,35,当对方被我投诉后 无法知道任何被投诉信息 请添加投诉提醒功能 提醒对方被投诉,1,
10010000003698,如果需要加好友，必须先关注同一个人才能互相关注，可以考虑增加直接搜索加好友功能,如果需要加好友，必须先关注同一个人才能互相关注，可以考虑增加直接搜索加好友功能,,Functional-Search,search,chat,other,search.chat.other,N,High,1,途牛,途牛,10010000003698,search.chat.other,如果需要加好友，必须先关注同一个人才能互相关注，可以考虑增加直接搜索加好友功能,primary_clue,39,37,如果需要加好友 必须先关注同一个人才能互相关注 可以考虑增加直接搜索加好友功能,1,
10010000004351,在页面开始的定位系统中，无法定位，一开始的定位就是上海，但是真正的位置是在昆明,在页面开始的定位系统中，无法定位，一开始的定位就是上海，但是真正的位置是在昆明,,Functional-Tracking,gps_track,page_view,cannot_or_fail,gps_track.page_view.cannot_or_fail,N,High,1,途牛,途牛,10010000004351,gps_track.page_view.cannot_or_fail,在页面开始的定位系统中，无法定位，一开始的定位就是上海，但是真正的位置是在昆明,primary_clue,39,36,在页面开始的定位系统中 无法定位 一开始的定位就是上海 但是真正的位置是在昆明,1,
10010000005263,收到陌生用户或已互相关用户的私聊语音时，不能正确播放，且在语音较短时会出现闪退,收到陌生用户或已互相关用户的私聊语音时，不能正确播放，且在语音较短时会出现闪退,,Crash,private_chat,chat,crash,private_chat.chat.crash,N,High,1,途牛,途牛,10010000005263,private_chat.chat.crash,收到陌生用户或已互相关用户的私聊语音时，不能正确播放，且在语音较短时会出现闪退,primary_clue,39,37,收到陌生用户或已互相关用户的私聊语音时 不能正确播放 且在语音较短时会出现闪退,1,
10010000005212,只有发帖或留言等的活跃用户才能被陌生用户以浏览帖子或留言的方式发现，并发起私聊,只有发帖或留言等的活跃用户才能被陌生用户以浏览帖子或留言的方式发现，并发起私聊,,Functional-Social,private_chat,list_item,other,private_chat.list_item.other,N,High,1,途牛,途牛,10010000005212,private_chat.list_item.other,只有发帖或留言等的活跃用户才能被陌生用户以浏览帖子或留言的方式发现，并发起私聊,primary_clue,39,38,只有发帖或留言等的活跃用户才能被陌生用户以浏览帖子或留言的方式发现 并发起私聊,1,
10010000006020,一个账号可以多设备登录，其他账号回复该账号信息时，不能在多台设备同时接收信息。,一个账号可以多设备登录，其他账号回复该账号信息时，不能在多台设备同时接收信息。,,Functional-Account,login,other,cannot_or_fail,login.other.cannot_or_fail,N,High,1,途牛,途牛,10010000006020,login.other.cannot_or_fail,一个账号可以多设备登录，其他账号回复该账号信息时，不能在多台设备同时接收信息。,primary_clue,39,36,一个账号可以多设备登录 其他账号回复该账号信息时 不能在多台设备同时接收信息,1,
10010000004723,"当点击之前因发送大量表情而异常退出的对话时, 系统仍然异常,卡死,然后异常退出","当点击之前因发送大量表情而异常退出的对话时, 系统仍然异常,卡死,然后异常退出",,Performance/Freeze,message_send,other,freeze,message_send.other.freeze,N,High,1,途牛,途牛,10010000004723,message_send.other.freeze,"当点击之前因发送大量表情而异常退出的对话时, 系统仍然异常,卡死,然后异常退出",primary_clue,39,35,当点击之前因发送大量表情而异常退出的对话时 系统仍然异常 卡死 然后异常退出,1,
10010000005412,被投诉的账号只能接受不能发送消息，而实际上权限弄反了，成为只能发送不能接受信息,被投诉的账号只能接受不能发送消息，而实际上权限弄反了，成为只能发送不能接受信息,,Functional-Account,message_send,chat,cannot_send,message_send.chat.cannot_send,N,High,1,途牛,途牛,10010000005412,message_send.chat.cannot_send,被投诉的账号只能接受不能发送消息，而实际上权限弄反了，成为只能发送不能接受信息,primary_clue,39,37,被投诉的账号只能接受不能发送消息 而实际上权限弄反了 成为只能发送不能接受信息,1,
10010000005627,用户在注册后，头像默认都是黑灰色的，比较难看，且没有区分度，建议改进默认头像。,用户在注册后，头像默认都是黑灰色的，比较难看，且没有区分度，建议改进默认头像。,,Functional-Account,register,other,other,register.other.other,N,High,1,途牛,途牛,10010000005627,register.other.other,用户在注册后，头像默认都是黑灰色的，比较难看，且没有区分度，建议改进默认头像。,primary_clue,39,34,用户在注册后 头像默认都是黑灰色的 比较难看 且没有区分度 建议改进默认头像,1,
10010000005857,与好友进行私聊的时候，如果在消息输入框中输入多行消息时候。前面的消息会不可见。,与好友进行私聊的时候，如果在消息输入框中输入多行消息时候。前面的消息会不可见。,,Functional-Social,private_chat,input_box,other,private_chat.input_box.other,N,High,1,途牛,途牛,10010000005857,private_chat.input_box.other,与好友进行私聊的时候，如果在消息输入框中输入多行消息时候。前面的消息会不可见。,primary_clue,39,36,与好友进行私聊的时候 如果在消息输入框中输入多行消息时候 前面的消息会不可见,1,
10010000006328,在对话框中只能给对方发送语音文字照片，不能发送类似于小视频定位以及其他的信息。,在对话框中只能给对方发送语音文字照片，不能发送类似于小视频定位以及其他的信息。,,Functional-Tracking,message_send,gps,cannot_send,message_send.gps.cannot_send,N,High,1,途牛,途牛,10010000006328,message_send.gps.cannot_send,在对话框中只能给对方发送语音文字照片，不能发送类似于小视频定位以及其他的信息。,primary_clue,39,37,在对话框中只能给对方发送语音文字照片 不能发送类似于小视频定位以及其他的信息,1,
10010000006952,在首次，系统提醒位置获取时，选择拒绝，之后再次进入，不能获取位置信息，影响体验,在首次，系统提醒位置获取时，选择拒绝，之后再次进入，不能获取位置信息，影响体验,,UI/Display,notification,other,cannot_or_fail,notification.other.cannot_or_fail,N,Medium,1,途牛,途牛,10010000006952,notification.other.cannot_or_fail,在首次，系统提醒位置获取时，选择拒绝，之后再次进入，不能获取位置信息，影响体验,primary_clue,39,34,在首次 系统提醒位置获取时 选择拒绝 之后再次进入 不能获取位置信息 影响体验,1,
10010000006892,当你聊天时点进聊天进去突然发现自己的聊天记录出现在最左边，误以为是别人回消息了,当你聊天时点进聊天进去突然发现自己的聊天记录出现在最左边，误以为是别人回消息了,,Functional-Social,message_send,list_item,wrong_value,message_send.list_item.wrong_value,N,High,1,途牛,途牛,10010000006892,message_send.list_item.wrong_value,当你聊天时点进聊天进去突然发现自己的聊天记录出现在最左边，误以为是别人回消息了,primary_clue,39,38,当你聊天时点进聊天进去突然发现自己的聊天记录出现在最左边 误以为是别人回消息了,1,
10010000002225,如第四张图，当把价格范围拖动到“600~不限”时，发生闪退，闪退回第二张图的界面,如第四张图，当把价格范围拖动到“600~不限”时，发生闪退，闪退回第二张图的界面,,Crash,settings,slider,crash,settings.slider.crash,N,High,1,途牛,途牛,10010000002225,settings.slider.crash,如第四张图，当把价格范围拖动到“600~不限”时，发生闪退，闪退回第二张图的界面,primary_clue,40,34,如第四张图 当把价格范围拖动到 600 不限 时 发生闪退 闪退回第二张图的界面,1,
10010000001907,选择好机票后推荐保险，勾选之后取消机票订单，保险订单仍然存在，仍然有可能被购买到,选择好机票后推荐保险，勾选之后取消机票订单，保险订单仍然存在，仍然有可能被购买到,,Functional-Commerce,shopping,commerce,other,shopping.commerce.other,N,High,1,途牛,途牛,10010000001907,shopping.commerce.other,选择好机票后推荐保险，勾选之后取消机票订单，保险订单仍然存在，仍然有可能被购买到,primary_clue,40,37,选择好机票后推荐保险 勾选之后取消机票订单 保险订单仍然存在 仍然有可能被购买到,1,
10010000002206,点击微博分享，首先弹出的不是登录账号，而是分享内容，编辑好分享内容才显示登录账号,点击微博分享，首先弹出的不是登录账号，而是分享内容，编辑好分享内容才显示登录账号,,Functional-Account,login,share_panel,other,login.share_panel.other,N,High,1,途牛,途牛,10010000002206,login.share_panel.other,点击微博分享，首先弹出的不是登录账号，而是分享内容，编辑好分享内容才显示登录账号,primary_clue,40,37,点击微博分享 首先弹出的不是登录账号 而是分享内容 编辑好分享内容才显示登录账号,1,
10010000002920,投诉的时候，只能输入信息，没有提示投诉的原因。投诉体交后，反馈给用户的消息不明确,投诉的时候，只能输入信息，没有提示投诉的原因。投诉体交后，反馈给用户的消息不明确,,Functional-Social,message_send,chat,wrong_value,message_send.chat.wrong_value,N,High,1,途牛,途牛,10010000002920,message_send.chat.wrong_value,投诉的时候，只能输入信息，没有提示投诉的原因。投诉体交后，反馈给用户的消息不明确,primary_clue,40,36,投诉的时候 只能输入信息 没有提示投诉的原因 投诉体交后 反馈给用户的消息不明确,1,
10010000003042,进入群聊界面后，提示还没有群组，无法进行聊天，但是没有如何进行建群组聊天的提示。,进入群聊界面后，提示还没有群组，无法进行聊天，但是没有如何进行建群组聊天的提示。,,Functional-Social,groupchat,page_view,cannot_or_fail,groupchat.page_view.cannot_or_fail,N,High,1,途牛,途牛,10010000003042,groupchat.page_view.cannot_or_fail,进入群聊界面后，提示还没有群组，无法进行聊天，但是没有如何进行建群组聊天的提示。,primary_clue,40,36,进入群聊界面后 提示还没有群组 无法进行聊天 但是没有如何进行建群组聊天的提示,1,
10010000004329,在私聊界面点击拍照发送，拍照确认后，在图片预览界面有一定概率无法加载刚拍摄的照片,在私聊界面点击拍照发送，拍照确认后，在图片预览界面有一定概率无法加载刚拍摄的照片,,Network/Loading,private_chat,page_view,load_fail,private_chat.page_view.load_fail,N,High,1,途牛,途牛,10010000004329,private_chat.page_view.load_fail,在私聊界面点击拍照发送，拍照确认后，在图片预览界面有一定概率无法加载刚拍摄的照片,primary_clue,40,38,在私聊界面点击拍照发送 拍照确认后 在图片预览界面有一定概率无法加载刚拍摄的照片,1,
10010000005845,发起结伴里 点击想去哪  点击输入框后 手机返回键失效 只能点击输入框后方的取消,发起结伴里 点击想去哪 点击输入框后 手机返回键失效 只能点击输入框后方的取消,,Input/Validation,other,input_box,wrong_value,other.input_box.wrong_value,N,High,1,途牛,途牛,10010000005845,other.input_box.wrong_value,发起结伴里 点击想去哪 点击输入框后 手机返回键失效 只能点击输入框后方的取消,primary_clue,39,35,发起结伴里 点击想去哪 点击输入框后 手机返回键失效 只能点击输入框后方的取消,1,
10010000003399,进入界面的速度太慢了，从一个页面调转到另一个页面的时候，很慢，很卡。会白屏一会。,进入界面的速度太慢了，从一个页面调转到另一个页面的时候，很慢，很卡。会白屏一会。,,Network/Loading,other,page_view,load_fail,other.page_view.load_fail,N,High,1,途牛,途牛,10010000003399,other.page_view.load_fail,进入界面的速度太慢了，从一个页面调转到另一个页面的时候，很慢，很卡。会白屏一会。,primary_clue,40,35,进入界面的速度太慢了 从一个页面调转到另一个页面的时候 很慢 很卡 会白屏一会,1,
10010000004317,"在聊天中对自己发出去的消息进行删除,只是对自己本地聊天记录的删除，并不是撤回消息","在聊天中对自己发出去的消息进行删除,只是对自己本地聊天记录的删除，并不是撤回消息",,Functional-Social,message_send,list_item,wrong_value,message_send.list_item.wrong_value,N,High,1,途牛,途牛,10010000004317,message_send.list_item.wrong_value,"在聊天中对自己发出去的消息进行删除,只是对自己本地聊天记录的删除，并不是撤回消息",primary_clue,40,38,在聊天中对自己发出去的消息进行删除 只是对自己本地聊天记录的删除 并不是撤回消息,1,
10010000004348,有时打开私聊时 之前用户本人的聊天记录在左侧(本来应该是对方的聊天信息在的一侧),有时打开私聊时 之前用户本人的聊天记录在左侧(本来应该是对方的聊天信息在的一侧),,Functional-Social,private_chat,list_item,wrong_value,private_chat.list_item.wrong_value,N,High,1,途牛,途牛,10010000004348,private_chat.list_item.wrong_value,有时打开私聊时 之前用户本人的聊天记录在左侧(本来应该是对方的聊天信息在的一侧),primary_clue,40,37,有时打开私聊时 之前用户本人的聊天记录在左侧 本来应该是对方的聊天信息在的一侧,1,
10010000004597,与陌生人私聊时，对方明明已经发送语音消息，我方却不能接收到。其他类型消息均正常。,与陌生人私聊时，对方明明已经发送语音消息，我方却不能接收到。其他类型消息均正常。,,Functional-Social,private_chat,chat,wrong_value,private_chat.chat.wrong_value,N,High,1,途牛,途牛,10010000004597,private_chat.chat.wrong_value,与陌生人私聊时，对方明明已经发送语音消息，我方却不能接收到。其他类型消息均正常。,primary_clue,40,36,与陌生人私聊时 对方明明已经发送语音消息 我方却不能接收到 其他类型消息均正常,1,
10010000004584,"信息提醒系统在后台情况下无法运行，同时信息接收会有延时。
并且没有及时回复功能。",信息提醒系统在后台情况下无法运行，同时信息接收会有延时。,并且没有及时回复功能。,Other,notification,other,cannot_or_fail,notification.other.cannot_or_fail,Y,Medium,2,途牛,途牛,10010000004584,notification.other.cannot_or_fail,信息提醒系统在后台情况下无法运行，同时信息接收会有延时。,primary_clue,28,26,信息提醒系统在后台情况下无法运行 同时信息接收会有延时,1,
10010000005260,经常性的在关注里或者粉丝里或者最近联系人中选择好友发起私聊，聊天窗口死机。如截图,经常性的在关注里或者粉丝里或者最近联系人中选择好友发起私聊，聊天窗口死机。如截图,,Performance/Freeze,private_chat,chat,freeze,private_chat.chat.freeze,N,High,1,途牛,途牛,10010000005260,private_chat.chat.freeze,经常性的在关注里或者粉丝里或者最近联系人中选择好友发起私聊，聊天窗口死机。如截图,primary_clue,40,38,经常性的在关注里或者粉丝里或者最近联系人中选择好友发起私聊 聊天窗口死机 如截图,1,
10010000005349,图片加载不出，不能完全加载手机相册中的图片，但是通过点击预览可以查看未加载的图片,图片加载不出，不能完全加载手机相册中的图片，但是通过点击预览可以查看未加载的图片,,UI/Display,other,image_banner,cannot_or_fail,other.image_banner.cannot_or_fail,N,Medium,1,途牛,途牛,10010000005349,other.image_banner.cannot_or_fail,图片加载不出，不能完全加载手机相册中的图片，但是通过点击预览可以查看未加载的图片,primary_clue,40,38,图片加载不出 不能完全加载手机相册中的图片 但是通过点击预览可以查看未加载的图片,1,
10010000005450,发起结伴功能中，选择位置界面，搜索关键字，不能准确匹配，甚至出现完全不匹配结果。,发起结伴功能中，选择位置界面，搜索关键字，不能准确匹配，甚至出现完全不匹配结果。,,Functional-Search,search,page_view,cannot_or_fail,search.page_view.cannot_or_fail,N,High,1,途牛,途牛,10010000005450,search.page_view.cannot_or_fail,发起结伴功能中，选择位置界面，搜索关键字，不能准确匹配，甚至出现完全不匹配结果。,primary_clue,40,35,发起结伴功能中 选择位置界面 搜索关键字 不能准确匹配 甚至出现完全不匹配结果,1,
10010000005893,没有设置个人隐私功能，没有对能加我好友和能找到我的人进行筛选，导致个人隐私被泄露,没有设置个人隐私功能，没有对能加我好友和能找到我的人进行筛选，导致个人隐私被泄露,,Functional-Social,settings,page_view,other,settings.page_view.other,N,High,1,途牛,途牛,10010000005893,settings.page_view.other,没有设置个人隐私功能，没有对能加我好友和能找到我的人进行筛选，导致个人隐私被泄露,primary_clue,40,38,没有设置个人隐私功能 没有对能加我好友和能找到我的人进行筛选 导致个人隐私被泄露,1,
10010000006005,在发图文模块中，点击当前地点，进入搜索地点界面，点击当前位置，就会不正常的退出。,在发图文模块中，点击当前地点，进入搜索地点界面，点击当前位置，就会不正常的退出。,,Functional-Search,search,page_view,other,search.page_view.other,N,High,1,途牛,途牛,10010000006005,search.page_view.other,在发图文模块中，点击当前地点，进入搜索地点界面，点击当前位置，就会不正常的退出。,primary_clue,40,35,在发图文模块中 点击当前地点 进入搜索地点界面 点击当前位置 就会不正常的退出,1,
10010000006513,火车票定购，无法搜索到，火车票，高速，普通，都无法搜索，无法进行网上搜索和购票。,火车票定购，无法搜索到，火车票，高速，普通，都无法搜索，无法进行网上搜索和购票。,,Functional-Search,search,other,cannot_or_fail,search.other.cannot_or_fail,N,High,1,途牛,途牛,10010000006513,search.other.cannot_or_fail,火车票定购，无法搜索到，火车票，高速，普通，都无法搜索，无法进行网上搜索和购票。,primary_clue,40,33,火车票定购 无法搜索到 火车票 高速 普通 都无法搜索 无法进行网上搜索和购票,1,
10010000006431,收到陌生用户或已互相关注用户的私聊语音时，不能正确播放，且在语音较短时会出现闪退,收到陌生用户或已互相关注用户的私聊语音时，不能正确播放，且在语音较短时会出现闪退,,Crash,private_chat,chat,crash,private_chat.chat.crash,N,High,1,途牛,途牛,10010000006431,private_chat.chat.crash,收到陌生用户或已互相关注用户的私聊语音时，不能正确播放，且在语音较短时会出现闪退,primary_clue,40,38,收到陌生用户或已互相关注用户的私聊语音时 不能正确播放 且在语音较短时会出现闪退,1,
10010000006566,私聊的自定义表情中添加图片，图片的像素严重降低，发送给他人，存在他人收不到情况。,私聊的自定义表情中添加图片，图片的像素严重降低，发送给他人，存在他人收不到情况。,,Functional-Social,private_chat,image_banner,cannot_or_fail,private_chat.image_banner.cannot_or_fail,N,High,1,途牛,途牛,10010000006566,private_chat.image_banner.cannot_or_fail,私聊的自定义表情中添加图片，图片的像素严重降低，发送给他人，存在他人收不到情况。,primary_clue,40,36,私聊的自定义表情中添加图片 图片的像素严重降低 发送给他人 存在他人收不到情况,1,
10010000000762,个人信息编辑页面，在对姓名和昵称进行修改时，修改成要求的格式不能够保存。（句号.）,个人信息编辑页面，在对姓名和昵称进行修改时，修改成要求的格式不能够保存。（句号.）,,UI/Display,other,page_view,cannot_or_fail,other.page_view.cannot_or_fail,N,Medium,1,途牛,途牛,10010000000762,other.page_view.cannot_or_fail,个人信息编辑页面，在对姓名和昵称进行修改时，修改成要求的格式不能够保存。（句号.）,primary_clue,41,35,个人信息编辑页面 在对姓名和昵称进行修改时 修改成要求的格式不能够保存 句号,1,
10010000001022,在发现模块里，使用搜索功能，在下面的换一批功能里，只有来回2种情况。用户体验较差。,在发现模块里，使用搜索功能，在下面的换一批功能里，只有来回2种情况。用户体验较差。,,Functional-Search,search,page_view,other,search.page_view.other,N,High,1,途牛,途牛,10010000001022,search.page_view.other,在发现模块里，使用搜索功能，在下面的换一批功能里，只有来回2种情况。用户体验较差。,primary_clue,41,36,在发现模块里 使用搜索功能 在下面的换一批功能里 只有来回2种情况 用户体验较差,1,
10010000003448,关键词搜索不精确，例如潍坊高密能搜到酒店，只搜高密无结果，综上搜索不是进行模糊搜索,关键词搜索不精确，例如潍坊高密能搜到酒店，只搜高密无结果，综上搜索不是进行模糊搜索,,Functional-Search,search,other,wrong_value,search.other.wrong_value,N,High,1,途牛,途牛,10010000003448,search.other.wrong_value,关键词搜索不精确，例如潍坊高密能搜到酒店，只搜高密无结果，综上搜索不是进行模糊搜索,primary_clue,41,38,关键词搜索不精确 例如潍坊高密能搜到酒店 只搜高密无结果 综上搜索不是进行模糊搜索,1,
10010000003669,可能机型问题，但测试机在私聊设置里禁用新消息提醒后，首页的消息按钮并不会有红点提示,可能机型问题，但测试机在私聊设置里禁用新消息提醒后，首页的消息按钮并不会有红点提示,,Functional-Social,private_chat,button_icon,other,private_chat.button_icon.other,N,High,1,途牛,途牛,10010000003669,private_chat.button_icon.other,可能机型问题，但测试机在私聊设置里禁用新消息提醒后，首页的消息按钮并不会有红点提示,primary_clue,41,39,可能机型问题 但测试机在私聊设置里禁用新消息提醒后 首页的消息按钮并不会有红点提示,1,
10010000005020,一刷新则性别就会变一下，虽然每次时间长短不一样，但是每次都出现，还是影响用户体验。,一刷新则性别就会变一下，虽然每次时间长短不一样，但是每次都出现，还是影响用户体验。,,UI/Display,other,step,other,other.step.other,N,Medium,1,途牛,途牛,10010000005020,other.step.other,一刷新则性别就会变一下，虽然每次时间长短不一样，但是每次都出现，还是影响用户体验。,primary_clue,41,37,一刷新则性别就会变一下 虽然每次时间长短不一样 但是每次都出现 还是影响用户体验,1,
10010000003678,发送了大批量的表情之后，会出现崩溃，而且此后无法跟此用户进行通信。并且一进去就卡屏,发送了大批量的表情之后，会出现崩溃，而且此后无法跟此用户进行通信。并且一进去就卡屏,,Crash,message_send,other,crash,message_send.other.crash,N,High,1,途牛,途牛,10010000003678,message_send.other.crash,发送了大批量的表情之后，会出现崩溃，而且此后无法跟此用户进行通信。并且一进去就卡屏,primary_clue,41,38,发送了大批量的表情之后 会出现崩溃 而且此后无法跟此用户进行通信 并且一进去就卡屏,1,
10010000003017,"期望结果：显示定位结果（用户所在地点）
实际结果：无定位显示、搜索南通后，也无显示",期望结果：显示定位结果（用户所在地点）,实际结果：无定位显示、搜索南通后，也无显示,Functional-Tracking,gps_track,gps,other,gps_track.gps.other,Y,Medium,2,途牛,途牛,10010000003017,gps_track.gps.other,期望结果：显示定位结果（用户所在地点）,primary_clue,19,16,期望结果 显示定位结果 用户所在地点,1,
10010000003593,用户想要添加指定的好友时，没有对应的功能图标，让用户添加好友，无法直接关注指定好友,用户想要添加指定的好友时，没有对应的功能图标，让用户添加好友，无法直接关注指定好友,,Functional-Social,other,button_icon,cannot_or_fail,other.button_icon.cannot_or_fail,N,High,1,途牛,途牛,10010000003593,other.button_icon.cannot_or_fail,用户想要添加指定的好友时，没有对应的功能图标，让用户添加好友，无法直接关注指定好友,primary_clue,41,38,用户想要添加指定的好友时 没有对应的功能图标 让用户添加好友 无法直接关注指定好友,1,
10010000004524,在聊天文本框内输入空格或者回车无法发送消息！必须输入文字、符号、或者表情才可发送！,在聊天文本框内输入空格或者回车无法发送消息！必须输入文字、符号、或者表情才可发送！,,Functional-Social,message_send,input_box,cannot_or_fail,message_send.input_box.cannot_or_fail,N,High,1,途牛,途牛,10010000004524,message_send.input_box.cannot_or_fail,在聊天文本框内输入空格或者回车无法发送消息！必须输入文字、符号、或者表情才可发送！,primary_clue,41,37,在聊天文本框内输入空格或者回车无法发送消息 必须输入文字 符号 或者表情才可发送,1,
10010000006753,有定位的功能，但是缺少搜索附近的人的功能，有待开发，方面爱旅游的人在身边交到朋友。,有定位的功能，但是缺少搜索附近的人的功能，有待开发，方面爱旅游的人在身边交到朋友。,,Functional-Search,search,gps,other,search.gps.other,N,High,1,途牛,途牛,10010000006753,search.gps.other,有定位的功能，但是缺少搜索附近的人的功能，有待开发，方面爱旅游的人在身边交到朋友。,primary_clue,41,37,有定位的功能 但是缺少搜索附近的人的功能 有待开发 方面爱旅游的人在身边交到朋友,1,
10010000006325,互关用户私聊时，对方发送敏感信息，删除聊天历史，用户人就在聊天列表，无法彻底删除。,互关用户私聊时，对方发送敏感信息，删除聊天历史，用户人就在聊天列表，无法彻底删除。,,Functional-Social,private_chat,list_item,cannot_or_fail,private_chat.list_item.cannot_or_fail,N,High,1,途牛,途牛,10010000006325,private_chat.list_item.cannot_or_fail,互关用户私聊时，对方发送敏感信息，删除聊天历史，用户人就在聊天列表，无法彻底删除。,primary_clue,41,36,互关用户私聊时 对方发送敏感信息 删除聊天历史 用户人就在聊天列表 无法彻底删除,1,
10010000007130,想要看看专属推荐，发现用户自己没有收藏过路线得自己先收藏路线，建议有一个推荐的链接,想要看看专属推荐，发现用户自己没有收藏过路线得自己先收藏路线，建议有一个推荐的链接,,Functional-Share,share,share_panel,other,share.share_panel.other,N,High,1,途牛,途牛,10010000007130,share.share_panel.other,想要看看专属推荐，发现用户自己没有收藏过路线得自己先收藏路线，建议有一个推荐的链接,primary_clue,41,39,想要看看专属推荐 发现用户自己没有收藏过路线得自己先收藏路线 建议有一个推荐的链接,1,
10010000007002,在关闭手机摄像头后，如果选择扫码，仍会出现摄像头信息，会造成手机卡顿，用户体验度差,在关闭手机摄像头后，如果选择扫码，仍会出现摄像头信息，会造成手机卡顿，用户体验度差,,Performance/Freeze,other,other,freeze,other.other.freeze,N,High,1,途牛,途牛,10010000007002,other.other.freeze,在关闭手机摄像头后，如果选择扫码，仍会出现摄像头信息，会造成手机卡顿，用户体验度差,primary_clue,41,37,在关闭手机摄像头后 如果选择扫码 仍会出现摄像头信息 会造成手机卡顿 用户体验度差,1,
10010000005779,在私聊路径里，发送消息后，发现文字消息居中，页面布局较窄，消息占据整个页面，不美观。,在私聊路径里，发送消息后，发现文字消息居中，页面布局较窄，消息占据整个页面，不美观。,,Functional-Social,private_chat,page_view,layout_issue,private_chat.page_view.layout_issue,N,High,1,途牛,途牛,10010000005779,private_chat.page_view.layout_issue,在私聊路径里，发送消息后，发现文字消息居中，页面布局较窄，消息占据整个页面，不美观。,primary_clue,42,36,在私聊路径里 发送消息后 发现文字消息居中 页面布局较窄 消息占据整个页面 不美观,1,
10010000005846,在发送500多字符内容后，在聊天记录中显示曾与该人聊天，但再点击该人进行聊天时闪退。,在发送500多字符内容后，在聊天记录中显示曾与该人聊天，但再点击该人进行聊天时闪退。,,Crash,message_send,list_item,crash,message_send.list_item.crash,N,High,1,途牛,途牛,10010000005846,message_send.list_item.crash,在发送500多字符内容后，在聊天记录中显示曾与该人聊天，但再点击该人进行聊天时闪退。,primary_clue,42,39,在发送500多字符内容后 在聊天记录中显示曾与该人聊天 但再点击该人进行聊天时闪退,1,
10010000006024,在网络正常、用户名、密码均正确的情况下一直登陆不上去，使用动态密码登录时显示网络异常,在网络正常、用户名、密码均正确的情况下一直登陆不上去，使用动态密码登录时显示网络异常,,Network/Loading,login,other,load_fail,login.other.load_fail,N,High,1,途牛,途牛,10010000006024,login.other.load_fail,在网络正常、用户名、密码均正确的情况下一直登陆不上去，使用动态密码登录时显示网络异常,primary_clue,42,39,在网络正常 用户名 密码均正确的情况下一直登陆不上去 使用动态密码登录时显示网络异常,1,
10010000004108,聊天界面有最近最后一条聊天记录，但是点开来之前所有的聊天记录都被清空了，只有空白界面,聊天界面有最近最后一条聊天记录，但是点开来之前所有的聊天记录都被清空了，只有空白界面,,Functional-Social,message_send,page_view,wrong_value,message_send.page_view.wrong_value,N,High,1,途牛,途牛,10010000004108,message_send.page_view.wrong_value,聊天界面有最近最后一条聊天记录，但是点开来之前所有的聊天记录都被清空了，只有空白界面,primary_clue,42,40,聊天界面有最近最后一条聊天记录 但是点开来之前所有的聊天记录都被清空了 只有空白界面,1,
10010000003972,"发帖子的时候只可以发文字和png,jpg,jpeg三种类型的图片，并不可以发表小视频","发帖子的时候只可以发文字和png,jpg,jpeg三种类型的图片，并不可以发表小视频",,Functional-Media,playback,list_item,cannot_or_fail,playback.list_item.cannot_or_fail,N,High,1,途牛,途牛,10010000003972,playback.list_item.cannot_or_fail,"发帖子的时候只可以发文字和png,jpg,jpeg三种类型的图片，并不可以发表小视频",primary_clue,42,39,发帖子的时候只可以发文字和png jpg jpeg三种类型的图片 并不可以发表小视频,1,
10010000004010,登陆。登陆时，点击qq登陆，无法授权，而且微信，微博不法跳转。只能用手机号注册登陆。,登陆。登陆时，点击qq登陆，无法授权，而且微信，微博不法跳转。只能用手机号注册登陆。,,Functional-Account,register,share_panel,permission,register.share_panel.permission,N,High,1,途牛,途牛,10010000004010,register.share_panel.permission,登陆。登陆时，点击qq登陆，无法授权，而且微信，微博不法跳转。只能用手机号注册登陆。,primary_clue,42,35,登陆 登陆时 点击qq登陆 无法授权 而且微信 微博不法跳转 只能用手机号注册登陆,1,
10010000006994,对自己的图文信息应该可以进行成功评论。途牛软件有评论输入框，但没有发送该评论的功能。,对自己的图文信息应该可以进行成功评论。途牛软件有评论输入框，但没有发送该评论的功能。,,Input/Validation,message_send,input_box,other,message_send.input_box.other,N,High,1,途牛,途牛,10010000006994,message_send.input_box.other,对自己的图文信息应该可以进行成功评论。途牛软件有评论输入框，但没有发送该评论的功能。,primary_clue,42,39,对自己的图文信息应该可以进行成功评论 途牛软件有评论输入框 但没有发送该评论的功能,1,
10010000000841,当点击选择一个航班时候会闪退到购物车结算界面，按照业务的规则会需要选择座位再进入购物车,当点击选择一个航班时候会闪退到购物车结算界面，按照业务的规则会需要选择座位再进入购物车,,Crash,other,page_view,crash,other.page_view.crash,N,High,1,途牛,途牛,10010000000841,other.page_view.crash,当点击选择一个航班时候会闪退到购物车结算界面，按照业务的规则会需要选择座位再进入购物车,primary_clue,43,42,当点击选择一个航班时候会闪退到购物车结算界面 按照业务的规则会需要选择座位再进入购物车,1,
10010000003331,聊天对话框：输入框删除发送表情，仅删除表情对应的文字，需多次删除才能成功删掉一个表情。,聊天对话框：输入框删除发送表情，仅删除表情对应的文字，需多次删除才能成功删掉一个表情。,,Functional-Social,message_send,input_box,other,message_send.input_box.other,N,High,1,途牛,途牛,10010000003331,message_send.input_box.other,聊天对话框：输入框删除发送表情，仅删除表情对应的文字，需多次删除才能成功删掉一个表情。,primary_clue,43,39,聊天对话框 输入框删除发送表情 仅删除表情对应的文字 需多次删除才能成功删掉一个表情,1,
10010000005579,"在启动应用时,若切换到别的应用,再切回来会出现界面布局异常,图标挤在一起,约两秒后闪退","在启动应用时,若切换到别的应用,再切回来会出现界面布局异常,图标挤在一起,约两秒后闪退",,Crash,other,button_icon,crash,other.button_icon.crash,N,High,1,途牛,途牛,10010000005579,other.button_icon.crash,"在启动应用时,若切换到别的应用,再切回来会出现界面布局异常,图标挤在一起,约两秒后闪退",primary_clue,43,39,在启动应用时 若切换到别的应用 再切回来会出现界面布局异常 图标挤在一起 约两秒后闪退,1,
10010000006844,给对方发消息后，退出程序，再次登录进入聊天界面发现消息变成了对方发的，过会又恢复正常。,给对方发消息后，退出程序，再次登录进入聊天界面发现消息变成了对方发的，过会又恢复正常。,,Functional-Account,login,page_view,other,login.page_view.other,N,High,1,途牛,途牛,10010000006844,login.page_view.other,给对方发消息后，退出程序，再次登录进入聊天界面发现消息变成了对方发的，过会又恢复正常。,primary_clue,43,39,给对方发消息后 退出程序 再次登录进入聊天界面发现消息变成了对方发的 过会又恢复正常,1,
10010000002931,"发送消息时不能使用键盘发送,只能用鼠标点击发送图标进行发送。很大程度的影响了用户体验。","发送消息时不能使用键盘发送,只能用鼠标点击发送图标进行发送。很大程度的影响了用户体验。",,Functional-Social,message_send,input_box,cannot_or_fail,message_send.input_box.cannot_or_fail,N,High,1,途牛,途牛,10010000002931,message_send.input_box.cannot_or_fail,"发送消息时不能使用键盘发送,只能用鼠标点击发送图标进行发送。很大程度的影响了用户体验。",primary_clue,43,40,发送消息时不能使用键盘发送 只能用鼠标点击发送图标进行发送 很大程度的影响了用户体验,1,
10010000002985,没有查询用户功能，无法进行查询用户、关注用户。用户想关注自己认识的好友，无法进行查询！,没有查询用户功能，无法进行查询用户、关注用户。用户想关注自己认识的好友，无法进行查询！,,Functional-Social,other,chat,cannot_or_fail,other.chat.cannot_or_fail,N,High,1,途牛,途牛,10010000002985,other.chat.cannot_or_fail,没有查询用户功能，无法进行查询用户、关注用户。用户想关注自己认识的好友，无法进行查询！,primary_clue,43,38,没有查询用户功能 无法进行查询用户 关注用户 用户想关注自己认识的好友 无法进行查询,1,
10010000005991,"现象：发送表情时在输入框看到的是文字描述而不是表情
实现步骤：1.发送私聊2.发送表情",现象：发送表情时在输入框看到的是文字描述而不是表情,实现步骤：1.发送私聊2.发送表情,Functional-Social,message_send,input_box,other,message_send.input_box.other,Y,Medium,2,途牛,途牛,10010000005991,message_send.input_box.other,现象：发送表情时在输入框看到的是文字描述而不是表情,primary_clue,25,24,现象 发送表情时在输入框看到的是文字描述而不是表情,1,
10010000007051,删除单条聊天记录 建议弹出对话框  询问用户是否删除该聊天记录  否则可能导致用户误删,删除单条聊天记录 建议弹出对话框 询问用户是否删除该聊天记录 否则可能导致用户误删,,Functional-Social,message_send,list_item,wrong_value,message_send.list_item.wrong_value,N,High,1,途牛,途牛,10010000007051,message_send.list_item.wrong_value,删除单条聊天记录 建议弹出对话框 询问用户是否删除该聊天记录 否则可能导致用户误删,primary_clue,41,38,删除单条聊天记录 建议弹出对话框 询问用户是否删除该聊天记录 否则可能导致用户误删,1,
10010000003298,发送表情点击表情符号是文字显示，取消发送一个表情不能一键删除，需四次才能取消发送的内容,发送表情点击表情符号是文字显示，取消发送一个表情不能一键删除，需四次才能取消发送的内容,,Functional-Social,message_send,other,cannot_or_fail,message_send.other.cannot_or_fail,N,High,1,途牛,途牛,10010000003298,message_send.other.cannot_or_fail,发送表情点击表情符号是文字显示，取消发送一个表情不能一键删除，需四次才能取消发送的内容,primary_clue,43,41,发送表情点击表情符号是文字显示 取消发送一个表情不能一键删除 需四次才能取消发送的内容,1,
10010000004457,登录页面有手机号，邮箱，第三方授权登录等登录方式，但在注册界面却只有手机号注册一中方式,登录页面有手机号，邮箱，第三方授权登录等登录方式，但在注册界面却只有手机号注册一中方式,,Functional-Account,register,page_view,permission,register.page_view.permission,N,High,1,途牛,途牛,10010000004457,register.page_view.permission,登录页面有手机号，邮箱，第三方授权登录等登录方式，但在注册界面却只有手机号注册一中方式,primary_clue,43,40,登录页面有手机号 邮箱 第三方授权登录等登录方式 但在注册界面却只有手机号注册一中方式,1,
10010000006662,语音输入时，点击“按住说话”的标志，有一点时间的延迟才开始录音，因此语音可能开头不全。,语音输入时，点击“按住说话”的标志，有一点时间的延迟才开始录音，因此语音可能开头不全。,,Performance/Freeze,playback,step,freeze,playback.step.freeze,N,High,1,途牛,途牛,10010000006662,playback.step.freeze,语音输入时，点击“按住说话”的标志，有一点时间的延迟才开始录音，因此语音可能开头不全。,primary_clue,43,37,语音输入时 点击 按住说话 的标志 有一点时间的延迟才开始录音 因此语音可能开头不全,1,
10010000004655,在私聊过程中，添加文字描述后，必须点击发送按钮才能发送文字，而输入换行后不能快捷实现。,在私聊过程中，添加文字描述后，必须点击发送按钮才能发送文字，而输入换行后不能快捷实现。,,Functional-Social,private_chat,button_icon,cannot_or_fail,private_chat.button_icon.cannot_or_fail,N,High,1,途牛,途牛,10010000004655,private_chat.button_icon.cannot_or_fail,在私聊过程中，添加文字描述后，必须点击发送按钮才能发送文字，而输入换行后不能快捷实现。,primary_clue,43,39,在私聊过程中 添加文字描述后 必须点击发送按钮才能发送文字 而输入换行后不能快捷实现,1,
10010000005947,长时间使用后出现图片视图加载不出的情况，联系人头像也加载不出，可以登录且网络信号良好。,长时间使用后出现图片视图加载不出的情况，联系人头像也加载不出，可以登录且网络信号良好。,,Functional-Account,login,image_banner,other,login.image_banner.other,N,High,1,途牛,途牛,10010000005947,login.image_banner.other,长时间使用后出现图片视图加载不出的情况，联系人头像也加载不出，可以登录且网络信号良好。,primary_clue,43,40,长时间使用后出现图片视图加载不出的情况 联系人头像也加载不出 可以登录且网络信号良好,1,
10010000005229,"点击“专属顾问”，页面实现跳转，一秒左右闪退。
该功能入口在顶层界面，极差的用户体验。",点击“专属顾问”，页面实现跳转，一秒左右闪退。,该功能入口在顶层界面，极差的用户体验。,Crash,other,page_view,crash,other.page_view.crash,Y,Medium,2,途牛,途牛,10010000005229,other.page_view.crash,点击“专属顾问”，页面实现跳转，一秒左右闪退。,primary_clue,23,18,点击 专属顾问 页面实现跳转 一秒左右闪退,1,
10010000007119,私聊发送信息后没有撤销功能。用户错误发送信息后，想要撤回所发信息，但本应用没有此功能。,私聊发送信息后没有撤销功能。用户错误发送信息后，想要撤回所发信息，但本应用没有此功能。,,Functional-Social,private_chat,chat,wrong_value,private_chat.chat.wrong_value,N,High,1,途牛,途牛,10010000007119,private_chat.chat.wrong_value,私聊发送信息后没有撤销功能。用户错误发送信息后，想要撤回所发信息，但本应用没有此功能。,primary_clue,43,39,私聊发送信息后没有撤销功能 用户错误发送信息后 想要撤回所发信息 但本应用没有此功能,1,
10010000002027,如果没有游客评论，在点击游客评论时会停留在费用须知上，虽然下面页面变化了，但还是让人迷惑,如果没有游客评论，在点击游客评论时会停留在费用须知上，虽然下面页面变化了，但还是让人迷惑,,UI/Display,comment,page_view,other,comment.page_view.other,N,Medium,1,途牛,途牛,10010000002027,comment.page_view.other,如果没有游客评论，在点击游客评论时会停留在费用须知上，虽然下面页面变化了，但还是让人迷惑,primary_clue,44,41,如果没有游客评论 在点击游客评论时会停留在费用须知上 虽然下面页面变化了 但还是让人迷惑,1,
10010000002439,进入非个人主页，发起私聊时，私聊过程中图片发送错误，刚刚发送的图片无法撤回，无撤回功能。,进入非个人主页，发起私聊时，私聊过程中图片发送错误，刚刚发送的图片无法撤回，无撤回功能。,,Functional-Social,private_chat,image_banner,wrong_value,private_chat.image_banner.wrong_value,N,High,1,途牛,途牛,10010000002439,private_chat.image_banner.wrong_value,进入非个人主页，发起私聊时，私聊过程中图片发送错误，刚刚发送的图片无法撤回，无撤回功能。,primary_clue,44,39,进入非个人主页 发起私聊时 私聊过程中图片发送错误 刚刚发送的图片无法撤回 无撤回功能,1,
10010000003027,在用户找回密码时，用邮箱找回时，需要填写注册时的邮箱，但是注册的时候就没有填写邮箱！！！,在用户找回密码时，用邮箱找回时，需要填写注册时的邮箱，但是注册的时候就没有填写邮箱！！！,,Functional-Account,register,other,other,register.other.other,N,High,1,途牛,途牛,10010000003027,register.other.other,在用户找回密码时，用邮箱找回时，需要填写注册时的邮箱，但是注册的时候就没有填写邮箱！！！,primary_clue,44,38,在用户找回密码时 用邮箱找回时 需要填写注册时的邮箱 但是注册的时候就没有填写邮箱,1,
10010000004008,未互相关注和相互关注进行私聊时，点进用户发来的图片查看大图时，点击保存到手机实际并未保存,未互相关注和相互关注进行私聊时，点进用户发来的图片查看大图时，点击保存到手机实际并未保存,,Functional-Social,private_chat,image_banner,other,private_chat.image_banner.other,N,High,1,途牛,途牛,10010000004008,private_chat.image_banner.other,未互相关注和相互关注进行私聊时，点进用户发来的图片查看大图时，点击保存到手机实际并未保存,primary_clue,44,42,未互相关注和相互关注进行私聊时 点进用户发来的图片查看大图时 点击保存到手机实际并未保存,1,
10010000003021,评论发帖信息时，评论输入框应该显示完整的输入信息，但是测试时发现输入的信息只显示了一半。,评论发帖信息时，评论输入框应该显示完整的输入信息，但是测试时发现输入的信息只显示了一半。,,Input/Validation,comment,input_box,other,comment.input_box.other,N,High,1,途牛,途牛,10010000003021,comment.input_box.other,评论发帖信息时，评论输入框应该显示完整的输入信息，但是测试时发现输入的信息只显示了一半。,primary_clue,44,41,评论发帖信息时 评论输入框应该显示完整的输入信息 但是测试时发现输入的信息只显示了一半,1,
10010000004410,第一次好友发的语音能够收到，接下来其他好友发的语音就不变了，一直重复第一个好友发的语音。,第一次好友发的语音能够收到，接下来其他好友发的语音就不变了，一直重复第一个好友发的语音。,,Functional-Social,playback,chat,other,playback.chat.other,N,High,1,途牛,途牛,10010000004410,playback.chat.other,第一次好友发的语音能够收到，接下来其他好友发的语音就不变了，一直重复第一个好友发的语音。,primary_clue,44,41,第一次好友发的语音能够收到 接下来其他好友发的语音就不变了 一直重复第一个好友发的语音,1,
10010000003375,进入“私聊”模式，点击选择表情符号，当点击删除按钮时，不能删除整个表情，只能删除单个符号,进入“私聊”模式，点击选择表情符号，当点击删除按钮时，不能删除整个表情，只能删除单个符号,,Functional-Social,private_chat,button_icon,cannot_delete,private_chat.button_icon.cannot_delete,N,High,1,途牛,途牛,10010000003375,private_chat.button_icon.cannot_delete,进入“私聊”模式，点击选择表情符号，当点击删除按钮时，不能删除整个表情，只能删除单个符号,primary_clue,44,38,进入 私聊 模式 点击选择表情符号 当点击删除按钮时 不能删除整个表情 只能删除单个符号,1,
10010000004365,登录失败后，没反应，重新登录成功后又出现修改提示（提示修改头像等等第一次登录的提示内容）,登录失败后，没反应，重新登录成功后又出现修改提示（提示修改头像等等第一次登录的提示内容）,,Functional-Account,login,other,cannot_or_fail,login.other.cannot_or_fail,N,High,1,途牛,途牛,10010000004365,login.other.cannot_or_fail,登录失败后，没反应，重新登录成功后又出现修改提示（提示修改头像等等第一次登录的提示内容）,primary_clue,44,40,登录失败后 没反应 重新登录成功后又出现修改提示 提示修改头像等等第一次登录的提示内容,1,
10010000004381,点击小表情中右下角的删除图标，只能删除最后的一个小字符，不能删除小表情对应的整个替代符。,点击小表情中右下角的删除图标，只能删除最后的一个小字符，不能删除小表情对应的整个替代符。,,Functional-Social,other,button_icon,cannot_delete,other.button_icon.cannot_delete,N,High,1,途牛,途牛,10010000004381,other.button_icon.cannot_delete,点击小表情中右下角的删除图标，只能删除最后的一个小字符，不能删除小表情对应的整个替代符。,primary_clue,44,41,点击小表情中右下角的删除图标 只能删除最后的一个小字符 不能删除小表情对应的整个替代符,1,
10010000005302,当进入一个页面之后很久才能显示出相应的图片，用户体验较差，应改进布局，以及图片显示方式！,当进入一个页面之后很久才能显示出相应的图片，用户体验较差，应改进布局，以及图片显示方式！,,UI/Display,other,page_view,layout_issue,other.page_view.layout_issue,N,High,1,途牛,途牛,10010000005302,other.page_view.layout_issue,当进入一个页面之后很久才能显示出相应的图片，用户体验较差，应改进布局，以及图片显示方式！,primary_clue,44,40,当进入一个页面之后很久才能显示出相应的图片 用户体验较差 应改进布局 以及图片显示方式,1,
10010000005824,在评论区中，回复后不会立即更新，要重新进入评论区才显示，评论后点返回评论条数不会立即更新,在评论区中，回复后不会立即更新，要重新进入评论区才显示，评论后点返回评论条数不会立即更新,,Other,comment,list_item,other,comment.list_item.other,N,Medium,1,途牛,途牛,10010000005824,comment.list_item.other,在评论区中，回复后不会立即更新，要重新进入评论区才显示，评论后点返回评论条数不会立即更新,primary_clue,44,41,在评论区中 回复后不会立即更新 要重新进入评论区才显示 评论后点返回评论条数不会立即更新,1,
10010000007184,当输入内容过多后，接下来的私聊对话，会变得很卡，不协调。再次输入时，键盘调出来的速度很慢,当输入内容过多后，接下来的私聊对话，会变得很卡，不协调。再次输入时，键盘调出来的速度很慢,,Functional-Social,private_chat,input_box,other,private_chat.input_box.other,N,High,1,途牛,途牛,10010000007184,private_chat.input_box.other,当输入内容过多后，接下来的私聊对话，会变得很卡，不协调。再次输入时，键盘调出来的速度很慢,primary_clue,44,39,当输入内容过多后 接下来的私聊对话 会变得很卡 不协调 再次输入时 键盘调出来的速度很慢,1,
10010000006987,在消息中心，点击联系人，先只出现三个联系人：服务号 群聊 在线客服 过一会才出现其他联系人,在消息中心，点击联系人，先只出现三个联系人：服务号 群聊 在线客服 过一会才出现其他联系人,,Functional-Social,groupchat,chat,other,groupchat.chat.other,N,High,1,途牛,途牛,10010000006987,groupchat.chat.other,在消息中心，点击联系人，先只出现三个联系人：服务号 群聊 在线客服 过一会才出现其他联系人,primary_clue,45,39,在消息中心 点击联系人 先只出现三个联系人 服务号 群聊 在线客服 过一会才出现其他联系人,1,
10010000003670,部分机型（比如我的手机）将应用的通知的优先级设为最高后，他人给我私信后通知栏依然不收到通知,部分机型（比如我的手机）将应用的通知的优先级设为最高后，他人给我私信后通知栏依然不收到通知,,Other,notification,other,other,notification.other.other,N,Medium,1,途牛,途牛,10010000003670,notification.other.other,部分机型（比如我的手机）将应用的通知的优先级设为最高后，他人给我私信后通知栏依然不收到通知,primary_clue,45,42,部分机型 比如我的手机 将应用的通知的优先级设为最高后 他人给我私信后通知栏依然不收到通知,1,
10010000004617,在发送现拍的图片之后不能复制该图片，而且取消按钮会让用户误认为取消发送，实际上无任何作用。,在发送现拍的图片之后不能复制该图片，而且取消按钮会让用户误认为取消发送，实际上无任何作用。,,UI/Display,message_send,button_icon,cannot_or_fail,message_send.button_icon.cannot_or_fail,N,Medium,1,途牛,途牛,10010000004617,message_send.button_icon.cannot_or_fail,在发送现拍的图片之后不能复制该图片，而且取消按钮会让用户误认为取消发送，实际上无任何作用。,primary_clue,45,42,在发送现拍的图片之后不能复制该图片 而且取消按钮会让用户误认为取消发送 实际上无任何作用,1,
10010000003923,在这个软件中没有周到搜索用户这个功能，那么在选择性加好友就非常的麻烦，没有达到智能的选择。,在这个软件中没有周到搜索用户这个功能，那么在选择性加好友就非常的麻烦，没有达到智能的选择。,,Functional-Search,search,chat,other,search.chat.other,N,High,1,途牛,途牛,10010000003923,search.chat.other,在这个软件中没有周到搜索用户这个功能，那么在选择性加好友就非常的麻烦，没有达到智能的选择。,primary_clue,45,42,在这个软件中没有周到搜索用户这个功能 那么在选择性加好友就非常的麻烦 没有达到智能的选择,1,
10010000004079,退出登录后，打算用再次登录，使用第三方登录方式，qq和微博可以。但微信接口没用。点了没反应,退出登录后，打算用再次登录，使用第三方登录方式，qq和微博可以。但微信接口没用。点了没反应,,Functional-Account,login,share_panel,other,login.share_panel.other,N,High,1,途牛,途牛,10010000004079,login.share_panel.other,退出登录后，打算用再次登录，使用第三方登录方式，qq和微博可以。但微信接口没用。点了没反应,primary_clue,45,40,退出登录后 打算用再次登录 使用第三方登录方式 qq和微博可以 但微信接口没用 点了没反应,1,
10010000004469,"点击删除聊天历史时,所有聊天记录都删除了,不是很方便,不能删除某一条记录,或者撤回当前消息","点击删除聊天历史时,所有聊天记录都删除了,不是很方便,不能删除某一条记录,或者撤回当前消息",,Functional-Social,message_send,list_item,cannot_delete,message_send.list_item.cannot_delete,N,High,1,途牛,途牛,10010000004469,message_send.list_item.cannot_delete,"点击删除聊天历史时,所有聊天记录都删除了,不是很方便,不能删除某一条记录,或者撤回当前消息",primary_clue,45,41,点击删除聊天历史时 所有聊天记录都删除了 不是很方便 不能删除某一条记录 或者撤回当前消息,1,
10010000004545,无法定位，手机开了定位，软件定位权限也开了。之前下载了最新版本途牛可以定位，这个版本不可以,无法定位，手机开了定位，软件定位权限也开了。之前下载了最新版本途牛可以定位，这个版本不可以,,Functional-Tracking,gps_track,gps,permission,gps_track.gps.permission,N,High,1,途牛,途牛,10010000004545,gps_track.gps.permission,无法定位，手机开了定位，软件定位权限也开了。之前下载了最新版本途牛可以定位，这个版本不可以,primary_clue,45,41,无法定位 手机开了定位 软件定位权限也开了 之前下载了最新版本途牛可以定位 这个版本不可以,1,
10010000007165,社区发帖，能够自己评论自己，而且每次评论，文本框中自动输入回复***，用户自己能删除，不好,社区发帖，能够自己评论自己，而且每次评论，文本框中自动输入回复,，用户自己能删除，不好,Input/Validation,comment,input_box,other,comment.input_box.other,Y,Medium,2,途牛,途牛,10010000007165,comment.input_box.other,社区发帖，能够自己评论自己，而且每次评论，文本框中自动输入回复,primary_clue,31,28,社区发帖 能够自己评论自己 而且每次评论 文本框中自动输入回复,1,
10010000006363,互动状态界面，点击右上角，页面出现不在提醒和取消按钮，取消按钮只出现了一半，影响视觉效果。,互动状态界面，点击右上角，页面出现不在提醒和取消按钮，取消按钮只出现了一半，影响视觉效果。,,UI/Display,notification,button_icon,other,notification.button_icon.other,N,Medium,1,途牛,途牛,10010000006363,notification.button_icon.other,互动状态界面，点击右上角，页面出现不在提醒和取消按钮，取消按钮只出现了一半，影响视觉效果。,primary_clue,45,40,互动状态界面 点击右上角 页面出现不在提醒和取消按钮 取消按钮只出现了一半 影响视觉效果,1,
10010000006997,数据和wifi都断了之后，消息发不出去。长按没发出去的消息，没有去取消发送的功能，建议增加,数据和wifi都断了之后，消息发不出去。长按没发出去的消息，没有去取消发送的功能，建议增加,,Functional-Social,message_send,chat,cannot_send,message_send.chat.cannot_send,N,High,1,途牛,途牛,10010000006997,message_send.chat.cannot_send,数据和wifi都断了之后，消息发不出去。长按没发出去的消息，没有去取消发送的功能，建议增加,primary_clue,45,41,数据和wifi都断了之后 消息发不出去 长按没发出去的消息 没有去取消发送的功能 建议增加,1,
10010000001663,点击删除按钮没有反应。删除按钮设置的不明显。没法对天数，成人数目以及儿童数目进行直接的编辑。,点击删除按钮没有反应。删除按钮设置的不明显。没法对天数，成人数目以及儿童数目进行直接的编辑。,,UI/Display,settings,button_icon,other,settings.button_icon.other,N,Medium,1,途牛,途牛,10010000001663,settings.button_icon.other,点击删除按钮没有反应。删除按钮设置的不明显。没法对天数，成人数目以及儿童数目进行直接的编辑。,primary_clue,46,42,点击删除按钮没有反应 删除按钮设置的不明显 没法对天数 成人数目以及儿童数目进行直接的编辑,1,
10010000005120,在表情项里，如果我要添加图片，这时候只能一张一张添加，不能一起添加，有点浪费时间，重复步骤。,在表情项里，如果我要添加图片，这时候只能一张一张添加，不能一起添加，有点浪费时间，重复步骤。,,Functional-Social,other,image_banner,cannot_or_fail,other.image_banner.cannot_or_fail,N,High,1,途牛,途牛,10010000005120,other.image_banner.cannot_or_fail,在表情项里，如果我要添加图片，这时候只能一张一张添加，不能一起添加，有点浪费时间，重复步骤。,primary_clue,46,40,在表情项里 如果我要添加图片 这时候只能一张一张添加 不能一起添加 有点浪费时间 重复步骤,1,
10010000005603,当用户被投诉后，应该被禁言，不能发送消息。实际用户被投诉之后，只能发送消息，但不能接收消息。,当用户被投诉后，应该被禁言，不能发送消息。实际用户被投诉之后，只能发送消息，但不能接收消息。,,Functional-Social,message_send,chat,cannot_send,message_send.chat.cannot_send,N,High,1,途牛,途牛,10010000005603,message_send.chat.cannot_send,当用户被投诉后，应该被禁言，不能发送消息。实际用户被投诉之后，只能发送消息，但不能接收消息。,primary_clue,46,40,当用户被投诉后 应该被禁言 不能发送消息 实际用户被投诉之后 只能发送消息 但不能接收消息,1,
10010000002918,点击输入框左侧按钮进入选项卡模式后必须选择一项选项卡才能回到输入模式，无法直接返回输入模式。,点击输入框左侧按钮进入选项卡模式后必须选择一项选项卡才能回到输入模式，无法直接返回输入模式。,,Input/Validation,other,input_box,cannot_or_fail,other.input_box.cannot_or_fail,N,High,1,途牛,途牛,10010000002918,other.input_box.cannot_or_fail,点击输入框左侧按钮进入选项卡模式后必须选择一项选项卡才能回到输入模式，无法直接返回输入模式。,primary_clue,46,44,点击输入框左侧按钮进入选项卡模式后必须选择一项选项卡才能回到输入模式 无法直接返回输入模式,1,
10010000005578,“发起结伴”中，搜索城市或景区，模糊查询，如输入“四”，无法正常显示与“四”相关的城市或景区,“发起结伴”中，搜索城市或景区，模糊查询，如输入“四”，无法正常显示与“四”相关的城市或景区,,Functional-Search,search,other,cannot_or_fail,search.other.cannot_or_fail,N,High,1,途牛,途牛,10010000005578,search.other.cannot_or_fail,“发起结伴”中，搜索城市或景区，模糊查询，如输入“四”，无法正常显示与“四”相关的城市或景区,primary_clue,46,36,发起结伴 中 搜索城市或景区 模糊查询 如输入 四 无法正常显示与 四 相关的城市或景区,1,
10010000003709,"步骤：1.点击输入框左侧“语音输入”图标
2.讲完话后，再立即松开
实际结果：语音录入不完整",步骤：1.点击输入框左侧“语音输入”图标,讲完话后，再立即松开 || 实际结果：语音录入不完整,Functional-Media,playback,input_box,other,playback.input_box.other,Y,Medium,3,途牛,途牛,10010000003709,playback.input_box.other,步骤：1.点击输入框左侧“语音输入”图标,primary_clue,20,16,步骤 1 点击输入框左侧 语音输入 图标,1,
10010000004775,用户无法添加好友和群组，想要和好友联系，必须当好友发表内容，才可以联系，不方便用户之间的交流,用户无法添加好友和群组，想要和好友联系，必须当好友发表内容，才可以联系，不方便用户之间的交流,,Functional-Social,groupchat,chat,cannot_or_fail,groupchat.chat.cannot_or_fail,N,High,1,途牛,途牛,10010000004775,groupchat.chat.cannot_or_fail,用户无法添加好友和群组，想要和好友联系，必须当好友发表内容，才可以联系，不方便用户之间的交流,primary_clue,46,42,用户无法添加好友和群组 想要和好友联系 必须当好友发表内容 才可以联系 不方便用户之间的交流,1,
10010000004319,私聊中，添加图片时，采用照相功能进行图片添加时，图片照了之后，不进行发送，或者是图片没有照！,私聊中，添加图片时，采用照相功能进行图片添加时，图片照了之后，不进行发送，或者是图片没有照！,,Functional-Social,private_chat,image_banner,other,private_chat.image_banner.other,N,High,1,途牛,途牛,10010000004319,private_chat.image_banner.other,私聊中，添加图片时，采用照相功能进行图片添加时，图片照了之后，不进行发送，或者是图片没有照！,primary_clue,46,40,私聊中 添加图片时 采用照相功能进行图片添加时 图片照了之后 不进行发送 或者是图片没有照,1,
10010000004321,多段语音重复第一条语音的内容，即第一条语音内容覆盖了所有语音的内容，其他语音的内容接收不到。,多段语音重复第一条语音的内容，即第一条语音内容覆盖了所有语音的内容，其他语音的内容接收不到。,,Functional-Media,notification,audio,cannot_or_fail,notification.audio.cannot_or_fail,N,High,1,途牛,途牛,10010000004321,notification.audio.cannot_or_fail,多段语音重复第一条语音的内容，即第一条语音内容覆盖了所有语音的内容，其他语音的内容接收不到。,primary_clue,46,43,多段语音重复第一条语音的内容 即第一条语音内容覆盖了所有语音的内容 其他语音的内容接收不到,1,
10010000005550,"用户注册页面的Textview顺序不对,按照用户使用习惯,最后才是应该输入验证码而不是密码。","用户注册页面的Textview顺序不对,按照用户使用习惯,最后才是应该输入验证码而不是密码。",,Functional-Account,register,page_view,other,register.page_view.other,N,High,1,途牛,途牛,10010000005550,register.page_view.other,"用户注册页面的Textview顺序不对,按照用户使用习惯,最后才是应该输入验证码而不是密码。",primary_clue,46,43,用户注册页面的textview顺序不对 按照用户使用习惯 最后才是应该输入验证码而不是密码,1,
10010000005616,聊天记录查找功能中，只能利用上拉刷新来逐条查找。没有关键字索引的算法，查找特定记录十分困难。,聊天记录查找功能中，只能利用上拉刷新来逐条查找。没有关键字索引的算法，查找特定记录十分困难。,,Functional-Search,search,list_item,other,search.list_item.other,N,High,1,途牛,途牛,10010000005616,search.list_item.other,聊天记录查找功能中，只能利用上拉刷新来逐条查找。没有关键字索引的算法，查找特定记录十分困难。,primary_clue,46,42,聊天记录查找功能中 只能利用上拉刷新来逐条查找 没有关键字索引的算法 查找特定记录十分困难,1,
10010000005732,查看与其他用户的聊天记录，长按发送过的消息，只有复制和删除，不能进行转发，多用户交流时不方便,查看与其他用户的聊天记录，长按发送过的消息，只有复制和删除，不能进行转发，多用户交流时不方便,,Functional-Social,message_send,list_item,cannot_or_fail,message_send.list_item.cannot_or_fail,N,High,1,途牛,途牛,10010000005732,message_send.list_item.cannot_or_fail,查看与其他用户的聊天记录，长按发送过的消息，只有复制和删除，不能进行转发，多用户交流时不方便,primary_clue,46,42,查看与其他用户的聊天记录 长按发送过的消息 只有复制和删除 不能进行转发 多用户交流时不方便,1,
10010000006694,发送的信息，想要撤回，不要对方看到，却无法撤回，只能删除功能，但是对方还是可以看到你发的信息,发送的信息，想要撤回，不要对方看到，却无法撤回，只能删除功能，但是对方还是可以看到你发的信息,,Other,message_send,other,cannot_or_fail,message_send.other.cannot_or_fail,N,Medium,1,途牛,途牛,10010000006694,message_send.other.cannot_or_fail,发送的信息，想要撤回，不要对方看到，却无法撤回，只能删除功能，但是对方还是可以看到你发的信息,primary_clue,46,41,发送的信息 想要撤回 不要对方看到 却无法撤回 只能删除功能 但是对方还是可以看到你发的信息,1,
10010000001203,"价格的设置与显示应进行进一步的优化。不统一的价格易造成用户的误解。
没法对数量进行直接的编辑。",价格的设置与显示应进行进一步的优化。不统一的价格易造成用户的误解。,没法对数量进行直接的编辑。,Functional-Commerce,settings,page_view,other,settings.page_view.other,Y,Medium,2,途牛,途牛,10010000001203,settings.page_view.other,价格的设置与显示应进行进一步的优化。不统一的价格易造成用户的误解。,primary_clue,33,31,价格的设置与显示应进行进一步的优化 不统一的价格易造成用户的误解,1,
10010000006082,个人主页上无法看到自己以及好友动态，需点击头像进入后才看得到。步骤较为繁琐，用户体验效果略差。,个人主页上无法看到自己以及好友动态，需点击头像进入后才看得到。步骤较为繁琐，用户体验效果略差。,,Functional-Social,other,chat,cannot_or_fail,other.chat.cannot_or_fail,N,High,1,途牛,途牛,10010000006082,other.chat.cannot_or_fail,个人主页上无法看到自己以及好友动态，需点击头像进入后才看得到。步骤较为繁琐，用户体验效果略差。,primary_clue,47,43,个人主页上无法看到自己以及好友动态 需点击头像进入后才看得到 步骤较为繁琐 用户体验效果略差,1,
10010000006457,应用退出，不能接收信息，后台保存才能接收信息，且少部分出现打开后台挂着的应用时才延迟接到信息。,应用退出，不能接收信息，后台保存才能接收信息，且少部分出现打开后台挂着的应用时才延迟接到信息。,,Performance/Freeze,other,other,freeze,other.other.freeze,N,High,1,途牛,途牛,10010000006457,other.other.freeze,应用退出，不能接收信息，后台保存才能接收信息，且少部分出现打开后台挂着的应用时才延迟接到信息。,primary_clue,47,43,应用退出 不能接收信息 后台保存才能接收信息 且少部分出现打开后台挂着的应用时才延迟接到信息,1,
10010000002661,右上角私聊界面无法直进行查找用户，互相关注只能通过发现里面寻找群组也不行，也不能查找手机联系人,右上角私聊界面无法直进行查找用户，互相关注只能通过发现里面寻找群组也不行，也不能查找手机联系人,,Functional-Search,search,page_view,cannot_or_fail,search.page_view.cannot_or_fail,N,High,1,途牛,途牛,10010000002661,search.page_view.cannot_or_fail,右上角私聊界面无法直进行查找用户，互相关注只能通过发现里面寻找群组也不行，也不能查找手机联系人,primary_clue,47,45,右上角私聊界面无法直进行查找用户 互相关注只能通过发现里面寻找群组也不行 也不能查找手机联系人,1,
10010000004088,"个人资料的手机号主界面可以直接显示出来，点击手机号却不可以看到，应该两边都不能
看到完整的号码",个人资料的手机号主界面可以直接显示出来，点击手机号却不可以看到，应该两边都不能,看到完整的号码,UI/Display,other,page_view,cannot_or_fail,other.page_view.cannot_or_fail,Y,Medium,2,途牛,途牛,10010000004088,other.page_view.cannot_or_fail,个人资料的手机号主界面可以直接显示出来，点击手机号却不可以看到，应该两边都不能,primary_clue,39,37,个人资料的手机号主界面可以直接显示出来 点击手机号却不可以看到 应该两边都不能,1,
10010000003810,"私聊的输入框中，当换行时，上一行的内容就显示不全

当不小心换行敲多了，删除时不知道要删多少刚",私聊的输入框中，当换行时，上一行的内容就显示不全,当不小心换行敲多了，删除时不知道要删多少刚,Functional-Social,private_chat,input_box,layout_issue,private_chat.input_box.layout_issue,Y,Medium,2,途牛,途牛,10010000003810,private_chat.input_box.layout_issue,私聊的输入框中，当换行时，上一行的内容就显示不全,primary_clue,24,22,私聊的输入框中 当换行时 上一行的内容就显示不全,1,
10010000004236,语音信息第一次接收的是正确的，之后接收的都是第一次听到的那个语音，而且重启程序并不能解决问题。,语音信息第一次接收的是正确的，之后接收的都是第一次听到的那个语音，而且重启程序并不能解决问题。,,Functional-Media,playback,audio,cannot_or_fail,playback.audio.cannot_or_fail,N,High,1,途牛,途牛,10010000004236,playback.audio.cannot_or_fail,语音信息第一次接收的是正确的，之后接收的都是第一次听到的那个语音，而且重启程序并不能解决问题。,primary_clue,47,44,语音信息第一次接收的是正确的 之后接收的都是第一次听到的那个语音 而且重启程序并不能解决问题,1,
10010000004578,后台运行时别人发送信息自己是收不到的，只有在程序运行时才能收到信息，而且发送消息有一定的延迟。,后台运行时别人发送信息自己是收不到的，只有在程序运行时才能收到信息，而且发送消息有一定的延迟。,,Performance/Freeze,message_send,chat,freeze,message_send.chat.freeze,N,High,1,途牛,途牛,10010000004578,message_send.chat.freeze,后台运行时别人发送信息自己是收不到的，只有在程序运行时才能收到信息，而且发送消息有一定的延迟。,primary_clue,47,44,后台运行时别人发送信息自己是收不到的 只有在程序运行时才能收到信息 而且发送消息有一定的延迟,1,
10010000006563,当把手机的语言设置成英文时，途牛app还是显示的是中文，没有做兼容性的测试，可能会丧失部分用户,当把手机的语言设置成英文时，途牛app还是显示的是中文，没有做兼容性的测试，可能会丧失部分用户,,Other,settings,page_view,other,settings.page_view.other,N,Medium,1,途牛,途牛,10010000006563,settings.page_view.other,当把手机的语言设置成英文时，途牛app还是显示的是中文，没有做兼容性的测试，可能会丧失部分用户,primary_clue,47,44,当把手机的语言设置成英文时 途牛app还是显示的是中文 没有做兼容性的测试 可能会丧失部分用户,1,
10010000004427,删除不想发送的聊天表情时(已经出现在输入框)  删除是一个字符一个字符删除的 不是一起全部删除,删除不想发送的聊天表情时(已经出现在输入框) 删除是一个字符一个字符删除的 不是一起全部删除,,Functional-Social,message_send,input_box,other,message_send.input_box.other,N,High,1,途牛,途牛,10010000004427,message_send.input_box.other,删除不想发送的聊天表情时(已经出现在输入框) 删除是一个字符一个字符删除的 不是一起全部删除,primary_clue,46,42,删除不想发送的聊天表情时 已经出现在输入框 删除是一个字符一个字符删除的 不是一起全部删除,1,
10010000004912,所有聊天记录中，所有语音对话都是相同的，语音时长、语音的内容，都是一样的，且是同一个人的声音。,所有聊天记录中，所有语音对话都是相同的，语音时长、语音的内容，都是一样的，且是同一个人的声音。,,Functional-Social,message_send,list_item,wrong_value,message_send.list_item.wrong_value,N,High,1,途牛,途牛,10010000004912,message_send.list_item.wrong_value,所有聊天记录中，所有语音对话都是相同的，语音时长、语音的内容，都是一样的，且是同一个人的声音。,primary_clue,47,41,所有聊天记录中 所有语音对话都是相同的 语音时长 语音的内容 都是一样的 且是同一个人的声音,1,
10010000005328,发送语音时有延迟，说完立马松手录不完整，接收到的语音不管是什么都是第一条接收到的语音，一直重复,发送语音时有延迟，说完立马松手录不完整，接收到的语音不管是什么都是第一条接收到的语音，一直重复,,Performance/Freeze,message_send,audio,freeze,message_send.audio.freeze,N,High,1,途牛,途牛,10010000005328,message_send.audio.freeze,发送语音时有延迟，说完立马松手录不完整，接收到的语音不管是什么都是第一条接收到的语音，一直重复,primary_clue,47,44,发送语音时有延迟 说完立马松手录不完整 接收到的语音不管是什么都是第一条接收到的语音 一直重复,1,
10010000006174,经检测，在网络条件可以的情况下，消息从发送到接收会存在一定延迟，有时延迟比较大。影响用户体验。,经检测，在网络条件可以的情况下，消息从发送到接收会存在一定延迟，有时延迟比较大。影响用户体验。,,Performance/Freeze,message_send,chat,freeze,message_send.chat.freeze,N,High,1,途牛,途牛,10010000006174,message_send.chat.freeze,经检测，在网络条件可以的情况下，消息从发送到接收会存在一定延迟，有时延迟比较大。影响用户体验。,primary_clue,47,42,经检测 在网络条件可以的情况下 消息从发送到接收会存在一定延迟 有时延迟比较大 影响用户体验,1,
10010000006493,"找半天找不到添加群组的方式,只有个群组按钮,进去提示尚未加入群组,却怎么也不知道怎么才能加入群组","找半天找不到添加群组的方式,只有个群组按钮,进去提示尚未加入群组,却怎么也不知道怎么才能加入群组",,Functional-Social,groupchat,button_icon,other,groupchat.button_icon.other,N,High,1,途牛,途牛,10010000006493,groupchat.button_icon.other,"找半天找不到添加群组的方式,只有个群组按钮,进去提示尚未加入群组,却怎么也不知道怎么才能加入群组",primary_clue,48,45,找半天找不到添加群组的方式 只有个群组按钮 进去提示尚未加入群组 却怎么也不知道怎么才能加入群组,1,
10010000003601,在私聊时，点击发送表情的按钮，当下面的表情处于第一页时继续右划表情，竟然回到了上页退出了私聊页面,在私聊时，点击发送表情的按钮，当下面的表情处于第一页时继续右划表情，竟然回到了上页退出了私聊页面,,Functional-Social,private_chat,button_icon,other,private_chat.button_icon.other,N,High,1,途牛,途牛,10010000003601,private_chat.button_icon.other,在私聊时，点击发送表情的按钮，当下面的表情处于第一页时继续右划表情，竟然回到了上页退出了私聊页面,primary_clue,48,45,在私聊时 点击发送表情的按钮 当下面的表情处于第一页时继续右划表情 竟然回到了上页退出了私聊页面,1,
10010000003002,"""发现更多精彩""这个功能模块无法点击,也属于设置上的缺陷,应该设置为半透明模式,提示用户无法点击","发现更多精彩""这个功能模块无法点击,也属于设置上的缺陷,应该设置为半透明模式,提示用户无法点击",,Other,settings,page_view,cannot_or_fail,settings.page_view.cannot_or_fail,N,Medium,1,途牛,途牛,10010000003002,settings.page_view.cannot_or_fail,"发现更多精彩""这个功能模块无法点击,也属于设置上的缺陷,应该设置为半透明模式,提示用户无法点击",primary_clue,47,43,发现更多精彩 这个功能模块无法点击 也属于设置上的缺陷 应该设置为半透明模式 提示用户无法点击,1,
10010000005723,登陆进入私聊窗口，点击表情❤添加表情+ ，添加手机里的图片作为表情，添加成功后图片失真，模糊不清,登陆进入私聊窗口，点击表情❤添加表情+ ，添加手机里的图片作为表情，添加成功后图片失真，模糊不清,,Functional-Social,private_chat,image_banner,other,private_chat.image_banner.other,N,High,1,途牛,途牛,10010000005723,private_chat.image_banner.other,登陆进入私聊窗口，点击表情❤添加表情+ ，添加手机里的图片作为表情，添加成功后图片失真，模糊不清,primary_clue,48,41,登陆进入私聊窗口 点击表情 添加表情 添加手机里的图片作为表情 添加成功后图片失真 模糊不清,1,
10010000005284,对于一个对话框，没有给其设置空间限制，可以无止尽的进行输入，这样可能会导致系统空间分配出现问题。,对于一个对话框，没有给其设置空间限制，可以无止尽的进行输入，这样可能会导致系统空间分配出现问题。,,Other,settings,page_view,other,settings.page_view.other,N,Medium,1,途牛,途牛,10010000005284,settings.page_view.other,对于一个对话框，没有给其设置空间限制，可以无止尽的进行输入，这样可能会导致系统空间分配出现问题。,primary_clue,48,44,对于一个对话框 没有给其设置空间限制 可以无止尽的进行输入 这样可能会导致系统空间分配出现问题,1,
10010000005448,通知里面的互动动态列表显示为按照时间从早到晚往下排列。按照使用习惯应为按照时间从晚到早往下排列。,通知里面的互动动态列表显示为按照时间从早到晚往下排列。按照使用习惯应为按照时间从晚到早往下排列。,,Other,notification,list_item,other,notification.list_item.other,N,Medium,1,途牛,途牛,10010000005448,notification.list_item.other,通知里面的互动动态列表显示为按照时间从早到晚往下排列。按照使用习惯应为按照时间从晚到早往下排列。,primary_clue,48,46,通知里面的互动动态列表显示为按照时间从早到晚往下排列 按照使用习惯应为按照时间从晚到早往下排列,1,
10010000002642,聊天时输入表情，输入框显示的是该表情的文字描述，只有当发送给对方时才会显示为表情图片。体验不好。,聊天时输入表情，输入框显示的是该表情的文字描述，只有当发送给对方时才会显示为表情图片。体验不好。,,Functional-Social,message_send,input_box,other,message_send.input_box.other,N,High,1,途牛,途牛,10010000002642,message_send.input_box.other,聊天时输入表情，输入框显示的是该表情的文字描述，只有当发送给对方时才会显示为表情图片。体验不好。,primary_clue,48,44,聊天时输入表情 输入框显示的是该表情的文字描述 只有当发送给对方时才会显示为表情图片 体验不好,1,
10010000004065,找到用户后，点击用户，进入到白屏加载，，加载时间过长，超过了人们能接受的理想秒数，用户体验不好。,找到用户后，点击用户，进入到白屏加载，，加载时间过长，超过了人们能接受的理想秒数，用户体验不好。,,Network/Loading,other,step,load_fail,other.step.load_fail,N,High,1,途牛,途牛,10010000004065,other.step.load_fail,找到用户后，点击用户，进入到白屏加载，，加载时间过长，超过了人们能接受的理想秒数，用户体验不好。,primary_clue,48,41,找到用户后 点击用户 进入到白屏加载 加载时间过长 超过了人们能接受的理想秒数 用户体验不好,1,
10010000003832,登录界面，输入错误密码后再输密码，下面的输入验证码区还留有之前的验证码，不能自动清除，不太方便。,登录界面，输入错误密码后再输密码，下面的输入验证码区还留有之前的验证码，不能自动清除，不太方便。,,Functional-Account,login,page_view,wrong_value,login.page_view.wrong_value,N,High,1,途牛,途牛,10010000003832,login.page_view.wrong_value,登录界面，输入错误密码后再输密码，下面的输入验证码区还留有之前的验证码，不能自动清除，不太方便。,primary_clue,48,43,登录界面 输入错误密码后再输密码 下面的输入验证码区还留有之前的验证码 不能自动清除 不太方便,1,
10010000006026,同一账号可以多设备同时登录有严重的安全隐患，且只有随机一台设备能接收到消息，其他设备均收不到消息,同一账号可以多设备同时登录有严重的安全隐患，且只有随机一台设备能接收到消息，其他设备均收不到消息,,Functional-Account,login,chat,cannot_or_fail,login.chat.cannot_or_fail,N,High,1,途牛,途牛,10010000006026,login.chat.cannot_or_fail,同一账号可以多设备同时登录有严重的安全隐患，且只有随机一台设备能接收到消息，其他设备均收不到消息,primary_clue,48,46,同一账号可以多设备同时登录有严重的安全隐患 且只有随机一台设备能接收到消息 其他设备均收不到消息,1,
10010000003824,发送表情，修改时无法将一整个表情直接清除，而是转化为文字和括号来进行一个个删除。用户体验度不好。,发送表情，修改时无法将一整个表情直接清除，而是转化为文字和括号来进行一个个删除。用户体验度不好。,,Functional-Social,message_send,other,cannot_or_fail,message_send.other.cannot_or_fail,N,High,1,途牛,途牛,10010000003824,message_send.other.cannot_or_fail,发送表情，修改时无法将一整个表情直接清除，而是转化为文字和括号来进行一个个删除。用户体验度不好。,primary_clue,48,44,发送表情 修改时无法将一整个表情直接清除 而是转化为文字和括号来进行一个个删除 用户体验度不好,1,
10010000007169,发送消息中如果对方网络异常，发送方没有提醒，并且对方网络正常之后仍然不能收到消息，出现消息丢失。,发送消息中如果对方网络异常，发送方没有提醒，并且对方网络正常之后仍然不能收到消息，出现消息丢失。,,Network/Loading,message_send,chat,load_fail,message_send.chat.load_fail,N,High,1,途牛,途牛,10010000007169,message_send.chat.load_fail,发送消息中如果对方网络异常，发送方没有提醒，并且对方网络正常之后仍然不能收到消息，出现消息丢失。,primary_clue,48,44,发送消息中如果对方网络异常 发送方没有提醒 并且对方网络正常之后仍然不能收到消息 出现消息丢失,1,
10010000003716,私聊输入多个表情，删除一个表情时，点击删除功能按钮，只能一点一点删除，不能一下子删除一整个表情。,私聊输入多个表情，删除一个表情时，点击删除功能按钮，只能一点一点删除，不能一下子删除一整个表情。,,Functional-Social,private_chat,button_icon,cannot_or_fail,private_chat.button_icon.cannot_or_fail,N,High,1,途牛,途牛,10010000003716,private_chat.button_icon.cannot_or_fail,私聊输入多个表情，删除一个表情时，点击删除功能按钮，只能一点一点删除，不能一下子删除一整个表情。,primary_clue,48,43,私聊输入多个表情 删除一个表情时 点击删除功能按钮 只能一点一点删除 不能一下子删除一整个表情,1,
10010000006287,如果想要找某个人，知道它的昵称或者账号，无法搜索进行添加，只能有过聊天记录的人，才能成为联系人。,如果想要找某个人，知道它的昵称或者账号，无法搜索进行添加，只能有过聊天记录的人，才能成为联系人。,,Functional-Account,search,list_item,cannot_or_fail,search.list_item.cannot_or_fail,N,High,1,途牛,途牛,10010000006287,search.list_item.cannot_or_fail,如果想要找某个人，知道它的昵称或者账号，无法搜索进行添加，只能有过聊天记录的人，才能成为联系人。,primary_clue,48,43,如果想要找某个人 知道它的昵称或者账号 无法搜索进行添加 只能有过聊天记录的人 才能成为联系人,1,
10010000005051,"点击我的收藏里面收藏的产品，再点击分享,新浪微博分享,发送时不能正确分享，之后自动跳回该产品页面","点击我的收藏里面收藏的产品，再点击分享,新浪微博分享,发送时不能正确分享，之后自动跳回该产品页面",,Functional-Share,share,page_view,cannot_or_fail,share.page_view.cannot_or_fail,N,High,1,途牛,途牛,10010000005051,share.page_view.cannot_or_fail,"点击我的收藏里面收藏的产品，再点击分享,新浪微博分享,发送时不能正确分享，之后自动跳回该产品页面",primary_clue,48,44,点击我的收藏里面收藏的产品 再点击分享 新浪微博分享 发送时不能正确分享 之后自动跳回该产品页面,1,
10010000007170,用户听取收到的语音时，该应用无法判断用户是处于听筒模式还是外放模式，总是以外放的模式来播放语音。,用户听取收到的语音时，该应用无法判断用户是处于听筒模式还是外放模式，总是以外放的模式来播放语音。,,Functional-Media,playback,audio,cannot_or_fail,playback.audio.cannot_or_fail,N,High,1,途牛,途牛,10010000007170,playback.audio.cannot_or_fail,用户听取收到的语音时，该应用无法判断用户是处于听筒模式还是外放模式，总是以外放的模式来播放语音。,primary_clue,48,45,用户听取收到的语音时 该应用无法判断用户是处于听筒模式还是外放模式 总是以外放的模式来播放语音,1,
10010000006390,没有网络情况下，浏览联系人出错。浏览最近联系人，应用显示空白。点击“最近联系人”跳转到“群组”。,没有网络情况下，浏览联系人出错。浏览最近联系人，应用显示空白。点击“最近联系人”跳转到“群组”。,,Functional-Social,groupchat,chat,other,groupchat.chat.other,N,High,1,途牛,途牛,10010000006390,groupchat.chat.other,没有网络情况下，浏览联系人出错。浏览最近联系人，应用显示空白。点击“最近联系人”跳转到“群组”。,primary_clue,48,39,没有网络情况下 浏览联系人出错 浏览最近联系人 应用显示空白 点击 最近联系人 跳转到 群组,1,
10010000000889,"在对楼主发的贴进行评论时，""说俩句，撩撩楼主""的文本框在输入信息时，会出现输入内容的上部分被遮住。","在对楼主发的贴进行评论时，""说俩句，撩撩楼主""的文本框在输入信息时，会出现输入内容的上部分被遮住。",,Input/Validation,comment,input_box,other,comment.input_box.other,N,High,1,途牛,途牛,10010000000889,comment.input_box.other,"在对楼主发的贴进行评论时，""说俩句，撩撩楼主""的文本框在输入信息时，会出现输入内容的上部分被遮住。",primary_clue,49,43,在对楼主发的贴进行评论时 说俩句 撩撩楼主 的文本框在输入信息时 会出现输入内容的上部分被遮住,1,
10010000003339,网络状态良好情况下，打开消息页面点击消息列表中的一个用户，点进去后用户名不一致并且聊天记录不显示。,网络状态良好情况下，打开消息页面点击消息列表中的一个用户，点进去后用户名不一致并且聊天记录不显示。,,Functional-Social,message_send,page_view,display_missing,message_send.page_view.display_missing,N,High,1,途牛,途牛,10010000003339,message_send.page_view.display_missing,网络状态良好情况下，打开消息页面点击消息列表中的一个用户，点进去后用户名不一致并且聊天记录不显示。,primary_clue,49,46,网络状态良好情况下 打开消息页面点击消息列表中的一个用户 点进去后用户名不一致并且聊天记录不显示,1,
10010000002671,在用户点击页面模块的时候，不能明确的指示使用者点击的模块，没有添加任何的鼠标点击或者划过时候的指示,在用户点击页面模块的时候，不能明确的指示使用者点击的模块，没有添加任何的鼠标点击或者划过时候的指示,,UI/Display,other,page_view,cannot_or_fail,other.page_view.cannot_or_fail,N,Medium,1,途牛,途牛,10010000002671,other.page_view.cannot_or_fail,在用户点击页面模块的时候，不能明确的指示使用者点击的模块，没有添加任何的鼠标点击或者划过时候的指示,primary_clue,49,47,在用户点击页面模块的时候 不能明确的指示使用者点击的模块 没有添加任何的鼠标点击或者划过时候的指示,1,
10010000002852,"微信登陆图标点击后无反应，qq和微博登陆点击图标后会跳转界面或者提示无法授权,微信点击后无任何反应","微信登陆图标点击后无反应，qq和微博登陆点击图标后会跳转界面或者提示无法授权,微信点击后无任何反应",,Functional-Share,share,button_icon,permission,share.button_icon.permission,N,High,1,途牛,途牛,10010000002852,share.button_icon.permission,"微信登陆图标点击后无反应，qq和微博登陆点击图标后会跳转界面或者提示无法授权,微信点击后无任何反应",primary_clue,49,47,微信登陆图标点击后无反应 qq和微博登陆点击图标后会跳转界面或者提示无法授权 微信点击后无任何反应,1,
10010000003131,第一个人发送的语音会覆盖后面所有联系人发的语音。即使删除删除屏蔽与第一个人的聊天记录也还是会覆盖。,第一个人发送的语音会覆盖后面所有联系人发的语音。即使删除删除屏蔽与第一个人的聊天记录也还是会覆盖。,,Functional-Social,message_send,list_item,wrong_value,message_send.list_item.wrong_value,N,High,1,途牛,途牛,10010000003131,message_send.list_item.wrong_value,第一个人发送的语音会覆盖后面所有联系人发的语音。即使删除删除屏蔽与第一个人的聊天记录也还是会覆盖。,primary_clue,49,47,第一个人发送的语音会覆盖后面所有联系人发的语音 即使删除删除屏蔽与第一个人的聊天记录也还是会覆盖,1,
10010000005411,用户A发送一大串文字给用户B，用户B会收不到长文字，但是其他短对话可以正常进行，也就是长文字包丢失,用户A发送一大串文字给用户B，用户B会收不到长文字，但是其他短对话可以正常进行，也就是长文字包丢失,,Other,message_send,other,cannot_or_fail,message_send.other.cannot_or_fail,N,Medium,1,途牛,途牛,10010000005411,message_send.other.cannot_or_fail,用户A发送一大串文字给用户B，用户B会收不到长文字，但是其他短对话可以正常进行，也就是长文字包丢失,primary_clue,49,46,用户a发送一大串文字给用户b 用户b会收不到长文字 但是其他短对话可以正常进行 也就是长文字包丢失,1,
10010000006476,与某用户聊天时只能通过一直往上翻查找聊天记录，右上角点开没有查看聊天记录的功能，用户体验性较不好。,与某用户聊天时只能通过一直往上翻查找聊天记录，右上角点开没有查看聊天记录的功能，用户体验性较不好。,,Functional-Search,search,list_item,other,search.list_item.other,N,High,1,途牛,途牛,10010000006476,search.list_item.other,与某用户聊天时只能通过一直往上翻查找聊天记录，右上角点开没有查看聊天记录的功能，用户体验性较不好。,primary_clue,49,46,与某用户聊天时只能通过一直往上翻查找聊天记录 右上角点开没有查看聊天记录的功能 用户体验性较不好,1,
10010000004549,1、在打开手机定位服务状态下，步骤3中的定位提示“无法获取您的位置，请刷新或选择距您较近的城市”。,在打开手机定位服务状态下，步骤3中的定位提示“无法获取您的位置，请刷新或选择距您较近的城市”。,,Functional-Tracking,gps_track,gps,cannot_or_fail,gps_track.gps.cannot_or_fail,N,High,1,途牛,途牛,10010000004549,gps_track.gps.cannot_or_fail,在打开手机定位服务状态下，步骤3中的定位提示“无法获取您的位置，请刷新或选择距您较近的城市”。,primary_clue,47,42,在打开手机定位服务状态下 步骤3中的定位提示 无法获取您的位置 请刷新或选择距您较近的城市,1,
10010000005465,语音消息错误！点开私聊页面发送语音时，只能有第一条语音内容。发送的所以的语音都是第一条语音的内容。,语音消息错误！点开私聊页面发送语音时，只能有第一条语音内容。发送的所以的语音都是第一条语音的内容。,,Functional-Social,private_chat,page_view,wrong_value,private_chat.page_view.wrong_value,N,High,1,途牛,途牛,10010000005465,private_chat.page_view.wrong_value,语音消息错误！点开私聊页面发送语音时，只能有第一条语音内容。发送的所以的语音都是第一条语音的内容。,primary_clue,49,45,语音消息错误 点开私聊页面发送语音时 只能有第一条语音内容 发送的所以的语音都是第一条语音的内容,1,
10010000005897,当多个用户向同一个用户发送语音时，其他用户发送的语音信息内容错误，播报的是第一个用户发送的语言信息,当多个用户向同一个用户发送语音时，其他用户发送的语音信息内容错误，播报的是第一个用户发送的语言信息,,Functional-Media,message_send,audio,wrong_value,message_send.audio.wrong_value,N,High,1,途牛,途牛,10010000005897,message_send.audio.wrong_value,当多个用户向同一个用户发送语音时，其他用户发送的语音信息内容错误，播报的是第一个用户发送的语言信息,primary_clue,49,47,当多个用户向同一个用户发送语音时 其他用户发送的语音信息内容错误 播报的是第一个用户发送的语言信息,1,
10010000006243,无法使用第三方登陆，点击后QQ会出现授权失败，点击新浪微博后会出现访问出错界面，点击微信图标无响应,无法使用第三方登陆，点击后QQ会出现授权失败，点击新浪微博后会出现访问出错界面，点击微信图标无响应,,Performance/Freeze,share,button_icon,freeze,share.button_icon.freeze,N,High,1,途牛,途牛,10010000006243,share.button_icon.freeze,无法使用第三方登陆，点击后QQ会出现授权失败，点击新浪微博后会出现访问出错界面，点击微信图标无响应,primary_clue,49,46,无法使用第三方登陆 点击后qq会出现授权失败 点击新浪微博后会出现访问出错界面 点击微信图标无响应,1,
10010000003217,当没有点赞时，点击点赞按钮可以进行点赞，当再次点击时应该可以取消点赞，而不是出现提示信息“点赞失败”,当没有点赞时，点击点赞按钮可以进行点赞，当再次点击时应该可以取消点赞，而不是出现提示信息“点赞失败”,,UI/Display,other,button_icon,cannot_or_fail,other.button_icon.cannot_or_fail,N,Medium,1,途牛,途牛,10010000003217,other.button_icon.cannot_or_fail,当没有点赞时，点击点赞按钮可以进行点赞，当再次点击时应该可以取消点赞，而不是出现提示信息“点赞失败”,primary_clue,50,45,当没有点赞时 点击点赞按钮可以进行点赞 当再次点击时应该可以取消点赞 而不是出现提示信息 点赞失败,1,
10010000003880,"帖子有人评论而非转发时，转发数也增加了。
或者另一种可能性是，有人转发了，但是动态更新通知里没有显示",帖子有人评论而非转发时，转发数也增加了。,或者另一种可能性是，有人转发了，但是动态更新通知里没有显示,Other,comment,list_item,other,comment.list_item.other,Y,Medium,2,途牛,途牛,10010000003880,comment.list_item.other,帖子有人评论而非转发时，转发数也增加了。,primary_clue,20,18,帖子有人评论而非转发时 转发数也增加了,1,
10010000004506,在私聊窗口页面―>点击文本输入框右侧“表情”图标，查看表情，发现自带表情种类太少，无法满足用户需求。,在私聊窗口页面―>点击文本输入框右侧“表情”图标，查看表情，发现自带表情种类太少，无法满足用户需求。,,Functional-Social,private_chat,input_box,cannot_or_fail,private_chat.input_box.cannot_or_fail,N,High,1,途牛,途牛,10010000004506,private_chat.input_box.cannot_or_fail,在私聊窗口页面―>点击文本输入框右侧“表情”图标，查看表情，发现自带表情种类太少，无法满足用户需求。,primary_clue,50,42,在私聊窗口页面 点击文本输入框右侧 表情 图标 查看表情 发现自带表情种类太少 无法满足用户需求,1,
10010000005759,在个人界面下出现刷新不了白化的情况，就是除了登录\注册的字样无法加载出任何东西，此情况是小概率事件。,在个人界面下出现刷新不了白化的情况，就是除了登录\注册的字样无法加载出任何东西，此情况是小概率事件。,,Network/Loading,register,page_view,load_fail,register.page_view.load_fail,N,High,1,途牛,途牛,10010000005759,register.page_view.load_fail,在个人界面下出现刷新不了白化的情况，就是除了登录\注册的字样无法加载出任何东西，此情况是小概率事件。,primary_clue,50,46,在个人界面下出现刷新不了白化的情况 就是除了登录 注册的字样无法加载出任何东西 此情况是小概率事件,1,
10010000006827,1.在建立私聊路径时，不能自动匹配手机联系人已经注册的好友。2.当关注自己的好友时，寻找步骤不便捷。,在建立私聊路径时，不能自动匹配手机联系人已经注册的好友。2.当关注自己的好友时，寻找步骤不便捷。,,Functional-Account,register,chat,cannot_or_fail,register.chat.cannot_or_fail,N,High,1,途牛,途牛,10010000006827,register.chat.cannot_or_fail,在建立私聊路径时，不能自动匹配手机联系人已经注册的好友。2.当关注自己的好友时，寻找步骤不便捷。,primary_clue,48,43,在建立私聊路径时 不能自动匹配手机联系人已经注册的好友 2 当关注自己的好友时 寻找步骤不便捷,1,
10010000004676,原先私聊别人的表情，语音，图片在手机屏幕的左侧出现，误以为别人回消息了，实际上是自己上一次的发的消息,原先私聊别人的表情，语音，图片在手机屏幕的左侧出现，误以为别人回消息了，实际上是自己上一次的发的消息,,Functional-Social,private_chat,image_banner,other,private_chat.image_banner.other,N,High,1,途牛,途牛,10010000004676,private_chat.image_banner.other,原先私聊别人的表情，语音，图片在手机屏幕的左侧出现，误以为别人回消息了，实际上是自己上一次的发的消息,primary_clue,50,46,原先私聊别人的表情 语音 图片在手机屏幕的左侧出现 误以为别人回消息了 实际上是自己上一次的发的消息,1,
10010000006162,联系人列表没有做在线与否的判断，不能根据在线与否的情况提供不同的头像视图（或其他易理解的区别证据）。,联系人列表没有做在线与否的判断，不能根据在线与否的情况提供不同的头像视图（或其他易理解的区别证据）。,,Other,other,list_item,cannot_or_fail,other.list_item.cannot_or_fail,N,Medium,1,途牛,途牛,10010000006162,other.list_item.cannot_or_fail,联系人列表没有做在线与否的判断，不能根据在线与否的情况提供不同的头像视图（或其他易理解的区别证据）。,primary_clue,50,46,联系人列表没有做在线与否的判断 不能根据在线与否的情况提供不同的头像视图 或其他易理解的区别证据,1,
10010000004929,顾客想要加某个人为好友时，即便知道了他的账号也无法加他为好友，这是个用户体验的问题。（截图是问客服）,顾客想要加某个人为好友时，即便知道了他的账号也无法加他为好友，这是个用户体验的问题。（截图是问客服）,,Functional-Account,other,chat,cannot_or_fail,other.chat.cannot_or_fail,N,High,1,途牛,途牛,10010000004929,other.chat.cannot_or_fail,顾客想要加某个人为好友时，即便知道了他的账号也无法加他为好友，这是个用户体验的问题。（截图是问客服）,primary_clue,50,45,顾客想要加某个人为好友时 即便知道了他的账号也无法加他为好友 这是个用户体验的问题 截图是问客服,1,
10010000004773,我的页面一直提示有消息 但是点击消息图标 进入界面后 界面上方一直提示连接中 无法加载 且多次重试无效,我的页面一直提示有消息 但是点击消息图标 进入界面后 界面上方一直提示连接中 无法加载 且多次重试无效,,Network/Loading,message_send,button_icon,load_fail,message_send.button_icon.load_fail,N,High,1,途牛,途牛,10010000004773,message_send.button_icon.load_fail,我的页面一直提示有消息 但是点击消息图标 进入界面后 界面上方一直提示连接中 无法加载 且多次重试无效,primary_clue,51,46,我的页面一直提示有消息 但是点击消息图标 进入界面后 界面上方一直提示连接中 无法加载 且多次重试无效,1,
10010000005083,一个在线用户给另一个离线用户发送消息，另一个离线用户登录查看信息时，面板显示的是第一条信息而非最后一条,一个在线用户给另一个离线用户发送消息，另一个离线用户登录查看信息时，面板显示的是第一条信息而非最后一条,,Functional-Account,login,chat,other,login.chat.other,N,High,1,途牛,途牛,10010000005083,login.chat.other,一个在线用户给另一个离线用户发送消息，另一个离线用户登录查看信息时，面板显示的是第一条信息而非最后一条,primary_clue,51,49,一个在线用户给另一个离线用户发送消息 另一个离线用户登录查看信息时 面板显示的是第一条信息而非最后一条,1,
10010000005751,当用户A，用户B进行聊天互动时，退出当前聊天窗口，再进入时 ，用户A，B头像 聊天气泡会重叠在同一边。,当用户A，用户B进行聊天互动时，退出当前聊天窗口，再进入时 ，用户A，B头像 聊天气泡会重叠在同一边。,,Functional-Social,message_send,chat,layout_issue,message_send.chat.layout_issue,N,High,1,途牛,途牛,10010000005751,message_send.chat.layout_issue,当用户A，用户B进行聊天互动时，退出当前聊天窗口，再进入时 ，用户A，B头像 聊天气泡会重叠在同一边。,primary_clue,51,43,当用户a 用户b进行聊天互动时 退出当前聊天窗口 再进入时 用户a b头像 聊天气泡会重叠在同一边,1,
10010000003540,私聊界面对方的名字只会显示第一次私聊时对面的名字，对方在这之后修改名字不能在私聊窗口显示最新修改的名字,私聊界面对方的名字只会显示第一次私聊时对面的名字，对方在这之后修改名字不能在私聊窗口显示最新修改的名字,,Functional-Social,private_chat,page_view,cannot_or_fail,private_chat.page_view.cannot_or_fail,N,High,1,途牛,途牛,10010000003540,private_chat.page_view.cannot_or_fail,私聊界面对方的名字只会显示第一次私聊时对面的名字，对方在这之后修改名字不能在私聊窗口显示最新修改的名字,primary_clue,51,50,私聊界面对方的名字只会显示第一次私聊时对面的名字 对方在这之后修改名字不能在私聊窗口显示最新修改的名字,1,
10010000002966,语音信息只能接收第一条的内容，不管是谁发的，发了多少条，发过来的语音都是第一条，接收不到其他内容的语音,语音信息只能接收第一条的内容，不管是谁发的，发了多少条，发过来的语音都是第一条，接收不到其他内容的语音,,Functional-Media,notification,audio,cannot_or_fail,notification.audio.cannot_or_fail,N,High,1,途牛,途牛,10010000002966,notification.audio.cannot_or_fail,语音信息只能接收第一条的内容，不管是谁发的，发了多少条，发过来的语音都是第一条，接收不到其他内容的语音,primary_clue,51,47,语音信息只能接收第一条的内容 不管是谁发的 发了多少条 发过来的语音都是第一条 接收不到其他内容的语音,1,
10010000004493,无法找到用户搜索功能（即根据用户账号寻找用户），或搜索功能处于不易寻找的位置，对用户使用造成的影响较大,无法找到用户搜索功能（即根据用户账号寻找用户），或搜索功能处于不易寻找的位置，对用户使用造成的影响较大,,Functional-Account,search,other,cannot_or_fail,search.other.cannot_or_fail,N,High,1,途牛,途牛,10010000004493,search.other.cannot_or_fail,无法找到用户搜索功能（即根据用户账号寻找用户），或搜索功能处于不易寻找的位置，对用户使用造成的影响较大,primary_clue,51,47,无法找到用户搜索功能 即根据用户账号寻找用户 或搜索功能处于不易寻找的位置 对用户使用造成的影响较大,1,
10010000006104,"无法后台运行 每次按主页面菜单键后打开APP后再次重新启动
安装成功APP后JPush提示缺少统计代码",无法后台运行 每次按主页面菜单键后打开APP后再次重新启动,安装成功APP后JPush提示缺少统计代码,UI/Display,other,page_view,cannot_or_fail,other.page_view.cannot_or_fail,Y,Medium,2,途牛,途牛,10010000006104,other.page_view.cannot_or_fail,无法后台运行 每次按主页面菜单键后打开APP后再次重新启动,primary_clue,29,28,无法后台运行 每次按主页面菜单键后打开app后再次重新启动,1,
10010000003965,个人资料中头像无法设置，第一次选择本地照片无法设置自己的头像，再次选择拍照后成功，之后就可以设置头像了,个人资料中头像无法设置，第一次选择本地照片无法设置自己的头像，再次选择拍照后成功，之后就可以设置头像了,,Other,settings,page_view,cannot_or_fail,settings.page_view.cannot_or_fail,N,Medium,1,途牛,途牛,10010000003965,settings.page_view.cannot_or_fail,个人资料中头像无法设置，第一次选择本地照片无法设置自己的头像，再次选择拍照后成功，之后就可以设置头像了,primary_clue,51,48,个人资料中头像无法设置 第一次选择本地照片无法设置自己的头像 再次选择拍照后成功 之后就可以设置头像了,1,
10010000004714,"当私聊界面手动截屏时，途牛客户端会自动出现有一个功能分享到，微信，朋友圈，QQ,，点击并没有任何反应。","当私聊界面手动截屏时，途牛客户端会自动出现有一个功能分享到，微信，朋友圈，QQ,，点击并没有任何反应。",,Functional-Share,share,page_view,other,share.page_view.other,N,High,1,途牛,途牛,10010000004714,share.page_view.other,"当私聊界面手动截屏时，途牛客户端会自动出现有一个功能分享到，微信，朋友圈，QQ,，点击并没有任何反应。",primary_clue,51,44,当私聊界面手动截屏时 途牛客户端会自动出现有一个功能分享到 微信 朋友圈 qq 点击并没有任何反应,1,
10010000006279,运行软件一段时间后通知栏会出现莫名提示:JPush提示.....点击后出现短暂跳屏源码，影响用户体验。,运行软件一段时间后通知栏会出现莫名提示:JPush提示.....点击后出现短暂跳屏源码，影响用户体验。,,UI/Display,notification,step,other,notification.step.other,N,Medium,1,途牛,途牛,10010000006279,notification.step.other,运行软件一段时间后通知栏会出现莫名提示:JPush提示.....点击后出现短暂跳屏源码，影响用户体验。,primary_clue,51,43,运行软件一段时间后通知栏会出现莫名提示 jpush提示 点击后出现短暂跳屏源码 影响用户体验,1,
10010000005303,联系人视图中群聊控件点击后只有“你还没有群组”的提示，功能表述不明确。且无添加群聊功能，用户难以使用。,联系人视图中群聊控件点击后只有“你还没有群组”的提示，功能表述不明确。且无添加群聊功能，用户难以使用。,,Functional-Social,groupchat,chat,wrong_value,groupchat.chat.wrong_value,N,High,1,途牛,途牛,10010000005303,groupchat.chat.wrong_value,联系人视图中群聊控件点击后只有“你还没有群组”的提示，功能表述不明确。且无添加群聊功能，用户难以使用。,primary_clue,51,45,联系人视图中群聊控件点击后只有 你还没有群组 的提示 功能表述不明确 且无添加群聊功能 用户难以使用,1,
10010000003708,在表情栏进行退格删除表情时，一次退格应该删除一个表情，但一次退格删除的是表情符的一个中括号，导致发送错误,在表情栏进行退格删除表情时，一次退格应该删除一个表情，但一次退格删除的是表情符的一个中括号，导致发送错误,,Functional-Social,message_send,other,wrong_value,message_send.other.wrong_value,N,High,1,途牛,途牛,10010000003708,message_send.other.wrong_value,在表情栏进行退格删除表情时，一次退格应该删除一个表情，但一次退格删除的是表情符的一个中括号，导致发送错误,primary_clue,52,49,在表情栏进行退格删除表情时 一次退格应该删除一个表情 但一次退格删除的是表情符的一个中括号 导致发送错误,1,
10010000005268,当用户不能完全确定发送的语音内容时，可以增加录音功能，录音后增加取消和发送按钮，以此发送较为满意的消息。,当用户不能完全确定发送的语音内容时，可以增加录音功能，录音后增加取消和发送按钮，以此发送较为满意的消息。,,Functional-Social,message_send,button_icon,cannot_or_fail,message_send.button_icon.cannot_or_fail,N,High,1,途牛,途牛,10010000005268,message_send.button_icon.cannot_or_fail,当用户不能完全确定发送的语音内容时，可以增加录音功能，录音后增加取消和发送按钮，以此发送较为满意的消息。,primary_clue,52,48,当用户不能完全确定发送的语音内容时 可以增加录音功能 录音后增加取消和发送按钮 以此发送较为满意的消息,1,
10010000003439,进入首页联系人列表，只有聊过天的联系人，不能自主添加联系人，必须从什么社区，活动，发现中招，好麻烦。。。,进入首页联系人列表，只有聊过天的联系人，不能自主添加联系人，必须从什么社区，活动，发现中招，好麻烦。。。,,UI/Display,other,page_view,cannot_or_fail,other.page_view.cannot_or_fail,N,Medium,1,途牛,途牛,10010000003439,other.page_view.cannot_or_fail,进入首页联系人列表，只有聊过天的联系人，不能自主添加联系人，必须从什么社区，活动，发现中招，好麻烦。。。,primary_clue,52,43,进入首页联系人列表 只有聊过天的联系人 不能自主添加联系人 必须从什么社区 活动 发现中招 好麻烦,1,
10010000003859,私聊的消息记录，“我”和“我私聊的对象”消息记录会放在同一栏，需要刷新多次几秒到几十秒不等才会恢复正常。,私聊的消息记录，“我”和“我私聊的对象”消息记录会放在同一栏，需要刷新多次几秒到几十秒不等才会恢复正常。,,Functional-Social,private_chat,list_item,other,private_chat.list_item.other,N,High,1,途牛,途牛,10010000003859,private_chat.list_item.other,私聊的消息记录，“我”和“我私聊的对象”消息记录会放在同一栏，需要刷新多次几秒到几十秒不等才会恢复正常。,primary_clue,52,45,私聊的消息记录 我 和 我私聊的对象 消息记录会放在同一栏 需要刷新多次几秒到几十秒不等才会恢复正常,1,
10010000003790,关注后，好友的昵称虽然已经修改，但显示的依旧是注册时的名字，只有在删除联系人之后再进行私聊才会显示正确。,关注后，好友的昵称虽然已经修改，但显示的依旧是注册时的名字，只有在删除联系人之后再进行私聊才会显示正确。,,Functional-Account,register,chat,other,register.chat.other,N,High,1,途牛,途牛,10010000003790,register.chat.other,关注后，好友的昵称虽然已经修改，但显示的依旧是注册时的名字，只有在删除联系人之后再进行私聊才会显示正确。,primary_clue,52,48,关注后 好友的昵称虽然已经修改 但显示的依旧是注册时的名字 只有在删除联系人之后再进行私聊才会显示正确,1,
10010000004078,私聊设置中的输入提示不正确。应用提示输入最多100字一，但是汉字只能80个。应该提示输入最多100字节。,私聊设置中的输入提示不正确。应用提示输入最多100字一，但是汉字只能80个。应该提示输入最多100字节。,,Functional-Social,private_chat,page_view,wrong_value,private_chat.page_view.wrong_value,N,High,1,途牛,途牛,10010000004078,private_chat.page_view.wrong_value,私聊设置中的输入提示不正确。应用提示输入最多100字一，但是汉字只能80个。应该提示输入最多100字节。,primary_clue,52,48,私聊设置中的输入提示不正确 应用提示输入最多100字一 但是汉字只能80个 应该提示输入最多100字节,1,
10010000006002,已经登录，但在“我的“”界面，显示登录\注册，个人信息并可以进行编辑点击可以看到，但是点击其他选项无反应,已经登录，但在“我的“”界面，显示登录\注册，个人信息并可以进行编辑点击可以看到，但是点击其他选项无反应,,Functional-Account,register,page_view,cannot_or_fail,register.page_view.cannot_or_fail,N,High,1,途牛,途牛,10010000006002,register.page_view.cannot_or_fail,已经登录，但在“我的“”界面，显示登录\注册，个人信息并可以进行编辑点击可以看到，但是点击其他选项无反应,primary_clue,52,44,已经登录 但在 我的 界面 显示登录 注册 个人信息并可以进行编辑点击可以看到 但是点击其他选项无反应,1,
10010000006165,"1.从无线网络切换到数据连接，需要等待一段时间才能正常的连接上
2.再没有网络连接的情况下也可以进行聊天",从无线网络切换到数据连接，需要等待一段时间才能正常的连接上,再没有网络连接的情况下也可以进行聊天,Other,other,step,other,other.step.other,Y,Medium,2,途牛,途牛,10010000006165,other.step.other,从无线网络切换到数据连接，需要等待一段时间才能正常的连接上,primary_clue,29,28,从无线网络切换到数据连接 需要等待一段时间才能正常的连接上,1,
10010000007092,给别人私聊发消息怎样都发不出去，点重发也没用，换一个人也没用，刚开始以为我被禁演，只有重新启动程序才有用,给别人私聊发消息怎样都发不出去，点重发也没用，换一个人也没用，刚开始以为我被禁演，只有重新启动程序才有用,,Functional-Social,private_chat,chat,cannot_send,private_chat.chat.cannot_send,N,High,1,途牛,途牛,10010000007092,private_chat.chat.cannot_send,给别人私聊发消息怎样都发不出去，点重发也没用，换一个人也没用，刚开始以为我被禁演，只有重新启动程序才有用,primary_clue,52,48,给别人私聊发消息怎样都发不出去 点重发也没用 换一个人也没用 刚开始以为我被禁演 只有重新启动程序才有用,1,
10010000007058,投诉字数超过100，输不进去，但未提示已满100字，且输入框下面还有空白处，容易让用户认为还能继续输入。,投诉字数超过100，输不进去，但未提示已满100字，且输入框下面还有空白处，容易让用户认为还能继续输入。,,Input/Validation,other,input_box,no_prompt,other.input_box.no_prompt,N,High,1,途牛,途牛,10010000007058,other.input_box.no_prompt,投诉字数超过100，输不进去，但未提示已满100字，且输入框下面还有空白处，容易让用户认为还能继续输入。,primary_clue,52,47,投诉字数超过100 输不进去 但未提示已满100字 且输入框下面还有空白处 容易让用户认为还能继续输入,1,
10010000003904,经过测试，两个用户在面对面，WiFi信号很强的情况下，一用户给另一用户发消息，消息接收存在3~5秒的延迟。,经过测试，两个用户在面对面，WiFi信号很强的情况下，一用户给另一用户发消息，消息接收存在3~5秒的延迟。,,Performance/Freeze,message_send,chat,freeze,message_send.chat.freeze,N,High,1,途牛,途牛,10010000003904,message_send.chat.freeze,经过测试，两个用户在面对面，WiFi信号很强的情况下，一用户给另一用户发消息，消息接收存在3~5秒的延迟。,primary_clue,53,47,经过测试 两个用户在面对面 wifi信号很强的情况下 一用户给另一用户发消息 消息接收存在3 5秒的延迟,1,
10010000002365,私聊时发送的文字和表情并长按选择图片和文字表情。文字和表情确定可以复制、删除而图片只能删除和保存，不能复制,私聊时发送的文字和表情并长按选择图片和文字表情。文字和表情确定可以复制、删除而图片只能删除和保存，不能复制,,Functional-Social,private_chat,image_banner,cannot_or_fail,private_chat.image_banner.cannot_or_fail,N,High,1,途牛,途牛,10010000002365,private_chat.image_banner.cannot_or_fail,私聊时发送的文字和表情并长按选择图片和文字表情。文字和表情确定可以复制、删除而图片只能删除和保存，不能复制,primary_clue,53,50,私聊时发送的文字和表情并长按选择图片和文字表情 文字和表情确定可以复制 删除而图片只能删除和保存 不能复制,1,
10010000002683,用惯qq的用户一般习惯点击键盘上的回车发送，但是途牛只能点击对话框的发送按钮，希望能让用户自行选择发送方式,用惯qq的用户一般习惯点击键盘上的回车发送，但是途牛只能点击对话框的发送按钮，希望能让用户自行选择发送方式,,Input/Validation,message_send,input_box,other,message_send.input_box.other,N,High,1,途牛,途牛,10010000002683,message_send.input_box.other,用惯qq的用户一般习惯点击键盘上的回车发送，但是途牛只能点击对话框的发送按钮，希望能让用户自行选择发送方式,primary_clue,53,51,用惯qq的用户一般习惯点击键盘上的回车发送 但是途牛只能点击对话框的发送按钮 希望能让用户自行选择发送方式,1,
10010000006850,输入框不能随着输入的信息内容而自适应地扩展，当用户一次要发送较多的信息时就只能显示部分信息，用户体验不好。,输入框不能随着输入的信息内容而自适应地扩展，当用户一次要发送较多的信息时就只能显示部分信息，用户体验不好。,,Input/Validation,message_send,input_box,cannot_or_fail,message_send.input_box.cannot_or_fail,N,High,1,途牛,途牛,10010000006850,message_send.input_box.cannot_or_fail,输入框不能随着输入的信息内容而自适应地扩展，当用户一次要发送较多的信息时就只能显示部分信息，用户体验不好。,primary_clue,53,50,输入框不能随着输入的信息内容而自适应地扩展 当用户一次要发送较多的信息时就只能显示部分信息 用户体验不好,1,
10010000004118,进入程序后在选择城市页面无法定位到当前所在城市，导致我身边功能无法正常使用已获得定位权限，定位功能已打开。,进入程序后在选择城市页面无法定位到当前所在城市，导致我身边功能无法正常使用已获得定位权限，定位功能已打开。,,Functional-Tracking,gps_track,page_view,permission,gps_track.page_view.permission,N,High,1,途牛,途牛,10010000004118,gps_track.page_view.permission,进入程序后在选择城市页面无法定位到当前所在城市，导致我身边功能无法正常使用已获得定位权限，定位功能已打开。,primary_clue,53,50,进入程序后在选择城市页面无法定位到当前所在城市 导致我身边功能无法正常使用已获得定位权限 定位功能已打开,1,
10010000003034,私聊时，选择表情，会以文字描述的形式出现在输入框里，删除时，只能连续删除所有的字符才可以，需要点击四下按钮,私聊时，选择表情，会以文字描述的形式出现在输入框里，删除时，只能连续删除所有的字符才可以，需要点击四下按钮,,Functional-Social,private_chat,input_box,other,private_chat.input_box.other,N,High,1,途牛,途牛,10010000003034,private_chat.input_box.other,私聊时，选择表情，会以文字描述的形式出现在输入框里，删除时，只能连续删除所有的字符才可以，需要点击四下按钮,primary_clue,53,48,私聊时 选择表情 会以文字描述的形式出现在输入框里 删除时 只能连续删除所有的字符才可以 需要点击四下按钮,1,
10010000003664,评论数应该要及时进行更新，每添加一条评论，其父界面的发布信息界面应该增加1，但该软件不能自动及时更新评论数,评论数应该要及时进行更新，每添加一条评论，其父界面的发布信息界面应该增加1，但该软件不能自动及时更新评论数,,UI/Display,comment,page_view,cannot_or_fail,comment.page_view.cannot_or_fail,N,Medium,1,途牛,途牛,10010000003664,comment.page_view.cannot_or_fail,评论数应该要及时进行更新，每添加一条评论，其父界面的发布信息界面应该增加1，但该软件不能自动及时更新评论数,primary_clue,53,50,评论数应该要及时进行更新 每添加一条评论 其父界面的发布信息界面应该增加1 但该软件不能自动及时更新评论数,1,
10010000005281,不能查找到已关注的用户，比如我已经关注了名为途牛社区的人，但是我在各种页面均找不到这个人，除非我跟他有对话,不能查找到已关注的用户，比如我已经关注了名为途牛社区的人，但是我在各种页面均找不到这个人，除非我跟他有对话,,Functional-Search,search,page_view,cannot_or_fail,search.page_view.cannot_or_fail,N,High,1,途牛,途牛,10010000005281,search.page_view.cannot_or_fail,不能查找到已关注的用户，比如我已经关注了名为途牛社区的人，但是我在各种页面均找不到这个人，除非我跟他有对话,primary_clue,53,50,不能查找到已关注的用户 比如我已经关注了名为途牛社区的人 但是我在各种页面均找不到这个人 除非我跟他有对话,1,
10010000005393,接受到的图片只能删除 不能转发 要点击图片，右上角的菜单保存，容易忽略，对需要的图片不能进行所需要的处理。,接受到的图片只能删除 不能转发 要点击图片，右上角的菜单保存，容易忽略，对需要的图片不能进行所需要的处理。,,UI/Display,other,image_banner,cannot_or_fail,other.image_banner.cannot_or_fail,N,Medium,1,途牛,途牛,10010000005393,other.image_banner.cannot_or_fail,接受到的图片只能删除 不能转发 要点击图片，右上角的菜单保存，容易忽略，对需要的图片不能进行所需要的处理。,primary_clue,53,47,接受到的图片只能删除 不能转发 要点击图片 右上角的菜单保存 容易忽略 对需要的图片不能进行所需要的处理,1,
10010000004664,我的页面一直提示有新的消息 但是点击消息后，页面上方一直在提示连接中始终无法加载成功 多次重新点击都无法加载,我的页面一直提示有新的消息 但是点击消息后，页面上方一直在提示连接中始终无法加载成功 多次重新点击都无法加载,,Network/Loading,message_send,page_view,load_fail,message_send.page_view.load_fail,N,High,1,途牛,途牛,10010000004664,message_send.page_view.load_fail,我的页面一直提示有新的消息 但是点击消息后，页面上方一直在提示连接中始终无法加载成功 多次重新点击都无法加载,primary_clue,54,51,我的页面一直提示有新的消息 但是点击消息后 页面上方一直在提示连接中始终无法加载成功 多次重新点击都无法加载,1,
10010000004823,在发帖后进入帖子里面，点击评论的那个小按钮，输入框显示有问题，只能显示一半的高度，输进去的字只能显示一般高度,在发帖后进入帖子里面，点击评论的那个小按钮，输入框显示有问题，只能显示一半的高度，输进去的字只能显示一般高度,,Input/Validation,comment,input_box,other,comment.input_box.other,N,High,1,途牛,途牛,10010000004823,comment.input_box.other,在发帖后进入帖子里面，点击评论的那个小按钮，输入框显示有问题，只能显示一半的高度，输进去的字只能显示一般高度,primary_clue,54,50,在发帖后进入帖子里面 点击评论的那个小按钮 输入框显示有问题 只能显示一半的高度 输进去的字只能显示一般高度,1,
10010000002461,如果没有群组，为何不同时显示创建群组；联系人也是如此，开始的时候没有任何联系人，但是我找不到添加联系人的按键,如果没有群组，为何不同时显示创建群组,联系人也是如此，开始的时候没有任何联系人，但是我找不到添加联系人的按键,Functional-Social,groupchat,chat,other,groupchat.chat.other,Y,Medium,2,途牛,途牛,10010000002461,groupchat.chat.other,如果没有群组，为何不同时显示创建群组,primary_clue,18,17,如果没有群组 为何不同时显示创建群组,1,
10010000004411,点击私聊界面右上角“更多”图标，可设置聊天。其中“新消息提醒”按钮应该和“屏蔽此人消息”按钮在逻辑上相关联。,点击私聊界面右上角“更多”图标，可设置聊天。其中“新消息提醒”按钮应该和“屏蔽此人消息”按钮在逻辑上相关联。,,Functional-Social,private_chat,button_icon,other,private_chat.button_icon.other,N,High,1,途牛,途牛,10010000004411,private_chat.button_icon.other,点击私聊界面右上角“更多”图标，可设置聊天。其中“新消息提醒”按钮应该和“屏蔽此人消息”按钮在逻辑上相关联。,primary_clue,54,45,点击私聊界面右上角 更多 图标 可设置聊天 其中 新消息提醒 按钮应该和 屏蔽此人消息 按钮在逻辑上相关联,1,
10010000006370,同一设备，退出一个帐号登录另一账号后，点击右上角聊天按钮无法进入私聊页面，只有推出软件重新开启之后才能进入。,同一设备，退出一个帐号登录另一账号后，点击右上角聊天按钮无法进入私聊页面，只有推出软件重新开启之后才能进入。,,Network/Loading,login,button_icon,load_fail,login.button_icon.load_fail,N,High,1,途牛,途牛,10010000006370,login.button_icon.load_fail,同一设备，退出一个帐号登录另一账号后，点击右上角聊天按钮无法进入私聊页面，只有推出软件重新开启之后才能进入。,primary_clue,54,50,同一设备 退出一个帐号登录另一账号后 点击右上角聊天按钮无法进入私聊页面 只有推出软件重新开启之后才能进入,1,
10010000005742,当多个用户给同一个人发送语音是，用户接收到的语音时间显示正常，但实际上一直是第一个人的语音，发送方是正常的。,当多个用户给同一个人发送语音是，用户接收到的语音时间显示正常，但实际上一直是第一个人的语音，发送方是正常的。,,Functional-Media,message_send,step,other,message_send.step.other,N,High,1,途牛,途牛,10010000005742,message_send.step.other,当多个用户给同一个人发送语音是，用户接收到的语音时间显示正常，但实际上一直是第一个人的语音，发送方是正常的。,primary_clue,54,50,当多个用户给同一个人发送语音是 用户接收到的语音时间显示正常 但实际上一直是第一个人的语音 发送方是正常的,1,
10010000005230,选择表情后如果要删除一次只能删除一个符号，而不能删除整个表情的字符，需要删除多次才能删除彻底，用户体验不佳。,选择表情后如果要删除一次只能删除一个符号，而不能删除整个表情的字符，需要删除多次才能删除彻底，用户体验不佳。,,Functional-Social,other,other,cannot_delete,other.other.cannot_delete,N,High,1,途牛,途牛,10010000005230,other.other.cannot_delete,选择表情后如果要删除一次只能删除一个符号，而不能删除整个表情的字符，需要删除多次才能删除彻底，用户体验不佳。,primary_clue,54,50,选择表情后如果要删除一次只能删除一个符号 而不能删除整个表情的字符 需要删除多次才能删除彻底 用户体验不佳,1,
10010000007003,投诉用户时，若输入字数超过100字，希望弹出一个窗口提醒用户输入超过100字，以免用户不知道，仍在继续输入。,投诉用户时，若输入字数超过100字，希望弹出一个窗口提醒用户输入超过100字，以免用户不知道，仍在继续输入。,,Other,notification,other,other,notification.other.other,N,Medium,1,途牛,途牛,10010000007003,notification.other.other,投诉用户时，若输入字数超过100字，希望弹出一个窗口提醒用户输入超过100字，以免用户不知道，仍在继续输入。,primary_clue,54,49,投诉用户时 若输入字数超过100字 希望弹出一个窗口提醒用户输入超过100字 以免用户不知道 仍在继续输入,1,
10010000007154,设置私聊中  投诉用户  功能没有明确的投诉事项，容易导致我认为什么不能干的，而事实上是允许的，这种投诉现象,设置私聊中 投诉用户 功能没有明确的投诉事项，容易导致我认为什么不能干的，而事实上是允许的，这种投诉现象,,Functional-Social,private_chat,page_view,cannot_or_fail,private_chat.page_view.cannot_or_fail,N,High,1,途牛,途牛,10010000007154,private_chat.page_view.cannot_or_fail,设置私聊中 投诉用户 功能没有明确的投诉事项，容易导致我认为什么不能干的，而事实上是允许的，这种投诉现象,primary_clue,52,47,设置私聊中 投诉用户 功能没有明确的投诉事项 容易导致我认为什么不能干的 而事实上是允许的 这种投诉现象,1,
10010000006703,如图所示，当从当前图示状态下点击语音、表情或者添加图片的图标时，整个屏幕会出现大幅度的向上浮动，而且明显可见,如图所示，当从当前图示状态下点击语音、表情或者添加图片的图标时，整个屏幕会出现大幅度的向上浮动，而且明显可见,,Functional-Social,playback,button_icon,other,playback.button_icon.other,N,High,1,途牛,途牛,10010000006703,playback.button_icon.other,如图所示，当从当前图示状态下点击语音、表情或者添加图片的图标时，整个屏幕会出现大幅度的向上浮动，而且明显可见,primary_clue,54,50,如图所示 当从当前图示状态下点击语音 表情或者添加图片的图标时 整个屏幕会出现大幅度的向上浮动 而且明显可见,1,
10010000006619,在求结伴输入相关信息时，在选择结伴日期时，只能选择一天的日期，若这里能有一个时间段选择，结伴成功概率会更大。,在求结伴输入相关信息时，在选择结伴日期时，只能选择一天的日期，若这里能有一个时间段选择，结伴成功概率会更大。,,Other,other,step,other,other.step.other,N,Medium,1,途牛,途牛,10010000006619,other.step.other,在求结伴输入相关信息时，在选择结伴日期时，只能选择一天的日期，若这里能有一个时间段选择，结伴成功概率会更大。,primary_clue,54,49,在求结伴输入相关信息时 在选择结伴日期时 只能选择一天的日期 若这里能有一个时间段选择 结伴成功概率会更大,1,
10010000004341,"在""产品详情""的""产品特色中"",点击“产品特色”时,界面不是链接到新的页面,而是快速回到产品特色部分,有晃动感","在""产品详情""的""产品特色中"",点击“产品特色”时,界面不是链接到新的页面,而是快速回到产品特色部分,有晃动感",,Functional-Share,share,page_view,other,share.page_view.other,N,High,1,途牛,途牛,10010000004341,share.page_view.other,"在""产品详情""的""产品特色中"",点击“产品特色”时,界面不是链接到新的页面,而是快速回到产品特色部分,有晃动感",primary_clue,55,45,在 产品详情 的 产品特色中 点击 产品特色 时 界面不是链接到新的页面 而是快速回到产品特色部分 有晃动感,1,
10010000006277,在进入个人页面后，在没有好友的情况下，不能根据账号查找并好友，只能关注推荐的，没有提供一个便捷的方式添加好友。,在进入个人页面后，在没有好友的情况下，不能根据账号查找并好友，只能关注推荐的，没有提供一个便捷的方式添加好友。,,Functional-Account,search,page_view,cannot_or_fail,search.page_view.cannot_or_fail,N,High,1,途牛,途牛,10010000006277,search.page_view.cannot_or_fail,在进入个人页面后，在没有好友的情况下，不能根据账号查找并好友，只能关注推荐的，没有提供一个便捷的方式添加好友。,primary_clue,55,50,在进入个人页面后 在没有好友的情况下 不能根据账号查找并好友 只能关注推荐的 没有提供一个便捷的方式添加好友,1,
10010000004482,无法和自己熟悉的人，一起结伴，在设计产品时可能考虑到的只是网上的陌生人，没有考虑熟人群体，提供的加好友方式单一,无法和自己熟悉的人，一起结伴，在设计产品时可能考虑到的只是网上的陌生人，没有考虑熟人群体，提供的加好友方式单一,,Functional-Social,other,chat,cannot_or_fail,other.chat.cannot_or_fail,N,High,1,途牛,途牛,10010000004482,other.chat.cannot_or_fail,无法和自己熟悉的人，一起结伴，在设计产品时可能考虑到的只是网上的陌生人，没有考虑熟人群体，提供的加好友方式单一,primary_clue,55,51,无法和自己熟悉的人 一起结伴 在设计产品时可能考虑到的只是网上的陌生人 没有考虑熟人群体 提供的加好友方式单一,1,
10010000006929,用户在往聊天框里复制信息时，只能赋值2678个字符，超出的内容将不再予以显示，第2678个字符后面后出现乱码。,用户在往聊天框里复制信息时，只能赋值2678个字符，超出的内容将不再予以显示，第2678个字符后面后出现乱码。,,Functional-Social,message_send,chat,layout_issue,message_send.chat.layout_issue,N,High,1,途牛,途牛,10010000006929,message_send.chat.layout_issue,用户在往聊天框里复制信息时，只能赋值2678个字符，超出的内容将不再予以显示，第2678个字符后面后出现乱码。,primary_clue,55,51,用户在往聊天框里复制信息时 只能赋值2678个字符 超出的内容将不再予以显示 第2678个字符后面后出现乱码,1,
10010000003045,在右上角点击设置，选择投诉改用户，输入超过100个字的时候禁止了用户继续输入，并没有提示用户字数已满100个字！,在右上角点击设置，选择投诉改用户，输入超过100个字的时候禁止了用户继续输入，并没有提示用户字数已满100个字！,,Other,settings,page_view,no_prompt,settings.page_view.no_prompt,N,High,1,途牛,途牛,10010000003045,settings.page_view.no_prompt,在右上角点击设置，选择投诉改用户，输入超过100个字的时候禁止了用户继续输入，并没有提示用户字数已满100个字！,primary_clue,56,52,在右上角点击设置 选择投诉改用户 输入超过100个字的时候禁止了用户继续输入 并没有提示用户字数已满100个字,1,
10010000004843,缺少功能，无法查看聊天记录、并且无法直接取消关注，必须要到该用户的主页上或者在自己的关注里面取消关注，非常不便。,缺少功能，无法查看聊天记录、并且无法直接取消关注，必须要到该用户的主页上或者在自己的关注里面取消关注，非常不便。,,Functional-Social,message_send,list_item,cannot_or_fail,message_send.list_item.cannot_or_fail,N,High,1,途牛,途牛,10010000004843,message_send.list_item.cannot_or_fail,缺少功能，无法查看聊天记录、并且无法直接取消关注，必须要到该用户的主页上或者在自己的关注里面取消关注，非常不便。,primary_clue,56,51,缺少功能 无法查看聊天记录 并且无法直接取消关注 必须要到该用户的主页上或者在自己的关注里面取消关注 非常不便,1,
10010000005201,互加好友后，第一个好友发来语音，但是接下来其他好友发来的语音无论语音长短或者内容，点开语音都还是第一个好友的语音,互加好友后，第一个好友发来语音，但是接下来其他好友发来的语音无论语音长短或者内容，点开语音都还是第一个好友的语音,,Functional-Social,playback,chat,other,playback.chat.other,N,High,1,途牛,途牛,10010000005201,playback.chat.other,互加好友后，第一个好友发来语音，但是接下来其他好友发来的语音无论语音长短或者内容，点开语音都还是第一个好友的语音,primary_clue,56,53,互加好友后 第一个好友发来语音 但是接下来其他好友发来的语音无论语音长短或者内容 点开语音都还是第一个好友的语音,1,
10010000006555,私聊界面历史记录的时间显示不应该年月日全部都显示。应该灵活变化，比如今年的消息，可以不显示年份。秒数也可以不显示,私聊界面历史记录的时间显示不应该年月日全部都显示。应该灵活变化，比如今年的消息，可以不显示年份。秒数也可以不显示,,Functional-Social,private_chat,page_view,display_missing,private_chat.page_view.display_missing,N,High,1,途牛,途牛,10010000006555,private_chat.page_view.display_missing,私聊界面历史记录的时间显示不应该年月日全部都显示。应该灵活变化，比如今年的消息，可以不显示年份。秒数也可以不显示,primary_clue,56,52,私聊界面历史记录的时间显示不应该年月日全部都显示 应该灵活变化 比如今年的消息 可以不显示年份 秒数也可以不显示,1,
10010000003479,进入到聊天窗口后，光标默认在输入框中闪烁，但是不能直接开始打字，还需要再点击一下输入框才能打字聊天，拖慢聊天速度,进入到聊天窗口后，光标默认在输入框中闪烁，但是不能直接开始打字，还需要再点击一下输入框才能打字聊天，拖慢聊天速度,,Functional-Social,message_send,input_box,cannot_or_fail,message_send.input_box.cannot_or_fail,N,High,1,途牛,途牛,10010000003479,message_send.input_box.cannot_or_fail,进入到聊天窗口后，光标默认在输入框中闪烁，但是不能直接开始打字，还需要再点击一下输入框才能打字聊天，拖慢聊天速度,primary_clue,56,52,进入到聊天窗口后 光标默认在输入框中闪烁 但是不能直接开始打字 还需要再点击一下输入框才能打字聊天 拖慢聊天速度,1,
10010000005104,始终保留最初与对方私聊时，对方的用户名。即对方便后来改名字，或者删除聊天记录重新打开私聊窗口，还是最开始的用户名,始终保留最初与对方私聊时，对方的用户名。即对方便后来改名字，或者删除聊天记录重新打开私聊窗口，还是最开始的用户名,,Functional-Social,private_chat,list_item,wrong_value,private_chat.list_item.wrong_value,N,High,1,途牛,途牛,10010000005104,private_chat.list_item.wrong_value,始终保留最初与对方私聊时，对方的用户名。即对方便后来改名字，或者删除聊天记录重新打开私聊窗口，还是最开始的用户名,primary_clue,56,52,始终保留最初与对方私聊时 对方的用户名 即对方便后来改名字 或者删除聊天记录重新打开私聊窗口 还是最开始的用户名,1,
10010000005023,当输入文本框的输入文本较多(多于一行时)，文本框不能自适应地适当变大，使得用户很难向上滑动文字，查看或修改上文。,当输入文本框的输入文本较多(多于一行时)，文本框不能自适应地适当变大，使得用户很难向上滑动文字，查看或修改上文。,,Input/Validation,other,input_box,cannot_or_fail,other.input_box.cannot_or_fail,N,High,1,途牛,途牛,10010000005023,other.input_box.cannot_or_fail,当输入文本框的输入文本较多(多于一行时)，文本框不能自适应地适当变大，使得用户很难向上滑动文字，查看或修改上文。,primary_clue,56,50,当输入文本框的输入文本较多 多于一行时 文本框不能自适应地适当变大 使得用户很难向上滑动文字 查看或修改上文,1,
10010000004997,算法可能是使用了正则表达式、朴素文本模式串匹配算法，因此有较大的性能问题，如图信息发送之后将造成10秒左右的卡顿,算法可能是使用了正则表达式、朴素文本模式串匹配算法，因此有较大的性能问题，如图信息发送之后将造成10秒左右的卡顿,,Performance/Freeze,message_send,other,freeze,message_send.other.freeze,N,High,1,途牛,途牛,10010000004997,message_send.other.freeze,算法可能是使用了正则表达式、朴素文本模式串匹配算法，因此有较大的性能问题，如图信息发送之后将造成10秒左右的卡顿,primary_clue,56,53,算法可能是使用了正则表达式 朴素文本模式串匹配算法 因此有较大的性能问题 如图信息发送之后将造成10秒左右的卡顿,1,
10010000005322,自己没有网络情况下，对方给自己发私聊信息，对方发送之后，自己再链接网络，登录查看私聊信息，私聊中没有对方的新消息,自己没有网络情况下，对方给自己发私聊信息，对方发送之后，自己再链接网络，登录查看私聊信息，私聊中没有对方的新消息,,Functional-Account,login,chat,other,login.chat.other,N,High,1,途牛,途牛,10010000005322,login.chat.other,自己没有网络情况下，对方给自己发私聊信息，对方发送之后，自己再链接网络，登录查看私聊信息，私聊中没有对方的新消息,primary_clue,56,51,自己没有网络情况下 对方给自己发私聊信息 对方发送之后 自己再链接网络 登录查看私聊信息 私聊中没有对方的新消息,1,
10010000006529,当在聊天界面点击聊天记录或者点击手机的物理触控返回键（而非屏幕左上角返回键）或者是其他操作时，偶尔会弹出分享界面,当在聊天界面点击聊天记录或者点击手机的物理触控返回键（而非屏幕左上角返回键）或者是其他操作时，偶尔会弹出分享界面,,Functional-Share,share,button_icon,wrong_value,share.button_icon.wrong_value,N,High,1,途牛,途牛,10010000006529,share.button_icon.wrong_value,当在聊天界面点击聊天记录或者点击手机的物理触控返回键（而非屏幕左上角返回键）或者是其他操作时，偶尔会弹出分享界面,primary_clue,56,53,当在聊天界面点击聊天记录或者点击手机的物理触控返回键 而非屏幕左上角返回键 或者是其他操作时 偶尔会弹出分享界面,1,
10010000002903,在私聊页面添加表情之后，点击表情区域的右下角取消按钮，不能删除一整个表情，而是删除表情的字符。会导致发送内容错乱！,在私聊页面添加表情之后，点击表情区域的右下角取消按钮，不能删除一整个表情，而是删除表情的字符。会导致发送内容错乱！,,Functional-Social,private_chat,button_icon,cannot_delete,private_chat.button_icon.cannot_delete,N,High,1,途牛,途牛,10010000002903,private_chat.button_icon.cannot_delete,在私聊页面添加表情之后，点击表情区域的右下角取消按钮，不能删除一整个表情，而是删除表情的字符。会导致发送内容错乱！,primary_clue,57,52,在私聊页面添加表情之后 点击表情区域的右下角取消按钮 不能删除一整个表情 而是删除表情的字符 会导致发送内容错乱,1,
10010000004112,低价日历显示不正常无规律，有的日期显示，有的日期不显示，离用户出发日期近的不显示，显示远的，无法起到帮助用户的作用,低价日历显示不正常无规律，有的日期显示，有的日期不显示，离用户出发日期近的不显示，显示远的，无法起到帮助用户的作用,,UI/Display,other,other,display_missing,other.other.display_missing,N,High,1,途牛,途牛,10010000004112,other.other.display_missing,低价日历显示不正常无规律，有的日期显示，有的日期不显示，离用户出发日期近的不显示，显示远的，无法起到帮助用户的作用,primary_clue,57,52,低价日历显示不正常无规律 有的日期显示 有的日期不显示 离用户出发日期近的不显示 显示远的 无法起到帮助用户的作用,1,
10010000002452,自己浏览自己的提问，浏览记录应该要及时进行更新，每浏览一次，其浏览记录应该增加1，但该软件不能自动及时更新浏览记录,自己浏览自己的提问，浏览记录应该要及时进行更新，每浏览一次，其浏览记录应该增加1，但该软件不能自动及时更新浏览记录,,Other,other,list_item,cannot_or_fail,other.list_item.cannot_or_fail,N,Medium,1,途牛,途牛,10010000002452,other.list_item.cannot_or_fail,自己浏览自己的提问，浏览记录应该要及时进行更新，每浏览一次，其浏览记录应该增加1，但该软件不能自动及时更新浏览记录,primary_clue,57,53,自己浏览自己的提问 浏览记录应该要及时进行更新 每浏览一次 其浏览记录应该增加1 但该软件不能自动及时更新浏览记录,1,
10010000003466,进入私聊以后，然后发送文字，在编辑输入框中输入很多的文字但是编辑框并没有自动换行之类的，对用户体验有很严重的影响。,进入私聊以后，然后发送文字，在编辑输入框中输入很多的文字但是编辑框并没有自动换行之类的，对用户体验有很严重的影响。,,Functional-Social,private_chat,input_box,other,private_chat.input_box.other,N,High,1,途牛,途牛,10010000003466,private_chat.input_box.other,进入私聊以后，然后发送文字，在编辑输入框中输入很多的文字但是编辑框并没有自动换行之类的，对用户体验有很严重的影响。,primary_clue,57,53,进入私聊以后 然后发送文字 在编辑输入框中输入很多的文字但是编辑框并没有自动换行之类的 对用户体验有很严重的影响,1,
10010000005945,给对方发送大量表情之后，推出软件再次进入聊天界面之后，点击对方软件无反应，无法进行聊天。持续点击对方，软件会闪退。,给对方发送大量表情之后，推出软件再次进入聊天界面之后，点击对方软件无反应，无法进行聊天。持续点击对方，软件会闪退。,,Crash,message_send,page_view,crash,message_send.page_view.crash,N,High,1,途牛,途牛,10010000005945,message_send.page_view.crash,给对方发送大量表情之后，推出软件再次进入聊天界面之后，点击对方软件无反应，无法进行聊天。持续点击对方，软件会闪退。,primary_clue,57,51,给对方发送大量表情之后 推出软件再次进入聊天界面之后 点击对方软件无反应 无法进行聊天 持续点击对方 软件会闪退,1,
10010000005015,"操作：已登录用户进入聊天记录窗口，消息栏向左滑动界面；
预期结果：页面滑动至聊天界面；
实际结果：界面没有任何响应",操作：已登录用户进入聊天记录窗口，消息栏向左滑动界面,预期结果：页面滑动至聊天界面 || 实际结果：界面没有任何响应,Functional-Account,login,page_view,other,login.page_view.other,Y,Medium,3,途牛,途牛,10010000005015,login.page_view.other,操作：已登录用户进入聊天记录窗口，消息栏向左滑动界面,primary_clue,26,24,操作 已登录用户进入聊天记录窗口 消息栏向左滑动界面,1,
10010000005804,"1,发起私聊，闪退后，聊体记录错乱。不能设置私聊。
2,不能建群。
3，私聊拍照时，闪退。
4，没有添加好友功能。","1,发起私聊，闪退后，聊体记录错乱。不能设置私聊。","2,不能建群。 || 3，私聊拍照时，闪退。 || 4，没有添加好友功能。",Crash,private_chat,page_view,crash,private_chat.page_view.crash,Y,Medium,4,途牛,途牛,10010000005804,private_chat.page_view.crash,"1,发起私聊，闪退后，聊体记录错乱。不能设置私聊。",primary_clue,25,20,1 发起私聊 闪退后 聊体记录错乱 不能设置私聊,1,
10010000003871,在私聊页面进入设置，选择投诉该用户，输入法自动弹出来之后又自动关闭，需要用户点击输入框才会弹出输入法（讯飞输入法）！,在私聊页面进入设置，选择投诉该用户，输入法自动弹出来之后又自动关闭，需要用户点击输入框才会弹出输入法（讯飞输入法）！,,Functional-Social,private_chat,input_box,other,private_chat.input_box.other,N,High,1,途牛,途牛,10010000003871,private_chat.input_box.other,在私聊页面进入设置，选择投诉该用户，输入法自动弹出来之后又自动关闭，需要用户点击输入框才会弹出输入法（讯飞输入法）！,primary_clue,58,52,在私聊页面进入设置 选择投诉该用户 输入法自动弹出来之后又自动关闭 需要用户点击输入框才会弹出输入法 讯飞输入法,1,
10010000004041,登录途牛后，无法定位到用户当前所在位置，无法找到附近的用户并进行私聊！比方说，我当前所在地为太原市，定位竟然时上海！,登录途牛后，无法定位到用户当前所在位置，无法找到附近的用户并进行私聊！比方说，我当前所在地为太原市，定位竟然时上海！,,Functional-Account,login,chat,cannot_or_fail,login.chat.cannot_or_fail,N,High,1,途牛,途牛,10010000004041,login.chat.cannot_or_fail,登录途牛后，无法定位到用户当前所在位置，无法找到附近的用户并进行私聊！比方说，我当前所在地为太原市，定位竟然时上海！,primary_clue,58,52,登录途牛后 无法定位到用户当前所在位置 无法找到附近的用户并进行私聊 比方说 我当前所在地为太原市 定位竟然时上海,1,
10010000004260,好友向用户提出金钱请求时，比如银行卡，支付宝等敏感词汇，用户不能得到一定的提示，来判断好友身份，容易造成用户财产损失,好友向用户提出金钱请求时，比如银行卡，支付宝等敏感词汇，用户不能得到一定的提示，来判断好友身份，容易造成用户财产损失,,Functional-Social,shopping,chat,cannot_or_fail,shopping.chat.cannot_or_fail,N,High,1,途牛,途牛,10010000004260,shopping.chat.cannot_or_fail,好友向用户提出金钱请求时，比如银行卡，支付宝等敏感词汇，用户不能得到一定的提示，来判断好友身份，容易造成用户财产损失,primary_clue,58,53,好友向用户提出金钱请求时 比如银行卡 支付宝等敏感词汇 用户不能得到一定的提示 来判断好友身份 容易造成用户财产损失,1,
10010000004336,用户用相机拍摄照片发送的时候会出现发送失败的情况，而且连续好多次出现，但是换一个用户又可以发送了，无规律性出现特征。,用户用相机拍摄照片发送的时候会出现发送失败的情况，而且连续好多次出现，但是换一个用户又可以发送了，无规律性出现特征。,,Other,message_send,other,cannot_send,message_send.other.cannot_send,N,High,1,途牛,途牛,10010000004336,message_send.other.cannot_send,用户用相机拍摄照片发送的时候会出现发送失败的情况，而且连续好多次出现，但是换一个用户又可以发送了，无规律性出现特征。,primary_clue,58,54,用户用相机拍摄照片发送的时候会出现发送失败的情况 而且连续好多次出现 但是换一个用户又可以发送了 无规律性出现特征,1,
10010000005744,定位当前位置，“无法获取您的位置，请开启定位服务”---我已经开启GPS，但不能定位，只能在列表中选择自己所在的城市,定位当前位置，“无法获取您的位置，请开启定位服务”,我已经开启GPS，但不能定位，只能在列表中选择自己所在的城市,Functional-Tracking,gps_track,gps,cannot_or_fail,gps_track.gps.cannot_or_fail,Y,Medium,2,途牛,途牛,10010000005744,gps_track.gps.cannot_or_fail,定位当前位置，“无法获取您的位置，请开启定位服务”,primary_clue,25,21,定位当前位置 无法获取您的位置 请开启定位服务,1,
10010000006095,“我的”—叫好友求关注很不好找（反正我们宿舍人没找到）。这样大家的圈子就无法交集，同时无法给大家提供游玩的参考与建议,“我的”—叫好友求关注很不好找（反正我们宿舍人没找到）。这样大家的圈子就无法交集，同时无法给大家提供游玩的参考与建议,,Functional-Social,other,chat,cannot_or_fail,other.chat.cannot_or_fail,N,High,1,途牛,途牛,10010000006095,other.chat.cannot_or_fail,“我的”—叫好友求关注很不好找（反正我们宿舍人没找到）。这样大家的圈子就无法交集，同时无法给大家提供游玩的参考与建议,primary_clue,58,51,我的 叫好友求关注很不好找 反正我们宿舍人没找到 这样大家的圈子就无法交集 同时无法给大家提供游玩的参考与建议,1,
10010000006740,在联系人和聊天记录中，互相关注的人和陌生人不作区分，这样在聊天这个功能中，关注与否给用户的感觉是相同的，都分不清楚。,在联系人和聊天记录中，互相关注的人和陌生人不作区分，这样在聊天这个功能中，关注与否给用户的感觉是相同的，都分不清楚。,,Functional-Social,message_send,list_item,wrong_value,message_send.list_item.wrong_value,N,High,1,途牛,途牛,10010000006740,message_send.list_item.wrong_value,在联系人和聊天记录中，互相关注的人和陌生人不作区分，这样在聊天这个功能中，关注与否给用户的感觉是相同的，都分不清楚。,primary_clue,58,53,在联系人和聊天记录中 互相关注的人和陌生人不作区分 这样在聊天这个功能中 关注与否给用户的感觉是相同的 都分不清楚,1,
10010000006051,不能判断“[微笑]”类似的字符是用户输入还是通过点击表情发送，都会发送为表情（如果用户想要发送“[微笑]”怎么办？）,不能判断“[微笑]”类似的字符是用户输入还是通过点击表情发送，都会发送为表情（如果用户想要发送“[微笑]”怎么办？）,,Functional-Social,message_send,other,cannot_or_fail,message_send.other.cannot_or_fail,N,High,1,途牛,途牛,10010000006051,message_send.other.cannot_or_fail,不能判断“[微笑]”类似的字符是用户输入还是通过点击表情发送，都会发送为表情（如果用户想要发送“[微笑]”怎么办？）,primary_clue,58,46,不能判断 微笑 类似的字符是用户输入还是通过点击表情发送 都会发送为表情 如果用户想要发送 微笑 怎么办,1,
10010000006478,评论之后，左下角评论的数量不发生变化，需重新进入才可以，例如我评论了一条“哟哟哟”，左下角的评论是还是28，数量没变,评论之后，左下角评论的数量不发生变化，需重新进入才可以，例如我评论了一条“哟哟哟”，左下角的评论是还是28，数量没变,,Other,comment,list_item,other,comment.list_item.other,N,Medium,1,途牛,途牛,10010000006478,comment.list_item.other,评论之后，左下角评论的数量不发生变化，需重新进入才可以，例如我评论了一条“哟哟哟”，左下角的评论是还是28，数量没变,primary_clue,58,51,评论之后 左下角评论的数量不发生变化 需重新进入才可以 例如我评论了一条 哟哟哟 左下角的评论是还是28 数量没变,1,
10010000003435,发送的语音很短的时候提示了用户语音过短，当开始录音的时候没有提示录音已经开始，会导致用户发送的语音前一大段是空白语音！,发送的语音很短的时候提示了用户语音过短，当开始录音的时候没有提示录音已经开始，会导致用户发送的语音前一大段是空白语音！,,Functional-Media,message_send,audio,no_prompt,message_send.audio.no_prompt,N,High,1,途牛,途牛,10010000003435,message_send.audio.no_prompt,发送的语音很短的时候提示了用户语音过短，当开始录音的时候没有提示录音已经开始，会导致用户发送的语音前一大段是空白语音！,primary_clue,59,56,发送的语音很短的时候提示了用户语音过短 当开始录音的时候没有提示录音已经开始 会导致用户发送的语音前一大段是空白语音,1,
10010000005902,安装权限设定可以访问通讯录以及联系频率，而应用中却无法访问通讯录进行添加联系人。要求权限却没有相应执行，存在安全隐患。,安装权限设定可以访问通讯录以及联系频率，而应用中却无法访问通讯录进行添加联系人。要求权限却没有相应执行，存在安全隐患。,,Other,other,other,permission,other.other.permission,N,High,1,途牛,途牛,10010000005902,other.other.permission,安装权限设定可以访问通讯录以及联系频率，而应用中却无法访问通讯录进行添加联系人。要求权限却没有相应执行，存在安全隐患。,primary_clue,59,55,安装权限设定可以访问通讯录以及联系频率 而应用中却无法访问通讯录进行添加联系人 要求权限却没有相应执行 存在安全隐患,1,
10010000004033,在联系人列表里只能看到那个人的注册号，不能自己为他添加备注，这样必须点开看看记录才能知道这个人是谁，用户体验非常不好。,在联系人列表里只能看到那个人的注册号，不能自己为他添加备注，这样必须点开看看记录才能知道这个人是谁，用户体验非常不好。,,Functional-Account,register,list_item,wrong_value,register.list_item.wrong_value,N,High,1,途牛,途牛,10010000004033,register.list_item.wrong_value,在联系人列表里只能看到那个人的注册号，不能自己为他添加备注，这样必须点开看看记录才能知道这个人是谁，用户体验非常不好。,primary_clue,59,55,在联系人列表里只能看到那个人的注册号 不能自己为他添加备注 这样必须点开看看记录才能知道这个人是谁 用户体验非常不好,1,
10010000004540,输入的文本内容被输入框遮挡，输入框为单行文本设计，在文本换行后，很难看清之前输入的内容，难以对文本进行复制、粘贴等操作,输入的文本内容被输入框遮挡，输入框为单行文本设计，在文本换行后，很难看清之前输入的内容，难以对文本进行复制、粘贴等操作,,Input/Validation,other,input_box,layout_issue,other.input_box.layout_issue,N,High,1,途牛,途牛,10010000004540,other.input_box.layout_issue,输入的文本内容被输入框遮挡，输入框为单行文本设计，在文本换行后，很难看清之前输入的内容，难以对文本进行复制、粘贴等操作,primary_clue,59,54,输入的文本内容被输入框遮挡 输入框为单行文本设计 在文本换行后 很难看清之前输入的内容 难以对文本进行复制 粘贴等操作,1,
10010000005714,登入软件后首页右上角的对话小图标不会提示有新的消息，必须用户手动查看消息时才会提示有私聊信息，可能导致用户错过重要事情,登入软件后首页右上角的对话小图标不会提示有新的消息，必须用户手动查看消息时才会提示有私聊信息，可能导致用户错过重要事情,,Functional-Social,private_chat,button_icon,other,private_chat.button_icon.other,N,High,1,途牛,途牛,10010000005714,private_chat.button_icon.other,登入软件后首页右上角的对话小图标不会提示有新的消息，必须用户手动查看消息时才会提示有私聊信息，可能导致用户错过重要事情,primary_clue,59,57,登入软件后首页右上角的对话小图标不会提示有新的消息 必须用户手动查看消息时才会提示有私聊信息 可能导致用户错过重要事情,1,
10010000003978,当用户填完投诉该用户的内容后，不选择点击发送，点击左上角的返回按钮，回到设置私聊页面，没有自动关闭输入法（讯飞输入法）！,当用户填完投诉该用户的内容后，不选择点击发送，点击左上角的返回按钮，回到设置私聊页面，没有自动关闭输入法（讯飞输入法）！,,Functional-Social,private_chat,button_icon,other,private_chat.button_icon.other,N,High,1,途牛,途牛,10010000003978,private_chat.button_icon.other,当用户填完投诉该用户的内容后，不选择点击发送，点击左上角的返回按钮，回到设置私聊页面，没有自动关闭输入法（讯飞输入法）！,primary_clue,60,53,当用户填完投诉该用户的内容后 不选择点击发送 点击左上角的返回按钮 回到设置私聊页面 没有自动关闭输入法 讯飞输入法,1,
10010000002864,私聊设置界面只有三个选项：删除聊天记录，投诉该用户，新消息提醒。无法查看私聊的记录，只能通过手动上划翻找记录，十分不方便,私聊设置界面只有三个选项：删除聊天记录，投诉该用户，新消息提醒。无法查看私聊的记录，只能通过手动上划翻找记录，十分不方便,,Functional-Social,private_chat,page_view,cannot_or_fail,private_chat.page_view.cannot_or_fail,N,High,1,途牛,途牛,10010000002864,private_chat.page_view.cannot_or_fail,私聊设置界面只有三个选项：删除聊天记录，投诉该用户，新消息提醒。无法查看私聊的记录，只能通过手动上划翻找记录，十分不方便,primary_clue,60,54,私聊设置界面只有三个选项 删除聊天记录 投诉该用户 新消息提醒 无法查看私聊的记录 只能通过手动上划翻找记录 十分不方便,1,
10010000003994,A给你发的语音不同，但是你接收的语音点击出来无论语音时间的长短出来的都是你第一次听到的语音。换B的语音听也是一样的语音。,A给你发的语音不同，但是你接收的语音点击出来无论语音时间的长短出来的都是你第一次听到的语音。换B的语音听也是一样的语音。,,Functional-Media,playback,step,other,playback.step.other,N,High,1,途牛,途牛,10010000003994,playback.step.other,A给你发的语音不同，但是你接收的语音点击出来无论语音时间的长短出来的都是你第一次听到的语音。换B的语音听也是一样的语音。,primary_clue,60,57,a给你发的语音不同 但是你接收的语音点击出来无论语音时间的长短出来的都是你第一次听到的语音 换b的语音听也是一样的语音,1,
10010000004672,在进行登录，如果选择动态登录，随便填写一个不规范的号码，那么页面将一直停留在等待页面，没有任何的错误提示，用户体验较差。,在进行登录，如果选择动态登录，随便填写一个不规范的号码，那么页面将一直停留在等待页面，没有任何的错误提示，用户体验较差。,,Functional-Account,login,page_view,wrong_value,login.page_view.wrong_value,N,High,1,途牛,途牛,10010000004672,login.page_view.wrong_value,在进行登录，如果选择动态登录，随便填写一个不规范的号码，那么页面将一直停留在等待页面，没有任何的错误提示，用户体验较差。,primary_clue,60,54,在进行登录 如果选择动态登录 随便填写一个不规范的号码 那么页面将一直停留在等待页面 没有任何的错误提示 用户体验较差,1,
10010000005170,联系人列表中，无法自定义分组，且默认只有“最近联系人”一个分组。单向关注，双向关注与陌生人同在一个组别，联系人难以管理。,联系人列表中，无法自定义分组，且默认只有“最近联系人”一个分组。单向关注，双向关注与陌生人同在一个组别，联系人难以管理。,,UI/Display,other,list_item,cannot_or_fail,other.list_item.cannot_or_fail,N,Medium,1,途牛,途牛,10010000005170,other.list_item.cannot_or_fail,联系人列表中，无法自定义分组，且默认只有“最近联系人”一个分组。单向关注，双向关注与陌生人同在一个组别，联系人难以管理。,primary_clue,60,52,联系人列表中 无法自定义分组 且默认只有 最近联系人 一个分组 单向关注 双向关注与陌生人同在一个组别 联系人难以管理,1,
10010000002481,"操作：进入私聊对话框，发送图片，成功发送后，点击取消；
预期结果：成功取消已发送图片；
实际结果：点击取消后，没有任何改变",操作：进入私聊对话框，发送图片，成功发送后，点击取消,预期结果：成功取消已发送图片 || 实际结果：点击取消后，没有任何改变,Functional-Social,private_chat,image_banner,other,private_chat.image_banner.other,Y,Medium,3,途牛,途牛,10010000002481,private_chat.image_banner.other,操作：进入私聊对话框，发送图片，成功发送后，点击取消,primary_clue,26,22,操作 进入私聊对话框 发送图片 成功发送后 点击取消,1,
10010000002559,在私聊时选择照片，点击照片查看详细时，图片进入详细浏览后闪退回到选择照片界面。（使用机型：Bluestacks安卓模拟器）,在私聊时选择照片，点击照片查看详细时，图片进入详细浏览后闪退回到选择照片界面。（使用机型：Bluestacks安卓模拟器）,,Crash,private_chat,page_view,crash,private_chat.page_view.crash,N,High,1,途牛,途牛,10010000002559,private_chat.page_view.crash,在私聊时选择照片，点击照片查看详细时，图片进入详细浏览后闪退回到选择照片界面。（使用机型：Bluestacks安卓模拟器）,primary_clue,61,55,在私聊时选择照片 点击照片查看详细时 图片进入详细浏览后闪退回到选择照片界面 使用机型 bluestacks安卓模拟器,1,
10010000004615,点开个人主页右下角那个加号，还以为是可以关注通过帐号查找的用户，但是没有那个功能，没有添加好友的功能，或者是这个功能不明显,点开个人主页右下角那个加号，还以为是可以关注通过帐号查找的用户，但是没有那个功能，没有添加好友的功能，或者是这个功能不明显,,Functional-Search,search,chat,other,search.chat.other,N,High,1,途牛,途牛,10010000004615,search.chat.other,点开个人主页右下角那个加号，还以为是可以关注通过帐号查找的用户，但是没有那个功能，没有添加好友的功能，或者是这个功能不明显,primary_clue,61,57,点开个人主页右下角那个加号 还以为是可以关注通过帐号查找的用户 但是没有那个功能 没有添加好友的功能 或者是这个功能不明显,1,
10010000003622,聊天对方更改名字后，在聊天窗口中不更新，仍然显示上一个名字，但是点击对方头像进入个人信息，其中显示的名字是是更新后的名字。,聊天对方更改名字后，在聊天窗口中不更新，仍然显示上一个名字，但是点击对方头像进入个人信息，其中显示的名字是是更新后的名字。,,Functional-Social,message_send,chat,wrong_value,message_send.chat.wrong_value,N,High,1,途牛,途牛,10010000003622,message_send.chat.wrong_value,聊天对方更改名字后，在聊天窗口中不更新，仍然显示上一个名字，但是点击对方头像进入个人信息，其中显示的名字是是更新后的名字。,primary_clue,61,56,聊天对方更改名字后 在聊天窗口中不更新 仍然显示上一个名字 但是点击对方头像进入个人信息 其中显示的名字是是更新后的名字,1,
10010000003718,"第一个:个人主页不明显，点击头像进入是个人主页，但是点击用户账号进入却是个人资料的设置和完善。
第二个:没有绝对的隐私权。",第一个:个人主页不明显，点击头像进入是个人主页，但是点击用户账号进入却是个人资料的设置和完善。,第二个:没有绝对的隐私权。,Functional-Account,settings,page_view,other,settings.page_view.other,Y,Medium,2,途牛,途牛,10010000003718,settings.page_view.other,第一个:个人主页不明显，点击头像进入是个人主页，但是点击用户账号进入却是个人资料的设置和完善。,primary_clue,47,43,第一个 个人主页不明显 点击头像进入是个人主页 但是点击用户账号进入却是个人资料的设置和完善,1,
10010000005646,+里面只有相册，拍照两个功能，没有小视频功能，没有分享位置功能，那怎么行呢！现在都流行发小视频，早知道，有图不一定有真相呀,+里面只有相册，拍照两个功能，没有小视频功能，没有分享位置功能，那怎么行呢！现在都流行发小视频，早知道，有图不一定有真相呀,,Functional-Share,share,share_panel,other,share.share_panel.other,N,High,1,途牛,途牛,10010000005646,share.share_panel.other,+里面只有相册，拍照两个功能，没有小视频功能，没有分享位置功能，那怎么行呢！现在都流行发小视频，早知道，有图不一定有真相呀,primary_clue,61,53,里面只有相册 拍照两个功能 没有小视频功能 没有分享位置功能 那怎么行呢 现在都流行发小视频 早知道 有图不一定有真相呀,1,
10010000005103,在输入比单行输入框多的文字的时候，输入框的前面没有提示，让用户以为，只输入当前界面的这么多文字呢，最好有个省略号，提示一下,在输入比单行输入框多的文字的时候，输入框的前面没有提示，让用户以为，只输入当前界面的这么多文字呢，最好有个省略号，提示一下,,Input/Validation,other,input_box,no_prompt,other.input_box.no_prompt,N,High,1,途牛,途牛,10010000005103,other.input_box.no_prompt,在输入比单行输入框多的文字的时候，输入框的前面没有提示，让用户以为，只输入当前界面的这么多文字呢，最好有个省略号，提示一下,primary_clue,61,56,在输入比单行输入框多的文字的时候 输入框的前面没有提示 让用户以为 只输入当前界面的这么多文字呢 最好有个省略号 提示一下,1,
10010000005325,"聊天完毕重新启动途牛,对同一用户再次发起私聊,发现本来处在右边的聊天记录列在的左边,且显示的也是对方用户的所处的状态颜色。","聊天完毕重新启动途牛,对同一用户再次发起私聊,发现本来处在右边的聊天记录列在的左边,且显示的也是对方用户的所处的状态颜色。",,Functional-Social,private_chat,list_item,wrong_value,private_chat.list_item.wrong_value,N,High,1,途牛,途牛,10010000005325,private_chat.list_item.wrong_value,"聊天完毕重新启动途牛,对同一用户再次发起私聊,发现本来处在右边的聊天记录列在的左边,且显示的也是对方用户的所处的状态颜色。",primary_clue,61,57,聊天完毕重新启动途牛 对同一用户再次发起私聊 发现本来处在右边的聊天记录列在的左边 且显示的也是对方用户的所处的状态颜色,1,
10010000007181,用户无法在通讯录中添加旅游好友结伴旅游，我们在测试时都得先发个微游记，才能找到关注的对象，而没有直接通过手机联系人添加功能,用户无法在通讯录中添加旅游好友结伴旅游，我们在测试时都得先发个微游记，才能找到关注的对象，而没有直接通过手机联系人添加功能,,Functional-Social,other,chat,cannot_or_fail,other.chat.cannot_or_fail,N,High,1,途牛,途牛,10010000007181,other.chat.cannot_or_fail,用户无法在通讯录中添加旅游好友结伴旅游，我们在测试时都得先发个微游记，才能找到关注的对象，而没有直接通过手机联系人添加功能,primary_clue,61,58,用户无法在通讯录中添加旅游好友结伴旅游 我们在测试时都得先发个微游记 才能找到关注的对象 而没有直接通过手机联系人添加功能,1,
10010000002762,"输入：进去“私聊”后，点击进入发送图片功能，右滑图片列表。
预期输出：进入图片列表左边一栏。
实际输出：直接退出到他人主页。",输入：进去“私聊”后，点击进入发送图片功能，右滑图片列表。,预期输出：进入图片列表左边一栏。 || 实际输出：直接退出到他人主页。,Functional-Social,private_chat,list_item,other,private_chat.list_item.other,Y,Medium,3,途牛,途牛,10010000002762,private_chat.list_item.other,输入：进去“私聊”后，点击进入发送图片功能，右滑图片列表。,primary_clue,29,23,输入 进去 私聊 后 点击进入发送图片功能 右滑图片列表,1,
10010000003104,"输入：进入“私聊”模式，发送图片，表情及语音，发送后点击“取消”按钮。
预期输出：取消发送的内容。
实际输出：没有任何反应。",输入：进入“私聊”模式，发送图片，表情及语音，发送后点击“取消”按钮。,预期输出：取消发送的内容。 || 实际输出：没有任何反应。,Functional-Social,private_chat,button_icon,other,private_chat.button_icon.other,Y,Medium,3,途牛,途牛,10010000003104,private_chat.button_icon.other,输入：进入“私聊”模式，发送图片，表情及语音，发送后点击“取消”按钮。,primary_clue,35,26,输入 进入 私聊 模式 发送图片 表情及语音 发送后点击 取消 按钮,1,
10010000003679,在使用APP的过程中，“分享到”的页面会不时的弹出来，选择分享给QQ好友，页面也并不跳转到相应的页面，而是像什么也没发生一样,在使用APP的过程中，“分享到”的页面会不时的弹出来，选择分享给QQ好友，页面也并不跳转到相应的页面，而是像什么也没发生一样,,Functional-Share,share,page_view,other,share.page_view.other,N,High,1,途牛,途牛,10010000003679,share.page_view.other,在使用APP的过程中，“分享到”的页面会不时的弹出来，选择分享给QQ好友，页面也并不跳转到相应的页面，而是像什么也没发生一样,primary_clue,62,56,在使用app的过程中 分享到 的页面会不时的弹出来 选择分享给qq好友 页面也并不跳转到相应的页面 而是像什么也没发生一样,1,
10010000003850,当有联系人私聊发消息给我时，app没有提醒我有消息来了，而是需要我点进右上角聊天记录里，才会提醒，感觉像进去再刷新一次收消息,当有联系人私聊发消息给我时，app没有提醒我有消息来了，而是需要我点进右上角聊天记录里，才会提醒，感觉像进去再刷新一次收消息,,Functional-Social,private_chat,list_item,other,private_chat.list_item.other,N,High,1,途牛,途牛,10010000003850,private_chat.list_item.other,当有联系人私聊发消息给我时，app没有提醒我有消息来了，而是需要我点进右上角聊天记录里，才会提醒，感觉像进去再刷新一次收消息,primary_clue,62,58,当有联系人私聊发消息给我时 app没有提醒我有消息来了 而是需要我点进右上角聊天记录里 才会提醒 感觉像进去再刷新一次收消息,1,
10010000003458,"“发现”界面中，顶部搜索栏不提供“搜索用户”功能

个人用户信息界面中,没有查询用户的功能 
点击“关注”后，无查询用户功能",“发现”界面中，顶部搜索栏不提供“搜索用户”功能,"个人用户信息界面中,没有查询用户的功能 || 点击“关注”后，无查询用户功能",Functional-Search,search,page_view,other,search.page_view.other,Y,Medium,3,途牛,途牛,10010000003458,search.page_view.other,“发现”界面中，顶部搜索栏不提供“搜索用户”功能,primary_clue,24,19,发现 界面中 顶部搜索栏不提供 搜索用户 功能,1,
10010000004390,登录界面提供动态密码登录，但未注册用户登录时，点击获取动态密码，闪现用户未注册之后就出现加载中，直到用户点击手机屏幕才消失；,登录界面提供动态密码登录，但未注册用户登录时，点击获取动态密码，闪现用户未注册之后就出现加载中，直到用户点击手机屏幕才消失,,Functional-Account,register,page_view,other,register.page_view.other,N,High,1,途牛,途牛,10010000004390,register.page_view.other,登录界面提供动态密码登录，但未注册用户登录时，点击获取动态密码，闪现用户未注册之后就出现加载中，直到用户点击手机屏幕才消失,primary_clue,61,57,登录界面提供动态密码登录 但未注册用户登录时 点击获取动态密码 闪现用户未注册之后就出现加载中 直到用户点击手机屏幕才消失,1,
10010000005514,一开始进入途牛旅游app时，频繁出现闪退，同时KikAndroid也退出。使用一段时间后闪退次数减少，到最后几乎不出现闪退。,一开始进入途牛旅游app时，频繁出现闪退，同时KikAndroid也退出。使用一段时间后闪退次数减少，到最后几乎不出现闪退。,,Crash,other,step,crash,other.step.crash,N,High,1,途牛,途牛,10010000005514,other.step.crash,一开始进入途牛旅游app时，频繁出现闪退，同时KikAndroid也退出。使用一段时间后闪退次数减少，到最后几乎不出现闪退。,primary_clue,62,57,一开始进入途牛旅游app时 频繁出现闪退 同时kikandroid也退出 使用一段时间后闪退次数减少 到最后几乎不出现闪退,1,
10010000004526,"无法分享我的问题到“朋友圈/微信好友/QQ好友”。
该Bug严重限制和阻碍了途牛用户之间的交流与途牛用户群间的朋友网络建立。",无法分享我的问题到“朋友圈/微信好友/QQ好友”。,该Bug严重限制和阻碍了途牛用户之间的交流与途牛用户群间的朋友网络建立。,Functional-Share,share,chat,cannot_share,share.chat.cannot_share,Y,Medium,2,途牛,途牛,10010000004526,share.chat.cannot_share,无法分享我的问题到“朋友圈/微信好友/QQ好友”。,primary_clue,25,20,无法分享我的问题到 朋友圈 微信好友 qq好友,1,
10010000005559,"软件的手机通知栏提示功能存在缺陷
在手机已经打开软件消息提醒权限的情况下，如果用户未切换到消息模块将软件挂在后台不会提示消息",软件的手机通知栏提示功能存在缺陷,在手机已经打开软件消息提醒权限的情况下，如果用户未切换到消息模块将软件挂在后台不会提示消息,Other,notification,other,other,notification.other.other,Y,Medium,2,途牛,途牛,10010000005559,notification.other.other,软件的手机通知栏提示功能存在缺陷,primary_clue,16,16,软件的手机通知栏提示功能存在缺陷,1,
10010000006303,当点击关注我的好友的时候，页面跳转到好友主页的过程会非常缓慢，整个页面会呈现白色，紧接着才会出现进度条。跳转的过程十分缓慢。,当点击关注我的好友的时候，页面跳转到好友主页的过程会非常缓慢，整个页面会呈现白色，紧接着才会出现进度条。跳转的过程十分缓慢。,,Functional-Social,settings,slider,other,settings.slider.other,N,High,1,途牛,途牛,10010000006303,settings.slider.other,当点击关注我的好友的时候，页面跳转到好友主页的过程会非常缓慢，整个页面会呈现白色，紧接着才会出现进度条。跳转的过程十分缓慢。,primary_clue,62,57,当点击关注我的好友的时候 页面跳转到好友主页的过程会非常缓慢 整个页面会呈现白色 紧接着才会出现进度条 跳转的过程十分缓慢,1,
10010000003953,"输入：进入“私聊”模式，点击选择表情符号，点击删除按钮。
预期输出：删除整个表情。
实际输出：删除单个符号，不能删除整个表情。",输入：进入“私聊”模式，点击选择表情符号，点击删除按钮。,预期输出：删除整个表情。 || 实际输出：删除单个符号，不能删除整个表情。,Functional-Social,private_chat,button_icon,other,private_chat.button_icon.other,Y,Medium,3,途牛,途牛,10010000003953,private_chat.button_icon.other,输入：进入“私聊”模式，点击选择表情符号，点击删除按钮。,primary_clue,28,22,输入 进入 私聊 模式 点击选择表情符号 点击删除按钮,1,
10010000005656,当长按已发送的消息时，会出现复制和删除，建议增加撤回，以防发送错误，还有就是现在一次只能删除一条记录，不支持多远，同时删除多条,当长按已发送的消息时，会出现复制和删除，建议增加撤回，以防发送错误，还有就是现在一次只能删除一条记录，不支持多远，同时删除多条,,Functional-Social,message_send,list_item,wrong_value,message_send.list_item.wrong_value,N,High,1,途牛,途牛,10010000005656,message_send.list_item.wrong_value,当长按已发送的消息时，会出现复制和删除，建议增加撤回，以防发送错误，还有就是现在一次只能删除一条记录，不支持多远，同时删除多条,primary_clue,63,57,当长按已发送的消息时 会出现复制和删除 建议增加撤回 以防发送错误 还有就是现在一次只能删除一条记录 不支持多远 同时删除多条,1,
10010000005659,不知道用户是否在线(登录)，希望可以把在线用户和不在线用户区分开来，可以通过头像亮度或在聊天页面的用户名下直接显示在线或不在线,不知道用户是否在线(登录)，希望可以把在线用户和不在线用户区分开来，可以通过头像亮度或在聊天页面的用户名下直接显示在线或不在线,,Functional-Account,login,page_view,other,login.page_view.other,N,High,1,途牛,途牛,10010000005659,login.page_view.other,不知道用户是否在线(登录)，希望可以把在线用户和不在线用户区分开来，可以通过头像亮度或在聊天页面的用户名下直接显示在线或不在线,primary_clue,63,59,不知道用户是否在线 登录 希望可以把在线用户和不在线用户区分开来 可以通过头像亮度或在聊天页面的用户名下直接显示在线或不在线,1,
10010000004438,"输入：发送语音，文字，或图片消息，当用户发送失败时，希望撤销消息。
期望输出：找到撤销按钮，撤销消息。
实际输出：没有撤销功能。",输入：发送语音，文字，或图片消息，当用户发送失败时，希望撤销消息。,期望输出：找到撤销按钮，撤销消息。 || 实际输出：没有撤销功能。,Functional-Social,message_send,image_banner,cannot_send,message_send.image_banner.cannot_send,Y,Medium,3,途牛,途牛,10010000004438,message_send.image_banner.cannot_send,输入：发送语音，文字，或图片消息，当用户发送失败时，希望撤销消息。,primary_clue,33,27,输入 发送语音 文字 或图片消息 当用户发送失败时 希望撤销消息,1,
10010000004802,"第1步：打开私聊，添加收藏的图片、gif作为表情（图一所示）；
第2步：如图二所示，添加其他照片都可以添加成功！但是不支持动图！",第1步：打开私聊，添加收藏的图片、gif作为表情（图一所示）,第2步：如图二所示，添加其他照片都可以添加成功！但是不支持动图！,Functional-Social,private_chat,image_banner,other,private_chat.image_banner.other,Y,Medium,2,途牛,途牛,10010000004802,private_chat.image_banner.other,第1步：打开私聊，添加收藏的图片、gif作为表情（图一所示）,primary_clue,30,25,第1步 打开私聊 添加收藏的图片 gif作为表情 图一所示,1,
10010000005858,发送语音上限为60s，文字没有上限，发送达几万字后，app变得特别卡，并且发送的信息对方收不到，并且过一段时间这段文字就会没有。,发送语音上限为60s，文字没有上限，发送达几万字后，app变得特别卡，并且发送的信息对方收不到，并且过一段时间这段文字就会没有。,,Functional-Media,message_send,step,cannot_or_fail,message_send.step.cannot_or_fail,N,High,1,途牛,途牛,10010000005858,message_send.step.cannot_or_fail,发送语音上限为60s，文字没有上限，发送达几万字后，app变得特别卡，并且发送的信息对方收不到，并且过一段时间这段文字就会没有。,primary_clue,64,58,发送语音上限为60s 文字没有上限 发送达几万字后 app变得特别卡 并且发送的信息对方收不到 并且过一段时间这段文字就会没有,1,
10010000005765,发送语音消息异常错乱，他人语音出现在与之不对应人的聊天消息中。用户甚至无法接受到新的语音消息，不一样的语音错位成同一语音消息等。,发送语音消息异常错乱，他人语音出现在与之不对应人的聊天消息中。用户甚至无法接受到新的语音消息，不一样的语音错位成同一语音消息等。,,Functional-Social,message_send,chat,layout_issue,message_send.chat.layout_issue,N,High,1,途牛,途牛,10010000005765,message_send.chat.layout_issue,发送语音消息异常错乱，他人语音出现在与之不对应人的聊天消息中。用户甚至无法接受到新的语音消息，不一样的语音错位成同一语音消息等。,primary_clue,64,60,发送语音消息异常错乱 他人语音出现在与之不对应人的聊天消息中 用户甚至无法接受到新的语音消息 不一样的语音错位成同一语音消息等,1,
10010000003951,"所有界面的切换和退出，有的可以通过手指左右滑动屏幕实现，有的不可以。
尽外，可以实现左滑右滑的很不灵敏，要等待很久，偶尔会有卡顿。",所有界面的切换和退出，有的可以通过手指左右滑动屏幕实现，有的不可以。,尽外，可以实现左滑右滑的很不灵敏，要等待很久，偶尔会有卡顿。,UI/Display,other,page_view,cannot_or_fail,other.page_view.cannot_or_fail,Y,Medium,2,途牛,途牛,10010000003951,other.page_view.cannot_or_fail,所有界面的切换和退出，有的可以通过手指左右滑动屏幕实现，有的不可以。,primary_clue,34,31,所有界面的切换和退出 有的可以通过手指左右滑动屏幕实现 有的不可以,1,
10010000002984,当发送表情输入后，想删除重新进行输入时。删除的部分只能将表情转化成的文字符号一个个删除。不能整个表情一起进行删除。用户体验度不好。,当发送表情输入后，想删除重新进行输入时。删除的部分只能将表情转化成的文字符号一个个删除。不能整个表情一起进行删除。用户体验度不好。,,Functional-Social,message_send,other,cannot_or_fail,message_send.other.cannot_or_fail,N,High,1,途牛,途牛,10010000002984,message_send.other.cannot_or_fail,当发送表情输入后，想删除重新进行输入时。删除的部分只能将表情转化成的文字符号一个个删除。不能整个表情一起进行删除。用户体验度不好。,primary_clue,65,60,当发送表情输入后 想删除重新进行输入时 删除的部分只能将表情转化成的文字符号一个个删除 不能整个表情一起进行删除 用户体验度不好,1,
10010000004039,在设置私聊的时候，如果已经点击新消息提醒，那么下面那个屏蔽的按钮应该变成灰色，否则就是点击了新消息提醒，并且屏蔽此用户，互相矛盾。,在设置私聊的时候，如果已经点击新消息提醒，那么下面那个屏蔽的按钮应该变成灰色，否则就是点击了新消息提醒，并且屏蔽此用户，互相矛盾。,,Functional-Social,private_chat,button_icon,other,private_chat.button_icon.other,N,High,1,途牛,途牛,10010000004039,private_chat.button_icon.other,在设置私聊的时候，如果已经点击新消息提醒，那么下面那个屏蔽的按钮应该变成灰色，否则就是点击了新消息提醒，并且屏蔽此用户，互相矛盾。,primary_clue,65,59,在设置私聊的时候 如果已经点击新消息提醒 那么下面那个屏蔽的按钮应该变成灰色 否则就是点击了新消息提醒 并且屏蔽此用户 互相矛盾,1,
10010000005172,"1.图片存储在相应路径下，与手机相册没有绑定，无法在手机相册查看存储的图。
2.图片重复存储不会提示这样图片已经存储，是否要替换。",图片存储在相应路径下，与手机相册没有绑定，无法在手机相册查看存储的图。,图片重复存储不会提示这样图片已经存储，是否要替换。,Functional-Account,other,image_banner,cannot_or_fail,other.image_banner.cannot_or_fail,Y,Medium,2,途牛,途牛,10010000005172,other.image_banner.cannot_or_fail,图片存储在相应路径下，与手机相册没有绑定，无法在手机相册查看存储的图。,primary_clue,35,32,图片存储在相应路径下 与手机相册没有绑定 无法在手机相册查看存储的图,1,
10010000007080,私聊发送一张照片，对方回复“好看”，网络信号弱的时候，输入框出现“正在建立好友关系”，输入框不应该出现提示，并且应该保持可以输入。,私聊发送一张照片，对方回复“好看”，网络信号弱的时候，输入框出现“正在建立好友关系”，输入框不应该出现提示，并且应该保持可以输入。,,Functional-Social,private_chat,input_box,other,private_chat.input_box.other,N,High,1,途牛,途牛,10010000007080,private_chat.input_box.other,私聊发送一张照片，对方回复“好看”，网络信号弱的时候，输入框出现“正在建立好友关系”，输入框不应该出现提示，并且应该保持可以输入。,primary_clue,65,55,私聊发送一张照片 对方回复 好看 网络信号弱的时候 输入框出现 正在建立好友关系 输入框不应该出现提示 并且应该保持可以输入,1,
10010000005470,当我发送三个不同的表情时，文本框种显示三个表情的中文，要是将最后一个表情的文字删掉一个的话，那么发送出去后会显示与前一个表情一样。,当我发送三个不同的表情时，文本框种显示三个表情的中文，要是将最后一个表情的文字删掉一个的话，那么发送出去后会显示与前一个表情一样。,,Functional-Social,message_send,input_box,other,message_send.input_box.other,N,High,1,途牛,途牛,10010000005470,message_send.input_box.other,当我发送三个不同的表情时，文本框种显示三个表情的中文，要是将最后一个表情的文字删掉一个的话，那么发送出去后会显示与前一个表情一样。,primary_clue,65,61,当我发送三个不同的表情时 文本框种显示三个表情的中文 要是将最后一个表情的文字删掉一个的话 那么发送出去后会显示与前一个表情一样,1,
10010000003963,发送后，看到消息的用户将直接死机，之后黑屏闪退，造成拒绝服务，并影响此页所有功能，无法正常删除聊天记录、无法投诉、无法屏蔽该人消息,发送后，看到消息的用户将直接死机，之后黑屏闪退，造成拒绝服务，并影响此页所有功能，无法正常删除聊天记录、无法投诉、无法屏蔽该人消息,,Crash,message_send,list_item,crash,message_send.list_item.crash,N,High,1,途牛,途牛,10010000003963,message_send.list_item.crash,发送后，看到消息的用户将直接死机，之后黑屏闪退，造成拒绝服务，并影响此页所有功能，无法正常删除聊天记录、无法投诉、无法屏蔽该人消息,primary_clue,65,58,发送后 看到消息的用户将直接死机 之后黑屏闪退 造成拒绝服务 并影响此页所有功能 无法正常删除聊天记录 无法投诉 无法屏蔽该人消息,1,
10010000006326,删除自定义添加表情不能同时删除多张，并且删除按钮太小，很容易点错（第一张截图是长按第一张收藏图片，第二张截图是长按第二张收藏图片）,删除自定义添加表情不能同时删除多张，并且删除按钮太小，很容易点错（第一张截图是长按第一张收藏图片，第二张截图是长按第二张收藏图片）,,Functional-Social,other,button_icon,cannot_or_fail,other.button_icon.cannot_or_fail,N,High,1,途牛,途牛,10010000006326,other.button_icon.cannot_or_fail,删除自定义添加表情不能同时删除多张，并且删除按钮太小，很容易点错（第一张截图是长按第一张收藏图片，第二张截图是长按第二张收藏图片）,primary_clue,65,60,删除自定义添加表情不能同时删除多张 并且删除按钮太小 很容易点错 第一张截图是长按第一张收藏图片 第二张截图是长按第二张收藏图片,1,
10010000006911,不能屏蔽所有陌生人的消息，不能选择不接受陌生人的私聊，可能导致会有大量陌生人发送用户并不想接受的消息（如广告等）导致用户受到骚扰。,不能屏蔽所有陌生人的消息，不能选择不接受陌生人的私聊，可能导致会有大量陌生人发送用户并不想接受的消息（如广告等）导致用户受到骚扰。,,Functional-Social,private_chat,image_banner,cannot_or_fail,private_chat.image_banner.cannot_or_fail,N,High,1,途牛,途牛,10010000006911,private_chat.image_banner.cannot_or_fail,不能屏蔽所有陌生人的消息，不能选择不接受陌生人的私聊，可能导致会有大量陌生人发送用户并不想接受的消息（如广告等）导致用户受到骚扰。,primary_clue,65,60,不能屏蔽所有陌生人的消息 不能选择不接受陌生人的私聊 可能导致会有大量陌生人发送用户并不想接受的消息 如广告等 导致用户受到骚扰,1,
10010000002216,登录功能下的找回密码功能，若输入相关信息时未输入手机号，直接点击找回密码，错误信息提示“手机号码格式错误”，应提示“未输入手机号码”,登录功能下的找回密码功能，若输入相关信息时未输入手机号，直接点击找回密码，错误信息提示“手机号码格式错误”，应提示“未输入手机号码”,,Functional-Account,login,other,wrong_value,login.other.wrong_value,N,High,1,途牛,途牛,10010000002216,login.other.wrong_value,登录功能下的找回密码功能，若输入相关信息时未输入手机号，直接点击找回密码，错误信息提示“手机号码格式错误”，应提示“未输入手机号码”,primary_clue,66,58,登录功能下的找回密码功能 若输入相关信息时未输入手机号 直接点击找回密码 错误信息提示 手机号码格式错误 应提示 未输入手机号码,1,
10010000002550,"发送表情时，发送的表情过多时，软件卡死，无法操作。之后就不正常退出了。
由于卡死,截取的图片没了。在使用外部工具截取的图片也放不进来",发送表情时，发送的表情过多时，软件卡死，无法操作。之后就不正常退出了。,"由于卡死,截取的图片没了。在使用外部工具截取的图片也放不进来",Performance/Freeze,message_send,other,freeze,message_send.other.freeze,Y,Medium,2,途牛,途牛,10010000002550,message_send.other.freeze,发送表情时，发送的表情过多时，软件卡死，无法操作。之后就不正常退出了。,primary_clue,35,30,发送表情时 发送的表情过多时 软件卡死 无法操作 之后就不正常退出了,1,
10010000003546,互相关注的人发语音，发送完毕后再次点击收听，手机会卡死，将内存清空再次进入第一次点私聊页面闪退，第二次我发送过去的消息没有历史记录。,互相关注的人发语音，发送完毕后再次点击收听，手机会卡死，将内存清空再次进入第一次点私聊页面闪退，第二次我发送过去的消息没有历史记录。,,Crash,private_chat,page_view,crash,private_chat.page_view.crash,N,High,1,途牛,途牛,10010000003546,private_chat.page_view.crash,互相关注的人发语音，发送完毕后再次点击收听，手机会卡死，将内存清空再次进入第一次点私聊页面闪退，第二次我发送过去的消息没有历史记录。,primary_clue,66,61,互相关注的人发语音 发送完毕后再次点击收听 手机会卡死 将内存清空再次进入第一次点私聊页面闪退 第二次我发送过去的消息没有历史记录,1,
10010000003886,在 设置私聊 功能块上，用户所能选择功能过少，查找历史私聊记录也较为困难，对于对其他用户不能进行“备注”，很容易让用户混淆，使用不易,在 设置私聊 功能块上，用户所能选择功能过少，查找历史私聊记录也较为困难，对于对其他用户不能进行“备注”，很容易让用户混淆，使用不易,,Functional-Search,search,page_view,cannot_or_fail,search.page_view.cannot_or_fail,N,High,1,途牛,途牛,10010000003886,search.page_view.cannot_or_fail,在 设置私聊 功能块上，用户所能选择功能过少，查找历史私聊记录也较为困难，对于对其他用户不能进行“备注”，很容易让用户混淆，使用不易,primary_clue,66,57,在 设置私聊 功能块上 用户所能选择功能过少 查找历史私聊记录也较为困难 对于对其他用户不能进行 备注 很容易让用户混淆 使用不易,1,
10010000005809,语音发送消息的时候，消息显示不完整，到后面就显示不出来了。比如说我说了三秒，他发过去的内容只有两秒，最后一秒的内容没有给我显示出来。,语音发送消息的时候，消息显示不完整，到后面就显示不出来了。比如说我说了三秒，他发过去的内容只有两秒，最后一秒的内容没有给我显示出来。,,Functional-Social,message_send,chat,display_missing,message_send.chat.display_missing,N,High,1,途牛,途牛,10010000005809,message_send.chat.display_missing,语音发送消息的时候，消息显示不完整，到后面就显示不出来了。比如说我说了三秒，他发过去的内容只有两秒，最后一秒的内容没有给我显示出来。,primary_clue,66,60,语音发送消息的时候 消息显示不完整 到后面就显示不出来了 比如说我说了三秒 他发过去的内容只有两秒 最后一秒的内容没有给我显示出来,1,
10010000005839,建群路径不明显。聊天点开联系人之后出现群聊。但是如果没有群，却想要建群，我觉得应该把建群的标志放在群聊的页面。而且建群的路径找不到。,建群路径不明显。聊天点开联系人之后出现群聊。但是如果没有群，却想要建群，我觉得应该把建群的标志放在群聊的页面。而且建群的路径找不到。,,Functional-Social,groupchat,page_view,other,groupchat.page_view.other,N,High,1,途牛,途牛,10010000005839,groupchat.page_view.other,建群路径不明显。聊天点开联系人之后出现群聊。但是如果没有群，却想要建群，我觉得应该把建群的标志放在群聊的页面。而且建群的路径找不到。,primary_clue,66,60,建群路径不明显 聊天点开联系人之后出现群聊 但是如果没有群 却想要建群 我觉得应该把建群的标志放在群聊的页面 而且建群的路径找不到,1,
10010000006710,无法通过搜索用户名或手机号进行关注。应该在联系人右上角增加搜索功能以便能搜索到用户。或者添加读取手机联系人（使用途牛app）的功能。,无法通过搜索用户名或手机号进行关注。应该在联系人右上角增加搜索功能以便能搜索到用户。或者添加读取手机联系人（使用途牛app）的功能。,,Functional-Search,search,other,cannot_or_fail,search.other.cannot_or_fail,N,High,1,途牛,途牛,10010000006710,search.other.cannot_or_fail,无法通过搜索用户名或手机号进行关注。应该在联系人右上角增加搜索功能以便能搜索到用户。或者添加读取手机联系人（使用途牛app）的功能。,primary_clue,66,61,无法通过搜索用户名或手机号进行关注 应该在联系人右上角增加搜索功能以便能搜索到用户 或者添加读取手机联系人 使用途牛app 的功能,1,
10010000002201,"当我使用微博登陆时  显示文件不存在  使用QQ时出现未授权（登陆其他软件时无此情况）  点击微信则无反应 
测试时这三个软件均在运行",当我使用微博登陆时 显示文件不存在 使用QQ时出现未授权（登陆其他软件时无此情况） 点击微信则无反应,测试时这三个软件均在运行,Functional-Share,share,share_panel,permission,share.share_panel.permission,Y,Medium,2,途牛,途牛,10010000002201,share.share_panel.permission,当我使用微博登陆时 显示文件不存在 使用QQ时出现未授权（登陆其他软件时无此情况） 点击微信则无反应,primary_clue,50,45,当我使用微博登陆时 显示文件不存在 使用qq时出现未授权 登陆其他软件时无此情况 点击微信则无反应,1,
10010000003314,"在分享他人的动态时,点击分享,再点击取消,会出现“分享失败”,明明取消了怎么还好说分享失败。
选择转发到QQ等平台，也会提示分享失败。","在分享他人的动态时,点击分享,再点击取消,会出现“分享失败”,明明取消了怎么还好说分享失败。",选择转发到QQ等平台，也会提示分享失败。,Functional-Share,share,share_panel,cannot_share,share.share_panel.cannot_share,Y,Medium,2,途牛,途牛,10010000003314,share.share_panel.cannot_share,"在分享他人的动态时,点击分享,再点击取消,会出现“分享失败”,明明取消了怎么还好说分享失败。",primary_clue,46,39,在分享他人的动态时 点击分享 再点击取消 会出现 分享失败 明明取消了怎么还好说分享失败,1,
10010000003409,"点击某个景点时,最上方的图片不带链接功能,应该增添链接功能,让用户更好的了解这个景区,这个地方,否则用户对其不了解,自然就对它不感兴趣","点击某个景点时,最上方的图片不带链接功能,应该增添链接功能,让用户更好的了解这个景区,这个地方,否则用户对其不了解,自然就对它不感兴趣",,Functional-Share,share,image_banner,other,share.image_banner.other,N,High,1,途牛,途牛,10010000003409,share.image_banner.other,"点击某个景点时,最上方的图片不带链接功能,应该增添链接功能,让用户更好的了解这个景区,这个地方,否则用户对其不了解,自然就对它不感兴趣",primary_clue,67,61,点击某个景点时 最上方的图片不带链接功能 应该增添链接功能 让用户更好的了解这个景区 这个地方 否则用户对其不了解 自然就对它不感兴趣,1,
10010000006711,查找到与相互关注的用户聊天路径繁琐！新用户要摸索半天才能找到路径，使用不方便，并且很少会注意到“发现”页面右上角的“牛头”按钮的运用！,查找到与相互关注的用户聊天路径繁琐！新用户要摸索半天才能找到路径，使用不方便，并且很少会注意到“发现”页面右上角的“牛头”按钮的运用！,,Functional-Search,search,button_icon,other,search.button_icon.other,N,High,1,途牛,途牛,10010000006711,search.button_icon.other,查找到与相互关注的用户聊天路径繁琐！新用户要摸索半天才能找到路径，使用不方便，并且很少会注意到“发现”页面右上角的“牛头”按钮的运用！,primary_clue,67,59,查找到与相互关注的用户聊天路径繁琐 新用户要摸索半天才能找到路径 使用不方便 并且很少会注意到 发现 页面右上角的 牛头 按钮的运用,1,
10010000004180,当退出登录后，再次登录，如果在未登录的这段时间有人私聊自己，则系统首页和个人中心页面右上角的消息框有时会提示有未读信息有时候不会提示、,当退出登录后，再次登录，如果在未登录的这段时间有人私聊自己，则系统首页和个人中心页面右上角的消息框有时会提示有未读信息有时候不会提示、,,Functional-Account,login,page_view,other,login.page_view.other,N,High,1,途牛,途牛,10010000004180,login.page_view.other,当退出登录后，再次登录，如果在未登录的这段时间有人私聊自己，则系统首页和个人中心页面右上角的消息框有时会提示有未读信息有时候不会提示、,primary_clue,67,63,当退出登录后 再次登录 如果在未登录的这段时间有人私聊自己 则系统首页和个人中心页面右上角的消息框有时会提示有未读信息有时候不会提示,1,
10010000003887,在聊天中添加表情功能不可以自定义分组。若用户长时间使用该功能后，所有自己添加的表情图片会无序放在一个组里，使用和查找都很变得十分困难。,在聊天中添加表情功能不可以自定义分组。若用户长时间使用该功能后，所有自己添加的表情图片会无序放在一个组里，使用和查找都很变得十分困难。,,Functional-Search,search,image_banner,cannot_or_fail,search.image_banner.cannot_or_fail,N,High,1,途牛,途牛,10010000003887,search.image_banner.cannot_or_fail,在聊天中添加表情功能不可以自定义分组。若用户长时间使用该功能后，所有自己添加的表情图片会无序放在一个组里，使用和查找都很变得十分困难。,primary_clue,67,63,在聊天中添加表情功能不可以自定义分组 若用户长时间使用该功能后 所有自己添加的表情图片会无序放在一个组里 使用和查找都很变得十分困难,1,
10010000005679,"1、一个账号在两台设备上登陆时没有提示
2、先登陆的那台设备不能接收到私聊内容
3、登陆的两台设备都能对外发送私聊
4、严重威胁安全！",一个账号在两台设备上登陆时没有提示,先登陆的那台设备不能接收到私聊内容 || 登陆的两台设备都能对外发送私聊 || 严重威胁安全！,Functional-Account,other,other,no_prompt,other.other.no_prompt,Y,Medium,4,途牛,途牛,10010000005679,other.other.no_prompt,一个账号在两台设备上登陆时没有提示,primary_clue,17,17,一个账号在两台设备上登陆时没有提示,1,
10010000006031,在选择表情后，点击表情界面的删除按钮并不能删除完整的表情，而是删除表情对于的词语的一部分。对于用户来说比较麻烦，不符合用户一般的习惯。,在选择表情后，点击表情界面的删除按钮并不能删除完整的表情，而是删除表情对于的词语的一部分。对于用户来说比较麻烦，不符合用户一般的习惯。,,Functional-Social,other,button_icon,cannot_delete,other.button_icon.cannot_delete,N,High,1,途牛,途牛,10010000006031,other.button_icon.cannot_delete,在选择表情后，点击表情界面的删除按钮并不能删除完整的表情，而是删除表情对于的词语的一部分。对于用户来说比较麻烦，不符合用户一般的习惯。,primary_clue,67,62,在选择表情后 点击表情界面的删除按钮并不能删除完整的表情 而是删除表情对于的词语的一部分 对于用户来说比较麻烦 不符合用户一般的习惯,1,
10010000006564,输入文字多行，文本框不会随着文字的增多或者减少而上下变化，用户根本看不到已经输入的哪些内容，发送后才知道。当然输入表情问题也是一样的。,输入文字多行，文本框不会随着文字的增多或者减少而上下变化，用户根本看不到已经输入的哪些内容，发送后才知道。当然输入表情问题也是一样的。,,Functional-Social,message_send,input_box,other,message_send.input_box.other,N,High,1,途牛,途牛,10010000006564,message_send.input_box.other,输入文字多行，文本框不会随着文字的增多或者减少而上下变化，用户根本看不到已经输入的哪些内容，发送后才知道。当然输入表情问题也是一样的。,primary_clue,67,62,输入文字多行 文本框不会随着文字的增多或者减少而上下变化 用户根本看不到已经输入的哪些内容 发送后才知道 当然输入表情问题也是一样的,1,
10010000005345,用户之间无法直接搜索对方加关注与私聊，只能通过一方发送动态，另一方找到动态进入动态找到头像才能加关注，并进入主界面才能发起私聊，很麻烦。,用户之间无法直接搜索对方加关注与私聊，只能通过一方发送动态，另一方找到动态进入动态找到头像才能加关注，并进入主界面才能发起私聊，很麻烦。,,Functional-Search,search,page_view,cannot_or_fail,search.page_view.cannot_or_fail,N,High,1,途牛,途牛,10010000005345,search.page_view.cannot_or_fail,用户之间无法直接搜索对方加关注与私聊，只能通过一方发送动态，另一方找到动态进入动态找到头像才能加关注，并进入主界面才能发起私聊，很麻烦。,primary_clue,68,63,用户之间无法直接搜索对方加关注与私聊 只能通过一方发送动态 另一方找到动态进入动态找到头像才能加关注 并进入主界面才能发起私聊 很麻烦,1,
10010000005965,在录制语音时，如果有电话打进来，不能自动停止录制语音；在播放语音时，如果有电话打进来，会出现一定时间的卡顿现象，用户才能选测是否拒接电话,在录制语音时，如果有电话打进来，不能自动停止录制语音,在播放语音时，如果有电话打进来，会出现一定时间的卡顿现象，用户才能选测是否拒接电话,Functional-Media,playback,audio,cannot_or_fail,playback.audio.cannot_or_fail,Y,Medium,2,途牛,途牛,10010000005965,playback.audio.cannot_or_fail,在录制语音时，如果有电话打进来，不能自动停止录制语音,primary_clue,26,24,在录制语音时 如果有电话打进来 不能自动停止录制语音,1,
10010000006209,别人发给自己的语音，无论什么时间，无论语音长短，无论什么是什么人发的，都只显示第一个人发给自己的第一条语音。（如图，所有语音都是相同内容）,别人发给自己的语音，无论什么时间，无论语音长短，无论什么是什么人发的，都只显示第一个人发给自己的第一条语音。（如图，所有语音都是相同内容）,,Functional-Media,playback,step,other,playback.step.other,N,High,1,途牛,途牛,10010000006209,playback.step.other,别人发给自己的语音，无论什么时间，无论语音长短，无论什么是什么人发的，都只显示第一个人发给自己的第一条语音。（如图，所有语音都是相同内容）,primary_clue,69,61,别人发给自己的语音 无论什么时间 无论语音长短 无论什么是什么人发的 都只显示第一个人发给自己的第一条语音 如图 所有语音都是相同内容,1,
10010000006365,想和认识的朋友互相关注，却找不到搜索朋友账号的入口，只能关注陌生人，求关注的信息不能即时响应。联系人中没有搜索朋友账号的功能这一点很不好。,想和认识的朋友互相关注，却找不到搜索朋友账号的入口，只能关注陌生人，求关注的信息不能即时响应。联系人中没有搜索朋友账号的功能这一点很不好。,,Functional-Account,search,other,cannot_or_fail,search.other.cannot_or_fail,N,High,1,途牛,途牛,10010000006365,search.other.cannot_or_fail,想和认识的朋友互相关注，却找不到搜索朋友账号的入口，只能关注陌生人，求关注的信息不能即时响应。联系人中没有搜索朋友账号的功能这一点很不好。,primary_clue,69,64,想和认识的朋友互相关注 却找不到搜索朋友账号的入口 只能关注陌生人 求关注的信息不能即时响应 联系人中没有搜索朋友账号的功能这一点很不好,1,
10010000005642,vivo x5max在网络良好且未登录的的情况下，与好友进行聊天时登陆账户，偶现图片验证码一直刷不出来，重启app时，可以看到图片验证码。,vivo x5max在网络良好且未登录的的情况下，与好友进行聊天时登陆账户，偶现图片验证码一直刷不出来，重启app时，可以看到图片验证码。,,Functional-Account,login,image_banner,other,login.image_banner.other,N,High,1,途牛,途牛,10010000005642,login.image_banner.other,vivo x5max在网络良好且未登录的的情况下，与好友进行聊天时登陆账户，偶现图片验证码一直刷不出来，重启app时，可以看到图片验证码。,primary_clue,69,63,vivo x5max在网络良好且未登录的的情况下 与好友进行聊天时登陆账户 偶现图片验证码一直刷不出来 重启app时 可以看到图片验证码,1,
10010000006798,"当在输入框输入完表情之后无法提供缩略图预览（微信或者QQ都有提供预览）
提供预览的目的在于让发送者可以提前了解表情在所发送文字中的效果如何",当在输入框输入完表情之后无法提供缩略图预览（微信或者QQ都有提供预览）,提供预览的目的在于让发送者可以提前了解表情在所发送文字中的效果如何,Functional-Social,other,input_box,cannot_or_fail,other.input_box.cannot_or_fail,Y,Medium,2,途牛,途牛,10010000006798,other.input_box.cannot_or_fail,当在输入框输入完表情之后无法提供缩略图预览（微信或者QQ都有提供预览）,primary_clue,35,33,当在输入框输入完表情之后无法提供缩略图预览 微信或者qq都有提供预览,1,
10010000002519,"新用户在使用手机号注册途牛时，手机号填写不正确，不给提示“手机格式正确”，直接显示已发送验证码,导致用户无法收到验证码，还得从头检查哪里错了","新用户在使用手机号注册途牛时，手机号填写不正确，不给提示“手机格式正确”，直接显示已发送验证码,导致用户无法收到验证码，还得从头检查哪里错了",,Functional-Account,register,other,wrong_value,register.other.wrong_value,N,High,1,途牛,途牛,10010000002519,register.other.wrong_value,"新用户在使用手机号注册途牛时，手机号填写不正确，不给提示“手机格式正确”，直接显示已发送验证码,导致用户无法收到验证码，还得从头检查哪里错了",primary_clue,70,63,新用户在使用手机号注册途牛时 手机号填写不正确 不给提示 手机格式正确 直接显示已发送验证码 导致用户无法收到验证码 还得从头检查哪里错了,1,
10010000002689,发表帖子选择关联地点时，有的地点搜索不到，比如江苏省南京市江宁区的南京航空航天大学将军路校区。只能搜索到秦淮区的南京航空航天大学明故宫校区。,发表帖子选择关联地点时，有的地点搜索不到，比如江苏省南京市江宁区的南京航空航天大学将军路校区。只能搜索到秦淮区的南京航空航天大学明故宫校区。,,Functional-Search,search,list_item,other,search.list_item.other,N,High,1,途牛,途牛,10010000002689,search.list_item.other,发表帖子选择关联地点时，有的地点搜索不到，比如江苏省南京市江宁区的南京航空航天大学将军路校区。只能搜索到秦淮区的南京航空航天大学明故宫校区。,primary_clue,70,66,发表帖子选择关联地点时 有的地点搜索不到 比如江苏省南京市江宁区的南京航空航天大学将军路校区 只能搜索到秦淮区的南京航空航天大学明故宫校区,1,
10010000002958,长按语音输入，此时弹出权限申请界面，点击允许之后，此时并没有处于长按状态下，上滑取消提示不断出现，APP仍然在获取音频数据，导致语音无法结束。,长按语音输入，此时弹出权限申请界面，点击允许之后，此时并没有处于长按状态下，上滑取消提示不断出现，APP仍然在获取音频数据，导致语音无…,,Functional-Media,playback,page_view,permission,playback.page_view.permission,N,High,1,途牛,途牛,10010000002958,playback.page_view.permission,长按语音输入，此时弹出权限申请界面，点击允许之后，此时并没有处于长按状态下，上滑取消提示不断出现，APP仍然在获取音频数据，导致语音无…,primary_clue,68,61,长按语音输入 此时弹出权限申请界面 点击允许之后 此时并没有处于长按状态下 上滑取消提示不断出现 app仍然在获取音频数据 导致语音无,1,
10010000005617,发送语音时，如果发送多条语音，听到的内容都是第一条语音的内容，清楚聊天记录后，语音内容还是第一条聊天的语音内容。发送者听着自己的语音是正确的。,发送语音时，如果发送多条语音，听到的内容都是第一条语音的内容，清楚聊天记录后，语音内容还是第一条聊天的语音内容。发送者听着自己的语音是…,,Functional-Social,message_send,list_item,wrong_value,message_send.list_item.wrong_value,N,High,1,途牛,途牛,10010000005617,message_send.list_item.wrong_value,发送语音时，如果发送多条语音，听到的内容都是第一条语音的内容，清楚聊天记录后，语音内容还是第一条聊天的语音内容。发送者听着自己的语音是…,primary_clue,68,62,发送语音时 如果发送多条语音 听到的内容都是第一条语音的内容 清楚聊天记录后 语音内容还是第一条聊天的语音内容 发送者听着自己的语音是,1,
10010000003284,三星截图是向右滑动截图，本来打算左手按住语音键松开瞬间，右手截图，但是左手松开后还是按住的界面，界面卡顿，返回后再进入，之前那段语音没有发出去,三星截图是向右滑动截图，本来打算左手按住语音键松开瞬间，右手截图，但是左手松开后还是按住的界面，界面卡顿，返回后再进入，之前那段语音没…,,Performance/Freeze,playback,page_view,freeze,playback.page_view.freeze,N,High,1,途牛,途牛,10010000003284,playback.page_view.freeze,三星截图是向右滑动截图，本来打算左手按住语音键松开瞬间，右手截图，但是左手松开后还是按住的界面，界面卡顿，返回后再进入，之前那段语音没…,primary_clue,68,61,三星截图是向右滑动截图 本来打算左手按住语音键松开瞬间 右手截图 但是左手松开后还是按住的界面 界面卡顿 返回后再进入 之前那段语音没,1,
10010000006891,当A用户屏蔽B用户后，B用户发送信息能正常发送，A用户无法收到；请修改为：当A用户屏蔽B用户后，B用户发送信息时，提醒B用户已经被屏蔽的信息。,当A用户屏蔽B用户后，B用户发送信息能正常发送，A用户无法收到,请修改为：当A用户屏蔽B用户后，B用户发送信息时，提醒B用户已经被屏蔽的信息。,Functional-Social,message_send,other,cannot_or_fail,message_send.other.cannot_or_fail,Y,Medium,2,途牛,途牛,10010000006891,message_send.other.cannot_or_fail,当A用户屏蔽B用户后，B用户发送信息能正常发送，A用户无法收到,primary_clue,31,29,当a用户屏蔽b用户后 b用户发送信息能正常发送 a用户无法收到,1,
10010000006664,聊天记录中，用户自己发送的消息，有时却出现在对方用户发送消息的位置！一般情况下用户自己发送的消息在右侧，对方发送的消息在左侧，此处却不是这样！,聊天记录中，用户自己发送的消息，有时却出现在对方用户发送消息的位置！一般情况下用户自己发送的消息在右侧，对方发送的消息在左侧，此处却不…,,Functional-Social,message_send,list_item,wrong_value,message_send.list_item.wrong_value,N,High,1,途牛,途牛,10010000006664,message_send.list_item.wrong_value,聊天记录中，用户自己发送的消息，有时却出现在对方用户发送消息的位置！一般情况下用户自己发送的消息在右侧，对方发送的消息在左侧，此处却不…,primary_clue,68,62,聊天记录中 用户自己发送的消息 有时却出现在对方用户发送消息的位置 一般情况下用户自己发送的消息在右侧 对方发送的消息在左侧 此处却不,1,
10010000005078,点击第三方登录按钮的三个登录方式按钮，点击QQ登录按钮出现登录授权失败；点击新浪微博登录按钮出现第三方授权错误；点击微信登录按钮没有任何反应！,点击第三方登录按钮的三个登录方式按钮，点击QQ登录按钮出现登录授权失败,点击新浪微博登录按钮出现第三方授权错误 || 点击微信登录按钮没有任何反应！,Functional-Account,login,button_icon,permission,login.button_icon.permission,Y,Medium,3,途牛,途牛,10010000005078,login.button_icon.permission,点击第三方登录按钮的三个登录方式按钮，点击QQ登录按钮出现登录授权失败,primary_clue,35,34,点击第三方登录按钮的三个登录方式按钮 点击qq登录按钮出现登录授权失败,1,
10010000004875,在使用途牛私聊功能时，向私聊对象发送语音信息，对方无法正常播放。且会出现两种情况，一是长时间无法加载和播放，二是播放出不完整的极短的一段声音。,在使用途牛私聊功能时，向私聊对象发送语音信息，对方无法正常播放。且会出现两种情况，一是长时间无法加载和播放，二是播放出不完整的极短的一…,,Network/Loading,private_chat,chat,load_fail,private_chat.chat.load_fail,N,High,1,途牛,途牛,10010000004875,private_chat.chat.load_fail,在使用途牛私聊功能时，向私聊对象发送语音信息，对方无法正常播放。且会出现两种情况，一是长时间无法加载和播放，二是播放出不完整的极短的一…,primary_clue,68,62,在使用途牛私聊功能时 向私聊对象发送语音信息 对方无法正常播放 且会出现两种情况 一是长时间无法加载和播放 二是播放出不完整的极短的一,1,
10010000006981,在发送比较大的信息量的时候（未发送完就点击返回键），这样就无法进入与所有用户的聊天（不包括在线客服）。比如发送图片。必须重新启动方可再次进入聊天,在发送比较大的信息量的时候（未发送完就点击返回键），这样就无法进入与所有用户的聊天（不包括在线客服）。比如发送图片。必须重新启动方可再…,,Network/Loading,message_send,button_icon,load_fail,message_send.button_icon.load_fail,N,High,1,途牛,途牛,10010000006981,message_send.button_icon.load_fail,在发送比较大的信息量的时候（未发送完就点击返回键），这样就无法进入与所有用户的聊天（不包括在线客服）。比如发送图片。必须重新启动方可再…,primary_clue,68,60,在发送比较大的信息量的时候 未发送完就点击返回键 这样就无法进入与所有用户的聊天 不包括在线客服 比如发送图片 必须重新启动方可再,1,
10010000004691,投诉的时候没有提示是因为哪方面进行的投诉(应该有一个下拉框)，这样不仅在处理时不方便进行归纳然后统一处理，也可能会让用户不能准确表达自己的意见。,投诉的时候没有提示是因为哪方面进行的投诉(应该有一个下拉框)，这样不仅在处理时不方便进行归纳然后统一处理，也可能会让用户不能准确表达自…,,UI/Display,other,other,no_prompt,other.other.no_prompt,N,High,1,途牛,途牛,10010000004691,other.other.no_prompt,投诉的时候没有提示是因为哪方面进行的投诉(应该有一个下拉框)，这样不仅在处理时不方便进行归纳然后统一处理，也可能会让用户不能准确表达自…,primary_clue,68,63,投诉的时候没有提示是因为哪方面进行的投诉 应该有一个下拉框 这样不仅在处理时不方便进行归纳然后统一处理 也可能会让用户不能准确表达自,1,
10010000005554,语音只能听取第一条听取的语音。如果又接收到语音，发送方语音可听取，接收方收到与发送方相同长度语音但是内容仍为第一条语音内容。更改设备也无法更改。,语音只能听取第一条听取的语音。如果又接收到语音，发送方语音可听取，接收方收到与发送方相同长度语音但是内容仍为第一条语音内容。更改设备也…,,Functional-Media,message_send,audio,cannot_or_fail,message_send.audio.cannot_or_fail,N,High,1,途牛,途牛,10010000005554,message_send.audio.cannot_or_fail,语音只能听取第一条听取的语音。如果又接收到语音，发送方语音可听取，接收方收到与发送方相同长度语音但是内容仍为第一条语音内容。更改设备也…,primary_clue,68,63,语音只能听取第一条听取的语音 如果又接收到语音 发送方语音可听取 接收方收到与发送方相同长度语音但是内容仍为第一条语音内容 更改设备也,1,
10010000006195,当聊天输入框内有文字时，想要粘贴一段文字进去，长按光标位置，会使图中包含粘贴操作框闪现一秒消失之后再跳出来，然后才稳定存在，这样很影响用户的体验,当聊天输入框内有文字时，想要粘贴一段文字进去，长按光标位置，会使图中包含粘贴操作框闪现一秒消失之后再跳出来，然后才稳定存在，这样很影响…,,Functional-Social,message_send,input_box,other,message_send.input_box.other,N,High,1,途牛,途牛,10010000006195,message_send.input_box.other,当聊天输入框内有文字时，想要粘贴一段文字进去，长按光标位置，会使图中包含粘贴操作框闪现一秒消失之后再跳出来，然后才稳定存在，这样很影响…,primary_clue,68,62,当聊天输入框内有文字时 想要粘贴一段文字进去 长按光标位置 会使图中包含粘贴操作框闪现一秒消失之后再跳出来 然后才稳定存在 这样很影响,1,
10010000005728,点击粉丝或关注人主页后，若头像全部与个人用户头像一致且用户名未做更改，则易出现混淆功能。没有设置返回我的主页的清晰标志，使用户很容易出现迷茫状态。,点击粉丝或关注人主页后，若头像全部与个人用户头像一致且用户名未做更改，则易出现混淆功能。没有设置返回我的主页的清晰标志，使用户很容易出…,,Other,settings,page_view,other,settings.page_view.other,N,Medium,1,途牛,途牛,10010000005728,settings.page_view.other,点击粉丝或关注人主页后，若头像全部与个人用户头像一致且用户名未做更改，则易出现混淆功能。没有设置返回我的主页的清晰标志，使用户很容易出…,primary_clue,68,63,点击粉丝或关注人主页后 若头像全部与个人用户头像一致且用户名未做更改 则易出现混淆功能 没有设置返回我的主页的清晰标志 使用户很容易出,1,
10010000005998,对方发送大量表情给我之后，我的联系人界面就会卡住，无法进行正常的聊天。并且程序崩溃。这等同于其他人可以通过这个方法进行攻击他人，造成他人程序发生问,对方发送大量表情给我之后，我的联系人界面就会卡住，无法进行正常的聊天。并且程序崩溃。这等同于其他人可以通过这个方法进行攻击他人，造成他…,,Crash,message_send,page_view,crash,message_send.page_view.crash,N,High,1,途牛,途牛,10010000005998,message_send.page_view.crash,对方发送大量表情给我之后，我的联系人界面就会卡住，无法进行正常的聊天。并且程序崩溃。这等同于其他人可以通过这个方法进行攻击他人，造成他…,primary_clue,68,62,对方发送大量表情给我之后 我的联系人界面就会卡住 无法进行正常的聊天 并且程序崩溃 这等同于其他人可以通过这个方法进行攻击他人 造成他,1,
10010000005027,点击首页右上角的“查找聊天记录”按钮，进入到“消息”面板的“聊天”界面，显示所有聊天用户，但不能区分是否是被关注用户，且不能进入对方用户个人主页。,点击首页右上角的“查找聊天记录”按钮，进入到“消息”面板的“聊天”界面，显示所有聊天用户，但不能区分是否是被关注用户，且不能进入对方用…,,Functional-Search,search,button_icon,wrong_value,search.button_icon.wrong_value,N,High,1,途牛,途牛,10010000005027,search.button_icon.wrong_value,点击首页右上角的“查找聊天记录”按钮，进入到“消息”面板的“聊天”界面，显示所有聊天用户，但不能区分是否是被关注用户，且不能进入对方用…,primary_clue,68,57,点击首页右上角的 查找聊天记录 按钮 进入到 消息 面板的 聊天 界面 显示所有聊天用户 但不能区分是否是被关注用户 且不能进入对方用,1,
10010000003696,无论别人给我发什么样的、时间多长的语音信息，我都只能听到一个为期两秒的男声说你好，其他什么都听不到，从开始测试到结束不管点哪个语音都听不到别的信息。,无论别人给我发什么样的、时间多长的语音信息，我都只能听到一个为期两秒的男声说你好，其他什么都听不到，从开始测试到结束不管点哪个语音都听…,,Functional-Media,playback,step,other,playback.step.other,N,High,1,途牛,途牛,10010000003696,playback.step.other,无论别人给我发什么样的、时间多长的语音信息，我都只能听到一个为期两秒的男声说你好，其他什么都听不到，从开始测试到结束不管点哪个语音都听…,primary_clue,68,63,无论别人给我发什么样的 时间多长的语音信息 我都只能听到一个为期两秒的男声说你好 其他什么都听不到 从开始测试到结束不管点哪个语音都听,1,
10010000005215,在结伴模块中，选择想去哪儿，进入搜索地点界面，选择好地点。在我想去的地点旁点击删除按钮，再点击其上的完成按钮，选择好的地点会仍然会进入发起结伴界面。,在结伴模块中，选择想去哪儿，进入搜索地点界面，选择好地点。在我想去的地点旁点击删除按钮，再点击其上的完成按钮，选择好的地点会仍然会进入…,,Functional-Search,search,button_icon,other,search.button_icon.other,N,High,1,途牛,途牛,10010000005215,search.button_icon.other,在结伴模块中，选择想去哪儿，进入搜索地点界面，选择好地点。在我想去的地点旁点击删除按钮，再点击其上的完成按钮，选择好的地点会仍然会进入…,primary_clue,68,61,在结伴模块中 选择想去哪儿 进入搜索地点界面 选择好地点 在我想去的地点旁点击删除按钮 再点击其上的完成按钮 选择好的地点会仍然会进入,1,
10010000006674,"1.没法实现添加联系人功能，没法创建新的聊天群组。
没有语音通话，和视频通话，没法传输文件。关注对方后不能直接在关注页面点击进入私聊，没有撤回功能。",没法实现添加联系人功能，没法创建新的聊天群组。,没有语音通话，和视频通话，没法传输文件。关注对方后不能直接在关注页面点击进入私聊，没有撤回功能。,Functional-Social,groupchat,chat,other,groupchat.chat.other,Y,Medium,2,途牛,途牛,10010000006674,groupchat.chat.other,没法实现添加联系人功能，没法创建新的聊天群组。,primary_clue,23,21,没法实现添加联系人功能 没法创建新的聊天群组,1,
10010000006725,在投诉用户页面进行编辑投诉的理由，然后返回到上一页面。再次进入编辑文字的界面。返现之前编辑的文字消失。用户之前的数据无法保存。这样会让用户体验很差。,在投诉用户页面进行编辑投诉的理由，然后返回到上一页面。再次进入编辑文字的界面。返现之前编辑的文字消失。用户之前的数据无法保存。这样会让…,,UI/Display,other,page_view,cannot_or_fail,other.page_view.cannot_or_fail,N,Medium,1,途牛,途牛,10010000006725,other.page_view.cannot_or_fail,在投诉用户页面进行编辑投诉的理由，然后返回到上一页面。再次进入编辑文字的界面。返现之前编辑的文字消失。用户之前的数据无法保存。这样会让…,primary_clue,68,62,在投诉用户页面进行编辑投诉的理由 然后返回到上一页面 再次进入编辑文字的界面 返现之前编辑的文字消失 用户之前的数据无法保存 这样会让,1,
10010000002573,在聊天信息输入过程中，输入法弹出之后，点击表情Button，输入法消失之前，包含有大量表情的布局就出现在了输入法上方，并随着输入法消失之后出现在底部。,在聊天信息输入过程中，输入法弹出之后，点击表情Button，输入法消失之前，包含有大量表情的布局就出现在了输入法上方，并随着输入法消失…,,Functional-Social,message_send,chat,layout_issue,message_send.chat.layout_issue,N,High,1,途牛,途牛,10010000002573,message_send.chat.layout_issue,在聊天信息输入过程中，输入法弹出之后，点击表情Button，输入法消失之前，包含有大量表情的布局就出现在了输入法上方，并随着输入法消失…,primary_clue,68,62,在聊天信息输入过程中 输入法弹出之后 点击表情button 输入法消失之前 包含有大量表情的布局就出现在了输入法上方 并随着输入法消失,1,
10010000002468,要建立与已经关注人的私聊路径，但是没有出现联系人列表，只有最近联系人列表，无法建立新的私聊路径。要与已经关注的人建立私聊路径，只能通过其主页发起私聊。,要建立与已经关注人的私聊路径，但是没有出现联系人列表，只有最近联系人列表，无法建立新的私聊路径。要与已经关注的人建立私聊路径，只能通过…,,Functional-Social,private_chat,list_item,cannot_or_fail,private_chat.list_item.cannot_or_fail,N,High,1,途牛,途牛,10010000002468,private_chat.list_item.cannot_or_fail,要建立与已经关注人的私聊路径，但是没有出现联系人列表，只有最近联系人列表，无法建立新的私聊路径。要与已经关注的人建立私聊路径，只能通过…,primary_clue,68,62,要建立与已经关注人的私聊路径 但是没有出现联系人列表 只有最近联系人列表 无法建立新的私聊路径 要与已经关注的人建立私聊路径 只能通过,1,
10010000004877,在消息页面外收不到消息提醒。点击右上角的消息图标进到消息页面后才出现消息提示的声音。而且在其他界面没有醒目的消息提示显示（只有右上角图标一个小红点）。,在消息页面外收不到消息提醒。点击右上角的消息图标进到消息页面后才出现消息提示的声音。而且在其他界面没有醒目的消息提示显示（只有右上角图…,,Functional-Social,message_send,button_icon,cannot_or_fail,message_send.button_icon.cannot_or_fail,N,High,1,途牛,途牛,10010000004877,message_send.button_icon.cannot_or_fail,在消息页面外收不到消息提醒。点击右上角的消息图标进到消息页面后才出现消息提示的声音。而且在其他界面没有醒目的消息提示显示（只有右上角图…,primary_clue,68,64,在消息页面外收不到消息提醒 点击右上角的消息图标进到消息页面后才出现消息提示的声音 而且在其他界面没有醒目的消息提示显示 只有右上角图,1,
10010000004907,私聊界面中，在对话过程中有时候不显示用户名，只显示头像和内容。大部分用户都是用习惯了QQ与微信的方式，这种类型看着是真的好不舒服。但是有时候又会显示。,私聊界面中，在对话过程中有时候不显示用户名，只显示头像和内容。大部分用户都是用习惯了QQ与微信的方式，这种类型看着是真的好不舒服。但是…,,Functional-Social,private_chat,page_view,display_missing,private_chat.page_view.display_missing,N,High,1,途牛,途牛,10010000004907,private_chat.page_view.display_missing,私聊界面中，在对话过程中有时候不显示用户名，只显示头像和内容。大部分用户都是用习惯了QQ与微信的方式，这种类型看着是真的好不舒服。但是…,primary_clue,68,62,私聊界面中 在对话过程中有时候不显示用户名 只显示头像和内容 大部分用户都是用习惯了qq与微信的方式 这种类型看着是真的好不舒服 但是,1,
10010000006783,当点击表情输入时，显示在文本框里的是“[文字]”当想删除表情时，只能一个一个字符删除，当发送只删除了一半的表情字符时，被删除一半的表情字符显示成了文字,当点击表情输入时，显示在文本框里的是“[文字]”当想删除表情时，只能一个一个字符删除，当发送只删除了一半的表情字符时，被删除一半的表情…,,Functional-Social,message_send,input_box,other,message_send.input_box.other,N,High,1,途牛,途牛,10010000006783,message_send.input_box.other,当点击表情输入时，显示在文本框里的是“[文字]”当想删除表情时，只能一个一个字符删除，当发送只删除了一半的表情字符时，被删除一半的表情…,primary_clue,68,59,当点击表情输入时 显示在文本框里的是 文字 当想删除表情时 只能一个一个字符删除 当发送只删除了一半的表情字符时 被删除一半的表情,1,
10010000006744,刚进入应用，想和其他人交流时，首先想到的是联系人，可联系人列表是空的，也只有返回按钮，什么也没有，过了好久也不知道如何与其他人交流。建议增加相关搜索。,刚进入应用，想和其他人交流时，首先想到的是联系人，可联系人列表是空的，也只有返回按钮，什么也没有，过了好久也不知道如何与其他人交流。建…,,Functional-Search,search,button_icon,other,search.button_icon.other,N,High,1,途牛,途牛,10010000006744,search.button_icon.other,刚进入应用，想和其他人交流时，首先想到的是联系人，可联系人列表是空的，也只有返回按钮，什么也没有，过了好久也不知道如何与其他人交流。建…,primary_clue,68,60,刚进入应用 想和其他人交流时 首先想到的是联系人 可联系人列表是空的 也只有返回按钮 什么也没有 过了好久也不知道如何与其他人交流 建,1,
10010000002926,要发送图片时，选择好了图片，点击预览后，往左滑动预览各张图片，滑到最后一张再往左滑出现白屏然后闪退回原来选择图片的界面，而且原来选择的图片已经取消选择了,要发送图片时，选择好了图片，点击预览后，往左滑动预览各张图片，滑到最后一张再往左滑出现白屏然后闪退回原来选择图片的界面，而且原来选择的…,,Crash,message_send,page_view,crash,message_send.page_view.crash,N,High,1,途牛,途牛,10010000002926,message_send.page_view.crash,要发送图片时，选择好了图片，点击预览后，往左滑动预览各张图片，滑到最后一张再往左滑出现白屏然后闪退回原来选择图片的界面，而且原来选择的…,primary_clue,68,62,要发送图片时 选择好了图片 点击预览后 往左滑动预览各张图片 滑到最后一张再往左滑出现白屏然后闪退回原来选择图片的界面 而且原来选择的,1,
10010000004827,在私聊，当连续不停地发消息，再继续发9张图片，发送完刷新后，发现我的用户头像突然出现在左侧。左侧本应该是对方发的消息，右侧本应该是我的。出现倒置的错误。,在私聊，当连续不停地发消息，再继续发9张图片，发送完刷新后，发现我的用户头像突然出现在左侧。左侧本应该是对方发的消息，右侧本应该是我的…,,Functional-Social,private_chat,image_banner,wrong_value,private_chat.image_banner.wrong_value,N,High,1,途牛,途牛,10010000004827,private_chat.image_banner.wrong_value,在私聊，当连续不停地发消息，再继续发9张图片，发送完刷新后，发现我的用户头像突然出现在左侧。左侧本应该是对方发的消息，右侧本应该是我的…,primary_clue,68,61,在私聊 当连续不停地发消息 再继续发9张图片 发送完刷新后 发现我的用户头像突然出现在左侧 左侧本应该是对方发的消息 右侧本应该是我的,1,
10010000006765,在选择求结伴页面的信息时，点击关联路线，选择线路时，页面刷新不出来，无法正常显示，而且搜索栏提示输入商品编号，对app不熟悉的用户无法获知商品编号信息。,在选择求结伴页面的信息时，点击关联路线，选择线路时，页面刷新不出来，无法正常显示，而且搜索栏提示输入商品编号，对app不熟悉的用户无法…,,Functional-Search,search,page_view,cannot_or_fail,search.page_view.cannot_or_fail,N,High,1,途牛,途牛,10010000006765,search.page_view.cannot_or_fail,在选择求结伴页面的信息时，点击关联路线，选择线路时，页面刷新不出来，无法正常显示，而且搜索栏提示输入商品编号，对app不熟悉的用户无法…,primary_clue,68,61,在选择求结伴页面的信息时 点击关联路线 选择线路时 页面刷新不出来 无法正常显示 而且搜索栏提示输入商品编号 对app不熟悉的用户无法,1,
10010000007139,发帖后分享到其他社交软件，点击微信和朋友圈没反应，点击微博不能进行链接信息无法发布，点击qq没反应，即使出现qq登录界面也会闪退，均出现问题，不能分享。,发帖后分享到其他社交软件，点击微信和朋友圈没反应，点击微博不能进行链接信息无法发布，点击qq没反应，即使出现qq登录界面也会闪退，均出…,,Crash,login,page_view,crash,login.page_view.crash,N,High,1,途牛,途牛,10010000007139,login.page_view.crash,发帖后分享到其他社交软件，点击微信和朋友圈没反应，点击微博不能进行链接信息无法发布，点击qq没反应，即使出现qq登录界面也会闪退，均出…,primary_clue,68,62,发帖后分享到其他社交软件 点击微信和朋友圈没反应 点击微博不能进行链接信息无法发布 点击qq没反应 即使出现qq登录界面也会闪退 均出,1,
10010000004826,在首次和粉丝建立对话的过程中，进入自己的粉丝页面，只有点击头像才能进入粉丝的个人主页，点击头像右侧区域不能跳转，应该让整个ViewGroup处理点击事件。,在首次和粉丝建立对话的过程中，进入自己的粉丝页面，只有点击头像才能进入粉丝的个人主页，点击头像右侧区域不能跳转，应该让整个ViewGr…,,UI/Display,other,page_view,cannot_or_fail,other.page_view.cannot_or_fail,N,Medium,1,途牛,途牛,10010000004826,other.page_view.cannot_or_fail,在首次和粉丝建立对话的过程中，进入自己的粉丝页面，只有点击头像才能进入粉丝的个人主页，点击头像右侧区域不能跳转，应该让整个ViewGr…,primary_clue,68,63,在首次和粉丝建立对话的过程中 进入自己的粉丝页面 只有点击头像才能进入粉丝的个人主页 点击头像右侧区域不能跳转 应该让整个viewgr,1,
10010000005939,与好友进行私聊的时候，如果消息输入框中输入多行消息的时候，前面已将输入的消息会不可见。当用户需要进行复制、粘贴的时候，需要进行滑动多次才能将光标准确定位。,与好友进行私聊的时候，如果消息输入框中输入多行消息的时候，前面已将输入的消息会不可见。当用户需要进行复制、粘贴的时候，需要进行滑动多次…,,Functional-Social,private_chat,input_box,other,private_chat.input_box.other,N,High,1,途牛,途牛,10010000005939,private_chat.input_box.other,与好友进行私聊的时候，如果消息输入框中输入多行消息的时候，前面已将输入的消息会不可见。当用户需要进行复制、粘贴的时候，需要进行滑动多次…,primary_clue,68,62,与好友进行私聊的时候 如果消息输入框中输入多行消息的时候 前面已将输入的消息会不可见 当用户需要进行复制 粘贴的时候 需要进行滑动多次,1,
10010000003883,点击私聊界面文本输入框右侧“表情”按钮，要先选择表情，再点击“发送”才可将表情发送，操作繁琐。如果能够直接点击表情就可以发送，用户使用更方便，用户体验更佳。,点击私聊界面文本输入框右侧“表情”按钮，要先选择表情，再点击“发送”才可将表情发送，操作繁琐。如果能够直接点击表情就可以发送，用户使用…,,Functional-Social,private_chat,input_box,other,private_chat.input_box.other,N,High,1,途牛,途牛,10010000003883,private_chat.input_box.other,点击私聊界面文本输入框右侧“表情”按钮，要先选择表情，再点击“发送”才可将表情发送，操作繁琐。如果能够直接点击表情就可以发送，用户使用…,primary_clue,68,58,点击私聊界面文本输入框右侧 表情 按钮 要先选择表情 再点击 发送 才可将表情发送 操作繁琐 如果能够直接点击表情就可以发送 用户使用,1,
10010000005649,"在测试发送表情时,点击表情里的加号,跳转到相册里选择其他图片,此时退出相册,会有小概率复现闪退的现象，截图为闪退后截的图以证明（自动退到了kikbug界面）","在测试发送表情时,点击表情里的加号,跳转到相册里选择其他图片,此时退出相册,会有小概率复现闪退的现象，截图为闪退后截的图以证明（自动退…",,Crash,message_send,page_view,crash,message_send.page_view.crash,N,High,1,途牛,途牛,10010000005649,message_send.page_view.crash,"在测试发送表情时,点击表情里的加号,跳转到相册里选择其他图片,此时退出相册,会有小概率复现闪退的现象，截图为闪退后截的图以证明（自动退…",primary_clue,68,61,在测试发送表情时 点击表情里的加号 跳转到相册里选择其他图片 此时退出相册 会有小概率复现闪退的现象 截图为闪退后截的图以证明 自动退,1,
10010000006205,个人主页，或是他人主页下，任意点击一张照片进去，只可以查看，无法保存，因为找不到任何可以用来保存的按钮，或许只能通过截屏来保存。是一个不符合用户体验的问题。,个人主页，或是他人主页下，任意点击一张照片进去，只可以查看，无法保存，因为找不到任何可以用来保存的按钮，或许只能通过截屏来保存。是一个…,,UI/Display,other,button_icon,cannot_or_fail,other.button_icon.cannot_or_fail,N,Medium,1,途牛,途牛,10010000006205,other.button_icon.cannot_or_fail,个人主页，或是他人主页下，任意点击一张照片进去，只可以查看，无法保存，因为找不到任何可以用来保存的按钮，或许只能通过截屏来保存。是一个…,primary_clue,68,60,个人主页 或是他人主页下 任意点击一张照片进去 只可以查看 无法保存 因为找不到任何可以用来保存的按钮 或许只能通过截屏来保存 是一个,1,
10010000002361,我是新用户，私聊前先注册，密码忘记，通过找回密码功能想找回密码，若未输入手机号或邮箱，直接点击找回密码，错误提示信息为“手机号码格式错误”或“邮箱格式错误”。,我是新用户，私聊前先注册，密码忘记，通过找回密码功能想找回密码，若未输入手机号或邮箱，直接点击找回密码，错误提示信息为“手机号码格式错…,,Functional-Account,register,chat,wrong_value,register.chat.wrong_value,N,High,1,途牛,途牛,10010000002361,register.chat.wrong_value,我是新用户，私聊前先注册，密码忘记，通过找回密码功能想找回密码，若未输入手机号或邮箱，直接点击找回密码，错误提示信息为“手机号码格式错…,primary_clue,68,60,我是新用户 私聊前先注册 密码忘记 通过找回密码功能想找回密码 若未输入手机号或邮箱 直接点击找回密码 错误提示信息为 手机号码格式错,1,
10010000004401,在进行私聊测试之前必须先注册登录，但是在注册登录过程中，如果随便写入一个手机号或者是一个不规范的手机号（根本不符合手机的正常位数）就会一直出现该号码已被注册。,在进行私聊测试之前必须先注册登录，但是在注册登录过程中，如果随便写入一个手机号或者是一个不规范的手机号（根本不符合手机的正常位数）就会…,,Functional-Account,register,chat,other,register.chat.other,N,High,1,途牛,途牛,10010000004401,register.chat.other,在进行私聊测试之前必须先注册登录，但是在注册登录过程中，如果随便写入一个手机号或者是一个不规范的手机号（根本不符合手机的正常位数）就会…,primary_clue,68,63,在进行私聊测试之前必须先注册登录 但是在注册登录过程中 如果随便写入一个手机号或者是一个不规范的手机号 根本不符合手机的正常位数 就会,1,
10010000005175,"1、首页最上方右边的电话(拨打客服热线)和耳机(用户登录)图标容易让人混淆意思。
2、扫描二维码的图标在搜索框以内,用户容易点错。
3、搜索栏缺少用户语音输入",首页最上方右边的电话(拨打客服热线)和耳机(用户登录)图标容易让人混淆意思。,"扫描二维码的图标在搜索框以内,用户容易点错。 || 搜索栏缺少用户语音输入",Functional-Account,login,button_icon,other,login.button_icon.other,Y,Medium,3,途牛,途牛,10010000005175,login.button_icon.other,首页最上方右边的电话(拨打客服热线)和耳机(用户登录)图标容易让人混淆意思。,primary_clue,38,33,首页最上方右边的电话 拨打客服热线 和耳机 用户登录 图标容易让人混淆意思,1,
10010000006470,无法及时接受好友的消息，在打开媒体音量的情况下，没有提示音；而且当接受两个好友的信息时，只有一个好友的信息有红色提示，另一个没有提示，会影响客户及时接受消息、,无法及时接受好友的消息，在打开媒体音量的情况下，没有提示音,而且当接受两个好友的信息时，只有一个好友的信息有红色提示，另一个没有提示，会影响客户及时接受消息、,Functional-Social,message_send,chat,no_prompt,message_send.chat.no_prompt,Y,Medium,2,途牛,途牛,10010000006470,message_send.chat.no_prompt,无法及时接受好友的消息，在打开媒体音量的情况下，没有提示音,primary_clue,29,27,无法及时接受好友的消息 在打开媒体音量的情况下 没有提示音,1,
10010000002483,在与用户私聊过程中，已发出的消息只可以进行复制或者删除操作，不能进行撤回操作，不小心造成的错误不能挽回；也不能进行语音转化功能，照顾不到不能听语音的客户的需求。,在与用户私聊过程中，已发出的消息只可以进行复制或者删除操作，不能进行撤回操作，不小心造成的错误不能挽回,也不能进行语音转化功能，照顾不到不能听语音的客户的需求。,Functional-Social,private_chat,chat,wrong_value,private_chat.chat.wrong_value,Y,Medium,2,途牛,途牛,10010000002483,private_chat.chat.wrong_value,在与用户私聊过程中，已发出的消息只可以进行复制或者删除操作，不能进行撤回操作，不小心造成的错误不能挽回,primary_clue,51,48,在与用户私聊过程中 已发出的消息只可以进行复制或者删除操作 不能进行撤回操作 不小心造成的错误不能挽回,1,
10010000004007,在个人主页右下角，点击加好，选择发帖子，发完之后返回个人主页后查看帖子，点进去查看详情后，在右下角选择分享，选择QQ分享，点击之后无反应，不弹QQ（已安装QQ）,在个人主页右下角，点击加好，选择发帖子，发完之后返回个人主页后查看帖子，点进去查看详情后，在右下角选择分享，选择QQ分享，点击之后无反…,,Functional-Share,share,list_item,cannot_or_fail,share.list_item.cannot_or_fail,N,High,1,途牛,途牛,10010000004007,share.list_item.cannot_or_fail,在个人主页右下角，点击加好，选择发帖子，发完之后返回个人主页后查看帖子，点进去查看详情后，在右下角选择分享，选择QQ分享，点击之后无反…,primary_clue,68,60,在个人主页右下角 点击加好 选择发帖子 发完之后返回个人主页后查看帖子 点进去查看详情后 在右下角选择分享 选择qq分享 点击之后无反,1,
10010000004441,"在测试进入非自己个人主页时,发现大概率复现点击后加载个人主页过慢的现象,用户等待时间过长,用户体验不够好。可考虑提高加载速度或在加载过程中加入动画来缓解等待感。","在测试进入非自己个人主页时,发现大概率复现点击后加载个人主页过慢的现象,用户等待时间过长,用户体验不够好。可考虑提高加载速度或在加载过…",,UI/Display,other,step,other,other.step.other,N,Medium,1,途牛,途牛,10010000004441,other.step.other,"在测试进入非自己个人主页时,发现大概率复现点击后加载个人主页过慢的现象,用户等待时间过长,用户体验不够好。可考虑提高加载速度或在加载过…",primary_clue,68,63,在测试进入非自己个人主页时 发现大概率复现点击后加载个人主页过慢的现象 用户等待时间过长 用户体验不够好 可考虑提高加载速度或在加载过,1,
10010000006136,在投诉界面显示最多100字，然而测试中输入回车键也算入100字内，100字表述不清楚，这里应该标明剩余可输入多少字，而且对于超出100字时也没有提醒，影响使用。,在投诉界面显示最多100字，然而测试中输入回车键也算入100字内，100字表述不清楚，这里应该标明剩余可输入多少字，而且对于超出100…,,UI/Display,notification,page_view,layout_issue,notification.page_view.layout_issue,N,High,1,途牛,途牛,10010000006136,notification.page_view.layout_issue,在投诉界面显示最多100字，然而测试中输入回车键也算入100字内，100字表述不清楚，这里应该标明剩余可输入多少字，而且对于超出100…,primary_clue,68,63,在投诉界面显示最多100字 然而测试中输入回车键也算入100字内 100字表述不清楚 这里应该标明剩余可输入多少字 而且对于超出100,1,
10010000003400,进入非自己个人主页之后，进入私聊，发起对话完毕，想要点击返回按钮返回到个人主页，返回按钮不灵敏，偶尔出现不能返回的现象。严重程度为严重，是功能不完整的Bug类别。,进入非自己个人主页之后，进入私聊，发起对话完毕，想要点击返回按钮返回到个人主页，返回按钮不灵敏，偶尔出现不能返回的现象。严重程度为严重…,,Functional-Social,private_chat,button_icon,cannot_or_fail,private_chat.button_icon.cannot_or_fail,N,High,1,途牛,途牛,10010000003400,private_chat.button_icon.cannot_or_fail,进入非自己个人主页之后，进入私聊，发起对话完毕，想要点击返回按钮返回到个人主页，返回按钮不灵敏，偶尔出现不能返回的现象。严重程度为严重…,primary_clue,68,61,进入非自己个人主页之后 进入私聊 发起对话完毕 想要点击返回按钮返回到个人主页 返回按钮不灵敏 偶尔出现不能返回的现象 严重程度为严重,1,
10010000005729,当有多个好友或者陌生人向用户发送语音时，用户接收到的语音内容一直是第一个人的语音内容，即接收方接受的语音内容不正确，但是发送方聊天界面显示的是正常的发送语音内容。,当有多个好友或者陌生人向用户发送语音时，用户接收到的语音内容一直是第一个人的语音内容，即接收方接受的语音内容不正确，但是发送方聊天界面…,,Functional-Social,message_send,page_view,wrong_value,message_send.page_view.wrong_value,N,High,1,途牛,途牛,10010000005729,message_send.page_view.wrong_value,当有多个好友或者陌生人向用户发送语音时，用户接收到的语音内容一直是第一个人的语音内容，即接收方接受的语音内容不正确，但是发送方聊天界面…,primary_clue,68,64,当有多个好友或者陌生人向用户发送语音时 用户接收到的语音内容一直是第一个人的语音内容 即接收方接受的语音内容不正确 但是发送方聊天界面,1,
10010000004896,重启程序后给别人发消息时很多都是未发送，即消息框前面有红色感叹号，点感叹号重新发送也没有发送成功，重新换多个陌生人私聊也是发消息，图片，语音依然发送不出。重启才有效,重启程序后给别人发消息时很多都是未发送，即消息框前面有红色感叹号，点感叹号重新发送也没有发送成功，重新换多个陌生人私聊也是发消息，图片…,,Functional-Social,private_chat,image_banner,other,private_chat.image_banner.other,N,High,1,途牛,途牛,10010000004896,private_chat.image_banner.other,重启程序后给别人发消息时很多都是未发送，即消息框前面有红色感叹号，点感叹号重新发送也没有发送成功，重新换多个陌生人私聊也是发消息，图片…,primary_clue,68,63,重启程序后给别人发消息时很多都是未发送 即消息框前面有红色感叹号 点感叹号重新发送也没有发送成功 重新换多个陌生人私聊也是发消息 图片,1,
10010000005515,从目前版本来看，私聊功能并不实用，甚至有些鸡肋，甚至会引来其它问题，如私信发广告，用户不可能挨个屏蔽。最最最重要的是，为什么分享模块里面并没有分享给私聊小伙伴。。。,从目前版本来看，私聊功能并不实用，甚至有些鸡肋，甚至会引来其它问题，如私信发广告，用户不可能挨个屏蔽。最最最重要的是，为什么分享模块里…,,Functional-Share,share,page_view,other,share.page_view.other,N,High,1,途牛,途牛,10010000005515,share.page_view.other,从目前版本来看，私聊功能并不实用，甚至有些鸡肋，甚至会引来其它问题，如私信发广告，用户不可能挨个屏蔽。最最最重要的是，为什么分享模块里…,primary_clue,68,60,从目前版本来看 私聊功能并不实用 甚至有些鸡肋 甚至会引来其它问题 如私信发广告 用户不可能挨个屏蔽 最最最重要的是 为什么分享模块里,1,
10010000006926,想和我关注的人建立私聊，找了好久都没找见我的关注在哪里，最后发现是在消息—>互动状态里，与系统的通知是并列的，且没有相关的图标指明。这样不方便与我关注的人建立私聊。,想和我关注的人建立私聊，找了好久都没找见我的关注在哪里，最后发现是在消息—>互动状态里，与系统的通知是并列的，且没有相关的图标指明。这…,,Functional-Social,private_chat,button_icon,other,private_chat.button_icon.other,N,High,1,途牛,途牛,10010000006926,private_chat.button_icon.other,想和我关注的人建立私聊，找了好久都没找见我的关注在哪里，最后发现是在消息—>互动状态里，与系统的通知是并列的，且没有相关的图标指明。这…,primary_clue,68,60,想和我关注的人建立私聊 找了好久都没找见我的关注在哪里 最后发现是在消息 互动状态里 与系统的通知是并列的 且没有相关的图标指明 这,1,
10010000006982,与不是关注的用户私聊后如果需要关注他，在消息列表那儿不可以，要重新找到那个用户点开主页才能关注，如果能够在私聊消息记录那儿点开用户添加关注，可以给使用者更好的体验。,与不是关注的用户私聊后如果需要关注他，在消息列表那儿不可以，要重新找到那个用户点开主页才能关注，如果能够在私聊消息记录那儿点开用户添加…,,Functional-Social,private_chat,list_item,cannot_or_fail,private_chat.list_item.cannot_or_fail,N,High,1,途牛,途牛,10010000006982,private_chat.list_item.cannot_or_fail,与不是关注的用户私聊后如果需要关注他，在消息列表那儿不可以，要重新找到那个用户点开主页才能关注，如果能够在私聊消息记录那儿点开用户添加…,primary_clue,68,64,与不是关注的用户私聊后如果需要关注他 在消息列表那儿不可以 要重新找到那个用户点开主页才能关注 如果能够在私聊消息记录那儿点开用户添加,1,
10010000002492,"布局设置有问题。在 我的 里面,用户的头像和账号占得 空间 太多了,我的 建议 :把用户信息放在 我的 界面的最上面 ,这样只占一小部分空间,给其他空间留下更多位置。","布局设置有问题。在 我的 里面,用户的头像和账号占得 空间 太多了,我的 建议 :把用户信息放在 我的 界面的最上面 ,这样只占一小部…",,Functional-Account,settings,page_view,layout_issue,settings.page_view.layout_issue,N,High,1,途牛,途牛,10010000002492,settings.page_view.layout_issue,"布局设置有问题。在 我的 里面,用户的头像和账号占得 空间 太多了,我的 建议 :把用户信息放在 我的 界面的最上面 ,这样只占一小部…",primary_clue,68,53,布局设置有问题 在 我的 里面 用户的头像和账号占得 空间 太多了 我的 建议 把用户信息放在 我的 界面的最上面 这样只占一小部,1,
10010000002634,"无法分享""广场""中的帖子，具体体现为，新浪微博以外的分享按钮点击后无反应(微信，朋友圈，QQ)，而新浪微博分享按钮点击后进行分享会有来自新浪微博的第三方授权错误消息。","无法分享""广场""中的帖子，具体体现为，新浪微博以外的分享按钮点击后无反应(微信，朋友圈，QQ)，而新浪微博分享按钮点击后进行分享会有来…",,Functional-Share,share,button_icon,wrong_value,share.button_icon.wrong_value,N,High,1,途牛,途牛,10010000002634,share.button_icon.wrong_value,"无法分享""广场""中的帖子，具体体现为，新浪微博以外的分享按钮点击后无反应(微信，朋友圈，QQ)，而新浪微博分享按钮点击后进行分享会有来…",primary_clue,68,58,无法分享 广场 中的帖子 具体体现为 新浪微博以外的分享按钮点击后无反应 微信 朋友圈 qq 而新浪微博分享按钮点击后进行分享会有来,1,
10010000002836,发送图片时，点击选择九张图片后，点击预览，然后闪退，出现下图画面，自己发出去的文字出现在了左边，而且点击返回后到了此用户的主页，相应选择的图片也需要重新选择了，很麻烦,发送图片时，点击选择九张图片后，点击预览，然后闪退，出现下图画面，自己发出去的文字出现在了左边，而且点击返回后到了此用户的主页，相应选…,,Crash,message_send,image_banner,crash,message_send.image_banner.crash,N,High,1,途牛,途牛,10010000002836,message_send.image_banner.crash,发送图片时，点击选择九张图片后，点击预览，然后闪退，出现下图画面，自己发出去的文字出现在了左边，而且点击返回后到了此用户的主页，相应选…,primary_clue,68,60,发送图片时 点击选择九张图片后 点击预览 然后闪退 出现下图画面 自己发出去的文字出现在了左边 而且点击返回后到了此用户的主页 相应选,1,
10010000004944,"输入：进入”设置“功能，进行投诉，添加文字。
期望输出：有字数限制，输入过程中会提醒还能输入的字数。
实际输出：提示只能输入100字，但是不能提示用户还能输入多少字。",输入：进入”设置“功能，进行投诉，添加文字。,期望输出：有字数限制，输入过程中会提醒还能输入的字数。 || 实际输出：提示只能输入100字，但是不能提示用户还能输入多少字。,Other,settings,page_view,other,settings.page_view.other,Y,Medium,3,途牛,途牛,10010000004944,settings.page_view.other,输入：进入”设置“功能，进行投诉，添加文字。,primary_clue,22,16,输入 进入 设置 功能 进行投诉 添加文字,1,
10010000005498,加好友的过程不友好，加一个人需要找到对方动态，进入个人私聊，才能进行私聊，聊天。建议加多可以通过关键字搜索用户的功能。这样，我可以在已知对方用户名情况下找到他进行聊天。,加好友的过程不友好，加一个人需要找到对方动态，进入个人私聊，才能进行私聊，聊天。建议加多可以通过关键字搜索用户的功能。这样，我可以在已…,,Functional-Search,search,chat,other,search.chat.other,N,High,1,途牛,途牛,10010000005498,search.chat.other,加好友的过程不友好，加一个人需要找到对方动态，进入个人私聊，才能进行私聊，聊天。建议加多可以通过关键字搜索用户的功能。这样，我可以在已…,primary_clue,68,60,加好友的过程不友好 加一个人需要找到对方动态 进入个人私聊 才能进行私聊 聊天 建议加多可以通过关键字搜索用户的功能 这样 我可以在已,1,
10010000004593,表情收藏:只能收藏本地相册中的图片，而且不能选择原图，因此图片容易失真；一个表情收藏之后可以重复收藏同一个表情，软件不提醒已经收藏过此图片；无法收藏聊天记录里面的表情。,表情收藏:只能收藏本地相册中的图片，而且不能选择原图，因此图片容易失真,一个表情收藏之后可以重复收藏同一个表情，软件不提醒已经收藏过此图片 || 无法收藏聊天记录里面的表情。,Functional-Social,other,image_banner,cannot_or_fail,other.image_banner.cannot_or_fail,Y,Medium,3,途牛,途牛,10010000004593,other.image_banner.cannot_or_fail,表情收藏:只能收藏本地相册中的图片，而且不能选择原图，因此图片容易失真,primary_clue,35,32,表情收藏 只能收藏本地相册中的图片 而且不能选择原图 因此图片容易失真,1,
10010000006313,"1、将要发送的消息在消息文本框中编辑好后，页面没有“发送”提示，只有一个换行键代表发送，容易与键盘上的换行键相混淆。
2、在发送文字消息后不能同时选择发送图片等其他功能",将要发送的消息在消息文本框中编辑好后，页面没有“发送”提示，只有一个换行键代表发送，容易与键盘上的换行键相混淆。,在发送文字消息后不能同时选择发送图片等其他功能,Functional-Social,message_send,input_box,other,message_send.input_box.other,Y,Medium,2,途牛,途牛,10010000006313,message_send.input_box.other,将要发送的消息在消息文本框中编辑好后，页面没有“发送”提示，只有一个换行键代表发送，容易与键盘上的换行键相混淆。,primary_clue,56,50,将要发送的消息在消息文本框中编辑好后 页面没有 发送 提示 只有一个换行键代表发送 容易与键盘上的换行键相混淆,1,
10010000004305,聊天页面的语音聊天，语音内容出现错误。当你已经发了一条语音之后接下来的所有的语音出现了但是语音的内容一直是一条语音的内容。且出现的频率高，用5 台手机测试都出现这类情况。,聊天页面的语音聊天，语音内容出现错误。当你已经发了一条语音之后接下来的所有的语音出现了但是语音的内容一直是一条语音的内容。且出现的频率…,,Functional-Social,message_send,page_view,wrong_value,message_send.page_view.wrong_value,N,High,1,途牛,途牛,10010000004305,message_send.page_view.wrong_value,聊天页面的语音聊天，语音内容出现错误。当你已经发了一条语音之后接下来的所有的语音出现了但是语音的内容一直是一条语音的内容。且出现的频率…,primary_clue,68,64,聊天页面的语音聊天 语音内容出现错误 当你已经发了一条语音之后接下来的所有的语音出现了但是语音的内容一直是一条语音的内容 且出现的频率,1,
10010000006388,聊天列表中无法正确显示联系人昵称(为一串随机码，有时不更新，有时很久更新)。关注列表点开此人个人主页，发起私聊时聊天顶部依旧未能正确显示 ，如下图......095用户。,聊天列表中无法正确显示联系人昵称(为一串随机码，有时不更新，有时很久更新)。关注列表点开此人个人主页，发起私聊时聊天顶部依旧未能正确显…,,Functional-Social,private_chat,list_item,wrong_value,private_chat.list_item.wrong_value,N,High,1,途牛,途牛,10010000006388,private_chat.list_item.wrong_value,聊天列表中无法正确显示联系人昵称(为一串随机码，有时不更新，有时很久更新)。关注列表点开此人个人主页，发起私聊时聊天顶部依旧未能正确显…,primary_clue,68,61,聊天列表中无法正确显示联系人昵称 为一串随机码 有时不更新 有时很久更新 关注列表点开此人个人主页 发起私聊时聊天顶部依旧未能正确显,1,
10010000005535,"在选择出生日期时,会出现未来的时间选项,比如今天是11.26,选择出生日期却有12月的选项,而选择12月的时候12又会消失变回11月,虽然没什么特别大的影响但是用户体验不好","在选择出生日期时,会出现未来的时间选项,比如今天是11.26,选择出生日期却有12月的选项,而选择12月的时候12又会消失变回11月,…",,UI/Display,other,step,other,other.step.other,N,Medium,1,途牛,途牛,10010000005535,other.step.other,"在选择出生日期时,会出现未来的时间选项,比如今天是11.26,选择出生日期却有12月的选项,而选择12月的时候12又会消失变回11月,…",primary_clue,68,61,在选择出生日期时 会出现未来的时间选项 比如今天是11 26 选择出生日期却有12月的选项 而选择12月的时候12又会消失变回11月,1,
10010000004203,"步骤：1.点击私聊页面右上角“更多”图标
2.点击“投诉该用户”
3.进入“投诉”页面后，在输入框中输入“您好吗好吗好的”，进行复制粘贴
实际结果：粘贴的数据前自带一个空格",步骤：1.点击私聊页面右上角“更多”图标,点击“投诉该用户” || 进入“投诉”页面后，在输入框中输入“您好吗好吗好的”，进行复制粘贴 || 实际结果：粘贴的数据前自带一个空格,Functional-Social,private_chat,button_icon,other,private_chat.button_icon.other,Y,Medium,4,途牛,途牛,10010000004203,private_chat.button_icon.other,步骤：1.点击私聊页面右上角“更多”图标,primary_clue,20,16,步骤 1 点击私聊页面右上角 更多 图标,1,
10010000004312,点击“我的”→左上角“设置”→“关于”→“推荐给好友”，点击“微信”、“朋友圈”、“QQ”都没有反应，只有“新浪微博”可以。（包括此操作并不限于APP内所有的“分享”功能）,点击“我的”→左上角“设置”→“关于”→“推荐给好友”，点击“微信”、“朋友圈”、“QQ”都没有反应，只有“新浪微博”可以。（包括此操…,,Functional-Share,share,page_view,other,share.page_view.other,N,High,1,途牛,途牛,10010000004312,share.page_view.other,点击“我的”→左上角“设置”→“关于”→“推荐给好友”，点击“微信”、“朋友圈”、“QQ”都没有反应，只有“新浪微博”可以。（包括此操…,primary_clue,68,42,点击 我的 左上角 设置 关于 推荐给好友 点击 微信 朋友圈 qq 都没有反应 只有 新浪微博 可以 包括此操,1,
10010000005179,在发送一条语音以后再持续摁住语音按钮导致应用出现异常，本次是白屏后跳转到了消息通知界面，在返回聊天界面后聊天记录出现部分丢失，而对面聊天的人仍然有记录。但自己这边却看不到。,在发送一条语音以后再持续摁住语音按钮导致应用出现异常，本次是白屏后跳转到了消息通知界面，在返回聊天界面后聊天记录出现部分丢失，而对面聊…,,Network/Loading,message_send,button_icon,load_fail,message_send.button_icon.load_fail,N,High,1,途牛,途牛,10010000005179,message_send.button_icon.load_fail,在发送一条语音以后再持续摁住语音按钮导致应用出现异常，本次是白屏后跳转到了消息通知界面，在返回聊天界面后聊天记录出现部分丢失，而对面聊…,primary_clue,68,64,在发送一条语音以后再持续摁住语音按钮导致应用出现异常 本次是白屏后跳转到了消息通知界面 在返回聊天界面后聊天记录出现部分丢失 而对面聊,1,
10010000007086,"每次和陌生用户建立私聊一会，就会进入联系人列表，联系人列表会显得很乱；
其次当与联系人建立起私聊一会，即使没有任何聊天记录，也会进入联系人列表。（感觉用户被绑架，没有主动）",每次和陌生用户建立私聊一会，就会进入联系人列表，联系人列表会显得很乱,其次当与联系人建立起私聊一会，即使没有任何聊天记录，也会进入联系人列表。（感觉用户被绑架，没有主动）,Functional-Social,private_chat,list_item,other,private_chat.list_item.other,Y,Medium,2,途牛,途牛,10010000007086,private_chat.list_item.other,每次和陌生用户建立私聊一会，就会进入联系人列表，联系人列表会显得很乱,primary_clue,34,32,每次和陌生用户建立私聊一会 就会进入联系人列表 联系人列表会显得很乱,1,
10010000005199,联系人和聊天记录bug:点击聊天，所有联系人全部消失，选择联系人，请求私聊后，联系人的昵称变化，且聊天记录消失。重新发送消息，发送失败。退出应用后，重新出现联系人和聊天记录。,联系人和聊天记录bug:点击聊天，所有联系人全部消失，选择联系人，请求私聊后，联系人的昵称变化，且聊天记录消失。重新发送消息，发送失败…,,Crash,private_chat,list_item,cannot_send,private_chat.list_item.cannot_send,N,High,1,途牛,途牛,10010000005199,private_chat.list_item.cannot_send,联系人和聊天记录bug:点击聊天，所有联系人全部消失，选择联系人，请求私聊后，联系人的昵称变化，且聊天记录消失。重新发送消息，发送失败…,primary_clue,68,59,联系人和聊天记录bug 点击聊天 所有联系人全部消失 选择联系人 请求私聊后 联系人的昵称变化 且聊天记录消失 重新发送消息 发送失败,1,
10010000005762,在点击那个加号安扭后正常，再次点击时竟然出现了键盘，然而我并不想输入文本，应该将该键盘收起来，和刚进入私聊一样，以为此时我点击该加号你并不知道我到底是要输入文字还是语音或是表情,在点击那个加号安扭后正常，再次点击时竟然出现了键盘，然而我并不想输入文本，应该将该键盘收起来，和刚进入私聊一样，以为此时我点击该加号你…,,Functional-Social,private_chat,input_box,other,private_chat.input_box.other,N,High,1,途牛,途牛,10010000005762,private_chat.input_box.other,在点击那个加号安扭后正常，再次点击时竟然出现了键盘，然而我并不想输入文本，应该将该键盘收起来，和刚进入私聊一样，以为此时我点击该加号你…,primary_clue,68,62,在点击那个加号安扭后正常 再次点击时竟然出现了键盘 然而我并不想输入文本 应该将该键盘收起来 和刚进入私聊一样 以为此时我点击该加号你,1,
10010000006103,"一个帐号同时可以在多给设备登录，私聊的信息并没有整合到一起.A,B设备登录同一个帐号对C私聊，但A,B均不知道对方对C发送了什么。且A,B登录时，应用没有提示有其他设备在登录。","一个帐号同时可以在多给设备登录，私聊的信息并没有整合到一起.A,B设备登录同一个帐号对C私聊，但A,B均不知道对方对C发送了什么。且A…",,Functional-Account,login,chat,no_prompt,login.chat.no_prompt,N,High,1,途牛,途牛,10010000006103,login.chat.no_prompt,"一个帐号同时可以在多给设备登录，私聊的信息并没有整合到一起.A,B设备登录同一个帐号对C私聊，但A,B均不知道对方对C发送了什么。且A…",primary_clue,68,61,一个帐号同时可以在多给设备登录 私聊的信息并没有整合到一起 a b设备登录同一个帐号对c私聊 但a b均不知道对方对c发送了什么 且a,1,
10010000004627,在未注册时私聊一个用户，需要注册。注册新用户后没有直接跳转到先前点击的私聊界面，而是进入了个人主页，这样可能丢失我们要询问的那名用户的个人信息，导致我们无法获得想要知道的信息或者资源。,在未注册时私聊一个用户，需要注册。注册新用户后没有直接跳转到先前点击的私聊界面，而是进入了个人主页，这样可能丢失我们要询问的那名用户的…,,Functional-Account,register,page_view,cannot_or_fail,register.page_view.cannot_or_fail,N,High,1,途牛,途牛,10010000004627,register.page_view.cannot_or_fail,在未注册时私聊一个用户，需要注册。注册新用户后没有直接跳转到先前点击的私聊界面，而是进入了个人主页，这样可能丢失我们要询问的那名用户的…,primary_clue,68,63,在未注册时私聊一个用户 需要注册 注册新用户后没有直接跳转到先前点击的私聊界面 而是进入了个人主页 这样可能丢失我们要询问的那名用户的,1,
10010000005240,"1.打开途牛旅游app，以正确的用户名和密码登录，进入app首页;
2.点击首页右上角的聊天图标，进去聊天界面;
3.点击任意已关注好友，进去私聊界面;
4.输入框内输入1000个文字",打开途牛旅游app，以正确的用户名和密码登录，进入app首页,点击首页右上角的聊天图标，进去聊天界面 || 点击任意已关注好友，进去私聊界面 || 输入框内输入1000个文字,Functional-Account,login,page_view,other,login.page_view.other,Y,Medium,4,途牛,途牛,10010000005240,login.page_view.other,打开途牛旅游app，以正确的用户名和密码登录，进入app首页,primary_clue,30,28,打开途牛旅游app 以正确的用户名和密码登录 进入app首页,1,
10010000005953,"关于群聊，可以分类，分成我创建的群和我加入的群
没有群聊的用户，一打开，也不知道如何加入群聊，没有明确的图标或者提示，点开后就是“您还没有群组哦！”，那我如何才能加群呢？我如何创群呢？",关于群聊，可以分类，分成我创建的群和我加入的群,没有群聊的用户，一打开，也不知道如何加入群聊，没有明确的图标或者提示，点开后就是“您还没有群组哦！”，那我如何才能加群呢？我如何创群呢？,Functional-Social,groupchat,chat,other,groupchat.chat.other,Y,Medium,2,途牛,途牛,10010000005953,groupchat.chat.other,关于群聊，可以分类，分成我创建的群和我加入的群,primary_clue,23,21,关于群聊 可以分类 分成我创建的群和我加入的群,1,
10010000006999,本来在问大家功能里，自己都可以点击“我来回答”，本来是评论来着，刚开始在自己发布的信息里评论，显示的是有两人评论，重新点进去问大家功能后，刚才的那两条评论成了两条发布信息，而且不能删除。,本来在问大家功能里，自己都可以点击“我来回答”，本来是评论来着，刚开始在自己发布的信息里评论，显示的是有两人评论，重新点进去问大家功能…,,Other,comment,list_item,cannot_delete,comment.list_item.cannot_delete,N,High,1,途牛,途牛,10010000006999,comment.list_item.cannot_delete,本来在问大家功能里，自己都可以点击“我来回答”，本来是评论来着，刚开始在自己发布的信息里评论，显示的是有两人评论，重新点进去问大家功能…,primary_clue,68,60,本来在问大家功能里 自己都可以点击 我来回答 本来是评论来着 刚开始在自己发布的信息里评论 显示的是有两人评论 重新点进去问大家功能,1,
10010000003676,在私聊过程中退出途牛应用，重新启动应用，并找到之前未关注的私聊用户，聊天记录显示错误，用户发送的语音应该在右边，并且呈现绿色，但是重新进入聊天页面的时候用户发送的语音都是在左侧并且呈现灰色！,在私聊过程中退出途牛应用，重新启动应用，并找到之前未关注的私聊用户，聊天记录显示错误，用户发送的语音应该在右边，并且呈现绿色，但是重新…,,Functional-Social,private_chat,page_view,wrong_value,private_chat.page_view.wrong_value,N,High,1,途牛,途牛,10010000003676,private_chat.page_view.wrong_value,在私聊过程中退出途牛应用，重新启动应用，并找到之前未关注的私聊用户，聊天记录显示错误，用户发送的语音应该在右边，并且呈现绿色，但是重新…,primary_clue,68,61,在私聊过程中退出途牛应用 重新启动应用 并找到之前未关注的私聊用户 聊天记录显示错误 用户发送的语音应该在右边 并且呈现绿色 但是重新,1,
10010000002740,严重问题，将图片聊天记录清空后，无法再进入私聊界面。可能是从服务器下载图片需要时间，当还没有下载完全的时候，就调用控件的设置方法，将图片设置上去。导致了空指针。从而私聊界面fragment闪退。,严重问题，将图片聊天记录清空后，无法再进入私聊界面。可能是从服务器下载图片需要时间，当还没有下载完全的时候，就调用控件的设置方法，将图…,,Crash,private_chat,page_view,crash,private_chat.page_view.crash,N,High,1,途牛,途牛,10010000002740,private_chat.page_view.crash,严重问题，将图片聊天记录清空后，无法再进入私聊界面。可能是从服务器下载图片需要时间，当还没有下载完全的时候，就调用控件的设置方法，将图…,primary_clue,68,61,严重问题 将图片聊天记录清空后 无法再进入私聊界面 可能是从服务器下载图片需要时间 当还没有下载完全的时候 就调用控件的设置方法 将图,1,
10010000007008,"在“消息”模块下的“聊天”列表中显示的是对方注册时的默认昵称（10位数字串“8097628323”），在“联系人”中的“最近联系人”列表中显示的是对方修改后的昵称（“xkq123”）,前后不一致",在“消息”模块下的“聊天”列表中显示的是对方注册时的默认昵称（10位数字串“8097628323”），在“联系人”中的“最近联系人”列…,,Functional-Account,register,page_view,other,register.page_view.other,N,High,1,途牛,途牛,10010000007008,register.page_view.other,在“消息”模块下的“聊天”列表中显示的是对方注册时的默认昵称（10位数字串“8097628323”），在“联系人”中的“最近联系人”列…,primary_clue,68,54,在 消息 模块下的 聊天 列表中显示的是对方注册时的默认昵称 10位数字串 8097628323 在 联系人 中的 最近联系人 列,1,
10010000004024,有其他用户关注个人用户之后，点击进入系统提示“”有用户关注了你”界面后以及互动动态界面后查看不到其他用户主页，点击其他用户头像或名称之后只能看到该用户的关注，看不到用户是谁，也无法和用户进行对话。,有其他用户关注个人用户之后，点击进入系统提示“”有用户关注了你”界面后以及互动动态界面后查看不到其他用户主页，点击其他用户头像或名称之…,,UI/Display,other,page_view,cannot_or_fail,other.page_view.cannot_or_fail,N,Medium,1,途牛,途牛,10010000004024,other.page_view.cannot_or_fail,有其他用户关注个人用户之后，点击进入系统提示“”有用户关注了你”界面后以及互动动态界面后查看不到其他用户主页，点击其他用户头像或名称之…,primary_clue,68,62,有其他用户关注个人用户之后 点击进入系统提示 有用户关注了你 界面后以及互动动态界面后查看不到其他用户主页 点击其他用户头像或名称之,1,
10010000005629,"同一个手机上，可以用不同的账号登陆， 但是不能共享私聊的对象和信息，图片中显示了之前聊天的对象以及聊天内容。 所谓的""私聊""便不是私聊了。而且这涉及到用户个人的隐私和安全信息，是一个比较严重的问题","同一个手机上，可以用不同的账号登陆， 但是不能共享私聊的对象和信息，图片中显示了之前聊天的对象以及聊天内容。 所谓的""私聊""便不是私聊…",,Functional-Account,private_chat,image_banner,cannot_or_fail,private_chat.image_banner.cannot_or_fail,N,High,1,途牛,途牛,10010000005629,private_chat.image_banner.cannot_or_fail,"同一个手机上，可以用不同的账号登陆， 但是不能共享私聊的对象和信息，图片中显示了之前聊天的对象以及聊天内容。 所谓的""私聊""便不是私聊…",primary_clue,68,59,同一个手机上 可以用不同的账号登陆 但是不能共享私聊的对象和信息 图片中显示了之前聊天的对象以及聊天内容 所谓的 私聊 便不是私聊,1,
10010000004966,"在登录时选择动态密码登录时，若填写的是为注册过的手机号，点击发送验证码后页面一直显示下载中，只在最下方提示“未注册用户”。
建议页面跳转为上一步未点击发送验证码时状态，只在旁边提示手机号未注册用户",在登录时选择动态密码登录时，若填写的是为注册过的手机号，点击发送验证码后页面一直显示下载中，只在最下方提示“未注册用户”。,建议页面跳转为上一步未点击发送验证码时状态，只在旁边提示手机号未注册用户,Functional-Account,register,page_view,other,register.page_view.other,Y,Medium,2,途牛,途牛,10010000004966,register.page_view.other,在登录时选择动态密码登录时，若填写的是为注册过的手机号，点击发送验证码后页面一直显示下载中，只在最下方提示“未注册用户”。,primary_clue,61,55,在登录时选择动态密码登录时 若填写的是为注册过的手机号 点击发送验证码后页面一直显示下载中 只在最下方提示 未注册用户,1,
10010000006769,用户注册并登陆途牛APP，在主页上搜索想要进入的非自己个人主页，根据用户名搜索但是搜索不到，但是该用户一定是存在的。模糊搜索也不是模糊搜索，是直接匹配的。严重程度为一般，是用户体验较差的Bug类别。,用户注册并登陆途牛APP，在主页上搜索想要进入的非自己个人主页，根据用户名搜索但是搜索不到，但是该用户一定是存在的。模糊搜索也不是模糊…,,Functional-Account,register,other,other,register.other.other,N,High,1,途牛,途牛,10010000006769,register.other.other,用户注册并登陆途牛APP，在主页上搜索想要进入的非自己个人主页，根据用户名搜索但是搜索不到，但是该用户一定是存在的。模糊搜索也不是模糊…,primary_clue,68,63,用户注册并登陆途牛app 在主页上搜索想要进入的非自己个人主页 根据用户名搜索但是搜索不到 但是该用户一定是存在的 模糊搜索也不是模糊,1,
10010000007156,联系人排序混乱。没有系统的排序方式。不是以第一聊天人的方式进行排序，是以对一个联系人的操作进行排序。并且未设置关键字搜索项。详见截图，当我投诉了“想不到名字啊”用户后，此用户成为我最近联系人第一位。,联系人排序混乱。没有系统的排序方式。不是以第一聊天人的方式进行排序，是以对一个联系人的操作进行排序。并且未设置关键字搜索项。详见截图，…,,Functional-Search,search,page_view,other,search.page_view.other,N,High,1,途牛,途牛,10010000007156,search.page_view.other,联系人排序混乱。没有系统的排序方式。不是以第一聊天人的方式进行排序，是以对一个联系人的操作进行排序。并且未设置关键字搜索项。详见截图，…,primary_clue,68,61,联系人排序混乱 没有系统的排序方式 不是以第一聊天人的方式进行排序 是以对一个联系人的操作进行排序 并且未设置关键字搜索项 详见截图,1,
10010000004769,准备私聊和在私聊中发送表情，图片会出现闪退。点别人头像准备私聊时，没有进去聊天界面，强制退出了程序。发送表情也会有强制退出。途牛私聊选择发送图片时选择照片文件夹时途牛程序退出，留在了手机图库程序中。,准备私聊和在私聊中发送表情，图片会出现闪退。点别人头像准备私聊时，没有进去聊天界面，强制退出了程序。发送表情也会有强制退出。途牛私聊选…,,Crash,private_chat,page_view,crash,private_chat.page_view.crash,N,High,1,途牛,途牛,10010000004769,private_chat.page_view.crash,准备私聊和在私聊中发送表情，图片会出现闪退。点别人头像准备私聊时，没有进去聊天界面，强制退出了程序。发送表情也会有强制退出。途牛私聊选…,primary_clue,68,61,准备私聊和在私聊中发送表情 图片会出现闪退 点别人头像准备私聊时 没有进去聊天界面 强制退出了程序 发送表情也会有强制退出 途牛私聊选,1,
10010000004666,"1.首页城市首次进入无法手动定位(或是加载较慢),第二次进入才可定位。用户不想加载的时候无法关闭,只能等系统加载失败才能退出
2.首页最上方链接到的活动页里的城市不可实现定位功能,且可选城市仅为有限个","首页城市首次进入无法手动定位(或是加载较慢),第二次进入才可定位。用户不想加载的时候无法关闭,只能等系统加载失败才能退出","首页最上方链接到的活动页里的城市不可实现定位功能,且可选城市仅为有限个",Network/Loading,gps_track,page_view,load_fail,gps_track.page_view.load_fail,Y,Medium,2,途牛,途牛,10010000004666,gps_track.page_view.load_fail,"首页城市首次进入无法手动定位(或是加载较慢),第二次进入才可定位。用户不想加载的时候无法关闭,只能等系统加载失败才能退出",primary_clue,60,55,首页城市首次进入无法手动定位 或是加载较慢 第二次进入才可定位 用户不想加载的时候无法关闭 只能等系统加载失败才能退出,1,
10010000003604,用户进入非自己个人主页，点击非个人主页里面的动态，上下拉动动态的过程中，发现字体叠加，给界面造成十分不美观的局面，用户不能正常使用APP，影响界面布局的美观。严重程度为严重，是页面布局缺陷的Bug类别。,用户进入非自己个人主页，点击非个人主页里面的动态，上下拉动动态的过程中，发现字体叠加，给界面造成十分不美观的局面，用户不能正常使用AP…,,UI/Display,other,page_view,layout_issue,other.page_view.layout_issue,N,High,1,途牛,途牛,10010000003604,other.page_view.layout_issue,用户进入非自己个人主页，点击非个人主页里面的动态，上下拉动动态的过程中，发现字体叠加，给界面造成十分不美观的局面，用户不能正常使用AP…,primary_clue,68,62,用户进入非自己个人主页 点击非个人主页里面的动态 上下拉动动态的过程中 发现字体叠加 给界面造成十分不美观的局面 用户不能正常使用ap,1,
10010000006739,用户聊天时，输入框可以输入的字数没有限制，尤其是为相互关注的人即非好友，可以一次性向用户发送大段的信息，造成软件卡顿，用户体验急剧降低，这使得某些恶意攻击的人可以通过发送大段大段文字来影响用户使用软件。,用户聊天时，输入框可以输入的字数没有限制，尤其是为相互关注的人即非好友，可以一次性向用户发送大段的信息，造成软件卡顿，用户体验急剧降低…,,Performance/Freeze,message_send,input_box,freeze,message_send.input_box.freeze,N,High,1,途牛,途牛,10010000006739,message_send.input_box.freeze,用户聊天时，输入框可以输入的字数没有限制，尤其是为相互关注的人即非好友，可以一次性向用户发送大段的信息，造成软件卡顿，用户体验急剧降低…,primary_clue,68,62,用户聊天时 输入框可以输入的字数没有限制 尤其是为相互关注的人即非好友 可以一次性向用户发送大段的信息 造成软件卡顿 用户体验急剧降低,1,
10010000001971,买机票或火车票时，一名成人只能携带一名儿童，我选择了2名成人，同时选择了20名儿童，竟然可以加入购物车并提交订单。选择儿童时，应判定儿童数量和成人数量的关系，如果不满足条件，则提示用户，并无法加入购物车。,买机票或火车票时，一名成人只能携带一名儿童，我选择了2名成人，同时选择了20名儿童，竟然可以加入购物车并提交订单。选择儿童时，应判定儿…,,Functional-Commerce,shopping,commerce,cannot_or_fail,shopping.commerce.cannot_or_fail,N,High,1,途牛,途牛,10010000001971,shopping.commerce.cannot_or_fail,买机票或火车票时，一名成人只能携带一名儿童，我选择了2名成人，同时选择了20名儿童，竟然可以加入购物车并提交订单。选择儿童时，应判定儿…,primary_clue,68,61,买机票或火车票时 一名成人只能携带一名儿童 我选择了2名成人 同时选择了20名儿童 竟然可以加入购物车并提交订单 选择儿童时 应判定儿,1,
10010000003252,在发送图片时选择拍照发送，拍照完成后无法发送图片(点了发送按钮后图片并没有发送出去)，而且之前的聊天记录也自动删除，在这以后无法给对方发送任何的消息，对于其他的功能也无法进入。在聊天消息界面一直显示连接中。,在发送图片时选择拍照发送，拍照完成后无法发送图片(点了发送按钮后图片并没有发送出去)，而且之前的聊天记录也自动删除，在这以后无法给对方…,,Network/Loading,message_send,button_icon,load_fail,message_send.button_icon.load_fail,N,High,1,途牛,途牛,10010000003252,message_send.button_icon.load_fail,在发送图片时选择拍照发送，拍照完成后无法发送图片(点了发送按钮后图片并没有发送出去)，而且之前的聊天记录也自动删除，在这以后无法给对方…,primary_clue,68,62,在发送图片时选择拍照发送 拍照完成后无法发送图片 点了发送按钮后图片并没有发送出去 而且之前的聊天记录也自动删除 在这以后无法给对方,1,
10010000001801,"问题描述:选择火车票往返时，选择返程时间失败
步骤:
1.选择首页底部tab栏的行程玩法
2.点击右上角购物车
3.点击加号选择火车票
4.选择返回日期
预期结果:
返回日期选择成功
实际结果:
返回日期选择失败",问题描述:选择火车票往返时，选择返程时间失败,选择首页底部tab栏的行程玩法 || 点击右上角购物车 || 点击加号选择火车票 || 选择返回日期 || 返回日期选择成功 || 返回日期选择失败,Other,other,step,cannot_or_fail,other.step.cannot_or_fail,Y,Medium,7,途牛,途牛,10010000001801,other.step.cannot_or_fail,问题描述:选择火车票往返时，选择返程时间失败,primary_clue,22,20,问题描述 选择火车票往返时 选择返程时间失败,1,
10010000004139,除了途牛自带的表情，APP显示可以添加表情，选择添加表情并选择图片之后，系统会出现两种结果，一种是页面返回对话界面，像什么都没发生一样，另外一种是对话框显示私聊对象把图片发给我，之前我发的消息也变成是对方发给我的,除了途牛自带的表情，APP显示可以添加表情，选择添加表情并选择图片之后，系统会出现两种结果，一种是页面返回对话界面，像什么都没发生一样…,,Functional-Social,private_chat,page_view,wrong_value,private_chat.page_view.wrong_value,N,High,1,途牛,途牛,10010000004139,private_chat.page_view.wrong_value,除了途牛自带的表情，APP显示可以添加表情，选择添加表情并选择图片之后，系统会出现两种结果，一种是页面返回对话界面，像什么都没发生一样…,primary_clue,68,62,除了途牛自带的表情 app显示可以添加表情 选择添加表情并选择图片之后 系统会出现两种结果 一种是页面返回对话界面 像什么都没发生一样,1,
10010000004339,打开应用，进入非自己主页，找到发起私聊，点击进入私聊后，显示之前的聊天记录，自己的发言也显示在左边(截图中的发言为上次退出应用之前，我给对方发送的消息)。在聊天记录中，自己的发言应该显示在右侧，与对方发言区分开。,打开应用，进入非自己主页，找到发起私聊，点击进入私聊后，显示之前的聊天记录，自己的发言也显示在左边(截图中的发言为上次退出应用之前，我…,,Crash,private_chat,list_item,other,private_chat.list_item.other,N,High,1,途牛,途牛,10010000004339,private_chat.list_item.other,打开应用，进入非自己主页，找到发起私聊，点击进入私聊后，显示之前的聊天记录，自己的发言也显示在左边(截图中的发言为上次退出应用之前，我…,primary_clue,68,60,打开应用 进入非自己主页 找到发起私聊 点击进入私聊后 显示之前的聊天记录 自己的发言也显示在左边 截图中的发言为上次退出应用之前 我,1,
10010000004218,点击私聊界面右上角“更多”图标，可设置聊天。点击“删除聊天历史”按钮，弹出的提示框中“确认”按钮在右侧，“取消”按钮在左侧，不符合用户在一般情况的使用（用户一般情况下多见的是“确认”按钮在左边，“取消”按钮在右边）。,点击私聊界面右上角“更多”图标，可设置聊天。点击“删除聊天历史”按钮，弹出的提示框中“确认”按钮在右侧，“取消”按钮在左侧，不符合用户…,,Functional-Social,private_chat,button_icon,other,private_chat.button_icon.other,N,High,1,途牛,途牛,10010000004218,private_chat.button_icon.other,点击私聊界面右上角“更多”图标，可设置聊天。点击“删除聊天历史”按钮，弹出的提示框中“确认”按钮在右侧，“取消”按钮在左侧，不符合用户…,primary_clue,68,54,点击私聊界面右上角 更多 图标 可设置聊天 点击 删除聊天历史 按钮 弹出的提示框中 确认 按钮在右侧 取消 按钮在左侧 不符合用户,1,
10010000004830,聊天好友改了昵称之后在聊天界面有的不显示改完后的昵称，只有在个人主页才能看到改完后的昵称。有时候系统会自动闪退再次进入时有的聊天好友的昵称就和之前不一样了再退出然后进入之后又和之前一样但是和改变昵称后的聊天信息没有了,聊天好友改了昵称之后在聊天界面有的不显示改完后的昵称，只有在个人主页才能看到改完后的昵称。有时候系统会自动闪退再次进入时有的聊天好友的…,,Crash,message_send,page_view,crash,message_send.page_view.crash,N,High,1,途牛,途牛,10010000004830,message_send.page_view.crash,聊天好友改了昵称之后在聊天界面有的不显示改完后的昵称，只有在个人主页才能看到改完后的昵称。有时候系统会自动闪退再次进入时有的聊天好友的…,primary_clue,68,65,聊天好友改了昵称之后在聊天界面有的不显示改完后的昵称 只有在个人主页才能看到改完后的昵称 有时候系统会自动闪退再次进入时有的聊天好友的,1,
10010000006786,软件中没有提供好友搜索的功能（或者有，但是很难找到入口），当两个用户想互相添加好友时，没有一个快捷方便的方法找到对方，成为对方的好友，只能通过在其他好友的留言下面或者广场发帖的形式先进入对方主页再关注，用户体验性差。,软件中没有提供好友搜索的功能（或者有，但是很难找到入口），当两个用户想互相添加好友时，没有一个快捷方便的方法找到对方，成为对方的好友，…,,Functional-Search,search,chat,other,search.chat.other,N,High,1,途牛,途牛,10010000006786,search.chat.other,软件中没有提供好友搜索的功能（或者有，但是很难找到入口），当两个用户想互相添加好友时，没有一个快捷方便的方法找到对方，成为对方的好友，…,primary_clue,68,60,软件中没有提供好友搜索的功能 或者有 但是很难找到入口 当两个用户想互相添加好友时 没有一个快捷方便的方法找到对方 成为对方的好友,1,
10010000006659,"1.当删除自定义表情时，图片只能单个删除，不能多个删除（长按第三个图片，其右上角多出一个删除按钮，紧接着长按第二个图片，其右上角多出一个删除按钮但第三个图片的删除按钮消失）。

2.除此之外，删除按钮过小，易点击失误。",当删除自定义表情时，图片只能单个删除，不能多个删除（长按第三个图片，其右上角多出一个删除按钮，紧接着长按第二个图片，其右上角多出一个删…,除此之外，删除按钮过小，易点击失误。,Functional-Social,other,button_icon,cannot_or_fail,other.button_icon.cannot_or_fail,Y,Medium,2,途牛,途牛,10010000006659,other.button_icon.cannot_or_fail,当删除自定义表情时，图片只能单个删除，不能多个删除（长按第三个图片，其右上角多出一个删除按钮，紧接着长按第二个图片，其右上角多出一个删…,primary_clue,68,61,当删除自定义表情时 图片只能单个删除 不能多个删除 长按第三个图片 其右上角多出一个删除按钮 紧接着长按第二个图片 其右上角多出一个删,1,
10010000004300,在选择私聊用户时，a:只可以从应用推荐的用户中选择私聊对象，不能有针对性的搜索。b:私聊对象可以从推荐的用户中任意选择，这一点对被选择的对象很不友好，无法避免有人恶意发送垃圾信息，虚假广告等，使得私聊变成累赘，惹人心烦。,在选择私聊用户时，a:只可以从应用推荐的用户中选择私聊对象，不能有针对性的搜索。b:私聊对象可以从推荐的用户中任意选择，这一点对被选择…,,Functional-Search,search,image_banner,cannot_or_fail,search.image_banner.cannot_or_fail,N,High,1,途牛,途牛,10010000004300,search.image_banner.cannot_or_fail,在选择私聊用户时，a:只可以从应用推荐的用户中选择私聊对象，不能有针对性的搜索。b:私聊对象可以从推荐的用户中任意选择，这一点对被选择…,primary_clue,68,61,在选择私聊用户时 a 只可以从应用推荐的用户中选择私聊对象 不能有针对性的搜索 b 私聊对象可以从推荐的用户中任意选择 这一点对被选择,1,
10010000006944,"步骤9收回输入键盘后，评论输入框中应该有信息显示“ninhao”，但是测试时发现收回键盘时，评论输入框中的信息被清空。
如果自己不能评论自己的发帖信息，那么就不应该提供评论功能；如果可以评论，那么就应该可以输入评论信息。",步骤9收回输入键盘后，评论输入框中应该有信息显示“ninhao”，但是测试时发现收回键盘时，评论输入框中的信息被清空。,如果自己不能评论自己的发帖信息，那么就不应该提供评论功能 || 如果可以评论，那么就应该可以输入评论信息。,Input/Validation,comment,input_box,other,comment.input_box.other,Y,Medium,3,途牛,途牛,10010000006944,comment.input_box.other,步骤9收回输入键盘后，评论输入框中应该有信息显示“ninhao”，但是测试时发现收回键盘时，评论输入框中的信息被清空。,primary_clue,59,53,步骤9收回输入键盘后 评论输入框中应该有信息显示 ninhao 但是测试时发现收回键盘时 评论输入框中的信息被清空,1,
10010000004530,途牛app为旅游类app，涉及金钱交易与信誉评估的问题，因而投诉用户的功能十分重要。私聊设置中，该功能中投诉提交之后无任何反馈，而是直接跳转至上级页面，使用户即便投诉后也无安全感。且投诉内容的格式只有文字，无法上传图片及语音。,途牛app为旅游类app，涉及金钱交易与信誉评估的问题，因而投诉用户的功能十分重要。私聊设置中，该功能中投诉提交之后无任何反馈，而是直…,,Functional-Social,private_chat,page_view,cannot_or_fail,private_chat.page_view.cannot_or_fail,N,High,1,途牛,途牛,10010000004530,private_chat.page_view.cannot_or_fail,途牛app为旅游类app，涉及金钱交易与信誉评估的问题，因而投诉用户的功能十分重要。私聊设置中，该功能中投诉提交之后无任何反馈，而是直…,primary_clue,68,62,途牛app为旅游类app 涉及金钱交易与信誉评估的问题 因而投诉用户的功能十分重要 私聊设置中 该功能中投诉提交之后无任何反馈 而是直,1,
10010000005423,在启动途牛应用之后，进入私聊页面，选择之前的用户进行私聊，点击输入框，再关闭输入法，或者在输入框输入内容后点击发送，聊天窗口会自动刷新聊天记录，并且在页面的上方有提示，但是当用户再次向下拉聊天框的时候没有正在刷新聊天记录的提示。,在启动途牛应用之后，进入私聊页面，选择之前的用户进行私聊，点击输入框，再关闭输入法，或者在输入框输入内容后点击发送，聊天窗口会自动刷新…,,Functional-Social,private_chat,input_box,wrong_value,private_chat.input_box.wrong_value,N,High,1,途牛,途牛,10010000005423,private_chat.input_box.wrong_value,在启动途牛应用之后，进入私聊页面，选择之前的用户进行私聊，点击输入框，再关闭输入法，或者在输入框输入内容后点击发送，聊天窗口会自动刷新…,primary_clue,68,61,在启动途牛应用之后 进入私聊页面 选择之前的用户进行私聊 点击输入框 再关闭输入法 或者在输入框输入内容后点击发送 聊天窗口会自动刷新,1,
10010000006874,用户点击“消息”按钮，在聊天栏中可以查看到和所有其他用户的聊天消息记录，但是对于未关注用户发来的消息和已相互关注好友发来的消息没有任何区分，使得好友不能立刻辨别出该条消息来自陌生人还是好友，不能视情况查看或忽略，用户体验度降低。,用户点击“消息”按钮，在聊天栏中可以查看到和所有其他用户的聊天消息记录，但是对于未关注用户发来的消息和已相互关注好友发来的消息没有任何…,,Functional-Social,message_send,button_icon,wrong_value,message_send.button_icon.wrong_value,N,High,1,途牛,途牛,10010000006874,message_send.button_icon.wrong_value,用户点击“消息”按钮，在聊天栏中可以查看到和所有其他用户的聊天消息记录，但是对于未关注用户发来的消息和已相互关注好友发来的消息没有任何…,primary_clue,68,63,用户点击 消息 按钮 在聊天栏中可以查看到和所有其他用户的聊天消息记录 但是对于未关注用户发来的消息和已相互关注好友发来的消息没有任何,1,
10010000003093,用户进入非自己个人主页，在需要图片加载时，加载不出来，等待时间过长。在个人主页左下角找到“发起私聊”入口，进入私聊之后，想要发送图片，反应速度太慢，要等待较长时间才可以添加成功图片并发送图片。严重程度为紧急，是性能较差的Bug类别。,用户进入非自己个人主页，在需要图片加载时，加载不出来，等待时间过长。在个人主页左下角找到“发起私聊”入口，进入私聊之后，想要发送图片，…,,Network/Loading,private_chat,image_banner,load_fail,private_chat.image_banner.load_fail,N,High,1,途牛,途牛,10010000003093,private_chat.image_banner.load_fail,用户进入非自己个人主页，在需要图片加载时，加载不出来，等待时间过长。在个人主页左下角找到“发起私聊”入口，进入私聊之后，想要发送图片，…,primary_clue,68,58,用户进入非自己个人主页 在需要图片加载时 加载不出来 等待时间过长 在个人主页左下角找到 发起私聊 入口 进入私聊之后 想要发送图片,1,
10010000003020,在进入与其他用户私聊时，输入的文本框显示正在建立好友联系，4G网的条件下，等待的时间较长，而且在聊天时突然网络断开的情况下，未发出去的信息再重新链接网路后也无法发送出去，只有重新退出私聊界面再次进入，才可以将未发出的信息重新发送出去。,在进入与其他用户私聊时，输入的文本框显示正在建立好友联系，4G网的条件下，等待的时间较长，而且在聊天时突然网络断开的情况下，未发出去的…,,Functional-Share,share,input_box,cannot_or_fail,share.input_box.cannot_or_fail,N,High,1,途牛,途牛,10010000003020,share.input_box.cannot_or_fail,在进入与其他用户私聊时，输入的文本框显示正在建立好友联系，4G网的条件下，等待的时间较长，而且在聊天时突然网络断开的情况下，未发出去的…,primary_clue,68,62,在进入与其他用户私聊时 输入的文本框显示正在建立好友联系 4g网的条件下 等待的时间较长 而且在聊天时突然网络断开的情况下 未发出去的,1,
10010000006656,"当一个账号在电脑模拟器和手机端同时登录时，给他人发送消息时，只能在一个客户端显示，且接收的消息也只能在另一个客户端显示，造成消息不能同步显示，不利于用户使用。
其中左图是我在手机发送的消息，右图是在电脑接收到的消息，消息不能同步显示。",当一个账号在电脑模拟器和手机端同时登录时，给他人发送消息时，只能在一个客户端显示，且接收的消息也只能在另一个客户端显示，造成消息不能同…,其中左图是我在手机发送的消息，右图是在电脑接收到的消息，消息不能同步显示。,Functional-Account,login,chat,cannot_or_fail,login.chat.cannot_or_fail,Y,Medium,2,途牛,途牛,10010000006656,login.chat.cannot_or_fail,当一个账号在电脑模拟器和手机端同时登录时，给他人发送消息时，只能在一个客户端显示，且接收的消息也只能在另一个客户端显示，造成消息不能同…,primary_clue,68,63,当一个账号在电脑模拟器和手机端同时登录时 给他人发送消息时 只能在一个客户端显示 且接收的消息也只能在另一个客户端显示 造成消息不能同,1,
10010000005365,"在私聊的对话界面，在输入框里，当有换行操作时，前一行的内容就被掩盖掉了，在输入长对话时不方便确认检查之前写过的内容。
如果进行过多的换行操作，想删除行时也不知道删除了几行，我执行多次换行，然后删除，以为删干净了，没想到还有好多行没删掉。",在私聊的对话界面，在输入框里，当有换行操作时，前一行的内容就被掩盖掉了，在输入长对话时不方便确认检查之前写过的内容。,如果进行过多的换行操作，想删除行时也不知道删除了几行，我执行多次换行，然后删除，以为删干净了，没想到还有好多行没删掉。,Functional-Social,private_chat,input_box,other,private_chat.input_box.other,Y,Medium,2,途牛,途牛,10010000005365,private_chat.input_box.other,在私聊的对话界面，在输入框里，当有换行操作时，前一行的内容就被掩盖掉了，在输入长对话时不方便确认检查之前写过的内容。,primary_clue,58,53,在私聊的对话界面 在输入框里 当有换行操作时 前一行的内容就被掩盖掉了 在输入长对话时不方便确认检查之前写过的内容,1,
10010000005971,"缺陷名称：无法使用QQ账号授权登陆。
模块：用户登陆。
操作步骤：点击QQ图标使用QQ授权登陆。
期望结果：获得QQ授权成功登陆。
实际结果：授权失败，无法登陆。
说明分析：设备与客户端不兼容，无法正确拉取授权信息，导致无法正常授权登陆。",缺陷名称：无法使用QQ账号授权登陆。,模块：用户登陆。 || 操作步骤：点击QQ图标使用QQ授权登陆。 || 期望结果：获得QQ授权成功登陆。 || 实际结果：授权失败，无法登陆。 || 说明分析：设备与客户端不兼容，无法正确拉取授权信息，导致无法正常授权登陆。,Functional-Account,other,other,permission,other.other.permission,Y,Medium,6,途牛,途牛,10010000005971,other.other.permission,缺陷名称：无法使用QQ账号授权登陆。,primary_clue,18,16,缺陷名称 无法使用qq账号授权登陆,1,
10010000006409,用户已经注册并登陆途牛APP，进入首页，底部有tab栏，点击tab栏的每个按钮，进入不用的界面，每个页面的右上角最好一直有对话小图标按钮，这样可以及时看见通知，其他用户给自己的私聊信息，比较方便沟通。严重程度为严重，是页面布局缺陷的Bug类别。,用户已经注册并登陆途牛APP，进入首页，底部有tab栏，点击tab栏的每个按钮，进入不用的界面，每个页面的右上角最好一直有对话小图标按…,,Functional-Account,register,button_icon,layout_issue,register.button_icon.layout_issue,N,High,1,途牛,途牛,10010000006409,register.button_icon.layout_issue,用户已经注册并登陆途牛APP，进入首页，底部有tab栏，点击tab栏的每个按钮，进入不用的界面，每个页面的右上角最好一直有对话小图标按…,primary_clue,68,62,用户已经注册并登陆途牛app 进入首页 底部有tab栏 点击tab栏的每个按钮 进入不用的界面 每个页面的右上角最好一直有对话小图标按,1,
10010000005435,"用户进入非自己个人主页，看见其他用户的精彩动态，想要分享到QQ,但是无法打开，无法进行分享。想要分享给某个好友，只能在个人主页左下角找到“发起私聊”入口，进入私聊，然后发送图片，和发送表情才可以进行分享。严重程度为紧急，是不正常退出的Bug类别。","用户进入非自己个人主页，看见其他用户的精彩动态，想要分享到QQ,但是无法打开，无法进行分享。想要分享给某个好友，只能在个人主页左下角找…",,Network/Loading,share,image_banner,load_fail,share.image_banner.load_fail,N,High,1,途牛,途牛,10010000005435,share.image_banner.load_fail,"用户进入非自己个人主页，看见其他用户的精彩动态，想要分享到QQ,但是无法打开，无法进行分享。想要分享给某个好友，只能在个人主页左下角找…",primary_clue,68,61,用户进入非自己个人主页 看见其他用户的精彩动态 想要分享到qq 但是无法打开 无法进行分享 想要分享给某个好友 只能在个人主页左下角找,1,
10010000002359,"问题描述:私聊发送同一张图片出现一张清晰一张模糊的情况
前置条件:已进入非自己主页，发起私聊
步骤:
1.通过右下方表情中珍藏发送图片a
2.通过右下方加号处发送图片a
预期结果:

2次发送图片清晰度相同
实际结果:
通过珍藏发送的图片模糊，另一张则比较清晰",问题描述:私聊发送同一张图片出现一张清晰一张模糊的情况,前置条件:已进入非自己主页，发起私聊 || 通过右下方表情中珍藏发送图片a || 通过右下方加号处发送图片a || 2次发送图片清晰度相同 || 通过珍藏发送的图片模糊，另一张则比较清晰,Functional-Social,private_chat,image_banner,other,private_chat.image_banner.other,Y,Medium,6,途牛,途牛,10010000002359,private_chat.image_banner.other,问题描述:私聊发送同一张图片出现一张清晰一张模糊的情况,primary_clue,27,26,问题描述 私聊发送同一张图片出现一张清晰一张模糊的情况,1,
10010000006087,用户已注册并登录途牛APP，点击首页右上角的对话小图标，进入私聊路径，即陌生用户A和用户B建立私聊的路径，已互相关注的用户A和用户B建立私聊的路径，查看和某个用户的私聊记录，进入私聊对话窗口，点击右上角的图片，没有反应。严重程度为严重，是用户体验较差的Bug类别。,用户已注册并登录途牛APP，点击首页右上角的对话小图标，进入私聊路径，即陌生用户A和用户B建立私聊的路径，已互相关注的用户A和用户B建…,,Functional-Account,register,button_icon,wrong_value,register.button_icon.wrong_value,N,High,1,途牛,途牛,10010000006087,register.button_icon.wrong_value,用户已注册并登录途牛APP，点击首页右上角的对话小图标，进入私聊路径，即陌生用户A和用户B建立私聊的路径，已互相关注的用户A和用户B建…,primary_clue,68,63,用户已注册并登录途牛app 点击首页右上角的对话小图标 进入私聊路径 即陌生用户a和用户b建立私聊的路径 已互相关注的用户a和用户b建,1,
10010000002188,在kikbug里启动土牛后，在“我的”界面右上角点击“专属客服”，会导致途牛非正常退出，之后会返回kikbug界面，然后再次返回途牛，界面是本该正常出现的专属客服界面。点击左上角返回，返回到kikbug界面，发现kikbug界面无法输入东西，而且显示的闪烁符也不正常。,在kikbug里启动土牛后，在“我的”界面右上角点击“专属客服”，会导致途牛非正常退出，之后会返回kikbug界面，然后再次返回途牛，…,,Input/Validation,other,page_view,cannot_input,other.page_view.cannot_input,N,High,1,途牛,途牛,10010000002188,other.page_view.cannot_input,在kikbug里启动土牛后，在“我的”界面右上角点击“专属客服”，会导致途牛非正常退出，之后会返回kikbug界面，然后再次返回途牛，…,primary_clue,68,58,在kikbug里启动土牛后 在 我的 界面右上角点击 专属客服 会导致途牛非正常退出 之后会返回kikbug界面 然后再次返回途牛,1,
10010000005760,点击当前聊天对象（用户1）的头像，进入个人信息界面，下方可以看到其他用户（用户2）（黄色头像），点击（用户2）头像，进入 ( 用户2 )个人中心界面，点击发起私聊，本应该建立与（用户2）的消息发送窗口，进入的却是之前与（用户1）的聊天窗口，详情如截图。这是功能性错误。,点击当前聊天对象（用户1）的头像，进入个人信息界面，下方可以看到其他用户（用户2）（黄色头像），点击（用户2）头像，进入 ( 用户2 …,,Functional-Social,private_chat,page_view,wrong_value,private_chat.page_view.wrong_value,N,High,1,途牛,途牛,10010000005760,private_chat.page_view.wrong_value,点击当前聊天对象（用户1）的头像，进入个人信息界面，下方可以看到其他用户（用户2）（黄色头像），点击（用户2）头像，进入 ( 用户2 …,primary_clue,68,51,点击当前聊天对象 用户1 的头像 进入个人信息界面 下方可以看到其他用户 用户2 黄色头像 点击 用户2 头像 进入 用户2,1,
10010000001792,"购买机票时，日期当天显示有价格，点击搜索显示无数据
步骤:
1.选择首页底部tab的行程玩法
2.点击右上角购物车
3.点加号选择机票
4.起点和目的地任选北京和成都
5.日期选择当天点击搜索
预期结果:
返回对应的搜索结果，结果中包含日期下对应价格的机票
实际结果:
无数据",购买机票时，日期当天显示有价格，点击搜索显示无数据,选择首页底部tab的行程玩法 || 点击右上角购物车 || 点加号选择机票 || 起点和目的地任选北京和成都 || 日期选择当天点击搜索 || 返回对应的搜索结果，结果中包含日期下对应价格的机票 || 无数据,Functional-Search,search,commerce,other,search.commerce.other,Y,Medium,8,途牛,途牛,10010000001792,search.commerce.other,购买机票时，日期当天显示有价格，点击搜索显示无数据,primary_clue,25,23,购买机票时 日期当天显示有价格 点击搜索显示无数据,1,
10010000006514,私聊页面右上角“更多”图标点进去 的投诉功能 ，当用户点击发送时，投诉发送按钮没有视觉上的变化，即点击前点击后按钮的颜色是一样的，这可能会造成用户不知道是否自己已经点击到。当用户没有输入任何内容点击发送时，应该有界面的提示，例如toast提示。否则用户会误以为是应用本身不响应。,私聊页面右上角“更多”图标点进去 的投诉功能 ，当用户点击发送时，投诉发送按钮没有视觉上的变化，即点击前点击后按钮的颜色是一样的，这可…,,Functional-Social,private_chat,button_icon,other,private_chat.button_icon.other,N,High,1,途牛,途牛,10010000006514,private_chat.button_icon.other,私聊页面右上角“更多”图标点进去 的投诉功能 ，当用户点击发送时，投诉发送按钮没有视觉上的变化，即点击前点击后按钮的颜色是一样的，这可…,primary_clue,68,59,私聊页面右上角 更多 图标点进去 的投诉功能 当用户点击发送时 投诉发送按钮没有视觉上的变化 即点击前点击后按钮的颜色是一样的 这可,1,
10010000006098,我建议在软件中添加一个搜索私聊对象的功能。 比如我就是一个爱旅游的人，家里有条件，可以让我不停地旅游，那我就要不停地请教去过不同地方的人啊，  但是人一多， 我怎么找呢， 就算我记得一个大概的名字，或者我知道备注 我也不好找啊。建议本项功能和添加备注功能一起实现，的确方便便捷。,我建议在软件中添加一个搜索私聊对象的功能。 比如我就是一个爱旅游的人，家里有条件，可以让我不停地旅游，那我就要不停地请教去过不同地方的…,,Functional-Search,search,chat,other,search.chat.other,N,High,1,途牛,途牛,10010000006098,search.chat.other,我建议在软件中添加一个搜索私聊对象的功能。 比如我就是一个爱旅游的人，家里有条件，可以让我不停地旅游，那我就要不停地请教去过不同地方的…,primary_clue,68,62,我建议在软件中添加一个搜索私聊对象的功能 比如我就是一个爱旅游的人 家里有条件 可以让我不停地旅游 那我就要不停地请教去过不同地方的,1,
10010000005348,还是之前的bug：在kikbug里启动土牛后，在“我的”界面右上角点击“专属客服”，会导致途牛非正常退出，之后会返回kikbug界面，然后再次返回途牛，界面是本该正常出现的专属客服界面。点击左上角返回，返回到kikbug界面，发现kikbug界面无法输入东西，而且显示的闪烁符也不正常。,还是之前的bug：在kikbug里启动土牛后，在“我的”界面右上角点击“专属客服”，会导致途牛非正常退出，之后会返回kikbug界面，…,,Input/Validation,other,page_view,cannot_input,other.page_view.cannot_input,N,High,1,途牛,途牛,10010000005348,other.page_view.cannot_input,还是之前的bug：在kikbug里启动土牛后，在“我的”界面右上角点击“专属客服”，会导致途牛非正常退出，之后会返回kikbug界面，…,primary_clue,68,58,还是之前的bug 在kikbug里启动土牛后 在 我的 界面右上角点击 专属客服 会导致途牛非正常退出 之后会返回kikbug界面,1,
10010000002986,未互相关注和相互关注进行私聊时，输入表情时在输入框中是以文字形式出现的，而未解析成图片表情；而且点击删除表情时是删除的字符，并不能删除一个表情；如果仅仅发送删除了一部分的表情字符串标签，则发送出去后是以字符的形式发出的；如果在输入框中输入如[微笑]类似的字符串，发送出去的是相对应的表情。,未互相关注和相互关注进行私聊时，输入表情时在输入框中是以文字形式出现的，而未解析成图片表情,而且点击删除表情时是删除的字符，并不能删除一个表情 || 如果仅仅发送删除了一部分的表情字符串标签，则发送出去后是以字符的形式发出的 || 如果在输入框中输入如[微笑]类似的字符串，发送出去的是相对应的表情。,Functional-Social,private_chat,input_box,other,private_chat.input_box.other,Y,Medium,4,途牛,途牛,10010000002986,private_chat.input_box.other,未互相关注和相互关注进行私聊时，输入表情时在输入框中是以文字形式出现的，而未解析成图片表情,primary_clue,45,43,未互相关注和相互关注进行私聊时 输入表情时在输入框中是以文字形式出现的 而未解析成图片表情,1,
10010000004128,用户进入非自己个人主页，在个人主页左下角找到“发起私聊”入口，进入私聊，发起对话。点击聊天页面文本输入框最右侧“+”按钮，“选择照片”和“拍照”功能，当选择拍照功能后，进入拍照页面，再点击“取消”，直接退出APP，不能正常使用发送图片里面的拍照功能。严重程度为严重，是不正常退出的Bug类别。,用户进入非自己个人主页，在个人主页左下角找到“发起私聊”入口，进入私聊，发起对话。点击聊天页面文本输入框最右侧“+”按钮，“选择照片”…,,Crash,private_chat,input_box,crash,private_chat.input_box.crash,N,High,1,途牛,途牛,10010000004128,private_chat.input_box.crash,用户进入非自己个人主页，在个人主页左下角找到“发起私聊”入口，进入私聊，发起对话。点击聊天页面文本输入框最右侧“+”按钮，“选择照片”…,primary_clue,68,55,用户进入非自己个人主页 在个人主页左下角找到 发起私聊 入口 进入私聊 发起对话 点击聊天页面文本输入框最右侧 按钮 选择照片,1,
10010000006840,途牛app中设置私聊的语音聊天最长为1分钟，然而在实际使用过程中到了53s的时候才提示还有多久结束，这就会造成不良的用户体验，一般要进行长时间录音的用户在一开始并不能关注到这个录音的时长限制，且在录音的时候不会一直盯着手机屏幕，这就会造成录音已经结束而用户还以为在录音的情况产生，建议更改GUI，提示录音时限。,途牛app中设置私聊的语音聊天最长为1分钟，然而在实际使用过程中到了53s的时候才提示还有多久结束，这就会造成不良的用户体验，一般要进…,,Functional-Social,private_chat,page_view,cannot_or_fail,private_chat.page_view.cannot_or_fail,N,High,1,途牛,途牛,10010000006840,private_chat.page_view.cannot_or_fail,途牛app中设置私聊的语音聊天最长为1分钟，然而在实际使用过程中到了53s的时候才提示还有多久结束，这就会造成不良的用户体验，一般要进…,primary_clue,68,64,途牛app中设置私聊的语音聊天最长为1分钟 然而在实际使用过程中到了53s的时候才提示还有多久结束 这就会造成不良的用户体验 一般要进,1,
10010000006983,用户已注册并登录途牛APP，点击首页右上角的对话小图标，进入私聊路径，即陌生用户A和用户B建立私聊的路径，已互相关注的用户A和用户B建立私聊的路径。当进行和其他陌生用户或者已互相关注的用户私聊对话框进行切换之间，反应较慢，无法快速的进行切换。性能不太好，需要进行性能的提升。严重程度为严重，是性能较差的Bug类别。,用户已注册并登录途牛APP，点击首页右上角的对话小图标，进入私聊路径，即陌生用户A和用户B建立私聊的路径，已互相关注的用户A和用户B建…,,Functional-Account,register,button_icon,cannot_or_fail,register.button_icon.cannot_or_fail,N,High,1,途牛,途牛,10010000006983,register.button_icon.cannot_or_fail,用户已注册并登录途牛APP，点击首页右上角的对话小图标，进入私聊路径，即陌生用户A和用户B建立私聊的路径，已互相关注的用户A和用户B建…,primary_clue,68,63,用户已注册并登录途牛app 点击首页右上角的对话小图标 进入私聊路径 即陌生用户a和用户b建立私聊的路径 已互相关注的用户a和用户b建,1,
10010000004990,当刚进行注册、登录的新用户对APP布局功能还不是很清楚，想要和人进行聊天时，点开首页右上角的对话小图标，在没有和用户聊过天时，聊天一栏是空白的，没有提示。可以加一个“推荐人气用户”、“同城聊天”等推送好友，或者引导好友去广场“非自己个人主页”去找用户。给用户以引导。会提升用户体验。严重程度为严重，是用户体验较差的Bug类别。,当刚进行注册、登录的新用户对APP布局功能还不是很清楚，想要和人进行聊天时，点开首页右上角的对话小图标，在没有和用户聊过天时，聊天一栏…,,Functional-Account,register,button_icon,layout_issue,register.button_icon.layout_issue,N,High,1,途牛,途牛,10010000004990,register.button_icon.layout_issue,当刚进行注册、登录的新用户对APP布局功能还不是很清楚，想要和人进行聊天时，点开首页右上角的对话小图标，在没有和用户聊过天时，聊天一栏…,primary_clue,68,62,当刚进行注册 登录的新用户对app布局功能还不是很清楚 想要和人进行聊天时 点开首页右上角的对话小图标 在没有和用户聊过天时 聊天一栏,1,
10010000002371,在未登陆途牛的情况下，进入其他用户的主页，选择发起私聊，选择动态密码登陆，填入一个未注册的手机号，然后进入注册界面，填写手机号并注册，回到之前的途牛提示登陆页面，用户使用手机号登陆之后，再次点击发起私聊，应用卡住两三秒，在这两三秒时间内用户不能对途牛进行其他操作，过了两三秒之后没有进入私聊界面，用户再次点击发起私聊BUG复现。,在未登陆途牛的情况下，进入其他用户的主页，选择发起私聊，选择动态密码登陆，填入一个未注册的手机号，然后进入注册界面，填写手机号并注册，…,,Functional-Account,register,page_view,cannot_or_fail,register.page_view.cannot_or_fail,N,High,1,途牛,途牛,10010000002371,register.page_view.cannot_or_fail,在未登陆途牛的情况下，进入其他用户的主页，选择发起私聊，选择动态密码登陆，填入一个未注册的手机号，然后进入注册界面，填写手机号并注册，…,primary_clue,68,60,在未登陆途牛的情况下 进入其他用户的主页 选择发起私聊 选择动态密码登陆 填入一个未注册的手机号 然后进入注册界面 填写手机号并注册,1,
10010000005654,选择私聊，选择聊天，点击在线客服，点击文本编辑框左侧的图标时，在线客服会发送相关选项，但此时已经点了文本编辑框左侧的图标，此时文本编辑框里不能输入文字，而且聊天界面没有返回按钮，只能按Android机的返回键，直接返回到聊天列表，需要重新发起列表，一般情况下，新用户在使用时不知道编辑框左侧按钮功能，点错的话只能用手机返回键，很麻烦。,选择私聊，选择聊天，点击在线客服，点击文本编辑框左侧的图标时，在线客服会发送相关选项，但此时已经点了文本编辑框左侧的图标，此时文本编辑…,,Functional-Social,private_chat,button_icon,cannot_input,private_chat.button_icon.cannot_input,N,High,1,途牛,途牛,10010000005654,private_chat.button_icon.cannot_input,选择私聊，选择聊天，点击在线客服，点击文本编辑框左侧的图标时，在线客服会发送相关选项，但此时已经点了文本编辑框左侧的图标，此时文本编辑…,primary_clue,68,61,选择私聊 选择聊天 点击在线客服 点击文本编辑框左侧的图标时 在线客服会发送相关选项 但此时已经点了文本编辑框左侧的图标 此时文本编辑,1,
10010000003828,用户进入非自己个人主页，在个人主页左下角找到“发起私聊”入口，进入私聊，发起对话。点击聊天页面文本输入框最右侧“+”按钮，“选择照片”和“拍照”功能，当选择拍照功能后，进入拍照页面，再点击“取消”，APP出现空白停顿，并异常退出，没有返回到聊天窗口，而是返回到私聊总路径，自动显示通知这一界面。严重程度为紧急，是不正常退出的Bug类别。,用户进入非自己个人主页，在个人主页左下角找到“发起私聊”入口，进入私聊，发起对话。点击聊天页面文本输入框最右侧“+”按钮，“选择照片”…,,Functional-Social,private_chat,input_box,other,private_chat.input_box.other,N,High,1,途牛,途牛,10010000003828,private_chat.input_box.other,用户进入非自己个人主页，在个人主页左下角找到“发起私聊”入口，进入私聊，发起对话。点击聊天页面文本输入框最右侧“+”按钮，“选择照片”…,primary_clue,68,55,用户进入非自己个人主页 在个人主页左下角找到 发起私聊 入口 进入私聊 发起对话 点击聊天页面文本输入框最右侧 按钮 选择照片,1,
10010000003085,"问题描述:私聊设置中的投诉该用户先输入空格直到不能输入，点击发送失败
前置条件:已进入私聊界面
步骤:
1.点击右上角设置
2.点击投诉该用户
3.投诉内容处输入空格直到无法输入空格，再输入其他字母
4.点击发送
预期结果:
空格输入有一定限制，且空格无法输入后可输入其他字符
实际结果:
空格输入到无法输入后，无法输入其他字符，投球失败",问题描述:私聊设置中的投诉该用户先输入空格直到不能输入，点击发送失败,前置条件:已进入私聊界面 || 点击右上角设置 || 点击投诉该用户 || 投诉内容处输入空格直到无法输入空格，再输入其他字母 || 点击发送 || 空格输入有一定限制，且空格无法输入后可输入其他字符 || 空格输入到无法输入后，无法…,Functional-Social,private_chat,page_view,cannot_input,private_chat.page_view.cannot_input,Y,Medium,8,途牛,途牛,10010000003085,private_chat.page_view.cannot_input,问题描述:私聊设置中的投诉该用户先输入空格直到不能输入，点击发送失败,primary_clue,34,32,问题描述 私聊设置中的投诉该用户先输入空格直到不能输入 点击发送失败,1,
10010000005160,用户打完要发送的话后，点击回车键无法换行，必须要点击屏幕上的回车键符号才能发送，这是一个不方便的问题，尤其是对弈使用安卓模拟器的客户。客户在键盘上敲击完之后，敲击回车无反应，还必须使用鼠标点击发送才可以；手机端也是，打完字后，点击回车键无法发送，必须手指移动到屏幕上回车符号的地方才发送。稍稍有些麻烦，可以参考淘宝聊天界面，回车键就是发送。,用户打完要发送的话后，点击回车键无法换行，必须要点击屏幕上的回车键符号才能发送，这是一个不方便的问题，尤其是对弈使用安卓模拟器的客户。…,手机端也是，打完字后，点击回车键无法发送，必须手指移动到屏幕上回车符号的地方才发送。稍稍有些麻烦，可以参考淘宝聊天界面，回车键就是发送。,Input/Validation,message_send,input_box,cannot_or_fail,message_send.input_box.cannot_or_fail,Y,Medium,2,途牛,途牛,10010000005160,message_send.input_box.cannot_or_fail,用户打完要发送的话后，点击回车键无法换行，必须要点击屏幕上的回车键符号才能发送，这是一个不方便的问题，尤其是对弈使用安卓模拟器的客户。…,primary_clue,68,62,用户打完要发送的话后 点击回车键无法换行 必须要点击屏幕上的回车键符号才能发送 这是一个不方便的问题 尤其是对弈使用安卓模拟器的客户,1,
10010000007041,用户已注册并登录途牛APP，点击首页右上角的对话小图标，进入私聊路径，即陌生用户A和用户B建立私聊的路径，已互相关注的用户A和用户B建立私聊的路径。如果和用户进行私聊，对话中出现银行卡账号、密码等信息时，此时途牛APP无提示，应该有提醒“用户核实对方身份，不要轻易泄露银行卡等信息”，提高系统的安全性能。严重程度为紧急，是安全性较差的Bug类别。,用户已注册并登录途牛APP，点击首页右上角的对话小图标，进入私聊路径，即陌生用户A和用户B建立私聊的路径，已互相关注的用户A和用户B建…,,Functional-Account,register,button_icon,no_prompt,register.button_icon.no_prompt,N,High,1,途牛,途牛,10010000007041,register.button_icon.no_prompt,用户已注册并登录途牛APP，点击首页右上角的对话小图标，进入私聊路径，即陌生用户A和用户B建立私聊的路径，已互相关注的用户A和用户B建…,primary_clue,68,63,用户已注册并登录途牛app 点击首页右上角的对话小图标 进入私聊路径 即陌生用户a和用户b建立私聊的路径 已互相关注的用户a和用户b建,1,
10010000004853,"缺陷名称：互相关注好友语音发送失败。
模块：用户私聊。
操作步骤：选择两位相互关注好友进行发送语音。
期望结果：成功发送语音，好友成功接收。
实际结果：语音发送失败，好友无法接收。失败后重新发送仍失败。
说明分析：客户端连接账号至网络失败，使得用户私聊发送语音时还未连接至互联网，导致语音发送失败。重新发送后仍未将用户账号重新连接至互联网，因此仍为发送失败。",缺陷名称：互相关注好友语音发送失败。,模块：用户私聊。 || 操作步骤：选择两位相互关注好友进行发送语音。 || 期望结果：成功发送语音，好友成功接收。 || 实际结果：语音发送失败，好友无法接收。失败后重新发送仍失败。 || 说明分析：客户端连接账号至网络失败，使得用户…,Functional-Social,message_send,chat,cannot_send,message_send.chat.cannot_send,Y,Medium,6,途牛,途牛,10010000004853,message_send.chat.cannot_send,缺陷名称：互相关注好友语音发送失败。,primary_clue,18,16,缺陷名称 互相关注好友语音发送失败,1,
10010000005493,用户此时已注册并登陆途牛APP，用户点击右上角的对话小图标，对话列表有陌生用户A和用户B建立私聊的对话框，有已互相关注的用户A和用户B建立私聊的对话框。查看私聊记录进入私聊路径，倘若聊天窗口太多，想要清除不重要的私聊对话框，长按才可以清除对话框，可以加个功能是选中某个私聊对话，左滑即可删除聊天记录。这样便于操作一点。严重程度为严重，是功能不完整的Bug类别。,用户此时已注册并登陆途牛APP，用户点击右上角的对话小图标，对话列表有陌生用户A和用户B建立私聊的对话框，有已互相关注的用户A和用户B…,,Functional-Account,register,button_icon,wrong_value,register.button_icon.wrong_value,N,High,1,途牛,途牛,10010000005493,register.button_icon.wrong_value,用户此时已注册并登陆途牛APP，用户点击右上角的对话小图标，对话列表有陌生用户A和用户B建立私聊的对话框，有已互相关注的用户A和用户B…,primary_clue,68,64,用户此时已注册并登陆途牛app 用户点击右上角的对话小图标 对话列表有陌生用户a和用户b建立私聊的对话框 有已互相关注的用户a和用户b,1,
10010000005660,"1、预期情况下，用户2为被投诉用户，即在该系统中为禁言用户，其应该只能接收被人发送的消息，而不能发送给被人消息。
2、实际情况下，用户1向用户2（被投诉用户）发送时，用户2（被投诉用户）接收不到消息，而用户2（被投诉用户）向用户1发送时，用户1却能收到。
如图1是用户1手机上的与用户2的聊天记录，可以看到用户1可以接收并发送信息，但是用户2却只能发送，不能接收。",预期情况下，用户2为被投诉用户，即在该系统中为禁言用户，其应该只能接收被人发送的消息，而不能发送给被人消息。,实际情况下，用户1向用户2（被投诉用户）发送时，用户2（被投诉用户）接收不到消息，而用户2（被投诉用户）向用户1发送时，用户1却能收到。 || 如图1是用户1手机上的与用户2的聊天记录，可以看到用户1可以接收并发送信息，但是用户2却只…,Functional-Social,message_send,chat,cannot_send,message_send.chat.cannot_send,Y,Medium,3,途牛,途牛,10010000005660,message_send.chat.cannot_send,预期情况下，用户2为被投诉用户，即在该系统中为禁言用户，其应该只能接收被人发送的消息，而不能发送给被人消息。,primary_clue,54,49,预期情况下 用户2为被投诉用户 即在该系统中为禁言用户 其应该只能接收被人发送的消息 而不能发送给被人消息,1,
10010000004618,进入非自己个人主页，在个人主页左下角找到“发起私聊”入口，进入私聊。其他用户可以看见个人所发的所有动态，在发送动态时没有权限限制，而且用户可以和任何非自己用户聊天，容易受到骚扰，以及垃圾用户发送各种广告、语音、文字、图片的干扰。所以应该设置一项功能为：用户可以选择是否接受陌生用户的信息。认识的人可以先互相关注之后，再建立私聊，发消息。严重程度为紧急，是功能不完整的Bug类别。,进入非自己个人主页，在个人主页左下角找到“发起私聊”入口，进入私聊。其他用户可以看见个人所发的所有动态，在发送动态时没有权限限制，而且…,,Functional-Social,private_chat,page_view,permission,private_chat.page_view.permission,N,High,1,途牛,途牛,10010000004618,private_chat.page_view.permission,进入非自己个人主页，在个人主页左下角找到“发起私聊”入口，进入私聊。其他用户可以看见个人所发的所有动态，在发送动态时没有权限限制，而且…,primary_clue,68,60,进入非自己个人主页 在个人主页左下角找到 发起私聊 入口 进入私聊 其他用户可以看见个人所发的所有动态 在发送动态时没有权限限制 而且,1,
10010000006996,用户已注册并登录途牛APP，点击首页右上角的对话小图标，进入私聊路径，即陌生用户A和用户B建立私聊的路径，已互相关注的用户A和用户B建立私聊的路径。给对方发送图片，没有WiFi 的情况下，只用流量的时候，发送图的大小，占用的内存空间和使用wifi的情况下是一样的，此处应该进行转换，如果使用流量，则发送图片占用空间会小一些，提示对方用户自动下载。严重程度为一般，是性能较差的Bug类别。,用户已注册并登录途牛APP，点击首页右上角的对话小图标，进入私聊路径，即陌生用户A和用户B建立私聊的路径，已互相关注的用户A和用户B建…,,Functional-Account,register,button_icon,other,register.button_icon.other,N,High,1,途牛,途牛,10010000006996,register.button_icon.other,用户已注册并登录途牛APP，点击首页右上角的对话小图标，进入私聊路径，即陌生用户A和用户B建立私聊的路径，已互相关注的用户A和用户B建…,primary_clue,68,63,用户已注册并登录途牛app 点击首页右上角的对话小图标 进入私聊路径 即陌生用户a和用户b建立私聊的路径 已互相关注的用户a和用户b建,1,
10010000004298,用户非自己个人主页，在个人主页左下角找到“发起私聊”入口，进入私聊，发起对话。点击聊天页面输入框左侧 “语音输入”图标，进入语音输入界面，发送语音内容。点击聊天页面文本输入框，弹出键盘，输入文本信息，点击“发送”，发送文字描述。但是长按文字描述或者发送的语音内容，只有“删除”和“取消”两个选项，如果用户发送错了信息，无法撤回，所以可以添加一个撤回的功能。严重程度为一般，是功能不完整的Bug类别。,用户非自己个人主页，在个人主页左下角找到“发起私聊”入口，进入私聊，发起对话。点击聊天页面输入框左侧 “语音输入”图标，进入语音输入界…,,Functional-Social,private_chat,input_box,cannot_or_fail,private_chat.input_box.cannot_or_fail,N,High,1,途牛,途牛,10010000004298,private_chat.input_box.cannot_or_fail,用户非自己个人主页，在个人主页左下角找到“发起私聊”入口，进入私聊，发起对话。点击聊天页面输入框左侧 “语音输入”图标，进入语音输入界…,primary_clue,68,57,用户非自己个人主页 在个人主页左下角找到 发起私聊 入口 进入私聊 发起对话 点击聊天页面输入框左侧 语音输入 图标 进入语音输入界,1,
10010000005557,"缺陷名称：与仅关注好友私聊非文字信息发送失败。
模块：用户私聊。
操作步骤：选择一位仅关注好友进行私聊。发送图片、表情、语音、文字信息。
期望结果：成功发送信息，好友成功接收。
实际结果：非文字信息发送失败，好友无法接收。失败后重新发送仍失败。
说明分析：客户端连接账号至网络失败，使得用户私聊发送信息时还未连接至互联网，导致信息发送失败。重新发送后仍未将用户账号重新连接至互联网，因此仍为发送失败。",缺陷名称：与仅关注好友私聊非文字信息发送失败。,模块：用户私聊。 || 操作步骤：选择一位仅关注好友进行私聊。发送图片、表情、语音、文字信息。 || 期望结果：成功发送信息，好友成功接收。 || 实际结果：非文字信息发送失败，好友无法接收。失败后重新发送仍失败。 || 说明分析：客…,Functional-Social,private_chat,chat,cannot_send,private_chat.chat.cannot_send,Y,Medium,6,途牛,途牛,10010000005557,private_chat.chat.cannot_send,缺陷名称：与仅关注好友私聊非文字信息发送失败。,primary_clue,23,21,缺陷名称 与仅关注好友私聊非文字信息发送失败,1,
10010000005520,出去旅游做一个合理的旅游攻略肯定是非常必要的。 所以和已经去过的人取取经就显得很明智，但是这不是一个快速便捷的过程，我们需要和私聊对方了解许多信息。 那么问题来了 。 查看以前的数据我们不能一点点向上翻吧， 最好有一个能对聊天记录检索的功能，但是设置私聊里面没有这个功能。我觉得可以加上两个检索方式: 1、根据时间检索，我能明确找到前天的 或者 昨天聊天的内容。 2、根据聊天内容进行检索，提到的位置，交通都很快能检索到。,出去旅游做一个合理的旅游攻略肯定是非常必要的。 所以和已经去过的人取取经就显得很明智，但是这不是一个快速便捷的过程，我们需要和私聊对方…,,Functional-Social,private_chat,page_view,wrong_value,private_chat.page_view.wrong_value,N,High,1,途牛,途牛,10010000005520,private_chat.page_view.wrong_value,出去旅游做一个合理的旅游攻略肯定是非常必要的。 所以和已经去过的人取取经就显得很明智，但是这不是一个快速便捷的过程，我们需要和私聊对方…,primary_clue,68,63,出去旅游做一个合理的旅游攻略肯定是非常必要的 所以和已经去过的人取取经就显得很明智 但是这不是一个快速便捷的过程 我们需要和私聊对方,1,
10010000006945,当进入途牛旅行APP，进入非自己个人主页，在个人主页左下角找到“发起私聊”入口，进入私聊后，点击聊天页面输入框左侧 “语音输入”图标，进入语音输入界面，可正常发送语音内容， 点击聊天页面文本输入框，弹出键盘，输入文本信息，添加文字描述，可以正常点击“发送”。点击聊天页面文本输入框右侧“表情”按钮，选择表情，可以正常点击 “发送”表情。但是聊天表情太少，希望可以设置用户可以自动添加表情。严重程度较轻，是用户体验较差的Bug类别。,当进入途牛旅行APP，进入非自己个人主页，在个人主页左下角找到“发起私聊”入口，进入私聊后，点击聊天页面输入框左侧 “语音输入”图标，…,,Functional-Social,private_chat,input_box,other,private_chat.input_box.other,N,High,1,途牛,途牛,10010000006945,private_chat.input_box.other,当进入途牛旅行APP，进入非自己个人主页，在个人主页左下角找到“发起私聊”入口，进入私聊后，点击聊天页面输入框左侧 “语音输入”图标，…,primary_clue,68,57,当进入途牛旅行app 进入非自己个人主页 在个人主页左下角找到 发起私聊 入口 进入私聊后 点击聊天页面输入框左侧 语音输入 图标,1,
10010000004849,"压力测试，在私聊时，发送超大文本字符（测试用例：372320 个字符）出现途牛无响应，出现连锁错误。
1.系统提示途牛无响应，等待或退出。
2.如果第一步点击等待，系统等待超过两分钟，然后聊天记录全部清空，后续会继续出现途牛无响应。
3.如果第一步点击退出，系统退出后，继续出现途牛无异常。如果继续等待，聊天记录为空，等待加载出来继续弹出途牛无反应。
（以后的任何操作都会出现此提示，系统整体性能卡死，我的一台机子就这么废了- - ）",压力测试，在私聊时，发送超大文本字符（测试用例：372320 个字符）出现途牛无响应，出现连锁错误。,系统提示途牛无响应，等待或退出。 || 如果第一步点击等待，系统等待超过两分钟，然后聊天记录全部清空，后续会继续出现途牛无响应。 || 如果第一步点击退出，系统退出后，继续出现途牛无异常。如果继续等待，聊天记录为空，等待加载出来继续弹…,Performance/Freeze,private_chat,chat,freeze,private_chat.chat.freeze,Y,Medium,5,途牛,途牛,10010000004849,private_chat.chat.freeze,压力测试，在私聊时，发送超大文本字符（测试用例：372320 个字符）出现途牛无响应，出现连锁错误。,primary_clue,50,42,压力测试 在私聊时 发送超大文本字符 测试用例 372320 个字符 出现途牛无响应 出现连锁错误,1,
10010000004257,安装途牛9.0.0版本后，进去聊天界面进行沟通。在聊天的时候发现问题：第一，如果在输入多个表情时出现输入错误，修改其中一个的时候会有点麻烦，不容易确定光标的位置！第二，途牛表情包不够形象。有些头像与文字描述不相符！第三，不能撤回。如果出现表情或文字发送错误或者后悔所发内容，想撤回却不能！第四，考虑到文明形象。没能具体测试脏话的处理功能！如果没有，希望能做一个脏话处理功能！第五，没有快捷短语功能。根据客户经常用的问答做一个快捷短语功能！,安装途牛9.0.0版本后，进去聊天界面进行沟通。在聊天的时候发现问题：第一，如果在输入多个表情时出现输入错误，修改其中一个的时候会有点…,,Functional-Social,message_send,page_view,wrong_value,message_send.page_view.wrong_value,N,High,1,途牛,途牛,10010000004257,message_send.page_view.wrong_value,安装途牛9.0.0版本后，进去聊天界面进行沟通。在聊天的时候发现问题：第一，如果在输入多个表情时出现输入错误，修改其中一个的时候会有点…,primary_clue,68,60,安装途牛9 0 0版本后 进去聊天界面进行沟通 在聊天的时候发现问题 第一 如果在输入多个表情时出现输入错误 修改其中一个的时候会有点,1,
10010000004154,"1、自己关注的所有用户，在联系人中无法查看，联系人中只提供了群聊和最近联系人，只能查看最近联系人的聊天记录，以及向最近联系人发起聊天，无法向其他关注用户发起聊天；
2、在个人主页，查看全部关注，只能看到全部关注的用户，但无法直接发起聊天！
总之，如果关注了某一用户，但又没有向该用户发起聊天，之后在联系人中无法查看且无法发起聊天，在关注里面只能查看但无法直接发起聊天，而是必须进入该用户主页(必须点击图像，点击用户所在那行无法进入主页)然后发起私聊！",自己关注的所有用户，在联系人中无法查看，联系人中只提供了群聊和最近联系人，只能查看最近联系人的聊天记录，以及向最近联系人发起聊天，无法…,在个人主页，查看全部关注，只能看到全部关注的用户，但无法直接发起聊天！ || 总之，如果关注了某一用户，但又没有向该用户发起聊天，之后在联系人中无法查看且无法发起聊天，在关注里面只能查看但无法直接发起聊天，而是必须进入该用户主页(必须…,Functional-Social,groupchat,list_item,cannot_or_fail,groupchat.list_item.cannot_or_fail,Y,Medium,3,途牛,途牛,10010000004154,groupchat.list_item.cannot_or_fail,自己关注的所有用户，在联系人中无法查看，联系人中只提供了群聊和最近联系人，只能查看最近联系人的聊天记录，以及向最近联系人发起聊天，无法…,primary_clue,68,62,自己关注的所有用户 在联系人中无法查看 联系人中只提供了群聊和最近联系人 只能查看最近联系人的聊天记录 以及向最近联系人发起聊天 无法,1,
10010000006860,用户已注册并登录途牛APP，点击首页右上角的对话小图标，进入私聊路径，即陌生用户A和用户B建立私聊的路径，已互相关注的用户A和用户B建立私聊的路径，查看和某个用户的私聊记录，点击通知，如果一开始用户并没有和其他用户进行私聊，在通知里面出来好多对话框，虽然是有用户的服务，但是乍一看类似于广告，使得用户不想点开去看。界面比较繁琐，看起来是很多无用的东西，所以建议可以做成类似微信公众号，把一些服务整合到一起，使得整个界面很美观简洁。严重程度为严重，是页面布局缺陷的Bug类别。,用户已注册并登录途牛APP，点击首页右上角的对话小图标，进入私聊路径，即陌生用户A和用户B建立私聊的路径，已互相关注的用户A和用户B建…,,Functional-Account,register,button_icon,layout_issue,register.button_icon.layout_issue,N,High,1,途牛,途牛,10010000006860,register.button_icon.layout_issue,用户已注册并登录途牛APP，点击首页右上角的对话小图标，进入私聊路径，即陌生用户A和用户B建立私聊的路径，已互相关注的用户A和用户B建…,primary_clue,68,63,用户已注册并登录途牛app 点击首页右上角的对话小图标 进入私聊路径 即陌生用户a和用户b建立私聊的路径 已互相关注的用户a和用户b建,1,
10010000011428,分享到未安装社交平台时会白屏无效,分享到未安装社交平台时会白屏无效,,Network/Loading,share,share_panel,load_fail,share.share_panel.load_fail,N,High,1,Slife,Slife,10010000011428,share.share_panel.load_fail,分享到未安装社交平台时会白屏无效,primary_clue,16,16,分享到未安装社交平台时会白屏无效,1,
10010000010711,不能将时间轴向上下拉查看历史活动,不能将时间轴向上下拉查看历史活动,,Other,other,step,cannot_or_fail,other.step.cannot_or_fail,N,Medium,1,Slife,Slife,10010000010711,other.step.cannot_or_fail,不能将时间轴向上下拉查看历史活动,primary_clue,16,16,不能将时间轴向上下拉查看历史活动,1,
10010000010426,无法将运动结果分享到微信的好友圈,无法将运动结果分享到微信的好友圈,,Functional-Share,share,chat,cannot_or_fail,share.chat.cannot_or_fail,N,High,1,Slife,Slife,10010000010426,share.chat.cannot_or_fail,无法将运动结果分享到微信的好友圈,primary_clue,16,16,无法将运动结果分享到微信的好友圈,1,
10010000010834,运动的时间与系统累计的时间不相符,运动的时间与系统累计的时间不相符,,Functional-Tracking,run_walk,step,other,run_walk.step.other,N,High,1,Slife,Slife,10010000010834,run_walk.step.other,运动的时间与系统累计的时间不相符,primary_clue,16,16,运动的时间与系统累计的时间不相符,1,
10010000011422,用户不能修改自己的头像和修改昵称,用户不能修改自己的头像和修改昵称,,Other,other,other,cannot_or_fail,other.other.cannot_or_fail,N,Medium,1,Slife,Slife,10010000011422,other.other.cannot_or_fail,用户不能修改自己的头像和修改昵称,primary_clue,16,16,用户不能修改自己的头像和修改昵称,1,
10010000007494,用户注册界面没有良好的注册提示信息,用户注册界面没有良好的注册提示信息,,Functional-Account,register,page_view,other,register.page_view.other,N,High,1,Slife,Slife,10010000007494,register.page_view.other,用户注册界面没有良好的注册提示信息,primary_clue,17,17,用户注册界面没有良好的注册提示信息,1,
10010000010042,与描述不符无法进行左右滑动查看历史,与描述不符无法进行左右滑动查看历史,,Other,other,other,cannot_or_fail,other.other.cannot_or_fail,N,Medium,1,Slife,Slife,10010000010042,other.other.cannot_or_fail,与描述不符无法进行左右滑动查看历史,primary_clue,17,17,与描述不符无法进行左右滑动查看历史,1,
10010000011559,没有开启省电模式，时间轴显示有错误,没有开启省电模式，时间轴显示有错误,,Other,other,step,wrong_value,other.step.wrong_value,N,High,1,Slife,Slife,10010000011559,other.step.wrong_value,没有开启省电模式，时间轴显示有错误,primary_clue,17,16,没有开启省电模式 时间轴显示有错误,1,
10010000010477,分享到朋友圈功能失效，提示发送失败,分享到朋友圈功能失效，提示发送失败,,Functional-Share,share,share_panel,wrong_value,share.share_panel.wrong_value,N,High,1,Slife,Slife,10010000010477,share.share_panel.wrong_value,分享到朋友圈功能失效，提示发送失败,primary_clue,17,16,分享到朋友圈功能失效 提示发送失败,1,
10010000010630,设置个人信息的体重不能低于30千克,设置个人信息的体重不能低于30千克,,Other,settings,page_view,cannot_or_fail,settings.page_view.cannot_or_fail,N,Medium,1,Slife,Slife,10010000010630,settings.page_view.cannot_or_fail,设置个人信息的体重不能低于30千克,primary_clue,17,17,设置个人信息的体重不能低于30千克,1,
10010000011663,用户反馈只能发送文字，不能发送图片,用户反馈只能发送文字，不能发送图片,,UI/Display,message_send,image_banner,cannot_send,message_send.image_banner.cannot_send,N,High,1,Slife,Slife,10010000011663,message_send.image_banner.cannot_send,用户反馈只能发送文字，不能发送图片,primary_clue,17,16,用户反馈只能发送文字 不能发送图片,1,
10010000011561,将运动结果无法通过手机分享到微博上,将运动结果无法通过手机分享到微博上,,Functional-Share,share,share_panel,cannot_or_fail,share.share_panel.cannot_or_fail,N,High,1,Slife,Slife,10010000011561,share.share_panel.cannot_or_fail,将运动结果无法通过手机分享到微博上,primary_clue,17,17,将运动结果无法通过手机分享到微博上,1,
10010000009927,即使不登录账号也可以进行设置运动目标,即使不登录账号也可以进行设置运动目标,,Functional-Account,login,page_view,other,login.page_view.other,N,High,1,Slife,Slife,10010000009927,login.page_view.other,即使不登录账号也可以进行设置运动目标,primary_clue,18,18,即使不登录账号也可以进行设置运动目标,1,
10010000010289,设定目标没有用户自己填写目标的文本框,设定目标没有用户自己填写目标的文本框,,Input/Validation,settings,input_box,other,settings.input_box.other,N,High,1,Slife,Slife,10010000010289,settings.input_box.other,设定目标没有用户自己填写目标的文本框,primary_clue,18,18,设定目标没有用户自己填写目标的文本框,1,
10010000011143,添加好友没有搜索按钮，用户体验非常差,添加好友没有搜索按钮，用户体验非常差,,Functional-Search,search,button_icon,other,search.button_icon.other,N,High,1,Slife,Slife,10010000011143,search.button_icon.other,添加好友没有搜索按钮，用户体验非常差,primary_clue,18,17,添加好友没有搜索按钮 用户体验非常差,1,
10010000010194,添加好友的搜索不能用，添加好友不成功,添加好友的搜索不能用，添加好友不成功,,Functional-Search,search,chat,cannot_or_fail,search.chat.cannot_or_fail,N,High,1,Slife,Slife,10010000010194,search.chat.cannot_or_fail,添加好友的搜索不能用，添加好友不成功,primary_clue,18,17,添加好友的搜索不能用 添加好友不成功,1,
10010000010227,安装时，发现应用有修改系统设置的权限,安装时，发现应用有修改系统设置的权限,,Other,settings,page_view,permission,settings.page_view.permission,N,High,1,Slife,Slife,10010000010227,settings.page_view.permission,安装时，发现应用有修改系统设置的权限,primary_clue,18,17,安装时 发现应用有修改系统设置的权限,1,
10010000010218,没有修改用户名的选项，无法修改用户名,没有修改用户名的选项，无法修改用户名,,Other,other,other,cannot_or_fail,other.other.cannot_or_fail,N,Medium,1,Slife,Slife,10010000010218,other.other.cannot_or_fail,没有修改用户名的选项，无法修改用户名,primary_clue,18,17,没有修改用户名的选项 无法修改用户名,1,
10010000010643,设置个人信息的体重不能高于200千克,设置个人信息的体重不能高于200千克,,Other,settings,page_view,cannot_or_fail,settings.page_view.cannot_or_fail,N,Medium,1,Slife,Slife,10010000010643,settings.page_view.cannot_or_fail,设置个人信息的体重不能高于200千克,primary_clue,18,18,设置个人信息的体重不能高于200千克,1,
10010000007425,无法增加每日卡路里，点击没有任何反应！,无法增加每日卡路里，点击没有任何反应！,,Functional-Tracking,other,step,cannot_or_fail,other.step.cannot_or_fail,N,High,1,Slife,Slife,10010000007425,other.step.cannot_or_fail,无法增加每日卡路里，点击没有任何反应！,primary_clue,19,17,无法增加每日卡路里 点击没有任何反应,1,
10010000007428,登录注册画面，输入框和顶部有一段距离。,登录注册画面，输入框和顶部有一段距离。,,Functional-Account,register,input_box,other,register.input_box.other,N,High,1,Slife,Slife,10010000007428,register.input_box.other,登录注册画面，输入框和顶部有一段距离。,primary_clue,19,17,登录注册画面 输入框和顶部有一段距离,1,
10010000011442,首页步数显示上下不符，但卡路里却一致。,首页步数显示上下不符，但卡路里却一致。,,Functional-Tracking,step_count,page_view,other,step_count.page_view.other,N,High,1,Slife,Slife,10010000011442,step_count.page_view.other,首页步数显示上下不符，但卡路里却一致。,primary_clue,19,17,首页步数显示上下不符 但卡路里却一致,1,
10010000011456,当将运动数据分享到微博时，不能成功发送,当将运动数据分享到微博时，不能成功发送,,Functional-Share,share,share_panel,cannot_or_fail,share.share_panel.cannot_or_fail,N,High,1,Slife,Slife,10010000011456,share.share_panel.cannot_or_fail,当将运动数据分享到微博时，不能成功发送,primary_clue,19,18,当将运动数据分享到微博时 不能成功发送,1,
10010000010144,在我停止运动的时候，运动时间依旧在计时,在我停止运动的时候，运动时间依旧在计时,,Functional-Tracking,run_walk,step,other,run_walk.step.other,N,High,1,Slife,Slife,10010000010144,run_walk.step.other,在我停止运动的时候，运动时间依旧在计时,primary_clue,19,18,在我停止运动的时候 运动时间依旧在计时,1,
10010000010311,记得步数在走的过程中不能及时的加载出来,记得步数在走的过程中不能及时的加载出来,,Functional-Tracking,step_count,step,cannot_or_fail,step_count.step.cannot_or_fail,N,High,1,Slife,Slife,10010000010311,step_count.step.cannot_or_fail,记得步数在走的过程中不能及时的加载出来,primary_clue,19,19,记得步数在走的过程中不能及时的加载出来,1,
10010000011457,将地图进行分享到朋友圈时，不能正常分享,将地图进行分享到朋友圈时，不能正常分享,,Functional-Share,share,share_panel,cannot_or_fail,share.share_panel.cannot_or_fail,N,High,1,Slife,Slife,10010000011457,share.share_panel.cannot_or_fail,将地图进行分享到朋友圈时，不能正常分享,primary_clue,19,18,将地图进行分享到朋友圈时 不能正常分享,1,
10010000011274,当将运动数据分享给朋友圈时，显示发送失败,当将运动数据分享给朋友圈时，显示发送失败,,Functional-Share,share,share_panel,cannot_send,share.share_panel.cannot_send,N,High,1,Slife,Slife,10010000011274,share.share_panel.cannot_send,当将运动数据分享给朋友圈时，显示发送失败,primary_clue,20,19,当将运动数据分享给朋友圈时 显示发送失败,1,
10010000011660,在设定目标中，体重选择不能超过200kg,在设定目标中，体重选择不能超过200kg,,Other,settings,other,cannot_or_fail,settings.other.cannot_or_fail,N,Medium,1,Slife,Slife,10010000011660,settings.other.cannot_or_fail,在设定目标中，体重选择不能超过200kg,primary_clue,20,19,在设定目标中 体重选择不能超过200kg,1,
10010000010161,在没有网络没有GPS的情况下，可以计步。,在没有网络没有GPS的情况下，可以计步。,,Functional-Tracking,step_count,gps,other,step_count.gps.other,N,High,1,Slife,Slife,10010000010161,step_count.gps.other,在没有网络没有GPS的情况下，可以计步。,primary_clue,20,18,在没有网络没有gps的情况下 可以计步,1,
10010000011395,查找已注册好友，点击添加，显示用户不存在,查找已注册好友，点击添加，显示用户不存在,,Functional-Account,register,chat,other,register.chat.other,N,High,1,Slife,Slife,10010000011395,register.chat.other,查找已注册好友，点击添加，显示用户不存在,primary_clue,20,18,查找已注册好友 点击添加 显示用户不存在,1,
10010000011263,根据身高体重等修改目标，目标步数不更新。,根据身高体重等修改目标，目标步数不更新。,,Functional-Tracking,step_count,step,wrong_value,step_count.step.wrong_value,N,High,1,Slife,Slife,10010000011263,step_count.step.wrong_value,根据身高体重等修改目标，目标步数不更新。,primary_clue,20,18,根据身高体重等修改目标 目标步数不更新,1,
10010000011585,跑步过程中消耗的卡路里，时间，米数未显示,跑步过程中消耗的卡路里，时间，米数未显示,,Functional-Tracking,run_walk,step,other,run_walk.step.other,N,High,1,Slife,Slife,10010000011585,run_walk.step.other,跑步过程中消耗的卡路里，时间，米数未显示,primary_clue,20,18,跑步过程中消耗的卡路里 时间 米数未显示,1,
10010000011138,1.分享功能，无法分享到朋友圈。显示崩溃,分享功能，无法分享到朋友圈。显示崩溃,,Crash,share,share_panel,crash,share.share_panel.crash,N,High,1,Slife,Slife,10010000011138,share.share_panel.crash,分享功能，无法分享到朋友圈。显示崩溃,primary_clue,18,16,分享功能 无法分享到朋友圈 显示崩溃,1,
10010000007808,退出了不能直接登录，要重新输入账号和密码。,退出了不能直接登录，要重新输入账号和密码。,,Functional-Account,login,other,cannot_or_fail,login.other.cannot_or_fail,N,High,1,Slife,Slife,10010000007808,login.other.cannot_or_fail,退出了不能直接登录，要重新输入账号和密码。,primary_clue,21,19,退出了不能直接登录 要重新输入账号和密码,1,
10010000011312,运动数据不能分享到朋友圈，朋友圈发送失败。,运动数据不能分享到朋友圈，朋友圈发送失败。,,Functional-Share,share,share_panel,cannot_send,share.share_panel.cannot_send,N,High,1,Slife,Slife,10010000011312,share.share_panel.cannot_send,运动数据不能分享到朋友圈，朋友圈发送失败。,primary_clue,21,19,运动数据不能分享到朋友圈 朋友圈发送失败,1,
10010000011725,分享时，点击更多，里面的很多图标没有颜色。,分享时，点击更多，里面的很多图标没有颜色。,,Functional-Share,share,button_icon,other,share.button_icon.other,N,High,1,Slife,Slife,10010000011725,share.button_icon.other,分享时，点击更多，里面的很多图标没有颜色。,primary_clue,21,18,分享时 点击更多 里面的很多图标没有颜色,1,
10010000010886,关闭GPS进行运动，运动数据仍然会发生变化,关闭GPS进行运动，运动数据仍然会发生变化,,Functional-Tracking,gps_track,gps,other,gps_track.gps.other,N,High,1,Slife,Slife,10010000010886,gps_track.gps.other,关闭GPS进行运动，运动数据仍然会发生变化,primary_clue,21,20,关闭gps进行运动 运动数据仍然会发生变化,1,
10010000010672,在设定目标中，体重的选择不能超过200kg,在设定目标中，体重的选择不能超过200kg,,Other,settings,other,cannot_or_fail,settings.other.cannot_or_fail,N,Medium,1,Slife,Slife,10010000010672,settings.other.cannot_or_fail,在设定目标中，体重的选择不能超过200kg,primary_clue,21,20,在设定目标中 体重的选择不能超过200kg,1,
10010000010567,在系统运行时，有时候突然不显示数据运行情况,在系统运行时，有时候突然不显示数据运行情况,,UI/Display,other,other,display_missing,other.other.display_missing,N,High,1,Slife,Slife,10010000010567,other.other.display_missing,在系统运行时，有时候突然不显示数据运行情况,primary_clue,21,20,在系统运行时 有时候突然不显示数据运行情况,1,
10010000010971,无法将运动结果在微博，朋友圈分享，功能不全,无法将运动结果在微博，朋友圈分享，功能不全,,Functional-Share,share,share_panel,cannot_or_fail,share.share_panel.cannot_or_fail,N,High,1,Slife,Slife,10010000010971,share.share_panel.cannot_or_fail,无法将运动结果在微博，朋友圈分享，功能不全,primary_clue,21,19,无法将运动结果在微博 朋友圈分享 功能不全,1,
10010000011596,通知栏显示步数与app页面显示步数差距较大,通知栏显示步数与app页面显示步数差距较大,,Functional-Tracking,notification,page_view,other,notification.page_view.other,N,High,1,Slife,Slife,10010000011596,notification.page_view.other,通知栏显示步数与app页面显示步数差距较大,primary_clue,21,21,通知栏显示步数与app页面显示步数差距较大,1,
10010000007495,注册时未进行密码强度设置提示，密码无长度要求,注册时未进行密码强度设置提示，密码无长度要求,,Functional-Account,register,page_view,other,register.page_view.other,N,High,1,Slife,Slife,10010000007495,register.page_view.other,注册时未进行密码强度设置提示，密码无长度要求,primary_clue,22,21,注册时未进行密码强度设置提示 密码无长度要求,1,
10010000007559,"在注册时输入密码,未提示密码安全等级,不安全","在注册时输入密码,未提示密码安全等级,不安全",,Functional-Account,register,other,no_prompt,register.other.no_prompt,N,High,1,Slife,Slife,10010000007559,register.other.no_prompt,"在注册时输入密码,未提示密码安全等级,不安全",primary_clue,22,20,在注册时输入密码 未提示密码安全等级 不安全,1,
10010000011680,在分享到微信朋友圈时，异常错误退出。分享失败,在分享到微信朋友圈时，异常错误退出。分享失败,,Functional-Share,share,share_panel,wrong_value,share.share_panel.wrong_value,N,High,1,Slife,Slife,10010000011680,share.share_panel.wrong_value,在分享到微信朋友圈时，异常错误退出。分享失败,primary_clue,22,20,在分享到微信朋友圈时 异常错误退出 分享失败,1,
10010000010248,用户能够设定的运动范围过小，不能满足用户需求,用户能够设定的运动范围过小，不能满足用户需求,,Functional-Tracking,run_walk,other,cannot_or_fail,run_walk.other.cannot_or_fail,N,High,1,Slife,Slife,10010000010248,run_walk.other.cannot_or_fail,用户能够设定的运动范围过小，不能满足用户需求,primary_clue,22,21,用户能够设定的运动范围过小 不能满足用户需求,1,
10010000010641,页面太过密集，月份中不能对具体日期进行显示。,页面太过密集，月份中不能对具体日期进行显示。,,UI/Display,other,page_view,cannot_or_fail,other.page_view.cannot_or_fail,N,Medium,1,Slife,Slife,10010000010641,other.page_view.cannot_or_fail,页面太过密集，月份中不能对具体日期进行显示。,primary_clue,22,20,页面太过密集 月份中不能对具体日期进行显示,1,
10010000011146,设定目标，不能选择运动方式，用户使用不方便。,设定目标，不能选择运动方式，用户使用不方便。,,Functional-Tracking,run_walk,other,cannot_or_fail,run_walk.other.cannot_or_fail,N,High,1,Slife,Slife,10010000011146,run_walk.other.cannot_or_fail,设定目标，不能选择运动方式，用户使用不方便。,primary_clue,22,19,设定目标 不能选择运动方式 用户使用不方便,1,
10010000010159,新用户注册登录后，应用上还保存有旧用户的记录,新用户注册登录后，应用上还保存有旧用户的记录,,Functional-Account,register,list_item,other,register.list_item.other,N,High,1,Slife,Slife,10010000010159,register.list_item.other,新用户注册登录后，应用上还保存有旧用户的记录,primary_clue,22,21,新用户注册登录后 应用上还保存有旧用户的记录,1,
10010000010918,在邮件分享时输入正确信息，却无法通过邮件分享,在邮件分享时输入正确信息，却无法通过邮件分享,,Functional-Share,share,share_panel,cannot_or_fail,share.share_panel.cannot_or_fail,N,High,1,Slife,Slife,10010000010918,share.share_panel.cannot_or_fail,在邮件分享时输入正确信息，却无法通过邮件分享,primary_clue,22,21,在邮件分享时输入正确信息 却无法通过邮件分享,1,
10010000011630,下拉首页，出现分享对象和活动选项，点击无反应,下拉首页，出现分享对象和活动选项，点击无反应,,Functional-Share,share,page_view,cannot_or_fail,share.page_view.cannot_or_fail,N,High,1,Slife,Slife,10010000011630,share.page_view.cannot_or_fail,下拉首页，出现分享对象和活动选项，点击无反应,primary_clue,22,20,下拉首页 出现分享对象和活动选项 点击无反应,1,
10010000011683,邮箱分享，账号密码都是正确的，但是显示密码错误,邮箱分享，账号密码都是正确的，但是显示密码错误,,Functional-Account,share,share_panel,wrong_value,share.share_panel.wrong_value,N,High,1,Slife,Slife,10010000011683,share.share_panel.wrong_value,邮箱分享，账号密码都是正确的，但是显示密码错误,primary_clue,23,21,邮箱分享 账号密码都是正确的 但是显示密码错误,1,
10010000010149,注册后直接登录，退出登录后再登录，不能登录成功,注册后直接登录，退出登录后再登录，不能登录成功,,Functional-Account,register,other,cannot_or_fail,register.other.cannot_or_fail,N,High,1,Slife,Slife,10010000010149,register.other.cannot_or_fail,注册后直接登录，退出登录后再登录，不能登录成功,primary_clue,23,21,注册后直接登录 退出登录后再登录 不能登录成功,1,
10010000011756,日常活动强度，三个等级，轻度的设置目标步数最高,日常活动强度，三个等级，轻度的设置目标步数最高,,Functional-Tracking,step_count,page_view,other,step_count.page_view.other,N,High,1,Slife,Slife,10010000011756,step_count.page_view.other,日常活动强度，三个等级，轻度的设置目标步数最高,primary_clue,23,21,日常活动强度 三个等级 轻度的设置目标步数最高,1,
10010000011129,页面布局单一，没有做到清晰明了。没有推荐功能。,页面布局单一，没有做到清晰明了。没有推荐功能。,,UI/Display,other,page_view,layout_issue,other.page_view.layout_issue,N,High,1,Slife,Slife,10010000011129,other.page_view.layout_issue,页面布局单一，没有做到清晰明了。没有推荐功能。,primary_clue,23,20,页面布局单一 没有做到清晰明了 没有推荐功能,1,
10010000010155,在我运动的时候，时间显示为停留，没有显示为运动。,在我运动的时候，时间显示为停留，没有显示为运动。,,Functional-Tracking,run_walk,step,other,run_walk.step.other,N,High,1,Slife,Slife,10010000010155,run_walk.step.other,在我运动的时候，时间显示为停留，没有显示为运动。,primary_clue,24,21,在我运动的时候 时间显示为停留 没有显示为运动,1,
10010000010500,在用户登录和注册是，邮箱没有提示，cn邮箱的格式,在用户登录和注册是，邮箱没有提示，cn邮箱的格式,,Functional-Account,register,other,no_prompt,register.other.no_prompt,N,High,1,Slife,Slife,10010000010500,register.other.no_prompt,在用户登录和注册是，邮箱没有提示，cn邮箱的格式,primary_clue,24,22,在用户登录和注册是 邮箱没有提示 cn邮箱的格式,1,
10010000010975,分享至朋友圈会出现发送错误的情况，必然出现，如图,分享至朋友圈会出现发送错误的情况，必然出现，如图,,Functional-Share,share,share_panel,wrong_value,share.share_panel.wrong_value,N,High,1,Slife,Slife,10010000010975,share.share_panel.wrong_value,分享至朋友圈会出现发送错误的情况，必然出现，如图,primary_clue,24,22,分享至朋友圈会出现发送错误的情况 必然出现 如图,1,
10010000010237,分享功能不能使用微信朋友圈分享，其他都可以分享。,分享功能不能使用微信朋友圈分享，其他都可以分享。,,Functional-Share,share,share_panel,cannot_or_fail,share.share_panel.cannot_or_fail,N,High,1,Slife,Slife,10010000010237,share.share_panel.cannot_or_fail,分享功能不能使用微信朋友圈分享，其他都可以分享。,primary_clue,24,22,分享功能不能使用微信朋友圈分享 其他都可以分享,1,
10010000010373,进入主界面，查看步数相关信息，步数相关信息不完整,进入主界面，查看步数相关信息，步数相关信息不完整,,Functional-Tracking,step_count,page_view,other,step_count.page_view.other,N,High,1,Slife,Slife,10010000010373,step_count.page_view.other,进入主界面，查看步数相关信息，步数相关信息不完整,primary_clue,24,22,进入主界面 查看步数相关信息 步数相关信息不完整,1,
10010000011218,开启应用不走路，摇晃手机，出现步数，运动路径错误,开启应用不走路，摇晃手机，出现步数，运动路径错误,,Functional-Tracking,step_count,step,wrong_value,step_count.step.wrong_value,N,High,1,Slife,Slife,10010000011218,step_count.step.wrong_value,开启应用不走路，摇晃手机，出现步数，运动路径错误,primary_clue,24,21,开启应用不走路 摇晃手机 出现步数 运动路径错误,1,
10010000011255,两处箭头时间不一致，时效性差。不能同步更新时间。,两处箭头时间不一致，时效性差。不能同步更新时间。,,Other,other,step,cannot_or_fail,other.step.cannot_or_fail,N,Medium,1,Slife,Slife,10010000011255,other.step.cannot_or_fail,两处箭头时间不一致，时效性差。不能同步更新时间。,primary_clue,24,21,两处箭头时间不一致 时效性差 不能同步更新时间,1,
10010000011487,点击更多按钮，出现黑屏“截屏中...”错误提示。,点击更多按钮，出现黑屏“截屏中...”错误提示。,,UI/Display,other,button_icon,wrong_value,other.button_icon.wrong_value,N,High,1,Slife,Slife,10010000011487,other.button_icon.wrong_value,点击更多按钮，出现黑屏“截屏中...”错误提示。,primary_clue,24,17,点击更多按钮 出现黑屏 截屏中 错误提示,1,
10010000010988,app测试的步数和距离与现实有很大差距，错误巨大。,app测试的步数和距离与现实有很大差距，错误巨大。,,Functional-Tracking,step_count,step,wrong_value,step_count.step.wrong_value,N,High,1,Slife,Slife,10010000010988,step_count.step.wrong_value,app测试的步数和距离与现实有很大差距，错误巨大。,primary_clue,25,23,app测试的步数和距离与现实有很大差距 错误巨大,1,
10010000011609,每次退出重新登陆后，侧边栏的头像不显示，已设为默认,每次退出重新登陆后，侧边栏的头像不显示，已设为默认,,UI/Display,other,other,display_missing,other.other.display_missing,N,High,1,Slife,Slife,10010000011609,other.other.display_missing,每次退出重新登陆后，侧边栏的头像不显示，已设为默认,primary_clue,25,23,每次退出重新登陆后 侧边栏的头像不显示 已设为默认,1,
10010000010139,步骤3设定目标时，不能手动输入步数，影响用户体验。,步骤3设定目标时，不能手动输入步数，影响用户体验。,,Functional-Tracking,step_count,step,cannot_or_fail,step_count.step.cannot_or_fail,N,High,1,Slife,Slife,10010000010139,step_count.step.cannot_or_fail,步骤3设定目标时，不能手动输入步数，影响用户体验。,primary_clue,25,22,步骤3设定目标时 不能手动输入步数 影响用户体验,1,
10010000010515,可以发给QQ好友但无法发送到QQ说说，用户体验不足,可以发给QQ好友但无法发送到QQ说说，用户体验不足,,Functional-Social,message_send,chat,cannot_or_fail,message_send.chat.cannot_or_fail,N,High,1,Slife,Slife,10010000010515,message_send.chat.cannot_or_fail,可以发给QQ好友但无法发送到QQ说说，用户体验不足,primary_clue,25,24,可以发给qq好友但无法发送到qq说说 用户体验不足,1,
10010000010849,点开分享出去的内容，里面不是运动数据，而是软件广告,点开分享出去的内容，里面不是运动数据，而是软件广告,,Functional-Share,share,image_banner,other,share.image_banner.other,N,High,1,Slife,Slife,10010000010849,share.image_banner.other,点开分享出去的内容，里面不是运动数据，而是软件广告,primary_clue,25,23,点开分享出去的内容 里面不是运动数据 而是软件广告,1,
10010000010209,"设置了运动目标,在主页没有提示今天运动量和目标的差距","设置了运动目标,在主页没有提示今天运动量和目标的差距",,Functional-Tracking,run_walk,page_view,no_prompt,run_walk.page_view.no_prompt,N,High,1,Slife,Slife,10010000010209,run_walk.page_view.no_prompt,"设置了运动目标,在主页没有提示今天运动量和目标的差距",primary_clue,26,25,设置了运动目标 在主页没有提示今天运动量和目标的差距,1,
10010000010121,点击分享上边的活动汇总和活动分享按钮时，软件与反应。,点击分享上边的活动汇总和活动分享按钮时，软件与反应。,,Functional-Share,share,button_icon,other,share.button_icon.other,N,High,1,Slife,Slife,10010000010121,share.button_icon.other,点击分享上边的活动汇总和活动分享按钮时，软件与反应。,primary_clue,26,24,点击分享上边的活动汇总和活动分享按钮时 软件与反应,1,
10010000011141,注册时 密码只输入一次，不能确认，如果输错也不清楚。,注册时 密码只输入一次，不能确认，如果输错也不清楚。,,Functional-Account,register,other,cannot_or_fail,register.other.cannot_or_fail,N,High,1,Slife,Slife,10010000011141,register.other.cannot_or_fail,注册时 密码只输入一次，不能确认，如果输错也不清楚。,primary_clue,26,22,注册时 密码只输入一次 不能确认 如果输错也不清楚,1,
10010000011768,步行和跑步等不同类型的运动没有区分开，结果都是步行。,步行和跑步等不同类型的运动没有区分开，结果都是步行。,,Functional-Tracking,run_walk,other,wrong_value,run_walk.other.wrong_value,N,High,1,Slife,Slife,10010000011768,run_walk.other.wrong_value,步行和跑步等不同类型的运动没有区分开，结果都是步行。,primary_clue,26,24,步行和跑步等不同类型的运动没有区分开 结果都是步行,1,
10010000011303,在运动结果显示步骤3后，打开分享有的时候会出现广告。,在运动结果显示步骤3后，打开分享有的时候会出现广告。,,Functional-Share,share,image_banner,other,share.image_banner.other,N,High,1,Slife,Slife,10010000011303,share.image_banner.other,在运动结果显示步骤3后，打开分享有的时候会出现广告。,primary_clue,26,24,在运动结果显示步骤3后 打开分享有的时候会出现广告,1,
10010000010974,没有计算出每小时几千米，卡路里图1和图2记录不一致。,没有计算出每小时几千米，卡路里图1和图2记录不一致。,,Functional-Tracking,other,list_item,other,other.list_item.other,N,High,1,Slife,Slife,10010000010974,other.list_item.other,没有计算出每小时几千米，卡路里图1和图2记录不一致。,primary_clue,26,24,没有计算出每小时几千米 卡路里图1和图2记录不一致,1,
10010000010831,跑步数据以及运动路径：运动路径记录有3~5分钟的延迟,跑步数据以及运动路径：运动路径记录有3~5分钟的延迟,,Performance/Freeze,step_count,list_item,freeze,step_count.list_item.freeze,N,High,1,Slife,Slife,10010000010831,step_count.list_item.freeze,跑步数据以及运动路径：运动路径记录有3~5分钟的延迟,primary_clue,26,24,跑步数据以及运动路径 运动路径记录有3 5分钟的延迟,1,
10010000011013,没有清理缓存以及清理历史功能 不能清晰地去除个人信息,没有清理缓存以及清理历史功能 不能清晰地去除个人信息,,Other,other,other,cannot_or_fail,other.other.cannot_or_fail,N,Medium,1,Slife,Slife,10010000011013,other.other.cannot_or_fail,没有清理缓存以及清理历史功能 不能清晰地去除个人信息,primary_clue,26,25,没有清理缓存以及清理历史功能 不能清晰地去除个人信息,1,
10010000011128,分享中qq可以分享成功，但是微信不可以，显示发送失败,分享中qq可以分享成功，但是微信不可以，显示发送失败,,Functional-Share,share,share_panel,cannot_send,share.share_panel.cannot_send,N,High,1,Slife,Slife,10010000011128,share.share_panel.cannot_send,分享中qq可以分享成功，但是微信不可以，显示发送失败,primary_clue,26,24,分享中qq可以分享成功 但是微信不可以 显示发送失败,1,
10010000011734,用户不能自主选择目标，只能在app给出的范围里选择。,用户不能自主选择目标，只能在app给出的范围里选择。,,Other,settings,other,cannot_or_fail,settings.other.cannot_or_fail,N,Medium,1,Slife,Slife,10010000011734,settings.other.cannot_or_fail,用户不能自主选择目标，只能在app给出的范围里选择。,primary_clue,26,24,用户不能自主选择目标 只能在app给出的范围里选择,1,
10010000007504,选择图片后未提供美化图片的功能，提供美化图片功能会更好,选择图片后未提供美化图片的功能，提供美化图片功能会更好,,UI/Display,other,image_banner,other,other.image_banner.other,N,Medium,1,Slife,Slife,10010000007504,other.image_banner.other,选择图片后未提供美化图片的功能，提供美化图片功能会更好,primary_clue,27,26,选择图片后未提供美化图片的功能 提供美化图片功能会更好,1,
10010000010435,分享给好友的内容为该APP的广告，而不是自己的运动信息,分享给好友的内容为该APP的广告，而不是自己的运动信息,,Functional-Share,share,image_banner,other,share.image_banner.other,N,High,1,Slife,Slife,10010000010435,share.image_banner.other,分享给好友的内容为该APP的广告，而不是自己的运动信息,primary_clue,27,26,分享给好友的内容为该app的广告 而不是自己的运动信息,1,
10010000011651,运动时，步数等经常不能实时更新，通常20多步一下增加。,运动时，步数等经常不能实时更新，通常20多步一下增加。,,Functional-Tracking,step_count,step,cannot_or_fail,step_count.step.cannot_or_fail,N,High,1,Slife,Slife,10010000011651,step_count.step.cannot_or_fail,运动时，步数等经常不能实时更新，通常20多步一下增加。,primary_clue,27,24,运动时 步数等经常不能实时更新 通常20多步一下增加,1,
10010000010609,界面太简洁，用户自己不能设置界面，不符合一些用户的需求,界面太简洁，用户自己不能设置界面，不符合一些用户的需求,,UI/Display,settings,page_view,cannot_or_fail,settings.page_view.cannot_or_fail,N,Medium,1,Slife,Slife,10010000010609,settings.page_view.cannot_or_fail,界面太简洁，用户自己不能设置界面，不符合一些用户的需求,primary_clue,27,25,界面太简洁 用户自己不能设置界面 不符合一些用户的需求,1,
10010000011275,在不同的厂家的手机，在更多分享的时候，界面布局差距很大,在不同的厂家的手机，在更多分享的时候，界面布局差距很大,,Functional-Share,share,page_view,layout_issue,share.page_view.layout_issue,N,High,1,Slife,Slife,10010000011275,share.page_view.layout_issue,在不同的厂家的手机，在更多分享的时候，界面布局差距很大,primary_clue,27,25,在不同的厂家的手机 在更多分享的时候 界面布局差距很大,1,
10010000010595,能够通过用户名或邮箱搜索到好友，但添加时提示用户不存在,能够通过用户名或邮箱搜索到好友，但添加时提示用户不存在,,Functional-Search,search,chat,other,search.chat.other,N,High,1,Slife,Slife,10010000010595,search.chat.other,能够通过用户名或邮箱搜索到好友，但添加时提示用户不存在,primary_clue,27,26,能够通过用户名或邮箱搜索到好友 但添加时提示用户不存在,1,
10010000010720,在切进程时，若是app处于轨迹界面，不时出现闪退的现象,在切进程时，若是app处于轨迹界面，不时出现闪退的现象,,Crash,gps_track,page_view,crash,gps_track.page_view.crash,N,High,1,Slife,Slife,10010000010720,gps_track.page_view.crash,在切进程时，若是app处于轨迹界面，不时出现闪退的现象,primary_clue,27,25,在切进程时 若是app处于轨迹界面 不时出现闪退的现象,1,
10010000010271,无法将结果分享至微信朋友圈中，而且微信是在打开的情况下,无法将结果分享至微信朋友圈中，而且微信是在打开的情况下,,Functional-Share,share,share_panel,wrong_value,share.share_panel.wrong_value,N,High,1,Slife,Slife,10010000010271,share.share_panel.wrong_value,无法将结果分享至微信朋友圈中，而且微信是在打开的情况下,primary_clue,27,26,无法将结果分享至微信朋友圈中 而且微信是在打开的情况下,1,
10010000010686,用户每日目标步数应可自行设置，不应只让用户在滑块上选择,用户每日目标步数应可自行设置，不应只让用户在滑块上选择,,Functional-Tracking,step_count,page_view,other,step_count.page_view.other,N,High,1,Slife,Slife,10010000010686,step_count.page_view.other,用户每日目标步数应可自行设置，不应只让用户在滑块上选择,primary_clue,27,26,用户每日目标步数应可自行设置 不应只让用户在滑块上选择,1,
10010000011471,点击微博进行分享，出现截屏中..错误提示，并分享失败。,点击微博进行分享，出现截屏中..错误提示，并分享失败。,,Functional-Share,share,share_panel,wrong_value,share.share_panel.wrong_value,N,High,1,Slife,Slife,10010000011471,share.share_panel.wrong_value,点击微博进行分享，出现截屏中..错误提示，并分享失败。,primary_clue,27,22,点击微博进行分享 出现截屏中 错误提示 并分享失败,1,
10010000007433,登录过程中，输入邮箱和密码，删除的时候不能够正确的删除。,登录过程中，输入邮箱和密码，删除的时候不能够正确的删除。,,Functional-Account,login,other,cannot_or_fail,login.other.cannot_or_fail,N,High,1,Slife,Slife,10010000007433,login.other.cannot_or_fail,登录过程中，输入邮箱和密码，删除的时候不能够正确的删除。,primary_clue,28,25,登录过程中 输入邮箱和密码 删除的时候不能够正确的删除,1,
10010000007434,选择体重和身高等等的时候，不能够直接点击，只能拖动尺子。,选择体重和身高等等的时候，不能够直接点击，只能拖动尺子。,,Other,settings,slider,cannot_or_fail,settings.slider.cannot_or_fail,N,Medium,1,Slife,Slife,10010000007434,settings.slider.cannot_or_fail,选择体重和身高等等的时候，不能够直接点击，只能拖动尺子。,primary_clue,28,25,选择体重和身高等等的时候 不能够直接点击 只能拖动尺子,1,
10010000007456,更改密码之后，不会提醒重新登录，还是以之前的密码的界面。,更改密码之后，不会提醒重新登录，还是以之前的密码的界面。,,Functional-Account,login,page_view,other,login.page_view.other,N,High,1,Slife,Slife,10010000007456,login.page_view.other,更改密码之后，不会提醒重新登录，还是以之前的密码的界面。,primary_clue,28,25,更改密码之后 不会提醒重新登录 还是以之前的密码的界面,1,
10010000007475,用户注册时，应有确认密码输入框，避免密码输入错误无法登陆,用户注册时，应有确认密码输入框，避免密码输入错误无法登陆,,Functional-Account,register,input_box,wrong_value,register.input_box.wrong_value,N,High,1,Slife,Slife,10010000007475,register.input_box.wrong_value,用户注册时，应有确认密码输入框，避免密码输入错误无法登陆,primary_clue,28,26,用户注册时 应有确认密码输入框 避免密码输入错误无法登陆,1,
10010000011763,重新设置了目标步数，发现目标完成进度不变，没有更新过来。,重新设置了目标步数，发现目标完成进度不变，没有更新过来。,,Functional-Tracking,step_count,page_view,other,step_count.page_view.other,N,High,1,Slife,Slife,10010000011763,step_count.page_view.other,重新设置了目标步数，发现目标完成进度不变，没有更新过来。,primary_clue,28,25,重新设置了目标步数 发现目标完成进度不变 没有更新过来,1,
10010000010882,打开gps后，该app显示的步数与实际步数仍有较大差距。,打开gps后，该app显示的步数与实际步数仍有较大差距。,,Functional-Tracking,step_count,gps,other,step_count.gps.other,N,High,1,Slife,Slife,10010000010882,step_count.gps.other,打开gps后，该app显示的步数与实际步数仍有较大差距。,primary_clue,28,26,打开gps后 该app显示的步数与实际步数仍有较大差距,1,
10010000010719,之前设定的目标 过较长时间再看 数据全部重置了（又0%）,之前设定的目标 过较长时间再看 数据全部重置了（又0%）,,Other,settings,step,other,settings.step.other,N,Medium,1,Slife,Slife,10010000010719,settings.step.other,之前设定的目标 过较长时间再看 数据全部重置了（又0%）,primary_clue,28,23,之前设定的目标 过较长时间再看 数据全部重置了 又0,1,
10010000010178,密码长度没有特定的限制，或者是密码到规定的长度没有提示。,密码长度没有特定的限制，或者是密码到规定的长度没有提示。,,Functional-Account,other,other,no_prompt,other.other.no_prompt,N,High,1,Slife,Slife,10010000010178,other.other.no_prompt,密码长度没有特定的限制，或者是密码到规定的长度没有提示。,primary_clue,28,26,密码长度没有特定的限制 或者是密码到规定的长度没有提示,1,
10010000010890,用户点击分享链接，直接进入应用下载页面，无法查看运动数据,用户点击分享链接，直接进入应用下载页面，无法查看运动数据,,Functional-Share,share,page_view,cannot_or_fail,share.page_view.cannot_or_fail,N,High,1,Slife,Slife,10010000010890,share.page_view.cannot_or_fail,用户点击分享链接，直接进入应用下载页面，无法查看运动数据,primary_clue,28,26,用户点击分享链接 直接进入应用下载页面 无法查看运动数据,1,
10010000011470,无法直接分享至微信朋友圈以及微博，只有点击更多才能成功。,无法直接分享至微信朋友圈以及微博，只有点击更多才能成功。,,Functional-Share,share,share_panel,cannot_or_fail,share.share_panel.cannot_or_fail,N,High,1,Slife,Slife,10010000011470,share.share_panel.cannot_or_fail,无法直接分享至微信朋友圈以及微博，只有点击更多才能成功。,primary_clue,28,26,无法直接分享至微信朋友圈以及微博 只有点击更多才能成功,1,
10010000011568,当用户卸载该软件并重新登录后，无法显示该账号的历史记录。,当用户卸载该软件并重新登录后，无法显示该账号的历史记录。,,Functional-Account,login,list_item,cannot_or_fail,login.list_item.cannot_or_fail,N,High,1,Slife,Slife,10010000011568,login.list_item.cannot_or_fail,当用户卸载该软件并重新登录后，无法显示该账号的历史记录。,primary_clue,28,26,当用户卸载该软件并重新登录后 无法显示该账号的历史记录,1,
10010000007451,设置完头像后，退出登录，再次进入的时候头像还是没有发现改变,设置完头像后，退出登录，再次进入的时候头像还是没有发现改变,,Functional-Account,login,page_view,other,login.page_view.other,N,High,1,Slife,Slife,10010000007451,login.page_view.other,设置完头像后，退出登录，再次进入的时候头像还是没有发现改变,primary_clue,29,27,设置完头像后 退出登录 再次进入的时候头像还是没有发现改变,1,
10010000007562,"注册时未设置密码确认,若用户由于疏忽输错了密码,就无法发现","注册时未设置密码确认,若用户由于疏忽输错了密码,就无法发现",,Functional-Account,register,page_view,cannot_or_fail,register.page_view.cannot_or_fail,N,High,1,Slife,Slife,10010000007562,register.page_view.cannot_or_fail,"注册时未设置密码确认,若用户由于疏忽输错了密码,就无法发现",primary_clue,29,27,注册时未设置密码确认 若用户由于疏忽输错了密码 就无法发现,1,
10010000007566,"注册界面上方有大量空白,个人认为可添加一个APP的logo","注册界面上方有大量空白,个人认为可添加一个APP的logo",,Functional-Account,register,page_view,other,register.page_view.other,N,High,1,Slife,Slife,10010000007566,register.page_view.other,"注册界面上方有大量空白,个人认为可添加一个APP的logo",primary_clue,29,28,注册界面上方有大量空白 个人认为可添加一个app的logo,1,
10010000007785,登录时不能记住账户密码，使用户在使用过程中不断的重新登录。,登录时不能记住账户密码，使用户在使用过程中不断的重新登录。,,Functional-Account,login,other,cannot_or_fail,login.other.cannot_or_fail,N,High,1,Slife,Slife,10010000007785,login.other.cannot_or_fail,登录时不能记住账户密码，使用户在使用过程中不断的重新登录。,primary_clue,29,27,登录时不能记住账户密码 使用户在使用过程中不断的重新登录,1,
10010000010603,步数记录不准确，当用户向前或向后移动两步时，并没有显示移动,步数记录不准确，当用户向前或向后移动两步时，并没有显示移动,,Functional-Tracking,step_count,list_item,other,step_count.list_item.other,N,High,1,Slife,Slife,10010000010603,step_count.list_item.other,步数记录不准确，当用户向前或向后移动两步时，并没有显示移动,primary_clue,29,27,步数记录不准确 当用户向前或向后移动两步时 并没有显示移动,1,
10010000010655,当将运动数据分享到朋友圈时，显示“发送失败，请重试...”,当将运动数据分享到朋友圈时，显示“发送失败，请重试...”,,Functional-Share,share,share_panel,cannot_send,share.share_panel.cannot_send,N,High,1,Slife,Slife,10010000010655,share.share_panel.cannot_send,当将运动数据分享到朋友圈时，显示“发送失败，请重试...”,primary_clue,29,22,当将运动数据分享到朋友圈时 显示 发送失败 请重试,1,
10010000010542,在测试过程中，kikbug出现停止运行的情况，无法进行测试,在测试过程中，kikbug出现停止运行的情况，无法进行测试,,Other,other,other,cannot_or_fail,other.other.cannot_or_fail,N,Medium,1,Slife,Slife,10010000010542,other.other.cannot_or_fail,在测试过程中，kikbug出现停止运行的情况，无法进行测试,primary_clue,29,27,在测试过程中 kikbug出现停止运行的情况 无法进行测试,1,
10010000011031,在使用这个软件时，运动的数据不能随时同步反应，反应速度较慢,在使用这个软件时，运动的数据不能随时同步反应，反应速度较慢,,Functional-Tracking,run_walk,other,cannot_or_fail,run_walk.other.cannot_or_fail,N,High,1,Slife,Slife,10010000011031,run_walk.other.cannot_or_fail,在使用这个软件时，运动的数据不能随时同步反应，反应速度较慢,primary_clue,29,27,在使用这个软件时 运动的数据不能随时同步反应 反应速度较慢,1,
10010000007443,换头像过程中，如果想把之前的头像换回来的话，无法执行该操作。,换头像过程中，如果想把之前的头像换回来的话，无法执行该操作。,,Other,other,other,cannot_or_fail,other.other.cannot_or_fail,N,Medium,1,Slife,Slife,10010000007443,other.other.cannot_or_fail,换头像过程中，如果想把之前的头像换回来的话，无法执行该操作。,primary_clue,30,27,换头像过程中 如果想把之前的头像换回来的话 无法执行该操作,1,
10010000009948,不运动时，app的步数显示每秒钟自动增长20步左右，如图 。,不运动时，app的步数显示每秒钟自动增长20步左右，如图 。,,Functional-Tracking,step_count,step,wrong_value,step_count.step.wrong_value,N,High,1,Slife,Slife,10010000009948,step_count.step.wrong_value,不运动时，app的步数显示每秒钟自动增长20步左右，如图 。,primary_clue,30,26,不运动时 app的步数显示每秒钟自动增长20步左右 如图,1,
10010000011540,用户在不联网的情况下可以进行步数记录但是无法进行线路的查询。,用户在不联网的情况下可以进行步数记录但是无法进行线路的查询。,,Functional-Tracking,step_count,list_item,wrong_value,step_count.list_item.wrong_value,N,High,1,Slife,Slife,10010000011540,step_count.list_item.wrong_value,用户在不联网的情况下可以进行步数记录但是无法进行线路的查询。,primary_clue,30,29,用户在不联网的情况下可以进行步数记录但是无法进行线路的查询,1,
10010000011761,在分享自己的相关信息到微博的时候，出现了错误，说文件不存在。,在分享自己的相关信息到微博的时候，出现了错误，说文件不存在。,,Functional-Share,share,share_panel,wrong_value,share.share_panel.wrong_value,N,High,1,Slife,Slife,10010000011761,share.share_panel.wrong_value,在分享自己的相关信息到微博的时候，出现了错误，说文件不存在。,primary_clue,30,27,在分享自己的相关信息到微博的时候 出现了错误 说文件不存在,1,
10010000010162,指定运动目标时。用户不可以手动输入，只能通过APP计算得出。,指定运动目标时。用户不可以手动输入，只能通过APP计算得出。,,Functional-Tracking,run_walk,other,cannot_or_fail,run_walk.other.cannot_or_fail,N,High,1,Slife,Slife,10010000010162,run_walk.other.cannot_or_fail,指定运动目标时。用户不可以手动输入，只能通过APP计算得出。,primary_clue,30,27,指定运动目标时 用户不可以手动输入 只能通过app计算得出,1,
10010000010687,经过实测，打开GPS后运动距离测试扔不准确，与实际差距较大。,经过实测，打开GPS后运动距离测试扔不准确，与实际差距较大。,,Functional-Tracking,gps_track,gps,other,gps_track.gps.other,N,High,1,Slife,Slife,10010000010687,gps_track.gps.other,经过实测，打开GPS后运动距离测试扔不准确，与实际差距较大。,primary_clue,30,27,经过实测 打开gps后运动距离测试扔不准确 与实际差距较大,1,
10010000010335,应用在后台耗电大，使一些用户在户外活动中，手机不能长时间使用,应用在后台耗电大，使一些用户在户外活动中，手机不能长时间使用,,Other,other,step,cannot_or_fail,other.step.cannot_or_fail,N,Medium,1,Slife,Slife,10010000010335,other.step.cannot_or_fail,应用在后台耗电大，使一些用户在户外活动中，手机不能长时间使用,primary_clue,30,28,应用在后台耗电大 使一些用户在户外活动中 手机不能长时间使用,1,
10010000011393,用户注册时，密码设置没有最低长度限制，只要有填就可以注册成功,用户注册时，密码设置没有最低长度限制，只要有填就可以注册成功,,Functional-Account,register,page_view,other,register.page_view.other,N,High,1,Slife,Slife,10010000011393,register.page_view.other,用户注册时，密码设置没有最低长度限制，只要有填就可以注册成功,primary_clue,30,28,用户注册时 密码设置没有最低长度限制 只要有填就可以注册成功,1,
10010000010274,设置运动目标只能在一定范围内选定，不能高于或低于系统设定范围,设置运动目标只能在一定范围内选定，不能高于或低于系统设定范围,,Functional-Tracking,run_walk,page_view,cannot_or_fail,run_walk.page_view.cannot_or_fail,N,High,1,Slife,Slife,10010000010274,run_walk.page_view.cannot_or_fail,设置运动目标只能在一定范围内选定，不能高于或低于系统设定范围,primary_clue,30,29,设置运动目标只能在一定范围内选定 不能高于或低于系统设定范围,1,
10010000011235,对用户的定位偏差较大（误差在几公里左右），对用户体验很不好。,对用户的定位偏差较大（误差在几公里左右），对用户体验很不好。,,Functional-Tracking,gps_track,gps,other,gps_track.gps.other,N,High,1,Slife,Slife,10010000011235,gps_track.gps.other,对用户的定位偏差较大（误差在几公里左右），对用户体验很不好。,primary_clue,30,26,对用户的定位偏差较大 误差在几公里左右 对用户体验很不好,1,
10010000011094,用户一直骑车，但是因为手机晃动的关系仍然有显示某段距离步行。,用户一直骑车，但是因为手机晃动的关系仍然有显示某段距离步行。,,Functional-Tracking,run_walk,step,other,run_walk.step.other,N,High,1,Slife,Slife,10010000011094,run_walk.step.other,用户一直骑车，但是因为手机晃动的关系仍然有显示某段距离步行。,primary_clue,30,28,用户一直骑车 但是因为手机晃动的关系仍然有显示某段距离步行,1,
10010000011441,一段时间没有运动应该显示停留记录，但该软件没有实现相应功能。,一段时间没有运动应该显示停留记录，但该软件没有实现相应功能。,,Functional-Tracking,run_walk,list_item,other,run_walk.list_item.other,N,High,1,Slife,Slife,10010000011441,run_walk.list_item.other,一段时间没有运动应该显示停留记录，但该软件没有实现相应功能。,primary_clue,30,28,一段时间没有运动应该显示停留记录 但该软件没有实现相应功能,1,
10010000011579,记录数据有延迟和卡顿。且过于敏感，将手部的摆动都记录进去了。,记录数据有延迟和卡顿。且过于敏感，将手部的摆动都记录进去了。,,Performance/Freeze,other,list_item,freeze,other.list_item.freeze,N,High,1,Slife,Slife,10010000011579,other.list_item.freeze,记录数据有延迟和卡顿。且过于敏感，将手部的摆动都记录进去了。,primary_clue,30,27,记录数据有延迟和卡顿 且过于敏感 将手部的摆动都记录进去了,1,
10010000007446,注册时，邮箱格式无法正确的识别，错误的格式也可以注册账号成功。,注册时，邮箱格式无法正确的识别，错误的格式也可以注册账号成功。,,Functional-Account,register,other,wrong_value,register.other.wrong_value,N,High,1,Slife,Slife,10010000007446,register.other.wrong_value,注册时，邮箱格式无法正确的识别，错误的格式也可以注册账号成功。,primary_clue,31,28,注册时 邮箱格式无法正确的识别 错误的格式也可以注册账号成功,1,
10010000007635,添加好友时，搜索功能不可用，输入好友信息后，无确定添加好友功能,添加好友时，搜索功能不可用，输入好友信息后，无确定添加好友功能,,Functional-Search,search,chat,other,search.chat.other,N,High,1,Slife,Slife,10010000007635,search.chat.other,添加好友时，搜索功能不可用，输入好友信息后，无确定添加好友功能,primary_clue,31,28,添加好友时 搜索功能不可用 输入好友信息后 无确定添加好友功能,1,
10010000010135,不能自行修改目标步数，只能根据软件本事设置的公式设置目标步数！,不能自行修改目标步数，只能根据软件本事设置的公式设置目标步数！,,Functional-Tracking,step_count,page_view,cannot_or_fail,step_count.page_view.cannot_or_fail,N,High,1,Slife,Slife,10010000010135,step_count.page_view.cannot_or_fail,不能自行修改目标步数，只能根据软件本事设置的公式设置目标步数！,primary_clue,31,29,不能自行修改目标步数 只能根据软件本事设置的公式设置目标步数,1,
10010000009911,设定运动目标时，不能进行手工输入步行步数，强迫症患者会感到难受,设定运动目标时，不能进行手工输入步行步数，强迫症患者会感到难受,,Functional-Tracking,step_count,step,cannot_or_fail,step_count.step.cannot_or_fail,N,High,1,Slife,Slife,10010000009911,step_count.step.cannot_or_fail,设定运动目标时，不能进行手工输入步行步数，强迫症患者会感到难受,primary_clue,31,29,设定运动目标时 不能进行手工输入步行步数 强迫症患者会感到难受,1,
10010000010538,建议可以使用离线模式，在离线模式时可以关闭定位，这样可以省电。,建议可以使用离线模式，在离线模式时可以关闭定位，这样可以省电。,,Functional-Tracking,gps_track,gps,other,gps_track.gps.other,N,High,1,Slife,Slife,10010000010538,gps_track.gps.other,建议可以使用离线模式，在离线模式时可以关闭定位，这样可以省电。,primary_clue,31,28,建议可以使用离线模式 在离线模式时可以关闭定位 这样可以省电,1,
10010000010709,.实际在走时，步数并未更新，但是直接晃动手机步数等数据就会更新,.实际在走时，步数并未更新，但是直接晃动手机步数等数据就会更新,,Functional-Tracking,step_count,step,wrong_value,step_count.step.wrong_value,N,High,1,Slife,Slife,10010000010709,step_count.step.wrong_value,.实际在走时，步数并未更新，但是直接晃动手机步数等数据就会更新,primary_clue,31,28,实际在走时 步数并未更新 但是直接晃动手机步数等数据就会更新,1,
10010000011165,搜索好友，明明存在该账户，也搜到了，但无法添加且提示用户不存在,搜索好友，明明存在该账户，也搜到了，但无法添加且提示用户不存在,,Functional-Search,search,chat,cannot_or_fail,search.chat.cannot_or_fail,N,High,1,Slife,Slife,10010000011165,search.chat.cannot_or_fail,搜索好友，明明存在该账户，也搜到了，但无法添加且提示用户不存在,primary_clue,31,28,搜索好友 明明存在该账户 也搜到了 但无法添加且提示用户不存在,1,
10010000010158,初始化界面是，选择头像，在低分辨率的三星手机下，无法正常显示。,初始化界面是，选择头像，在低分辨率的三星手机下，无法正常显示。,,UI/Display,other,page_view,cannot_or_fail,other.page_view.cannot_or_fail,N,Medium,1,Slife,Slife,10010000010158,other.page_view.cannot_or_fail,初始化界面是，选择头像，在低分辨率的三星手机下，无法正常显示。,primary_clue,31,27,初始化界面是 选择头像 在低分辨率的三星手机下 无法正常显示,1,
10010000010212,当我将今天的记录分享到朋友圈时，没有调到微信，而直接回到当前。,当我将今天的记录分享到朋友圈时，没有调到微信，而直接回到当前。,,Functional-Share,share,list_item,other,share.list_item.other,N,High,1,Slife,Slife,10010000010212,share.list_item.other,当我将今天的记录分享到朋友圈时，没有调到微信，而直接回到当前。,primary_clue,31,28,当我将今天的记录分享到朋友圈时 没有调到微信 而直接回到当前,1,
10010000010296,"没有启动GPS或者GPS无法连接,只有步数统计，其它统计一概是0","没有启动GPS或者GPS无法连接,只有步数统计，其它统计一概是0",,Functional-Tracking,step_count,gps,cannot_or_fail,step_count.gps.cannot_or_fail,N,High,1,Slife,Slife,10010000010296,step_count.gps.cannot_or_fail,"没有启动GPS或者GPS无法连接,只有步数统计，其它统计一概是0",primary_clue,32,30,没有启动gps或者gps无法连接 只有步数统计 其它统计一概是0,1,
10010000010698,运动情况页面中，中间位置的步数总计与下面的分时间段统计之和不一致,运动情况页面中，中间位置的步数总计与下面的分时间段统计之和不一致,,Functional-Tracking,step_count,page_view,other,step_count.page_view.other,N,High,1,Slife,Slife,10010000010698,step_count.page_view.other,运动情况页面中，中间位置的步数总计与下面的分时间段统计之和不一致,primary_clue,32,31,运动情况页面中 中间位置的步数总计与下面的分时间段统计之和不一致,1,
10010000011551,每天当中的运动详细信息的呈现不太美观，不能呈现出他想要表达的意思,每天当中的运动详细信息的呈现不太美观，不能呈现出他想要表达的意思,,Functional-Tracking,run_walk,other,cannot_or_fail,run_walk.other.cannot_or_fail,N,High,1,Slife,Slife,10010000011551,run_walk.other.cannot_or_fail,每天当中的运动详细信息的呈现不太美观，不能呈现出他想要表达的意思,primary_clue,32,31,每天当中的运动详细信息的呈现不太美观 不能呈现出他想要表达的意思,1,
10010000011207,有时候应用会错误的关闭，后台没有运行，下图也是骑自行车的一段时间,有时候应用会错误的关闭，后台没有运行，下图也是骑自行车的一段时间,,Other,other,step,wrong_value,other.step.wrong_value,N,High,1,Slife,Slife,10010000011207,other.step.wrong_value,有时候应用会错误的关闭，后台没有运行，下图也是骑自行车的一段时间,primary_clue,32,30,有时候应用会错误的关闭 后台没有运行 下图也是骑自行车的一段时间,1,
10010000010491,拿着手机步行一段路程，观察到计步出现的都是偶数步，不存在奇数步。,拿着手机步行一段路程，观察到计步出现的都是偶数步，不存在奇数步。,,Functional-Tracking,step_count,other,other,step_count.other.other,N,High,1,Slife,Slife,10010000010491,step_count.other.other,拿着手机步行一段路程，观察到计步出现的都是偶数步，不存在奇数步。,primary_clue,32,29,拿着手机步行一段路程 观察到计步出现的都是偶数步 不存在奇数步,1,
10010000011443,点击”步行“查看运动数据及路径，不能跳转到查看数据及路径的页面。,点击”步行“查看运动数据及路径，不能跳转到查看数据及路径的页面。,,Functional-Tracking,run_walk,page_view,cannot_or_fail,run_walk.page_view.cannot_or_fail,N,High,1,Slife,Slife,10010000011443,run_walk.page_view.cannot_or_fail,点击”步行“查看运动数据及路径，不能跳转到查看数据及路径的页面。,primary_clue,32,28,点击 步行 查看运动数据及路径 不能跳转到查看数据及路径的页面,1,
10010000011539,活动趋势里面显示的运动数据的信息不清晰，不能清楚地看出运动数据。,活动趋势里面显示的运动数据的信息不清晰，不能清楚地看出运动数据。,,Functional-Tracking,run_walk,other,cannot_or_fail,run_walk.other.cannot_or_fail,N,High,1,Slife,Slife,10010000011539,run_walk.other.cannot_or_fail,活动趋势里面显示的运动数据的信息不清晰，不能清楚地看出运动数据。,primary_clue,32,30,活动趋势里面显示的运动数据的信息不清晰 不能清楚地看出运动数据,1,
10010000011572,网络正常情况下，分享朋友圈会闪屏，提示失败，甚至没有弹出分享页面,网络正常情况下，分享朋友圈会闪屏，提示失败，甚至没有弹出分享页面,,Functional-Share,share,page_view,cannot_share,share.page_view.cannot_share,N,High,1,Slife,Slife,10010000011572,share.page_view.cannot_share,网络正常情况下，分享朋友圈会闪屏，提示失败，甚至没有弹出分享页面,primary_clue,32,29,网络正常情况下 分享朋友圈会闪屏 提示失败 甚至没有弹出分享页面,1,
10010000010985,app不能实时更新系统时间改成之后的时间再改回来  app不变了,app不能实时更新系统时间改成之后的时间再改回来 app不变了,,Other,other,step,cannot_or_fail,other.step.cannot_or_fail,N,Medium,1,Slife,Slife,10010000010985,other.step.cannot_or_fail,app不能实时更新系统时间改成之后的时间再改回来 app不变了,primary_clue,31,30,app不能实时更新系统时间改成之后的时间再改回来 app不变了,1,
10010000011073,下面表现人处在某种状态时，不能正确表示，上面是步行，下面表示神游,下面表现人处在某种状态时，不能正确表示，上面是步行，下面表示神游,,Functional-Tracking,run_walk,other,cannot_or_fail,run_walk.other.cannot_or_fail,N,High,1,Slife,Slife,10010000011073,run_walk.other.cannot_or_fail,下面表现人处在某种状态时，不能正确表示，上面是步行，下面表示神游,primary_clue,32,29,下面表现人处在某种状态时 不能正确表示 上面是步行 下面表示神游,1,
10010000011136,用小米手机4运行软件，软件置于前台与软件置于后台计步有较大差距。,用小米手机4运行软件，软件置于前台与软件置于后台计步有较大差距。,,Functional-Tracking,step_count,other,other,step_count.other.other,N,High,1,Slife,Slife,10010000011136,step_count.other.other,用小米手机4运行软件，软件置于前台与软件置于后台计步有较大差距。,primary_clue,32,30,用小米手机4运行软件 软件置于前台与软件置于后台计步有较大差距,1,
10010000011202,没有网络条件下，分享给QQ好友，应用不提示网络异常，一直处于发送,没有网络条件下，分享给QQ好友，应用不提示网络异常，一直处于发送,,Network/Loading,share,chat,load_fail,share.chat.load_fail,N,High,1,Slife,Slife,10010000011202,share.chat.load_fail,没有网络条件下，分享给QQ好友，应用不提示网络异常，一直处于发送,primary_clue,32,29,没有网络条件下 分享给qq好友 应用不提示网络异常 一直处于发送,1,
10010000007585,添加好友不应该可以添加自己，此时不应该给出提示信息:该用户不存在。,添加好友不应该可以添加自己，此时不应该给出提示信息:该用户不存在。,,Functional-Social,other,chat,other,other.chat.other,N,High,1,Slife,Slife,10010000007585,other.chat.other,添加好友不应该可以添加自己，此时不应该给出提示信息:该用户不存在。,primary_clue,33,30,添加好友不应该可以添加自己 此时不应该给出提示信息 该用户不存在,1,
10010000007796,用户注册时，必须是邮箱注册登录，不能使用电话号码或是昵称注册登录。,用户注册时，必须是邮箱注册登录，不能使用电话号码或是昵称注册登录。,,Functional-Account,register,other,cannot_or_fail,register.other.cannot_or_fail,N,High,1,Slife,Slife,10010000007796,register.other.cannot_or_fail,用户注册时，必须是邮箱注册登录，不能使用电话号码或是昵称注册登录。,primary_clue,33,30,用户注册时 必须是邮箱注册登录 不能使用电话号码或是昵称注册登录,1,
10010000010512,分享运动结果中，朋友圈，Facebook，Twitter无法使用。,分享运动结果中，朋友圈，Facebook，Twitter无法使用。,,Functional-Share,share,share_panel,cannot_or_fail,share.share_panel.cannot_or_fail,N,High,1,Slife,Slife,10010000010512,share.share_panel.cannot_or_fail,分享运动结果中，朋友圈，Facebook，Twitter无法使用。,primary_clue,33,29,分享运动结果中 朋友圈 facebook twitter无法使用,1,
10010000010401,由于gps定位的特点和计算的问题，app步数存在有时时停时跳的现象,由于gps定位的特点和计算的问题，app步数存在有时时停时跳的现象,,Functional-Tracking,step_count,gps,other,step_count.gps.other,N,High,1,Slife,Slife,10010000010401,step_count.gps.other,由于gps定位的特点和计算的问题，app步数存在有时时停时跳的现象,primary_clue,33,32,由于gps定位的特点和计算的问题 app步数存在有时时停时跳的现象,1,
10010000010571,在添加好友中输入存在的用户名，点击搜索，点击添加，显示用户不存在。,在添加好友中输入存在的用户名，点击搜索，点击添加，显示用户不存在。,,Functional-Search,search,chat,other,search.chat.other,N,High,1,Slife,Slife,10010000010571,search.chat.other,在添加好友中输入存在的用户名，点击搜索，点击添加，显示用户不存在。,primary_clue,33,29,在添加好友中输入存在的用户名 点击搜索 点击添加 显示用户不存在,1,
10010000010420,通过查找邮箱账号查找好友，查找到了，然后添加好友，显示用户不存在。,通过查找邮箱账号查找好友，查找到了，然后添加好友，显示用户不存在。,,Functional-Account,search,chat,other,search.chat.other,N,High,1,Slife,Slife,10010000010420,search.chat.other,通过查找邮箱账号查找好友，查找到了，然后添加好友，显示用户不存在。,primary_clue,33,29,通过查找邮箱账号查找好友 查找到了 然后添加好友 显示用户不存在,1,
10010000011529,通过好友查找可以查找到好友，但是点击添加按钮，却提示该用户不存在。,通过好友查找可以查找到好友，但是点击添加按钮，却提示该用户不存在。,,Functional-Search,search,button_icon,other,search.button_icon.other,N,High,1,Slife,Slife,10010000011529,search.button_icon.other,通过好友查找可以查找到好友，但是点击添加按钮，却提示该用户不存在。,primary_clue,33,30,通过好友查找可以查找到好友 但是点击添加按钮 却提示该用户不存在,1,
10010000010383,具有明显的延迟，作为计步工具应该是灵敏的，但是该APP延迟比较明显,具有明显的延迟，作为计步工具应该是灵敏的，但是该APP延迟比较明显,,Performance/Freeze,step_count,other,freeze,step_count.other.freeze,N,High,1,Slife,Slife,10010000010383,step_count.other.freeze,具有明显的延迟，作为计步工具应该是灵敏的，但是该APP延迟比较明显,primary_clue,33,31,具有明显的延迟 作为计步工具应该是灵敏的 但是该app延迟比较明显,1,
10010000010522,分享到FAcebook，私生活软件出现无法分享，手机死机卡机现象。,分享到FAcebook，私生活软件出现无法分享，手机死机卡机现象。,,Performance/Freeze,share,share_panel,freeze,share.share_panel.freeze,N,High,1,Slife,Slife,10010000010522,share.share_panel.freeze,分享到FAcebook，私生活软件出现无法分享，手机死机卡机现象。,primary_clue,33,30,分享到facebook 私生活软件出现无法分享 手机死机卡机现象,1,
10010000010940,跑步数据以及运动路径：运动路径记录出错，将停留的时间算入步行的时间,跑步数据以及运动路径：运动路径记录出错，将停留的时间算入步行的时间,,Functional-Tracking,step_count,list_item,other,step_count.list_item.other,N,High,1,Slife,Slife,10010000010940,step_count.list_item.other,跑步数据以及运动路径：运动路径记录出错，将停留的时间算入步行的时间,primary_clue,33,31,跑步数据以及运动路径 运动路径记录出错 将停留的时间算入步行的时间,1,
10010000011575,6.活动汇总和活动详情下面就是分享列表，没有给汇总和详情留下空间。,活动汇总和活动详情下面就是分享列表，没有给汇总和详情留下空间。,,Functional-Share,share,list_item,other,share.list_item.other,N,High,1,Slife,Slife,10010000011575,share.list_item.other,活动汇总和活动详情下面就是分享列表，没有给汇总和详情留下空间。,primary_clue,31,29,活动汇总和活动详情下面就是分享列表 没有给汇总和详情留下空间,1,
10010000011301,同样差值为1卡路里，步数差值为30或者31，且不能设定步数为目标。,同样差值为1卡路里，步数差值为30或者31，且不能设定步数为目标。,,Functional-Tracking,step_count,step,cannot_or_fail,step_count.step.cannot_or_fail,N,High,1,Slife,Slife,10010000011301,step_count.step.cannot_or_fail,同样差值为1卡路里，步数差值为30或者31，且不能设定步数为目标。,primary_clue,33,30,同样差值为1卡路里 步数差值为30或者31 且不能设定步数为目标,1,
10010000007682,在设定目标，拖动进度条的时候不容易控制，应该设置为可以选择相应数字。,在设定目标，拖动进度条的时候不容易控制，应该设置为可以选择相应数字。,,UI/Display,settings,slider,other,settings.slider.other,N,Medium,1,Slife,Slife,10010000007682,settings.slider.other,在设定目标，拖动进度条的时候不容易控制，应该设置为可以选择相应数字。,primary_clue,34,31,在设定目标 拖动进度条的时候不容易控制 应该设置为可以选择相应数字,1,
10010000011178,设定目标时，最低值与最高值间隔太小，有大运动量的用户使用起来不合理。,设定目标时，最低值与最高值间隔太小，有大运动量的用户使用起来不合理。,,Functional-Tracking,run_walk,other,layout_issue,run_walk.other.layout_issue,N,High,1,Slife,Slife,10010000011178,run_walk.other.layout_issue,设定目标时，最低值与最高值间隔太小，有大运动量的用户使用起来不合理。,primary_clue,34,31,设定目标时 最低值与最高值间隔太小 有大运动量的用户使用起来不合理,1,
10010000011666,当通过Facebook分享时，页面一直处于过度状态，长时间出现进度条,当通过Facebook分享时，页面一直处于过度状态，长时间出现进度条,,Functional-Share,share,slider,other,share.slider.other,N,High,1,Slife,Slife,10010000011666,share.slider.other,当通过Facebook分享时，页面一直处于过度状态，长时间出现进度条,primary_clue,34,32,当通过facebook分享时 页面一直处于过度状态 长时间出现进度条,1,
10010000011077,停留提示，不能正确出现，当有时候不运动的时候，停留运动还不能正常出现,停留提示，不能正确出现，当有时候不运动的时候，停留运动还不能正常出现,,Functional-Tracking,run_walk,other,cannot_or_fail,run_walk.other.cannot_or_fail,N,High,1,Slife,Slife,10010000011077,run_walk.other.cannot_or_fail,停留提示，不能正确出现，当有时候不运动的时候，停留运动还不能正常出现,primary_clue,34,31,停留提示 不能正确出现 当有时候不运动的时候 停留运动还不能正常出现,1,
10010000010900,运动主页面的步行数据与步行状态下显示的不行数据不一致，不能同步更新。,运动主页面的步行数据与步行状态下显示的不行数据不一致，不能同步更新。,,Functional-Tracking,run_walk,page_view,cannot_or_fail,run_walk.page_view.cannot_or_fail,N,High,1,Slife,Slife,10010000010900,run_walk.page_view.cannot_or_fail,运动主页面的步行数据与步行状态下显示的不行数据不一致，不能同步更新。,primary_clue,34,32,运动主页面的步行数据与步行状态下显示的不行数据不一致 不能同步更新,1,
10010000011229,复现步骤:运动的qq分享会跳转到浏览器登录，没有直接在QQ应用上登录,复现步骤:运动的qq分享会跳转到浏览器登录，没有直接在QQ应用上登录,,Functional-Account,login,share_panel,other,login.share_panel.other,N,High,1,Slife,Slife,10010000011229,login.share_panel.other,复现步骤:运动的qq分享会跳转到浏览器登录，没有直接在QQ应用上登录,primary_clue,34,32,复现步骤 运动的qq分享会跳转到浏览器登录 没有直接在qq应用上登录,1,
10010000011555,5.运动时间只显示到分钟，可以具体到秒和分，这样的话可以方便计算步速,运动时间只显示到分钟，可以具体到秒和分，这样的话可以方便计算步速,,Functional-Tracking,run_walk,step,other,run_walk.step.other,N,High,1,Slife,Slife,10010000011555,run_walk.step.other,运动时间只显示到分钟，可以具体到秒和分，这样的话可以方便计算步速,primary_clue,32,30,运动时间只显示到分钟 可以具体到秒和分 这样的话可以方便计算步速,1,
10010000011494,点击分享到朋友圈和微博，不能分享。微博和微信确定已登录且不是网络问题,点击分享到朋友圈和微博，不能分享。微博和微信确定已登录且不是网络问题,,Functional-Account,login,share_panel,cannot_share,login.share_panel.cannot_share,N,High,1,Slife,Slife,10010000011494,login.share_panel.cannot_share,点击分享到朋友圈和微博，不能分享。微博和微信确定已登录且不是网络问题,primary_clue,34,32,点击分享到朋友圈和微博 不能分享 微博和微信确定已登录且不是网络问题,1,
10010000011445,在账户密码均正确的情况下，登录时间超过7s，且登录失败未给任何提示。,在账户密码均正确的情况下，登录时间超过7s，且登录失败未给任何提示。,,Functional-Account,login,step,cannot_or_fail,login.step.cannot_or_fail,N,High,1,Slife,Slife,10010000011445,login.step.cannot_or_fail,在账户密码均正确的情况下，登录时间超过7s，且登录失败未给任何提示。,primary_clue,34,31,在账户密码均正确的情况下 登录时间超过7s 且登录失败未给任何提示,1,
10010000007628,slife下载后  注册后直接登录  然后退出再登录就不能再登录成功了,slife下载后 注册后直接登录 然后退出再登录就不能再登录成功了,,Functional-Account,register,other,cannot_or_fail,register.other.cannot_or_fail,N,High,1,Slife,Slife,10010000007628,register.other.cannot_or_fail,slife下载后 注册后直接登录 然后退出再登录就不能再登录成功了,primary_clue,33,31,slife下载后 注册后直接登录 然后退出再登录就不能再登录成功了,1,
10010000007793,更改每日目标，增加100卡路里不行。300多是上限，不能每日增加100,更改每日目标，增加100卡路里不行。300多是上限，不能每日增加100,,Functional-Tracking,settings,step,cannot_or_fail,settings.step.cannot_or_fail,N,High,1,Slife,Slife,10010000007793,settings.step.cannot_or_fail,更改每日目标，增加100卡路里不行。300多是上限，不能每日增加100,primary_clue,35,32,更改每日目标 增加100卡路里不行 300多是上限 不能每日增加100,1,
10010000010229,只看到了处于神游状态，却没有提示如何切换到跑步，骑车，交通工具等状态。,只看到了处于神游状态，却没有提示如何切换到跑步，骑车，交通工具等状态。,,Functional-Tracking,run_walk,other,no_prompt,run_walk.other.no_prompt,N,High,1,Slife,Slife,10010000010229,run_walk.other.no_prompt,只看到了处于神游状态，却没有提示如何切换到跑步，骑车，交通工具等状态。,primary_clue,35,31,只看到了处于神游状态 却没有提示如何切换到跑步 骑车 交通工具等状态,1,
10010000010057,分享不成功，分享到朋友圈闪退，分享到QQ一直处于分享中。微博可以分享。,分享不成功，分享到朋友圈闪退，分享到QQ一直处于分享中。微博可以分享。,,Crash,share,share_panel,crash,share.share_panel.crash,N,High,1,Slife,Slife,10010000010057,share.share_panel.crash,分享不成功，分享到朋友圈闪退，分享到QQ一直处于分享中。微博可以分享。,primary_clue,35,31,分享不成功 分享到朋友圈闪退 分享到qq一直处于分享中 微博可以分享,1,
10010000011361,数据更新延迟或是数据不更新。最长活动时间和最长活动距离不可能一直为零。,数据更新延迟或是数据不更新。最长活动时间和最长活动距离不可能一直为零。,,Performance/Freeze,other,step,freeze,other.step.freeze,N,High,1,Slife,Slife,10010000011361,other.step.freeze,数据更新延迟或是数据不更新。最长活动时间和最长活动距离不可能一直为零。,primary_clue,35,33,数据更新延迟或是数据不更新 最长活动时间和最长活动距离不可能一直为零,1,
10010000010259,设置目标时，重新设置按钮是灰色的，给用户不可点击的感觉。但是可以点击。,设置目标时，重新设置按钮是灰色的，给用户不可点击的感觉。但是可以点击。,,UI/Display,settings,button_icon,other,settings.button_icon.other,N,Medium,1,Slife,Slife,10010000010259,settings.button_icon.other,设置目标时，重新设置按钮是灰色的，给用户不可点击的感觉。但是可以点击。,primary_clue,35,31,设置目标时 重新设置按钮是灰色的 给用户不可点击的感觉 但是可以点击,1,
10010000011797,"分享时，点击取消应该出现""您取消了分享""之类的提示，但显示的是发送失败","分享时，点击取消应该出现""您取消了分享""之类的提示，但显示的是发送失败",,Functional-Share,share,share_panel,cannot_send,share.share_panel.cannot_send,N,High,1,Slife,Slife,10010000011797,share.share_panel.cannot_send,"分享时，点击取消应该出现""您取消了分享""之类的提示，但显示的是发送失败",primary_clue,35,31,分享时 点击取消应该出现 您取消了分享 之类的提示 但显示的是发送失败,1,
10010000010375,设置目标中，点重新设置，设置过程中上一步按钮灰的，但可点，用户体验不佳,设置目标中，点重新设置，设置过程中上一步按钮灰的，但可点，用户体验不佳,,UI/Display,settings,button_icon,other,settings.button_icon.other,N,Medium,1,Slife,Slife,10010000010375,settings.button_icon.other,设置目标中，点重新设置，设置过程中上一步按钮灰的，但可点，用户体验不佳,primary_clue,35,31,设置目标中 点重新设置 设置过程中上一步按钮灰的 但可点 用户体验不佳,1,
10010000010675,停留这个功能只有在GPS时 才会出现， 应该提示用户打开GPS才能查看,停留这个功能只有在GPS时 才会出现， 应该提示用户打开GPS才能查看,,Functional-Tracking,gps_track,gps,other,gps_track.gps.other,N,High,1,Slife,Slife,10010000010675,gps_track.gps.other,停留这个功能只有在GPS时 才会出现， 应该提示用户打开GPS才能查看,primary_clue,35,32,停留这个功能只有在gps时 才会出现 应该提示用户打开gps才能查看,1,
10010000010231,应用介绍里，翻到最后一个界面后，无法跳转到系统首页界面，需要点击跳过。,应用介绍里，翻到最后一个界面后，无法跳转到系统首页界面，需要点击跳过。,,UI/Display,other,page_view,cannot_or_fail,other.page_view.cannot_or_fail,N,Medium,1,Slife,Slife,10010000010231,other.page_view.cannot_or_fail,应用介绍里，翻到最后一个界面后，无法跳转到系统首页界面，需要点击跳过。,primary_clue,35,31,应用介绍里 翻到最后一个界面后 无法跳转到系统首页界面 需要点击跳过,1,
10010000010797,同一个可以拥有不同的数据，应用程序存在着多点登陆的问题。数据无法统一。,同一个可以拥有不同的数据，应用程序存在着多点登陆的问题。数据无法统一。,,Other,other,other,cannot_or_fail,other.other.cannot_or_fail,N,Medium,1,Slife,Slife,10010000010797,other.other.cannot_or_fail,同一个可以拥有不同的数据，应用程序存在着多点登陆的问题。数据无法统一。,primary_clue,35,32,同一个可以拥有不同的数据 应用程序存在着多点登陆的问题 数据无法统一,1,
10010000010662,登录方法单一，只可以使用邮箱注册，没有其他方式，同时，不可以第三方登陆,登录方法单一，只可以使用邮箱注册，没有其他方式，同时，不可以第三方登陆,,Functional-Account,register,other,cannot_or_fail,register.other.cannot_or_fail,N,High,1,Slife,Slife,10010000010662,register.other.cannot_or_fail,登录方法单一，只可以使用邮箱注册，没有其他方式，同时，不可以第三方登陆,primary_clue,35,31,登录方法单一 只可以使用邮箱注册 没有其他方式 同时 不可以第三方登陆,1,
10010000010577,操作3通过更多选择分享到朋友圈后，分享成功时，没有提示，影响用户体验。,操作3通过更多选择分享到朋友圈后，分享成功时，没有提示，影响用户体验。,,Functional-Share,share,share_panel,no_prompt,share.share_panel.no_prompt,N,High,1,Slife,Slife,10010000010577,share.share_panel.no_prompt,操作3通过更多选择分享到朋友圈后，分享成功时，没有提示，影响用户体验。,primary_clue,35,31,操作3通过更多选择分享到朋友圈后 分享成功时 没有提示 影响用户体验,1,
10010000010680,不能使用QQ或者微信等第三方软件登陆，造成了此应用在一定方面的局限性。,不能使用QQ或者微信等第三方软件登陆，造成了此应用在一定方面的局限性。,,Other,other,other,cannot_or_fail,other.other.cannot_or_fail,N,Medium,1,Slife,Slife,10010000010680,other.other.cannot_or_fail,不能使用QQ或者微信等第三方软件登陆，造成了此应用在一定方面的局限性。,primary_clue,35,33,不能使用qq或者微信等第三方软件登陆 造成了此应用在一定方面的局限性,1,
10010000010582,"点击朋友圈,teitter，显示发送失败，请重试。
重试结果也为失败。","点击朋友圈,teitter，显示发送失败，请重试。",重试结果也为失败。,Functional-Share,share,share_panel,cannot_send,share.share_panel.cannot_send,Y,Medium,2,Slife,Slife,10010000010582,share.share_panel.cannot_send,"点击朋友圈,teitter，显示发送失败，请重试。",primary_clue,25,21,点击朋友圈 teitter 显示发送失败 请重试,1,
10010000010791,分享到qq页面，打开之后看到的只是app的推广链接，不能看到分享的数据,分享到qq页面，打开之后看到的只是app的推广链接，不能看到分享的数据,,Functional-Share,share,page_view,cannot_or_fail,share.page_view.cannot_or_fail,N,High,1,Slife,Slife,10010000010791,share.page_view.cannot_or_fail,分享到qq页面，打开之后看到的只是app的推广链接，不能看到分享的数据,primary_clue,35,33,分享到qq页面 打开之后看到的只是app的推广链接 不能看到分享的数据,1,
10010000011318,活动数据不能分享到微信朋友圈。每次分享都是发送失败，请重试。如图所示：,活动数据不能分享到微信朋友圈。每次分享都是发送失败，请重试。如图所示：,,Functional-Share,share,share_panel,cannot_send,share.share_panel.cannot_send,N,High,1,Slife,Slife,10010000011318,share.share_panel.cannot_send,活动数据不能分享到微信朋友圈。每次分享都是发送失败，请重试。如图所示：,primary_clue,35,31,活动数据不能分享到微信朋友圈 每次分享都是发送失败 请重试 如图所示,1,
10010000011553,在停止运动后的至少4分钟内，步行时间会在手机静止的情况下自动向上累积。,在停止运动后的至少4分钟内，步行时间会在手机静止的情况下自动向上累积。,,Functional-Tracking,run_walk,step,other,run_walk.step.other,N,High,1,Slife,Slife,10010000011553,run_walk.step.other,在停止运动后的至少4分钟内，步行时间会在手机静止的情况下自动向上累积。,primary_clue,35,33,在停止运动后的至少4分钟内 步行时间会在手机静止的情况下自动向上累积,1,
10010000011733,适配度不高，在分享自己的相关信息到朋友圈的时候出现了错误不能分享的问题。,适配度不高，在分享自己的相关信息到朋友圈的时候出现了错误不能分享的问题。,,Functional-Share,share,share_panel,wrong_value,share.share_panel.wrong_value,N,High,1,Slife,Slife,10010000011733,share.share_panel.wrong_value,适配度不高，在分享自己的相关信息到朋友圈的时候出现了错误不能分享的问题。,primary_clue,36,34,适配度不高 在分享自己的相关信息到朋友圈的时候出现了错误不能分享的问题,1,
10010000010406,计数:在计数的时候我明明走了十步却不是增加这么多。在，精确度上不够准确。,计数:在计数的时候我明明走了十步却不是增加这么多。在，精确度上不够准确。,,Other,other,other,wrong_value,other.other.wrong_value,N,High,1,Slife,Slife,10010000010406,other.other.wrong_value,计数:在计数的时候我明明走了十步却不是增加这么多。在，精确度上不够准确。,primary_clue,36,32,计数 在计数的时候我明明走了十步却不是增加这么多 在 精确度上不够准确,1,
10010000010454,定位:运动路径的定位不够准确。我明明在我们的教学楼，它却显示我在图书馆。,定位:运动路径的定位不够准确。我明明在我们的教学楼，它却显示我在图书馆。,,Functional-Tracking,gps_track,gps,wrong_value,gps_track.gps.wrong_value,N,High,1,Slife,Slife,10010000010454,gps_track.gps.wrong_value,定位:运动路径的定位不够准确。我明明在我们的教学楼，它却显示我在图书馆。,primary_clue,36,32,定位 运动路径的定位不够准确 我明明在我们的教学楼 它却显示我在图书馆,1,
10010000010898,设置运动目标功能，个人信息设置页面，米与英尺换算错误，8英尺应为2.4米,设置运动目标功能，个人信息设置页面，米与英尺换算错误，8英尺应为2.4米,,Functional-Tracking,run_walk,page_view,wrong_value,run_walk.page_view.wrong_value,N,High,1,Slife,Slife,10010000010898,run_walk.page_view.wrong_value,设置运动目标功能，个人信息设置页面，米与英尺换算错误，8英尺应为2.4米,primary_clue,36,32,设置运动目标功能 个人信息设置页面 米与英尺换算错误 8英尺应为2 4米,1,
10010000010943,NOTE手机使用中，在断网情况下，修改密码，直接向系统内置错误代码抛出。,NOTE手机使用中，在断网情况下，修改密码，直接向系统内置错误代码抛出。,,Functional-Account,other,other,wrong_value,other.other.wrong_value,N,High,1,Slife,Slife,10010000010943,other.other.wrong_value,NOTE手机使用中，在断网情况下，修改密码，直接向系统内置错误代码抛出。,primary_clue,36,32,note手机使用中 在断网情况下 修改密码 直接向系统内置错误代码抛出,1,
10010000010417,在qq分享后，并非分享运动结果，而是分享APP下载链接，严重影响用户体验,在qq分享后，并非分享运动结果，而是分享APP下载链接，严重影响用户体验,,Functional-Share,share,share_panel,wrong_value,share.share_panel.wrong_value,N,High,1,Slife,Slife,10010000010417,share.share_panel.wrong_value,在qq分享后，并非分享运动结果，而是分享APP下载链接，严重影响用户体验,primary_clue,36,33,在qq分享后 并非分享运动结果 而是分享app下载链接 严重影响用户体验,1,
10010000010970,目标设置无法精确设定，只能靠滑条来进行设置，导致精确设置某个值时不好操作,目标设置无法精确设定，只能靠滑条来进行设置，导致精确设置某个值时不好操作,,UI/Display,settings,page_view,cannot_or_fail,settings.page_view.cannot_or_fail,N,Medium,1,Slife,Slife,10010000010970,settings.page_view.cannot_or_fail,目标设置无法精确设定，只能靠滑条来进行设置，导致精确设置某个值时不好操作,primary_clue,36,34,目标设置无法精确设定 只能靠滑条来进行设置 导致精确设置某个值时不好操作,1,
10010000011793,用户在运行软件时，会无规律的不时出现闪退的现象，极大的降低了用户体验度。,用户在运行软件时，会无规律的不时出现闪退的现象，极大的降低了用户体验度。,,Crash,other,other,crash,other.other.crash,N,High,1,Slife,Slife,10010000011793,other.other.crash,用户在运行软件时，会无规律的不时出现闪退的现象，极大的降低了用户体验度。,primary_clue,36,33,用户在运行软件时 会无规律的不时出现闪退的现象 极大的降低了用户体验度,1,
10010000011784,跑步时其记录的跑步步数与实际不一致，例如：实际跑步20步，但计算出35步,跑步时其记录的跑步步数与实际不一致，例如：实际跑步20步，但计算出35步,,Functional-Tracking,step_count,list_item,other,step_count.list_item.other,N,High,1,Slife,Slife,10010000011784,step_count.list_item.other,跑步时其记录的跑步步数与实际不一致，例如：实际跑步20步，但计算出35步,primary_clue,36,33,跑步时其记录的跑步步数与实际不一致 例如 实际跑步20步 但计算出35步,1,
10010000007560,"在注册时密码输入框附近未提示密码格式、长度要求,用户自由设置密码,不够安全","在注册时密码输入框附近未提示密码格式、长度要求,用户自由设置密码,不够安全",,Functional-Account,register,input_box,no_prompt,register.input_box.no_prompt,N,High,1,Slife,Slife,10010000007560,register.input_box.no_prompt,"在注册时密码输入框附近未提示密码格式、长度要求,用户自由设置密码,不够安全",primary_clue,37,34,在注册时密码输入框附近未提示密码格式 长度要求 用户自由设置密码 不够安全,1,
10010000011033,将运动结果通过转发功能分享到各个平台，当点击转发到朋友圈出现不正常的闪退。,将运动结果通过转发功能分享到各个平台，当点击转发到朋友圈出现不正常的闪退。,,Crash,share,share_panel,crash,share.share_panel.crash,N,High,1,Slife,Slife,10010000011033,share.share_panel.crash,将运动结果通过转发功能分享到各个平台，当点击转发到朋友圈出现不正常的闪退。,primary_clue,37,35,将运动结果通过转发功能分享到各个平台 当点击转发到朋友圈出现不正常的闪退,1,
10010000010416,运动过程中，关闭GPS定位，手部如果不做出大幅度动作，应用就无法统计数据。,运动过程中，关闭GPS定位，手部如果不做出大幅度动作，应用就无法统计数据。,,Functional-Tracking,gps_track,gps,cannot_or_fail,gps_track.gps.cannot_or_fail,N,High,1,Slife,Slife,10010000010416,gps_track.gps.cannot_or_fail,运动过程中，关闭GPS定位，手部如果不做出大幅度动作，应用就无法统计数据。,primary_clue,37,33,运动过程中 关闭gps定位 手部如果不做出大幅度动作 应用就无法统计数据,1,
10010000010326,在搜索好友时，在搜索页面进行好友添加时，并没有搜索按钮，用户使用中带来不便,在搜索好友时，在搜索页面进行好友添加时，并没有搜索按钮，用户使用中带来不便,,Functional-Search,search,button_icon,other,search.button_icon.other,N,High,1,Slife,Slife,10010000010326,search.button_icon.other,在搜索好友时，在搜索页面进行好友添加时，并没有搜索按钮，用户使用中带来不便,primary_clue,37,34,在搜索好友时 在搜索页面进行好友添加时 并没有搜索按钮 用户使用中带来不便,1,
10010000011279,分享时，上面有活动汇总和活动详细按钮，点击切换没有区别，不知道做什么用的。,分享时，上面有活动汇总和活动详细按钮，点击切换没有区别，不知道做什么用的。,,Functional-Share,share,button_icon,other,share.button_icon.other,N,High,1,Slife,Slife,10010000011279,share.button_icon.other,分享时，上面有活动汇总和活动详细按钮，点击切换没有区别，不知道做什么用的。,primary_clue,37,33,分享时 上面有活动汇总和活动详细按钮 点击切换没有区别 不知道做什么用的,1,
10010000010228,个人信息页面，重新设置按钮为灰色。容易使用户产生误区，误以为此按钮不能用。,个人信息页面，重新设置按钮为灰色。容易使用户产生误区，误以为此按钮不能用。,,UI/Display,settings,button_icon,cannot_or_fail,settings.button_icon.cannot_or_fail,N,Medium,1,Slife,Slife,10010000010228,settings.button_icon.cannot_or_fail,个人信息页面，重新设置按钮为灰色。容易使用户产生误区，误以为此按钮不能用。,primary_clue,37,33,个人信息页面 重新设置按钮为灰色 容易使用户产生误区 误以为此按钮不能用,1,
10010000011476,只有步行/跑步，没有骑行的选项，不同运动消耗的卡路里不能区分，功能不完善。,只有步行/跑步，没有骑行的选项，不同运动消耗的卡路里不能区分，功能不完善。,,Functional-Tracking,run_walk,step,cannot_or_fail,run_walk.step.cannot_or_fail,N,High,1,Slife,Slife,10010000011476,run_walk.step.cannot_or_fail,只有步行/跑步，没有骑行的选项，不同运动消耗的卡路里不能区分，功能不完善。,primary_clue,37,32,只有步行 跑步 没有骑行的选项 不同运动消耗的卡路里不能区分 功能不完善,1,
10010000011703,应用简介 有生活轨迹 ，但实际app中 没有这个功能 ，与应用简介严重不符,应用简介 有生活轨迹 ，但实际app中 没有这个功能 ，与应用简介严重不符,,Functional-Tracking,gps_track,gps,other,gps_track.gps.other,N,High,1,Slife,Slife,10010000011703,gps_track.gps.other,应用简介 有生活轨迹 ，但实际app中 没有这个功能 ，与应用简介严重不符,primary_clue,37,31,应用简介 有生活轨迹 但实际app中 没有这个功能 与应用简介严重不符,1,
10010000010676,时间不更新，开始的时候时间还更新，到后面，时间就一直停留在8分钟处不更新了,时间不更新，开始的时候时间还更新，到后面，时间就一直停留在8分钟处不更新了,,Other,other,step,wrong_value,other.step.wrong_value,N,High,1,Slife,Slife,10010000010676,other.step.wrong_value,时间不更新，开始的时候时间还更新，到后面，时间就一直停留在8分钟处不更新了,primary_clue,37,34,时间不更新 开始的时候时间还更新 到后面 时间就一直停留在8分钟处不更新了,1,
10010000010848,可以分享给QQ好友，微信好友，QQ空间！但是分享到朋友圈和微博都不能成功！,可以分享给QQ好友，微信好友，QQ空间！但是分享到朋友圈和微博都不能成功！,,Functional-Share,share,chat,cannot_or_fail,share.chat.cannot_or_fail,N,High,1,Slife,Slife,10010000010848,share.chat.cannot_or_fail,可以分享给QQ好友，微信好友，QQ空间！但是分享到朋友圈和微博都不能成功！,primary_clue,37,33,可以分享给qq好友 微信好友 qq空间 但是分享到朋友圈和微博都不能成功,1,
10010000011177,在后面的界面中不能分享到朋友圈和微博里边，只能在前面的里边才能分享到朋友圈,在后面的界面中不能分享到朋友圈和微博里边，只能在前面的里边才能分享到朋友圈,,Functional-Share,share,page_view,cannot_share,share.page_view.cannot_share,N,High,1,Slife,Slife,10010000011177,share.page_view.cannot_share,在后面的界面中不能分享到朋友圈和微博里边，只能在前面的里边才能分享到朋友圈,primary_clue,37,36,在后面的界面中不能分享到朋友圈和微博里边 只能在前面的里边才能分享到朋友圈,1,
10010000011408,点开分享的链接，显示的是关于APP的信息，不能查看到分享给好友的运动结果。,点开分享的链接，显示的是关于APP的信息，不能查看到分享给好友的运动结果。,,Functional-Share,share,chat,cannot_or_fail,share.chat.cannot_or_fail,N,High,1,Slife,Slife,10010000011408,share.chat.cannot_or_fail,点开分享的链接，显示的是关于APP的信息，不能查看到分享给好友的运动结果。,primary_clue,37,34,点开分享的链接 显示的是关于app的信息 不能查看到分享给好友的运动结果,1,
10010000007683,点击重新设置按钮，需要退回到第一步重新设置，有时候只需要设置当前页面就可以。,点击重新设置按钮，需要退回到第一步重新设置，有时候只需要设置当前页面就可以。,,UI/Display,settings,button_icon,other,settings.button_icon.other,N,Medium,1,Slife,Slife,10010000007683,settings.button_icon.other,点击重新设置按钮，需要退回到第一步重新设置，有时候只需要设置当前页面就可以。,primary_clue,38,35,点击重新设置按钮 需要退回到第一步重新设置 有时候只需要设置当前页面就可以,1,
10010000011152,Slife软件对于运动不敏感，当自己运动了有几分钟才会在首页的步数上有体现。,Slife软件对于运动不敏感，当自己运动了有几分钟才会在首页的步数上有体现。,,Functional-Tracking,step_count,page_view,other,step_count.page_view.other,N,High,1,Slife,Slife,10010000011152,step_count.page_view.other,Slife软件对于运动不敏感，当自己运动了有几分钟才会在首页的步数上有体现。,primary_clue,38,36,slife软件对于运动不敏感 当自己运动了有几分钟才会在首页的步数上有体现,1,
10010000011714,目标设置里，未登录设置目标，登陆后原来目标依存在，卸载软件后，设置目标消失。,目标设置里，未登录设置目标，登陆后原来目标依存在，卸载软件后，设置目标消失。,,Functional-Account,login,page_view,other,login.page_view.other,N,High,1,Slife,Slife,10010000011714,login.page_view.other,目标设置里，未登录设置目标，登陆后原来目标依存在，卸载软件后，设置目标消失。,primary_clue,38,33,目标设置里 未登录设置目标 登陆后原来目标依存在 卸载软件后 设置目标消失,1,
10010000010377,再添加好友页面当搜索当好友后，点击添加显示用户不存在。这是系统的性能bug。,再添加好友页面当搜索当好友后，点击添加显示用户不存在。这是系统的性能bug。,,Functional-Search,search,page_view,other,search.page_view.other,N,High,1,Slife,Slife,10010000010377,search.page_view.other,再添加好友页面当搜索当好友后，点击添加显示用户不存在。这是系统的性能bug。,primary_clue,38,35,再添加好友页面当搜索当好友后 点击添加显示用户不存在 这是系统的性能bug,1,
10010000011023,无法添加好友，当准备添加目标好友时，点击添加图标，提示用户不存在！详情看图片,无法添加好友，当准备添加目标好友时，点击添加图标，提示用户不存在！详情看图片,,Functional-Social,settings,button_icon,cannot_or_fail,settings.button_icon.cannot_or_fail,N,High,1,Slife,Slife,10010000011023,settings.button_icon.cannot_or_fail,无法添加好友，当准备添加目标好友时，点击添加图标，提示用户不存在！详情看图片,primary_clue,38,34,无法添加好友 当准备添加目标好友时 点击添加图标 提示用户不存在 详情看图片,1,
10010000011258,我并没有走动而是直接拿着手机抖动或者晃动，距离会跟着增加！软件定位存在缺陷！,我并没有走动而是直接拿着手机抖动或者晃动，距离会跟着增加！软件定位存在缺陷！,,Functional-Tracking,gps_track,gps,other,gps_track.gps.other,N,High,1,Slife,Slife,10010000011258,gps_track.gps.other,我并没有走动而是直接拿着手机抖动或者晃动，距离会跟着增加！软件定位存在缺陷！,primary_clue,38,35,我并没有走动而是直接拿着手机抖动或者晃动 距离会跟着增加 软件定位存在缺陷,1,
10010000011244,步数的记录一定程度上与手机的震动强度有关，当强度较小时，会出现步数计不上的情况,步数的记录一定程度上与手机的震动强度有关，当强度较小时，会出现步数计不上的情况,,Functional-Tracking,step_count,list_item,other,step_count.list_item.other,N,High,1,Slife,Slife,10010000011244,step_count.list_item.other,步数的记录一定程度上与手机的震动强度有关，当强度较小时，会出现步数计不上的情况,primary_clue,39,37,步数的记录一定程度上与手机的震动强度有关 当强度较小时 会出现步数计不上的情况,1,
10010000009983,设定目标以后，锁屏，或点击HOME至桌面，运动后在打开，期间不能统计更新数据。,设定目标以后，锁屏，或点击HOME至桌面，运动后在打开，期间不能统计更新数据。,,Functional-Tracking,run_walk,other,cannot_or_fail,run_walk.other.cannot_or_fail,N,High,1,Slife,Slife,10010000009983,run_walk.other.cannot_or_fail,设定目标以后，锁屏，或点击HOME至桌面，运动后在打开，期间不能统计更新数据。,primary_clue,39,34,设定目标以后 锁屏 或点击home至桌面 运动后在打开 期间不能统计更新数据,1,
10010000010240,在将运动结果进行分享时，在分享界面上，两个按钮（活动汇总和活动详细）没有区别。,在将运动结果进行分享时，在分享界面上，两个按钮（活动汇总和活动详细）没有区别。,,Functional-Share,share,button_icon,other,share.button_icon.other,N,High,1,Slife,Slife,10010000010240,share.button_icon.other,在将运动结果进行分享时，在分享界面上，两个按钮（活动汇总和活动详细）没有区别。,primary_clue,39,34,在将运动结果进行分享时 在分享界面上 两个按钮 活动汇总和活动详细 没有区别,1,
10010000011795,用户以不同方位摇动手机，出现的运动情况正面运动量会增加，侧面摇动运动量无反应。,用户以不同方位摇动手机，出现的运动情况正面运动量会增加，侧面摇动运动量无反应。,,Functional-Tracking,run_walk,other,cannot_or_fail,run_walk.other.cannot_or_fail,N,High,1,Slife,Slife,10010000011795,run_walk.other.cannot_or_fail,用户以不同方位摇动手机，出现的运动情况正面运动量会增加，侧面摇动运动量无反应。,primary_clue,39,36,用户以不同方位摇动手机 出现的运动情况正面运动量会增加 侧面摇动运动量无反应,1,
10010000011755,设置身高和体重时，设置身高为0.60m和200kg ，应用没有提示与实际不符合,设置身高和体重时，设置身高为0.60m和200kg ，应用没有提示与实际不符合,,Other,settings,page_view,no_prompt,settings.page_view.no_prompt,N,High,1,Slife,Slife,10010000011755,settings.page_view.no_prompt,设置身高和体重时，设置身高为0.60m和200kg ，应用没有提示与实际不符合,primary_clue,39,35,设置身高和体重时 设置身高为0 60m和200kg 应用没有提示与实际不符合,1,
10010000010878,步数记录问题。当运动速度过快时，步数统计和时间统计以及卡路里统计并不能记录上。,步数记录问题。当运动速度过快时，步数统计和时间统计以及卡路里统计并不能记录上。,,Functional-Tracking,step_count,list_item,cannot_or_fail,step_count.list_item.cannot_or_fail,N,High,1,Slife,Slife,10010000010878,step_count.list_item.cannot_or_fail,步数记录问题。当运动速度过快时，步数统计和时间统计以及卡路里统计并不能记录上。,primary_clue,39,36,步数记录问题 当运动速度过快时 步数统计和时间统计以及卡路里统计并不能记录上,1,
10010000010703,出现搜索好友的模块，但是不能添加好友。不管是针对对方的邮箱还是名称都不能添加。,出现搜索好友的模块，但是不能添加好友。不管是针对对方的邮箱还是名称都不能添加。,,Functional-Search,search,page_view,cannot_or_fail,search.page_view.cannot_or_fail,N,High,1,Slife,Slife,10010000010703,search.page_view.cannot_or_fail,出现搜索好友的模块，但是不能添加好友。不管是针对对方的邮箱还是名称都不能添加。,primary_clue,39,36,出现搜索好友的模块 但是不能添加好友 不管是针对对方的邮箱还是名称都不能添加,1,
10010000011483,下方统计运动时间记录，不够及时，时间延时5分钟左右，，最新时间与系统时间有偏差,下方统计运动时间记录，不够及时，时间延时5分钟左右，，最新时间与系统时间有偏差,,Functional-Tracking,run_walk,list_item,other,run_walk.list_item.other,N,High,1,Slife,Slife,10010000011483,run_walk.list_item.other,下方统计运动时间记录，不够及时，时间延时5分钟左右，，最新时间与系统时间有偏差,primary_clue,39,35,下方统计运动时间记录 不够及时 时间延时5分钟左右 最新时间与系统时间有偏差,1,
10010000011239,不能将结果分享于微博中，会显示服务器数据异常错误。在点击登录后显示文件不存在。,不能将结果分享于微博中，会显示服务器数据异常错误。在点击登录后显示文件不存在。,,Functional-Account,login,share_panel,wrong_value,login.share_panel.wrong_value,N,High,1,Slife,Slife,10010000011239,login.share_panel.wrong_value,不能将结果分享于微博中，会显示服务器数据异常错误。在点击登录后显示文件不存在。,primary_clue,39,36,不能将结果分享于微博中 会显示服务器数据异常错误 在点击登录后显示文件不存在,1,
10010000011205,在设定完运动目标后，不点击保存按钮，进行其它操作，软件不会提示数据没有被保存。,在设定完运动目标后，不点击保存按钮，进行其它操作，软件不会提示数据没有被保存。,,Functional-Tracking,run_walk,button_icon,other,run_walk.button_icon.other,N,High,1,Slife,Slife,10010000011205,run_walk.button_icon.other,在设定完运动目标后，不点击保存按钮，进行其它操作，软件不会提示数据没有被保存。,primary_clue,39,35,在设定完运动目标后 不点击保存按钮 进行其它操作 软件不会提示数据没有被保存,1,
10010000011783,9.保持停留在软件的首页，软件依旧显示应用已停止。即使正在增加步数也一样结果。,保持停留在软件的首页，软件依旧显示应用已停止。即使正在增加步数也一样结果。,,Functional-Tracking,step_count,page_view,other,step_count.page_view.other,N,High,1,Slife,Slife,10010000011783,step_count.page_view.other,保持停留在软件的首页，软件依旧显示应用已停止。即使正在增加步数也一样结果。,primary_clue,37,34,保持停留在软件的首页 软件依旧显示应用已停止 即使正在增加步数也一样结果,1,
10010000011787,没有连接网络时不能显示路径，没有GPS地点不会变化。任何时候运动方向不会改变。,没有连接网络时不能显示路径，没有GPS地点不会变化。任何时候运动方向不会改变。,,Functional-Tracking,gps_track,gps,cannot_or_fail,gps_track.gps.cannot_or_fail,N,High,1,Slife,Slife,10010000011787,gps_track.gps.cannot_or_fail,没有连接网络时不能显示路径，没有GPS地点不会变化。任何时候运动方向不会改变。,primary_clue,39,36,没有连接网络时不能显示路径 没有gps地点不会变化 任何时候运动方向不会改变,1,
10010000011405,点击分享，断开网络，选择分享通道，没有提示网络已断开，而是一直处于正在发送状态。,点击分享，断开网络，选择分享通道，没有提示网络已断开，而是一直处于正在发送状态。,,Functional-Share,share,share_panel,no_prompt,share.share_panel.no_prompt,N,High,1,Slife,Slife,10010000011405,share.share_panel.no_prompt,点击分享，断开网络，选择分享通道，没有提示网络已断开，而是一直处于正在发送状态。,primary_clue,40,35,点击分享 断开网络 选择分享通道 没有提示网络已断开 而是一直处于正在发送状态,1,
10010000011103,"第一步：进入应用主界面，点击右上角的分享按钮
第二步：分享到朋友圈，发现分享失败",第一步：进入应用主界面，点击右上角的分享按钮,第二步：分享到朋友圈，发现分享失败,Functional-Share,share,button_icon,other,share.button_icon.other,Y,Medium,2,Slife,Slife,10010000011103,share.button_icon.other,第一步：进入应用主界面，点击右上角的分享按钮,primary_clue,22,20,第一步 进入应用主界面 点击右上角的分享按钮,1,
10010000011222,"第一步：进入跑步数据记录主界面，随意晃动手机。
第二步：发现运动的步数也在变化。",第一步：进入跑步数据记录主界面，随意晃动手机。,第二步：发现运动的步数也在变化。,Functional-Tracking,step_count,page_view,other,step_count.page_view.other,Y,Medium,2,Slife,Slife,10010000011222,step_count.page_view.other,第一步：进入跑步数据记录主界面，随意晃动手机。,primary_clue,23,20,第一步 进入跑步数据记录主界面 随意晃动手机,1,
10010000010249,应用程序占用内存较小，但是耗电量较大，分析原因是其开启GPS定位进行相关运算所致,应用程序占用内存较小，但是耗电量较大，分析原因是其开启GPS定位进行相关运算所致,,Functional-Tracking,gps_track,gps,other,gps_track.gps.other,N,High,1,Slife,Slife,10010000010249,gps_track.gps.other,应用程序占用内存较小，但是耗电量较大，分析原因是其开启GPS定位进行相关运算所致,primary_clue,40,38,应用程序占用内存较小 但是耗电量较大 分析原因是其开启gps定位进行相关运算所致,1,
10010000010163,设定目标的时候，点击重新设置，如果想放弃重新设置，返回之前所设定的目标，无法返回,设定目标的时候，点击重新设置，如果想放弃重新设置，返回之前所设定的目标，无法返回,,Other,settings,page_view,cannot_or_fail,settings.page_view.cannot_or_fail,N,Medium,1,Slife,Slife,10010000010163,settings.page_view.cannot_or_fail,设定目标的时候，点击重新设置，如果想放弃重新设置，返回之前所设定的目标，无法返回,primary_clue,40,36,设定目标的时候 点击重新设置 如果想放弃重新设置 返回之前所设定的目标 无法返回,1,
10010000011281,在操作步骤9时，点击分享到facebook，一直处于loading状态无法响应。,在操作步骤9时，点击分享到facebook，一直处于loading状态无法响应。,,Functional-Share,share,share_panel,cannot_or_fail,share.share_panel.cannot_or_fail,N,High,1,Slife,Slife,10010000011281,share.share_panel.cannot_or_fail,在操作步骤9时，点击分享到facebook，一直处于loading状态无法响应。,primary_clue,40,37,在操作步骤9时 点击分享到facebook 一直处于loading状态无法响应,1,
10010000010612,除了步数其他三项延迟太严重，过了两分钟才出来，不是实时显示，比同类产品觅动还差！,除了步数其他三项延迟太严重，过了两分钟才出来，不是实时显示，比同类产品觅动还差！,,Performance/Freeze,step_count,step,freeze,step_count.step.freeze,N,High,1,Slife,Slife,10010000010612,step_count.step.freeze,除了步数其他三项延迟太严重，过了两分钟才出来，不是实时显示，比同类产品觅动还差！,primary_clue,40,36,除了步数其他三项延迟太严重 过了两分钟才出来 不是实时显示 比同类产品觅动还差,1,
10010000010187,对个人的体重进行设置界面，上一页按钮可以点击，但是颜色呈现灰色，不利于用户体验。,对个人的体重进行设置界面，上一页按钮可以点击，但是颜色呈现灰色，不利于用户体验。,,UI/Display,settings,button_icon,other,settings.button_icon.other,N,Medium,1,Slife,Slife,10010000010187,settings.button_icon.other,对个人的体重进行设置界面，上一页按钮可以点击，但是颜色呈现灰色，不利于用户体验。,primary_clue,40,36,对个人的体重进行设置界面 上一页按钮可以点击 但是颜色呈现灰色 不利于用户体验,1,
10010000011531,当进行运动信息分享时，点击进行朋友圈分享，提示“发送失败，请重试......”。,当进行运动信息分享时，点击进行朋友圈分享，提示“发送失败，请重试......”。,,Functional-Share,share,share_panel,cannot_send,share.share_panel.cannot_send,N,High,1,Slife,Slife,10010000011531,share.share_panel.cannot_send,当进行运动信息分享时，点击进行朋友圈分享，提示“发送失败，请重试......”。,primary_clue,40,28,当进行运动信息分享时 点击进行朋友圈分享 提示 发送失败 请重试,1,
10010000010850,没有一个手机号的验证或者是登陆邮箱发送验证码。在一定程度上造成了，邮箱号的泄漏，,没有一个手机号的验证或者是登陆邮箱发送验证码。在一定程度上造成了，邮箱号的泄漏，,,Functional-Account,message_send,other,other,message_send.other.other,N,High,1,Slife,Slife,10010000010850,message_send.other.other,没有一个手机号的验证或者是登陆邮箱发送验证码。在一定程度上造成了，邮箱号的泄漏，,primary_clue,40,37,没有一个手机号的验证或者是登陆邮箱发送验证码 在一定程度上造成了 邮箱号的泄漏,1,
10010000011078,"查看好友、排行榜时数据有时加载缓慢
并且在wifi、4g、3g下都出现了这种情况",查看好友、排行榜时数据有时加载缓慢,并且在wifi、4g、3g下都出现了这种情况,Functional-Social,other,chat,other,other.chat.other,Y,Medium,2,Slife,Slife,10010000011078,other.chat.other,查看好友、排行榜时数据有时加载缓慢,primary_clue,17,16,查看好友 排行榜时数据有时加载缓慢,1,
10010000011007,不能自己选择所使用的工具，无论是用什么工具完成设定目标，系统都是显示是步行状态。,不能自己选择所使用的工具，无论是用什么工具完成设定目标，系统都是显示是步行状态。,,Functional-Tracking,run_walk,other,cannot_or_fail,run_walk.other.cannot_or_fail,N,High,1,Slife,Slife,10010000011007,run_walk.other.cannot_or_fail,不能自己选择所使用的工具，无论是用什么工具完成设定目标，系统都是显示是步行状态。,primary_clue,40,37,不能自己选择所使用的工具 无论是用什么工具完成设定目标 系统都是显示是步行状态,1,
10010000011706,在个人设置页面点击重新设置按钮，需要从第一步开始重新设置。有时只想设置当前页面。,在个人设置页面点击重新设置按钮，需要从第一步开始重新设置。有时只想设置当前页面。,,UI/Display,settings,button_icon,other,settings.button_icon.other,N,Medium,1,Slife,Slife,10010000011706,settings.button_icon.other,在个人设置页面点击重新设置按钮，需要从第一步开始重新设置。有时只想设置当前页面。,primary_clue,40,37,在个人设置页面点击重新设置按钮 需要从第一步开始重新设置 有时只想设置当前页面,1,
10010000007763,修改密码成功后应该返回登录界面，不过应用未返回登录界面，仍旧返回的是修改密码子页面,修改密码成功后应该返回登录界面，不过应用未返回登录界面，仍旧返回的是修改密码子页面,,Functional-Account,login,page_view,other,login.page_view.other,N,High,1,Slife,Slife,10010000007763,login.page_view.other,修改密码成功后应该返回登录界面，不过应用未返回登录界面，仍旧返回的是修改密码子页面,primary_clue,41,39,修改密码成功后应该返回登录界面 不过应用未返回登录界面 仍旧返回的是修改密码子页面,1,
10010000011724,当不断点击分享各大平台按钮时，尤其是twitter和facebook，程序异常退出,当不断点击分享各大平台按钮时，尤其是twitter和facebook，程序异常退出,,Functional-Share,share,button_icon,other,share.button_icon.other,N,High,1,Slife,Slife,10010000011724,share.button_icon.other,当不断点击分享各大平台按钮时，尤其是twitter和facebook，程序异常退出,primary_clue,41,39,当不断点击分享各大平台按钮时 尤其是twitter和facebook 程序异常退出,1,
10010000011193,用户不行走，用手晃动手机也能增加步数的记录，相关数据也会跟着变动，但实际并不准确。,用户不行走，用手晃动手机也能增加步数的记录，相关数据也会跟着变动，但实际并不准确。,,Functional-Tracking,step_count,list_item,other,step_count.list_item.other,N,High,1,Slife,Slife,10010000011193,step_count.list_item.other,用户不行走，用手晃动手机也能增加步数的记录，相关数据也会跟着变动，但实际并不准确。,primary_clue,41,37,用户不行走 用手晃动手机也能增加步数的记录 相关数据也会跟着变动 但实际并不准确,1,
10010000011053,app里分享按钮应该分享的是用户个人的运动数据，但分享后的链接却是该APP的广告。,app里分享按钮应该分享的是用户个人的运动数据，但分享后的链接却是该APP的广告。,,Functional-Share,share,button_icon,other,share.button_icon.other,N,High,1,Slife,Slife,10010000011053,share.button_icon.other,app里分享按钮应该分享的是用户个人的运动数据，但分享后的链接却是该APP的广告。,primary_clue,41,39,app里分享按钮应该分享的是用户个人的运动数据 但分享后的链接却是该app的广告,1,
10010000011482,在操作步骤10时，停留时间有时候显示有时候不显示，并且这个蓝色的图标大小变化无常。,在操作步骤10时，停留时间有时候显示有时候不显示，并且这个蓝色的图标大小变化无常。,,UI/Display,other,button_icon,display_missing,other.button_icon.display_missing,N,High,1,Slife,Slife,10010000011482,other.button_icon.display_missing,在操作步骤10时，停留时间有时候显示有时候不显示，并且这个蓝色的图标大小变化无常。,primary_clue,41,38,在操作步骤10时 停留时间有时候显示有时候不显示 并且这个蓝色的图标大小变化无常,1,
10010000010056,获取用户位置时 ，没有信息提示 用户 是否同意允许软件进行定位。而是直接进行定位。,获取用户位置时 ，没有信息提示 用户 是否同意允许软件进行定位。而是直接进行定位。,,Functional-Tracking,gps_track,gps,other,gps_track.gps.other,N,High,1,Slife,Slife,10010000010056,gps_track.gps.other,获取用户位置时 ，没有信息提示 用户 是否同意允许软件进行定位。而是直接进行定位。,primary_clue,41,35,获取用户位置时 没有信息提示 用户 是否同意允许软件进行定位 而是直接进行定位,1,
10010000010861,将运动结果通过手机的QQ进行分享时，虽然分享成功，但显示的分享内容却不是运动结果。,将运动结果通过手机的QQ进行分享时，虽然分享成功，但显示的分享内容却不是运动结果。,,Functional-Share,share,share_panel,wrong_value,share.share_panel.wrong_value,N,High,1,Slife,Slife,10010000010861,share.share_panel.wrong_value,将运动结果通过手机的QQ进行分享时，虽然分享成功，但显示的分享内容却不是运动结果。,primary_clue,41,38,将运动结果通过手机的qq进行分享时 虽然分享成功 但显示的分享内容却不是运动结果,1,
10010000011016,用户在未登录的状态下任可将运动结果分享到社交平台上，如未登录时将运动结果分享至QQ,用户在未登录的状态下任可将运动结果分享到社交平台上，如未登录时将运动结果分享至QQ,,Functional-Account,login,share_panel,other,login.share_panel.other,N,High,1,Slife,Slife,10010000011016,login.share_panel.other,用户在未登录的状态下任可将运动结果分享到社交平台上，如未登录时将运动结果分享至QQ,primary_clue,41,40,用户在未登录的状态下任可将运动结果分享到社交平台上 如未登录时将运动结果分享至qq,1,
10010000011347,在使用该软件的时候，打开地图模式，查看运动路径，发现地图无法显示。刷新后恢复正常。,在使用该软件的时候，打开地图模式，查看运动路径，发现地图无法显示。刷新后恢复正常。,,Functional-Tracking,run_walk,other,cannot_or_fail,run_walk.other.cannot_or_fail,N,High,1,Slife,Slife,10010000011347,run_walk.other.cannot_or_fail,在使用该软件的时候，打开地图模式，查看运动路径，发现地图无法显示。刷新后恢复正常。,primary_clue,41,36,在使用该软件的时候 打开地图模式 查看运动路径 发现地图无法显示 刷新后恢复正常,1,
10010000011489,通过输入好友信息搜索到相关好友，但单击右侧“加号”按钮添加好友时总是显示用户不存在,通过输入好友信息搜索到相关好友，但单击右侧“加号”按钮添加好友时总是显示用户不存在,,Functional-Search,search,button_icon,other,search.button_icon.other,N,High,1,Slife,Slife,10010000011489,search.button_icon.other,通过输入好友信息搜索到相关好友，但单击右侧“加号”按钮添加好友时总是显示用户不存在,primary_clue,41,38,通过输入好友信息搜索到相关好友 但单击右侧 加号 按钮添加好友时总是显示用户不存在,1,
10010000011400,无法分享到朋友圈，分享的时候闪退显示“发送失败请重试”或分享后朋友圈无显示分享内容,无法分享到朋友圈，分享的时候闪退显示“发送失败请重试”或分享后朋友圈无显示分享内容,,Crash,share,share_panel,crash,share.share_panel.crash,N,High,1,Slife,Slife,10010000011400,share.share_panel.crash,无法分享到朋友圈，分享的时候闪退显示“发送失败请重试”或分享后朋友圈无显示分享内容,primary_clue,41,38,无法分享到朋友圈 分享的时候闪退显示 发送失败请重试 或分享后朋友圈无显示分享内容,1,
10010000011728,在通过跑步和走路的测试之后发现，步数无法立即显示而是要通过一段时间的延迟后才会显示,在通过跑步和走路的测试之后发现，步数无法立即显示而是要通过一段时间的延迟后才会显示,,Performance/Freeze,step_count,step,freeze,step_count.step.freeze,N,High,1,Slife,Slife,10010000011728,step_count.step.freeze,在通过跑步和走路的测试之后发现，步数无法立即显示而是要通过一段时间的延迟后才会显示,primary_clue,41,40,在通过跑步和走路的测试之后发现 步数无法立即显示而是要通过一段时间的延迟后才会显示,1,
10010000007432,用相机设置头像成功后，退出登录，再次登录后发现头像没有修改为相机设置，而是默认头像！,用相机设置头像成功后，退出登录，再次登录后发现头像没有修改为相机设置，而是默认头像！,,Functional-Account,login,page_view,other,login.page_view.other,N,High,1,Slife,Slife,10010000007432,login.page_view.other,用相机设置头像成功后，退出登录，再次登录后发现头像没有修改为相机设置，而是默认头像！,primary_clue,42,38,用相机设置头像成功后 退出登录 再次登录后发现头像没有修改为相机设置 而是默认头像,1,
10010000010554,将运动结果通过手机上的应用分享，手机出现的页面不是分享的数据页面而是安装此app页面,将运动结果通过手机上的应用分享，手机出现的页面不是分享的数据页面而是安装此app页面,,Functional-Share,share,page_view,wrong_value,share.page_view.wrong_value,N,High,1,Slife,Slife,10010000010554,share.page_view.wrong_value,将运动结果通过手机上的应用分享，手机出现的页面不是分享的数据页面而是安装此app页面,primary_clue,42,41,将运动结果通过手机上的应用分享 手机出现的页面不是分享的数据页面而是安装此app页面,1,
10010000011249,设置运动目标时，用户不能够自定义设置运动步数，可能会使一些运动量较少的用户感到困惑。,设置运动目标时，用户不能够自定义设置运动步数，可能会使一些运动量较少的用户感到困惑。,,Functional-Tracking,step_count,page_view,cannot_or_fail,step_count.page_view.cannot_or_fail,N,High,1,Slife,Slife,10010000011249,step_count.page_view.cannot_or_fail,设置运动目标时，用户不能够自定义设置运动步数，可能会使一些运动量较少的用户感到困惑。,primary_clue,42,39,设置运动目标时 用户不能够自定义设置运动步数 可能会使一些运动量较少的用户感到困惑,1,
10010000010412,未登录情况下，步数增加，卡路里、活动距离、最长活动时间均没有增加。 VIVO手机下。,未登录情况下，步数增加，卡路里、活动距离、最长活动时间均没有增加。 VIVO手机下。,,Functional-Account,login,step,other,login.step.other,N,High,1,Slife,Slife,10010000010412,login.step.other,未登录情况下，步数增加，卡路里、活动距离、最长活动时间均没有增加。 VIVO手机下。,primary_clue,42,35,未登录情况下 步数增加 卡路里 活动距离 最长活动时间均没有增加 vivo手机下,1,
10010000010357,本软件首页的布局显示比较奇特，隐藏了主要的功能选项，让用户易点击退出，使用也不太方便,本软件首页的布局显示比较奇特，隐藏了主要的功能选项，让用户易点击退出，使用也不太方便,,UI/Display,other,page_view,layout_issue,other.page_view.layout_issue,N,High,1,Slife,Slife,10010000010357,other.page_view.layout_issue,本软件首页的布局显示比较奇特，隐藏了主要的功能选项，让用户易点击退出，使用也不太方便,primary_clue,42,39,本软件首页的布局显示比较奇特 隐藏了主要的功能选项 让用户易点击退出 使用也不太方便,1,
10010000010902,在用户反馈的页面中，输入框中可以输入的文字没有设置上限，可能增加了后台人员阅读的难度,在用户反馈的页面中，输入框中可以输入的文字没有设置上限，可能增加了后台人员阅读的难度,,Input/Validation,settings,input_box,other,settings.input_box.other,N,High,1,Slife,Slife,10010000010902,settings.input_box.other,在用户反馈的页面中，输入框中可以输入的文字没有设置上限，可能增加了后台人员阅读的难度,primary_clue,42,40,在用户反馈的页面中 输入框中可以输入的文字没有设置上限 可能增加了后台人员阅读的难度,1,
10010000010817,查看此软件的储存大小发现，相比于其他计步软件，此APP的存储比较大，比较占手机的内存。,查看此软件的储存大小发现，相比于其他计步软件，此APP的存储比较大，比较占手机的内存。,,Functional-Tracking,step_count,other,other,step_count.other.other,N,High,1,Slife,Slife,10010000010817,step_count.other.other,查看此软件的储存大小发现，相比于其他计步软件，此APP的存储比较大，比较占手机的内存。,primary_clue,43,39,查看此软件的储存大小发现 相比于其他计步软件 此app的存储比较大 比较占手机的内存,1,
10010000010153,"不同的三个年龄段，1930，1980,2010，其推荐目标都是一样的，都为223卡路里","不同的三个年龄段，1930，1980,2010，其推荐目标都是一样的，都为223卡路里",,Functional-Tracking,settings,step,other,settings.step.other,N,High,1,Slife,Slife,10010000010153,settings.step.other,"不同的三个年龄段，1930，1980,2010，其推荐目标都是一样的，都为223卡路里",primary_clue,43,38,不同的三个年龄段 1930 1980 2010 其推荐目标都是一样的 都为223卡路里,1,
10010000010796,敏感度不强，步数统计，时间，距离无法实时更新，需进行一段时间后才发生变化，用户体验不好,敏感度不强，步数统计，时间，距离无法实时更新，需进行一段时间后才发生变化，用户体验不好,,Functional-Tracking,step_count,step,cannot_or_fail,step_count.step.cannot_or_fail,N,High,1,Slife,Slife,10010000010796,step_count.step.cannot_or_fail,敏感度不强，步数统计，时间，距离无法实时更新，需进行一段时间后才发生变化，用户体验不好,primary_clue,43,38,敏感度不强 步数统计 时间 距离无法实时更新 需进行一段时间后才发生变化 用户体验不好,1,
10010000010877,敏感度不强，步数，距离，时间，需进行一段时间后才发生变化，无法实时更新，用户体验不好。,敏感度不强，步数，距离，时间，需进行一段时间后才发生变化，无法实时更新，用户体验不好。,,Functional-Tracking,step_count,step,cannot_or_fail,step_count.step.cannot_or_fail,N,High,1,Slife,Slife,10010000010877,step_count.step.cannot_or_fail,敏感度不强，步数，距离，时间，需进行一段时间后才发生变化，无法实时更新，用户体验不好。,primary_clue,43,36,敏感度不强 步数 距离 时间 需进行一段时间后才发生变化 无法实时更新 用户体验不好,1,
10010000011748,在步数界面分享步数时，分享的链接是 APP的链接，无法分享今日所走步数，影响用户体验。,在步数界面分享步数时，分享的链接是 APP的链接，无法分享今日所走步数，影响用户体验。,,Functional-Share,share,page_view,cannot_share,share.page_view.cannot_share,N,High,1,Slife,Slife,10010000011748,share.page_view.cannot_share,在步数界面分享步数时，分享的链接是 APP的链接，无法分享今日所走步数，影响用户体验。,primary_clue,43,38,在步数界面分享步数时 分享的链接是 app的链接 无法分享今日所走步数 影响用户体验,1,
10010000011098,个人信息设置时，没有显示进度条，在填了五项信息后仍没有结束标志，导致用户对APP产生反感,个人信息设置时，没有显示进度条，在填了五项信息后仍没有结束标志，导致用户对APP产生反感,,Other,settings,slider,other,settings.slider.other,N,Medium,1,Slife,Slife,10010000011098,settings.slider.other,个人信息设置时，没有显示进度条，在填了五项信息后仍没有结束标志，导致用户对APP产生反感,primary_clue,44,41,个人信息设置时 没有显示进度条 在填了五项信息后仍没有结束标志 导致用户对app产生反感,1,
10010000010941,步行距离的记录存在延迟情况，步行路线的显示也存在大概率延迟，延迟时间为30s~60s不等,步行距离的记录存在延迟情况，步行路线的显示也存在大概率延迟，延迟时间为30s~60s不等,,Performance/Freeze,run_walk,list_item,freeze,run_walk.list_item.freeze,N,High,1,Slife,Slife,10010000010941,run_walk.list_item.freeze,步行距离的记录存在延迟情况，步行路线的显示也存在大概率延迟，延迟时间为30s~60s不等,primary_clue,44,41,步行距离的记录存在延迟情况 步行路线的显示也存在大概率延迟 延迟时间为30s 60s不等,1,
10010000010226,"无论年龄的大小，只要性别,体重,身高一样，步行和卡路里目标都是一样的。设定的目标不合理。","无论年龄的大小，只要性别,体重,身高一样，步行和卡路里目标都是一样的。设定的目标不合理。",,Functional-Tracking,run_walk,step,other,run_walk.step.other,N,High,1,Slife,Slife,10010000010226,run_walk.step.other,"无论年龄的大小，只要性别,体重,身高一样，步行和卡路里目标都是一样的。设定的目标不合理。",primary_clue,44,38,无论年龄的大小 只要性别 体重 身高一样 步行和卡路里目标都是一样的 设定的目标不合理,1,
10010000011611,计步过程中会出现缺步，多步表现。而且比较严重，实时更新有问题，在快速行进中，缺步问题明显,计步过程中会出现缺步，多步表现。而且比较严重，实时更新有问题，在快速行进中，缺步问题明显,,Functional-Tracking,step_count,other,other,step_count.other.other,N,High,1,Slife,Slife,10010000011611,step_count.other.other,计步过程中会出现缺步，多步表现。而且比较严重，实时更新有问题，在快速行进中，缺步问题明显,primary_clue,44,39,计步过程中会出现缺步 多步表现 而且比较严重 实时更新有问题 在快速行进中 缺步问题明显,1,
10010000011315,首页显示只有步行的步数产生变化，时间、距离、卡路里均为0；打开省电模式后，距离增加1米。,首页显示只有步行的步数产生变化，时间、距离、卡路里均为0,打开省电模式后，距离增加1米。,Functional-Tracking,step_count,page_view,other,step_count.page_view.other,Y,Medium,2,Slife,Slife,10010000011315,step_count.page_view.other,首页显示只有步行的步数产生变化，时间、距离、卡路里均为0,primary_clue,28,25,首页显示只有步行的步数产生变化 时间 距离 卡路里均为0,1,
10010000010277,不论男士还是女士，其推荐目标都是一样的，都为149卡路里，男士和女士其活动强度应该不一样,不论男士还是女士，其推荐目标都是一样的，都为149卡路里，男士和女士其活动强度应该不一样,,Functional-Tracking,settings,step,other,settings.step.other,N,High,1,Slife,Slife,10010000010277,settings.step.other,不论男士还是女士，其推荐目标都是一样的，都为149卡路里，男士和女士其活动强度应该不一样,primary_clue,44,41,不论男士还是女士 其推荐目标都是一样的 都为149卡路里 男士和女士其活动强度应该不一样,1,
10010000010215,"搜索方面不能过有特殊符号，不能有模糊查询
如#182.。。。
添加好友没有查找，并且确定",搜索方面不能过有特殊符号，不能有模糊查询,如#182.。。。 || 添加好友没有查找，并且确定,Functional-Search,search,other,cannot_or_fail,search.other.cannot_or_fail,Y,Medium,3,Slife,Slife,10010000010215,search.other.cannot_or_fail,搜索方面不能过有特殊符号，不能有模糊查询,primary_clue,20,19,搜索方面不能过有特殊符号 不能有模糊查询,1,
10010000010254,设置的个人信息界面，最低的步行步数为8995步，对于部分用户可能都达不到，影响用户体验。,设置的个人信息界面，最低的步行步数为8995步，对于部分用户可能都达不到，影响用户体验。,,Functional-Tracking,step_count,page_view,other,step_count.page_view.other,N,High,1,Slife,Slife,10010000010254,step_count.page_view.other,设置的个人信息界面，最低的步行步数为8995步，对于部分用户可能都达不到，影响用户体验。,primary_clue,44,40,设置的个人信息界面 最低的步行步数为8995步 对于部分用户可能都达不到 影响用户体验,1,
10010000010236,GPS试使用时间不会立刻随着时间的变化而变化，退出再进入也不会更改，如图在不同时间进入。,GPS试使用时间不会立刻随着时间的变化而变化，退出再进入也不会更改，如图在不同时间进入。,,Functional-Tracking,gps_track,gps,other,gps_track.gps.other,N,High,1,Slife,Slife,10010000010236,gps_track.gps.other,GPS试使用时间不会立刻随着时间的变化而变化，退出再进入也不会更改，如图在不同时间进入。,primary_clue,44,41,gps试使用时间不会立刻随着时间的变化而变化 退出再进入也不会更改 如图在不同时间进入,1,
10010000010392,"点击更多按钮，应该出现需要分享的平台，而不应该出现提示信息""截屏中""，再跳转到分享平台。","点击更多按钮，应该出现需要分享的平台，而不应该出现提示信息""截屏中""，再跳转到分享平台。",,Functional-Share,share,button_icon,other,share.button_icon.other,N,High,1,Slife,Slife,10010000010392,share.button_icon.other,"点击更多按钮，应该出现需要分享的平台，而不应该出现提示信息""截屏中""，再跳转到分享平台。",primary_clue,44,38,点击更多按钮 应该出现需要分享的平台 而不应该出现提示信息 截屏中 再跳转到分享平台,1,
10010000010481,图三是本来的历史记录为步行，选择跑步后，历史记录更改为图二中的跑步。历史记录不应该被更改,图三是本来的历史记录为步行，选择跑步后，历史记录更改为图二中的跑步。历史记录不应该被更改,,Functional-Tracking,run_walk,list_item,other,run_walk.list_item.other,N,High,1,Slife,Slife,10010000010481,run_walk.list_item.other,图三是本来的历史记录为步行，选择跑步后，历史记录更改为图二中的跑步。历史记录不应该被更改,primary_clue,44,41,图三是本来的历史记录为步行 选择跑步后 历史记录更改为图二中的跑步 历史记录不应该被更改,1,
10010000007417,"点击更多按钮，应该出现需要分享的平台，而不应该出现提示信息""截图成功""，再跳转到分享平台。","点击更多按钮，应该出现需要分享的平台，而不应该出现提示信息""截图成功""，再跳转到分享平台。",,Functional-Share,share,button_icon,other,share.button_icon.other,N,High,1,Slife,Slife,10010000007417,share.button_icon.other,"点击更多按钮，应该出现需要分享的平台，而不应该出现提示信息""截图成功""，再跳转到分享平台。",primary_clue,45,39,点击更多按钮 应该出现需要分享的平台 而不应该出现提示信息 截图成功 再跳转到分享平台,1,
10010000007556,"在用户名输入框输入格式不对的用户名时,未提示格式错误,要等到点注册后才会提示用户名格式错误","在用户名输入框输入格式不对的用户名时,未提示格式错误,要等到点注册后才会提示用户名格式错误",,Functional-Account,register,input_box,wrong_value,register.input_box.wrong_value,N,High,1,Slife,Slife,10010000007556,register.input_box.wrong_value,"在用户名输入框输入格式不对的用户名时,未提示格式错误,要等到点注册后才会提示用户名格式错误",primary_clue,45,43,在用户名输入框输入格式不对的用户名时 未提示格式错误 要等到点注册后才会提示用户名格式错误,1,
10010000011209,将运动结果通过微信朋友圈分享是，发送失败，通过Facebook分享时，一直停留在加载界面。,将运动结果通过微信朋友圈分享是，发送失败，通过Facebook分享时，一直停留在加载界面。,,Functional-Share,share,page_view,wrong_value,share.page_view.wrong_value,N,High,1,Slife,Slife,10010000011209,share.page_view.wrong_value,将运动结果通过微信朋友圈分享是，发送失败，通过Facebook分享时，一直停留在加载界面。,primary_clue,45,41,将运动结果通过微信朋友圈分享是 发送失败 通过facebook分享时 一直停留在加载界面,1,
10010000010968,在运动是当走了相应的步数后，会发现，此APP只是提示了步数，并没有提示消耗的卡路里为多少。,在运动是当走了相应的步数后，会发现，此APP只是提示了步数，并没有提示消耗的卡路里为多少。,,Functional-Tracking,step_count,step,no_prompt,step_count.step.no_prompt,N,High,1,Slife,Slife,10010000010968,step_count.step.no_prompt,在运动是当走了相应的步数后，会发现，此APP只是提示了步数，并没有提示消耗的卡路里为多少。,primary_clue,45,41,在运动是当走了相应的步数后 会发现 此app只是提示了步数 并没有提示消耗的卡路里为多少,1,
10010000010937,当携带该应用软件进行运动时，实际运动距离仅为30米左右，而显示的运动路径范围过大，不准确。,当携带该应用软件进行运动时，实际运动距离仅为30米左右，而显示的运动路径范围过大，不准确。,,Functional-Tracking,run_walk,step,other,run_walk.step.other,N,High,1,Slife,Slife,10010000010937,run_walk.step.other,当携带该应用软件进行运动时，实际运动距离仅为30米左右，而显示的运动路径范围过大，不准确。,primary_clue,45,41,当携带该应用软件进行运动时 实际运动距离仅为30米左右 而显示的运动路径范围过大 不准确,1,
10010000010288,当选择分享到微博的时候，会出现微博 和该app绑定的界面，可是点击“确定按钮”，没有一点反应,当选择分享到微博的时候，会出现微博 和该app绑定的界面，可是点击“确定按钮”，没有一点反应,,Functional-Account,share,button_icon,other,share.button_icon.other,N,High,1,Slife,Slife,10010000010288,share.button_icon.other,当选择分享到微博的时候，会出现微博 和该app绑定的界面，可是点击“确定按钮”，没有一点反应,primary_clue,46,40,当选择分享到微博的时候 会出现微博 和该app绑定的界面 可是点击 确定按钮 没有一点反应,1,
10010000010550,短信形式分享功能的图标名称“信息”应改为“短信”，在国内的安卓系统中短信功能常命名为“短信”,短信形式分享功能的图标名称“信息”应改为“短信”，在国内的安卓系统中短信功能常命名为“短信”,,Functional-Share,share,button_icon,other,share.button_icon.other,N,High,1,Slife,Slife,10010000010550,share.button_icon.other,短信形式分享功能的图标名称“信息”应改为“短信”，在国内的安卓系统中短信功能常命名为“短信”,primary_clue,46,39,短信形式分享功能的图标名称 信息 应改为 短信 在国内的安卓系统中短信功能常命名为 短信,1,
10010000011634,分享时，直接点击图标后只能分享软件，而无法分享步数等信息，只有通过点击更多按钮才能正确分享。,分享时，直接点击图标后只能分享软件，而无法分享步数等信息，只有通过点击更多按钮才能正确分享。,,Functional-Share,share,button_icon,cannot_share,share.button_icon.cannot_share,N,High,1,Slife,Slife,10010000011634,share.button_icon.cannot_share,分享时，直接点击图标后只能分享软件，而无法分享步数等信息，只有通过点击更多按钮才能正确分享。,primary_clue,46,42,分享时 直接点击图标后只能分享软件 而无法分享步数等信息 只有通过点击更多按钮才能正确分享,1,
10010000010884,建议将状态信息按照时间的顺序倒序排列，即时间最新的排在最前方，把最新的运动信息显示在第一个位置,建议将状态信息按照时间的顺序倒序排列，即时间最新的排在最前方，把最新的运动信息显示在第一个位置,,Functional-Tracking,run_walk,step,other,run_walk.step.other,N,High,1,Slife,Slife,10010000010884,run_walk.step.other,建议将状态信息按照时间的顺序倒序排列，即时间最新的排在最前方，把最新的运动信息显示在第一个位置,primary_clue,47,45,建议将状态信息按照时间的顺序倒序排列 即时间最新的排在最前方 把最新的运动信息显示在第一个位置,1,
10010000011333,用户在走路时软件有时不能立即来时记步数，存在一定的延迟时间，开始记步数时也就会差生一定的误差。,用户在走路时软件有时不能立即来时记步数，存在一定的延迟时间，开始记步数时也就会差生一定的误差。,,Performance/Freeze,step_count,step,freeze,step_count.step.freeze,N,High,1,Slife,Slife,10010000011333,step_count.step.freeze,用户在走路时软件有时不能立即来时记步数，存在一定的延迟时间，开始记步数时也就会差生一定的误差。,primary_clue,47,44,用户在走路时软件有时不能立即来时记步数 存在一定的延迟时间 开始记步数时也就会差生一定的误差,1,
10010000010091,"设定目标:制定目标的时候只能滑动滑块儿而无法让用户手动输入,在滑动的过程中容易导致精确度不够。","设定目标:制定目标的时候只能滑动滑块儿而无法让用户手动输入,在滑动的过程中容易导致精确度不够。",,Other,settings,other,cannot_or_fail,settings.other.cannot_or_fail,N,Medium,1,Slife,Slife,10010000010091,settings.other.cannot_or_fail,"设定目标:制定目标的时候只能滑动滑块儿而无法让用户手动输入,在滑动的过程中容易导致精确度不够。",primary_clue,47,44,设定目标 制定目标的时候只能滑动滑块儿而无法让用户手动输入 在滑动的过程中容易导致精确度不够,1,
10010000011374,定位误差太大，我只是在宿舍内来回走动，摇晃手机，但其记录的路径显示我穿过了街道，走了很远距离。,定位误差太大，我只是在宿舍内来回走动，摇晃手机，但其记录的路径显示我穿过了街道，走了很远距离。,,Functional-Tracking,gps_track,list_item,other,gps_track.list_item.other,N,High,1,Slife,Slife,10010000011374,gps_track.list_item.other,定位误差太大，我只是在宿舍内来回走动，摇晃手机，但其记录的路径显示我穿过了街道，走了很远距离。,primary_clue,47,42,定位误差太大 我只是在宿舍内来回走动 摇晃手机 但其记录的路径显示我穿过了街道 走了很远距离,1,
10010000011114,将我的运动情况分享给qq好友时，进行截图，但是在qq上看到的用户分享的却是该app应用的推荐。,将我的运动情况分享给qq好友时，进行截图，但是在qq上看到的用户分享的却是该app应用的推荐。,,Functional-Share,share,chat,other,share.chat.other,N,High,1,Slife,Slife,10010000011114,share.chat.other,将我的运动情况分享给qq好友时，进行截图，但是在qq上看到的用户分享的却是该app应用的推荐。,primary_clue,47,44,将我的运动情况分享给qq好友时 进行截图 但是在qq上看到的用户分享的却是该app应用的推荐,1,
10010000010340,当选择分享到朋友圈的时候 ，会直接闪退，然后提示“发.送失败，请重试”（重复了十几次次次如此）,当选择分享到朋友圈的时候 ，会直接闪退，然后提示“发.送失败，请重试”（重复了十几次次次如此）,,Crash,share,share_panel,crash,share.share_panel.crash,N,High,1,Slife,Slife,10010000010340,share.share_panel.crash,当选择分享到朋友圈的时候 ，会直接闪退，然后提示“发.送失败，请重试”（重复了十几次次次如此）,primary_clue,47,38,当选择分享到朋友圈的时候 会直接闪退 然后提示 发 送失败 请重试 重复了十几次次次如此,1,
10010000011068,步数计算不准确，有记录步数严重少于实际步数的情况。也有不步行，只是甩手步数就会快速上升的情况。,步数计算不准确，有记录步数严重少于实际步数的情况。也有不步行，只是甩手步数就会快速上升的情况。,,Functional-Tracking,step_count,list_item,wrong_value,step_count.list_item.wrong_value,N,High,1,Slife,Slife,10010000011068,step_count.list_item.wrong_value,步数计算不准确，有记录步数严重少于实际步数的情况。也有不步行，只是甩手步数就会快速上升的情况。,primary_clue,47,43,步数计算不准确 有记录步数严重少于实际步数的情况 也有不步行 只是甩手步数就会快速上升的情况,1,
10010000010312,在用户未登陆时，当将运动情况通过微信分享到朋友圈时，发送失败。而其他应用如qq则能够分享成功。,在用户未登陆时，当将运动情况通过微信分享到朋友圈时，发送失败。而其他应用如qq则能够分享成功。,,Functional-Share,share,share_panel,cannot_send,share.share_panel.cannot_send,N,High,1,Slife,Slife,10010000010312,share.share_panel.cannot_send,在用户未登陆时，当将运动情况通过微信分享到朋友圈时，发送失败。而其他应用如qq则能够分享成功。,primary_clue,47,43,在用户未登陆时 当将运动情况通过微信分享到朋友圈时 发送失败 而其他应用如qq则能够分享成功,1,
10010000010528,进行操作3选择分享到微信时，若分享给好友则只会显示一条图片名字的信息，不能显示图片具体的内容。,进行操作3选择分享到微信时，若分享给好友则只会显示一条图片名字的信息，不能显示图片具体的内容。,,Functional-Share,share,image_banner,cannot_or_fail,share.image_banner.cannot_or_fail,N,High,1,Slife,Slife,10010000010528,share.image_banner.cannot_or_fail,进行操作3选择分享到微信时，若分享给好友则只会显示一条图片名字的信息，不能显示图片具体的内容。,primary_clue,47,44,进行操作3选择分享到微信时 若分享给好友则只会显示一条图片名字的信息 不能显示图片具体的内容,1,
10010000010923,当开始运动，步数能够统计上时，其他统计并不能同步统计，有延迟，并且下方的状态显示一直显示停留。,当开始运动，步数能够统计上时，其他统计并不能同步统计，有延迟，并且下方的状态显示一直显示停留。,,Performance/Freeze,step_count,step,freeze,step_count.step.freeze,N,High,1,Slife,Slife,10010000010923,step_count.step.freeze,当开始运动，步数能够统计上时，其他统计并不能同步统计，有延迟，并且下方的状态显示一直显示停留。,primary_clue,47,42,当开始运动 步数能够统计上时 其他统计并不能同步统计 有延迟 并且下方的状态显示一直显示停留,1,
10010000010880,坚果手机分享到QQ后提示返回私生活，分享微信好友时提示返回第三方平台，分享到朋友圈无提示返回。,坚果手机分享到QQ后提示返回私生活，分享微信好友时提示返回第三方平台，分享到朋友圈无提示返回。,,Functional-Share,share,chat,no_prompt,share.chat.no_prompt,N,High,1,Slife,Slife,10010000010880,share.chat.no_prompt,坚果手机分享到QQ后提示返回私生活，分享微信好友时提示返回第三方平台，分享到朋友圈无提示返回。,primary_clue,47,44,坚果手机分享到qq后提示返回私生活 分享微信好友时提示返回第三方平台 分享到朋友圈无提示返回,1,
10010000011377,运动数据不会实时更新，会延迟0.5秒左右且数据与实际运动情况稍有不符。走路数据不实情况比较严重,运动数据不会实时更新，会延迟0.5秒左右且数据与实际运动情况稍有不符。走路数据不实情况比较严重,,Performance/Freeze,run_walk,other,freeze,run_walk.other.freeze,N,High,1,Slife,Slife,10010000011377,run_walk.other.freeze,运动数据不会实时更新，会延迟0.5秒左右且数据与实际运动情况稍有不符。走路数据不实情况比较严重,primary_clue,47,44,运动数据不会实时更新 会延迟0 5秒左右且数据与实际运动情况稍有不符 走路数据不实情况比较严重,1,
10010000007531,当用户拖动表情调节卡路里值时，表情下方的标度三角形不跟随表情移动，总是位于中间位置，视觉效果差。,当用户拖动表情调节卡路里值时，表情下方的标度三角形不跟随表情移动，总是位于中间位置，视觉效果差。,,Functional-Social,settings,slider,other,settings.slider.other,N,High,1,Slife,Slife,10010000007531,settings.slider.other,当用户拖动表情调节卡路里值时，表情下方的标度三角形不跟随表情移动，总是位于中间位置，视觉效果差。,primary_clue,48,44,当用户拖动表情调节卡路里值时 表情下方的标度三角形不跟随表情移动 总是位于中间位置 视觉效果差,1,
10010000011253,当我点击分享的其他按钮时，竟然首先自动截屏。而且等了好一会儿才出现系统自带的分享到其他平台的按钮,当我点击分享的其他按钮时，竟然首先自动截屏。而且等了好一会儿才出现系统自带的分享到其他平台的按钮,,Functional-Share,share,button_icon,other,share.button_icon.other,N,High,1,Slife,Slife,10010000011253,share.button_icon.other,当我点击分享的其他按钮时，竟然首先自动截屏。而且等了好一会儿才出现系统自带的分享到其他平台的按钮,primary_clue,48,46,当我点击分享的其他按钮时 竟然首先自动截屏 而且等了好一会儿才出现系统自带的分享到其他平台的按钮,1,
10010000010771,在活动趋势中，并没有很好的把用户所运动的时间距离及时的体现，使用户不能及时的发现现在所运动的状况,在活动趋势中，并没有很好的把用户所运动的时间距离及时的体现，使用户不能及时的发现现在所运动的状况,,Functional-Tracking,run_walk,step,cannot_or_fail,run_walk.step.cannot_or_fail,N,High,1,Slife,Slife,10010000010771,run_walk.step.cannot_or_fail,在活动趋势中，并没有很好的把用户所运动的时间距离及时的体现，使用户不能及时的发现现在所运动的状况,primary_clue,48,46,在活动趋势中 并没有很好的把用户所运动的时间距离及时的体现 使用户不能及时的发现现在所运动的状况,1,
10010000010203,在设定目标的时候，体重，身高，出生日期，只能滑动尺子，不能够直接输入值，而且没有小数，全是整数。,在设定目标的时候，体重，身高，出生日期，只能滑动尺子，不能够直接输入值，而且没有小数，全是整数。,,Other,settings,other,cannot_or_fail,settings.other.cannot_or_fail,N,Medium,1,Slife,Slife,10010000010203,settings.other.cannot_or_fail,在设定目标的时候，体重，身高，出生日期，只能滑动尺子，不能够直接输入值，而且没有小数，全是整数。,primary_clue,48,40,在设定目标的时候 体重 身高 出生日期 只能滑动尺子 不能够直接输入值 而且没有小数 全是整数,1,
10010000011434,主页面下拉，在分享列表的上方出现“活动汇总”、“活动详细”两个按钮，这两个按钮按下后没有任何功能,主页面下拉，在分享列表的上方出现“活动汇总”、“活动详细”两个按钮，这两个按钮按下后没有任何功能,,Functional-Share,share,button_icon,other,share.button_icon.other,N,High,1,Slife,Slife,10010000011434,share.button_icon.other,主页面下拉，在分享列表的上方出现“活动汇总”、“活动详细”两个按钮，这两个按钮按下后没有任何功能,primary_clue,48,41,主页面下拉 在分享列表的上方出现 活动汇总 活动详细 两个按钮 这两个按钮按下后没有任何功能,1,
10010000010793,跑步数据记录不准确，实时性差。坐着摇晃手机数据会变化，数据会大幅度跳跃变化，比如从24跳到35等,跑步数据记录不准确，实时性差。坐着摇晃手机数据会变化，数据会大幅度跳跃变化，比如从24跳到35等,,Functional-Tracking,step_count,list_item,other,step_count.list_item.other,N,High,1,Slife,Slife,10010000010793,step_count.list_item.other,跑步数据记录不准确，实时性差。坐着摇晃手机数据会变化，数据会大幅度跳跃变化，比如从24跳到35等,primary_clue,48,44,跑步数据记录不准确 实时性差 坐着摇晃手机数据会变化 数据会大幅度跳跃变化 比如从24跳到35等,1,
10010000010598,私生活作为一款计步软件，计步器不灵敏，用户在行走了一段距离并没有实时的计步，而是一下子增长很多步,私生活作为一款计步软件，计步器不灵敏，用户在行走了一段距离并没有实时的计步，而是一下子增长很多步,,Functional-Tracking,step_count,step,wrong_value,step_count.step.wrong_value,N,High,1,Slife,Slife,10010000010598,step_count.step.wrong_value,私生活作为一款计步软件，计步器不灵敏，用户在行走了一段距离并没有实时的计步，而是一下子增长很多步,primary_clue,48,45,私生活作为一款计步软件 计步器不灵敏 用户在行走了一段距离并没有实时的计步 而是一下子增长很多步,1,
10010000011251,当完成运动目标后，选择分享到社交平台，无法使用提供的朋友圈图标按钮分享到微信朋友圈，显示发送失败,当完成运动目标后，选择分享到社交平台，无法使用提供的朋友圈图标按钮分享到微信朋友圈，显示发送失败,,Functional-Share,share,button_icon,cannot_send,share.button_icon.cannot_send,N,High,1,Slife,Slife,10010000011251,share.button_icon.cannot_send,当完成运动目标后，选择分享到社交平台，无法使用提供的朋友圈图标按钮分享到微信朋友圈，显示发送失败,primary_clue,48,45,当完成运动目标后 选择分享到社交平台 无法使用提供的朋友圈图标按钮分享到微信朋友圈 显示发送失败,1,
10010000011030,当用户查看步数后，在查看其他的各项，如果用户处于运动状态，则圆形图标一直上下浮动，视觉效果不好。,当用户查看步数后，在查看其他的各项，如果用户处于运动状态，则圆形图标一直上下浮动，视觉效果不好。,,Functional-Tracking,step_count,button_icon,other,step_count.button_icon.other,N,High,1,Slife,Slife,10010000011030,step_count.button_icon.other,当用户查看步数后，在查看其他的各项，如果用户处于运动状态，则圆形图标一直上下浮动，视觉效果不好。,primary_clue,48,43,当用户查看步数后 在查看其他的各项 如果用户处于运动状态 则圆形图标一直上下浮动 视觉效果不好,1,
10010000010954,步行记录不能及时更新，有时需要等一段时间才能更新步行记录，有时可以及时更新，这会造成用户体验不好,步行记录不能及时更新，有时需要等一段时间才能更新步行记录，有时可以及时更新，这会造成用户体验不好,,Functional-Tracking,run_walk,list_item,cannot_or_fail,run_walk.list_item.cannot_or_fail,N,High,1,Slife,Slife,10010000010954,run_walk.list_item.cannot_or_fail,步行记录不能及时更新，有时需要等一段时间才能更新步行记录，有时可以及时更新，这会造成用户体验不好,primary_clue,48,45,步行记录不能及时更新 有时需要等一段时间才能更新步行记录 有时可以及时更新 这会造成用户体验不好,1,
10010000011376,点击骑行，进入骑行具体页面后，对屏幕进行截屏操作，返回骑行具体界面后显示大量空白，页面刷新失败。,点击骑行，进入骑行具体页面后，对屏幕进行截屏操作，返回骑行具体界面后显示大量空白，页面刷新失败。,,UI/Display,other,page_view,cannot_or_fail,other.page_view.cannot_or_fail,N,Medium,1,Slife,Slife,10010000011376,other.page_view.cannot_or_fail,点击骑行，进入骑行具体页面后，对屏幕进行截屏操作，返回骑行具体界面后显示大量空白，页面刷新失败。,primary_clue,48,43,点击骑行 进入骑行具体页面后 对屏幕进行截屏操作 返回骑行具体界面后显示大量空白 页面刷新失败,1,
10010000007557,"注册时输入格式不对的邮箱地址,未提示邮箱地址错误,要等到点击注册后才提示邮箱地址错误,用户体验不佳","注册时输入格式不对的邮箱地址,未提示邮箱地址错误,要等到点击注册后才提示邮箱地址错误,用户体验不佳",,Functional-Account,register,other,wrong_value,register.other.wrong_value,N,High,1,Slife,Slife,10010000007557,register.other.wrong_value,"注册时输入格式不对的邮箱地址,未提示邮箱地址错误,要等到点击注册后才提示邮箱地址错误,用户体验不佳",primary_clue,49,46,注册时输入格式不对的邮箱地址 未提示邮箱地址错误 要等到点击注册后才提示邮箱地址错误 用户体验不佳,1,
10010000010633,GPS定位不准确，同时内置高德地图上显示的记录的路径不准确，测试地点未发生变化但记录的路径已变化。,GPS定位不准确，同时内置高德地图上显示的记录的路径不准确，测试地点未发生变化但记录的路径已变化。,,Functional-Tracking,gps_track,list_item,other,gps_track.list_item.other,N,High,1,Slife,Slife,10010000010633,gps_track.list_item.other,GPS定位不准确，同时内置高德地图上显示的记录的路径不准确，测试地点未发生变化但记录的路径已变化。,primary_clue,49,46,gps定位不准确 同时内置高德地图上显示的记录的路径不准确 测试地点未发生变化但记录的路径已变化,1,
10010000009870,在进入设定目标时，只展现了每天的步行步数目标，而没有其他信息，使用户无法直接了解到设定的目标信息。,在进入设定目标时，只展现了每天的步行步数目标，而没有其他信息，使用户无法直接了解到设定的目标信息。,,Functional-Tracking,step_count,step,cannot_or_fail,step_count.step.cannot_or_fail,N,High,1,Slife,Slife,10010000009870,step_count.step.cannot_or_fail,在进入设定目标时，只展现了每天的步行步数目标，而没有其他信息，使用户无法直接了解到设定的目标信息。,primary_clue,49,45,在进入设定目标时 只展现了每天的步行步数目标 而没有其他信息 使用户无法直接了解到设定的目标信息,1,
10010000010034,在注册页面中没有第二次验证密码，这样可能导致，用户输入密码是错误而是用户无法登录，而且密码不可视。,在注册页面中没有第二次验证密码，这样可能导致，用户输入密码是错误而是用户无法登录，而且密码不可视。,,Functional-Account,register,page_view,wrong_value,register.page_view.wrong_value,N,High,1,Slife,Slife,10010000010034,register.page_view.wrong_value,在注册页面中没有第二次验证密码，这样可能导致，用户输入密码是错误而是用户无法登录，而且密码不可视。,primary_clue,49,45,在注册页面中没有第二次验证密码 这样可能导致 用户输入密码是错误而是用户无法登录 而且密码不可视,1,
10010000011187,在分享之后，点击留在QQ，发现私生活的图标界面之下就是QQ界面，没有完全退出一个应用进入一个应用。,在分享之后，点击留在QQ，发现私生活的图标界面之下就是QQ界面，没有完全退出一个应用进入一个应用。,,Functional-Share,share,button_icon,other,share.button_icon.other,N,High,1,Slife,Slife,10010000011187,share.button_icon.other,在分享之后，点击留在QQ，发现私生活的图标界面之下就是QQ界面，没有完全退出一个应用进入一个应用。,primary_clue,49,45,在分享之后 点击留在qq 发现私生活的图标界面之下就是qq界面 没有完全退出一个应用进入一个应用,1,
10010000010579,在没有运动的情况下，仅仅只是用手拿着手机进行上下震动，和甩手机的动作，该款app就记录了步数和距离,在没有运动的情况下，仅仅只是用手拿着手机进行上下震动，和甩手机的动作，该款app就记录了步数和距离,,Functional-Tracking,step_count,list_item,other,step_count.list_item.other,N,High,1,Slife,Slife,10010000010579,step_count.list_item.other,在没有运动的情况下，仅仅只是用手拿着手机进行上下震动，和甩手机的动作，该款app就记录了步数和距离,primary_clue,49,46,在没有运动的情况下 仅仅只是用手拿着手机进行上下震动 和甩手机的动作 该款app就记录了步数和距离,1,
10010000011488,如图：在分享列表中，只能将运动数据分享给其他的应用程序，而无法分享给本应用内的好友。用户体验较差。,如图：在分享列表中，只能将运动数据分享给其他的应用程序，而无法分享给本应用内的好友。用户体验较差。,,Functional-Share,share,list_item,cannot_share,share.list_item.cannot_share,N,High,1,Slife,Slife,10010000011488,share.list_item.cannot_share,如图：在分享列表中，只能将运动数据分享给其他的应用程序，而无法分享给本应用内的好友。用户体验较差。,primary_clue,49,44,如图 在分享列表中 只能将运动数据分享给其他的应用程序 而无法分享给本应用内的好友 用户体验较差,1,
10010000011562,没有自行车，跑步，交通工具，神游等运动方式的选择，运动方式比较单一，和传统计步软件相比没有什么优势,没有自行车，跑步，交通工具，神游等运动方式的选择，运动方式比较单一，和传统计步软件相比没有什么优势,,Functional-Tracking,step_count,other,other,step_count.other.other,N,High,1,Slife,Slife,10010000011562,step_count.other.other,没有自行车，跑步，交通工具，神游等运动方式的选择，运动方式比较单一，和传统计步软件相比没有什么优势,primary_clue,49,44,没有自行车 跑步 交通工具 神游等运动方式的选择 运动方式比较单一 和传统计步软件相比没有什么优势,1,
10010000010525,修改密码时，无法识别空格，比如设置密码为1空格 显示修改成功，但是登录时还是只能输入1才能登录成功,修改密码时，无法识别空格，比如设置密码为1空格 显示修改成功，但是登录时还是只能输入1才能登录成功,,Functional-Account,login,page_view,cannot_or_fail,login.page_view.cannot_or_fail,N,High,1,Slife,Slife,10010000010525,login.page_view.cannot_or_fail,修改密码时，无法识别空格，比如设置密码为1空格 显示修改成功，但是登录时还是只能输入1才能登录成功,primary_clue,49,45,修改密码时 无法识别空格 比如设置密码为1空格 显示修改成功 但是登录时还是只能输入1才能登录成功,1,
10010000010769,在分享功能中，点击朋友圈和微博等应用后，无法成功分享。但在点击更多之后，点击微信发送，则可以发送。,在分享功能中，点击朋友圈和微博等应用后，无法成功分享。但在点击更多之后，点击微信发送，则可以发送。,,Functional-Share,share,share_panel,cannot_or_fail,share.share_panel.cannot_or_fail,N,High,1,Slife,Slife,10010000010769,share.share_panel.cannot_or_fail,在分享功能中，点击朋友圈和微博等应用后，无法成功分享。但在点击更多之后，点击微信发送，则可以发送。,primary_clue,49,43,在分享功能中 点击朋友圈和微博等应用后 无法成功分享 但在点击更多之后 点击微信发送 则可以发送,1,
10010000010434,选择分享到社交平台里的更多按钮时，有时会无法打开相应界面，而是显示SDCard not found,选择分享到社交平台里的更多按钮时，有时会无法打开相应界面，而是显示SDCard not found,,Network/Loading,share,button_icon,load_fail,share.button_icon.load_fail,N,High,1,Slife,Slife,10010000010434,share.button_icon.load_fail,选择分享到社交平台里的更多按钮时，有时会无法打开相应界面，而是显示SDCard not found,primary_clue,49,45,选择分享到社交平台里的更多按钮时 有时会无法打开相应界面 而是显示sdcard not found,1,
10010000010627,没有登录成功的用户不能进行分享，而应该弹出提示消息，请登录。但直接弹出提示框，直接分享到社交平台。,没有登录成功的用户不能进行分享，而应该弹出提示消息，请登录。但直接弹出提示框，直接分享到社交平台。,,Functional-Account,login,chat,cannot_or_fail,login.chat.cannot_or_fail,N,High,1,Slife,Slife,10010000010627,login.chat.cannot_or_fail,没有登录成功的用户不能进行分享，而应该弹出提示消息，请登录。但直接弹出提示框，直接分享到社交平台。,primary_clue,49,44,没有登录成功的用户不能进行分享 而应该弹出提示消息 请登录 但直接弹出提示框 直接分享到社交平台,1,
10010000010997,活动趋势界面，不管运动情况如何，活动时间，活动距离，最长活动时间，最长活动距离都是0，只显示运动步数,活动趋势界面，不管运动情况如何，活动时间，活动距离，最长活动时间，最长活动距离都是0，只显示运动步数,,Functional-Tracking,step_count,page_view,other,step_count.page_view.other,N,High,1,Slife,Slife,10010000010997,step_count.page_view.other,活动趋势界面，不管运动情况如何，活动时间，活动距离，最长活动时间，最长活动距离都是0，只显示运动步数,primary_clue,50,44,活动趋势界面 不管运动情况如何 活动时间 活动距离 最长活动时间 最长活动距离都是0 只显示运动步数,1,
10010000010760,"运动目标设定后,记录数据期间,没有主动的提示消息,用户可能会忘记运动目标。需要用户主动去查看才知道。","运动目标设定后,记录数据期间,没有主动的提示消息,用户可能会忘记运动目标。需要用户主动去查看才知道。",,Functional-Social,message_send,list_item,other,message_send.list_item.other,N,High,1,Slife,Slife,10010000010760,message_send.list_item.other,"运动目标设定后,记录数据期间,没有主动的提示消息,用户可能会忘记运动目标。需要用户主动去查看才知道。",primary_clue,50,45,运动目标设定后 记录数据期间 没有主动的提示消息 用户可能会忘记运动目标 需要用户主动去查看才知道,1,
10010000010197,设定目标:在选择出生日期时，不能超过2010年，而2010年后出生的人也需要锻炼，功能不能满足一些人,设定目标:在选择出生日期时，不能超过2010年，而2010年后出生的人也需要锻炼，功能不能满足一些人,,Other,settings,other,cannot_or_fail,settings.other.cannot_or_fail,N,Medium,1,Slife,Slife,10010000010197,settings.other.cannot_or_fail,设定目标:在选择出生日期时，不能超过2010年，而2010年后出生的人也需要锻炼，功能不能满足一些人,primary_clue,50,46,设定目标 在选择出生日期时 不能超过2010年 而2010年后出生的人也需要锻炼 功能不能满足一些人,1,
10010000011109,分享按钮只能qq分享，微信分享不出去，微博也不能登陆。其中微博切换账号登陆也不行。注:不是网络问题。,分享按钮只能qq分享，微信分享不出去，微博也不能登陆。其中微博切换账号登陆也不行。注:不是网络问题。,,Functional-Account,share,button_icon,cannot_or_fail,share.button_icon.cannot_or_fail,N,High,1,Slife,Slife,10010000011109,share.button_icon.cannot_or_fail,分享按钮只能qq分享，微信分享不出去，微博也不能登陆。其中微博切换账号登陆也不行。注:不是网络问题。,primary_clue,50,44,分享按钮只能qq分享 微信分享不出去 微博也不能登陆 其中微博切换账号登陆也不行 注 不是网络问题,1,
10010000011513,分享界面点击更多，APP直接截屏并跳到qq发送信息界面。令用户不明所以，且更多按钮功能没有给出说明。,分享界面点击更多，APP直接截屏并跳到qq发送信息界面。令用户不明所以，且更多按钮功能没有给出说明。,,Functional-Share,share,button_icon,other,share.button_icon.other,N,High,1,Slife,Slife,10010000011513,share.button_icon.other,分享界面点击更多，APP直接截屏并跳到qq发送信息界面。令用户不明所以，且更多按钮功能没有给出说明。,primary_clue,50,46,分享界面点击更多 app直接截屏并跳到qq发送信息界面 令用户不明所以 且更多按钮功能没有给出说明,1,
10010000010109,在未登录的情况下，设置了目标后，来回走动，有时候计步器会增加，有时候（步速较慢的情况下）好久都不增加,在未登录的情况下，设置了目标后，来回走动，有时候计步器会增加，有时候（步速较慢的情况下）好久都不增加,,Functional-Account,login,page_view,other,login.page_view.other,N,High,1,Slife,Slife,10010000010109,login.page_view.other,在未登录的情况下，设置了目标后，来回走动，有时候计步器会增加，有时候（步速较慢的情况下）好久都不增加,primary_clue,50,44,在未登录的情况下 设置了目标后 来回走动 有时候计步器会增加 有时候 步速较慢的情况下 好久都不增加,1,
10010000010352,当操作3直接选择分享到朋友圈的图标时，提示分享失败，但若通过选择更多-朋友圈分享时，则可以成功分享。,当操作3直接选择分享到朋友圈的图标时，提示分享失败，但若通过选择更多,朋友圈分享时，则可以成功分享。,Functional-Share,share,button_icon,cannot_share,share.button_icon.cannot_share,Y,Medium,2,Slife,Slife,10010000010352,share.button_icon.cannot_share,当操作3直接选择分享到朋友圈的图标时，提示分享失败，但若通过选择更多,primary_clue,34,32,当操作3直接选择分享到朋友圈的图标时 提示分享失败 但若通过选择更多,1,
10010000010557,当用户步行行进时，走一步，应用却记录了2步；即使用户站在原地，上下浮动手机一次，也增加2步，不准确。,当用户步行行进时，走一步，应用却记录了2步,即使用户站在原地，上下浮动手机一次，也增加2步，不准确。,Functional-Tracking,run_walk,list_item,other,run_walk.list_item.other,Y,Medium,2,Slife,Slife,10010000010557,run_walk.list_item.other,当用户步行行进时，走一步，应用却记录了2步,primary_clue,21,19,当用户步行行进时 走一步 应用却记录了2步,1,
10010000011617,通过与统计算法的比较发现，步数的变化有卡顿延迟。统计步数的方式太轻率，轻微的摇晃摆动都会被记成步数。,通过与统计算法的比较发现，步数的变化有卡顿延迟。统计步数的方式太轻率，轻微的摇晃摆动都会被记成步数。,,Performance/Freeze,step_count,step,freeze,step_count.step.freeze,N,High,1,Slife,Slife,10010000011617,step_count.step.freeze,通过与统计算法的比较发现，步数的变化有卡顿延迟。统计步数的方式太轻率，轻微的摇晃摆动都会被记成步数。,primary_clue,50,46,通过与统计算法的比较发现 步数的变化有卡顿延迟 统计步数的方式太轻率 轻微的摇晃摆动都会被记成步数,1,
10010000007522,注册页面没有信息填写标准格式提示，等填写完毕才会提示格式错误，不利于用户注册使用，增加了不必要的麻烦。,注册页面没有信息填写标准格式提示，等填写完毕才会提示格式错误，不利于用户注册使用，增加了不必要的麻烦。,,Functional-Account,register,page_view,wrong_value,register.page_view.wrong_value,N,High,1,Slife,Slife,10010000007522,register.page_view.wrong_value,注册页面没有信息填写标准格式提示，等填写完毕才会提示格式错误，不利于用户注册使用，增加了不必要的麻烦。,primary_clue,51,47,注册页面没有信息填写标准格式提示 等填写完毕才会提示格式错误 不利于用户注册使用 增加了不必要的麻烦,1,
10010000011334,没有关闭软件，但它却检测到应用关闭。而且，时间是16.26～16.57。并错误计算出2分钟多的关闭时间,没有关闭软件，但它却检测到应用关闭。而且，时间是16.26～16.57。并错误计算出2分钟多的关闭时间,,Other,other,step,wrong_value,other.step.wrong_value,N,High,1,Slife,Slife,10010000011334,other.step.wrong_value,没有关闭软件，但它却检测到应用关闭。而且，时间是16.26～16.57。并错误计算出2分钟多的关闭时间,primary_clue,51,44,没有关闭软件 但它却检测到应用关闭 而且 时间是16 26 16 57 并错误计算出2分钟多的关闭时间,1,
10010000011017,进行跑步测试的时，跑步与步行无法识别。并且记录步数不准确，建议更新算法。相关计算的卡路里也计算不准确。,进行跑步测试的时，跑步与步行无法识别。并且记录步数不准确，建议更新算法。相关计算的卡路里也计算不准确。,,Functional-Tracking,step_count,list_item,cannot_or_fail,step_count.list_item.cannot_or_fail,N,High,1,Slife,Slife,10010000011017,step_count.list_item.cannot_or_fail,进行跑步测试的时，跑步与步行无法识别。并且记录步数不准确，建议更新算法。相关计算的卡路里也计算不准确。,primary_clue,51,46,进行跑步测试的时 跑步与步行无法识别 并且记录步数不准确 建议更新算法 相关计算的卡路里也计算不准确,1,
10010000010165,当用户选择身高、体重、年龄等个人信息时，虽然都是四舍五入，但刻度线并没有自动和标尺对齐，视觉效果不好。,当用户选择身高、体重、年龄等个人信息时，虽然都是四舍五入，但刻度线并没有自动和标尺对齐，视觉效果不好。,,UI/Display,other,other,layout_issue,other.other.layout_issue,N,High,1,Slife,Slife,10010000010165,other.other.layout_issue,当用户选择身高、体重、年龄等个人信息时，虽然都是四舍五入，但刻度线并没有自动和标尺对齐，视觉效果不好。,primary_clue,51,45,当用户选择身高 体重 年龄等个人信息时 虽然都是四舍五入 但刻度线并没有自动和标尺对齐 视觉效果不好,1,
10010000010258,"步骤:1.设定运动目标后，在首页查看步数
2.晃动手机
实际结果:步数数据有时无变化，有时变化间距较大",步骤:1.设定运动目标后，在首页查看步数,晃动手机 || 实际结果:步数数据有时无变化，有时变化间距较大,Functional-Tracking,step_count,page_view,other,step_count.page_view.other,Y,Medium,3,Slife,Slife,10010000010258,step_count.page_view.other,步骤:1.设定运动目标后，在首页查看步数,primary_clue,20,17,步骤 1 设定运动目标后 在首页查看步数,1,
10010000011269,在软件开启的条件下，拿着手机进行运动并记录运动数据，但是只能记录步数，运动距离，时间，燃烧等值均为0.,在软件开启的条件下，拿着手机进行运动并记录运动数据，但是只能记录步数，运动距离，时间，燃烧等值均为0.,,Functional-Tracking,step_count,list_item,wrong_value,step_count.list_item.wrong_value,N,High,1,Slife,Slife,10010000011269,step_count.list_item.wrong_value,在软件开启的条件下，拿着手机进行运动并记录运动数据，但是只能记录步数，运动距离，时间，燃烧等值均为0.,primary_clue,51,45,在软件开启的条件下 拿着手机进行运动并记录运动数据 但是只能记录步数 运动距离 时间 燃烧等值均为0,1,
10010000011451,应用在后台运行时占用内存还是较大，对于我手机内存较小的用户来说，在使用其他软件时就会有卡顿的情况发生。,应用在后台运行时占用内存还是较大，对于我手机内存较小的用户来说，在使用其他软件时就会有卡顿的情况发生。,,Performance/Freeze,other,other,freeze,other.other.freeze,N,High,1,Slife,Slife,10010000011451,other.other.freeze,应用在后台运行时占用内存还是较大，对于我手机内存较小的用户来说，在使用其他软件时就会有卡顿的情况发生。,primary_clue,51,48,应用在后台运行时占用内存还是较大 对于我手机内存较小的用户来说 在使用其他软件时就会有卡顿的情况发生,1,
10010000011105,邮件分享和QQ分享将活动汇总和活动详细分享给好友的时候不是自己的运动信息，而是一个关于APP介绍的链接,邮件分享和QQ分享将活动汇总和活动详细分享给好友的时候不是自己的运动信息，而是一个关于APP介绍的链接,,Functional-Share,share,chat,other,share.chat.other,N,High,1,Slife,Slife,10010000011105,share.chat.other,邮件分享和QQ分享将活动汇总和活动详细分享给好友的时候不是自己的运动信息，而是一个关于APP介绍的链接,primary_clue,51,50,邮件分享和qq分享将活动汇总和活动详细分享给好友的时候不是自己的运动信息 而是一个关于app介绍的链接,1,
10010000011346,分享到朋友圈应该要成功进入朋友圈分享平台，但结果却弹出提示信息：发送失败，请重试。。。这与功能需求不符,分享到朋友圈应该要成功进入朋友圈分享平台，但结果却弹出提示信息：发送失败，请重试。。。这与功能需求不符,,Functional-Share,share,share_panel,cannot_send,share.share_panel.cannot_send,N,High,1,Slife,Slife,10010000011346,share.share_panel.cannot_send,分享到朋友圈应该要成功进入朋友圈分享平台，但结果却弹出提示信息：发送失败，请重试。。。这与功能需求不符,primary_clue,51,45,分享到朋友圈应该要成功进入朋友圈分享平台 但结果却弹出提示信息 发送失败 请重试 这与功能需求不符,1,
10010000007543,点击微博分享，没有微博帐号要注册，点击注册后会一直转圈，时间比较长，多次试验，仍然是这样，影响用户体验。,点击微博分享，没有微博帐号要注册，点击注册后会一直转圈，时间比较长，多次试验，仍然是这样，影响用户体验。,,Network/Loading,register,share_panel,other,register.share_panel.other,N,High,1,Slife,Slife,10010000007543,register.share_panel.other,点击微博分享，没有微博帐号要注册，点击注册后会一直转圈，时间比较长，多次试验，仍然是这样，影响用户体验。,primary_clue,52,45,点击微博分享 没有微博帐号要注册 点击注册后会一直转圈 时间比较长 多次试验 仍然是这样 影响用户体验,1,
10010000010031,"无论日常活动强度选择哪个，只要性别,体重,身高,年龄一样，步行和卡路里目标都是一样的。设定的目标不合理。","无论日常活动强度选择哪个，只要性别,体重,身高,年龄一样，步行和卡路里目标都是一样的。设定的目标不合理。",,Functional-Tracking,run_walk,step,other,run_walk.step.other,N,High,1,Slife,Slife,10010000010031,run_walk.step.other,"无论日常活动强度选择哪个，只要性别,体重,身高,年龄一样，步行和卡路里目标都是一样的。设定的目标不合理。",primary_clue,52,45,无论日常活动强度选择哪个 只要性别 体重 身高 年龄一样 步行和卡路里目标都是一样的 设定的目标不合理,1,
10010000011504,步数范围设置不合理，最少和做多的步数不能满足各类人群的需求，不适应于所有人群。最大值和最小值的区间过小。,步数范围设置不合理，最少和做多的步数不能满足各类人群的需求，不适应于所有人群。最大值和最小值的区间过小。,,Functional-Tracking,step_count,page_view,cannot_or_fail,step_count.page_view.cannot_or_fail,N,High,1,Slife,Slife,10010000011504,step_count.page_view.cannot_or_fail,步数范围设置不合理，最少和做多的步数不能满足各类人群的需求，不适应于所有人群。最大值和最小值的区间过小。,primary_clue,52,48,步数范围设置不合理 最少和做多的步数不能满足各类人群的需求 不适应于所有人群 最大值和最小值的区间过小,1,
10010000011404,在反复检查微信的登录情况并确保微信正常登录运行的状况下，系统总是无法在微信朋友圈分享，而QQ则不存在问题,在反复检查微信的登录情况并确保微信正常登录运行的状况下，系统总是无法在微信朋友圈分享，而QQ则不存在问题,,Functional-Account,login,share_panel,cannot_or_fail,login.share_panel.cannot_or_fail,N,High,1,Slife,Slife,10010000011404,login.share_panel.cannot_or_fail,在反复检查微信的登录情况并确保微信正常登录运行的状况下，系统总是无法在微信朋友圈分享，而QQ则不存在问题,primary_clue,52,50,在反复检查微信的登录情况并确保微信正常登录运行的状况下 系统总是无法在微信朋友圈分享 而qq则不存在问题,1,
10010000010999,“活动汇总”和“活动详细”两个选项点开后没有区别，点了后“分享到社交平台”也没变，分享内容也一样是广告。,“活动汇总”和“活动详细”两个选项点开后没有区别，点了后“分享到社交平台”也没变，分享内容也一样是广告。,,Functional-Share,share,image_banner,other,share.image_banner.other,N,High,1,Slife,Slife,10010000010999,share.image_banner.other,“活动汇总”和“活动详细”两个选项点开后没有区别，点了后“分享到社交平台”也没变，分享内容也一样是广告。,primary_clue,52,43,活动汇总 和 活动详细 两个选项点开后没有区别 点了后 分享到社交平台 也没变 分享内容也一样是广告,1,
10010000010814,"分享今日运动的数据,分享给QQ好友后变成分享应用的主页,而不是今日运动的数据。无法分享至朋友圈，直接报错。","分享今日运动的数据,分享给QQ好友后变成分享应用的主页,而不是今日运动的数据。无法分享至朋友圈，直接报错。",,Functional-Share,share,chat,cannot_share,share.chat.cannot_share,N,High,1,Slife,Slife,10010000010814,share.chat.cannot_share,"分享今日运动的数据,分享给QQ好友后变成分享应用的主页,而不是今日运动的数据。无法分享至朋友圈，直接报错。",primary_clue,53,48,分享今日运动的数据 分享给qq好友后变成分享应用的主页 而不是今日运动的数据 无法分享至朋友圈 直接报错,1,
10010000011293,长按停留，然后轻轻将手指轻轻向下滑离屏幕，但不能将分享页面拖出，会出现一块背景色，不进行其他操作不会消失。,长按停留，然后轻轻将手指轻轻向下滑离屏幕，但不能将分享页面拖出，会出现一块背景色，不进行其他操作不会消失。,,Functional-Share,share,page_view,cannot_or_fail,share.page_view.cannot_or_fail,N,High,1,Slife,Slife,10010000011293,share.page_view.cannot_or_fail,长按停留，然后轻轻将手指轻轻向下滑离屏幕，但不能将分享页面拖出，会出现一块背景色，不进行其他操作不会消失。,primary_clue,53,48,长按停留 然后轻轻将手指轻轻向下滑离屏幕 但不能将分享页面拖出 会出现一块背景色 不进行其他操作不会消失,1,
10010000011615,在这个分享页面中，如果你想退出不分享了，这能按返回键。没有其他方式退出。比如：点击屏幕上的灰暗处即可退出。,在这个分享页面中，如果你想退出不分享了，这能按返回键。没有其他方式退出。比如：点击屏幕上的灰暗处即可退出。,,Functional-Share,share,button_icon,other,share.button_icon.other,N,High,1,Slife,Slife,10010000011615,share.button_icon.other,在这个分享页面中，如果你想退出不分享了，这能按返回键。没有其他方式退出。比如：点击屏幕上的灰暗处即可退出。,primary_clue,53,47,在这个分享页面中 如果你想退出不分享了 这能按返回键 没有其他方式退出 比如 点击屏幕上的灰暗处即可退出,1,
10010000010722,运动主页面的运动状态不能及时更新，当运动状态由停留变为步行且运动一定距离后时，主页面显示的状态仍然是停留。,运动主页面的运动状态不能及时更新，当运动状态由停留变为步行且运动一定距离后时，主页面显示的状态仍然是停留。,,Functional-Tracking,run_walk,page_view,cannot_or_fail,run_walk.page_view.cannot_or_fail,N,High,1,Slife,Slife,10010000010722,run_walk.page_view.cannot_or_fail,运动主页面的运动状态不能及时更新，当运动状态由停留变为步行且运动一定距离后时，主页面显示的状态仍然是停留。,primary_clue,53,50,运动主页面的运动状态不能及时更新 当运动状态由停留变为步行且运动一定距离后时 主页面显示的状态仍然是停留,1,
10010000010735,运动结果经过一段时间后会出错。一开始我是“17步，7米，0.5卡路里”，后来变成“17步，0米，0卡路里”。,运动结果经过一段时间后会出错。一开始我是“17步，7米，0.5卡路里”，后来变成“17步，0米，0卡路里”。,,Functional-Tracking,run_walk,step,wrong_value,run_walk.step.wrong_value,N,High,1,Slife,Slife,10010000010735,run_walk.step.wrong_value,运动结果经过一段时间后会出错。一开始我是“17步，7米，0.5卡路里”，后来变成“17步，0米，0卡路里”。,primary_clue,54,42,运动结果经过一段时间后会出错 一开始我是 17步 7米 0 5卡路里 后来变成 17步 0米 0卡路里,1,
10010000010857,打开对运动结果的分享，不管手机是否下载过app，显示都是下载界面。对于已经下载的用户，不会自动跳转到app.,打开对运动结果的分享，不管手机是否下载过app，显示都是下载界面。对于已经下载的用户，不会自动跳转到app.,,Functional-Share,share,page_view,wrong_value,share.page_view.wrong_value,N,High,1,Slife,Slife,10010000010857,share.page_view.wrong_value,打开对运动结果的分享，不管手机是否下载过app，显示都是下载界面。对于已经下载的用户，不会自动跳转到app.,primary_clue,54,49,打开对运动结果的分享 不管手机是否下载过app 显示都是下载界面 对于已经下载的用户 不会自动跳转到app,1,
10010000010455,在应用设置中设置省电模式，查看运动主页状态，不能及时显示出省电模式的信息，大概一分钟以后才出现省电模式的信息,在应用设置中设置省电模式，查看运动主页状态，不能及时显示出省电模式的信息，大概一分钟以后才出现省电模式的信息,,Functional-Tracking,run_walk,page_view,cannot_or_fail,run_walk.page_view.cannot_or_fail,N,High,1,Slife,Slife,10010000010455,run_walk.page_view.cannot_or_fail,在应用设置中设置省电模式，查看运动主页状态，不能及时显示出省电模式的信息，大概一分钟以后才出现省电模式的信息,primary_clue,54,51,在应用设置中设置省电模式 查看运动主页状态 不能及时显示出省电模式的信息 大概一分钟以后才出现省电模式的信息,1,
10010000011035,"""活动汇总"", ""活动详细""两功能无法根据字面意思推断用途,而且两个功能均未完成, 分别点击时页面没有切换.","活动汇总"", ""活动详细""两功能无法根据字面意思推断用途,而且两个功能均未完成, 分别点击时页面没有切换.",,UI/Display,other,page_view,cannot_or_fail,other.page_view.cannot_or_fail,N,Medium,1,Slife,Slife,10010000011035,other.page_view.cannot_or_fail,"活动汇总"", ""活动详细""两功能无法根据字面意思推断用途,而且两个功能均未完成, 分别点击时页面没有切换.",primary_clue,53,44,活动汇总 活动详细 两功能无法根据字面意思推断用途 而且两个功能均未完成 分别点击时页面没有切换,1,
10010000011432,"分享运动结果:网络情况正常，微信正常，分享运动结果到微信朋友圈，跳回应用界面并显示  """"发送失败请重试""。","分享运动结果:网络情况正常，微信正常，分享运动结果到微信朋友圈，跳回应用界面并显示 """"发送失败请重试""。",,Functional-Share,share,page_view,cannot_send,share.page_view.cannot_send,N,High,1,Slife,Slife,10010000011432,share.page_view.cannot_send,"分享运动结果:网络情况正常，微信正常，分享运动结果到微信朋友圈，跳回应用界面并显示 """"发送失败请重试""。",primary_clue,53,44,分享运动结果 网络情况正常 微信正常 分享运动结果到微信朋友圈 跳回应用界面并显示 发送失败请重试,1,
10010000010961,"记录步数与实际步数不一致，且相差较大
手动记录：180步
悦动圈app记录：178步
slife记录：90步",记录步数与实际步数不一致，且相差较大,手动记录：180步 || 悦动圈app记录：178步 || slife记录：90步,Functional-Tracking,step_count,list_item,other,step_count.list_item.other,Y,Medium,4,Slife,Slife,10010000010961,step_count.list_item.other,记录步数与实际步数不一致，且相差较大,primary_clue,18,17,记录步数与实际步数不一致 且相差较大,1,
10010000010995,"在选择""更多""时，会通过截屏发送的方式分享，但是用户并不知道这种形式。""更多""这两个字不能使用户知道该功能。","在选择""更多""时，会通过截屏发送的方式分享，但是用户并不知道这种形式。""更多""这两个字不能使用户知道该功能。",,Functional-Share,share,share_panel,cannot_or_fail,share.share_panel.cannot_or_fail,N,High,1,Slife,Slife,10010000010995,share.share_panel.cannot_or_fail,"在选择""更多""时，会通过截屏发送的方式分享，但是用户并不知道这种形式。""更多""这两个字不能使用户知道该功能。",primary_clue,54,46,在选择 更多 时 会通过截屏发送的方式分享 但是用户并不知道这种形式 更多 这两个字不能使用户知道该功能,1,
10010000011363,app在记录数据时有延迟，当运动产生数据后，app数据的改变不是瞬时的，而是需要等待一段时间。这个无法截图。,app在记录数据时有延迟，当运动产生数据后，app数据的改变不是瞬时的，而是需要等待一段时间。这个无法截图。,,Performance/Freeze,run_walk,list_item,freeze,run_walk.list_item.freeze,N,High,1,Slife,Slife,10010000011363,run_walk.list_item.freeze,app在记录数据时有延迟，当运动产生数据后，app数据的改变不是瞬时的，而是需要等待一段时间。这个无法截图。,primary_clue,54,49,app在记录数据时有延迟 当运动产生数据后 app数据的改变不是瞬时的 而是需要等待一段时间 这个无法截图,1,
10010000011427,2.点击分享之后，会出现更多按钮，用”更多”可以分享运动首页的截图。但是直接选择分享只会分享软件的下载链接。,点击分享之后，会出现更多按钮，用”更多”可以分享运动首页的截图。但是直接选择分享只会分享软件的下载链接。,,Functional-Share,share,button_icon,other,share.button_icon.other,N,High,1,Slife,Slife,10010000011427,share.button_icon.other,点击分享之后，会出现更多按钮，用”更多”可以分享运动首页的截图。但是直接选择分享只会分享软件的下载链接。,primary_clue,52,46,点击分享之后 会出现更多按钮 用 更多 可以分享运动首页的截图 但是直接选择分享只会分享软件的下载链接,1,
10010000007579,"在未登录状态下,在侧边栏点击设定目标,可以进行设定,并没有跳转到登录界面,而未登录状态下的目标设定是没有意义的","在未登录状态下,在侧边栏点击设定目标,可以进行设定,并没有跳转到登录界面,而未登录状态下的目标设定是没有意义的",,Functional-Account,login,page_view,other,login.page_view.other,N,High,1,Slife,Slife,10010000007579,login.page_view.other,"在未登录状态下,在侧边栏点击设定目标,可以进行设定,并没有跳转到登录界面,而未登录状态下的目标设定是没有意义的",primary_clue,55,51,在未登录状态下 在侧边栏点击设定目标 可以进行设定 并没有跳转到登录界面 而未登录状态下的目标设定是没有意义的,1,
10010000010437,在首页点击步行那个按钮，进入高德地图界面，点击右上角的分享，分享后返回APP，地图界面不能正常显示，加载不出来,在首页点击步行那个按钮，进入高德地图界面，点击右上角的分享，分享后返回APP，地图界面不能正常显示，加载不出来,,Network/Loading,share,button_icon,load_fail,share.button_icon.load_fail,N,High,1,Slife,Slife,10010000010437,share.button_icon.load_fail,在首页点击步行那个按钮，进入高德地图界面，点击右上角的分享，分享后返回APP，地图界面不能正常显示，加载不出来,primary_clue,55,50,在首页点击步行那个按钮 进入高德地图界面 点击右上角的分享 分享后返回app 地图界面不能正常显示 加载不出来,1,
10010000011409,显示的省电模式的信息不正确，刚设置为省电模式，运动主页的省电模式的信息显示”3分钟3秒“，时间完全与实际不符。,显示的省电模式的信息不正确，刚设置为省电模式，运动主页的省电模式的信息显示”3分钟3秒“，时间完全与实际不符。,,Functional-Tracking,run_walk,page_view,wrong_value,run_walk.page_view.wrong_value,N,High,1,Slife,Slife,10010000011409,run_walk.page_view.wrong_value,显示的省电模式的信息不正确，刚设置为省电模式，运动主页的省电模式的信息显示”3分钟3秒“，时间完全与实际不符。,primary_clue,55,49,显示的省电模式的信息不正确 刚设置为省电模式 运动主页的省电模式的信息显示 3分钟3秒 时间完全与实际不符,1,
10010000010546,右侧菜单栏的宽度过大。主要原因在于登录注册按钮的宽度过大，与整体主界面占比不恰当。影响页面布局美观和用户体验。,右侧菜单栏的宽度过大。主要原因在于登录注册按钮的宽度过大，与整体主界面占比不恰当。影响页面布局美观和用户体验。,,Functional-Account,register,button_icon,layout_issue,register.button_icon.layout_issue,N,High,1,Slife,Slife,10010000010546,register.button_icon.layout_issue,右侧菜单栏的宽度过大。主要原因在于登录注册按钮的宽度过大，与整体主界面占比不恰当。影响页面布局美观和用户体验。,primary_clue,55,51,右侧菜单栏的宽度过大 主要原因在于登录注册按钮的宽度过大 与整体主界面占比不恰当 影响页面布局美观和用户体验,1,
10010000010768,当用户步行或跑步的等方式运动一段时间后停止，必须要用户自己切换成停留模式，不能自动感应，不计算入运动时间里面。,当用户步行或跑步的等方式运动一段时间后停止，必须要用户自己切换成停留模式，不能自动感应，不计算入运动时间里面。,,Functional-Tracking,run_walk,step,cannot_or_fail,run_walk.step.cannot_or_fail,N,High,1,Slife,Slife,10010000010768,run_walk.step.cannot_or_fail,当用户步行或跑步的等方式运动一段时间后停止，必须要用户自己切换成停留模式，不能自动感应，不计算入运动时间里面。,primary_clue,55,51,当用户步行或跑步的等方式运动一段时间后停止 必须要用户自己切换成停留模式 不能自动感应 不计算入运动时间里面,1,
10010000011268,软件在低电量下自动在未经过用户允许的情况下进入省电模式，且当用户充满电后不会退出省电模式，且无法关闭省电模式！,软件在低电量下自动在未经过用户允许的情况下进入省电模式，且当用户充满电后不会退出省电模式，且无法关闭省电模式！,,Other,other,other,cannot_or_fail,other.other.cannot_or_fail,N,Medium,1,Slife,Slife,10010000011268,other.other.cannot_or_fail,软件在低电量下自动在未经过用户允许的情况下进入省电模式，且当用户充满电后不会退出省电模式，且无法关闭省电模式！,primary_clue,55,52,软件在低电量下自动在未经过用户允许的情况下进入省电模式 且当用户充满电后不会退出省电模式 且无法关闭省电模式,1,
10010000007472,注册:没有确认密码的输入框，在用户不小心多按了一个字符后都不知道，却仍然可以注册成功，之后用户就不知道正确密码了,注册:没有确认密码的输入框，在用户不小心多按了一个字符后都不知道，却仍然可以注册成功，之后用户就不知道正确密码了,,Functional-Account,register,input_box,other,register.input_box.other,N,High,1,Slife,Slife,10010000007472,register.input_box.other,注册:没有确认密码的输入框，在用户不小心多按了一个字符后都不知道，却仍然可以注册成功，之后用户就不知道正确密码了,primary_clue,56,52,注册 没有确认密码的输入框 在用户不小心多按了一个字符后都不知道 却仍然可以注册成功 之后用户就不知道正确密码了,1,
10010000010962,在分享页面中选择facebook，没有提示无法连接或者没有安装facebook，而是一直处在Loading状态！,在分享页面中选择facebook，没有提示无法连接或者没有安装facebook，而是一直处在Loading状态！,,Functional-Share,share,page_view,no_prompt,share.page_view.no_prompt,N,High,1,Slife,Slife,10010000010962,share.page_view.no_prompt,在分享页面中选择facebook，没有提示无法连接或者没有安装facebook，而是一直处在Loading状态！,primary_clue,56,53,在分享页面中选择facebook 没有提示无法连接或者没有安装facebook 而是一直处在loading状态,1,
10010000009968,刚打开应用，未登录，未进行运动情况下，应用记步功能出现步数上涨迅速现象。截图是  前后时间差在一分钟以内的记录。,刚打开应用，未登录，未进行运动情况下，应用记步功能出现步数上涨迅速现象。截图是 前后时间差在一分钟以内的记录。,,Functional-Account,login,list_item,other,login.list_item.other,N,High,1,Slife,Slife,10010000009968,login.list_item.other,刚打开应用，未登录，未进行运动情况下，应用记步功能出现步数上涨迅速现象。截图是 前后时间差在一分钟以内的记录。,primary_clue,55,49,刚打开应用 未登录 未进行运动情况下 应用记步功能出现步数上涨迅速现象 截图是 前后时间差在一分钟以内的记录,1,
10010000011794,单手操作APP时，比如右手单拿手机，触摸左上角的按钮，不管用，只能左手很准确的触摸才可以响应。按钮不能及时反应。,单手操作APP时，比如右手单拿手机，触摸左上角的按钮，不管用，只能左手很准确的触摸才可以响应。按钮不能及时反应。,,UI/Display,other,button_icon,cannot_or_fail,other.button_icon.cannot_or_fail,N,Medium,1,Slife,Slife,10010000011794,other.button_icon.cannot_or_fail,单手操作APP时，比如右手单拿手机，触摸左上角的按钮，不管用，只能左手很准确的触摸才可以响应。按钮不能及时反应。,primary_clue,56,50,单手操作app时 比如右手单拿手机 触摸左上角的按钮 不管用 只能左手很准确的触摸才可以响应 按钮不能及时反应,1,
10010000011415,跑步数据以及运动路径：随着下一个状态的发生和记录，上一个状态的持续时间发生改变，且这种改变不是修正，而是偏差增大,跑步数据以及运动路径：随着下一个状态的发生和记录，上一个状态的持续时间发生改变，且这种改变不是修正，而是偏差增大,,Functional-Tracking,step_count,list_item,wrong_value,step_count.list_item.wrong_value,N,High,1,Slife,Slife,10010000011415,step_count.list_item.wrong_value,跑步数据以及运动路径：随着下一个状态的发生和记录，上一个状态的持续时间发生改变，且这种改变不是修正，而是偏差增大,primary_clue,56,52,跑步数据以及运动路径 随着下一个状态的发生和记录 上一个状态的持续时间发生改变 且这种改变不是修正 而是偏差增大,1,
10010000010888,在应用分享的过程中，下拉主页面，点击选择活动汇总，选择里面的分享到朋友圈，会出现截屏保存，但随后会显示分享失败。,在应用分享的过程中，下拉主页面，点击选择活动汇总，选择里面的分享到朋友圈，会出现截屏保存，但随后会显示分享失败。,,Functional-Share,share,page_view,cannot_share,share.page_view.cannot_share,N,High,1,Slife,Slife,10010000010888,share.page_view.cannot_share,在应用分享的过程中，下拉主页面，点击选择活动汇总，选择里面的分享到朋友圈，会出现截屏保存，但随后会显示分享失败。,primary_clue,56,50,在应用分享的过程中 下拉主页面 点击选择活动汇总 选择里面的分享到朋友圈 会出现截屏保存 但随后会显示分享失败,1,
10010000011723,当用户的运动状态由步行变换为跑步时，不能立即监测出来，运动状态仍然显示为步行，这不满足该软件对于准确方面的要求。,当用户的运动状态由步行变换为跑步时，不能立即监测出来，运动状态仍然显示为步行，这不满足该软件对于准确方面的要求。,,Functional-Tracking,run_walk,other,cannot_or_fail,run_walk.other.cannot_or_fail,N,High,1,Slife,Slife,10010000011723,run_walk.other.cannot_or_fail,当用户的运动状态由步行变换为跑步时，不能立即监测出来，运动状态仍然显示为步行，这不满足该软件对于准确方面的要求。,primary_clue,56,52,当用户的运动状态由步行变换为跑步时 不能立即监测出来 运动状态仍然显示为步行 这不满足该软件对于准确方面的要求,1,
10010000011569,"使用者并未进行运动，简单的晃动手机就会计步，
相反，使用者一直在移动但是手机没有晃动，就不会进行计数，计数不准确。",使用者并未进行运动，简单的晃动手机就会计步，,相反，使用者一直在移动但是手机没有晃动，就不会进行计数，计数不准确。,Functional-Tracking,step_count,other,other,step_count.other.other,Y,Medium,2,Slife,Slife,10010000011569,step_count.other.other,使用者并未进行运动，简单的晃动手机就会计步，,primary_clue,22,20,使用者并未进行运动 简单的晃动手机就会计步,1,
10010000010754,点用户点击分享中的“更多”按钮后，程序将数据的图片进行分享，而不是链接；应用没有提示用户是图片，可能不符合用户需求,点用户点击分享中的“更多”按钮后，程序将数据的图片进行分享，而不是链接,应用没有提示用户是图片，可能不符合用户需求,Functional-Share,share,button_icon,other,share.button_icon.other,Y,Medium,2,Slife,Slife,10010000010754,share.button_icon.other,点用户点击分享中的“更多”按钮后，程序将数据的图片进行分享，而不是链接,primary_clue,35,31,点用户点击分享中的 更多 按钮后 程序将数据的图片进行分享 而不是链接,1,
10010000010869,在分享时，直接采用其所给的分享方式分享，发送的是该app宣传广告，而使用更多里的分享方式分享时，分享的是截屏图片。,在分享时，直接采用其所给的分享方式分享，发送的是该app宣传广告，而使用更多里的分享方式分享时，分享的是截屏图片。,,Functional-Share,share,image_banner,other,share.image_banner.other,N,High,1,Slife,Slife,10010000010869,share.image_banner.other,在分享时，直接采用其所给的分享方式分享，发送的是该app宣传广告，而使用更多里的分享方式分享时，分享的是截屏图片。,primary_clue,57,52,在分享时 直接采用其所给的分享方式分享 发送的是该app宣传广告 而使用更多里的分享方式分享时 分享的是截屏图片,1,
10010000011065,页面只有跑步数，最好直接在首页是有个显示跑多少步，大约多少卡路里的；时间和步数最好用统计图的柱状图表示，一目了然。,页面只有跑步数，最好直接在首页是有个显示跑多少步，大约多少卡路里的,时间和步数最好用统计图的柱状图表示，一目了然。,Functional-Tracking,step_count,page_view,other,step_count.page_view.other,Y,Medium,2,Slife,Slife,10010000011065,step_count.page_view.other,页面只有跑步数，最好直接在首页是有个显示跑多少步，大约多少卡路里的,primary_clue,33,31,页面只有跑步数 最好直接在首页是有个显示跑多少步 大约多少卡路里的,1,
10010000011250,"通过朋友圈""分享到社交平台""功能未实现, 点击朋友圈图标后提示""截屏中"", ""分享中"", ""发送失败, 请重试"".","通过朋友圈""分享到社交平台""功能未实现, 点击朋友圈图标后提示""截屏中"", ""分享中"", ""发送失败, 请重试"".",,Functional-Share,share,button_icon,cannot_send,share.button_icon.cannot_send,N,High,1,Slife,Slife,10010000011250,share.button_icon.cannot_send,"通过朋友圈""分享到社交平台""功能未实现, 点击朋友圈图标后提示""截屏中"", ""分享中"", ""发送失败, 请重试"".",primary_clue,57,40,通过朋友圈 分享到社交平台 功能未实现 点击朋友圈图标后提示 截屏中 分享中 发送失败 请重试,1,
10010000011153,手机上安装了此引用，分享时无法打开此应用(Facebook)，且无提示，一直保持loading状态，只能强制返回退出,手机上安装了此引用，分享时无法打开此应用(Facebook)，且无提示，一直保持loading状态，只能强制返回退出,,Network/Loading,share,share_panel,load_fail,share.share_panel.load_fail,N,High,1,Slife,Slife,10010000011153,share.share_panel.load_fail,手机上安装了此引用，分享时无法打开此应用(Facebook)，且无提示，一直保持loading状态，只能强制返回退出,primary_clue,58,52,手机上安装了此引用 分享时无法打开此应用 facebook 且无提示 一直保持loading状态 只能强制返回退出,1,
10010000011099,运动路径显示的时间轴：易给人造成困扰，因其在相邻的两个状态与其间的时间节点中有缝隙，感觉好像是中间还有一段时间的空缺,运动路径显示的时间轴：易给人造成困扰，因其在相邻的两个状态与其间的时间节点中有缝隙，感觉好像是中间还有一段时间的空缺,,Functional-Tracking,run_walk,step,other,run_walk.step.other,N,High,1,Slife,Slife,10010000011099,run_walk.step.other,运动路径显示的时间轴：易给人造成困扰，因其在相邻的两个状态与其间的时间节点中有缝隙，感觉好像是中间还有一段时间的空缺,primary_clue,58,55,运动路径显示的时间轴 易给人造成困扰 因其在相邻的两个状态与其间的时间节点中有缝隙 感觉好像是中间还有一段时间的空缺,1,
10010000007548,添加好友中，在上面的输入框中输入信息，但是输入完成后没有任何跳转的按钮，只能用手机自带的跳转完成这个功能，功能不完善。,添加好友中，在上面的输入框中输入信息，但是输入完成后没有任何跳转的按钮，只能用手机自带的跳转完成这个功能，功能不完善。,,Functional-Social,other,input_box,other,other.input_box.other,N,High,1,Slife,Slife,10010000007548,other.input_box.other,添加好友中，在上面的输入框中输入信息，但是输入完成后没有任何跳转的按钮，只能用手机自带的跳转完成这个功能，功能不完善。,primary_clue,59,54,添加好友中 在上面的输入框中输入信息 但是输入完成后没有任何跳转的按钮 只能用手机自带的跳转完成这个功能 功能不完善,1,
10010000007507,从本地或者拍照后选择图片后，该软件就直接修改了头像，并没有提供是否确定修改功能，而要修改就必须再上传一次，用户体验不好,从本地或者拍照后选择图片后，该软件就直接修改了头像，并没有提供是否确定修改功能，而要修改就必须再上传一次，用户体验不好,,UI/Display,other,image_banner,other,other.image_banner.other,N,Medium,1,Slife,Slife,10010000007507,other.image_banner.other,从本地或者拍照后选择图片后，该软件就直接修改了头像，并没有提供是否确定修改功能，而要修改就必须再上传一次，用户体验不好,primary_clue,59,55,从本地或者拍照后选择图片后 该软件就直接修改了头像 并没有提供是否确定修改功能 而要修改就必须再上传一次 用户体验不好,1,
10010000007794,用户修改账户头像时，点击修改头像选择相册里的图片进行修改，但退出后就有恢复默认设置头像了，不能永久设置自己喜欢的头像。,用户修改账户头像时，点击修改头像选择相册里的图片进行修改，但退出后就有恢复默认设置头像了，不能永久设置自己喜欢的头像。,,UI/Display,settings,page_view,cannot_or_fail,settings.page_view.cannot_or_fail,N,Medium,1,Slife,Slife,10010000007794,settings.page_view.cannot_or_fail,用户修改账户头像时，点击修改头像选择相册里的图片进行修改，但退出后就有恢复默认设置头像了，不能永久设置自己喜欢的头像。,primary_clue,59,55,用户修改账户头像时 点击修改头像选择相册里的图片进行修改 但退出后就有恢复默认设置头像了 不能永久设置自己喜欢的头像,1,
10010000011045,在关闭“启用私生活”，关闭“通知栏状态”，开启“省电模式”时，内存占用没有明显下降，有小概率会出现内存占用竟然上升了。,在关闭“启用私生活”，关闭“通知栏状态”，开启“省电模式”时，内存占用没有明显下降，有小概率会出现内存占用竟然上升了。,,Other,notification,other,other,notification.other.other,N,Medium,1,Slife,Slife,10010000011045,notification.other.other,在关闭“启用私生活”，关闭“通知栏状态”，开启“省电模式”时，内存占用没有明显下降，有小概率会出现内存占用竟然上升了。,primary_clue,59,48,在关闭 启用私生活 关闭 通知栏状态 开启 省电模式 时 内存占用没有明显下降 有小概率会出现内存占用竟然上升了,1,
10010000011038,在骑行信息栏出现后，进入具体骑行界面，继续当前运动，运动1分钟50秒后，观察具体骑行界面中的步数和卡路里值没有及时改变,在骑行信息栏出现后，进入具体骑行界面，继续当前运动，运动1分钟50秒后，观察具体骑行界面中的步数和卡路里值没有及时改变,,Functional-Tracking,step_count,page_view,other,step_count.page_view.other,N,High,1,Slife,Slife,10010000011038,step_count.page_view.other,在骑行信息栏出现后，进入具体骑行界面，继续当前运动，运动1分钟50秒后，观察具体骑行界面中的步数和卡路里值没有及时改变,primary_clue,59,55,在骑行信息栏出现后 进入具体骑行界面 继续当前运动 运动1分钟50秒后 观察具体骑行界面中的步数和卡路里值没有及时改变,1,
10010000007526,执行相机拍照的任务，启动相机拍照后点击确定，会不显示照片，直接是白图，提示图片太小，点击右上角确定会直接退出却不是重拍。,执行相机拍照的任务，启动相机拍照后点击确定，会不显示照片，直接是白图，提示图片太小，点击右上角确定会直接退出却不是重拍。,,Crash,other,image_banner,crash,other.image_banner.crash,N,High,1,Slife,Slife,10010000007526,other.image_banner.crash,执行相机拍照的任务，启动相机拍照后点击确定，会不显示照片，直接是白图，提示图片太小，点击右上角确定会直接退出却不是重拍。,primary_clue,60,54,执行相机拍照的任务 启动相机拍照后点击确定 会不显示照片 直接是白图 提示图片太小 点击右上角确定会直接退出却不是重拍,1,
10010000011610,进入首页右上角，活动趋势里的最长活动时间和最长活动距离不能实时更新，只能在当天任务完成后才能得出，过程中却不能体现作用。,进入首页右上角，活动趋势里的最长活动时间和最长活动距离不能实时更新，只能在当天任务完成后才能得出，过程中却不能体现作用。,,Functional-Tracking,other,page_view,cannot_or_fail,other.page_view.cannot_or_fail,N,High,1,Slife,Slife,10010000011610,other.page_view.cannot_or_fail,进入首页右上角，活动趋势里的最长活动时间和最长活动距离不能实时更新，只能在当天任务完成后才能得出，过程中却不能体现作用。,primary_clue,60,56,进入首页右上角 活动趋势里的最长活动时间和最长活动距离不能实时更新 只能在当天任务完成后才能得出 过程中却不能体现作用,1,
10010000011026,由于国内并不能使用facebook，然而Slife没有优化这一点，所以分享至facebook就会出现一直加载的现象，如图,由于国内并不能使用facebook，然而Slife没有优化这一点，所以分享至facebook就会出现一直加载的现象，如图,,Network/Loading,share,share_panel,load_fail,share.share_panel.load_fail,N,High,1,Slife,Slife,10010000011026,share.share_panel.load_fail,由于国内并不能使用facebook，然而Slife没有优化这一点，所以分享至facebook就会出现一直加载的现象，如图,primary_clue,60,57,由于国内并不能使用facebook 然而slife没有优化这一点 所以分享至facebook就会出现一直加载的现象 如图,1,
10010000010452,注册一个新账号，并登陆成功，设置目标后，携带手机开始运动，开始运动时，只有步数在增加，在运动一段时间后，运动时间仍然是0,注册一个新账号，并登陆成功，设置目标后，携带手机开始运动，开始运动时，只有步数在增加，在运动一段时间后，运动时间仍然是0,,Functional-Account,register,page_view,other,register.page_view.other,N,High,1,Slife,Slife,10010000010452,register.page_view.other,注册一个新账号，并登陆成功，设置目标后，携带手机开始运动，开始运动时，只有步数在增加，在运动一段时间后，运动时间仍然是0,primary_clue,60,53,注册一个新账号 并登陆成功 设置目标后 携带手机开始运动 开始运动时 只有步数在增加 在运动一段时间后 运动时间仍然是0,1,
10010000010815,点击运动主页面的”步行“状态，不显示运动数据及路径，点击停留时却显示运动数据及路径，但是显示的运动数据及路径与实际不符。,点击运动主页面的”步行“状态，不显示运动数据及路径，点击停留时却显示运动数据及路径，但是显示的运动数据及路径与实际不符。,,Functional-Tracking,run_walk,page_view,display_missing,run_walk.page_view.display_missing,N,High,1,Slife,Slife,10010000010815,run_walk.page_view.display_missing,点击运动主页面的”步行“状态，不显示运动数据及路径，点击停留时却显示运动数据及路径，但是显示的运动数据及路径与实际不符。,primary_clue,60,54,点击运动主页面的 步行 状态 不显示运动数据及路径 点击停留时却显示运动数据及路径 但是显示的运动数据及路径与实际不符,1,
10010000011248,在一段时间段内只能选择一种方式，一旦切换方式在此时间段内的运动情况全部改变成新的计算方式下的结果，无法自己建立运动时间段,在一段时间段内只能选择一种方式，一旦切换方式在此时间段内的运动情况全部改变成新的计算方式下的结果，无法自己建立运动时间段,,Functional-Tracking,run_walk,step,cannot_or_fail,run_walk.step.cannot_or_fail,N,High,1,Slife,Slife,10010000011248,run_walk.step.cannot_or_fail,在一段时间段内只能选择一种方式，一旦切换方式在此时间段内的运动情况全部改变成新的计算方式下的结果，无法自己建立运动时间段,primary_clue,60,58,在一段时间段内只能选择一种方式 一旦切换方式在此时间段内的运动情况全部改变成新的计算方式下的结果 无法自己建立运动时间段,1,
10010000011295,不能良好地识别跑步和乘坐交通工具的区别，我在标准的400m跑道上奔跑一圈，手机放在裤兜里，显示的结果却是我在乘坐交通工具,不能良好地识别跑步和乘坐交通工具的区别，我在标准的400m跑道上奔跑一圈，手机放在裤兜里，显示的结果却是我在乘坐交通工具,,Functional-Tracking,run_walk,other,wrong_value,run_walk.other.wrong_value,N,High,1,Slife,Slife,10010000011295,run_walk.other.wrong_value,不能良好地识别跑步和乘坐交通工具的区别，我在标准的400m跑道上奔跑一圈，手机放在裤兜里，显示的结果却是我在乘坐交通工具,primary_clue,60,57,不能良好地识别跑步和乘坐交通工具的区别 我在标准的400m跑道上奔跑一圈 手机放在裤兜里 显示的结果却是我在乘坐交通工具,1,
10010000011302,通过QQ分享的内容，不点开时只显示模糊不清的的截图内容，点开后并不是个人的详细运动记录，而是被转到了APP官网下载页面。,通过QQ分享的内容，不点开时只显示模糊不清的的截图内容，点开后并不是个人的详细运动记录，而是被转到了APP官网下载页面。,,Functional-Share,share,page_view,wrong_value,share.page_view.wrong_value,N,High,1,Slife,Slife,10010000011302,share.page_view.wrong_value,通过QQ分享的内容，不点开时只显示模糊不清的的截图内容，点开后并不是个人的详细运动记录，而是被转到了APP官网下载页面。,primary_clue,60,56,通过qq分享的内容 不点开时只显示模糊不清的的截图内容 点开后并不是个人的详细运动记录 而是被转到了app官网下载页面,1,
10010000007544,不论是拍照、或是用相册图片修改头像，看似成功，可退出后，再次登录头像还是默认的。而且与修改后是否再次设置为默认的头像无关。,不论是拍照、或是用相册图片修改头像，看似成功，可退出后，再次登录头像还是默认的。而且与修改后是否再次设置为默认的头像无关。,,Functional-Account,login,page_view,other,login.page_view.other,N,High,1,Slife,Slife,10010000007544,login.page_view.other,不论是拍照、或是用相册图片修改头像，看似成功，可退出后，再次登录头像还是默认的。而且与修改后是否再次设置为默认的头像无关。,primary_clue,61,55,不论是拍照 或是用相册图片修改头像 看似成功 可退出后 再次登录头像还是默认的 而且与修改后是否再次设置为默认的头像无关,1,
10010000010640,设置运动目标页面，点击重新设置，进入个人信息页面，选择性别之后点击上一步，选择另一个性别，出现截图所示情况，无法继续设置。,设置运动目标页面，点击重新设置，进入个人信息页面，选择性别之后点击上一步，选择另一个性别，出现截图所示情况，无法继续设置。,,Functional-Tracking,run_walk,page_view,cannot_or_fail,run_walk.page_view.cannot_or_fail,N,High,1,Slife,Slife,10010000010640,run_walk.page_view.cannot_or_fail,设置运动目标页面，点击重新设置，进入个人信息页面，选择性别之后点击上一步，选择另一个性别，出现截图所示情况，无法继续设置。,primary_clue,61,54,设置运动目标页面 点击重新设置 进入个人信息页面 选择性别之后点击上一步 选择另一个性别 出现截图所示情况 无法继续设置,1,
10010000011366,离线状态下，点击分享到我的电脑上。我的电脑上显示无法分送，但是slife上却显示发送成功，与预期结果的发送失败结果严重不符。,离线状态下，点击分享到我的电脑上。我的电脑上显示无法分送，但是slife上却显示发送成功，与预期结果的发送失败结果严重不符。,,Functional-Share,share,share_panel,cannot_send,share.share_panel.cannot_send,N,High,1,Slife,Slife,10010000011366,share.share_panel.cannot_send,离线状态下，点击分享到我的电脑上。我的电脑上显示无法分送，但是slife上却显示发送成功，与预期结果的发送失败结果严重不符。,primary_clue,62,57,离线状态下 点击分享到我的电脑上 我的电脑上显示无法分送 但是slife上却显示发送成功 与预期结果的发送失败结果严重不符,1,
10010000007542,同样的，使用相册的图片，虽然会提示图片过小，放大后可上传，但修改也是不成功的。虽然看起来成功了，但是点击头像后又变成了默认的。,同样的，使用相册的图片，虽然会提示图片过小，放大后可上传，但修改也是不成功的。虽然看起来成功了，但是点击头像后又变成了默认的。,,UI/Display,other,image_banner,other,other.image_banner.other,N,Medium,1,Slife,Slife,10010000007542,other.image_banner.other,同样的，使用相册的图片，虽然会提示图片过小，放大后可上传，但修改也是不成功的。虽然看起来成功了，但是点击头像后又变成了默认的。,primary_clue,63,56,同样的 使用相册的图片 虽然会提示图片过小 放大后可上传 但修改也是不成功的 虽然看起来成功了 但是点击头像后又变成了默认的,1,
10010000007594,步骤2后登录界面的登录账号只可以输入邮箱名称，不可以输入用户名，见截图1；用户名和邮箱都具有唯一标志性，应该都可以作为登录账号,步骤2后登录界面的登录账号只可以输入邮箱名称，不可以输入用户名，见截图1,用户名和邮箱都具有唯一标志性，应该都可以作为登录账号,Functional-Account,login,page_view,cannot_or_fail,login.page_view.cannot_or_fail,Y,Medium,2,Slife,Slife,10010000007594,login.page_view.cannot_or_fail,步骤2后登录界面的登录账号只可以输入邮箱名称，不可以输入用户名，见截图1,primary_clue,36,34,步骤2后登录界面的登录账号只可以输入邮箱名称 不可以输入用户名 见截图1,1,
10010000011285,主界面下拉时，突然出现活动汇总和活动详细界面，但是下方却出现的是分享到其他平台的选项，并且点击汇总和详细按钮，无任何变化和响应,主界面下拉时，突然出现活动汇总和活动详细界面，但是下方却出现的是分享到其他平台的选项，并且点击汇总和详细按钮，无任何变化和响应,,Functional-Share,share,button_icon,other,share.button_icon.other,N,High,1,Slife,Slife,10010000011285,share.button_icon.other,主界面下拉时，突然出现活动汇总和活动详细界面，但是下方却出现的是分享到其他平台的选项，并且点击汇总和详细按钮，无任何变化和响应,primary_clue,63,59,主界面下拉时 突然出现活动汇总和活动详细界面 但是下方却出现的是分享到其他平台的选项 并且点击汇总和详细按钮 无任何变化和响应,1,
10010000011729,点击微博分享，没有微博帐号要注册，点击注册后会一直转圈，时间比较长，多次试验，仍然是这样，影响用户体验，完成后也不能完成分享。,点击微博分享，没有微博帐号要注册，点击注册后会一直转圈，时间比较长，多次试验，仍然是这样，影响用户体验，完成后也不能完成分享。,,Network/Loading,register,share_panel,cannot_or_fail,register.share_panel.cannot_or_fail,N,High,1,Slife,Slife,10010000011729,register.share_panel.cannot_or_fail,点击微博分享，没有微博帐号要注册，点击注册后会一直转圈，时间比较长，多次试验，仍然是这样，影响用户体验，完成后也不能完成分享。,primary_clue,63,55,点击微博分享 没有微博帐号要注册 点击注册后会一直转圈 时间比较长 多次试验 仍然是这样 影响用户体验 完成后也不能完成分享,1,
10010000010693,用户设置运动目标 ，用户轻度运动就需要最少9836步，而中度运动最少目标是7962步，这样的设置不够灵活，步数太多不容易实现。,用户设置运动目标 ，用户轻度运动就需要最少9836步，而中度运动最少目标是7962步，这样的设置不够灵活，步数太多不容易实现。,,Functional-Tracking,step_count,page_view,other,step_count.page_view.other,N,High,1,Slife,Slife,10010000010693,step_count.page_view.other,用户设置运动目标 ，用户轻度运动就需要最少9836步，而中度运动最少目标是7962步，这样的设置不够灵活，步数太多不容易实现。,primary_clue,63,57,用户设置运动目标 用户轻度运动就需要最少9836步 而中度运动最少目标是7962步 这样的设置不够灵活 步数太多不容易实现,1,
10010000011423,在排行榜分享自己今天的运动完成情况时，使用的是分享到qq好友，竟然发过去之后的链接是广告（下载此应用），而不是自己的运动情况。,在排行榜分享自己今天的运动完成情况时，使用的是分享到qq好友，竟然发过去之后的链接是广告（下载此应用），而不是自己的运动情况。,,Functional-Share,share,image_banner,other,share.image_banner.other,N,High,1,Slife,Slife,10010000011423,share.image_banner.other,在排行榜分享自己今天的运动完成情况时，使用的是分享到qq好友，竟然发过去之后的链接是广告（下载此应用），而不是自己的运动情况。,primary_clue,63,57,在排行榜分享自己今天的运动完成情况时 使用的是分享到qq好友 竟然发过去之后的链接是广告 下载此应用 而不是自己的运动情况,1,
10010000007757,用户头像设置新头像后，没有提示设置成功，返回查看，仍旧是系统默认头像，但是在侧边栏的排行榜子功能页面刷新后，头像显示的是新头像。,用户头像设置新头像后，没有提示设置成功，返回查看，仍旧是系统默认头像，但是在侧边栏的排行榜子功能页面刷新后，头像显示的是新头像。,,UI/Display,settings,page_view,no_prompt,settings.page_view.no_prompt,N,High,1,Slife,Slife,10010000007757,settings.page_view.no_prompt,用户头像设置新头像后，没有提示设置成功，返回查看，仍旧是系统默认头像，但是在侧边栏的排行榜子功能页面刷新后，头像显示的是新头像。,primary_clue,64,58,用户头像设置新头像后 没有提示设置成功 返回查看 仍旧是系统默认头像 但是在侧边栏的排行榜子功能页面刷新后 头像显示的是新头像,1,
10010000007781,设置头像，在相机和图册里的图片，必须要截图，不能整张图片，而且截图只能在规定的范围内截图（圆圈截图），不能自己选取（其他形状）。,设置头像，在相机和图册里的图片，必须要截图，不能整张图片，而且截图只能在规定的范围内截图（圆圈截图），不能自己选取（其他形状）。,,UI/Display,settings,page_view,cannot_or_fail,settings.page_view.cannot_or_fail,N,Medium,1,Slife,Slife,10010000007781,settings.page_view.cannot_or_fail,设置头像，在相机和图册里的图片，必须要截图，不能整张图片，而且截图只能在规定的范围内截图（圆圈截图），不能自己选取（其他形状）。,primary_clue,64,54,设置头像 在相机和图册里的图片 必须要截图 不能整张图片 而且截图只能在规定的范围内截图 圆圈截图 不能自己选取 其他形状,1,
10010000011659,"主页面的页面布局与悦动圈相比用户体验极差，不够美观。
并且悦动圈有许多激励用户的功能，激励用户使用这个软件进行检测每天的运动量。",主页面的页面布局与悦动圈相比用户体验极差，不够美观。,并且悦动圈有许多激励用户的功能，激励用户使用这个软件进行检测每天的运动量。,UI/Display,other,page_view,layout_issue,other.page_view.layout_issue,Y,Medium,2,Slife,Slife,10010000011659,other.page_view.layout_issue,主页面的页面布局与悦动圈相比用户体验极差，不够美观。,primary_clue,26,24,主页面的页面布局与悦动圈相比用户体验极差 不够美观,1,
10010000010333,在设定目标界面，选择你的基本信息来到推荐完成步数界面，在点击上一步更改你的基本信息，然后回到推荐完成步数页面，步数的信息没有改变,在设定目标界面，选择你的基本信息来到推荐完成步数界面，在点击上一步更改你的基本信息，然后回到推荐完成步数页面，步数的信息没有改变,,Functional-Tracking,step_count,page_view,other,step_count.page_view.other,N,High,1,Slife,Slife,10010000010333,step_count.page_view.other,在设定目标界面，选择你的基本信息来到推荐完成步数界面，在点击上一步更改你的基本信息，然后回到推荐完成步数页面，步数的信息没有改变,primary_clue,64,60,在设定目标界面 选择你的基本信息来到推荐完成步数界面 在点击上一步更改你的基本信息 然后回到推荐完成步数页面 步数的信息没有改变,1,
10010000010942,在刚开始进入APP或，手机静止过长时间的话，再次晃动手机，发现在很长一段时间内无反应，即步数不发生任何变化。之后才慢慢有了反应。,在刚开始进入APP或，手机静止过长时间的话，再次晃动手机，发现在很长一段时间内无反应，即步数不发生任何变化。之后才慢慢有了反应。,,Functional-Tracking,step_count,step,cannot_or_fail,step_count.step.cannot_or_fail,N,High,1,Slife,Slife,10010000010942,step_count.step.cannot_or_fail,在刚开始进入APP或，手机静止过长时间的话，再次晃动手机，发现在很长一段时间内无反应，即步数不发生任何变化。之后才慢慢有了反应。,primary_clue,64,58,在刚开始进入app或 手机静止过长时间的话 再次晃动手机 发现在很长一段时间内无反应 即步数不发生任何变化 之后才慢慢有了反应,1,
10010000011321,点击页面右上角进入记录活动的页面，选择周（即按周查看活动记录），发现今天本是12月3号，但它最上面却显示11月，很容易误导用户。,点击页面右上角进入记录活动的页面，选择周（即按周查看活动记录），发现今天本是12月3号，但它最上面却显示11月，很容易误导用户。,,UI/Display,other,page_view,wrong_value,other.page_view.wrong_value,N,High,1,Slife,Slife,10010000011321,other.page_view.wrong_value,点击页面右上角进入记录活动的页面，选择周（即按周查看活动记录），发现今天本是12月3号，但它最上面却显示11月，很容易误导用户。,primary_clue,64,57,点击页面右上角进入记录活动的页面 选择周 即按周查看活动记录 发现今天本是12月3号 但它最上面却显示11月 很容易误导用户,1,
10010000011507,登录与非登录情况下都可以设定运动目标，有网络和无网络之下也都可以设定运动目标。目标设定有限值，无法满足想要加强运动量的人的需求。,登录与非登录情况下都可以设定运动目标，有网络和无网络之下也都可以设定运动目标。目标设定有限值，无法满足想要加强运动量的人的需求。,,Functional-Account,login,other,cannot_or_fail,login.other.cannot_or_fail,N,High,1,Slife,Slife,10010000011507,login.other.cannot_or_fail,登录与非登录情况下都可以设定运动目标，有网络和无网络之下也都可以设定运动目标。目标设定有限值，无法满足想要加强运动量的人的需求。,primary_clue,64,60,登录与非登录情况下都可以设定运动目标 有网络和无网络之下也都可以设定运动目标 目标设定有限值 无法满足想要加强运动量的人的需求,1,
10010000007661,当断开网络或者网络异常时，点击注册正确输入相关信息，点击注册时，没有提示“请先连接网络”，点击注册时没有反应，也没有相关提示信息”。,当断开网络或者网络异常时，点击注册正确输入相关信息，点击注册时，没有提示“请先连接网络”，点击注册时没有反应，也没有相关提示信息”。,,Network/Loading,register,other,load_fail,register.other.load_fail,N,High,1,Slife,Slife,10010000007661,register.other.load_fail,当断开网络或者网络异常时，点击注册正确输入相关信息，点击注册时，没有提示“请先连接网络”，点击注册时没有反应，也没有相关提示信息”。,primary_clue,66,57,当断开网络或者网络异常时 点击注册正确输入相关信息 点击注册时 没有提示 请先连接网络 点击注册时没有反应 也没有相关提示信息,1,
10010000011075,在有链接网络的情况下，启动微博，再进行分享，点击确定授权，出现网络连接失败!并且点击取消之后回到应用分享的时候页面没有提示分享失败！,在有链接网络的情况下，启动微博，再进行分享，点击确定授权，出现网络连接失败!并且点击取消之后回到应用分享的时候页面没有提示分享失败！,,Functional-Share,share,page_view,cannot_share,share.page_view.cannot_share,N,High,1,Slife,Slife,10010000011075,share.page_view.cannot_share,在有链接网络的情况下，启动微博，再进行分享，点击确定授权，出现网络连接失败!并且点击取消之后回到应用分享的时候页面没有提示分享失败！,primary_clue,66,60,在有链接网络的情况下 启动微博 再进行分享 点击确定授权 出现网络连接失败 并且点击取消之后回到应用分享的时候页面没有提示分享失败,1,
10010000011019,GPS定位存在异常，在原地不动得运动情况下，定位系统出现路线差异过大，在地图中没有标尺，并且地图的方向指向不敏感且始终指向手机上方。,GPS定位存在异常，在原地不动得运动情况下，定位系统出现路线差异过大，在地图中没有标尺，并且地图的方向指向不敏感且始终指向手机上方。,,Functional-Tracking,gps_track,gps,other,gps_track.gps.other,N,High,1,Slife,Slife,10010000011019,gps_track.gps.other,GPS定位存在异常，在原地不动得运动情况下，定位系统出现路线差异过大，在地图中没有标尺，并且地图的方向指向不敏感且始终指向手机上方。,primary_clue,66,61,gps定位存在异常 在原地不动得运动情况下 定位系统出现路线差异过大 在地图中没有标尺 并且地图的方向指向不敏感且始终指向手机上方,1,
10010000011600,首页进入到设定目标页面，点击“重新设置”按钮，进入选择“男士女士”头像界面，再点击返回键，理应回到设定目标界面，实际上却回到了首页。,首页进入到设定目标页面，点击“重新设置”按钮，进入选择“男士女士”头像界面，再点击返回键，理应回到设定目标界面，实际上却回到了首页。,,UI/Display,settings,button_icon,other,settings.button_icon.other,N,Medium,1,Slife,Slife,10010000011600,settings.button_icon.other,首页进入到设定目标页面，点击“重新设置”按钮，进入选择“男士女士”头像界面，再点击返回键，理应回到设定目标界面，实际上却回到了首页。,primary_clue,66,56,首页进入到设定目标页面 点击 重新设置 按钮 进入选择 男士女士 头像界面 再点击返回键 理应回到设定目标界面 实际上却回到了首页,1,
10010000010009,若想把运动结果分享给好友，我之前在搜索栏进行过这个好友的搜索，此时分享时再次搜索好友，应该有历史搜索用户推荐，这里没有，只能重新搜索。,若想把运动结果分享给好友，我之前在搜索栏进行过这个好友的搜索，此时分享时再次搜索好友，应该有历史搜索用户推荐，这里没有，只能重新搜索。,,Functional-Share,share,chat,other,share.chat.other,N,High,1,Slife,Slife,10010000010009,share.chat.other,若想把运动结果分享给好友，我之前在搜索栏进行过这个好友的搜索，此时分享时再次搜索好友，应该有历史搜索用户推荐，这里没有，只能重新搜索。,primary_clue,67,61,若想把运动结果分享给好友 我之前在搜索栏进行过这个好友的搜索 此时分享时再次搜索好友 应该有历史搜索用户推荐 这里没有 只能重新搜索,1,
10010000010750,设置运动目标功能，在个人设置选择好个人信息后，得到建议运动量，此时不点击完成，点击上一步修改个人信息，修改个人信息后，建议运动量不更新,设置运动目标功能，在个人设置选择好个人信息后，得到建议运动量，此时不点击完成，点击上一步修改个人信息，修改个人信息后，建议运动量不更新,,Functional-Tracking,run_walk,page_view,wrong_value,run_walk.page_view.wrong_value,N,High,1,Slife,Slife,10010000010750,run_walk.page_view.wrong_value,设置运动目标功能，在个人设置选择好个人信息后，得到建议运动量，此时不点击完成，点击上一步修改个人信息，修改个人信息后，建议运动量不更新,primary_clue,67,61,设置运动目标功能 在个人设置选择好个人信息后 得到建议运动量 此时不点击完成 点击上一步修改个人信息 修改个人信息后 建议运动量不更新,1,
10010000011236,在首页显示路径的地方，没有实时更新，之前是445步，后面走到466步，过了10分钟，界面上还是显示的518，和上面圆圈里面的不能够同步。,在首页显示路径的地方，没有实时更新，之前是445步，后面走到466步，过了10分钟，界面上还是显示的518，和上面圆圈里面的不能够同步。,,UI/Display,other,page_view,cannot_or_fail,other.page_view.cannot_or_fail,N,Medium,1,Slife,Slife,10010000011236,other.page_view.cannot_or_fail,在首页显示路径的地方，没有实时更新，之前是445步，后面走到466步，过了10分钟，界面上还是显示的518，和上面圆圈里面的不能够同步。,primary_clue,68,61,在首页显示路径的地方 没有实时更新 之前是445步 后面走到466步 过了10分钟 界面上还是显示的518 和上面圆圈里面的不能够同步,1,
10010000010605,数据太假，不合常理，当我的运动是60步的时候（此时我已经停止运动），显示距离为200米，这意味着我一步走3米多，现实我的一步只有几十厘米,数据太假，不合常理，当我的运动是60步的时候（此时我已经停止运动），显示距离为200米，这意味着我一步走3米多，现实我的一步只有几十厘米,,Functional-Tracking,run_walk,step,other,run_walk.step.other,N,High,1,Slife,Slife,10010000010605,run_walk.step.other,数据太假，不合常理，当我的运动是60步的时候（此时我已经停止运动），显示距离为200米，这意味着我一步走3米多，现实我的一步只有几十厘米,primary_clue,68,61,数据太假 不合常理 当我的运动是60步的时候 此时我已经停止运动 显示距离为200米 这意味着我一步走3米多 现实我的一步只有几十厘米,1,
10010000007558,"注册时用户名未提示格式及长度,导致用户输入了格式错误或长度不符合要求的用户名只有等点注册时提示用户名格式错误才知道,不能及时知道并进行更改","注册时用户名未提示格式及长度,导致用户输入了格式错误或长度不符合要求的用户名只有等点注册时提示用户名格式错误才知道,不能及时知道并进行更改",,Functional-Account,register,other,wrong_value,register.other.wrong_value,N,High,1,Slife,Slife,10010000007558,register.other.wrong_value,"注册时用户名未提示格式及长度,导致用户输入了格式错误或长度不符合要求的用户名只有等点注册时提示用户名格式错误才知道,不能及时知道并进行更改",primary_clue,69,67,注册时用户名未提示格式及长度 导致用户输入了格式错误或长度不符合要求的用户名只有等点注册时提示用户名格式错误才知道 不能及时知道并进行更改,1,
10010000010265,在设定运动目标时，用户不能邀请亲近的人一起运动并监督自己，可以在这一块邀请好友一起来设定运动目标会更好，用户体验目标不佳，只能设置一个人的,在设定运动目标时，用户不能邀请亲近的人一起运动并监督自己，可以在这一块邀请好友一起来设定运动目标会更好，用户体验目标不佳，只能设置一个人的,,Functional-Social,run_walk,page_view,cannot_or_fail,run_walk.page_view.cannot_or_fail,N,High,1,Slife,Slife,10010000010265,run_walk.page_view.cannot_or_fail,在设定运动目标时，用户不能邀请亲近的人一起运动并监督自己，可以在这一块邀请好友一起来设定运动目标会更好，用户体验目标不佳，只能设置一个人的,primary_clue,69,65,在设定运动目标时 用户不能邀请亲近的人一起运动并监督自己 可以在这一块邀请好友一起来设定运动目标会更好 用户体验目标不佳 只能设置一个人的,1,
10010000009939,当用户选择重新设定目标时，必须从头到尾重新设定完整，假设用户进入重新设定又想退出来，就只能重新设定完，而无法直接退出。这样会使操作更繁琐。,当用户选择重新设定目标时，必须从头到尾重新设定完整，假设用户进入重新设定又想退出来，就只能重新设定完，而无法直接退出。这样会使操作更繁琐。,,Crash,settings,other,crash,settings.other.crash,N,High,1,Slife,Slife,10010000009939,settings.other.crash,当用户选择重新设定目标时，必须从头到尾重新设定完整，假设用户进入重新设定又想退出来，就只能重新设定完，而无法直接退出。这样会使操作更繁琐。,primary_clue,69,63,当用户选择重新设定目标时 必须从头到尾重新设定完整 假设用户进入重新设定又想退出来 就只能重新设定完 而无法直接退出 这样会使操作更繁琐,1,
10010000011330,设定目标时，之前根据个人信息计算得到最佳位置，一旦移动卡路里位置之后，不能调整到通过计算得到的位置设定，只能通过重置，点击三角形也不可以。,设定目标时，之前根据个人信息计算得到最佳位置，一旦移动卡路里位置之后，不能调整到通过计算得到的位置设定，只能通过重置，点击三角形也不可以。,,Functional-Tracking,settings,step,cannot_or_fail,settings.step.cannot_or_fail,N,High,1,Slife,Slife,10010000011330,settings.step.cannot_or_fail,设定目标时，之前根据个人信息计算得到最佳位置，一旦移动卡路里位置之后，不能调整到通过计算得到的位置设定，只能通过重置，点击三角形也不可以。,primary_clue,69,63,设定目标时 之前根据个人信息计算得到最佳位置 一旦移动卡路里位置之后 不能调整到通过计算得到的位置设定 只能通过重置 点击三角形也不可以,1,
10010000011767,无网络状态下，分享到各大平台的反应各不相同，提示信息也各不相同，qq正常进入分享页面，分享失败，Facebook闪屏，微博变白，朋友圈变灰,无网络状态下，分享到各大平台的反应各不相同，提示信息也各不相同，qq正常进入分享页面，分享失败，Facebook闪屏，微博变白，朋友圈变灰,,Functional-Share,share,page_view,cannot_share,share.page_view.cannot_share,N,High,1,Slife,Slife,10010000011767,share.page_view.cannot_share,无网络状态下，分享到各大平台的反应各不相同，提示信息也各不相同，qq正常进入分享页面，分享失败，Facebook闪屏，微博变白，朋友圈变灰,primary_clue,69,62,无网络状态下 分享到各大平台的反应各不相同 提示信息也各不相同 qq正常进入分享页面 分享失败 facebook闪屏 微博变白 朋友圈变灰,1,
10010000007765,在修改密码或设置密码时，没有提示密码设置的相关限制，如不能以下划线开头，密码长度也没有提示，没有相关的密保问题，任何人都可以进行修改密码操作,在修改密码或设置密码时，没有提示密码设置的相关限制，如不能以下划线开头，密码长度也没有提示，没有相关的密保问题，任何人都可以进行修改密码操作,,Functional-Account,settings,page_view,no_prompt,settings.page_view.no_prompt,N,High,1,Slife,Slife,10010000007765,settings.page_view.no_prompt,在修改密码或设置密码时，没有提示密码设置的相关限制，如不能以下划线开头，密码长度也没有提示，没有相关的密保问题，任何人都可以进行修改密码操作,primary_clue,70,65,在修改密码或设置密码时 没有提示密码设置的相关限制 如不能以下划线开头 密码长度也没有提示 没有相关的密保问题 任何人都可以进行修改密码操作,1,
10010000011759,用户选择分享运动记录时，若选择分享到朋友圈，则显示“分享失败”，若选择分享到微博则无法跳转到微博，即使在联网的状态下，也显示网络连接有问题。,用户选择分享运动记录时，若选择分享到朋友圈，则显示“分享失败”，若选择分享到微博则无法跳转到微博，即使在联网的状态下，也显示网络连接有问题。,,Functional-Share,share,list_item,cannot_share,share.list_item.cannot_share,N,High,1,Slife,Slife,10010000011759,share.list_item.cannot_share,用户选择分享运动记录时，若选择分享到朋友圈，则显示“分享失败”，若选择分享到微博则无法跳转到微博，即使在联网的状态下，也显示网络连接有问题。,primary_clue,70,62,用户选择分享运动记录时 若选择分享到朋友圈 则显示 分享失败 若选择分享到微博则无法跳转到微博 即使在联网的状态下 也显示网络连接有问题,1,
10010000011700,热量消耗计算错误，按照步行速度，4分钟的消耗卡路里约为6卡，但是在测试过程中，不到4分钟，消耗的卡路里已经为13.1卡，差距巨大！算法有错误,热量消耗计算错误，按照步行速度，4分钟的消耗卡路里约为6卡，但是在测试过程中，不到4分钟，消耗的卡路里已经为13.1卡，差距巨大！算法有错误,,Functional-Tracking,run_walk,step,wrong_value,run_walk.step.wrong_value,N,High,1,Slife,Slife,10010000011700,run_walk.step.wrong_value,热量消耗计算错误，按照步行速度，4分钟的消耗卡路里约为6卡，但是在测试过程中，不到4分钟，消耗的卡路里已经为13.1卡，差距巨大！算法有错误,primary_clue,70,62,热量消耗计算错误 按照步行速度 4分钟的消耗卡路里约为6卡 但是在测试过程中 不到4分钟 消耗的卡路里已经为13 1卡 差距巨大 算法有错误,1,
10010000011149,跑步时一边心里默数步数，一边看app记录的数据，发现两者不统一。该app记录步数不准确，记录的数据大多数情况下多于实际步数。无法记录跑步轨迹。,跑步时一边心里默数步数，一边看app记录的数据，发现两者不统一。该app记录步数不准确，记录的数据大多数情况下多于实际步数。无法记录跑…,,Functional-Tracking,step_count,list_item,cannot_or_fail,step_count.list_item.cannot_or_fail,N,High,1,Slife,Slife,10010000011149,step_count.list_item.cannot_or_fail,跑步时一边心里默数步数，一边看app记录的数据，发现两者不统一。该app记录步数不准确，记录的数据大多数情况下多于实际步数。无法记录跑…,primary_clue,68,62,跑步时一边心里默数步数 一边看app记录的数据 发现两者不统一 该app记录步数不准确 记录的数据大多数情况下多于实际步数 无法记录跑,1,
10010000010223,应用只能允许轻客账号登陆，不允许其他第三方账号登陆。账号注册只能用邮箱，不能用手机号绑定。而且登录界面记住密码设置，每次注销之后需要重新输入。,应用只能允许轻客账号登陆，不允许其他第三方账号登陆。账号注册只能用邮箱，不能用手机号绑定。而且登录界面记住密码设置，每次注销之后需要重…,,Functional-Account,register,page_view,cannot_or_fail,register.page_view.cannot_or_fail,N,High,1,Slife,Slife,10010000010223,register.page_view.cannot_or_fail,应用只能允许轻客账号登陆，不允许其他第三方账号登陆。账号注册只能用邮箱，不能用手机号绑定。而且登录界面记住密码设置，每次注销之后需要重…,primary_clue,68,62,应用只能允许轻客账号登陆 不允许其他第三方账号登陆 账号注册只能用邮箱 不能用手机号绑定 而且登录界面记住密码设置 每次注销之后需要重,1,
10010000011322,当在一个地方停留一段时间时，app会生成一条“停留”的记录，点击“停留”会显示所停留的位置，这个入口很难被发现，只有在不经意点到时才能被发现。,当在一个地方停留一段时间时，app会生成一条“停留”的记录，点击“停留”会显示所停留的位置，这个入口很难被发现，只有在不经意点到时才能…,,Other,other,list_item,other,other.list_item.other,N,Medium,1,Slife,Slife,10010000011322,other.list_item.other,当在一个地方停留一段时间时，app会生成一条“停留”的记录，点击“停留”会显示所停留的位置，这个入口很难被发现，只有在不经意点到时才能…,primary_clue,68,59,当在一个地方停留一段时间时 app会生成一条 停留 的记录 点击 停留 会显示所停留的位置 这个入口很难被发现 只有在不经意点到时才能,1,
10010000011437,在不登录的情况下记录的结果，在登录时依旧可以显示，安全性严重不足。如果他人在同台设备登录时，将看到原先没有登录的用户的结果，导致他人隐私泄露。,在不登录的情况下记录的结果，在登录时依旧可以显示，安全性严重不足。如果他人在同台设备登录时，将看到原先没有登录的用户的结果，导致他人隐…,,Functional-Account,login,list_item,other,login.list_item.other,N,High,1,Slife,Slife,10010000011437,login.list_item.other,在不登录的情况下记录的结果，在登录时依旧可以显示，安全性严重不足。如果他人在同台设备登录时，将看到原先没有登录的用户的结果，导致他人隐…,primary_clue,68,62,在不登录的情况下记录的结果 在登录时依旧可以显示 安全性严重不足 如果他人在同台设备登录时 将看到原先没有登录的用户的结果 导致他人隐,1,
10010000010380,"用qq分享运动结果,是私生活的app主页的url,不是自己的运动结果的url,且点击qq提示回到私生活后,通过后台在切换的qq会导致qq再次分享","用qq分享运动结果,是私生活的app主页的url,不是自己的运动结果的url,且点击qq提示回到私生活后,通过后台在切换的qq会导致q…",,Functional-Share,share,share_panel,wrong_value,share.share_panel.wrong_value,N,High,1,Slife,Slife,10010000010380,share.share_panel.wrong_value,"用qq分享运动结果,是私生活的app主页的url,不是自己的运动结果的url,且点击qq提示回到私生活后,通过后台在切换的qq会导致q…",primary_clue,68,63,用qq分享运动结果 是私生活的app主页的url 不是自己的运动结果的url 且点击qq提示回到私生活后 通过后台在切换的qq会导致q,1,
10010000011417,当运动步数大于500步之后，app上记录的运动步数和实际走动的步数相差大于50，模拟走路时的步频用手摇动手机600次，而显示的结果只有509步。,当运动步数大于500步之后，app上记录的运动步数和实际走动的步数相差大于50，模拟走路时的步频用手摇动手机600次，而显示的结果只有…,,Functional-Tracking,step_count,list_item,other,step_count.list_item.other,N,High,1,Slife,Slife,10010000011417,step_count.list_item.other,当运动步数大于500步之后，app上记录的运动步数和实际走动的步数相差大于50，模拟走路时的步频用手摇动手机600次，而显示的结果只有…,primary_clue,68,64,当运动步数大于500步之后 app上记录的运动步数和实际走动的步数相差大于50 模拟走路时的步频用手摇动手机600次 而显示的结果只有,1,
10010000011709,想要分享到朋友圈，如果想直接点击图一中朋友圈来分享每次都失败。但点击更多按钮，从那里分享朋友圈就可以成功，直接点击图一qq微博等等可以成功分享。,想要分享到朋友圈，如果想直接点击图一中朋友圈来分享每次都失败。但点击更多按钮，从那里分享朋友圈就可以成功，直接点击图一qq微博等等可以…,,Functional-Share,share,button_icon,cannot_share,share.button_icon.cannot_share,N,High,1,Slife,Slife,10010000011709,share.button_icon.cannot_share,想要分享到朋友圈，如果想直接点击图一中朋友圈来分享每次都失败。但点击更多按钮，从那里分享朋友圈就可以成功，直接点击图一qq微博等等可以…,primary_clue,68,63,想要分享到朋友圈 如果想直接点击图一中朋友圈来分享每次都失败 但点击更多按钮 从那里分享朋友圈就可以成功 直接点击图一qq微博等等可以,1,
10010000010488,如图， 点击应用后会直接添加。分享到别的应用时不能添加自己的心情描述等。  那分享的时候就加上一句系统自己设置的话语，不利于用户表示自己的心情。,如图， 点击应用后会直接添加。分享到别的应用时不能添加自己的心情描述等。 那分享的时候就加上一句系统自己设置的话语，不利于用户表示自己…,,Functional-Share,share,page_view,cannot_or_fail,share.page_view.cannot_or_fail,N,High,1,Slife,Slife,10010000010488,share.page_view.cannot_or_fail,如图， 点击应用后会直接添加。分享到别的应用时不能添加自己的心情描述等。 那分享的时候就加上一句系统自己设置的话语，不利于用户表示自己…,primary_clue,68,61,如图 点击应用后会直接添加 分享到别的应用时不能添加自己的心情描述等 那分享的时候就加上一句系统自己设置的话语 不利于用户表示自己,1,
10010000011776,当进行运动数据Facebook平台分享时，由于手机中为安装facebook应用，应该提示“未安装应用”，但却提示“发送失败，请重试......”,当进行运动数据Facebook平台分享时，由于手机中为安装facebook应用，应该提示“未安装应用”，但却提示“发送失败，请重试..…,,Functional-Share,share,share_panel,cannot_send,share.share_panel.cannot_send,N,High,1,Slife,Slife,10010000011776,share.share_panel.cannot_send,当进行运动数据Facebook平台分享时，由于手机中为安装facebook应用，应该提示“未安装应用”，但却提示“发送失败，请重试..…,primary_clue,68,58,当进行运动数据facebook平台分享时 由于手机中为安装facebook应用 应该提示 未安装应用 但却提示 发送失败 请重试,1,
10010000007470,"注册:用户名输入框内没有描述用户名命名的规则，也就是你允许我随便取名，当输入名称为一个 点 时，即 "" . "" 时，又提示命名格式错误，功能有缺陷","注册:用户名输入框内没有描述用户名命名的规则，也就是你允许我随便取名，当输入名称为一个 点 时，即 "" . "" 时，又提示命名格式错误…",,Functional-Account,register,input_box,wrong_value,register.input_box.wrong_value,N,High,1,Slife,Slife,10010000007470,register.input_box.wrong_value,"注册:用户名输入框内没有描述用户名命名的规则，也就是你允许我随便取名，当输入名称为一个 点 时，即 "" . "" 时，又提示命名格式错误…",primary_clue,68,53,注册 用户名输入框内没有描述用户名命名的规则 也就是你允许我随便取名 当输入名称为一个 点 时 即 时 又提示命名格式错误,1,
10010000010949,如图所示，分享运动结果给qq好友，对方点击只能看到app介绍及下载途径，并不能看到自己的运动结果。用其他途径分享也是只能看到app介绍及下载途径。,如图所示，分享运动结果给qq好友，对方点击只能看到app介绍及下载途径，并不能看到自己的运动结果。用其他途径分享也是只能看到app介绍…,,Functional-Share,share,chat,wrong_value,share.chat.wrong_value,N,High,1,Slife,Slife,10010000010949,share.chat.wrong_value,如图所示，分享运动结果给qq好友，对方点击只能看到app介绍及下载途径，并不能看到自己的运动结果。用其他途径分享也是只能看到app介绍…,primary_clue,68,63,如图所示 分享运动结果给qq好友 对方点击只能看到app介绍及下载途径 并不能看到自己的运动结果 用其他途径分享也是只能看到app介绍,1,
10010000010154,运动结果不能通过 qq分享，选择QQ之后会停滞在当前页面，不进行跳转。而且对手机上各个应用的版本有要求，比如本人手机安装的微信版本不支持当前API,运动结果不能通过 qq分享，选择QQ之后会停滞在当前页面，不进行跳转。而且对手机上各个应用的版本有要求，比如本人手机安装的微信版本不支…,,Functional-Share,share,page_view,cannot_or_fail,share.page_view.cannot_or_fail,N,High,1,Slife,Slife,10010000010154,share.page_view.cannot_or_fail,运动结果不能通过 qq分享，选择QQ之后会停滞在当前页面，不进行跳转。而且对手机上各个应用的版本有要求，比如本人手机安装的微信版本不支…,primary_clue,68,62,运动结果不能通过 qq分享 选择qq之后会停滞在当前页面 不进行跳转 而且对手机上各个应用的版本有要求 比如本人手机安装的微信版本不支,1,
10010000011468,打开app后台运行，在跑步，骑自行车和跑步机上运动时，数据实时变化的不准确，有时会变化很快，有时却不变化虽然进行了大量的运动，而且路径定位不准确！,打开app后台运行，在跑步，骑自行车和跑步机上运动时，数据实时变化的不准确，有时会变化很快，有时却不变化虽然进行了大量的运动，而且路径…,,Functional-Tracking,gps_track,gps,other,gps_track.gps.other,N,High,1,Slife,Slife,10010000011468,gps_track.gps.other,打开app后台运行，在跑步，骑自行车和跑步机上运动时，数据实时变化的不准确，有时会变化很快，有时却不变化虽然进行了大量的运动，而且路径…,primary_clue,68,61,打开app后台运行 在跑步 骑自行车和跑步机上运动时 数据实时变化的不准确 有时会变化很快 有时却不变化虽然进行了大量的运动 而且路径,1,
10010000011319,完成运动目标后，不提示已完成通知，只是单纯地继续计算步数，给用户的体验不太好。例如图中设定目标为2880，而达到之后不通知已完成只是单纯继续计步。,完成运动目标后，不提示已完成通知，只是单纯地继续计算步数，给用户的体验不太好。例如图中设定目标为2880，而达到之后不通知已完成只是单…,,Functional-Tracking,notification,step,other,notification.step.other,N,High,1,Slife,Slife,10010000011319,notification.step.other,完成运动目标后，不提示已完成通知，只是单纯地继续计算步数，给用户的体验不太好。例如图中设定目标为2880，而达到之后不通知已完成只是单…,primary_clue,68,62,完成运动目标后 不提示已完成通知 只是单纯地继续计算步数 给用户的体验不太好 例如图中设定目标为2880 而达到之后不通知已完成只是单,1,
10010000010851,在分享中，选择QQ分享会给对方发送一则广告，而选择微信给对方会发送截屏。但在点击更多之后，再选择用QQ发送，此时发送的是截屏。这会给用户带来麻烦。,在分享中，选择QQ分享会给对方发送一则广告，而选择微信给对方会发送截屏。但在点击更多之后，再选择用QQ发送，此时发送的是截屏。这会给用…,,Functional-Share,share,image_banner,other,share.image_banner.other,N,High,1,Slife,Slife,10010000010851,share.image_banner.other,在分享中，选择QQ分享会给对方发送一则广告，而选择微信给对方会发送截屏。但在点击更多之后，再选择用QQ发送，此时发送的是截屏。这会给用…,primary_clue,68,61,在分享中 选择qq分享会给对方发送一则广告 而选择微信给对方会发送截屏 但在点击更多之后 再选择用qq发送 此时发送的是截屏 这会给用,1,
10010000007524,填写完好用户信息后，不会显示任何信息，完成注册会直接跳转到侧边栏页面，却没有让再登陆。应该是显示注册成功，然后跳转到登陆页面，等登陆后再进入主页面。,填写完好用户信息后，不会显示任何信息，完成注册会直接跳转到侧边栏页面，却没有让再登陆。应该是显示注册成功，然后跳转到登陆页面，等登陆后…,,Functional-Account,register,page_view,other,register.page_view.other,N,High,1,Slife,Slife,10010000007524,register.page_view.other,填写完好用户信息后，不会显示任何信息，完成注册会直接跳转到侧边栏页面，却没有让再登陆。应该是显示注册成功，然后跳转到登陆页面，等登陆后…,primary_clue,68,61,填写完好用户信息后 不会显示任何信息 完成注册会直接跳转到侧边栏页面 却没有让再登陆 应该是显示注册成功 然后跳转到登陆页面 等登陆后,1,
10010000010106,在设置个人信息时，只能按照特定提示去设置个人信息，而且最后的运动目标是应用自己计算生成，对于运动达人来说，想要根据自身情况去设置目标并完成不能实现。,在设置个人信息时，只能按照特定提示去设置个人信息，而且最后的运动目标是应用自己计算生成，对于运动达人来说，想要根据自身情况去设置目标并…,,Functional-Tracking,run_walk,page_view,cannot_or_fail,run_walk.page_view.cannot_or_fail,N,High,1,Slife,Slife,10010000010106,run_walk.page_view.cannot_or_fail,在设置个人信息时，只能按照特定提示去设置个人信息，而且最后的运动目标是应用自己计算生成，对于运动达人来说，想要根据自身情况去设置目标并…,primary_clue,68,63,在设置个人信息时 只能按照特定提示去设置个人信息 而且最后的运动目标是应用自己计算生成 对于运动达人来说 想要根据自身情况去设置目标并,1,
10010000010556,打开Slife，设定运动目标后开始运动，当选择在室内行走（类似导致手机晃动不剧烈运动）时，主界面步数、距离、时间等变化不连贯或不变化，属于性能bug,打开Slife，设定运动目标后开始运动，当选择在室内行走（类似导致手机晃动不剧烈运动）时，主界面步数、距离、时间等变化不连贯或不变化，…,,Functional-Tracking,step_count,page_view,other,step_count.page_view.other,N,High,1,Slife,Slife,10010000010556,step_count.page_view.other,打开Slife，设定运动目标后开始运动，当选择在室内行走（类似导致手机晃动不剧烈运动）时，主界面步数、距离、时间等变化不连贯或不变化，…,primary_clue,68,59,打开slife 设定运动目标后开始运动 当选择在室内行走 类似导致手机晃动不剧烈运动 时 主界面步数 距离 时间等变化不连贯或不变化,1,
10010000011444,在选择设定运动目标之后，开始完善个人信息，但是在选择了一项个人信息之后，就把上一步选项置灰了，感觉就像是不可以修改的感觉，这会给用户造成很不好的体验,在选择设定运动目标之后，开始完善个人信息，但是在选择了一项个人信息之后，就把上一步选项置灰了，感觉就像是不可以修改的感觉，这会给用户造…,,Functional-Tracking,run_walk,other,cannot_or_fail,run_walk.other.cannot_or_fail,N,High,1,Slife,Slife,10010000011444,run_walk.other.cannot_or_fail,在选择设定运动目标之后，开始完善个人信息，但是在选择了一项个人信息之后，就把上一步选项置灰了，感觉就像是不可以修改的感觉，这会给用户造…,primary_clue,68,62,在选择设定运动目标之后 开始完善个人信息 但是在选择了一项个人信息之后 就把上一步选项置灰了 感觉就像是不可以修改的感觉 这会给用户造,1,
10010000007539,点击朋友圈进行分享，先是截屏中然后分享中，然后发送失败请重试，期间会出现极速闪屏，不实现分享就退出现象，其功能不完善，不正常的退出，影响了用户的体验。,点击朋友圈进行分享，先是截屏中然后分享中，然后发送失败请重试，期间会出现极速闪屏，不实现分享就退出现象，其功能不完善，不正常的退出，影…,,Functional-Share,share,share_panel,cannot_send,share.share_panel.cannot_send,N,High,1,Slife,Slife,10010000007539,share.share_panel.cannot_send,点击朋友圈进行分享，先是截屏中然后分享中，然后发送失败请重试，期间会出现极速闪屏，不实现分享就退出现象，其功能不完善，不正常的退出，影…,primary_clue,68,60,点击朋友圈进行分享 先是截屏中然后分享中 然后发送失败请重试 期间会出现极速闪屏 不实现分享就退出现象 其功能不完善 不正常的退出 影,1,
10010000010801,两个分享入口都有如下问题：无法分享到朋友圈，总是发送失败；选择“通过邮件分享”，却弹出几个选项让我选，包括蓝牙、百度云等其他应用，可见入口分类设置错误,两个分享入口都有如下问题：无法分享到朋友圈，总是发送失败,选择“通过邮件分享”，却弹出几个选项让我选，包括蓝牙、百度云等其他应用，可见入口分类设置错误,Functional-Share,share,share_panel,cannot_send,share.share_panel.cannot_send,Y,Medium,2,Slife,Slife,10010000010801,share.share_panel.cannot_send,两个分享入口都有如下问题：无法分享到朋友圈，总是发送失败,primary_clue,28,26,两个分享入口都有如下问题 无法分享到朋友圈 总是发送失败,1,
10010000010893,"下载压缩包只有十几兆但是运行内存却占到七十多兆，而且还需要打开定位，以便精确查看运动路径，因此造成内存占用更大。
状态显示自启动，而且会有通知栏显示。",下载压缩包只有十几兆但是运行内存却占到七十多兆，而且还需要打开定位，以便精确查看运动路径，因此造成内存占用更大。,状态显示自启动，而且会有通知栏显示。,Functional-Tracking,gps_track,gps,other,gps_track.gps.other,Y,Medium,2,Slife,Slife,10010000010893,gps_track.gps.other,下载压缩包只有十几兆但是运行内存却占到七十多兆，而且还需要打开定位，以便精确查看运动路径，因此造成内存占用更大。,primary_clue,56,52,下载压缩包只有十几兆但是运行内存却占到七十多兆 而且还需要打开定位 以便精确查看运动路径 因此造成内存占用更大,1,
10010000007764,我在修改密码时，重复多次修改操作，在短时间内操作多次，应用未有安全提示，而且我的新密码安全系数也不高，只是简单的123456，密码过于简单，也没有提示。,我在修改密码时，重复多次修改操作，在短时间内操作多次，应用未有安全提示，而且我的新密码安全系数也不高，只是简单的123456，密码过于…,,Functional-Account,other,step,no_prompt,other.step.no_prompt,N,High,1,Slife,Slife,10010000007764,other.step.no_prompt,我在修改密码时，重复多次修改操作，在短时间内操作多次，应用未有安全提示，而且我的新密码安全系数也不高，只是简单的123456，密码过于…,primary_clue,68,61,我在修改密码时 重复多次修改操作 在短时间内操作多次 应用未有安全提示 而且我的新密码安全系数也不高 只是简单的123456 密码过于,1,
10010000011668,添加好友部分，可以通过搜索得到某一用户。然后点击加好按钮申请加其为好友，可是得到的结果却是用户不存在。而且直接点击用户头像无法添加，这是用户体验的问题。,添加好友部分，可以通过搜索得到某一用户。然后点击加好按钮申请加其为好友，可是得到的结果却是用户不存在。而且直接点击用户头像无法添加，这…,,Functional-Search,search,button_icon,wrong_value,search.button_icon.wrong_value,N,High,1,Slife,Slife,10010000011668,search.button_icon.wrong_value,添加好友部分，可以通过搜索得到某一用户。然后点击加好按钮申请加其为好友，可是得到的结果却是用户不存在。而且直接点击用户头像无法添加，这…,primary_clue,68,62,添加好友部分 可以通过搜索得到某一用户 然后点击加好按钮申请加其为好友 可是得到的结果却是用户不存在 而且直接点击用户头像无法添加 这,1,
10010000011353,在个人信息界面点击“设定目标”进入界面时，发现，进去的虽然是设定步数目标的界面，但是最上面显示的是“个人信息”。属于显示错误，功能tab信息栏没有核对好。,在个人信息界面点击“设定目标”进入界面时，发现，进去的虽然是设定步数目标的界面，但是最上面显示的是“个人信息”。属于显示错误，功能ta…,,Functional-Tracking,step_count,page_view,wrong_value,step_count.page_view.wrong_value,N,High,1,Slife,Slife,10010000011353,step_count.page_view.wrong_value,在个人信息界面点击“设定目标”进入界面时，发现，进去的虽然是设定步数目标的界面，但是最上面显示的是“个人信息”。属于显示错误，功能ta…,primary_clue,68,58,在个人信息界面点击 设定目标 进入界面时 发现 进去的虽然是设定步数目标的界面 但是最上面显示的是 个人信息 属于显示错误 功能ta,1,
10010000010353,分享功能，通过QQ分享成功，通过朋友圈分享显示发送失败，通过，微博分享失败，通过短信，邮箱成功，通过Facebook一直找加载中，通过推特分享表示没有安装,分享功能，通过QQ分享成功，通过朋友圈分享显示发送失败，通过，微博分享失败，通过短信，邮箱成功，通过Facebook一直找加载中，通过…,,Functional-Share,share,share_panel,cannot_send,share.share_panel.cannot_send,N,High,1,Slife,Slife,10010000010353,share.share_panel.cannot_send,分享功能，通过QQ分享成功，通过朋友圈分享显示发送失败，通过，微博分享失败，通过短信，邮箱成功，通过Facebook一直找加载中，通过…,primary_clue,68,59,分享功能 通过qq分享成功 通过朋友圈分享显示发送失败 通过 微博分享失败 通过短信 邮箱成功 通过facebook一直找加载中 通过,1,
10010000011122,重置运动目标是，进行对身高，体重，出生年月，活动强度等各极限数值进行随意搭配，发现系统总能给出不同目标，表明应用只进行运算，不够智能，不能判断数据是否可行,重置运动目标是，进行对身高，体重，出生年月，活动强度等各极限数值进行随意搭配，发现系统总能给出不同目标，表明应用只进行运算，不够智能，…,,Functional-Tracking,run_walk,other,cannot_or_fail,run_walk.other.cannot_or_fail,N,High,1,Slife,Slife,10010000011122,run_walk.other.cannot_or_fail,重置运动目标是，进行对身高，体重，出生年月，活动强度等各极限数值进行随意搭配，发现系统总能给出不同目标，表明应用只进行运算，不够智能，…,primary_clue,68,59,重置运动目标是 进行对身高 体重 出生年月 活动强度等各极限数值进行随意搭配 发现系统总能给出不同目标 表明应用只进行运算 不够智能,1,
10010000007555,"在测注册的在输入框输入注册信息时,发现点击输入框后光标与背景颜色有时过于接近,导致很难看清在输入框中已有闪烁的光标,容易使用户误以为未点击成功,用户体验不佳","在测注册的在输入框输入注册信息时,发现点击输入框后光标与背景颜色有时过于接近,导致很难看清在输入框中已有闪烁的光标,容易使用户误以为未…",,Functional-Account,register,input_box,other,register.input_box.other,N,High,1,Slife,Slife,10010000007555,register.input_box.other,"在测注册的在输入框输入注册信息时,发现点击输入框后光标与背景颜色有时过于接近,导致很难看清在输入框中已有闪烁的光标,容易使用户误以为未…",primary_clue,68,64,在测注册的在输入框输入注册信息时 发现点击输入框后光标与背景颜色有时过于接近 导致很难看清在输入框中已有闪烁的光标 容易使用户误以为未,1,
10010000011370,打开轻客软件并登录，进入首页，该界面显示今天的步行情况，见截图1；点击停留图标栏，进入地图查看界面，测试时发现有时地图查看界面出现了截图2的情况，无数据显示,打开轻客软件并登录，进入首页，该界面显示今天的步行情况，见截图1,点击停留图标栏，进入地图查看界面，测试时发现有时地图查看界面出现了截图2的情况，无数据显示,Functional-Account,login,page_view,other,login.page_view.other,Y,Medium,2,Slife,Slife,10010000011370,login.page_view.other,打开轻客软件并登录，进入首页，该界面显示今天的步行情况，见截图1,primary_clue,32,29,打开轻客软件并登录 进入首页 该界面显示今天的步行情况 见截图1,1,
10010000010544,"将运动情况分享给qq好友后，点击返回应用，提示发送成功。
单击留在qq，没有提示，人工切换回应用，没有提示，当下一次分享给qq好友时，提示发送失败，请重试。",将运动情况分享给qq好友后，点击返回应用，提示发送成功。,单击留在qq，没有提示，人工切换回应用，没有提示，当下一次分享给qq好友时，提示发送失败，请重试。,Functional-Share,share,chat,other,share.chat.other,Y,Medium,2,Slife,Slife,10010000010544,share.chat.other,将运动情况分享给qq好友后，点击返回应用，提示发送成功。,primary_clue,28,25,将运动情况分享给qq好友后 点击返回应用 提示发送成功,1,
10010000010111,在进行运动目标设置的时候，系统会提醒建议运动量基于Roza和Shizga修正的HarrisBenedict的公式计算，但是却并没有给出相应的公式给用户参考。,在进行运动目标设置的时候，系统会提醒建议运动量基于Roza和Shizga修正的HarrisBenedict的公式计算，但是却并没有给出…,,Functional-Tracking,notification,page_view,other,notification.page_view.other,N,High,1,Slife,Slife,10010000010111,notification.page_view.other,在进行运动目标设置的时候，系统会提醒建议运动量基于Roza和Shizga修正的HarrisBenedict的公式计算，但是却并没有给出…,primary_clue,68,65,在进行运动目标设置的时候 系统会提醒建议运动量基于roza和shizga修正的harrisbenedict的公式计算 但是却并没有给出,1,
10010000011681,当用户在另一台手机设备上登录时，用户自己的手机的该账号未提示任何信息，安全堪忧。如果用户不小心被别人看到了账号和密码，则隐私就会被别人看到，而且还没有提示。,当用户在另一台手机设备上登录时，用户自己的手机的该账号未提示任何信息，安全堪忧。如果用户不小心被别人看到了账号和密码，则隐私就会被别人…,,Functional-Account,login,other,no_prompt,login.other.no_prompt,N,High,1,Slife,Slife,10010000011681,login.other.no_prompt,当用户在另一台手机设备上登录时，用户自己的手机的该账号未提示任何信息，安全堪忧。如果用户不小心被别人看到了账号和密码，则隐私就会被别人…,primary_clue,68,63,当用户在另一台手机设备上登录时 用户自己的手机的该账号未提示任何信息 安全堪忧 如果用户不小心被别人看到了账号和密码 则隐私就会被别人,1,
10010000010622,一般使用用户在中国大陆，普通用户不会翻墙，但是分享界面的主页上存在着Facebook，Twitter，用户并不能分享，放在这儿是不合中国大陆用户使用的友好性的,一般使用用户在中国大陆，普通用户不会翻墙，但是分享界面的主页上存在着Facebook，Twitter，用户并不能分享，放在这儿是不合中…,,Functional-Share,share,page_view,cannot_share,share.page_view.cannot_share,N,High,1,Slife,Slife,10010000010622,share.page_view.cannot_share,一般使用用户在中国大陆，普通用户不会翻墙，但是分享界面的主页上存在着Facebook，Twitter，用户并不能分享，放在这儿是不合中…,primary_clue,68,62,一般使用用户在中国大陆 普通用户不会翻墙 但是分享界面的主页上存在着facebook twitter 用户并不能分享 放在这儿是不合中,1,
10010000011012,当在分享自己的运动结果的时候，点击右上角之后出现的是活动趋势，如果要分享的话还要在点击右上角的分享标志，这个步骤特别的繁琐。可以把活动趋势和分享实现一个页面。,当在分享自己的运动结果的时候，点击右上角之后出现的是活动趋势，如果要分享的话还要在点击右上角的分享标志，这个步骤特别的繁琐。可以把活动…,,Functional-Share,share,page_view,wrong_value,share.page_view.wrong_value,N,High,1,Slife,Slife,10010000011012,share.page_view.wrong_value,当在分享自己的运动结果的时候，点击右上角之后出现的是活动趋势，如果要分享的话还要在点击右上角的分享标志，这个步骤特别的繁琐。可以把活动…,primary_clue,68,63,当在分享自己的运动结果的时候 点击右上角之后出现的是活动趋势 如果要分享的话还要在点击右上角的分享标志 这个步骤特别的繁琐 可以把活动,1,
10010000011620,点击朋友圈进行分享，先是截屏中然后分享中，请稍后，然后发送失败请重试，期间会出现极速闪屏，不实现分享就退出现象，其功能不完善，不正常的退出，影响了用户的体验。,点击朋友圈进行分享，先是截屏中然后分享中，请稍后，然后发送失败请重试，期间会出现极速闪屏，不实现分享就退出现象，其功能不完善，不正常的…,,Functional-Share,share,share_panel,cannot_send,share.share_panel.cannot_send,N,High,1,Slife,Slife,10010000011620,share.share_panel.cannot_send,点击朋友圈进行分享，先是截屏中然后分享中，请稍后，然后发送失败请重试，期间会出现极速闪屏，不实现分享就退出现象，其功能不完善，不正常的…,primary_clue,68,60,点击朋友圈进行分享 先是截屏中然后分享中 请稍后 然后发送失败请重试 期间会出现极速闪屏 不实现分享就退出现象 其功能不完善 不正常的,1,
10010000011194,在分享页面通过信息成功发送发送给好友之后没有关闭信息页面，也没有自动返回应用页面，手动返回应用页面没有提示分享成功！再次切换到信息页面，信息页面处于未发送状态。,在分享页面通过信息成功发送发送给好友之后没有关闭信息页面，也没有自动返回应用页面，手动返回应用页面没有提示分享成功！再次切换到信息页面…,,Functional-Share,share,page_view,no_prompt,share.page_view.no_prompt,N,High,1,Slife,Slife,10010000011194,share.page_view.no_prompt,在分享页面通过信息成功发送发送给好友之后没有关闭信息页面，也没有自动返回应用页面，手动返回应用页面没有提示分享成功！再次切换到信息页面…,primary_clue,68,64,在分享页面通过信息成功发送发送给好友之后没有关闭信息页面 也没有自动返回应用页面 手动返回应用页面没有提示分享成功 再次切换到信息页面,1,
10010000011076,在进行分享时，直接点击他提示的可分享应用时，是以此APP应用进行的分享，当在分享中点击更多时在选着应用是以截图发送，使用户不能在自己想分享的软件中分享此APP。,在进行分享时，直接点击他提示的可分享应用时，是以此APP应用进行的分享，当在分享中点击更多时在选着应用是以截图发送，使用户不能在自己想…,,Functional-Share,share,share_panel,cannot_or_fail,share.share_panel.cannot_or_fail,N,High,1,Slife,Slife,10010000011076,share.share_panel.cannot_or_fail,在进行分享时，直接点击他提示的可分享应用时，是以此APP应用进行的分享，当在分享中点击更多时在选着应用是以截图发送，使用户不能在自己想…,primary_clue,68,63,在进行分享时 直接点击他提示的可分享应用时 是以此app应用进行的分享 当在分享中点击更多时在选着应用是以截图发送 使用户不能在自己想,1,
10010000010755,在分享中，在更多的里面分享的是分享者自己运动的图片，而在其他的应用中，分享的确实分享者使用的这款slife对应的app，这个分享者的初衷，分享自己的运动成果相驳,在分享中，在更多的里面分享的是分享者自己运动的图片，而在其他的应用中，分享的确实分享者使用的这款slife对应的app，这个分享者的初…,,Functional-Share,share,image_banner,other,share.image_banner.other,N,High,1,Slife,Slife,10010000010755,share.image_banner.other,在分享中，在更多的里面分享的是分享者自己运动的图片，而在其他的应用中，分享的确实分享者使用的这款slife对应的app，这个分享者的初…,primary_clue,68,63,在分享中 在更多的里面分享的是分享者自己运动的图片 而在其他的应用中 分享的确实分享者使用的这款slife对应的app 这个分享者的初,1,
10010000011542,用户在首页点击左上角的菜单栏，选择“设定目标”，其中的“重新设定”和“上一步”按钮是灰色的，容易让用户误以为是不能用的，色彩选用不合理，使得用户体验收到了影响。,用户在首页点击左上角的菜单栏，选择“设定目标”，其中的“重新设定”和“上一步”按钮是灰色的，容易让用户误以为是不能用的，色彩选用不合理…,,UI/Display,settings,button_icon,cannot_or_fail,settings.button_icon.cannot_or_fail,N,Medium,1,Slife,Slife,10010000011542,settings.button_icon.cannot_or_fail,用户在首页点击左上角的菜单栏，选择“设定目标”，其中的“重新设定”和“上一步”按钮是灰色的，容易让用户误以为是不能用的，色彩选用不合理…,primary_clue,68,57,用户在首页点击左上角的菜单栏 选择 设定目标 其中的 重新设定 和 上一步 按钮是灰色的 容易让用户误以为是不能用的 色彩选用不合理,1,
10010000011123,步行时一边心里默数步数，一边看app记录的数据，发现两者不统一。该app记录步数不准确，有时逐步增加，有时一下增加十几二十步，记录的数据大多数情况下多于实际步数。,步行时一边心里默数步数，一边看app记录的数据，发现两者不统一。该app记录步数不准确，有时逐步增加，有时一下增加十几二十步，记录的数…,,Functional-Tracking,step_count,list_item,other,step_count.list_item.other,N,High,1,Slife,Slife,10010000011123,step_count.list_item.other,步行时一边心里默数步数，一边看app记录的数据，发现两者不统一。该app记录步数不准确，有时逐步增加，有时一下增加十几二十步，记录的数…,primary_clue,68,61,步行时一边心里默数步数 一边看app记录的数据 发现两者不统一 该app记录步数不准确 有时逐步增加 有时一下增加十几二十步 记录的数,1,
10010000011278,自身系统监测是否走动或跑动不正确。在使用手机摇一摇或是模拟器摇一摇时，app会监测到数据的变化，这是不对的。不想运动的人还会是不运动，就是去了一开始app的意义。,自身系统监测是否走动或跑动不正确。在使用手机摇一摇或是模拟器摇一摇时，app会监测到数据的变化，这是不对的。不想运动的人还会是不运动，…,,Functional-Tracking,run_walk,other,wrong_value,run_walk.other.wrong_value,N,High,1,Slife,Slife,10010000011278,run_walk.other.wrong_value,自身系统监测是否走动或跑动不正确。在使用手机摇一摇或是模拟器摇一摇时，app会监测到数据的变化，这是不对的。不想运动的人还会是不运动，…,primary_clue,68,62,自身系统监测是否走动或跑动不正确 在使用手机摇一摇或是模拟器摇一摇时 app会监测到数据的变化 这是不对的 不想运动的人还会是不运动,1,
10010000007547,在侧边栏，点击好友，添加好友，输入要添加好友的账号，显示好友，却不能查看好友任何信息，只能点击添加的加号按钮，却显示用户不存在，实际上用户是存在的，却不能完成添加。,在侧边栏，点击好友，添加好友，输入要添加好友的账号，显示好友，却不能查看好友任何信息，只能点击添加的加号按钮，却显示用户不存在，实际上…,,Functional-Account,other,button_icon,cannot_or_fail,other.button_icon.cannot_or_fail,N,High,1,Slife,Slife,10010000007547,other.button_icon.cannot_or_fail,在侧边栏，点击好友，添加好友，输入要添加好友的账号，显示好友，却不能查看好友任何信息，只能点击添加的加号按钮，却显示用户不存在，实际上…,primary_clue,68,59,在侧边栏 点击好友 添加好友 输入要添加好友的账号 显示好友 却不能查看好友任何信息 只能点击添加的加号按钮 却显示用户不存在 实际上,1,
10010000007713,点击用户头像，出现头像设置界面，出现3个选择项，相机(现拍照片)，图片(从相册中选择)，默认头像，此时选择第1个功能，即选择相机拍照，而此时系统相机故障，无法连接。,点击用户头像，出现头像设置界面，出现3个选择项，相机(现拍照片)，图片(从相册中选择)，默认头像，此时选择第1个功能，即选择相机拍照，…,,UI/Display,settings,page_view,cannot_or_fail,settings.page_view.cannot_or_fail,N,Medium,1,Slife,Slife,10010000007713,settings.page_view.cannot_or_fail,点击用户头像，出现头像设置界面，出现3个选择项，相机(现拍照片)，图片(从相册中选择)，默认头像，此时选择第1个功能，即选择相机拍照，…,primary_clue,68,55,点击用户头像 出现头像设置界面 出现3个选择项 相机 现拍照片 图片 从相册中选择 默认头像 此时选择第1个功能 即选择相机拍照,1,
10010000010521,在设定运动目标时，当输入的体重分别为30kg和200kg，而其他条件一致时，进入推算结果界面的设定目标步数却一样，当点击确定之后再次进入设定目标页面数据才发生改变。,在设定运动目标时，当输入的体重分别为30kg和200kg，而其他条件一致时，进入推算结果界面的设定目标步数却一样，当点击确定之后再次进…,,Functional-Tracking,step_count,page_view,other,step_count.page_view.other,N,High,1,Slife,Slife,10010000010521,step_count.page_view.other,在设定运动目标时，当输入的体重分别为30kg和200kg，而其他条件一致时，进入推算结果界面的设定目标步数却一样，当点击确定之后再次进…,primary_clue,68,63,在设定运动目标时 当输入的体重分别为30kg和200kg 而其他条件一致时 进入推算结果界面的设定目标步数却一样 当点击确定之后再次进,1,
10010000011573,在首页点右上角进入活动趋势，然后再点击右上的分享，点击QQ分享，会显示截屏中，然后分享中，然后并没有实现分享，不再有任何提示，直接返回到页面，期间并没有获取QQ权限,在首页点右上角进入活动趋势，然后再点击右上的分享，点击QQ分享，会显示截屏中，然后分享中，然后并没有实现分享，不再有任何提示，直接返回…,,Functional-Share,share,page_view,permission,share.page_view.permission,N,High,1,Slife,Slife,10010000011573,share.page_view.permission,在首页点右上角进入活动趋势，然后再点击右上的分享，点击QQ分享，会显示截屏中，然后分享中，然后并没有实现分享，不再有任何提示，直接返回…,primary_clue,68,60,在首页点右上角进入活动趋势 然后再点击右上的分享 点击qq分享 会显示截屏中 然后分享中 然后并没有实现分享 不再有任何提示 直接返回,1,
10010000010611,红米NOTE中，登录后，我的账号，点击更改头像，点击相册选择，选择你系统自带的相册，上方标题中的相册，进入一个相册列表，等待约5秒钟，点击系统返回键，系统直接崩溃。,红米NOTE中，登录后，我的账号，点击更改头像，点击相册选择，选择你系统自带的相册，上方标题中的相册，进入一个相册列表，等待约5秒钟，…,,Crash,login,button_icon,crash,login.button_icon.crash,N,High,1,Slife,Slife,10010000010611,login.button_icon.crash,红米NOTE中，登录后，我的账号，点击更改头像，点击相册选择，选择你系统自带的相册，上方标题中的相册，进入一个相册列表，等待约5秒钟，…,primary_clue,68,58,红米note中 登录后 我的账号 点击更改头像 点击相册选择 选择你系统自带的相册 上方标题中的相册 进入一个相册列表 等待约5秒钟,1,
10010000007533,当前页面下方有两个按钮，按照常规，在用户设置完卡路里之后，完成的按钮就应该隐藏；而且在没有点击重新设置的情况下，表情是不允许拖动的，否则，很容易改变设置好的卡路里值。,当前页面下方有两个按钮，按照常规，在用户设置完卡路里之后，完成的按钮就应该隐藏,而且在没有点击重新设置的情况下，表情是不允许拖动的，否则，很容易改变设置好的卡路里值。,Functional-Tracking,settings,button_icon,other,settings.button_icon.other,Y,Medium,2,Slife,Slife,10010000007533,settings.button_icon.other,当前页面下方有两个按钮，按照常规，在用户设置完卡路里之后，完成的按钮就应该隐藏,primary_clue,39,36,当前页面下方有两个按钮 按照常规 在用户设置完卡路里之后 完成的按钮就应该隐藏,1,
10010000011381,打开轻客软件并登录，手拿手机步行，当步行到92步时，见截图1，点击步行数目圆形图标，显示步行距离只有2米，见截图3；再次点击圆形图标，显示步行的时间只有1秒，见截图2,打开轻客软件并登录，手拿手机步行，当步行到92步时，见截图1，点击步行数目圆形图标，显示步行距离只有2米，见截图3,再次点击圆形图标，显示步行的时间只有1秒，见截图2,Functional-Account,login,button_icon,other,login.button_icon.other,Y,Medium,2,Slife,Slife,10010000011381,login.button_icon.other,打开轻客软件并登录，手拿手机步行，当步行到92步时，见截图1，点击步行数目圆形图标，显示步行距离只有2米，见截图3,primary_clue,57,51,打开轻客软件并登录 手拿手机步行 当步行到92步时 见截图1 点击步行数目圆形图标 显示步行距离只有2米 见截图3,1,
10010000010619,VIVO中，登录后，我的账号，点击更改头像，点击相册选择，选择你系统自带的相册，上方标题中的相册，进入一个相册列表，等待约5秒钟，点击系统返回键，系统返回我的账号页面,VIVO中，登录后，我的账号，点击更改头像，点击相册选择，选择你系统自带的相册，上方标题中的相册，进入一个相册列表，等待约5秒钟，点击…,,Functional-Account,login,button_icon,other,login.button_icon.other,N,High,1,Slife,Slife,10010000010619,login.button_icon.other,VIVO中，登录后，我的账号，点击更改头像，点击相册选择，选择你系统自带的相册，上方标题中的相册，进入一个相册列表，等待约5秒钟，点击…,primary_clue,68,58,vivo中 登录后 我的账号 点击更改头像 点击相册选择 选择你系统自带的相册 上方标题中的相册 进入一个相册列表 等待约5秒钟 点击,1,
10010000011085,图一是用账户名为haha123456进行登录，图二为其步行记录。图四用账户名为yuanjinjin进行登录，图三为其步行记录。不同账户登录，其步行记录不应该是一样的。,图一是用账户名为haha123456进行登录，图二为其步行记录。图四用账户名为yuanjinjin进行登录，图三为其步行记录。不同账户…,,Functional-Account,login,list_item,wrong_value,login.list_item.wrong_value,N,High,1,Slife,Slife,10010000011085,login.list_item.wrong_value,图一是用账户名为haha123456进行登录，图二为其步行记录。图四用账户名为yuanjinjin进行登录，图三为其步行记录。不同账户…,primary_clue,68,63,图一是用账户名为haha123456进行登录 图二为其步行记录 图四用账户名为yuanjinjin进行登录 图三为其步行记录 不同账户,1,
10010000011198,"在一段时间里明明有运动，但是首页的记录一直是“应用已关闭”
在上传的截图中16.49的时候是440步，16.59分的时候已经是539步，明明有运动，但结果显示应用已关闭",在一段时间里明明有运动，但是首页的记录一直是“应用已关闭”,在上传的截图中16.49的时候是440步，16.59分的时候已经是539步，明明有运动，但结果显示应用已关闭,Functional-Tracking,run_walk,page_view,wrong_value,run_walk.page_view.wrong_value,Y,Medium,2,Slife,Slife,10010000011198,run_walk.page_view.wrong_value,在一段时间里明明有运动，但是首页的记录一直是“应用已关闭”,primary_clue,29,26,在一段时间里明明有运动 但是首页的记录一直是 应用已关闭,1,
10010000011360,打开轻客软件，手拿着手机步行，步行时观察步行数目的变化，当步行到92步时停止，此时发现轻客应用的步行数目下方的运行时间轴未显示步行的时间等信息，只有停留等信息，见截图1,打开轻客软件，手拿着手机步行，步行时观察步行数目的变化，当步行到92步时停止，此时发现轻客应用的步行数目下方的运行时间轴未显示步行的时…,,Functional-Tracking,run_walk,step,other,run_walk.step.other,N,High,1,Slife,Slife,10010000011360,run_walk.step.other,打开轻客软件，手拿着手机步行，步行时观察步行数目的变化，当步行到92步时停止，此时发现轻客应用的步行数目下方的运行时间轴未显示步行的时…,primary_clue,68,63,打开轻客软件 手拿着手机步行 步行时观察步行数目的变化 当步行到92步时停止 此时发现轻客应用的步行数目下方的运行时间轴未显示步行的时,1,
10010000010013,不同日常强度，推荐的目标不一致，但该软件实现的推荐目标一样。图一是日常活动的强度为中度其推荐的目标，301卡路里。图三是日常活动的强度为轻度其推荐的目标，301卡路里。,不同日常强度，推荐的目标不一致，但该软件实现的推荐目标一样。图一是日常活动的强度为中度其推荐的目标，301卡路里。图三是日常活动的强度…,,Functional-Tracking,settings,step,other,settings.step.other,N,High,1,Slife,Slife,10010000010013,settings.step.other,不同日常强度，推荐的目标不一致，但该软件实现的推荐目标一样。图一是日常活动的强度为中度其推荐的目标，301卡路里。图三是日常活动的强度…,primary_clue,68,62,不同日常强度 推荐的目标不一致 但该软件实现的推荐目标一样 图一是日常活动的强度为中度其推荐的目标 301卡路里 图三是日常活动的强度,1,
10010000011591,"设定的运动目标范围不能自由定义。如果用户天天运动数量较少，一开始就给设置为最小9000步，用户可能会因为完不成目标而有抵触心理，时间一长也就不会
过多的使用该app了。",设定的运动目标范围不能自由定义。如果用户天天运动数量较少，一开始就给设置为最小9000步，用户可能会因为完不成目标而有抵触心理，时间一…,过多的使用该app了。,Functional-Tracking,run_walk,page_view,cannot_or_fail,run_walk.page_view.cannot_or_fail,Y,Medium,2,Slife,Slife,10010000011591,run_walk.page_view.cannot_or_fail,设定的运动目标范围不能自由定义。如果用户天天运动数量较少，一开始就给设置为最小9000步，用户可能会因为完不成目标而有抵触心理，时间一…,primary_clue,68,63,设定的运动目标范围不能自由定义 如果用户天天运动数量较少 一开始就给设置为最小9000步 用户可能会因为完不成目标而有抵触心理 时间一,1,
10010000010317,进行主要步骤的步骤1时，因为只能通过拖动表情来进行运动量卡路里的修改，所以无法精确修改卡路里数量（如图，原本最初时“表情”默认在正中间，发生过调整后很难精确调整至中间）,进行主要步骤的步骤1时，因为只能通过拖动表情来进行运动量卡路里的修改，所以无法精确修改卡路里数量（如图，原本最初时“表情”默认在正中间…,,Functional-Social,run_walk,slider,cannot_or_fail,run_walk.slider.cannot_or_fail,N,High,1,Slife,Slife,10010000010317,run_walk.slider.cannot_or_fail,进行主要步骤的步骤1时，因为只能通过拖动表情来进行运动量卡路里的修改，所以无法精确修改卡路里数量（如图，原本最初时“表情”默认在正中间…,primary_clue,68,61,进行主要步骤的步骤1时 因为只能通过拖动表情来进行运动量卡路里的修改 所以无法精确修改卡路里数量 如图 原本最初时 表情 默认在正中间,1,
10010000010838,在分享运动结果时，不管是完成还是未完成设定的运动目标都可以进行分享，建议在分享时提示“恭喜您完成今天的运动目标！”或者“今天没能完成目标，明天再接再厉！” 等相关信息。,在分享运动结果时，不管是完成还是未完成设定的运动目标都可以进行分享，建议在分享时提示“恭喜您完成今天的运动目标！”或者“今天没能完成目…,,Functional-Share,share,share_panel,wrong_value,share.share_panel.wrong_value,N,High,1,Slife,Slife,10010000010838,share.share_panel.wrong_value,在分享运动结果时，不管是完成还是未完成设定的运动目标都可以进行分享，建议在分享时提示“恭喜您完成今天的运动目标！”或者“今天没能完成目…,primary_clue,68,61,在分享运动结果时 不管是完成还是未完成设定的运动目标都可以进行分享 建议在分享时提示 恭喜您完成今天的运动目标 或者 今天没能完成目,1,
10010000007485,注册页面仅有一次密码输入，没有再次确认密码，密码框多数是隐藏输入的，可能会因为手误出现错误，输入完成直接注册，会增加错误概率，所以功能不完整影响用户使用，增加不必要的麻烦。,注册页面仅有一次密码输入，没有再次确认密码，密码框多数是隐藏输入的，可能会因为手误出现错误，输入完成直接注册，会增加错误概率，所以功能…,,Functional-Account,register,page_view,wrong_value,register.page_view.wrong_value,N,High,1,Slife,Slife,10010000007485,register.page_view.wrong_value,注册页面仅有一次密码输入，没有再次确认密码，密码框多数是隐藏输入的，可能会因为手误出现错误，输入完成直接注册，会增加错误概率，所以功能…,primary_clue,68,61,注册页面仅有一次密码输入 没有再次确认密码 密码框多数是隐藏输入的 可能会因为手误出现错误 输入完成直接注册 会增加错误概率 所以功能,1,
10010000007656,若没有进行注册直接进行登录，没有提示请先注册等信息，而是提示邮箱不存在或密码错误提示信息，而且只能通过邮箱注册，没有其他注册方式，或者通过第三方社交软件进行登录，很不方便。,若没有进行注册直接进行登录，没有提示请先注册等信息，而是提示邮箱不存在或密码错误提示信息，而且只能通过邮箱注册，没有其他注册方式，或者…,,Functional-Account,register,other,wrong_value,register.other.wrong_value,N,High,1,Slife,Slife,10010000007656,register.other.wrong_value,若没有进行注册直接进行登录，没有提示请先注册等信息，而是提示邮箱不存在或密码错误提示信息，而且只能通过邮箱注册，没有其他注册方式，或者…,primary_clue,68,62,若没有进行注册直接进行登录 没有提示请先注册等信息 而是提示邮箱不存在或密码错误提示信息 而且只能通过邮箱注册 没有其他注册方式 或者,1,
10010000011570,用户在设置每日步数时，一开始默认的是推荐步数，也是基于公式得出的最佳步数，但是一旦用户选择了其他步数之后，无法再回到一开始的最近推荐步数，使得用户难以设置回系统推荐的步数。,用户在设置每日步数时，一开始默认的是推荐步数，也是基于公式得出的最佳步数，但是一旦用户选择了其他步数之后，无法再回到一开始的最近推荐步…,,Functional-Tracking,step_count,page_view,cannot_or_fail,step_count.page_view.cannot_or_fail,N,High,1,Slife,Slife,10010000011570,step_count.page_view.cannot_or_fail,用户在设置每日步数时，一开始默认的是推荐步数，也是基于公式得出的最佳步数，但是一旦用户选择了其他步数之后，无法再回到一开始的最近推荐步…,primary_clue,68,63,用户在设置每日步数时 一开始默认的是推荐步数 也是基于公式得出的最佳步数 但是一旦用户选择了其他步数之后 无法再回到一开始的最近推荐步,1,
10010000011365,该app主页面布局单调，可实现的功能单一。而且用户在已登录和未登录的情况下都能正常实现基本功能（如统计步数，分享至其他社交等），所以用户登录这一功能就失去了其存在的基本意义。,该app主页面布局单调，可实现的功能单一。而且用户在已登录和未登录的情况下都能正常实现基本功能（如统计步数，分享至其他社交等），所以用…,,Functional-Account,login,page_view,layout_issue,login.page_view.layout_issue,N,High,1,Slife,Slife,10010000011365,login.page_view.layout_issue,该app主页面布局单调，可实现的功能单一。而且用户在已登录和未登录的情况下都能正常实现基本功能（如统计步数，分享至其他社交等），所以用…,primary_clue,68,61,该app主页面布局单调 可实现的功能单一 而且用户在已登录和未登录的情况下都能正常实现基本功能 如统计步数 分享至其他社交等 所以用,1,
10010000010337,在将数据分享到微博时，会提示文件不存在，无法分享。还会提示网络有问题，而网络其实是没有问题的。并且在分享界面中使用kikbug无法截图，截图会变成点击分享前的图片，如图所示。,在将数据分享到微博时，会提示文件不存在，无法分享。还会提示网络有问题，而网络其实是没有问题的。并且在分享界面中使用kikbug无法截图…,,Functional-Share,share,page_view,cannot_share,share.page_view.cannot_share,N,High,1,Slife,Slife,10010000010337,share.page_view.cannot_share,在将数据分享到微博时，会提示文件不存在，无法分享。还会提示网络有问题，而网络其实是没有问题的。并且在分享界面中使用kikbug无法截图…,primary_clue,68,62,在将数据分享到微博时 会提示文件不存在 无法分享 还会提示网络有问题 而网络其实是没有问题的 并且在分享界面中使用kikbug无法截图,1,
10010000011307,侧边栏滑动时宽度太大，导致在左边个人信息侧边栏点击进入的时候，比如点击排行榜、好友时，会全屏占用左边的界面，会让用户看不到原界面，页面布局较差。可以将左侧边栏做的稍微窄一点。,侧边栏滑动时宽度太大，导致在左边个人信息侧边栏点击进入的时候，比如点击排行榜、好友时，会全屏占用左边的界面，会让用户看不到原界面，页面…,,Functional-Social,other,page_view,layout_issue,other.page_view.layout_issue,N,High,1,Slife,Slife,10010000011307,other.page_view.layout_issue,侧边栏滑动时宽度太大，导致在左边个人信息侧边栏点击进入的时候，比如点击排行榜、好友时，会全屏占用左边的界面，会让用户看不到原界面，页面…,primary_clue,68,61,侧边栏滑动时宽度太大 导致在左边个人信息侧边栏点击进入的时候 比如点击排行榜 好友时 会全屏占用左边的界面 会让用户看不到原界面 页面,1,
10010000011480,点击添加好友后，输入对面的用户名称，点击添加后，虽然显示添加请求已发送，但是对面用户会直接消失；再次搜索该用户时，继续添加该用户，则一直显示添加请求已发送而不是显示已发送请求,点击添加好友后，输入对面的用户名称，点击添加后，虽然显示添加请求已发送，但是对面用户会直接消失,再次搜索该用户时，继续添加该用户，则一直显示添加请求已发送而不是显示已发送请求,Functional-Social,message_send,chat,other,message_send.chat.other,Y,Medium,2,Slife,Slife,10010000011480,message_send.chat.other,点击添加好友后，输入对面的用户名称，点击添加后，虽然显示添加请求已发送，但是对面用户会直接消失,primary_clue,47,43,点击添加好友后 输入对面的用户名称 点击添加后 虽然显示添加请求已发送 但是对面用户会直接消失,1,
10010000010683,"分享到社交平台时。在第一个微信朋友圈分享按钮无法链接到微信朋友圈分享，会显示分享失败。qq分享功能也不完善，提示已截图但并不会页面跳转。
只有点击更多中的朋友圈等分享才能分享成功。",分享到社交平台时。在第一个微信朋友圈分享按钮无法链接到微信朋友圈分享，会显示分享失败。qq分享功能也不完善，提示已截图但并不会页面跳转。,只有点击更多中的朋友圈等分享才能分享成功。,Functional-Share,share,button_icon,cannot_share,share.button_icon.cannot_share,Y,Medium,2,Slife,Slife,10010000010683,share.button_icon.cannot_share,分享到社交平台时。在第一个微信朋友圈分享按钮无法链接到微信朋友圈分享，会显示分享失败。qq分享功能也不完善，提示已截图但并不会页面跳转。,primary_clue,68,63,分享到社交平台时 在第一个微信朋友圈分享按钮无法链接到微信朋友圈分享 会显示分享失败 qq分享功能也不完善 提示已截图但并不会页面跳转,1,
10010000011799,北京师范大学体育与运动学院副教授赵纪生介绍，人体每天摄入的总热量约为1800～2000千卡。走一万步等于消耗掉240～300千卡的热量，而软件中显示的是371卡路里，差了一个“千“字,北京师范大学体育与运动学院副教授赵纪生介绍，人体每天摄入的总热量约为1800～2000千卡。走一万步等于消耗掉240～300千卡的热量…,,Functional-Tracking,run_walk,step,other,run_walk.step.other,N,High,1,Slife,Slife,10010000011799,run_walk.step.other,北京师范大学体育与运动学院副教授赵纪生介绍，人体每天摄入的总热量约为1800～2000千卡。走一万步等于消耗掉240～300千卡的热量…,primary_clue,68,63,北京师范大学体育与运动学院副教授赵纪生介绍 人体每天摄入的总热量约为1800 2000千卡 走一万步等于消耗掉240 300千卡的热量,1,
10010000010486,"正常注册注册之后，有步数统计，但是无距离和卡路里统计。
进行步行测试时，步行界面步数又刷新，点击中间圆圈转换到另一个距离，无法显示距离，切换到卡路里，也无法显示卡路里。界面刷新异常。",正常注册注册之后，有步数统计，但是无距离和卡路里统计。,进行步行测试时，步行界面步数又刷新，点击中间圆圈转换到另一个距离，无法显示距离，切换到卡路里，也无法显示卡路里。界面刷新异常。,Functional-Account,register,step,other,register.step.other,Y,Medium,2,Slife,Slife,10010000010486,register.step.other,正常注册注册之后，有步数统计，但是无距离和卡路里统计。,primary_clue,27,24,正常注册注册之后 有步数统计 但是无距离和卡路里统计,1,
10010000011550,如图1：通过分享功能将自己的运动数据分享给QQ好友，如图2：好友收到分享后点击打开后并没有出现所分享的运动数据，而是如图3出现了slife app的官网，分享到其他app时亦是如此。,如图1：通过分享功能将自己的运动数据分享给QQ好友，如图2：好友收到分享后点击打开后并没有出现所分享的运动数据，而是如图3出现了sli…,,Functional-Share,share,chat,other,share.chat.other,N,High,1,Slife,Slife,10010000011550,share.chat.other,如图1：通过分享功能将自己的运动数据分享给QQ好友，如图2：好友收到分享后点击打开后并没有出现所分享的运动数据，而是如图3出现了sli…,primary_clue,68,63,如图1 通过分享功能将自己的运动数据分享给qq好友 如图2 好友收到分享后点击打开后并没有出现所分享的运动数据 而是如图3出现了sli,1,
10010000010261,打开Slife，设定运动目标后开始运动，运动完成后，打开应用主界面，下拉主界面，选择分享到新浪微博，应用成功拉起新浪微博后，并不能实现分享功能，且显示文件不存在，属于功能不完整bug,打开Slife，设定运动目标后开始运动，运动完成后，打开应用主界面，下拉主界面，选择分享到新浪微博，应用成功拉起新浪微博后，并不能实现…,,Functional-Share,share,page_view,cannot_or_fail,share.page_view.cannot_or_fail,N,High,1,Slife,Slife,10010000010261,share.page_view.cannot_or_fail,打开Slife，设定运动目标后开始运动，运动完成后，打开应用主界面，下拉主界面，选择分享到新浪微博，应用成功拉起新浪微博后，并不能实现…,primary_clue,68,60,打开slife 设定运动目标后开始运动 运动完成后 打开应用主界面 下拉主界面 选择分享到新浪微博 应用成功拉起新浪微博后 并不能实现,1,
10010000011452,当进行路径信息测试时，拿着两部手机进行运动，运动结束后查看路径信息。其中，一部手机主页上显示“步行”选项，点击进入便可看到路径信息。但另一部手机上面没有“步行’选项，无法查看路径信息,当进行路径信息测试时，拿着两部手机进行运动，运动结束后查看路径信息。其中，一部手机主页上显示“步行”选项，点击进入便可看到路径信息。但…,,Functional-Tracking,run_walk,other,cannot_or_fail,run_walk.other.cannot_or_fail,N,High,1,Slife,Slife,10010000011452,run_walk.other.cannot_or_fail,当进行路径信息测试时，拿着两部手机进行运动，运动结束后查看路径信息。其中，一部手机主页上显示“步行”选项，点击进入便可看到路径信息。但…,primary_clue,68,59,当进行路径信息测试时 拿着两部手机进行运动 运动结束后查看路径信息 其中 一部手机主页上显示 步行 选项 点击进入便可看到路径信息 但,1,
10010000011648,分享提示不明确：将运动结果通过手机上的各个应用进行分享。（入口：首页右上角点开）点击分享按钮，本来想分享我的运动数据，结果分享成应用。提示不明确，而且用户一般是不愿意直接分享app的。,分享提示不明确：将运动结果通过手机上的各个应用进行分享。（入口：首页右上角点开）点击分享按钮，本来想分享我的运动数据，结果分享成应用。…,,Functional-Share,share,button_icon,wrong_value,share.button_icon.wrong_value,N,High,1,Slife,Slife,10010000011648,share.button_icon.wrong_value,分享提示不明确：将运动结果通过手机上的各个应用进行分享。（入口：首页右上角点开）点击分享按钮，本来想分享我的运动数据，结果分享成应用。…,primary_clue,68,59,分享提示不明确 将运动结果通过手机上的各个应用进行分享 入口 首页右上角点开 点击分享按钮 本来想分享我的运动数据 结果分享成应用,1,
10010000011462,将自己的运动记录通过软件上的朋友圈和facebook接口分享无法分享，分享失败。但是在更多里面的通过手机朋友圈接口是没问题的。所以该软件上的朋友圈和facebook分享接口严重影响使用,将自己的运动记录通过软件上的朋友圈和facebook接口分享无法分享，分享失败。但是在更多里面的通过手机朋友圈接口是没问题的。所以该软…,,Functional-Share,share,list_item,wrong_value,share.list_item.wrong_value,N,High,1,Slife,Slife,10010000011462,share.list_item.wrong_value,将自己的运动记录通过软件上的朋友圈和facebook接口分享无法分享，分享失败。但是在更多里面的通过手机朋友圈接口是没问题的。所以该软…,primary_clue,68,64,将自己的运动记录通过软件上的朋友圈和facebook接口分享无法分享 分享失败 但是在更多里面的通过手机朋友圈接口是没问题的 所以该软,1,
10010000011544,步行由144步到197步时，没有新增加一天新的步行时间记录。图二是步行144步，步行时间记录为7分钟7秒。图一是步行197步，但没有增加一条新的步行时间记录，图三是197步的详情记录。,步行由144步到197步时，没有新增加一天新的步行时间记录。图二是步行144步，步行时间记录为7分钟7秒。图一是步行197步，但没有增…,,Functional-Tracking,run_walk,list_item,wrong_value,run_walk.list_item.wrong_value,N,High,1,Slife,Slife,10010000011544,run_walk.list_item.wrong_value,步行由144步到197步时，没有新增加一天新的步行时间记录。图二是步行144步，步行时间记录为7分钟7秒。图一是步行197步，但没有增…,primary_clue,68,62,步行由144步到197步时 没有新增加一天新的步行时间记录 图二是步行144步 步行时间记录为7分钟7秒 图一是步行197步 但没有增,1,
10010000007686,我在注册时，设置的密码是123456，密码过于简单，但是注册时没有提示需要设置复杂度较高的密码，安全系数不高，而且输入邮箱和密码时也没有提示限定可输入的邮箱和密码格式，也没有验证码功能。,我在注册时，设置的密码是123456，密码过于简单，但是注册时没有提示需要设置复杂度较高的密码，安全系数不高，而且输入邮箱和密码时也没…,,Functional-Account,register,page_view,no_prompt,register.page_view.no_prompt,N,High,1,Slife,Slife,10010000007686,register.page_view.no_prompt,我在注册时，设置的密码是123456，密码过于简单，但是注册时没有提示需要设置复杂度较高的密码，安全系数不高，而且输入邮箱和密码时也没…,primary_clue,68,62,我在注册时 设置的密码是123456 密码过于简单 但是注册时没有提示需要设置复杂度较高的密码 安全系数不高 而且输入邮箱和密码时也没,1,
10010000010152,"设定目标:首先重置目标这个按钮,显示为灰色让用户以为不能点击,其次等我点击该按钮的时候。却需要重新选择自己的性别身高年龄，原本以为只是重新设定制定的运动目标。导致用户得从头再来操作一遍。","设定目标:首先重置目标这个按钮,显示为灰色让用户以为不能点击,其次等我点击该按钮的时候。却需要重新选择自己的性别身高年龄，原本以为只是…",,Functional-Tracking,run_walk,button_icon,cannot_or_fail,run_walk.button_icon.cannot_or_fail,N,High,1,Slife,Slife,10010000010152,run_walk.button_icon.cannot_or_fail,"设定目标:首先重置目标这个按钮,显示为灰色让用户以为不能点击,其次等我点击该按钮的时候。却需要重新选择自己的性别身高年龄，原本以为只是…",primary_clue,68,62,设定目标 首先重置目标这个按钮 显示为灰色让用户以为不能点击 其次等我点击该按钮的时候 却需要重新选择自己的性别身高年龄 原本以为只是,1,
10010000010629,分享:在用QQ等其他社交软件分享的时候，系统会分享一张图片出去。然而，当用发送消息的形式分享的时候。这是分享一个链接而这个链接确实需要用户，下载该软件才能查看。具有一定的强制用户的感觉。,分享:在用QQ等其他社交软件分享的时候，系统会分享一张图片出去。然而，当用发送消息的形式分享的时候。这是分享一个链接而这个链接确实需要…,,Functional-Share,share,image_banner,other,share.image_banner.other,N,High,1,Slife,Slife,10010000010629,share.image_banner.other,分享:在用QQ等其他社交软件分享的时候，系统会分享一张图片出去。然而，当用发送消息的形式分享的时候。这是分享一个链接而这个链接确实需要…,primary_clue,68,62,分享 在用qq等其他社交软件分享的时候 系统会分享一张图片出去 然而 当用发送消息的形式分享的时候 这是分享一个链接而这个链接确实需要,1,
10010000011223,运动结果无法分享给共同使用的好友，分享至QQ和短信可以跳转，但分享的链接不是运动数据，分享至微博可以跳转，但会显示文件不存在而无法分享，无法分享到微信朋友圈，会闪一下，然后提示文件不存在。,运动结果无法分享给共同使用的好友，分享至QQ和短信可以跳转，但分享的链接不是运动数据，分享至微博可以跳转，但会显示文件不存在而无法分享…,,Functional-Share,share,chat,wrong_value,share.chat.wrong_value,N,High,1,Slife,Slife,10010000011223,share.chat.wrong_value,运动结果无法分享给共同使用的好友，分享至QQ和短信可以跳转，但分享的链接不是运动数据，分享至微博可以跳转，但会显示文件不存在而无法分享…,primary_clue,68,63,运动结果无法分享给共同使用的好友 分享至qq和短信可以跳转 但分享的链接不是运动数据 分享至微博可以跳转 但会显示文件不存在而无法分享,1,
10010000010267,如图所示，用户设置的目标，用头像图标标识，但指示条下方的小三角形图标并没有随头像图标移动，一直处于中间位置；当前页页面按钮“完成”没有必要放置，只有当用户设置完个人信息，设置目标时才需要。,如图所示，用户设置的目标，用头像图标标识，但指示条下方的小三角形图标并没有随头像图标移动，一直处于中间位置,当前页页面按钮“完成”没有必要放置，只有当用户设置完个人信息，设置目标时才需要。,UI/Display,settings,button_icon,other,settings.button_icon.other,Y,Medium,2,Slife,Slife,10010000010267,settings.button_icon.other,如图所示，用户设置的目标，用头像图标标识，但指示条下方的小三角形图标并没有随头像图标移动，一直处于中间位置,primary_clue,53,49,如图所示 用户设置的目标 用头像图标标识 但指示条下方的小三角形图标并没有随头像图标移动 一直处于中间位置,1,
10010000011574,"如图1，Slife运行时是可以正常查找到Slife的电量使用情况的，但当强制停止Slife并关闭Slife在后台自启动的功能后（如图2,3），任然能查找到Slife的电量使用情况（如图4）",如图1，Slife运行时是可以正常查找到Slife的电量使用情况的，但当强制停止Slife并关闭Slife在后台自启动的功能后（如图2…,,Functional-Search,search,other,other,search.other.other,N,High,1,Slife,Slife,10010000011574,search.other.other,如图1，Slife运行时是可以正常查找到Slife的电量使用情况的，但当强制停止Slife并关闭Slife在后台自启动的功能后（如图2…,primary_clue,68,64,如图1 slife运行时是可以正常查找到slife的电量使用情况的 但当强制停止slife并关闭slife在后台自启动的功能后 如图2,1,
10010000011524,设定运动目标时可选择的范围过小，如今很多人一天能走两三万步左右，相对于想减肥的人群来说，自然想把目标定高，而该app的根据我的身高体重计算的目标步数是8450~12651，无法满足我的需求。,设定运动目标时可选择的范围过小，如今很多人一天能走两三万步左右，相对于想减肥的人群来说，自然想把目标定高，而该app的根据我的身高体重…,,Functional-Tracking,step_count,step,cannot_or_fail,step_count.step.cannot_or_fail,N,High,1,Slife,Slife,10010000011524,step_count.step.cannot_or_fail,设定运动目标时可选择的范围过小，如今很多人一天能走两三万步左右，相对于想减肥的人群来说，自然想把目标定高，而该app的根据我的身高体重…,primary_clue,68,63,设定运动目标时可选择的范围过小 如今很多人一天能走两三万步左右 相对于想减肥的人群来说 自然想把目标定高 而该app的根据我的身高体重,1,
10010000011387,在设定步数界面中，设置的步数过低，只能设置到最高是13393步，并不是一个常人不能达到的日常步数，应该起码设置在两万步以上，才是比较正确的功能，同时不应该设置步数上线，让用户有自由改变的权限，,在设定步数界面中，设置的步数过低，只能设置到最高是13393步，并不是一个常人不能达到的日常步数，应该起码设置在两万步以上，才是比较正…,,Functional-Tracking,step_count,page_view,permission,step_count.page_view.permission,N,High,1,Slife,Slife,10010000011387,step_count.page_view.permission,在设定步数界面中，设置的步数过低，只能设置到最高是13393步，并不是一个常人不能达到的日常步数，应该起码设置在两万步以上，才是比较正…,primary_clue,68,62,在设定步数界面中 设置的步数过低 只能设置到最高是13393步 并不是一个常人不能达到的日常步数 应该起码设置在两万步以上 才是比较正,1,
10010000011280,没有安装推特，点击用推特分享运动情况报应用未安装，然而并没有安装facebook如图1所示 ，若点击用facebook分享运动情况，则不提示应用未安装，而是一直加载，最后才显示分享失败失败，如图2,没有安装推特，点击用推特分享运动情况报应用未安装，然而并没有安装facebook如图1所示 ，若点击用facebook分享运动情况，则…,,Network/Loading,share,share_panel,load_fail,share.share_panel.load_fail,N,High,1,Slife,Slife,10010000011280,share.share_panel.load_fail,没有安装推特，点击用推特分享运动情况报应用未安装，然而并没有安装facebook如图1所示 ，若点击用facebook分享运动情况，则…,primary_clue,68,62,没有安装推特 点击用推特分享运动情况报应用未安装 然而并没有安装facebook如图1所示 若点击用facebook分享运动情况 则,1,
10010000011245,在活动趋势页面，点击分享按钮，弹出分享到社交平台对话框后，如截图一。点击更多，跳转过程中提示信息为“截屏中”，提示信息不合理。建议修改。 由于提示信息存在时间短很难截图，故通过其他手机拍照代替截图。,在活动趋势页面，点击分享按钮，弹出分享到社交平台对话框后，如截图一。点击更多，跳转过程中提示信息为“截屏中”，提示信息不合理。建议修改…,,Functional-Share,share,button_icon,other,share.button_icon.other,N,High,1,Slife,Slife,10010000011245,share.button_icon.other,在活动趋势页面，点击分享按钮，弹出分享到社交平台对话框后，如截图一。点击更多，跳转过程中提示信息为“截屏中”，提示信息不合理。建议修改…,primary_clue,68,58,在活动趋势页面 点击分享按钮 弹出分享到社交平台对话框后 如截图一 点击更多 跳转过程中提示信息为 截屏中 提示信息不合理 建议修改,1,
10010000007520,注册提交时，没有进行邮箱格式二次检查，即使邮箱格式错误，也能成功注册。用户注册时虽然自动添加邮箱密码格式，但是当用户不小心删除了已经输入邮箱的一个字符，邮箱格式是不正确的，后续找回密码的功能受到影响。,注册提交时，没有进行邮箱格式二次检查，即使邮箱格式错误，也能成功注册。用户注册时虽然自动添加邮箱密码格式，但是当用户不小心删除了已经输…,,Functional-Account,register,other,wrong_value,register.other.wrong_value,N,High,1,Slife,Slife,10010000007520,register.other.wrong_value,注册提交时，没有进行邮箱格式二次检查，即使邮箱格式错误，也能成功注册。用户注册时虽然自动添加邮箱密码格式，但是当用户不小心删除了已经输…,primary_clue,68,62,注册提交时 没有进行邮箱格式二次检查 即使邮箱格式错误 也能成功注册 用户注册时虽然自动添加邮箱密码格式 但是当用户不小心删除了已经输,1,
10010000010670,步数多的所对应的卡路里没有步数少的对应的卡路里多，并且，在目标设定的最后一个界面，这个界面既可以根据公式算出，但是也可以自己手动调节，这样使安全性降低，自己设定的目标也可能不是标准的，导致运动量不正确,步数多的所对应的卡路里没有步数少的对应的卡路里多，并且，在目标设定的最后一个界面，这个界面既可以根据公式算出，但是也可以自己手动调节，…,,Functional-Tracking,step_count,page_view,wrong_value,step_count.page_view.wrong_value,N,High,1,Slife,Slife,10010000010670,step_count.page_view.wrong_value,步数多的所对应的卡路里没有步数少的对应的卡路里多，并且，在目标设定的最后一个界面，这个界面既可以根据公式算出，但是也可以自己手动调节，…,primary_clue,68,62,步数多的所对应的卡路里没有步数少的对应的卡路里多 并且 在目标设定的最后一个界面 这个界面既可以根据公式算出 但是也可以自己手动调节,1,
10010000011612,设置个人信息时，体重不能低于30KG，身高不能低于0.6M，出生年份不能晚于2010年，限制了一些小孩无法使用该软件。另外上限值也限制了一小部分年龄过大、体重过胖和身高过高的用户不能准确记录自己的信息。,设置个人信息时，体重不能低于30KG，身高不能低于0.6M，出生年份不能晚于2010年，限制了一些小孩无法使用该软件。另外上限值也限制…,,Other,settings,page_view,cannot_or_fail,settings.page_view.cannot_or_fail,N,Medium,1,Slife,Slife,10010000011612,settings.page_view.cannot_or_fail,设置个人信息时，体重不能低于30KG，身高不能低于0.6M，出生年份不能晚于2010年，限制了一些小孩无法使用该软件。另外上限值也限制…,primary_clue,68,61,设置个人信息时 体重不能低于30kg 身高不能低于0 6m 出生年份不能晚于2010年 限制了一些小孩无法使用该软件 另外上限值也限制,1,
10010000011113,在进行自己的运动情况分享的时候，在右上角的位置分享的是对Slife这个软件的简介。要出现自己的运动情况的话要对首页进行下拉。但是对于页面下拉这个功能除了事前得知之外不会轻易发现这个功能。所以布局不合理。,在进行自己的运动情况分享的时候，在右上角的位置分享的是对Slife这个软件的简介。要出现自己的运动情况的话要对首页进行下拉。但是对于页…,,Functional-Share,share,page_view,layout_issue,share.page_view.layout_issue,N,High,1,Slife,Slife,10010000011113,share.page_view.layout_issue,在进行自己的运动情况分享的时候，在右上角的位置分享的是对Slife这个软件的简介。要出现自己的运动情况的话要对首页进行下拉。但是对于页…,primary_clue,68,64,在进行自己的运动情况分享的时候 在右上角的位置分享的是对slife这个软件的简介 要出现自己的运动情况的话要对首页进行下拉 但是对于页,1,
10010000010863,用户在注册阶段输入密码的字符数量上限设置过高，至少是200多的字符。这样是那些喜欢设置长密码的用户能过多输入密码，也极大程度的导致一些用户忘记密码，从而使用户选择重新设置密码，这样变相增加了服务器的压力,用户在注册阶段输入密码的字符数量上限设置过高，至少是200多的字符。这样是那些喜欢设置长密码的用户能过多输入密码，也极大程度的导致一些…,,Functional-Account,register,page_view,other,register.page_view.other,N,High,1,Slife,Slife,10010000010863,register.page_view.other,用户在注册阶段输入密码的字符数量上限设置过高，至少是200多的字符。这样是那些喜欢设置长密码的用户能过多输入密码，也极大程度的导致一些…,primary_clue,68,64,用户在注册阶段输入密码的字符数量上限设置过高 至少是200多的字符 这样是那些喜欢设置长密码的用户能过多输入密码 也极大程度的导致一些,1,
10010000007541,分享至facebook，点击facebook图标，先是出现截屏中、分享中、然后就是loading页面，一直是loading，直至手机自动黑屏，再次亮屏后仍是loading，点击屏幕，显示发送失败，请重试。,分享至facebook，点击facebook图标，先是出现截屏中、分享中、然后就是loading页面，一直是loading，直至手机自…,,Functional-Share,share,button_icon,cannot_send,share.button_icon.cannot_send,N,High,1,Slife,Slife,10010000007541,share.button_icon.cannot_send,分享至facebook，点击facebook图标，先是出现截屏中、分享中、然后就是loading页面，一直是loading，直至手机自…,primary_clue,68,61,分享至facebook 点击facebook图标 先是出现截屏中 分享中 然后就是loading页面 一直是loading 直至手机自,1,
10010000011440,对于分享页面出现的社交平台微博、微信等应用点击分享时会出现错误。点击朋友圈会提示：发送失败，请重试；点击微博会提示：文件不存在(C8998)。但是在更多里面通过手机系统自己调用，是可以发送微博和朋友圈的。,对于分享页面出现的社交平台微博、微信等应用点击分享时会出现错误。点击朋友圈会提示：发送失败，请重试,点击微博会提示：文件不存在(C8998)。但是在更多里面通过手机系统自己调用，是可以发送微博和朋友圈的。,Functional-Share,share,page_view,wrong_value,share.page_view.wrong_value,Y,Medium,2,Slife,Slife,10010000011440,share.page_view.wrong_value,对于分享页面出现的社交平台微博、微信等应用点击分享时会出现错误。点击朋友圈会提示：发送失败，请重试,primary_clue,49,45,对于分享页面出现的社交平台微博 微信等应用点击分享时会出现错误 点击朋友圈会提示 发送失败 请重试,1,
10010000011678,8.开始的时候必须设置”目标”，否则无法进行下一次。而且还要进行手机兼容性测试，如果兼容心测试表示匹配之后，再次点击兼容性测试，还需要再重新测试，而且还有可能出现之前已经测试匹配，再次测试就不匹配的情况。,开始的时候必须设置”目标”，否则无法进行下一次。而且还要进行手机兼容性测试，如果兼容心测试表示匹配之后，再次点击兼容性测试，还需要再重…,,Other,settings,page_view,cannot_or_fail,settings.page_view.cannot_or_fail,N,Medium,1,Slife,Slife,10010000011678,settings.page_view.cannot_or_fail,开始的时候必须设置”目标”，否则无法进行下一次。而且还要进行手机兼容性测试，如果兼容心测试表示匹配之后，再次点击兼容性测试，还需要再重…,primary_clue,68,60,开始的时候必须设置 目标 否则无法进行下一次 而且还要进行手机兼容性测试 如果兼容心测试表示匹配之后 再次点击兼容性测试 还需要再重,1,
10010000007537,当用户更换头像选择拍照时，虽然能够更改成功，但是在选定照片后，无论等多长时间，都看不到头像，只是一片空白，只有上传之后才能看到，用户体验效果差，时效性差。而且在上传之后，再次点击头像，还是默认的，更改失败。,当用户更换头像选择拍照时，虽然能够更改成功，但是在选定照片后，无论等多长时间，都看不到头像，只是一片空白，只有上传之后才能看到，用户体…,,UI/Display,other,step,cannot_or_fail,other.step.cannot_or_fail,N,Medium,1,Slife,Slife,10010000007537,other.step.cannot_or_fail,当用户更换头像选择拍照时，虽然能够更改成功，但是在选定照片后，无论等多长时间，都看不到头像，只是一片空白，只有上传之后才能看到，用户体…,primary_clue,68,60,当用户更换头像选择拍照时 虽然能够更改成功 但是在选定照片后 无论等多长时间 都看不到头像 只是一片空白 只有上传之后才能看到 用户体,1,
10010000011071,"1、进去“首页”，通过特定方式（跑步），完成跑步数据以及运动路径
2、统计算法运算数量看是否与app后台统计的数据一致
预期结果：一致
实际结果：基本上一致，偶尔出现不同步现象，后台显示运动的数据偶尔不正确",进去“首页”，通过特定方式（跑步），完成跑步数据以及运动路径,统计算法运算数量看是否与app后台统计的数据一致 || 预期结果：一致 || 实际结果：基本上一致，偶尔出现不同步现象，后台显示运动的数据偶尔不正确,Functional-Tracking,step_count,page_view,other,step_count.page_view.other,Y,Medium,4,Slife,Slife,10010000011071,step_count.page_view.other,进去“首页”，通过特定方式（跑步），完成跑步数据以及运动路径,primary_clue,30,24,进去 首页 通过特定方式 跑步 完成跑步数据以及运动路径,1,
10010000010897,进行步数统计的时候，如果在停留后进行重新走路时，数据无法随时更新，走路走了一段时间后才会更新，而且是突变，另外，像距离，运动时间，消耗的卡路里也是经常一段时间后才重新更新，数据实时性很不好，用户体验很不友好,进行步数统计的时候，如果在停留后进行重新走路时，数据无法随时更新，走路走了一段时间后才会更新，而且是突变，另外，像距离，运动时间，消耗…,,Functional-Tracking,step_count,step,cannot_or_fail,step_count.step.cannot_or_fail,N,High,1,Slife,Slife,10010000010897,step_count.step.cannot_or_fail,进行步数统计的时候，如果在停留后进行重新走路时，数据无法随时更新，走路走了一段时间后才会更新，而且是突变，另外，像距离，运动时间，消耗…,primary_clue,68,59,进行步数统计的时候 如果在停留后进行重新走路时 数据无法随时更新 走路走了一段时间后才会更新 而且是突变 另外 像距离 运动时间 消耗,1,
10010000011371,"分享到""facebook""时,点击facebook图标后,  (由于手机未安装facebook或其它原因而不能分享,此时该app应给予提示信息),  实际情况是程序持续长时间""loading"", 无其他响应.","分享到""facebook""时,点击facebook图标后, (由于手机未安装facebook或其它原因而不能分享,此时该app应给予提…",,Functional-Share,share,button_icon,cannot_share,share.button_icon.cannot_share,N,High,1,Slife,Slife,10010000011371,share.button_icon.cannot_share,"分享到""facebook""时,点击facebook图标后, (由于手机未安装facebook或其它原因而不能分享,此时该app应给予提…",primary_clue,68,60,分享到 facebook 时 点击facebook图标后 由于手机未安装facebook或其它原因而不能分享 此时该app应给予提,1,
10010000011004,登录轻客软件，设定运动目标之后，手拿着手机开始步行并查看步数的变化，测试时发现步数到68步时，继续步行，出现了暂停增长的情况，见截图1；过了几秒钟，步数瞬间长到78步，见截图2，步数未实时更新，出现了延时的情况,登录轻客软件，设定运动目标之后，手拿着手机开始步行并查看步数的变化，测试时发现步数到68步时，继续步行，出现了暂停增长的情况，见截图1,过了几秒钟，步数瞬间长到78步，见截图2，步数未实时更新，出现了延时的情况,Functional-Account,login,step,wrong_value,login.step.wrong_value,Y,Medium,2,Slife,Slife,10010000011004,login.step.wrong_value,登录轻客软件，设定运动目标之后，手拿着手机开始步行并查看步数的变化，测试时发现步数到68步时，继续步行，出现了暂停增长的情况，见截图1,primary_clue,67,61,登录轻客软件 设定运动目标之后 手拿着手机开始步行并查看步数的变化 测试时发现步数到68步时 继续步行 出现了暂停增长的情况 见截图1,1,
10010000010182,打开Slife，设定运动目标后开始运动，运动完成，进入应用主界面，下拉界面，显示分享区，选择分享到朋友圈，手机屏幕闪烁后，显示“发送失败，请重试”，经多次重试后，依旧完成无法分享到朋友圈功能，属于功能不完整bug,打开Slife，设定运动目标后开始运动，运动完成，进入应用主界面，下拉界面，显示分享区，选择分享到朋友圈，手机屏幕闪烁后，显示“发送失…,,Functional-Share,share,page_view,cannot_send,share.page_view.cannot_send,N,High,1,Slife,Slife,10010000010182,share.page_view.cannot_send,打开Slife，设定运动目标后开始运动，运动完成，进入应用主界面，下拉界面，显示分享区，选择分享到朋友圈，手机屏幕闪烁后，显示“发送失…,primary_clue,68,58,打开slife 设定运动目标后开始运动 运动完成 进入应用主界面 下拉界面 显示分享区 选择分享到朋友圈 手机屏幕闪烁后 显示 发送失,1,
10010000011378,"在活动趋势页面，点击分享按钮，弹出分享到社交平台对话框后，如截图一。点击任一平台进行分享，跳转过程中提示信息为“截屏中”。提示信息不合理。建议修改。 
由于提示信息存在时间短很难截图，故通过其他手机拍照代替截图。",在活动趋势页面，点击分享按钮，弹出分享到社交平台对话框后，如截图一。点击任一平台进行分享，跳转过程中提示信息为“截屏中”。提示信息不合…,由于提示信息存在时间短很难截图，故通过其他手机拍照代替截图。,Functional-Share,share,button_icon,other,share.button_icon.other,Y,Medium,2,Slife,Slife,10010000011378,share.button_icon.other,在活动趋势页面，点击分享按钮，弹出分享到社交平台对话框后，如截图一。点击任一平台进行分享，跳转过程中提示信息为“截屏中”。提示信息不合…,primary_clue,68,59,在活动趋势页面 点击分享按钮 弹出分享到社交平台对话框后 如截图一 点击任一平台进行分享 跳转过程中提示信息为 截屏中 提示信息不合,1,
10010000010346,在进行主要步骤的步骤2时，点击重新设置，会跳转到图2界面。而图2界面是进行个人的性别，体重，身高等个人属性设置（也就是说系统在“设定目标”这一个页面没有提供“重置”功能，当用户对运动量发生调整后无法重置回最初状态）,在进行主要步骤的步骤2时，点击重新设置，会跳转到图2界面。而图2界面是进行个人的性别，体重，身高等个人属性设置（也就是说系统在“设定目…,,Functional-Tracking,run_walk,page_view,cannot_or_fail,run_walk.page_view.cannot_or_fail,N,High,1,Slife,Slife,10010000010346,run_walk.page_view.cannot_or_fail,在进行主要步骤的步骤2时，点击重新设置，会跳转到图2界面。而图2界面是进行个人的性别，体重，身高等个人属性设置（也就是说系统在“设定目…,primary_clue,68,60,在进行主要步骤的步骤2时 点击重新设置 会跳转到图2界面 而图2界面是进行个人的性别 体重 身高等个人属性设置 也就是说系统在 设定目,1,
10010000011426,"在活动趋势页面，点击分享按钮，弹出分享到社交平台对话框后，如截图一。点击更多，进入到截图二界面，点击取消，提示“发送失败请重试”，提示信息不合理。建议修改。
由于提示信息存在时间短很难截图，故通过其他手机拍照代替截图。",在活动趋势页面，点击分享按钮，弹出分享到社交平台对话框后，如截图一。点击更多，进入到截图二界面，点击取消，提示“发送失败请重试”，提示…,由于提示信息存在时间短很难截图，故通过其他手机拍照代替截图。,Functional-Share,share,button_icon,cannot_send,share.button_icon.cannot_send,Y,Medium,2,Slife,Slife,10010000011426,share.button_icon.cannot_send,在活动趋势页面，点击分享按钮，弹出分享到社交平台对话框后，如截图一。点击更多，进入到截图二界面，点击取消，提示“发送失败请重试”，提示…,primary_clue,68,57,在活动趋势页面 点击分享按钮 弹出分享到社交平台对话框后 如截图一 点击更多 进入到截图二界面 点击取消 提示 发送失败请重试 提示,1,
10010000007807,"头像更改以后，注销之后再登录，头像变成默认图片。

截图说明
图1：点击头像后
图2：调用相机更换头像
图3：选择相册更换头像
图4：在图3的状态下，注销后再登录，头像变成了默认图片
图5：成功保存头像后，设置为默认图片",头像更改以后，注销之后再登录，头像变成默认图片。,截图说明 || 图1：点击头像后 || 图2：调用相机更换头像 || 图3：选择相册更换头像 || 图4：在图3的状态下，注销后再登录，头像变成了默认图片 || 图5：成功保存头像后，设置为默认图片,Functional-Account,login,image_banner,other,login.image_banner.other,Y,Medium,7,Slife,Slife,10010000007807,login.image_banner.other,头像更改以后，注销之后再登录，头像变成默认图片。,primary_clue,24,21,头像更改以后 注销之后再登录 头像变成默认图片,1,
10010000011523,下滑出现的活动汇总和活动详细都没有内容 ，直接显示的是分享到社交平台。最好可以先显示活动汇总和内容，给用户一个直观的结果展示，再进行分享。否则用户不知道自己的运动情况，就盲目进行分享，可能情况不是很好。属于用户体验较差。,下滑出现的活动汇总和活动详细都没有内容 ，直接显示的是分享到社交平台。最好可以先显示活动汇总和内容，给用户一个直观的结果展示，再进行分…,,Functional-Share,share,share_panel,wrong_value,share.share_panel.wrong_value,N,High,1,Slife,Slife,10010000011523,share.share_panel.wrong_value,下滑出现的活动汇总和活动详细都没有内容 ，直接显示的是分享到社交平台。最好可以先显示活动汇总和内容，给用户一个直观的结果展示，再进行分…,primary_clue,68,62,下滑出现的活动汇总和活动详细都没有内容 直接显示的是分享到社交平台 最好可以先显示活动汇总和内容 给用户一个直观的结果展示 再进行分,1,
10010000010386,第一步：点击应用主界面的侧边栏。第二步：点击登录/注册按钮，再点击注册按钮。第三步：填写注册信息，在输入密码时，系统没有对用户的输入采取格式校验，导致密码的非法填写，比如输入密码：1，系统也会允许该账号注册成功，安全性差。,第一步：点击应用主界面的侧边栏。第二步：点击登录/注册按钮，再点击注册按钮。第三步：填写注册信息，在输入密码时，系统没有对用户的输入采…,,Functional-Account,register,button_icon,other,register.button_icon.other,N,High,1,Slife,Slife,10010000010386,register.button_icon.other,第一步：点击应用主界面的侧边栏。第二步：点击登录/注册按钮，再点击注册按钮。第三步：填写注册信息，在输入密码时，系统没有对用户的输入采…,primary_clue,68,58,第一步 点击应用主界面的侧边栏 第二步 点击登录 注册按钮 再点击注册按钮 第三步 填写注册信息 在输入密码时 系统没有对用户的输入采,1,
10010000011431,"功能不完善：对于个人的基础信息应该另外列出一个功能列表的功能，而不是集成在设定目标的功能（虽然目标步数的计算是和个人功能相关联）。
最好加一些个人信息，而不是仅仅只有年龄，体重，出生年月，性别，这样会显得用户信息不是很完善。",功能不完善：对于个人的基础信息应该另外列出一个功能列表的功能，而不是集成在设定目标的功能（虽然目标步数的计算是和个人功能相关联）。,最好加一些个人信息，而不是仅仅只有年龄，体重，出生年月，性别，这样会显得用户信息不是很完善。,Functional-Tracking,step_count,list_item,other,step_count.list_item.other,Y,Medium,2,Slife,Slife,10010000011431,step_count.list_item.other,功能不完善：对于个人的基础信息应该另外列出一个功能列表的功能，而不是集成在设定目标的功能（虽然目标步数的计算是和个人功能相关联）。,primary_clue,65,60,功能不完善 对于个人的基础信息应该另外列出一个功能列表的功能 而不是集成在设定目标的功能 虽然目标步数的计算是和个人功能相关联,1,
10010000011180,"通过qq""分享到社交平台"", 点击qq图标后, 
1.  提示""截屏""(实际分享的是该app推广链接, 并不是用户的运动记录,对用户造成误导);
2. 分享成功后, 弹出""打开方式""弹框, 不知用意.(理应返回分享前的界面)","通过qq""分享到社交平台"", 点击qq图标后,","提示""截屏""(实际分享的是该app推广链接, 并不是用户的运动记录,对用户造成误导) || 分享成功后, 弹出""打开方式""弹框, 不知用意.(理应返回分享前的界面)",Functional-Share,share,button_icon,other,share.button_icon.other,Y,Medium,3,Slife,Slife,10010000011180,share.button_icon.other,"通过qq""分享到社交平台"", 点击qq图标后,",primary_clue,23,18,通过qq 分享到社交平台 点击qq图标后,1,
10010000010837,"无法“分享”到新浪微博以及微信朋友圈社交平台。
1.在网络通信正常的情况下，无法登陆微博，出现“服务器登录异常”及“网络不给力”信息。
2.由APP登陆微信后，截图无法分享至朋友圈中，并有闪屏现象。出现“发送失败，请重试…”信息。",无法“分享”到新浪微博以及微信朋友圈社交平台。,在网络通信正常的情况下，无法登陆微博，出现“服务器登录异常”及“网络不给力”信息。 || 由APP登陆微信后，截图无法分享至朋友圈中，并有闪屏现象。出现“发送失败，请重试…”信息。,Functional-Share,share,share_panel,cannot_or_fail,share.share_panel.cannot_or_fail,Y,Medium,3,Slife,Slife,10010000010837,share.share_panel.cannot_or_fail,无法“分享”到新浪微博以及微信朋友圈社交平台。,primary_clue,23,20,无法 分享 到新浪微博以及微信朋友圈社交平台,1,
10010000011701,打开轻客软件并登录，步行了92步，手机未关机也未关闭该应用，步行情况显示界面的时间轴上出现应用已关闭，点击截图1中所示的步行图标，进入地图显示界面，见截图就2，点击最上方信息，显示了时间轴上可显示的4种情况，无应用已关闭，见截图2,打开轻客软件并登录，步行了92步，手机未关机也未关闭该应用，步行情况显示界面的时间轴上出现应用已关闭，点击截图1中所示的步行图标，进入…,,Functional-Account,login,button_icon,other,login.button_icon.other,N,High,1,Slife,Slife,10010000011701,login.button_icon.other,打开轻客软件并登录，步行了92步，手机未关机也未关闭该应用，步行情况显示界面的时间轴上出现应用已关闭，点击截图1中所示的步行图标，进入…,primary_clue,68,62,打开轻客软件并登录 步行了92步 手机未关机也未关闭该应用 步行情况显示界面的时间轴上出现应用已关闭 点击截图1中所示的步行图标 进入,1,
10010000011029,只显示神游（即无论跑步还是步行都只显示神游状态），活动时间显示0分钟，活动距离也一直显示0米，最长活动时间和最长活动距离，消耗卡路里都是0 ，停止运动后，显示已关闭，但是继续打开使用，应用不更新显示继续运动，一直显示应用已关闭**分钟。,只显示神游（即无论跑步还是步行都只显示神游状态），活动时间显示0分钟，活动距离也一直显示0米，最长活动时间和最长活动距离，消耗卡路里都…,分钟。,Functional-Tracking,run_walk,step,wrong_value,run_walk.step.wrong_value,Y,Medium,2,Slife,Slife,10010000011029,run_walk.step.wrong_value,只显示神游（即无论跑步还是步行都只显示神游状态），活动时间显示0分钟，活动距离也一直显示0米，最长活动时间和最长活动距离，消耗卡路里都…,primary_clue,68,61,只显示神游 即无论跑步还是步行都只显示神游状态 活动时间显示0分钟 活动距离也一直显示0米 最长活动时间和最长活动距离 消耗卡路里都,1,
10010000011495,每日运动没有显示具体某小时段运动数量，而只是显示一个很细的条来代表大概每个小时的运动量，这样给用户的体验不是很好，因为用户使用运动类app就是为了记录每个时刻的步数，如果没有的话达不到预期的效果，记录体验不直观，不能达到一开始设定的目标。,每日运动没有显示具体某小时段运动数量，而只是显示一个很细的条来代表大概每个小时的运动量，这样给用户的体验不是很好，因为用户使用运动类a…,,Functional-Tracking,step_count,list_item,cannot_or_fail,step_count.list_item.cannot_or_fail,N,High,1,Slife,Slife,10010000011495,step_count.list_item.cannot_or_fail,每日运动没有显示具体某小时段运动数量，而只是显示一个很细的条来代表大概每个小时的运动量，这样给用户的体验不是很好，因为用户使用运动类a…,primary_clue,68,64,每日运动没有显示具体某小时段运动数量 而只是显示一个很细的条来代表大概每个小时的运动量 这样给用户的体验不是很好 因为用户使用运动类a,1,
10010000010867,打开轻客软件，点击首页右上角三道杠打开左侧导航栏，如果登录了App，则退出，见截图1；返回App首页，点击右上角图标，进入查看活动趋势界面，点击该界面右上角的分享图标，应该提示请登录，或者跳转至登录界面，但是测试时发现未登录仍可分享，见截图3,打开轻客软件，点击首页右上角三道杠打开左侧导航栏，如果登录了App，则退出，见截图1,返回App首页，点击右上角图标，进入查看活动趋势界面，点击该界面右上角的分享图标，应该提示请登录，或者跳转至登录界面，但是测试时发现未登录仍可分享，见截图3,Functional-Account,login,page_view,other,login.page_view.other,Y,Medium,2,Slife,Slife,10010000010867,login.page_view.other,打开轻客软件，点击首页右上角三道杠打开左侧导航栏，如果登录了App，则退出，见截图1,primary_clue,42,38,打开轻客软件 点击首页右上角三道杠打开左侧导航栏 如果登录了app 则退出 见截图1,1,
10010000010560,分享:在分享数据的时候该应用会自动帮你截图，分享出去的，只能是图片。而不是上传到服务器上的数据。那么用户，只能看到你今天分享的运动量。要想看到你每天或者每月的运动量。用户则必须再次分享！应该将数据存在数据库上，然后分享的时候分享给用户一个链接。,分享:在分享数据的时候该应用会自动帮你截图，分享出去的，只能是图片。而不是上传到服务器上的数据。那么用户，只能看到你今天分享的运动量。…,,Functional-Share,share,image_banner,other,share.image_banner.other,N,High,1,Slife,Slife,10010000010560,share.image_banner.other,分享:在分享数据的时候该应用会自动帮你截图，分享出去的，只能是图片。而不是上传到服务器上的数据。那么用户，只能看到你今天分享的运动量。…,primary_clue,68,60,分享 在分享数据的时候该应用会自动帮你截图 分享出去的 只能是图片 而不是上传到服务器上的数据 那么用户 只能看到你今天分享的运动量,1,
10010000007769,侧边栏没有用户任务的相关设置，只有在设置子功能中设置相关的卡路里，而且设置时必须重头开始，没有直接增加每日卡路里的选择项，增加每日运动的卡路里时，必须根据自己的性别，身高，体重，然后有一个公式计算，最后的卡路里时公式自动计算出来，不能直接增加日卡路里。,侧边栏没有用户任务的相关设置，只有在设置子功能中设置相关的卡路里，而且设置时必须重头开始，没有直接增加每日卡路里的选择项，增加每日运动…,,Functional-Tracking,run_walk,page_view,cannot_or_fail,run_walk.page_view.cannot_or_fail,N,High,1,Slife,Slife,10010000007769,run_walk.page_view.cannot_or_fail,侧边栏没有用户任务的相关设置，只有在设置子功能中设置相关的卡路里，而且设置时必须重头开始，没有直接增加每日卡路里的选择项，增加每日运动…,primary_clue,68,63,侧边栏没有用户任务的相关设置 只有在设置子功能中设置相关的卡路里 而且设置时必须重头开始 没有直接增加每日卡路里的选择项 增加每日运动,1,
10010000010138,当用手机自带的内存清理工具进行清理内存的时候，应用从后台退出。退出之后是没有办法对用户的步数进行准确测量的。像计步工具这类的应用，安装的时候应该提示用户回去系统的一些权限，以保证应用能够一直停留在后台。否则，如果不能准确的计算步数，会让用户对应用失去信心。,当用手机自带的内存清理工具进行清理内存的时候，应用从后台退出。退出之后是没有办法对用户的步数进行准确测量的。像计步工具这类的应用，安装…,,Functional-Tracking,step_count,step,permission,step_count.step.permission,N,High,1,Slife,Slife,10010000010138,step_count.step.permission,当用手机自带的内存清理工具进行清理内存的时候，应用从后台退出。退出之后是没有办法对用户的步数进行准确测量的。像计步工具这类的应用，安装…,primary_clue,68,63,当用手机自带的内存清理工具进行清理内存的时候 应用从后台退出 退出之后是没有办法对用户的步数进行准确测量的 像计步工具这类的应用 安装,1,
10010000011593,"当用QQ邮箱登陆时，不能通过微博分享，也不提示不能分享，只是停留在那个页面；
当用QQ邮箱登陆时，不能通过朋友圈分享，提示发送失败
当用QQ邮箱登陆时，不能通过Facebook分享，提示发送失败
当用QQ邮箱登陆时，不能通过Twitter分享，提示发送失败",当用QQ邮箱登陆时，不能通过微博分享，也不提示不能分享，只是停留在那个页面,当用QQ邮箱登陆时，不能通过朋友圈分享，提示发送失败 || 当用QQ邮箱登陆时，不能通过Facebook分享，提示发送失败 || 当用QQ邮箱登陆时，不能通过Twitter分享，提示发送失败,Functional-Share,share,page_view,cannot_share,share.page_view.cannot_share,Y,Medium,4,Slife,Slife,10010000011593,share.page_view.cannot_share,当用QQ邮箱登陆时，不能通过微博分享，也不提示不能分享，只是停留在那个页面,primary_clue,37,34,当用qq邮箱登陆时 不能通过微博分享 也不提示不能分享 只是停留在那个页面,1,
10010000007718,进入左侧侧边栏，点击用户头像，弹出注销界面。或者在设置完用户头像后，在侧边栏直接点击用户头像，弹出注销界面，在图1操作后点击用户头像，直接点击注销进行账号退出，直接显示图2，也没有退出成功提示信息，只有再次点击侧边栏任意子功能时才能确定已经退出，因为需要登录。,进入左侧侧边栏，点击用户头像，弹出注销界面。或者在设置完用户头像后，在侧边栏直接点击用户头像，弹出注销界面，在图1操作后点击用户头像，…,,Functional-Account,login,page_view,other,login.page_view.other,N,High,1,Slife,Slife,10010000007718,login.page_view.other,进入左侧侧边栏，点击用户头像，弹出注销界面。或者在设置完用户头像后，在侧边栏直接点击用户头像，弹出注销界面，在图1操作后点击用户头像，…,primary_clue,68,60,进入左侧侧边栏 点击用户头像 弹出注销界面 或者在设置完用户头像后 在侧边栏直接点击用户头像 弹出注销界面 在图1操作后点击用户头像,1,
10010000007523,输入一个不存在的邮箱名，其他不填写会直接提示“密码为空”，却没有提示到用户名为填写，只输入密码或者什么都不填写后点击注册，只提示“邮箱地址格式错误”，却不提示要填写正确信息才能注册，填写不存在的邮箱地址显示“用户名已存在”。以上描述的这些提示都是不正确不完整的提示。,输入一个不存在的邮箱名，其他不填写会直接提示“密码为空”，却没有提示到用户名为填写，只输入密码或者什么都不填写后点击注册，只提示“邮箱…,,Functional-Account,register,other,wrong_value,register.other.wrong_value,N,High,1,Slife,Slife,10010000007523,register.other.wrong_value,输入一个不存在的邮箱名，其他不填写会直接提示“密码为空”，却没有提示到用户名为填写，只输入密码或者什么都不填写后点击注册，只提示“邮箱…,primary_clue,68,60,输入一个不存在的邮箱名 其他不填写会直接提示 密码为空 却没有提示到用户名为填写 只输入密码或者什么都不填写后点击注册 只提示 邮箱,1,
10010000010074,当进行分享时，点击朋友圈的时候该系统无法打开微信进入微信界面，同时在点击Twitter进行分享时，系统也无法打开Twitter官网，这两个都属于功能上的极大缺陷，而且在点击朋友圈之后，界面会闪一下，然后回到之前的地图界面，但是此时地图界面却不会显示地图，而是一片空白,当进行分享时，点击朋友圈的时候该系统无法打开微信进入微信界面，同时在点击Twitter进行分享时，系统也无法打开Twitter官网，这…,,Network/Loading,share,page_view,load_fail,share.page_view.load_fail,N,High,1,Slife,Slife,10010000010074,share.page_view.load_fail,当进行分享时，点击朋友圈的时候该系统无法打开微信进入微信界面，同时在点击Twitter进行分享时，系统也无法打开Twitter官网，这…,primary_clue,68,63,当进行分享时 点击朋友圈的时候该系统无法打开微信进入微信界面 同时在点击twitter进行分享时 系统也无法打开twitter官网 这,1,
10010000011645,用户在使用该软件进行步数监测时，出现了性能不稳定以及实时性不能够得到保障的情况，在某些时候软件可以准确的监测到用户步数的变化，在用户每走一步之后步数加一，但是在某些时候页面出现“卡顿”，用户走了很多不仍没有增加步数，然后步数会瞬时增加很多步，没能满足该软件对实时性的要求。,用户在使用该软件进行步数监测时，出现了性能不稳定以及实时性不能够得到保障的情况，在某些时候软件可以准确的监测到用户步数的变化，在用户每…,,Performance/Freeze,step_count,page_view,freeze,step_count.page_view.freeze,N,High,1,Slife,Slife,10010000011645,step_count.page_view.freeze,用户在使用该软件进行步数监测时，出现了性能不稳定以及实时性不能够得到保障的情况，在某些时候软件可以准确的监测到用户步数的变化，在用户每…,primary_clue,68,64,用户在使用该软件进行步数监测时 出现了性能不稳定以及实时性不能够得到保障的情况 在某些时候软件可以准确的监测到用户步数的变化 在用户每,1,
10010000011773,"可设置性别<男，女>，体重<30~200kg>,身高<0.60~2.30m>,出生年份<1930~2010年>，但体重小于30，大于200的人，身高小于0.6，大于2.3的人，年龄小于6岁，大于86岁的人无法使用这项功能。对运动目标的评估只有“偏少”、“合适”、“很棒”三个等级。","可设置性别<男，女>，体重<30~200kg>,身高<0.60~2.30m>,出生年份<1930~2010年>，但体重小于30，大于2…",,Functional-Tracking,run_walk,page_view,cannot_or_fail,run_walk.page_view.cannot_or_fail,N,High,1,Slife,Slife,10010000011773,run_walk.page_view.cannot_or_fail,"可设置性别<男，女>，体重<30~200kg>,身高<0.60~2.30m>,出生年份<1930~2010年>，但体重小于30，大于2…",primary_clue,68,48,可设置性别 男 女 体重 30 200kg 身高 0 60 2 30m 出生年份 1930 2010年 但体重小于30 大于2,1,
10010000011092,在测试应用分享的过程中，出现了较大的问题。如图：在选择分享给QQ好友的过程中时，可以看到有两个界面可提供选择，一个是直接在分享主界面中qq好友的分享，另一个是在更多里面的qq好友分享，而且从这两个不同界面选择的结果是不同的，分享后一个是该应用链接的分享，另一个是应用当前截屏的分享。,在测试应用分享的过程中，出现了较大的问题。如图：在选择分享给QQ好友的过程中时，可以看到有两个界面可提供选择，一个是直接在分享主界面中…,,Functional-Share,share,page_view,wrong_value,share.page_view.wrong_value,N,High,1,Slife,Slife,10010000011092,share.page_view.wrong_value,在测试应用分享的过程中，出现了较大的问题。如图：在选择分享给QQ好友的过程中时，可以看到有两个界面可提供选择，一个是直接在分享主界面中…,primary_clue,68,62,在测试应用分享的过程中 出现了较大的问题 如图 在选择分享给qq好友的过程中时 可以看到有两个界面可提供选择 一个是直接在分享主界面中,1,
10010000011512,在用户分享给其它用户时，其它用户打开却是这款软件的宣传介绍及下载链接，这样子给其他新用户的印象是很不好的，大家都会认为有一种打广告的感觉，内心就十分抵制甚至厌恶。分享的内容应该是分享者当日使用该软件的状况较为适当，用户通过用户的体验来传递知名度，大家看了觉得不错或是好奇自然便会安装试用。,在用户分享给其它用户时，其它用户打开却是这款软件的宣传介绍及下载链接，这样子给其他新用户的印象是很不好的，大家都会认为有一种打广告的感…,,Functional-Share,share,image_banner,other,share.image_banner.other,N,High,1,Slife,Slife,10010000011512,share.image_banner.other,在用户分享给其它用户时，其它用户打开却是这款软件的宣传介绍及下载链接，这样子给其他新用户的印象是很不好的，大家都会认为有一种打广告的感…,primary_clue,68,64,在用户分享给其它用户时 其它用户打开却是这款软件的宣传介绍及下载链接 这样子给其他新用户的印象是很不好的 大家都会认为有一种打广告的感,1,
10010000011581,录入身高时，最小值0.6米，最大值2.3米，体重最轻60斤，最重400斤，最小年纪6岁，最大年纪86岁。这是不合理的，在世界上身高体重都应该囊括目前世界上存活者最高，最矮，最轻，最重的情况，以他们为上下极值比较人性化。而且超过既定范围的人都是非常需要锻炼的人，虽然不多。但也不能忽略他们。,录入身高时，最小值0.6米，最大值2.3米，体重最轻60斤，最重400斤，最小年纪6岁，最大年纪86岁。这是不合理的，在世界上身高体重…,,UI/Display,other,other,cannot_or_fail,other.other.cannot_or_fail,N,Medium,1,Slife,Slife,10010000011581,other.other.cannot_or_fail,录入身高时，最小值0.6米，最大值2.3米，体重最轻60斤，最重400斤，最小年纪6岁，最大年纪86岁。这是不合理的，在世界上身高体重…,primary_clue,68,57,录入身高时 最小值0 6米 最大值2 3米 体重最轻60斤 最重400斤 最小年纪6岁 最大年纪86岁 这是不合理的 在世界上身高体重,1,
10010000010607,"通过微信朋友圈，twitter分享时，发送失败。
通过facebook分享，未安装facebook，一直loading。
通过微博分享，提示文件不存在。
在更多中：
分享会用截屏的方式。
保存到qq收藏，提示无本地文件。
其他大部分为截图，发送截图。
分享到淘宝时，将它自动放入图片识别中。",通过微信朋友圈，twitter分享时，发送失败。,通过facebook分享，未安装facebook，一直loading。 || 通过微博分享，提示文件不存在。 || 在更多中： || 分享会用截屏的方式。 || 保存到qq收藏，提示无本地文件。 || 其他大部分为截图，发送截图。 |…,Functional-Share,share,share_panel,cannot_send,share.share_panel.cannot_send,Y,Medium,8,Slife,Slife,10010000010607,share.share_panel.cannot_send,通过微信朋友圈，twitter分享时，发送失败。,primary_clue,24,21,通过微信朋友圈 twitter分享时 发送失败,1,
10010000007709,进入左侧边侧栏，点击用户头像或者用户名，进入到注销页面，若此时想设置用户头像和用户名，用户名是注册时设置的，这里未提示能否修改用户名，无论点击用户头像还是用户名均会出现设置用户头像的界面，没有设置用户名相关选择页面，而且注册时也未有相关提示信息，如“慎重考虑用户名，一旦使用不能修改”等提示。,进入左侧边侧栏，点击用户头像或者用户名，进入到注销页面，若此时想设置用户头像和用户名，用户名是注册时设置的，这里未提示能否修改用户名，…,,Functional-Account,register,page_view,no_prompt,register.page_view.no_prompt,N,High,1,Slife,Slife,10010000007709,register.page_view.no_prompt,进入左侧边侧栏，点击用户头像或者用户名，进入到注销页面，若此时想设置用户头像和用户名，用户名是注册时设置的，这里未提示能否修改用户名，…,primary_clue,68,61,进入左侧边侧栏 点击用户头像或者用户名 进入到注销页面 若此时想设置用户头像和用户名 用户名是注册时设置的 这里未提示能否修改用户名,1,
10010000007657,注册时只输入一次密码，若密码输入与自己预期设置密码不同，输入错误，用户无法获知，容易忘记密码，在点击忘记密码时，只有一种密码找回方式，通过点击发送密码重置链接才可以，方式单一没有可选性，容易出错。而且如果未输入邮箱直接点击发送密码重置链接，提示信息邮箱格式错误，应该提示“请输入邮箱”更人性化。,注册时只输入一次密码，若密码输入与自己预期设置密码不同，输入错误，用户无法获知，容易忘记密码，在点击忘记密码时，只有一种密码找回方式，…,,Functional-Account,register,page_view,wrong_value,register.page_view.wrong_value,N,High,1,Slife,Slife,10010000007657,register.page_view.wrong_value,注册时只输入一次密码，若密码输入与自己预期设置密码不同，输入错误，用户无法获知，容易忘记密码，在点击忘记密码时，只有一种密码找回方式，…,primary_clue,68,60,注册时只输入一次密码 若密码输入与自己预期设置密码不同 输入错误 用户无法获知 容易忘记密码 在点击忘记密码时 只有一种密码找回方式,1,
10010000010278,"当进行邮件分享的时候，(此处可以保证输入的邮箱和密码是正确的),尽管已经将提供的协议全部进行测试，结果显示，邮箱分享功能存在严重的bug，此处的功能并没有实现，虽然给用户的提示是“用户名/密码错误或者协议设置不正确”,但是尽管将所有的协议全部试了一遍，此处依旧显示错误，这是一个功能上的验证缺陷","当进行邮件分享的时候，(此处可以保证输入的邮箱和密码是正确的),尽管已经将提供的协议全部进行测试，结果显示，邮箱分享功能存在严重的bu…",,Functional-Account,share,page_view,wrong_value,share.page_view.wrong_value,N,High,1,Slife,Slife,10010000010278,share.page_view.wrong_value,"当进行邮件分享的时候，(此处可以保证输入的邮箱和密码是正确的),尽管已经将提供的协议全部进行测试，结果显示，邮箱分享功能存在严重的bu…",primary_clue,68,61,当进行邮件分享的时候 此处可以保证输入的邮箱和密码是正确的 尽管已经将提供的协议全部进行测试 结果显示 邮箱分享功能存在严重的bu,1,
10010000010506,"问题描述:运动结果分享到qq链接打开为app下载页面，不是运动结果界面
前置条件:已打开分享到社交平台界面
步骤:
1.点击分享到qq，分享给好友
2.查看分享到QQ好友的链接
预期结果:
1.分享到QQ成功，
2.打开链接显示为运动结果
实际结果:
1.分享到QQ成功
2.打开链接为app下载页面",问题描述:运动结果分享到qq链接打开为app下载页面，不是运动结果界面,前置条件:已打开分享到社交平台界面 || 点击分享到qq，分享给好友 || 查看分享到QQ好友的链接 || 分享到QQ成功， || 打开链接显示为运动结果 || 分享到QQ成功 || 打开链接为app下载页面,Functional-Share,share,page_view,wrong_value,share.page_view.wrong_value,Y,Medium,8,Slife,Slife,10010000010506,share.page_view.wrong_value,问题描述:运动结果分享到qq链接打开为app下载页面，不是运动结果界面,primary_clue,35,33,问题描述 运动结果分享到qq链接打开为app下载页面 不是运动结果界面,1,
10010000011484,继上一个bug，断网之后还会出现一个问题，当你此时联网之后，app所推荐的合适步数数据仍然没有改变。（正常情况下，点击完成之前就该有显示变化的数据）即使退出该应用重新设置，数据也没有变化。但当你点击完成之后，完全退出应用后再点击进来查看，会发现数据才发生变化。（图一是没有点完成时的数据，图二是点了完成之后退出应用再查看的数据）,继上一个bug，断网之后还会出现一个问题，当你此时联网之后，app所推荐的合适步数数据仍然没有改变。（正常情况下，点击完成之前就该有显…,,Crash,step_count,page_view,other,step_count.page_view.other,N,High,1,Slife,Slife,10010000011484,step_count.page_view.other,继上一个bug，断网之后还会出现一个问题，当你此时联网之后，app所推荐的合适步数数据仍然没有改变。（正常情况下，点击完成之前就该有显…,primary_clue,68,61,继上一个bug 断网之后还会出现一个问题 当你此时联网之后 app所推荐的合适步数数据仍然没有改变 正常情况下 点击完成之前就该有显,1,
10010000009940,"问题描述:设置运动目标中设置步数区间娇小，建议优化
前置条件:设置运动目标已近入步数设置界面
步骤:
1.将滚动条滑到最左边
2.将滚动条滑到最右边
预期结果:
1.显示对应步数及消耗卡路里
2.显示对应步数及消耗卡路里，且左右极点区间应较大
实际结果:
1.显示对应步数及消耗卡路里
2.显示对应步数及消耗卡路里，且左右极点区间较小",问题描述:设置运动目标中设置步数区间娇小，建议优化,前置条件:设置运动目标已近入步数设置界面 || 将滚动条滑到最左边 || 将滚动条滑到最右边 || 显示对应步数及消耗卡路里 || 显示对应步数及消耗卡路里，且左右极点区间应较大 || 显示对应步数及消耗卡路里 || 显示对应步数及消…,Functional-Tracking,step_count,page_view,other,step_count.page_view.other,Y,Medium,8,Slife,Slife,10010000009940,step_count.page_view.other,问题描述:设置运动目标中设置步数区间娇小，建议优化,primary_clue,25,23,问题描述 设置运动目标中设置步数区间娇小 建议优化,1,
10010000011449,功能不完善：私生活这个产品本来就是记录人的行动路线，并且记录步数来检测当天的生活是否足够健康的，但是在应用设置的省电模式里面却提示用户在开启省电模式之后几乎就丧失了这个APP的功能，比如不能计步，不能记录运动轨迹等。省电的有效途径应该优化产品的编码模式和软件架构，并且利用手机通用的硬件架构来进行省电优化，而不是通过关闭产品的核心功能来进行产品优化。,功能不完善：私生活这个产品本来就是记录人的行动路线，并且记录步数来检测当天的生活是否足够健康的，但是在应用设置的省电模式里面却提示用户…,,Functional-Tracking,step_count,page_view,wrong_value,step_count.page_view.wrong_value,N,High,1,Slife,Slife,10010000011449,step_count.page_view.wrong_value,功能不完善：私生活这个产品本来就是记录人的行动路线，并且记录步数来检测当天的生活是否足够健康的，但是在应用设置的省电模式里面却提示用户…,primary_clue,68,64,功能不完善 私生活这个产品本来就是记录人的行动路线 并且记录步数来检测当天的生活是否足够健康的 但是在应用设置的省电模式里面却提示用户,1,
10010000007712,点击用户头像，出现头像设置界面，出现3个选择项，相机(现拍照片)，图片(从相册中选择)，默认头像，此时选择第三个功能，即选择默认头像，弹出toast提示，是否设置为默认头像，点击确定可设置为系统默认头像，而此时我还未修改用户头像，应该提示为“当前头像已经是默认头像”信息。而且设置后显示的是新头像，退出后再次登录，头像此时又显示成之前的头像，即系统默认头像,点击用户头像，出现头像设置界面，出现3个选择项，相机(现拍照片)，图片(从相册中选择)，默认头像，此时选择第三个功能，即选择默认头像，…,,Functional-Account,login,page_view,other,login.page_view.other,N,High,1,Slife,Slife,10010000007712,login.page_view.other,点击用户头像，出现头像设置界面，出现3个选择项，相机(现拍照片)，图片(从相册中选择)，默认头像，此时选择第三个功能，即选择默认头像，…,primary_clue,68,55,点击用户头像 出现头像设置界面 出现3个选择项 相机 现拍照片 图片 从相册中选择 默认头像 此时选择第三个功能 即选择默认头像,1,
10010000011005,"1、当用户进行主要步骤的步骤2时，其默认的运动量卡路里数与步骤1（即图1）看到的相同（如图2），“表情”在正中间
2、当用户进行主要步骤的步骤3时，其默认的运动量卡路里数与步骤2看到的相同，“表情”却不在正中间（如图3）

由以上两点可见，当用户对个人身体属性进行改变后，第一次看到的默认卡路里数虽然“表情”在中间，但中间的实际数值已经发生变化（如图2与图4进行比较），系统未能正确显示出变化情况",当用户进行主要步骤的步骤2时，其默认的运动量卡路里数与步骤1（即图1）看到的相同（如图2），“表情”在正中间,当用户进行主要步骤的步骤3时，其默认的运动量卡路里数与步骤2看到的相同，“表情”却不在正中间（如图3） || 由以上两点可见，当用户对个人身体属性进行改变后，第一次看到的默认卡路里数虽然“表情”在中间，但中间的实际数值已经发生变化（如…,Functional-Social,run_walk,step,other,run_walk.step.other,Y,Medium,3,Slife,Slife,10010000011005,run_walk.step.other,当用户进行主要步骤的步骤2时，其默认的运动量卡路里数与步骤1（即图1）看到的相同（如图2），“表情”在正中间,primary_clue,54,46,当用户进行主要步骤的步骤2时 其默认的运动量卡路里数与步骤1 即图1 看到的相同 如图2 表情 在正中间,1,
10010000011314,用户在使用这款软件的时候，无论是什么时候，第一眼一定是看最顶上那一个主题，今天我走了多少步。这里就存在一个页面布局设计上的问题，它的最新动态是从最下面刷新的(如截图)，也就是说用户要看自己最新的情况每次都还需要将屏幕向下滑，滑到最下面。而用户现在最希望看到的就是在那个当前我所走的步数的大圆圈下可以直接看到自己最新的动态，也即最新动态在最上面更新，将旧动态向下顶，这样子，用户也一定会有更佳的体验。,用户在使用这款软件的时候，无论是什么时候，第一眼一定是看最顶上那一个主题，今天我走了多少步。这里就存在一个页面布局设计上的问题，它的最…,,Functional-Tracking,step_count,page_view,layout_issue,step_count.page_view.layout_issue,N,High,1,Slife,Slife,10010000011314,step_count.page_view.layout_issue,用户在使用这款软件的时候，无论是什么时候，第一眼一定是看最顶上那一个主题，今天我走了多少步。这里就存在一个页面布局设计上的问题，它的最…,primary_clue,68,62,用户在使用这款软件的时候 无论是什么时候 第一眼一定是看最顶上那一个主题 今天我走了多少步 这里就存在一个页面布局设计上的问题 它的最,1,
10010000007714,点击用户头像，出现头像设置界面，出现3个选择项，相机(现拍照片)，图片(从相册中选择)，默认头像，此时选择第2个功能，通过系统默认相册选取想要的图片，没有上传图片进度显示，无法选择原图，不可设置图片大小，只能选择默认格式的图片和图片大小。设置成功后，没有提示“设置成功”等信息，直接显示设置后的图片头像，返回后在侧边栏显示的是新设置的头像，但点击新头像后弹出一个页面又显示的是未设置之前的头像(系统默认头像),点击用户头像，出现头像设置界面，出现3个选择项，相机(现拍照片)，图片(从相册中选择)，默认头像，此时选择第2个功能，通过系统默认相册…,,UI/Display,settings,page_view,no_prompt,settings.page_view.no_prompt,N,High,1,Slife,Slife,10010000007714,settings.page_view.no_prompt,点击用户头像，出现头像设置界面，出现3个选择项，相机(现拍照片)，图片(从相册中选择)，默认头像，此时选择第2个功能，通过系统默认相册…,primary_clue,68,56,点击用户头像 出现头像设置界面 出现3个选择项 相机 现拍照片 图片 从相册中选择 默认头像 此时选择第2个功能 通过系统默认相册,1,
10010000010151,"问题描述:设置运单目标运单强度为轻度的步数设置大于运单强度为中度的步数设置（中度也大于重度）
前置条件：已进入运动强度设置界面
步骤：
1.运动强度选择轻度
2.点击下一步
3.将滚动条滑动到最右侧
4.点击上一步
5.运动强度选择中度
6.点击下一步
7.将滚动条滑动到最右侧
预期结果：
1.运动强度选中
2.跳转到步数卡路里选择页
3.步数显示为最大
4.跳转到运动强度选择页
5.运动强度选中
6.跳转到步数卡路里选择页
7.步数显示为最大且此时步数应大于运动强度为轻度时的步数",问题描述:设置运单目标运单强度为轻度的步数设置大于运单强度为中度的步数设置（中度也大于重度）,前置条件：已进入运动强度设置界面 || 运动强度选择轻度 || 点击下一步 || 将滚动条滑动到最右侧 || 点击上一步 || 运动强度选择中度 || 点击下一步 || 将滚动条滑动到最右侧 || 运动强度选中 || 跳转到步数卡路里…,Functional-Tracking,step_count,page_view,other,step_count.page_view.other,Y,Medium,16,Slife,Slife,10010000010151,step_count.page_view.other,问题描述:设置运单目标运单强度为轻度的步数设置大于运单强度为中度的步数设置（中度也大于重度）,primary_clue,46,43,问题描述 设置运单目标运单强度为轻度的步数设置大于运单强度为中度的步数设置 中度也大于重度,1,
